block,rule,trig_rate,lat_ms,metric,point,lo95,hi95,se_boot,bias,vs_base,vs_base_lo,vs_base_hi,vs_other,vs_other_lo,vs_other_hi
1,無作為,0.02,130,ev,-0.41102067760707844,-0.47402879729645647,-0.34736784006451465,0.032481049140480785,0.00013426158820084577,0.2888192918611085,0.22831394480522788,0.34961818185225585,0.05013768642422972,0.031104711200727445,0.06733463097061833
1,無作為,0.02,130,mk,-1.0338850142962868,-1.0912450242591856,-0.9755682293599973,0.029644349177346756,0.0006752125760054462,-0.03321718558350084,-0.049540126181519886,-0.017340030253588944,-0.0780707904306962,-0.10315777951111979,-0.053440195359382416
1,無作為,0.2,130,ev,-0.1009961262762099,-0.11510273978752009,-0.08736963709517599,0.007082666705604456,1.5145648717129756e-6,0.598843843191977,0.4869296173211379,0.7104047238711194,0.009833678689346037,-0.001097275094730588,0.02036520507141967
1,無作為,0.2,130,mk,-1.1164511610205068,-1.2092763825655883,-1.0251250306347843,0.046600737562613015,-0.00011138259540333095,-0.11578333230772087,-0.17901329304635724,-0.055265167425778194,-0.26027275524702975,-0.2989329808142012,-0.21931452433217954
1,無作為,0.05,300,ev,-0.26738158216468616,-0.3044752366459803,-0.23034926703257727,0.018919732312652638,0.00005927862896148994,0.4324583873035008,0.3441906359905636,0.520452677222328,0.0815105592533415,0.057928107854700754,0.10362073151733009
1,無作為,0.05,300,mk,-1.0747867352716665,-1.1383688831336956,-1.0114823097815195,0.03223503720146533,0.0005197113650639018,-0.07411890655888054,-0.10102046837953033,-0.04817236254059704,-0.08932727899622861,-0.114052110724302,-0.06429555652936868
1,スコア,0.4,130,ev,-0.06138938814452614,-0.06814600781539276,-0.05476459540379664,0.003438179784265467,0.000016352055439788904,0.6384505813236608,0.5190366577763482,0.7577317937501333,0.00315748110352599,-0.0027024575649728724,0.008432561469754829
1,スコア,0.4,130,mk,-0.8503963340254488,-0.9482017442137414,-0.7619310513377321,0.0470847411404888,-0.0014544174861211845,0.15027149468733714,0.07410588379328381,0.21510499039652023,0.2741216527233856,0.24490921519662795,0.30104378773898993
1,無作為,0.4,200,ev,-0.07395316645383415,-0.0856669392635062,-0.06277990955025613,0.005810076559250621,-3.9641434364107164e-6,0.6258868030143527,0.5116222685000035,0.739436727020964,-0.00013845405645232511,-0.005167243739214029,0.00543713531257429
1,無作為,0.4,200,mk,-1.152085521839843,-1.2582235184965727,-1.0463948717805394,0.053515938481669655,-0.00012614527020704536,-0.151417693127057,-0.23022951855912194,-0.07495993118404184,-0.22831860393989456,-0.2493703123166119,-0.20494140685693293
1,スコア,0.1,130,ev,-0.19835835570007873,-0.22334467335820335,-0.1741644287961561,0.012404992034254225,0.00024861502351453124,0.5014816137681082,0.3909989803255957,0.6142265590946603,-0.03887302446303184,-0.05548952898370289,-0.020763226578116557
1,スコア,0.1,130,mk,-0.8970309800434066,-0.9461498419215812,-0.8498804192762642,0.024512916098870064,-0.000050372402801812655,0.10363684866937928,0.07655239825128213,0.12668155729323718,0.20355381860113542,0.1633628553275767,0.24185727740935015
1,無作為,0.1,300,ev,-0.17921050045618503,-0.20354421144396526,-0.15516811176561274,0.01232771749623217,0.000022974624582811076,0.5206294690120019,0.41851054154559036,0.6224140969062429,0.057088437216870985,0.038724961174776966,0.07417546063143975
1,無作為,0.1,300,mk,-1.1111520149593606,-1.1851616898825983,-1.0369525629108343,0.037235453166552024,0.00033980148923529185,-0.11048418624657463,-0.15004530742872155,-0.0725208518771876,-0.12202669070066796,-0.14679122210841358,-0.09662057597384431
1,スコア,0.2,300,ev,-0.1521618667740885,-0.17102010324198075,-0.13425094692438796,0.009321938053425226,0.00011150697684947364,0.5476781026940984,0.43505434384415004,0.660534461553665,-0.02778290276955099,-0.037632025076795014,-0.017553765678608384
1,スコア,0.2,300,mk,-0.9933844426489239,-1.0616321947388556,-0.9274940320667933,0.0339375666447462,-0.00030132770703017453,0.00728338606386203,-0.03603934632211735,0.0445304591387181,0.15243347075697067,0.126722978630426,0.17750458749361425
1,無作為,0.01,65,ev,-0.5201375800324416,-0.6048068865123786,-0.4350625063533791,0.04364099597545066,0.00016936948288615028,0.17970238943574535,0.14137422719565249,0.21857768233396135,0.01005332456143182,-0.007601309699451708,0.026258829875919786
1,無作為,0.01,65,mk,-1.0159057804151903,-1.0693198662521606,-0.9602186082185719,0.02777594023503414,0.0006627321757119997,-0.015237951702404384,-0.024058610111442953,-0.006022877693136062,-0.05704227128960837,-0.0761642627276385,-0.03823233993046155
1,無作為,0.4,65,ev,-0.05705079352694524,-0.06569410923924658,-0.04888395643327937,0.004277375986118216,-3.5162805483920923e-6,0.6427891759412417,0.5255133378889512,0.759320369542177,-0.005208498493841696,-0.010883037579770232,0.0010352998766964062
1,無作為,0.4,65,mk,-1.0934573953939055,-1.2042420483048903,-0.9859588387679609,0.05538977874964351,-0.0007112289862234444,-0.0927895666811196,-0.17624143432332345,-0.012110776104425493,-0.3147702588854703,-0.3526930363999821,-0.2755892653204446
1,無作為,0.1,200,ev,-0.16688354141871967,-0.1893716559217432,-0.1447755461904606,0.011347814934760288,0.00002183510404624167,0.5329564280494673,0.4290570899909752,0.6363626436949962,0.04570158374874431,0.027645086081837866,0.06229278293235646
1,無作為,0.1,200,mk,-1.1059737441956934,-1.1826955296722927,-1.0296905576624567,0.038487075458588656,0.0003025308981137176,-0.10530591548290746,-0.14811408346246677,-0.06367810907356067,-0.16724679808551468,-0.19849942534406814,-0.13380145720704822
1,スコア,0.2,65,ev,-0.10105873336599058,-0.1134579656415206,-0.08932123191562828,0.0061190442218988774,0.00010001508826427974,0.5987812361021964,0.4788821651076113,0.7178820152948342,-0.006876463951473816,-0.017896491307563045,0.0046515081182356395
1,スコア,0.2,65,mk,-0.8087650969700068,-0.8644617433520353,-0.7567603860700226,0.027481135968453755,-0.0005258916477497433,0.19190273174277916,0.1514709937174222,0.22683551857718182,0.29182989128230863,0.24229167903256738,0.34059872454790113
1,スコア,0.05,130,ev,-0.31801323946753546,-0.359270081441289,-0.27629500013429414,0.021182277866656617,0.00034537161284986517,0.3818267300006515,0.28904790543950193,0.48038997367459096,-0.06771033802559545,-0.08973892071458102,-0.043249148365448346
1,スコア,0.05,130,mk,-0.926041036328167,-0.9742581632137167,-0.8785616491162413,0.02461375531080076,0.00038117499717793546,0.07462679238461889,0.05524253601168283,0.0929393794543156,0.14283522328058162,0.10759418863212582,0.17876251979041158
1,スコア,0.4,65,ev,-0.051842295033103544,-0.05751233532835318,-0.046184962706274306,0.0028892823970529152,0.00001595350431300019,0.6479976744350834,0.5268135711764762,0.7691780740949302,0.005208498493841696,-0.0010352998766964073,0.01088303757977023
1,スコア,0.4,65,mk,-0.7786871365084352,-0.8645438398452477,-0.7010409859471509,0.04153135733395544,-0.001514149725616365,0.22198069220435068,0.1548961063864565,0.2791528796809915,0.3147702588854703,0.27558926532044453,0.35269303639998206
1,無作為,0.05,65,ev,-0.2453284462707056,-0.27884068385930594,-0.21192233731912005,0.01702669397296142,0.000053395055885335774,0.45451152319748134,0.3621303760912342,0.5463397161146286,0.06469056109758836,0.039869080106701094,0.08690466875526144
1,無作為,0.05,65,mk,-1.0670619182007706,-1.1333476743207833,-1.001503501669606,0.03330634857235106,0.0004697212325752709,-0.06639408948798464,-0.09613284381272133,-0.03780236588992376,-0.16221153638729202,-0.2034220002416287,-0.1223587556014224
1,無作為,0.2,200,ev,-0.109472386081931,-0.1251678414372794,-0.09436097122876383,0.007850760351969752,2.7506174651720228e-6,0.590367583386256,0.4796947356626494,0.7004462112247342,0.01566796941703541,0.005009607185572455,0.025922018029055822
1,無作為,0.2,200,mk,-1.1294858584686358,-1.2199898290650797,-1.0392369512621298,0.045611796729630616,0.00006018974454180537,-0.12881802975584988,-0.1891179532758233,-0.07059909714120696,-0.21437051706941512,-0.24446948993434273,-0.1822443682691869
1,スコア,0.0,65,ev,-0.6998399694681869,-0.8225543184097631,-0.5765808505576699,0.06335611426143042,0.0001839095713596084,,,,,,
1,スコア,0.0,65,mk,-1.000667828712786,-1.050350612079164,-0.9480020142382116,0.026156165363634378,0.0006067035206476223,,,,,,
1,スコア,0.01,0,ev,-0.5289955074871362,-0.6107808999163594,-0.4448843668470591,0.04260056492850256,0.0002934069027732411,0.17084446198105074,0.1252527664447123,0.21930717502485514,-0.009646649258108542,-0.02601824096562264,0.008258199963528319
1,スコア,0.01,0,mk,-0.9566054138043303,-1.003195676826774,-0.9088620679632291,0.024169838623877556,0.0005089959672052169,0.04406241490845564,0.02854730513649905,0.05913858246487316,0.05893631169404445,0.039634003722847366,0.07857354175393473
1,無作為,0.05,200,ev,-0.25698244846282736,-0.29247823467697714,-0.2214525881764905,0.018077574557713454,0.00005683463462147209,0.4428575210053596,0.35300059005842127,0.5324419266167282,0.07318087933782608,0.049125411321510604,0.09491600553876287
1,無作為,0.05,200,mk,-1.0720576938754622,-1.1374338902707246,-1.0071229279449667,0.03299985859561723,0.0005023647740916015,-0.07138986516267631,-0.10006045339824204,-0.04384716727989857,-0.11886085480044573,-0.148984351619247,-0.08878015924029016
1,スコア,0.2,0,ev,-0.09824614863653189,-0.11034558872889236,-0.08670689486574316,0.005999137410083057,0.00009801963412189862,0.601593820831655,0.4811854383722985,0.721294208736619,-0.00577155126402544,-0.016880935140798175,0.005821845521195175
1,スコア,0.2,0,mk,-0.7935254271987734,-0.8468723556066682,-0.7435790213516865,0.026375616835065025,-0.0005170811480270654,0.20714240151401253,0.16761374282012662,0.24139969878571071,0.3027842849976289,0.25066616579397966,0.35367008068651656
1,無作為,0.2,0,ev,-0.09247459737250645,-0.10522172933661211,-0.08019295312655891,0.006404899501876336,1.0682690956137497e-6,0.6073653720956805,0.49380224660333877,0.7202907728561775,0.00577155126402544,-0.005821845521195185,0.016880935140798168
1,無作為,0.2,0,mk,-1.0963097121964023,-1.189717781019061,-1.004844649022865,0.04695483632625743,-0.00024246933825677885,-0.09564188348361635,-0.15922062207877746,-0.035375351153655,-0.3027842849976289,-0.35367008068651656,-0.2506661657939797
1,スコア,0.0,300,ev,-0.6998399694681869,-0.8225543184097631,-0.5765808505576699,0.06335611426143042,0.0001839095713596084,,,,,,
1,スコア,0.0,300,mk,-1.000667828712786,-1.050350612079164,-0.9480020142382116,0.026156165363634378,0.0006067035206476223,,,,,,
1,無作為,0.02,200,ev,-0.4156128606470361,-0.4795042767372677,-0.35112238878157703,0.03289689764969727,0.0001349257288901229,0.2842271088211508,0.22461217044262255,0.34427578761712907,0.0532013710420533,0.035058569243265086,0.06989265389177363
1,無作為,0.02,200,mk,-1.0343067642628618,-1.0908778832193118,-0.9764657830947701,0.029333086802058657,0.0006782122441539862,-0.03363893555007591,-0.04892636035378893,-0.018654035689368534,-0.06548860365409304,-0.08668171743794244,-0.04422277411968098
1,無作為,0.02,300,ev,-0.4228092534193197,-0.4879801018105251,-0.3568911572297593,0.033549764483630236,0.00013855270285895172,0.27703071604886725,0.21874729043866292,0.3359759354119406,0.058110014556859824,0.0408706897811353,0.07445341835370972
1,無作為,0.02,300,mk,-1.0345851188299353,-1.0908706498581282,-0.9773482762694309,0.02899316218327468,0.0006793869197474489,-0.03391729011714939,-0.048179336422814786,-0.01977510884251243,-0.04864721528680582,-0.06643605773240724,-0.030713493552134184
1,無作為,0.4,0,ev,-0.055111104652936956,-0.06334986589349818,-0.047271243314786014,0.004108135560960649,-5.890382221401813e-6,0.6447288648152499,0.5271344551228007,0.7615283233701443,-0.005824604523459544,-0.011615551385068678,0.0004716410951859601
1,無作為,0.4,0,mk,-1.0830007317464574,-1.1942313330966103,-0.97527018105184,0.0555685346626308,-0.0008380952967401711,-0.08233290303367147,-0.16664205388649253,-0.0018072364103471985,-0.32631537226341023,-0.36822197610448165,-0.2829818107251217
1,スコア,0.2,200,ev,-0.1251403554989664,-0.14027547562771195,-0.11090955758036569,0.00743861160123075,0.0001068518080876435,0.5746996139692205,0.4587508449332338,0.6905172492936898,-0.01566796941703541,-0.025922018029055822,-0.005009607185572459
1,スコア,0.2,200,mk,-0.9151153413992207,-0.9843538453854292,-0.8509401148372567,0.033796833333245686,-0.0005085565356913735,0.08555248731356524,0.04058801204055046,0.12408452572104724,0.21437051706941512,0.1822443682691869,0.2444694899343427
1,スコア,0.4,300,ev,-0.09979253055303244,-0.11219610197876155,-0.08766386968647139,0.006254307733183037,0.000016155669921011362,0.6000474389151544,0.48442184905681085,0.7149566868889536,-0.008839639333514726,-0.013992783772652275,-0.003960649278206065
1,スコア,0.4,300,mk,-1.0218512168185898,-1.1150993033769587,-0.9341503886195728,0.04574402447442007,-0.0007260369614729978,-0.02118338810580389,-0.08723433799821347,0.037861424318482405,0.16009140077337491,0.1399150454176711,0.18098814655545054
1,スコア,0.05,300,ev,-0.34889214141802766,-0.3948895813408973,-0.3016954625549285,0.02385927946747535,0.0003542413298657787,0.3509478280501593,0.26439032157599507,0.4438835515021781,-0.0815105592533415,-0.1036207315173301,-0.05792810785470076
1,スコア,0.05,300,mk,-0.9854594562754379,-1.0409084034796494,-0.9298734305533569,0.028348692029280392,0.0004722281068594292,0.015208372437348072,-0.002441119893819804,0.03110156604851627,0.08932727899622861,0.06429555652936868,0.114052110724302
1,無作為,0.05,0,ev,-0.24386430508643436,-0.27705162936439526,-0.2106916967066464,0.016879589638776293,0.00005310233150632171,0.4559756643817526,0.36334394866040376,0.5481460464592213,0.06375388745971977,0.038773481818902764,0.08602208077832962
1,無作為,0.05,0,mk,-1.0654369910767414,-1.131703878858241,-0.9998713308719142,0.033310734076487644,0.00046582795508620656,-0.06476916236395547,-0.09433109054253173,-0.036355428277363495,-0.16710602848417766,-0.20939686491440612,-0.1264294095742437
1,スコア,0.01,300,ev,-0.5485666861339307,-0.6353567764744786,-0.46003999695223485,0.044888221471288174,0.00028004631640254907,0.15127328333425627,0.11069163935690615,0.1944074260768119,-0.01809236585159657,-0.032739563254092566,-0.00292700511309832
1,スコア,0.01,300,mk,-0.9869318397916118,-1.0358588686512233,-0.9360637626607656,0.02576966741403927,0.0005513849719958053,0.013735988921174114,0.0033152572552605205,0.0236568953076065,0.0296724148895946,0.016181128095088194,0.043001745799320944
1,スコア,0.1,0,ev,-0.18611240585975347,-0.20944709163514494,-0.16364104624868467,0.011680433011073152,0.00024372849279111208,0.5137275636084335,0.40073191217882365,0.6288435969998434,-0.033988198605384407,-0.050989093771800206,-0.015181486106744512
1,スコア,0.1,0,mk,-0.8547724838867619,-0.8988067137142841,-0.8133729685533286,0.021883231458431306,-0.000034932435918344495,0.14589534482602406,0.11689201858047596,0.1711359248560886,0.2367120626332404,0.18736107906082983,0.28457451772080344
1,無作為,0.02,0,ev,-0.40631887988321264,-0.468429680143361,-0.3435919541404384,0.03201289139225048,0.00013356486611787455,0.2935210895849743,0.23209814003167506,0.3553927816899336,0.047986059513957235,0.028142474927670722,0.06568244396599711
1,無作為,0.02,0,mk,-1.0322404397226372,-1.0895744552879674,-0.9736324176654536,0.02965987817255828,0.0006811381373765801,-0.031572611009851315,-0.04802751509984289,-0.015396898807108171,-0.09090119414569364,-0.11892831141644948,-0.06344724125904617
1,スコア,0.02,130,ev,-0.46115836403130817,-0.5272826679268332,-0.39331494673201023,0.0343135294654354,0.0003404929341602747,0.23868160543687877,0.1768739737965493,0.3058363239295745,-0.05013768642422972,-0.06733463097061833,-0.031104711200727445
1,スコア,0.02,130,mk,-0.9558142238655906,-1.0039163607867276,-0.9071326708453179,0.02481727942610342,0.00048546588144371405,0.04485360484719536,0.029114778262210404,0.06005986903343193,0.0780707904306962,0.05344019535938241,0.10315777951111979
1,スコア,0.05,65,ev,-0.31001900736829396,-0.3500465202881691,-0.2693508841682594,0.020556304446715093,0.00034497394233518053,0.389820962099893,0.29532506644737216,0.4906562371200654,-0.06469056109758836,-0.08690466875526144,-0.039869080106701094
1,スコア,0.05,65,mk,-0.9048503818134785,-0.9505361096136565,-0.8602092833075695,0.023294772992938983,0.0003843513878970528,0.09581744689930738,0.07383594363934905,0.11695487142220869,0.16221153638729202,0.1223587556014224,0.2034220002416287
1,スコア,0.4,200,ev,-0.07381471239738183,-0.08227876065482566,-0.06546407524651249,0.004330324559427616,0.000013108786606999545,0.6260252570708051,0.5082652730165219,0.7431904489605149,0.00013845405645232511,-0.005437135312574295,0.005167243739214028
1,スコア,0.4,200,mk,-0.9237669178999484,-1.0272462296325486,-0.8290507737919974,0.050155738061312745,-0.001265495387022586,0.07690091081283756,-0.0005550873548740419,0.1453764398510001,0.22831860393989456,0.2049414068569329,0.2493703123166119
1,スコア,0.2,130,ev,-0.11082980496555593,-0.12415256725413612,-0.09822485539378897,0.0065324415760761746,0.00010190950720521952,0.589010164502631,0.47117176780563713,0.7063779318931034,-0.009833678689346037,-0.020365205071419677,0.0010972750947305762
1,スコア,0.2,130,mk,-0.856178405773477,-0.9191060617956954,-0.7975238692931899,0.0309422306253973,-0.0005776552812304381,0.1444894229393089,0.10062891844829829,0.18167263838898673,0.26027275524702975,0.21931452433217954,0.2989329808142012
1,スコア,0.01,130,ev,-0.5341185055099082,-0.6172206573919196,-0.44883951518030074,0.0431964697674742,0.000291705565297673,0.1657214639582787,0.12144780117173151,0.21267247354872226,-0.011594332506965066,-0.02763766591242503,0.005540605995000541
1,スコア,0.01,130,mk,-0.9666754596900857,-1.0140374249316413,-0.918044558540642,0.02471086546531623,0.0005244762727930619,0.0339923690227002,0.020229866738280634,0.04731302533986802,0.049478908574253966,0.031902124406066004,0.06723018466008286
1,スコア,0.0,130,ev,-0.6998399694681869,-0.8225543184097631,-0.5765808505576699,0.06335611426143042,0.0001839095713596084,,,,,,
1,スコア,0.0,130,mk,-1.000667828712786,-1.050350612079164,-0.9480020142382116,0.026156165363634378,0.0006067035206476223,,,,,,
1,スコア,0.01,200,ev,-0.5398196342557955,-0.6243873211328507,-0.45334993156238684,0.04383082007454493,0.000285068059238891,0.16002033521239145,0.11722137879099029,0.205300043011959,-0.014240886906856098,-0.029813534829735762,0.002228698126163238
1,スコア,0.01,200,mk,-0.9754792932749721,-1.0232327905664622,-0.926316165193879,0.02502302429638105,0.0005245701866110064,0.025188535437813853,0.012831289780379977,0.03687794116319237,0.04105224327037038,0.025383320192214336,0.056958640214282104
1,無作為,0.4,300,ev,-0.09095289121951772,-0.10535022138448465,-0.07713737282700511,0.007148710590692108,1.0294580242847795e-6,0.6088870782486693,0.49694110418774806,0.7204358148391576,0.008839639333514726,0.003960649278206065,0.013992783772652274
1,無作為,0.4,300,mk,-1.1819426175919647,-1.2795972416699677,-1.0853325716400246,0.0493445467063307,0.0001272865651384958,-0.1812747888791788,-0.24987884670632826,-0.11476072634818331,-0.16009140077337491,-0.18098814655545054,-0.1399150454176711
1,スコア,0.02,0,ev,-0.45430493939716987,-0.5191245911593405,-0.3878695809135941,0.033603497262837095,0.000345390970974746,0.24553503007101707,0.18183776715578387,0.31457725111590973,-0.047986059513957235,-0.06568244396599712,-0.028142474927670726
1,スコア,0.02,0,mk,-0.9413392455769436,-0.9885974648008264,-0.8939415241658082,0.024270039029493266,0.0004831076794200584,0.05932858313584233,0.04128207258008959,0.0771293352598495,0.09090119414569364,0.06344724125904617,0.11892831141644948
1,スコア,0.1,65,ev,-0.18898735532040614,-0.2127616726852502,-0.16602583743239863,0.011858195814717913,0.0002461614328045647,0.5108526141477808,0.39849846608070116,0.6254831180285015,-0.03533352671352971,-0.05231716561433886,-0.016609456365108462
1,スコア,0.1,65,mk,-0.8653725009844867,-0.9104725319284914,-0.8226309400668529,0.022545190307631198,-0.000028410989407090526,0.13529532772829922,0.10702040238437868,0.16010405314149925,0.22802690729492336,0.18109086274457797,0.2736447539598235
1,スコア,0.0,200,ev,-0.6998399694681869,-0.8225543184097631,-0.5765808505576699,0.06335611426143042,0.0001839095713596084,,,,,,
1,スコア,0.0,200,mk,-1.000667828712786,-1.050350612079164,-0.9480020142382116,0.026156165363634378,0.0006067035206476223,,,,,,
1,無作為,0.1,65,ev,-0.15365382860687643,-0.17387044626101789,-0.13372448441353596,0.010213235192602789,0.000019646202365747323,0.5461861408613105,0.44000969647917265,0.6518945605016557,0.03533352671352971,0.016609456365108462,0.05231716561433886
1,無作為,0.1,65,mk,-1.09339940827941,-1.1712910618202375,-1.0157000403822667,0.03916502536978958,0.00020631784015012755,-0.09273157956662414,-0.13750634147004578,-0.04995230795341934,-0.22802690729492336,-0.2736447539598235,-0.18109086274457797
1,スコア,0.01,65,ev,-0.5301909045938734,-0.6122848404706276,-0.4458005662544478,0.04274719019213196,0.0002918757775038916,0.16964906487431353,0.12433070273213197,0.21772084901109476,-0.01005332456143182,-0.026258829875919786,0.007601309699451707
1,スコア,0.01,65,mk,-0.9588635091255819,-1.0055853581725795,-0.9108051168871643,0.024276227685258025,0.000510613523035941,0.041804319587203986,0.02663834390905864,0.05650415125110658,0.05704227128960837,0.038232339930461545,0.07616426272763849
1,無作為,0.1,130,ev,-0.1594853312370469,-0.18068304816215341,-0.13867850380672553,0.010668336126642097,0.000018317952342611354,0.54035463823114,0.43517756325658413,0.6451873667993369,0.03887302446303184,0.02076322657811655,0.055489528983702886
1,無作為,0.1,130,mk,-1.100584798644542,-1.178446840482818,-1.0237800201194192,0.038977755919393293,0.0002134854894912941,-0.09991696993175614,-0.1439677504878545,-0.057529567557584316,-0.20355381860113542,-0.24185727740935017,-0.1633628553275767
1,スコア,0.05,0,ev,-0.30761819254615413,-0.34737499625585216,-0.2673974213685878,0.020377258844389238,0.00034426600532833085,0.3922217769220328,0.2972142421801712,0.49372517954926526,-0.06375388745971977,-0.08602208077832962,-0.038773481818902764
1,スコア,0.05,0,mk,-0.8983309625925637,-0.9437353970794864,-0.8542381721572403,0.02304967080687095,0.0003824319768918061,0.10233686612022219,0.08010942284740667,0.12399983651379712,0.16710602848417766,0.1264294095742437,0.20939686491440612
1,スコア,0.05,200,ev,-0.33016332780065344,-0.3731753435756837,-0.2863309105807499,0.02218410470321237,0.0003456023503305983,0.3696766416675335,0.2790725274470641,0.4656270928004298,-0.07318087933782608,-0.09491600553876287,-0.049125411321510604
1,スコア,0.05,200,mk,-0.9531968390750165,-1.0045231198798485,-0.9025557064383259,0.02600087266521717,0.00039356403773860293,0.04747098963776941,0.03001417220744939,0.06354237042890286,0.11886085480044573,0.08878015924029016,0.14898435161924697
1,スコア,0.02,65,ev,-0.4559726089016846,-0.5212009980025301,-0.3891604344656775,0.03378777551603194,0.00034439741640895916,0.24386736056650232,0.18064076337233362,0.31249347156738494,-0.048538475723594265,-0.0661123005933601,-0.028969183296844534
1,スコア,0.02,65,mk,-0.9447359789869387,-0.9921383027752338,-0.8970765813218572,0.024339491176901217,0.000486953856832506,0.055931849725847194,0.03842684584041661,0.07309141239623786,0.08833469543846562,0.06153118739940513,0.11547353192265235
1,スコア,0.02,300,ev,-0.4809192679761795,-0.5513630508063486,-0.40923639389388833,0.036518739299840904,0.0003299543605367883,0.21892070149200743,0.1620319934867284,0.28102929757230133,-0.058110014556859824,-0.07445341835370974,-0.040870689781135304
1,スコア,0.02,300,mk,-0.9859379035431295,-1.0369482140756758,-0.9338362348031918,0.02655629917677636,0.0005182236024454667,0.014729925169656433,0.002466445763894376,0.02620469670991686,0.04864721528680582,0.030713493552134173,0.06643605773240722
1,無作為,0.01,0,ev,-0.5193488582290277,-0.603864241318254,-0.43449270119954414,0.04356321562413852,0.00016838286963438698,0.18049111123915929,0.1419988039710283,0.21943786836172818,0.009646649258108542,-0.008258199963528326,0.02601824096562263
1,無作為,0.01,0,mk,-1.0155417254983747,-1.0690124110785528,-0.9600043450933744,0.027784472381090657,0.0006568850344566002,-0.014873896785588814,-0.023945289900522894,-0.00556850217641266,-0.05893631169404445,-0.07857354175393474,-0.039634003722847394
1,スコア,0.1,300,ev,-0.23629893767305601,-0.26687123075290237,-0.20691499054924667,0.015228748063744336,0.0002623793593502233,0.46354103179513095,0.35959765023970247,0.5706524151272937,-0.057088437216870985,-0.07417546063143976,-0.03872496117477699
1,スコア,0.1,300,mk,-0.9891253242586926,-1.046987531953523,-0.9328932617169806,0.028958906427717514,0.00010740378224083358,0.011542504454093327,-0.014946716851954978,0.03405456408210959,0.12202669070066796,0.09662057597384431,0.14679122210841358
1,無作為,0.01,200,ev,-0.5255787473489394,-0.6112390112785583,-0.4395126989307185,0.044195097046250666,0.0001676919064700355,0.17426122211924755,0.13696996576093287,0.21208568569453526,0.014240886906856098,-0.002228698126163242,0.029813534829735762
1,無作為,0.01,200,mk,-1.0165315365453425,-1.069752256450846,-0.9610505272669018,0.02768960010537803,0.0006495285703691511,-0.01586370783255653,-0.02427224440162338,-0.007078699275013153,-0.04105224327037038,-0.05695864021428211,-0.02538332019221435
1,無作為,0.1,0,ev,-0.15212420725436906,-0.17216010698290388,-0.13245639279703303,0.010083118680948536,0.000020474836203071556,0.5477157622138179,0.44122144276049075,0.6537544117398846,0.033988198605384407,0.015181486106744507,0.050989093771800206
1,無作為,0.1,0,mk,-1.0914845465200023,-1.1696099332992735,-1.013614272850899,0.039300621598100514,0.00020766244496961406,-0.09081671780721634,-0.13563688742351657,-0.04798434851511356,-0.2367120626332404,-0.28457451772080344,-0.18736107906082985
1,無作為,0.4,130,ev,-0.06454686924805213,-0.07445157505925923,-0.05509172095546239,0.004920727298960896,-4.926776109401287e-6,0.6352931002201349,0.5195228796104114,0.7504546843263202,-0.00315748110352599,-0.00843256146975483,0.0027024575649728724
1,無作為,0.4,130,mk,-1.1245179867488344,-1.23377786514836,-1.0177627824255249,0.05487422150800183,-0.0004518687322903059,-0.12385015803604849,-0.20581163898244456,-0.04416089824327208,-0.2741216527233856,-0.30104378773898993,-0.24490921519662795
1,無作為,0.02,65,ev,-0.40743413317809035,-0.4697927374264154,-0.3444523020950816,0.032118698837884346,0.00013541923152826651,0.2924058362900966,0.23112602379781097,0.35408206842780254,0.048538475723594265,0.02896918329684452,0.0661123005933601
1,無作為,0.02,65,mk,-1.0330706744254043,-1.0902659579140486,-0.9745371926746416,0.029574265561334967,0.000690462104435241,-0.03240284571261842,-0.04847419336554684,-0.01660088120898561,-0.08833469543846562,-0.11547353192265235,-0.061531187399405135
1,スコア,0.0,0,ev,-0.6998399694681869,-0.8225543184097631,-0.5765808505576699,0.06335611426143042,0.0001839095713596084,,,,,,
1,スコア,0.0,0,mk,-1.000667828712786,-1.050350612079164,-0.9480020142382116,0.026156165363634378,0.0006067035206476223,,,,,,
1,スコア,0.4,0,ev,-0.04928650012947741,-0.05464606632603896,-0.04391906162387073,0.0027472122172446972,0.000012321920120052232,0.6505534693387095,0.5287077112082961,0.7720539950642338,0.005824604523459544,-0.0004716410951859612,0.011615551385068678
1,スコア,0.4,0,mk,-0.7566853594830472,-0.8396590830044772,-0.6829274496503865,0.03981947516339104,-0.00156691119016239,0.24398246922973876,0.1787631671933737,0.2992351811653735,0.32631537226341023,0.2829818107251217,0.36822197610448165
1,無作為,0.01,300,ev,-0.5304743202823341,-0.6169671745463218,-0.4434415427634399,0.04467221044392122,0.00016801438310665162,0.16936564918585284,0.1328981018468615,0.20644965878607038,0.01809236585159657,0.0029270051130983136,0.03273956325409256
1,無作為,0.01,300,mk,-1.0166042546812064,-1.0693278184372021,-0.9616225841563016,0.02747862699922048,0.0006412634390002836,-0.015936425968420487,-0.023785658548128478,-0.007910709588589266,-0.0296724148895946,-0.04300174579932096,-0.016181128095088197
1,無作為,0.01,130,ev,-0.5225241730029432,-0.6076228341115656,-0.4369852866410025,0.043902156331624836,0.00017095240863140848,0.17731579646524376,0.13946081589448528,0.2157125537257723,0.011594332506965066,-0.005540605995000544,0.027637665912425023
1,無作為,0.01,130,mk,-1.0161543682643397,-1.0698100515893396,-0.9603939593565916,0.027851453042346666,0.0006604501886735559,-0.015486539551553768,-0.02439330978319043,-0.006387205124754581,-0.049478908574253966,-0.06723018466008286,-0.031902124406066004
1,スコア,0.02,200,ev,-0.4688142316890894,-0.5366709142224171,-0.3996845905300539,0.03517012270524168,0.000335127369008148,0.23102573777909752,0.1711799360297278,0.29625361129310435,-0.0532013710420533,-0.06989265389177364,-0.035058569243265086
1,スコア,0.02,200,mk,-0.9688181606087688,-1.0181658196677636,-0.9183050025562335,0.025622902412549407,0.0004920251166169454,0.031849668104017126,0.01835714584986709,0.044555905397196074,0.06548860365409304,0.04422277411968098,0.08668171743794244
1,無作為,0.2,65,ev,-0.09418226941451677,-0.10719136747342331,-0.08163253436442684,0.006556734004228785,9.972192429041904e-7,0.6056577000536701,0.4925601812493313,0.7183175227348302,0.006876463951473816,-0.004651508118235644,0.01789649130756304
1,無作為,0.2,65,mk,-1.1005949882523154,-1.193870140914564,-1.008935406447823,0.04694874379385944,-0.00020920108312472152,-0.09992715953952946,-0.16355840757533627,-0.039447015718790335,-0.29182989128230863,-0.34059872454790113,-0.24229167903256738
1,無作為,0.05,130,ev,-0.25030290144194,-0.28473451736933547,-0.21598639506208722,0.01747729726818595,0.000055088970632000134,0.44953706802624693,0.358432654033797,0.5404692781060739,0.06771033802559545,0.04324914836544834,0.08973892071458102
1,無作為,0.05,130,mk,-1.0688762596087487,-1.1352268765666127,-1.003587511309893,0.03331522298132686,0.00047332290880430783,-0.06820843089596274,-0.09770036715389319,-0.0400403257889482,-0.14283522328058162,-0.17876251979041158,-0.10759418863212582
1,無作為,0.2,300,ev,-0.1243789640045375,-0.1422847141898862,-0.10708882932100233,0.00897333161115976,3.950942937591684e-6,0.5754610054636494,0.46638930326718475,0.683855284930405,0.02778290276955099,0.017553765678608384,0.03763202507679501
1,無作為,0.2,300,mk,-1.1458179134058946,-1.2316321755203674,-1.060124221939674,0.04328209255557706,0.00016972909699841665,-0.14515008469310864,-0.19877949057116365,-0.09336459586953201,-0.15243347075697067,-0.17750458749361425,-0.12672297863042603
1,スコア,0.1,200,ev,-0.21258512516746397,-0.23931581836134952,-0.18659365652633217,0.013337602360367096,0.00025312724369708217,0.48725484430072297,0.37930699913491756,0.5975845441158334,-0.04570158374874431,-0.06229278293235646,-0.027645086081837866
1,スコア,0.1,200,mk,-0.9387269461101787,-0.9928264831455393,-0.887066528779176,0.02695676211341741,-0.000033563452192186816,0.06194088260260722,0.03487439750434888,0.08497026972851063,0.16724679808551468,0.13380145720704822,0.19849942534406814
3,無作為,0.02,130,ev,-0.41102067760707844,-0.4904350014673958,-0.33412728792101704,0.039823526776807575,0.00047687497167658854,0.2888192918611085,0.21828696590770535,0.36525767124221675,0.05013768642422972,0.029643594599542227,0.06987241760384794
3,無作為,0.02,130,mk,-1.0338850142962868,-1.0983691871507062,-0.9653620390678251,0.034011692734499784,0.00041101225926398754,-0.03321718558350084,-0.051120985057512454,-0.014664321617702019,-0.0780707904306962,-0.10908495552228657,-0.048148266050315955
3,無作為,0.2,130,ev,-0.1009961262762099,-0.12173307864615948,-0.08168410077935141,0.01031245468067987,0.000043192146091233785,0.598843843191977,0.4681796425830538,0.7372916786433074,0.009833678689346037,-0.006774219851889963,0.024576909959282252
3,無作為,0.2,130,mk,-1.1164511610205068,-1.2242962441687413,-1.0166634411428739,0.05289843663248555,-0.0004873187954719249,-0.11578333230772087,-0.19166773911518095,-0.044578305364231616,-0.26027275524702975,-0.3075097179790023,-0.21353813577105935
3,無作為,0.05,300,ev,-0.26738158216468616,-0.3163200490703228,-0.22100760847196457,0.024280630933360036,0.00022097908130858102,0.4324583873035008,0.32997801226898466,0.5424924073024399,0.0815105592533415,0.050866389167916325,0.11062664703029841
3,無作為,0.05,300,mk,-1.0747867352716665,-1.146415319151756,-1.002318107697996,0.03652939538482409,0.0003369184972499273,-0.07411890655888054,-0.10385774965161972,-0.04483382044450687,-0.08932727899622861,-0.11860455254374211,-0.05985709605380975
3,スコア,0.4,130,ev,-0.06138938814452614,-0.07147821443264102,-0.051417181021735765,0.00515316185637802,6.265851187625682e-6,0.6384505813236608,0.4983092667660802,0.7875855053344761,0.00315748110352599,-0.004849104223669373,0.010374910883073348
3,スコア,0.4,130,mk,-0.8503963340254488,-0.964983540184207,-0.7516653668090897,0.05408631697756293,-0.002532316089453479,0.15027149468733714,0.06027653724552458,0.22731933230433712,0.2741216527233856,0.23962490193208982,0.30566473137100814
3,無作為,0.4,200,ev,-0.07395316645383415,-0.09134308644256701,-0.057988926043310796,0.008552362176574364,0.000032725687270127035,0.6258868030143527,0.49256297081968425,0.7665982649336094,-0.00013845405645232511,-0.007008161765090229,0.007513647206624377
3,無作為,0.4,200,mk,-1.152085521839843,-1.2761036310010354,-1.0358706859516453,0.06099770311582482,-0.0006351470923031677,-0.151417693127057,-0.24681256909590304,-0.06096702667349991,-0.22831860393989456,-0.251555707534541,-0.19995690067478664
3,スコア,0.1,130,ev,-0.19835835570007873,-0.23266148631357086,-0.16680141202657653,0.016869352705782537,0.00013241069591907184,0.5014816137681082,0.37295941747936817,0.6475974218939179,-0.03887302446303184,-0.06261458100025911,-0.011252948549843367
3,スコア,0.1,130,mk,-0.8970309800434066,-0.958263706030168,-0.8412030830756124,0.0294898406696324,-0.0004965223703531363,0.10363684866937928,0.06926279542539682,0.1337266367862299,0.20355381860113542,0.1590351384260121,0.24936598296208098
3,無作為,0.1,300,ev,-0.17921050045618503,-0.2134449919294801,-0.147530543709468,0.016918122066876647,0.00010408878015696899,0.5206294690120019,0.40191784756399407,0.6468580460585468,0.057088437216870985,0.030504375896152815,0.08168171210504054
3,無作為,0.1,300,mk,-1.1111520149593606,-1.1951244418190168,-1.030426613313598,0.042138871271131965,0.00017444139526201496,-0.11048418624657463,-0.15685412081871206,-0.0670878515750989,-0.12202669070066796,-0.1495533182496949,-0.09424144681047157
3,スコア,0.2,300,ev,-0.1521618667740885,-0.1799611138332755,-0.12729775239252505,0.013493169182030845,0.000058756927415776206,0.5476781026940984,0.4162176760456318,0.6906570260558761,-0.02778290276955099,-0.04173550650671232,-0.012779831250596844
3,スコア,0.2,300,mk,-0.9933844426489239,-1.0728165303898007,-0.9221346120983334,0.03824665353217692,-0.0006617086551093943,0.00728338606386203,-0.04361889254597291,0.05124424499986054,0.15243347075697067,0.12228148465144627,0.18094496168818852
3,無作為,0.01,65,ev,-0.5201375800324416,-0.6269674112205572,-0.41821423253783685,0.0529780256907949,0.0006571188951903784,0.17970238943574535,0.13441731400503246,0.22896094725283764,0.01005332456143182,-0.006806641776346531,0.02767037326673212
3,無作為,0.01,65,mk,-1.0159057804151903,-1.0759429696745877,-0.9504274327452982,0.03191919725819382,0.0002585220155963963,-0.015237951702404384,-0.02414985783800794,-0.005284492578857676,-0.05704227128960837,-0.07830121482442068,-0.03598998854852515
3,無作為,0.4,65,ev,-0.05705079352694524,-0.07021845082798754,-0.04503468415802993,0.006450600022765142,0.00002008401221430256,0.6427891759412417,0.5053989333136344,0.7874859863307938,-0.005208498493841696,-0.012996533443906241,0.00314323025878927
3,無作為,0.4,65,mk,-1.0934573953939055,-1.2200378982521065,-0.9761474967428987,0.06232443567620398,-0.001462670930183041,-0.0927895666811196,-0.19255378462043185,0.0011546772907551133,-0.3147702588854703,-0.36002456413820283,-0.2689112955839272
3,無作為,0.1,200,ev,-0.16688354141871967,-0.19825910538690092,-0.13785738437627904,0.015533091955297335,0.00009730532487278731,0.5329564280494673,0.41198461047238,0.6615168093235155,0.04570158374874431,0.018716232752600283,0.06951163775323684
3,無作為,0.1,200,mk,-1.1059737441956934,-1.192153092118129,-1.0229148252774924,0.043048161420038325,0.00013753730476517845,-0.10530591548290746,-0.15606309055195106,-0.05750539821001772,-0.16724679808551468,-0.20345294969675806,-0.13071586310121353
3,スコア,0.2,65,ev,-0.10105873336599058,-0.1201303282049218,-0.08453406253610554,0.009174885026954363,0.000028501817659898343,0.5987812361021964,0.45866049453622504,0.7514289836126886,-0.006876463951473816,-0.0221501572416236,0.010648355373786863
3,スコア,0.2,65,mk,-0.8087650969700068,-0.8754104046536084,-0.7485497839042468,0.03238061009801448,-0.0010582518171519117,0.19190273174277916,0.14174721957118863,0.23701420777837146,0.29182989128230863,0.23474497239628767,0.3533460323787822
3,スコア,0.05,130,ev,-0.31801323946753546,-0.3690039472652082,-0.2674813236256042,0.025955615318917154,0.00031439068119709646,0.3818267300006515,0.27406755287530116,0.5113952816701479,-0.06771033802559545,-0.09681011587623647,-0.03499516444577326
3,スコア,0.05,130,mk,-0.926041036328167,-0.985399917522867,-0.869420496093003,0.02971289192211471,-0.0002541524253686367,0.07462679238461889,0.050847963897538505,0.09531248525238578,0.14283522328058162,0.10212906772825105,0.18664687665182736
3,スコア,0.4,65,ev,-0.051842295033103544,-0.06050862157480676,-0.04329356891778187,0.004417873475270163,-3.5659422039507893e-6,0.6479976744350834,0.5055714786160616,0.799599858573505,0.005208498493841696,-0.0031432302587892725,0.012996533443906241
3,スコア,0.4,65,mk,-0.7786871365084352,-0.8798197515744797,-0.6911816444282783,0.047925390916489834,-0.002657747627908269,0.22198069220435068,0.1431963285556871,0.29112575205343794,0.3147702588854703,0.2689112955839272,0.36002456413820283
3,無作為,0.05,65,ev,-0.2453284462707056,-0.289095949835151,-0.20348762611308213,0.021849632729607826,0.00019653041003128702,0.45451152319748134,0.34783068308678383,0.5694470049358112,0.06469056109758836,0.0308356458162639,0.09428753047744098
3,無作為,0.05,65,mk,-1.0670619182007706,-1.1403762849719816,-0.9935314540142112,0.037269625732602965,0.0003364532423697497,-0.06639408948798464,-0.09991300320002022,-0.03390148496162142,-0.16221153638729202,-0.2131448097533435,-0.11616388486622853
3,無作為,0.2,200,ev,-0.109472386081931,-0.13251867766532635,-0.08814618104158077,0.011390353826961694,0.00004874399932409956,0.590367583386256,0.46143111119518704,0.7268548347507456,0.01566796941703541,-0.00041278064779569097,0.03034685441900487
3,無作為,0.2,200,mk,-1.1294858584686358,-1.2355570054551268,-1.0309458562587464,0.051886787698682,-0.00020922082177299295,-0.12881802975584988,-0.20155927098687615,-0.06096625307776581,-0.21437051706941512,-0.2492605520125012,-0.17757962233055044
3,スコア,0.0,65,ev,-0.6998399694681869,-0.8540209310651812,-0.5537761197640114,0.07677071540849228,0.0009764505554186176,,,,,,
3,スコア,0.0,65,mk,-1.000667828712786,-1.058725288326287,-0.9377068321125712,0.03103957287245555,0.000091865161923943,,,,,,
3,スコア,0.01,0,ev,-0.5289955074871362,-0.6335802619249531,-0.4270641728582864,0.05278200361696993,0.0006735136623331472,0.17084446198105074,0.12183765348549955,0.22682639026964238,-0.009646649258108542,-0.027390645531619563,0.00733644699234795
3,スコア,0.01,0,mk,-0.9566054138043303,-1.0121556144763555,-0.9009650983502502,0.028500935277510554,-0.0001274898240511968,0.04406241490845564,0.025194592543986108,0.06173369136395199,0.05893631169404445,0.03758086971675274,0.08068120077657434
3,無作為,0.05,200,ev,-0.25698244846282736,-0.3034866319607761,-0.21277506540129867,0.02314223192775522,0.00021068670595364436,0.4428575210053596,0.3385416567437073,0.5549818241448894,0.07318087933782608,0.041594889874844145,0.10199469234139477
3,無作為,0.05,200,mk,-1.0720576938754622,-1.1442993057170667,-0.999255580988086,0.0369303747435161,0.00034903462477564595,-0.07138986516267631,-0.10345780263692382,-0.04005865533414462,-0.11886085480044573,-0.1547047262103798,-0.08382983807489686
3,スコア,0.2,0,ev,-0.09824614863653189,-0.11701763193815365,-0.08194438385854994,0.009017376468898485,0.000025936016899791303,0.601593820831655,0.46081850781446204,0.7548121744081044,-0.00577155126402544,-0.021014102736888304,0.011749287888688764
3,スコア,0.2,0,mk,-0.7935254271987734,-0.8577682765918907,-0.7355317800491018,0.03120722974737808,-0.0010383587502840186,0.20714240151401253,0.15716814130836895,0.2513552120450148,0.3027842849976289,0.24336172650777962,0.36693029923253023
3,無作為,0.2,0,ev,-0.09247459737250645,-0.11157152637181192,-0.07492326369772186,0.009433186593029195,0.00003608632711807336,0.6073653720956805,0.47516585328044536,0.7476419228243838,0.00577155126402544,-0.01174928788868878,0.021014102736888297
3,無作為,0.2,0,mk,-1.0963097121964023,-1.2046475773649374,-0.9971448592731478,0.052806997073746385,-0.0006208126436180184,-0.09564188348361635,-0.17181829277776176,-0.02454148729472324,-0.3027842849976289,-0.3669302992325303,-0.24336172650777962
3,スコア,0.0,300,ev,-0.6998399694681869,-0.8540209310651812,-0.5537761197640114,0.07677071540849228,0.0009764505554186176,,,,,,
3,スコア,0.0,300,mk,-1.000667828712786,-1.058725288326287,-0.9377068321125712,0.03103957287245555,0.000091865161923943,,,,,,
3,無作為,0.02,200,ev,-0.4156128606470361,-0.4960678574171704,-0.337895627639315,0.04030482393028849,0.00048295867597036857,0.2842271088211508,0.21455149808654464,0.3596584003704665,0.0532013710420533,0.033789305118008345,0.07216355740353729
3,無作為,0.02,200,mk,-1.0343067642628618,-1.0978569104065439,-0.9663950147802802,0.03359711917132299,0.0003970564593522852,-0.03363893555007591,-0.05038111643547648,-0.01613064695496751,-0.06548860365409304,-0.09107881199816638,-0.039760874385163444
3,無作為,0.02,300,ev,-0.4228092534193197,-0.5051781646992874,-0.3435160905683885,0.041163555571763454,0.0004885234179459186,0.27703071604886725,0.20888368841637092,0.35089735083496687,0.058110014556859824,0.03924010715715093,0.07692879902129864
3,無作為,0.02,300,mk,-1.0345851188299353,-1.097528055050131,-0.9669045674371709,0.03333595599475704,0.00037003919594091883,-0.03391729011714939,-0.04915181915285471,-0.017721102448251105,-0.04864721528680582,-0.06943173813877003,-0.0262530878466523
3,無作為,0.4,0,ev,-0.055111104652936956,-0.06779284181921112,-0.043540538509575816,0.006224668978427688,0.000017236881553583938,0.6447288648152499,0.5070552583849419,0.7899503230454245,-0.005824604523459544,-0.013764724090059256,0.0026809822197485047
3,無作為,0.4,0,mk,-1.0830007317464574,-1.2107662406225275,-0.9659433102894635,0.06235480325026425,-0.0015858406008726345,-0.08233290303367147,-0.1829671103135459,0.010733746072231288,-0.32631537226341023,-0.37623689204387056,-0.2762085186949575
3,スコア,0.2,200,ev,-0.1251403554989664,-0.14728279002584213,-0.10549962910826048,0.010849228940446399,0.000048111896621072514,0.5746996139692205,0.4395828735060421,0.7219057830946124,-0.01566796941703541,-0.030346854419004875,0.00041278064779568294
3,スコア,0.2,200,mk,-0.9151153413992207,-0.995012720689396,-0.8435975715158094,0.03864276453600528,-0.001002274502732936,0.08555248731356524,0.030747539559807052,0.13364259605110324,0.21437051706941512,0.1775796223305504,0.2492605520125012
3,スコア,0.4,300,ev,-0.09979253055303244,-0.11887260096254872,-0.08195051712071502,0.009466312934518882,0.00002207647797175527,0.6000474389151544,0.46606959968627937,0.7426509931720393,-0.008839639333514726,-0.015655841492844946,-0.0025573443032677157
3,スコア,0.4,300,mk,-1.0218512168185898,-1.130008414618785,-0.9276084113101244,0.05127933049205157,-0.0013761604981856745,-0.02118338810580389,-0.09822049156365516,0.044780942255168855,0.16009140077337491,0.13793958743571938,0.18022295239802275
3,スコア,0.05,300,ev,-0.34889214141802766,-0.40586017137007285,-0.29248483505857925,0.029100681681829887,0.00033995262701169704,0.3509478280501593,0.2510851995754648,0.4717991177090327,-0.0815105592533415,-0.11062664703029843,-0.05086638916791633
3,スコア,0.05,300,mk,-0.9854594562754379,-1.0514183974092493,-0.9198489504213834,0.03373771148955777,-0.00017587594135382023,0.015208372437348072,-0.002924270392997174,0.030748897928132526,0.08932727899622861,0.05985709605380973,0.11860455254374211
3,無作為,0.05,0,ev,-0.24386430508643436,-0.28725872131222924,-0.2023646918588048,0.021673799674280722,0.00019466638933601788,0.4559756643817526,0.3488843835030369,0.5714231854351675,0.06375388745971977,0.02972686051064973,0.09336062738053846
3,無作為,0.05,0,mk,-1.0654369910767414,-1.1383398373606073,-0.9920359538606882,0.03714894537074613,0.00034025578801366585,-0.06476916236395547,-0.09818781933478911,-0.03244336533742729,-0.16710602848417766,-0.21943049333780815,-0.11995393037552557
3,スコア,0.01,300,ev,-0.5485666861339307,-0.6592416795350812,-0.4415329613984438,0.0556017406184898,0.0006981545728732552,0.15127328333425627,0.10807569375294786,0.20028126666068588,-0.01809236585159657,-0.033974031062484825,-0.0030285526830516377
3,スコア,0.01,300,mk,-0.9869318397916118,-1.0459170137332399,-0.9268032736459347,0.030543950933316154,-0.000015806154046615895,0.013735988921174114,0.0008092899600053827,0.02506203867211416,0.0296724148895946,0.014414955464523246,0.043671247311181105
3,スコア,0.1,0,ev,-0.18611240585975347,-0.218985543089315,-0.15607645682659388,0.016067806452580918,0.00012124851205752574,0.5137275636084335,0.38232899903958395,0.6626451762899828,-0.033988198605384407,-0.0580915300740162,-0.005230350768359706
3,スコア,0.1,0,mk,-0.8547724838867619,-0.9116197231165418,-0.8045226525752864,0.027278036725202095,-0.0004923865794701499,0.14589534482602406,0.10770058944423208,0.17875088747211498,0.2367120626332404,0.18133435279324617,0.296457711978866
3,無作為,0.02,0,ev,-0.40631887988321264,-0.48470685341314845,-0.3304694777810704,0.039271685216311775,0.00046923017441757864,0.2935210895849743,0.22190917791764023,0.3711763819095361,0.047986059513957235,0.02645224508669959,0.06833215208136419
3,無作為,0.02,0,mk,-1.0322404397226372,-1.0965483097698847,-0.9634976546210996,0.03392684410292708,0.0004224570149544693,-0.031572611009851315,-0.04967920383237045,-0.01268874250562896,-0.09090119414569364,-0.12538789442531484,-0.05835279542516746
3,スコア,0.02,130,ev,-0.46115836403130817,-0.5415435497787201,-0.3794488141218021,0.04175923527619422,0.0005536716750233484,0.23868160543687877,0.1683594685069942,0.32209094152681694,-0.05013768642422972,-0.06987241760384794,-0.029643594599542234
3,スコア,0.02,130,mk,-0.9558142238655906,-1.013942606481915,-0.8986557394778417,0.02958854936497291,-0.00021048567410508756,0.04485360484719536,0.02465396639253425,0.06349268803123652,0.0780707904306962,0.04814826605031595,0.10908495552228654
3,スコア,0.05,65,ev,-0.31001900736829396,-0.359572185326506,-0.26064968004533856,0.025259647200295665,0.0003051619662395866,0.389820962099893,0.27981180805724215,0.5221572933667566,-0.06469056109758836,-0.09428753047744098,-0.030835645816263923
3,スコア,0.05,65,mk,-0.9048503818134785,-0.9622757276184914,-0.8504500987448134,0.028525098604291376,-0.0002710917681203462,0.09581744689930738,0.06854278729748861,0.12134197391901419,0.16221153638729202,0.1161638848662285,0.21314480975334346
3,スコア,0.4,200,ev,-0.07381471239738183,-0.08655763616256597,-0.061636109476286595,0.0064047338135227345,0.000013722241064259566,0.6260252570708051,0.4886002888316463,0.7718919195481376,0.00013845405645232511,-0.007513647206624379,0.007008161765090226
3,スコア,0.4,200,mk,-0.9237669178999484,-1.045719092388273,-0.8189219243679247,0.05744318452553393,-0.002187451371831073,0.07690091081283756,-0.018091790768372126,0.15782128474144427,0.22831860393989456,0.1999569006747866,0.251555707534541
3,スコア,0.2,130,ev,-0.11082980496555593,-0.13066530782864724,-0.0933429947204111,0.009650046292047194,0.000037153025508940285,0.589010164502631,0.45107818193303173,0.7394049702860961,-0.009833678689346037,-0.024576909959282252,0.006774219851889948
3,スコア,0.2,130,mk,-0.856178405773477,-0.9312071421447822,-0.7891812515869777,0.03582163530562428,-0.0011315212313216527,0.1444894229393089,0.0913978108335458,0.19183516035136405,0.26027275524702975,0.21353813577105935,0.3075097179790023
3,スコア,0.01,130,ev,-0.5341185055099082,-0.6403201579233903,-0.430701684128117,0.053462711176151215,0.0006788683762622982,0.1657214639582787,0.11811956308935571,0.21987989516464507,-0.011594332506965066,-0.028812589912492928,0.00494347946896312
3,スコア,0.01,130,mk,-0.9666754596900857,-1.023519939449345,-0.9091934501686366,0.02920036378503499,-0.00010748409539584891,0.0339923690227002,0.01696803053395724,0.04962596576298925,0.049478908574253966,0.029464192524549477,0.06944083810236254
3,スコア,0.0,130,ev,-0.6998399694681869,-0.8540209310651812,-0.5537761197640114,0.07677071540849228,0.0009764505554186176,,,,,,
3,スコア,0.0,130,mk,-1.000667828712786,-1.058725288326287,-0.9377068321125712,0.03103957287245555,0.000091865161923943,,,,,,
3,スコア,0.01,200,ev,-0.5398196342557955,-0.6476955730710248,-0.4349372117809257,0.054239962832383554,0.0006866803295251245,0.16002033521239145,0.11414042949751083,0.21218883496294652,-0.014240886906856098,-0.030738182501814044,0.0014693394044496323
3,スコア,0.01,200,mk,-0.9754792932749721,-1.0327014737077582,-0.9176503943903987,0.029570735974467795,-0.00009195152716201527,0.025188535437813853,0.009628805225814463,0.03932916363158351,0.04105224327037038,0.022890969250458495,0.05861715470533194
3,無作為,0.4,300,ev,-0.09095289121951772,-0.11224060605892638,-0.07141207002795003,0.01050535823651012,0.000042419136555907344,0.6088870782486693,0.47851438798305246,0.7466651061511651,0.008839639333514726,0.0025573443032677135,0.015655841492844946
3,無作為,0.4,300,mk,-1.1819426175919647,-1.2954001105502269,-1.0747567004774814,0.05616531408054136,-0.00035587867341235757,-0.1812747888791788,-0.26207039654881886,-0.10432687495737167,-0.16009140077337491,-0.18022295239802275,-0.13793958743571938
3,スコア,0.02,0,ev,-0.45430493939716987,-0.5329804480722098,-0.37425123867748233,0.04090092741948809,0.0005482034783301781,0.24553503007101707,0.17302160330780378,0.3315549188344662,-0.047986059513957235,-0.0683321520813642,-0.026452245086699595
3,スコア,0.02,0,mk,-0.9413392455769436,-0.998049263409365,-0.8859088456256375,0.02882088941057408,-0.00021191140627718763,0.05932858313584233,0.036635118053907095,0.08105573660141308,0.09090119414569364,0.058352795425167456,0.12538789442531484
3,スコア,0.1,65,ev,-0.18898735532040614,-0.22216604744319174,-0.15867637566473358,0.016251910804421666,0.00012337805680096015,0.5108526141477808,0.3801305409053052,0.6591809134870091,-0.03533352671352971,-0.059456521280538875,-0.006654124676215606
3,スコア,0.1,65,mk,-0.8653725009844867,-0.9235132099921985,-0.8137032373484354,0.027894744029094178,-0.0005001673266638029,0.13529532772829922,0.09853135725971554,0.16745022993494305,0.22802690729492336,0.17490431319099847,0.2846099847899293
3,スコア,0.0,200,ev,-0.6998399694681869,-0.8540209310651812,-0.5537761197640114,0.07677071540849228,0.0009764505554186176,,,,,,
3,スコア,0.0,200,mk,-1.000667828712786,-1.058725288326287,-0.9377068321125712,0.03103957287245555,0.000091865161923943,,,,,,
3,無作為,0.1,65,ev,-0.15365382860687643,-0.1820580317828465,-0.12729327072724442,0.01412637538305505,0.00008363843915104585,0.5461861408613105,0.42260159512979906,0.6775168836220161,0.03533352671352971,0.0066541246762156035,0.05945652128053887
3,無作為,0.1,65,mk,-1.09339940827941,-1.1816805775961055,-1.0092561327609697,0.04401771258713587,0.00006670874045111574,-0.09273157956662414,-0.1453546920510344,-0.04285914940024009,-0.22802690729492336,-0.2846099847899293,-0.17490431319099847
3,スコア,0.01,65,ev,-0.5301909045938734,-0.6352393018739521,-0.4277520773444679,0.052964657299258804,0.0006750110638756857,0.16964906487431353,0.12101985531441957,0.2251695930557755,-0.01005332456143182,-0.027670373266732124,0.006806641776346527
3,スコア,0.01,65,mk,-0.9588635091255819,-1.0144743249654005,-0.9029171005596168,0.028576626725492882,-0.00011767495383430138,0.041804319587203986,0.02330276999063938,0.05907877783749671,0.05704227128960837,0.03598998854852514,0.07830121482442068
3,無作為,0.1,130,ev,-0.1594853312370469,-0.1889116963503865,-0.1320574001368513,0.01466132706565948,0.00008818747294925267,0.54035463823114,0.41775605483881695,0.6705805973943705,0.03887302446303184,0.011252948549843367,0.0626145810002591
3,無作為,0.1,130,mk,-1.100584798644542,-1.189117855787722,-1.0162691819523908,0.04387611499124328,0.000039718784324627165,-0.09991696993175614,-0.15179104817819986,-0.05090289700696787,-0.20355381860113542,-0.249365982962081,-0.1590351384260121
3,スコア,0.05,0,ev,-0.30761819254615413,-0.3568949700971252,-0.2586911315739639,0.02507208663957553,0.00030277683472662575,0.3922217769220328,0.2816261013434138,0.5252241866080148,-0.06375388745971977,-0.09336062738053849,-0.029726860510649735
3,スコア,0.05,0,mk,-0.8983309625925637,-0.9550331732547879,-0.8442060171165108,0.028336675216987628,-0.0002673758150808503,0.10233686612022219,0.07415899999705924,0.12907689478720663,0.16710602848417766,0.11995393037552554,0.2194304933378081
3,スコア,0.05,200,ev,-0.33016332780065344,-0.3832873109536356,-0.27754664863829365,0.02706698004160369,0.00032641040940140087,0.3696766416675335,0.2651496487322042,0.495780708475141,-0.07318087933782608,-0.10199469234139477,-0.04159488987484415
3,スコア,0.05,200,mk,-0.9531968390750165,-1.0141389417352875,-0.8935323693568462,0.03089651507954776,-0.00023622749503271478,0.04747098963776941,0.02763965157871625,0.06413058148728885,0.11886085480044573,0.08382983807489686,0.15470472621037978
3,スコア,0.02,65,ev,-0.4559726089016846,-0.5352783873854224,-0.3754898851704757,0.04113667392955615,0.0005508302643218999,0.24386736056650232,0.17197758635089092,0.32924606041834215,-0.048538475723594265,-0.06865747524718858,-0.027337288669977144
3,スコア,0.02,65,mk,-0.9447359789869387,-1.0012878727825416,-0.8890550883650666,0.028890598543585604,-0.00020305668366715768,0.055931849725847194,0.03366904019881138,0.07689291551669823,0.08833469543846562,0.05646948092398839,0.1215725198436235
3,スコア,0.02,300,ev,-0.4809192679761795,-0.5678430358651433,-0.39376223937353405,0.044615492987439394,0.0005788505912541764,0.21892070149200743,0.15498158742064294,0.2949774356025282,-0.058110014556859824,-0.07692879902129865,-0.039240107157150934
3,スコア,0.02,300,mk,-0.9859379035431295,-1.0470912725460548,-0.924346429012675,0.03157851116324,-0.00009883630543883193,0.014729925169656433,-0.00039869413904390616,0.027061867675893893,0.04864721528680582,0.026253087846652298,0.06943173813877003
3,無作為,0.01,0,ev,-0.5193488582290277,-0.6260014201734405,-0.41760871710557435,0.05287582005868458,0.0006555885288911378,0.18049111123915929,0.13491330531175696,0.22982917849277648,0.009646649258108542,-0.0073364469923479555,0.027390645531619556
3,無作為,0.01,0,mk,-1.0155417254983747,-1.075444954495976,-0.9503622606733113,0.03182287100395306,0.0002577099648874981,-0.014873896785588814,-0.02414554195373266,-0.004719698543111613,-0.05893631169404445,-0.08068120077657434,-0.03758086971675275
3,スコア,0.1,300,ev,-0.23629893767305601,-0.27781963993414904,-0.19889357456625043,0.020245245633911738,0.00016401571815888305,0.46354103179513095,0.34295302394110994,0.6024038921652098,-0.057088437216870985,-0.08168171210504054,-0.03050437589615282
3,スコア,0.1,300,mk,-0.9891253242586926,-1.0578401237536175,-0.9249203797567337,0.033844077558235014,-0.0002760955029540435,0.011542504454093327,-0.019579404726522184,0.03924715290809843,0.12202669070066796,0.09424144681047157,0.1495533182496949
3,無作為,0.01,200,ev,-0.5255787473489394,-0.6336425851215081,-0.42227037250737215,0.05366578891387462,0.000663448943254985,0.17426122211924755,0.13030071405123558,0.2222020989431248,0.014240886906856098,-0.0014693394044496375,0.03073818250181404
3,無作為,0.01,200,mk,-1.0165315365453425,-1.076589271571415,-0.9512821398150174,0.03190804098996907,0.0002557496722768171,-0.01586370783255653,-0.02435884962458438,-0.006502293003839926,-0.04105224327037038,-0.05861715470533194,-0.02289096925045851
3,無作為,0.1,0,ev,-0.15212420725436906,-0.18021358145874053,-0.12607835071717957,0.013954630346517423,0.0000817023039967335,0.5477157622138179,0.4238778738947293,0.6795284451891971,0.033988198605384407,0.005230350768359693,0.058091530074016184
3,無作為,0.1,0,mk,-1.0914845465200023,-1.1799937546970352,-1.0071024236582071,0.04395035144842427,0.0000656378963330706,-0.09081671780721634,-0.14352295052942438,-0.04141881016644596,-0.2367120626332404,-0.296457711978866,-0.1813343527932462
3,無作為,0.4,130,ev,-0.06454686924805213,-0.07936886387605835,-0.050917557898561824,0.007285541098273795,0.00002576189276061458,0.6352931002201349,0.49976092980777737,0.778430406886459,-0.00315748110352599,-0.01037491088307335,0.004849104223669372
3,無作為,0.4,130,mk,-1.1245179867488344,-1.2505723463829395,-1.0068607136324776,0.06204227444153571,-0.0011352944318416824,-0.12385015803604849,-0.22201621883387626,-0.031097119213749146,-0.2741216527233856,-0.30566473137100814,-0.23962490193208982
3,無作為,0.02,65,ev,-0.40743413317809035,-0.4860083615603528,-0.33139616625810747,0.03937731154592483,0.00047094161542210466,0.2924058362900966,0.22094681104468178,0.36989033869680094,0.048538475723594265,0.027337288669977134,0.06865747524718858
3,無作為,0.02,65,mk,-1.0330706744254043,-1.097373927545119,-0.96449565822329,0.033924980818380523,0.00041972337410811633,-0.03240284571261842,-0.05011539887325596,-0.013795140161792337,-0.08833469543846562,-0.1215725198436235,-0.0564694809239884
3,スコア,0.0,0,ev,-0.6998399694681869,-0.8540209310651812,-0.5537761197640114,0.07677071540849228,0.0009764505554186176,,,,,,
3,スコア,0.0,0,mk,-1.000667828712786,-1.058725288326287,-0.9377068321125712,0.03103957287245555,0.000091865161923943,,,,,,
3,スコア,0.4,0,ev,-0.04928650012947741,-0.05750511394612818,-0.04118621523259719,0.0042020676794762195,-6.155931884695154e-6,0.6505534693387095,0.5073999079402499,0.8027185893392127,0.005824604523459544,-0.0026809822197485073,0.01376472409005925
3,スコア,0.4,0,mk,-0.7566853594830472,-0.8549388437634616,-0.6725241390315182,0.046387332102457435,-0.0027130300527387075,0.24398246922973876,0.16702485967720807,0.3115823669627446,0.32631537226341023,0.27620851869495744,0.37623689204387056
3,無作為,0.01,300,ev,-0.5304743202823341,-0.6397276001342331,-0.4259452637410449,0.054321301957822414,0.0006693039495261344,0.16936564918585284,0.1266789932099939,0.21588388912570966,0.01809236585159657,0.0030285526830516217,0.033974031062484825
3,無作為,0.01,300,mk,-1.0166042546812064,-1.0763395091372043,-0.951725623487605,0.03184428835053831,0.0002444897484183972,-0.015936425968420487,-0.023869007487792394,-0.007292072678492202,-0.0296724148895946,-0.04367124731118113,-0.014414955464523255
3,無作為,0.01,130,ev,-0.5225241730029432,-0.6298866720994666,-0.4199345072831228,0.05331862086968532,0.0006609658696842269,0.17731579646524376,0.13276479801678356,0.22594255496445043,0.011594332506965066,-0.0049434794689631216,0.02881258991249292
3,無作為,0.01,130,mk,-1.0161543682643397,-1.0764382013170788,-0.9505268392030504,0.03207590752122164,0.0002621799063566854,-0.015486539551553768,-0.024416722514865985,-0.005596543997425722,-0.049478908574253966,-0.06944083810236255,-0.02946419252454948
3,スコア,0.02,200,ev,-0.4688142316890894,-0.551583886970378,-0.3849868552517594,0.04286758477885102,0.0005635715143780806,0.23102573777909752,0.16324281276194613,0.3115464391243229,-0.0532013710420533,-0.07216355740353729,-0.033789305118008345
3,スコア,0.02,200,mk,-0.9688181606087688,-1.0283019291369035,-0.9096857654824584,0.03036494350093623,-0.00016777910183007894,0.031849668104017126,0.014682104947050774,0.04666213216223828,0.06548860365409304,0.03976087438516344,0.09107881199816638
3,無作為,0.2,65,ev,-0.09418226941451677,-0.11369092413075012,-0.07617352725666304,0.009645878764301357,0.00003731992410702101,0.6056577000536701,0.4737573615156585,0.7455496965990159,0.006876463951473816,-0.010648355373786864,0.0221501572416236
3,無作為,0.2,65,mk,-1.1005949882523154,-1.2096465525143731,-1.0003976296790609,0.053098349842557395,-0.0005731291101960245,-0.09992715953952946,-0.17631455126860476,-0.028934916693094892,-0.29182989128230863,-0.3533460323787822,-0.23474497239628767
3,無作為,0.05,130,ev,-0.25030290144194,-0.29519476157900193,-0.207413266344767,0.022394305398995538,0.00020288331387108283,0.44953706802624693,0.34391028829588743,0.563347478882303,0.06771033802559545,0.03499516444577323,0.09681011587623646
3,無作為,0.05,130,mk,-1.0688762596087487,-1.1421787211188137,-0.995503901567374,0.03729633194015322,0.0003244656003233981,-0.06820843089596274,-0.10146049374922853,-0.036114005872910596,-0.14283522328058162,-0.1866468766518274,-0.10212906772825105
3,無作為,0.2,300,ev,-0.1243789640045375,-0.15070594879457092,-0.10009421871778153,0.013007896666037846,0.000055432720178480444,0.5754610054636494,0.4488629496113725,0.7094719136559491,0.02778290276955099,0.012779831250596833,0.04173550650671231
3,無作為,0.2,300,mk,-1.1458179134058946,-1.2449263211735997,-1.0514682681213279,0.04923739847406016,-0.00010181694373057049,-0.14515008469310864,-0.2087626024264875,-0.08471875078602538,-0.15243347075697067,-0.18094496168818852,-0.12228148465144627
3,スコア,0.1,200,ev,-0.21258512516746397,-0.24914114071679555,-0.17962478684422706,0.01790152506540098,0.00014450976290639184,0.48725484430072297,0.36157232372944986,0.6302374836237812,-0.04570158374874431,-0.06951163775323684,-0.018716232752600294
3,スコア,0.1,200,mk,-0.9387269461101787,-1.00469603741549,-0.8780705490402052,0.032021352752519786,-0.0004713124721347217,0.06194088260260722,0.02886162155605362,0.09153225085072135,0.16724679808551468,0.1307158631012135,0.20345294969675806
7,無作為,0.02,130,ev,-0.41102067760707844,-0.481593784816999,-0.3457482540111626,0.034745227032954504,-4.1574398882970875e-6,0.2888192918611085,0.23377011126254513,0.35119601166658576,0.05013768642422972,0.02858756719042321,0.07134013275012716
7,無作為,0.02,130,mk,-1.0338850142962868,-1.0844141271866603,-0.9705794037945018,0.029416441046931346,0.0003880279439352208,-0.03321718558350084,-0.04772108057492654,-0.016793188085564948,-0.0780707904306962,-0.1058503148804209,-0.048700466420556504
7,無作為,0.2,130,ev,-0.1009961262762099,-0.12738444384460598,-0.08002524489804402,0.012402916028108259,0.0000317347145653013,0.598843843191977,0.49641720297036207,0.7072304416250312,0.009833678689346037,-0.011189476552022942,0.02662897062067847
7,無作為,0.2,130,mk,-1.1164511610205068,-1.1851809578693653,-1.0556119803327786,0.03299961687913258,-0.0007441562440395622,-0.11578333230772087,-0.1768298928735401,-0.0624890361188181,-0.26027275524702975,-0.2994141010679129,-0.22205486904263438
7,無作為,0.05,300,ev,-0.26738158216468616,-0.3185657252312276,-0.22401633777560725,0.02440258322049966,0.000039153844767492174,0.4324583873035008,0.35366326181252095,0.517025646731421,0.0815105592533415,0.046053178873933294,0.11173695648291398
7,無作為,0.05,300,mk,-1.0747867352716665,-1.1226763876988979,-1.0136284608147763,0.027765423985718064,0.0005148195201649663,-0.07411890655888054,-0.09724586488841884,-0.04962136670067656,-0.08932727899622861,-0.11589390829471816,-0.05913640519363911
7,スコア,0.4,130,ev,-0.06138938814452614,-0.07361774769968202,-0.05022889047677215,0.0060732239943926715,0.00002728375990745935,0.6384505813236608,0.5271622545591805,0.7585931682687652,0.00315748110352599,-0.005075801956817437,0.011731966147721734
7,スコア,0.4,130,mk,-0.8503963340254488,-0.9307270538346519,-0.7809734343168319,0.03848510279733133,-0.0027580634471700005,0.15027149468733714,0.06923883589934482,0.22378629638286798,0.2741216527233856,0.2392307495333204,0.30524294680692066
7,無作為,0.4,200,ev,-0.07395316645383415,-0.09604138902290993,-0.05641441294833703,0.010359889082988096,0.000023214549595154677,0.6258868030143527,0.5206851965621625,0.7363967931734188,-0.00013845405645232511,-0.00834658757636474,0.007707540348311862
7,無作為,0.4,200,mk,-1.152085521839843,-1.2342839861729205,-1.0830316681685732,0.0387358769075644,-0.0013075915155933426,-0.151417693127057,-0.23360378561829037,-0.08246648721015003,-0.22831860393989456,-0.2544013139195867,-0.19681921334696084
7,スコア,0.1,130,ev,-0.19835835570007873,-0.23565416738540929,-0.1628526806987527,0.018673551908375777,0.0002406345656238984,0.5014816137681082,0.3965374650632988,0.630115275107995,-0.03887302446303184,-0.06730570029706595,-0.003921704579970545
7,スコア,0.1,130,mk,-0.8970309800434066,-0.9519606489533816,-0.8483096616383131,0.02684169850254699,-0.0003811349398061825,0.10363684866937928,0.061889171637371385,0.14052447901522136,0.20355381860113542,0.16656820682098397,0.2408809739528063
7,無作為,0.1,300,ev,-0.17921050045618503,-0.2197565677701562,-0.146673796203756,0.019063254380913698,0.000048544123368549075,0.5206294690120019,0.42933694928123783,0.6171158313032644,0.057088437216870985,0.02408949524529727,0.0850727375075572
7,無作為,0.1,300,mk,-1.1111520149593606,-1.1669408933554672,-1.0509181394614213,0.029257275802187867,0.00032125828602014295,-0.11048418624657463,-0.14763936023884555,-0.0761389804067561,-0.12202669070066796,-0.14358520428899005,-0.09847242451585644
7,スコア,0.2,300,ev,-0.1521618667740885,-0.18568890292830617,-0.12441448071177401,0.01603004596068143,0.00015242130860301795,0.5476781026940984,0.44452877581375855,0.6649309484190428,-0.02778290276955099,-0.04366024669458757,-0.0094484371221214
7,スコア,0.2,300,mk,-0.9933844426489239,-1.0474628270104471,-0.9457778101746456,0.025887717829316897,-0.0005181631297466183,0.00728338606386203,-0.04470618913781206,0.0519629860338049,0.15243347075697067,0.1286813951652169,0.1754519803998532
7,無作為,0.01,65,ev,-0.5201375800324416,-0.6108456509060801,-0.4363738421418443,0.044467667141700536,-0.00003686750906262137,0.17970238943574535,0.1439133307127626,0.22047534018822276,0.01005332456143182,-0.008790131132127229,0.030412103905085797
7,無作為,0.01,65,mk,-1.0159057804151903,-1.0689368612480719,-0.9520159137762535,0.029917179500618993,0.00023317341763440247,-0.015237951702404384,-0.023426953156670902,-0.0055832932940038564,-0.05704227128960837,-0.07714656006335201,-0.03658677566196654
7,無作為,0.4,65,ev,-0.05705079352694524,-0.07410268751381263,-0.043544557329017027,0.00800710180244812,0.000026771995021664108,0.6427891759412417,0.5337663246862456,0.7583794693069155,-0.005208498493841696,-0.014327208533895333,0.0033904451938797098
7,無作為,0.4,65,mk,-1.0934573953939055,-1.1745275312087942,-1.0264512267821415,0.03773738965955604,-0.001814399124380861,-0.0927895666811196,-0.1760199592972083,-0.023213176217241113,-0.3147702588854703,-0.35708570893752783,-0.27303842251543214
7,無作為,0.1,200,ev,-0.16688354141871967,-0.20394657827151572,-0.1369565177434067,0.017500012876683107,0.00004542090820583433,0.5329564280494673,0.43934471496007255,0.6321175586858548,0.04570158374874431,0.011646672105226429,0.07380176282838444
7,無作為,0.1,200,mk,-1.1059737441956934,-1.1622781107027933,-1.0472865868912977,0.028746842569315947,0.00019531683863349691,-0.10530591548290746,-0.14663377655651633,-0.06715016262149301,-0.16724679808551468,-0.19622324534935776,-0.13595147927876505
7,スコア,0.2,65,ev,-0.10105873336599058,-0.12394990992364337,-0.08078339279902119,0.011166364838739066,0.00013703793727301572,0.5987812361021964,0.4846141259634852,0.7276612299787057,-0.006876463951473816,-0.024302580771921836,0.015202124433471279
7,スコア,0.2,65,mk,-0.8087650969700068,-0.8645428421848551,-0.7590761951949928,0.02717439250700616,-0.0008371863262270907,0.19190273174277916,0.13142358651954414,0.24461198179177504,0.29182989128230863,0.24496304146415954,0.3441948157121497
7,スコア,0.05,130,ev,-0.31801323946753546,-0.3653667645541033,-0.26977718141472995,0.024218104681325597,0.0002640557370126584,0.3818267300006515,0.29338774018576075,0.5000962860719154,-0.06771033802559545,-0.09940164405254835,-0.02869069540128297
7,スコア,0.05,130,mk,-0.926041036328167,-0.989688512063182,-0.862331040659417,0.032253441555058826,0.00004375980933479795,0.07462679238461889,0.047351711724925305,0.10006104556152602,0.14283522328058162,0.10445272557184936,0.18324707793966416
7,スコア,0.4,65,ev,-0.051842295033103544,-0.06230361610753856,-0.04216140671705731,0.005227792702610032,0.000028478919727487062,0.6479976744350834,0.5347673990121158,0.770704407559168,0.005208498493841696,-0.00339044519387971,0.014327208533895333
7,スコア,0.4,65,mk,-0.7786871365084352,-0.8540765303004153,-0.7117324911160235,0.03667384269427343,-0.002728178746671084,0.22198069220435068,0.14547021712401123,0.29292231801280266,0.3147702588854703,0.2730384225154321,0.3570857089375278
7,無作為,0.05,65,ev,-0.2453284462707056,-0.2919411689222505,-0.20590434132205773,0.022133662167723313,0.00003894633076423348,0.45451152319748134,0.37202149272604146,0.5434347407317822,0.06469056109758836,0.024393627342426012,0.09708803717207634
7,無作為,0.05,65,mk,-1.0670619182007706,-1.116117675905181,-1.0065007458531576,0.0278669911538022,0.0005320890690660995,-0.06639408948798464,-0.09345821622508159,-0.03810128417967482,-0.16221153638729202,-0.20962479312572743,-0.11992324350304849
7,無作為,0.2,200,ev,-0.109472386081931,-0.13846956383779246,-0.08645561862358123,0.013619263666207363,0.00003111212384804274,0.590367583386256,0.4896447263838715,0.6964547248615675,0.01566796941703541,-0.00475106948435496,0.03236163587375141
7,無作為,0.2,200,mk,-1.1294858584686358,-1.198399387958231,-1.0683559365578688,0.033033957888296,-0.00047131861756133375,-0.12881802975584988,-0.18783118225268514,-0.0778560888751222,-0.21437051706941512,-0.24350386175403496,-0.1835024199906919
7,スコア,0.0,65,ev,-0.6998399694681869,-0.829105077425676,-0.5808802014142901,0.06340945177705078,-0.00008978570032913691,,,,,,
7,スコア,0.0,65,mk,-1.000667828712786,-1.057436771755402,-0.9337527247575792,0.03180479632047524,0.000036457902362840855,,,,,,
7,スコア,0.01,0,ev,-0.5289955074871362,-0.6139279635245811,-0.44072542561106964,0.04448474663415391,-0.000017169069430278405,0.17084446198105074,0.13096226565773847,0.22020662773406732,-0.009646649258108542,-0.030118167928087837,0.009211930563562712
7,スコア,0.01,0,mk,-0.9566054138043303,-1.0179305846182571,-0.8949076891418883,0.031279316425657955,-0.00017053166676594955,0.04406241490845564,0.023015990442488032,0.06395345496619767,0.05893631169404445,0.037997898387730836,0.07968877022142477
7,無作為,0.05,200,ev,-0.25698244846282736,-0.30583439311779276,-0.2154234880187446,0.023263804378987802,0.000035866761519398604,0.4428575210053596,0.362276505427437,0.5296373424272417,0.07318087933782608,0.035875194565889404,0.10386485334613568
7,無作為,0.05,200,mk,-1.0720576938754622,-1.1205069837268764,-1.0119570218650242,0.027628521940303727,0.0004923075553497913,-0.07138986516267631,-0.09677149479227537,-0.04502757457693725,-0.11886085480044573,-0.1513180313490971,-0.08561202667193542
7,スコア,0.2,0,ev,-0.09824614863653189,-0.12076926788104386,-0.07817338543425152,0.010988731880763231,0.00013382184213239778,0.601593820831655,0.4870238505694599,0.7308166531148468,-0.00577155126402544,-0.023118319610299646,0.016191659794494044
7,スコア,0.2,0,mk,-0.7935254271987734,-0.8484801292614254,-0.7442573744629114,0.026891300481863514,-0.0008116054729777611,0.20714240151401253,0.14682531467793614,0.2596529336588771,0.3027842849976289,0.2552751690850926,0.3562940633417189
7,無作為,0.2,0,ev,-0.09247459737250645,-0.11692414814520133,-0.07315938397251341,0.011498796119719164,0.000033897907771987534,0.6073653720956805,0.5030884692014066,0.7175968435072556,0.00577155126402544,-0.016191659794494054,0.023118319610299642
7,無作為,0.2,0,mk,-1.0963097121964023,-1.1636769158206517,-1.0363752598791456,0.032436615729307665,-0.0007072563175254398,-0.09564188348361635,-0.15592061076669353,-0.04301637136292196,-0.3027842849976289,-0.3562940633417189,-0.2552751690850926
7,スコア,0.0,300,ev,-0.6998399694681869,-0.829105077425676,-0.5808802014142901,0.06340945177705078,-0.00008978570032913691,,,,,,
7,スコア,0.0,300,mk,-1.000667828712786,-1.057436771755402,-0.9337527247575792,0.03180479632047524,0.000036457902362840855,,,,,,
7,無作為,0.02,200,ev,-0.4156128606470361,-0.4869728464012326,-0.3496518902164292,0.03514419111728227,-6.5266675023378795e-6,0.2842271088211508,0.22983629992081814,0.3456653495706046,0.0532013710420533,0.0329290247859229,0.0729572005768387
7,無作為,0.02,200,mk,-1.0343067642628618,-1.0851751398736906,-0.9714610812517457,0.029346658217992466,0.00035419088525912024,-0.03363893555007591,-0.04720278705185763,-0.01816048895751637,-0.06548860365409304,-0.08800874852427788,-0.03931907634141775
7,無作為,0.02,300,ev,-0.4228092534193197,-0.49622290089346177,-0.3551057821209323,0.03607653028345003,-5.78215372709634e-6,0.27703071604886725,0.22411992110833603,0.3365032377319849,0.058110014556859824,0.038661225391110436,0.07709361311450977
7,無作為,0.02,300,mk,-1.0345851188299353,-1.0856266560782473,-0.9710939746615534,0.029451734055448573,0.0003764455069079631,-0.03391729011714939,-0.046320464047876486,-0.019434127477133235,-0.04864721528680582,-0.06754932682413595,-0.023893297436348528
7,無作為,0.4,0,ev,-0.055111104652936956,-0.07168243160754606,-0.04204389304075353,0.007769523045681151,0.000027421988862172397,0.6447288648152499,0.5355028987303547,0.7608310616857387,-0.005824604523459544,-0.015092521224876844,0.0028674077447964014
7,無作為,0.4,0,mk,-1.0830007317464574,-1.164140342275234,-1.0161028831503345,0.03760755855671364,-0.0018075750688917314,-0.08233290303367147,-0.16564553487041206,-0.012453985323035113,-0.32631537226341023,-0.3709539943707676,-0.28134403852359724
7,スコア,0.2,200,ev,-0.1251403554989664,-0.15182125419528725,-0.10223993270831498,0.012849098359443553,0.00013854703523868972,0.5746996139692205,0.46553302556692816,0.6976317139102846,-0.01566796941703541,-0.03236163587375141,0.004751069484354958
7,スコア,0.2,200,mk,-0.9151153413992207,-0.9702821645003344,-0.867422875062363,0.02635837718988704,-0.0009691191790637266,0.08555248731356524,0.028444144987341023,0.1334960574941948,0.21437051706941512,0.1835024199906919,0.24350386175403496
7,スコア,0.4,300,ev,-0.09979253055303244,-0.12420441824248044,-0.07947387141326302,0.011706156631261856,0.00005605013210815968,0.6000474389151544,0.4956013646235631,0.7122586965660849,-0.008839639333514726,-0.015226568628216395,-0.0023644954941995523
7,スコア,0.4,300,mk,-1.0218512168185898,-1.0923271027364985,-0.9643417923621677,0.03280914681996497,-0.001372014410637501,-0.02118338810580389,-0.08337557120279064,0.031973128477638446,0.16009140077337491,0.13960060027072038,0.1811230023477182
7,スコア,0.05,300,ev,-0.34889214141802766,-0.40093465182226856,-0.2961639857218834,0.026614100534733422,0.0002546950043000873,0.3509478280501593,0.2686931731742767,0.4609538694102228,-0.0815105592533415,-0.111736956482914,-0.04605317887393333
7,スコア,0.05,300,mk,-0.9854594562754379,-1.0504926624465,-0.9174413258919285,0.033723033158545586,0.00010531230460220087,0.015208372437348072,-0.00304034435729261,0.03074420081506916,0.08932727899622861,0.0591364051936391,0.11589390829471816
7,無作為,0.05,0,ev,-0.24386430508643436,-0.2901078374366744,-0.20471176038578434,0.021993098162615667,0.00003955623287130172,0.4559756643817526,0.3731876016797327,0.5453348426685964,0.06375388745971977,0.023222641133254708,0.09625817993247641
7,無作為,0.05,0,mk,-1.0654369910767414,-1.1142363445888088,-1.0050589411767084,0.027792794279691887,0.0005440166341195152,-0.06476916236395547,-0.09173705139461019,-0.03641756282714059,-0.16710602848417766,-0.21582245272764108,-0.12377934720848958
7,スコア,0.01,300,ev,-0.5485666861339307,-0.6393699883027939,-0.45676041939261003,0.04669509572143971,-0.000029366826334586982,0.15127328333425627,0.11608607625768394,0.19403976113640775,-0.01809236585159657,-0.036167572617802034,-0.0010682364817762903
7,スコア,0.01,300,mk,-0.9869318397916118,-1.0495889997563352,-0.9224233389884013,0.03222883354461421,-0.00011842052379007484,0.013735988921174114,-0.0006309503733836429,0.026991941005866944,0.0296724148895946,0.013751384706638099,0.04346162211046113
7,スコア,0.1,0,ev,-0.18611240585975347,-0.22177090445201375,-0.15127055575738038,0.018109039907502747,0.0002435052361362544,0.5137275636084335,0.4062083745137809,0.6451808581964843,-0.033988198605384407,-0.06308754843572115,0.0024917465441360834
7,スコア,0.1,0,mk,-0.8547724838867619,-0.9126865762307405,-0.8043258183883742,0.027785173326975523,-0.0002922528170347105,0.14589534482602406,0.09802396940402372,0.18771674025937338,0.2367120626332404,0.18943068319440304,0.2885632974988839
7,無作為,0.02,0,ev,-0.40631887988321264,-0.47619095009529927,-0.34180001539366894,0.03434382972991776,-2.4719165381825725e-6,0.2935210895849743,0.2377510326701859,0.3568864468364319,0.047986059513957235,0.025305285596146986,0.07004098034135754
7,無作為,0.02,0,mk,-1.0322404397226372,-1.0825386710112992,-0.9689277273515212,0.029321759739325978,0.00041537202985586497,-0.031572611009851315,-0.04647970859155143,-0.014372220026768075,-0.09090119414569364,-0.12246673118623044,-0.059858504340464296
7,スコア,0.02,130,ev,-0.46115836403130817,-0.5279065795638392,-0.3881808433325235,0.035553020549017524,0.00006137782458781604,0.23868160543687877,0.18250330666896325,0.31301054015019225,-0.05013768642422972,-0.07134013275012716,-0.028587567190423227
7,スコア,0.02,130,mk,-0.9558142238655906,-1.0204650992584474,-0.891183056680469,0.032815307655533074,-0.0001500763188233556,0.04485360484719536,0.02226338174552709,0.06646921310477906,0.0780707904306962,0.04870046642055648,0.1058503148804209
7,スコア,0.05,65,ev,-0.31001900736829396,-0.3568237043252769,-0.2624363052497921,0.023831708642433988,0.0002707155222392843,0.389820962099893,0.30005627818834263,0.5104416767584059,-0.06469056109758836,-0.09708803717207634,-0.02439362734242602
7,スコア,0.05,65,mk,-0.9048503818134785,-0.9680795630595526,-0.8410656165762983,0.03229288931340516,0.00007954816429145417,0.09581744689930738,0.06448516883580985,0.12667247876289534,0.16221153638729202,0.11992324350304849,0.20962479312572743
7,スコア,0.4,200,ev,-0.07381471239738183,-0.0893106587342364,-0.06014534151614945,0.007594490599864445,0.00003299666905028087,0.6260252570708051,0.5171062231194321,0.7430623094246548,0.00013845405645232511,-0.0077075403483118626,0.008346587576364735
7,スコア,0.4,200,mk,-0.9237669178999484,-1.0047823406005087,-0.8550486247221281,0.0382455265468115,-0.0023976045024357573,0.07690091081283756,-0.004348542773635033,0.14787971974229405,0.22831860393989456,0.19681921334696084,0.2544013139195867
7,スコア,0.2,130,ev,-0.11082980496555593,-0.13483052973428516,-0.0900325932500546,0.011581139460950636,0.00013516355533839397,0.589010164502631,0.47699185008065564,0.7152456343070484,-0.009833678689346037,-0.02662897062067847,0.011189476552022933
7,スコア,0.2,130,mk,-0.856178405773477,-0.9113633315002666,-0.8075500116590892,0.026792029130743637,-0.0010556499340815817,0.1444894229393089,0.08375873852575402,0.19615182774764975,0.26027275524702975,0.22205486904263436,0.2994141010679129
7,スコア,0.01,130,ev,-0.5341185055099082,-0.6202465485522259,-0.44495518084338004,0.04498932735064934,-0.00001733754376864738,0.1657214639582787,0.12699444931979503,0.21350086474342025,-0.011594332506965066,-0.031493690046086514,0.006708416402821402
7,スコア,0.01,130,mk,-0.9666754596900857,-1.028387409665535,-0.9034702958596535,0.03171881945715414,-0.00016184279821462866,0.0339923690227002,0.015091338639104033,0.05159994334156601,0.049478908574253966,0.029999715732281773,0.06822493770748063
7,スコア,0.0,130,ev,-0.6998399694681869,-0.829105077425676,-0.5808802014142901,0.06340945177705078,-0.00008978570032913691,,,,,,
7,スコア,0.0,130,mk,-1.000667828712786,-1.057436771755402,-0.9337527247575792,0.03180479632047524,0.000036457902362840855,,,,,,
7,スコア,0.01,200,ev,-0.5398196342557955,-0.6278600335829216,-0.44967799731725266,0.04563529220782785,-0.000023093917378091966,0.16002033521239145,0.12289003876555153,0.20576357009788213,-0.014240886906856098,-0.033169597521258413,0.003323212731112973
7,スコア,0.01,200,mk,-0.9754792932749721,-1.037353100308843,-0.9127728684964082,0.03164734559821928,-0.00016654130449311744,0.025188535437813853,0.007932007949535321,0.04108245846578296,0.04105224327037038,0.02288640767287446,0.0575155106900496
7,無作為,0.4,300,ev,-0.09095289121951772,-0.11808284812732212,-0.06946286211924167,0.012702849795609022,0.00003112102664448724,0.6088870782486693,0.5066664500606584,0.7160826282006901,0.008839639333514726,0.0023644954941995427,0.015226568628216393
7,無作為,0.4,300,mk,-1.1819426175919647,-1.2603937564059424,-1.1146193080000808,0.03713877209705651,-0.0010034906065947702,-0.1812747888791788,-0.24808461323425865,-0.12271840900849994,-0.16009140077337491,-0.1811230023477182,-0.1396006002707204
7,スコア,0.02,0,ev,-0.45430493939716987,-0.5194920753663972,-0.38238266299113277,0.0349232984546101,0.0000692981484736177,0.24553503007101707,0.1879979094484513,0.3221952039387888,-0.047986059513957235,-0.07004098034135754,-0.02530528559614699
7,スコア,0.02,0,mk,-0.9413392455769436,-1.0051390343850601,-0.8776064978453695,0.032553445246555436,-0.00011904020992892228,0.05932858313584233,0.034486033241256035,0.08390318927311179,0.09090119414569364,0.059858504340464296,0.12246673118623044
7,スコア,0.1,65,ev,-0.18898735532040614,-0.22507910131812647,-0.15407750114046334,0.01825100411772305,0.0002444807014231887,0.5108526141477808,0.4038696780906148,0.6419791781188006,-0.03533352671352971,-0.06434699381746892,0.0008101071048015511
7,スコア,0.1,65,mk,-0.8653725009844867,-0.9228578318655677,-0.8149852660909956,0.027704140960570427,-0.0003062136341563937,0.13529532772829922,0.08931866658756862,0.17604920949670497,0.22802690729492336,0.18276140254610826,0.27716944887479916
7,スコア,0.0,200,ev,-0.6998399694681869,-0.829105077425676,-0.5808802014142901,0.06340945177705078,-0.00008978570032913691,,,,,,
7,スコア,0.0,200,mk,-1.000667828712786,-1.057436771755402,-0.9337527247575792,0.03180479632047524,0.000036457902362840855,,,,,,
7,無作為,0.1,65,ev,-0.15365382860687643,-0.1878174030054417,-0.1263448594121446,0.01606505307497808,0.000044324502232906404,0.5461861408613105,0.45031275109101526,0.6482643756165076,0.03533352671352971,-0.0008101071048015659,0.0643469938174689
7,無作為,0.1,65,mk,-1.09339940827941,-1.1507085820955338,-1.0338846261442523,0.02924284277259934,0.00020098053134431915,-0.09273157956662414,-0.1348473192288362,-0.053970308550413154,-0.22802690729492336,-0.27716944887479916,-0.18276140254610826
7,スコア,0.01,65,ev,-0.5301909045938734,-0.6155128139485267,-0.441534751958053,0.044645322919321495,-0.000017311316300561153,0.16964906487431353,0.13010137505013813,0.21856309687926873,-0.01005332456143182,-0.0304121039050858,0.008790131132127225
7,スコア,0.01,65,mk,-0.9588635091255819,-1.0200178406439575,-0.896718446876044,0.031297301982741325,-0.00016289200154462335,0.041804319587203986,0.021286235636315994,0.061098571332178844,0.05704227128960837,0.03658677566196654,0.07714656006335201
7,無作為,0.1,130,ev,-0.1594853312370469,-0.1946678756301169,-0.13114778883809813,0.01658408920728704,0.000044867816814592176,0.54035463823114,0.4452955901283878,0.641377418475059,0.03887302446303184,0.0039217045799705445,0.06730570029706595
7,無作為,0.1,130,mk,-1.100584798644542,-1.158085339313623,-1.0409125107746997,0.029329589661558547,0.00013347901420757147,-0.09991696993175614,-0.14156635272587062,-0.06198546305318529,-0.20355381860113542,-0.24088097395280633,-0.16656820682098397
7,スコア,0.05,0,ev,-0.30761819254615413,-0.3542468405685735,-0.26029444089571574,0.02371741977706319,0.0002708986312723871,0.3922217769220328,0.30198547882620336,0.513523339505137,-0.06375388745971977,-0.09625817993247643,-0.023222641133254753
7,スコア,0.05,0,mk,-0.8983309625925637,-0.9617108875085362,-0.8341236498800018,0.03245541430715696,0.00008688652289723375,0.10233686612022219,0.06997464432103634,0.13475195698825365,0.16710602848417766,0.12377934720848957,0.21582245272764108
7,スコア,0.05,200,ev,-0.33016332780065344,-0.379145746291179,-0.2802369545561584,0.024994030120361336,0.0002596810297118557,0.3696766416675335,0.2836748114178524,0.484267712928138,-0.07318087933782608,-0.10386485334613568,-0.03587519456588941
7,スコア,0.05,200,mk,-0.9531968390750165,-1.015689812748881,-0.8900941731906324,0.031914820850326986,0.00004189466537563025,0.04747098963776941,0.025056872357230548,0.0669899479770552,0.11886085480044573,0.08561202667193542,0.15131803134909708
7,スコア,0.02,65,ev,-0.4559726089016846,-0.5215885774808684,-0.3837579774177735,0.0351081610715704,0.00006736038240912068,0.24386736056650232,0.1867554654661587,0.3198478556023003,-0.048538475723594265,-0.07029409762673845,-0.026198787945123533
7,スコア,0.02,65,mk,-0.9447359789869387,-1.0084865798450895,-0.8810322341271466,0.03251850090029434,-0.00012107587812926202,0.055931849725847194,0.03183549030217795,0.07970219702510364,0.08833469543846562,0.0580096574698309,0.11859080022579026
7,スコア,0.02,300,ev,-0.4809192679761795,-0.552926346243889,-0.4042808431743422,0.03782447515485847,0.000047308925017808257,0.21892070149200743,0.16751073856163487,0.28669255696396795,-0.058110014556859824,-0.07709361311450977,-0.03866122539111045
7,スコア,0.02,300,mk,-0.9859379035431295,-1.051405953856298,-0.9201804722061062,0.033250783615646824,-0.00010154556406538617,0.014729925169656433,-0.002293515360066128,0.029366245670064864,0.04864721528680582,0.023893297436348528,0.06754932682413595
7,無作為,0.01,0,ev,-0.5193488582290277,-0.6099066636124122,-0.43556290358511895,0.04438468906422269,-0.000037009505401974785,0.18049111123915929,0.14453416986727421,0.2213969866729965,0.009646649258108542,-0.009211930563562714,0.030118167928087834
7,無作為,0.01,0,mk,-1.0155417254983747,-1.0681448828517397,-0.9521081581674586,0.02973528526585866,0.00023101388376600696,-0.014873896785588814,-0.023530178516570327,-0.004817490666204715,-0.05893631169404445,-0.07968877022142477,-0.03799789838773084
7,スコア,0.1,300,ev,-0.23629893767305601,-0.28047571717261377,-0.1962123383199097,0.02163345506682645,0.0002497625431173156,0.46354103179513095,0.36525839523380293,0.5842317756768204,-0.057088437216870985,-0.08507273750755723,-0.024089495245297278
7,スコア,0.1,300,mk,-0.9891253242586926,-1.0459514798979055,-0.9364066678400594,0.027958410877366512,-0.00017630109300104113,0.011542504454093327,-0.020094687602954922,0.04071175891200133,0.12202669070066796,0.09847242451585644,0.14358520428899002
7,無作為,0.01,200,ev,-0.5255787473489394,-0.6173415922797265,-0.440824843565762,0.04503088693962623,-0.000039919016941336594,0.17426122211924755,0.13937687894249948,0.21396773520613444,0.014240886906856098,-0.0033232127311129747,0.033169597521258413
7,無作為,0.01,200,mk,-1.0165315365453425,-1.0699748185418518,-0.9526916755694038,0.03007329269386528,0.00022039850525246152,-0.01586370783255653,-0.023065439150525877,-0.007300226173504678,-0.04105224327037038,-0.05751551069004961,-0.022886407672874472
7,無作為,0.1,0,ev,-0.15212420725436906,-0.18594088481057366,-0.12505794220793046,0.015920560371332684,0.00004485281995478263,0.5477157622138179,0.4515352558086439,0.6501528954463904,0.033988198605384407,-0.002491746544136084,0.0630875484357211
7,無作為,0.1,0,mk,-1.0914845465200023,-1.1486682635293162,-1.0317776722070882,0.029195640787184826,0.00022114679846874097,-0.09081671780721634,-0.13244259063206004,-0.05230443295758291,-0.2367120626332404,-0.2885632974988839,-0.18943068319440307
7,無作為,0.4,130,ev,-0.06454686924805213,-0.08356582903222923,-0.049404146011660655,0.008916808772385126,0.00002618833745994531,0.6352931002201349,0.5278046327026424,0.7489397205607168,-0.00315748110352599,-0.011731966147721734,0.0050758019568174365
7,無作為,0.4,130,mk,-1.1245179867488344,-1.2064221148975955,-1.0557994548017682,0.03870886557930156,-0.0017024580193076844,-0.12385015803604849,-0.20719213770501516,-0.05429492593459257,-0.2741216527233856,-0.30524294680692066,-0.2392307495333204
7,無作為,0.02,65,ev,-0.40743413317809035,-0.4774644353237952,-0.3427591851893941,0.034414002599007995,-2.370155031239385e-6,0.2924058362900966,0.23672236075653855,0.3555935382368383,0.048538475723594265,0.026198787945123533,0.07029409762673845
7,無作為,0.02,65,mk,-1.0330706744254043,-1.0835117737935795,-0.969532514941275,0.02944970324834614,0.00040956054009200216,-0.03240284571261842,-0.046776452822829113,-0.01554398515928998,-0.08833469543846562,-0.11859080022579027,-0.05800965746983091
7,スコア,0.0,0,ev,-0.6998399694681869,-0.829105077425676,-0.5808802014142901,0.06340945177705078,-0.00008978570032913691,,,,,,
7,スコア,0.0,0,mk,-1.000667828712786,-1.057436771755402,-0.9337527247575792,0.03180479632047524,0.000036457902362840855,,,,,,
7,スコア,0.4,0,ev,-0.04928650012947741,-0.0591416664870362,-0.04011405697066676,0.00492796044021033,0.000026676749199552874,0.6505534693387095,0.5366891686195334,0.7738717451573383,0.005824604523459544,-0.0028674077447964027,0.015092521224876842
7,スコア,0.4,0,mk,-0.7566853594830472,-0.8324655082477823,-0.6888853509369105,0.03693562595472085,-0.0028211945446491304,0.24398246922973876,0.16649501789287674,0.31634533925779473,0.32631537226341023,0.2813440385235972,0.37095399437076754
7,無作為,0.01,300,ev,-0.5304743202823341,-0.6238048368937151,-0.4445723137042805,0.045694928558576556,-0.00004144575269204864,0.16936564918585284,0.13549975170791426,0.20761407017222433,0.01809236585159657,0.0010682364817762872,0.036167572617802034
7,無作為,0.01,300,mk,-1.0166042546812064,-1.0703368725935145,-0.952512676318243,0.030221188534337678,0.0002182957067418112,-0.015936425968420487,-0.022463712092892597,-0.008197666674235677,-0.0296724148895946,-0.04346162211046114,-0.0137513847066381
7,無作為,0.01,130,ev,-0.5225241730029432,-0.6136830501559656,-0.4383520775696747,0.04471489896623422,-0.00003836166032944455,0.17731579646524376,0.14196371633394783,0.21766393362154232,0.011594332506965066,-0.0067084164028214065,0.031493690046086514
7,無作為,0.01,130,mk,-1.0161543682643397,-1.0694751724210225,-0.9520858647774119,0.03005691015451667,0.0002267100825699142,-0.015486539551553768,-0.023189948417908522,-0.006451496143256609,-0.049478908574253966,-0.06822493770748063,-0.029999715732281773
7,スコア,0.02,200,ev,-0.4688142316890894,-0.5376946283789672,-0.39457215740065005,0.036467235389839904,0.000059391274351394685,0.23102573777909752,0.17680737380370043,0.3025827703644236,-0.0532013710420533,-0.07295720057683872,-0.032929024785922904
7,スコア,0.02,200,mk,-0.9688181606087688,-1.0326134884325953,-0.9041548979395035,0.03270946673384786,-0.0001120487002034265,0.031849668104017126,0.012880010571070738,0.049397290207451636,0.06548860365409304,0.03931907634141773,0.08800874852427787
7,無作為,0.2,65,ev,-0.09418226941451677,-0.11904157744972486,-0.07444966374361268,0.011718577005927506,0.000033071373368859236,0.6056577000536701,0.5017566586158816,0.7154441153103683,0.006876463951473816,-0.015202124433471279,0.024302580771921836
7,無作為,0.2,65,mk,-1.1005949882523154,-1.1688981447148445,-1.0400132484966733,0.03275203156345234,-0.0006848021970045082,-0.09992715953952946,-0.1600436513703706,-0.04763433171988952,-0.29182989128230863,-0.3441948157121497,-0.24496304146415956
7,無作為,0.05,130,ev,-0.25030290144194,-0.2977680186482385,-0.21004204966542447,0.022587086852092986,0.00003704414068750328,0.44953706802624693,0.36787749754841914,0.5376307024869394,0.06771033802559545,0.028690695401282967,0.09940164405254835
7,無作為,0.05,130,mk,-1.0688762596087487,-1.1180560908943131,-1.0086075241153938,0.027849380843345466,0.000493153190058937,-0.06820843089596274,-0.09509181816599184,-0.04059623580696287,-0.14283522328058162,-0.1832470779396642,-0.10445272557184936
7,無作為,0.2,300,ev,-0.1243789640045375,-0.15745345105180414,-0.09815101395892263,0.01550866239601807,0.000039851260467363425,0.5754610054636494,0.4773649520430471,0.6788407469889297,0.02778290276955099,0.009448437122121399,0.04366024669458757
7,無作為,0.2,300,mk,-1.1458179134058946,-1.2125803816656304,-1.0836512386951802,0.03255562544330087,-0.0002797077597382902,-0.14515008469310864,-0.1955986135130829,-0.10069765635786485,-0.15243347075697067,-0.1754519803998532,-0.1286813951652169
7,スコア,0.1,200,ev,-0.21258512516746397,-0.2517860024959076,-0.1760648666483173,0.01946346816563602,0.00024251528403843037,0.48725484430072297,0.38404927024718755,0.6128587748359999,-0.04570158374874431,-0.07380176282838445,-0.011646672105226446
7,スコア,0.1,200,mk,-0.9387269461101787,-0.9951173257386629,-0.888674343268114,0.027372368677800116,-0.00039596981241840634,0.06194088260260722,0.02448001293533119,0.09580486302746284,0.16724679808551468,0.13595147927876505,0.19622324534935776
14,無作為,0.02,130,ev,-0.41102067760707844,-0.4794979402097855,-0.35445285642359103,0.03249146396167711,-0.0005316918857747321,0.2888192918611085,0.23256907543995178,0.3495151751521163,0.05013768642422972,0.0318919739519018,0.07299357575150706
14,無作為,0.02,130,mk,-1.0338850142962868,-1.0793743314856707,-0.9828420298633724,0.025053788943105747,-0.00010160500656875016,-0.03321718558350084,-0.047952084357366934,-0.013560867536069887,-0.0780707904306962,-0.10593999168872374,-0.04861639692209922
14,無作為,0.2,130,ev,-0.1009961262762099,-0.12777210041279877,-0.08100146554818938,0.012773461691606466,-0.0002849680500895263,0.598843843191977,0.500328773181745,0.7019704740354177,0.009833678689346037,-0.010772008060676045,0.02568735727661648
14,無作為,0.2,130,mk,-1.1164511610205068,-1.159264666518287,-1.0711770596597834,0.022649749894026246,-0.0003052766153757158,-0.11578333230772087,-0.1765596226523971,-0.0594875774728799,-0.26027275524702975,-0.29193522577799763,-0.22971841871964044
14,無作為,0.05,300,ev,-0.26738158216468616,-0.3172717113401097,-0.22880539791749674,0.023513240540612643,-0.00046633511969196295,0.4324583873035008,0.35518819766950505,0.5121959617255267,0.0815105592533415,0.05151500099202044,0.10964859250254787
14,無作為,0.05,300,mk,-1.0747867352716665,-1.1133068081400739,-1.029086847221562,0.022032203788724846,0.000179208819439447,-0.07411890655888054,-0.09757738948462835,-0.045515695431664706,-0.08932727899622861,-0.11693229145917014,-0.05778245076769852
14,スコア,0.4,130,ev,-0.06138938814452614,-0.07295495527526118,-0.052677455693861175,0.005442332649921497,-0.0001360485506560552,0.6384505813236608,0.5310154101305264,0.7545162539791958,0.00315748110352599,-0.005680352027945792,0.012458422748460493
14,スコア,0.4,130,mk,-0.8503963340254488,-0.9120521353035395,-0.7907833107284005,0.0319557785134789,-0.0016241949494744112,0.15027149468733714,0.06569698733381879,0.22285488509630416,0.2741216527233856,0.24450687853761344,0.30457590795590195
14,無作為,0.4,200,ev,-0.07395316645383415,-0.09677378632611275,-0.05692908627342683,0.010876543350466292,-0.00024063047194675113,0.6258868030143527,0.5259088373838314,0.7315043115055183,-0.00013845405645232511,-0.008879438213935829,0.008128184116585266
14,無作為,0.4,200,mk,-1.152085521839843,-1.202768420472279,-1.0971564680012527,0.026758661855702352,-0.0006301407911866175,-0.151417693127057,-0.23150271498728092,-0.07863924970851453,-0.22831860393989456,-0.2525194031018343,-0.20493903526590002
14,スコア,0.1,130,ev,-0.19835835570007873,-0.22274147054098503,-0.17122854853824399,0.013378898821024922,-0.00020238414250459136,0.5014816137681082,0.3935694932047754,0.6326941003524846,-0.03887302446303184,-0.06725455323632425,-0.0049949151955356545
14,スコア,0.1,130,mk,-0.8970309800434066,-0.9460049189013803,-0.8554173145379785,0.023604605916126918,0.00021092350272378102,0.10363684866937928,0.0652578964123843,0.13995554967908228,0.20355381860113542,0.1720270079603442,0.238497322449421
14,無作為,0.1,300,ev,-0.17921050045618503,-0.2194194787359244,-0.1490458220755145,0.0190921392559106,-0.0004137850080911665,0.5206294690120019,0.43199222635395684,0.6114566496503153,0.057088437216870985,0.0268380397520974,0.08224660726875783
14,無作為,0.1,300,mk,-1.1111520149593606,-1.1468252290082876,-1.0689374562641818,0.020383014171592478,0.00029622678658136614,-0.11048418624657463,-0.14701012760777435,-0.07238076526930944,-0.12202669070066796,-0.1385810882784969,-0.10255005373902891
14,スコア,0.2,300,ev,-0.1521618667740885,-0.18170269877664502,-0.12897767849092098,0.014245599358912857,-0.000341249056828169,0.5476781026940984,0.4443895737263172,0.6599991573279996,-0.02778290276955099,-0.04040950639135389,-0.01082303167240564
14,スコア,0.2,300,mk,-0.9933844426489239,-1.0248347227128134,-0.9607914770196019,0.01634518150188165,0.00002296733308537746,0.00728338606386203,-0.04581376123503607,0.05176578215107571,0.15243347075697067,0.13534596227095833,0.17111228902452336
14,無作為,0.01,65,ev,-0.5201375800324416,-0.6073133530397854,-0.44505374419882354,0.04221892416013615,-0.0006394051449939431,0.17970238943574535,0.14283770781016214,0.22011831912411173,0.01005332456143182,-0.010313754037491034,0.03338777413328603
14,無作為,0.01,65,mk,-1.0159057804151903,-1.065383217169087,-0.9607211998640762,0.027130377178135785,-0.0003084262794612602,-0.015237951702404384,-0.023898662125494654,-0.003977642049589187,-0.05704227128960837,-0.07770638693453884,-0.03637439434930829
14,無作為,0.4,65,ev,-0.05705079352694524,-0.07475210634332945,-0.04395637051737799,0.008415499397811398,-0.00019149109660288738,0.6427891759412417,0.5396161289131591,0.753157313779602,-0.005208498493841696,-0.015039677914857682,0.004039514112986911
14,無作為,0.4,65,mk,-1.0934573953939055,-1.1475863229464298,-1.0391119097875408,0.0273956866997823,-0.0011728399940889034,-0.0927895666811196,-0.17464339892754882,-0.02030310824623812,-0.3147702588854703,-0.35625440398145775,-0.2759359082603075
14,無作為,0.1,200,ev,-0.16688354141871967,-0.20367707058076404,-0.13926607244323774,0.017498028554750838,-0.00037932050090844216,0.5329564280494673,0.44252326849446527,0.6270168642298576,0.04570158374874431,0.013197156843013513,0.07305330871659446
14,無作為,0.1,200,mk,-1.1059737441956934,-1.1403919929759603,-1.0660195122998426,0.01930652108073076,0.0002405946941259618,-0.10530591548290746,-0.1465909267395805,-0.06307001365709736,-0.16724679808551468,-0.1939552672901994,-0.13994503966592287
14,スコア,0.2,65,ev,-0.10105873336599058,-0.11928736753304876,-0.08297208943489937,0.009355386935242778,-0.00018613008161083577,0.5987812361021964,0.48589808103171706,0.724051710706065,-0.006876463951473816,-0.023450329978476323,0.014721858583788938
14,スコア,0.2,65,mk,-0.8087650969700068,-0.8560991722954948,-0.7606321006097392,0.024976082310138,-0.00010901984565658829,0.19190273174277916,0.13353793670345543,0.2399569282997938,0.29182989128230863,0.25319676022169735,0.3358818434366913
14,スコア,0.05,130,ev,-0.31801323946753546,-0.3491945511033101,-0.287894804081577,0.015782887936817876,-0.0002223513167255997,0.3818267300006515,0.2897796770309616,0.5020912302197549,-0.06771033802559545,-0.09930180123436091,-0.03305441802398143
14,スコア,0.05,130,mk,-0.926041036328167,-0.9908718440367067,-0.8657112056598337,0.0321659435905415,-0.00007176671594966155,0.07462679238461889,0.05107133124765058,0.10167128328255359,0.14283522328058162,0.10300066942448094,0.1837612582610199
14,スコア,0.4,65,ev,-0.051842295033103544,-0.06128062602503218,-0.044314204341559665,0.0044726146235953175,-0.0001119960894994318,0.6479976744350834,0.5384236844717836,0.7666744688764328,0.005208498493841696,-0.004039514112986914,0.01503967791485768
14,スコア,0.4,65,mk,-0.7786871365084352,-0.8426833934543996,-0.7168499980613411,0.03365472450628594,-0.0016807650593184675,0.22198069220435068,0.1418853849584618,0.2932014176738893,0.3147702588854703,0.2759359082603075,0.35625440398145775
14,無作為,0.05,65,ev,-0.2453284462707056,-0.29055671765482327,-0.21077014959100393,0.02114612160967988,-0.0004206309656451801,0.45451152319748134,0.3734889934311783,0.5392386165657244,0.06469056109758836,0.02847014160061201,0.09735567789410517
14,無作為,0.05,65,mk,-1.0670619182007706,-1.1032116706356234,-1.0237097814746383,0.0208447497840063,0.00024453255118905837,-0.06639408948798464,-0.09326941578820874,-0.03336229468068643,-0.16221153638729202,-0.2100761154766798,-0.1185844847767874
14,無作為,0.2,200,ev,-0.109472386081931,-0.1389145776657516,-0.08752692606814977,0.014050249486727279,-0.0003113536600255207,0.590367583386256,0.49356519881803423,0.6909482607962238,0.01566796941703541,-0.003988759685083054,0.03083700931326136
14,無作為,0.2,200,mk,-1.1294858584686358,-1.1706670616780532,-1.0832121751782242,0.022273245949281324,-0.00004367078017053494,-0.12881802975584988,-0.18669843636722974,-0.07431753658133479,-0.21437051706941512,-0.23706410516111798,-0.19007467810240297
14,スコア,0.0,65,ev,-0.6998399694681869,-0.8243288358214435,-0.5881659951699038,0.06171764861873454,-0.0008801176670455435,,,,,,
14,スコア,0.0,65,mk,-1.000667828712786,-1.0578394393581902,-0.9385984912313523,0.031175745159299165,-0.0006826090623071046,,,,,,
14,スコア,0.01,0,ev,-0.5289955074871362,-0.6061766736994725,-0.4521301891089161,0.03975618390743917,-0.000450715891883946,0.17084446198105074,0.12805413938284355,0.22436125575032914,-0.009646649258108542,-0.03319745301921696,0.010788160757976865
14,スコア,0.01,0,mk,-0.9566054138043303,-1.0215011756693608,-0.8994398302558347,0.031211266933991615,-0.0007096912291562063,0.04406241490845564,0.02288715690046452,0.06553765560295532,0.05893631169404445,0.03757743705274103,0.08037014387072185
14,無作為,0.05,200,ev,-0.25698244846282736,-0.304528328668224,-0.22033985503819029,0.02230551063210135,-0.00044073379161019277,0.4428575210053596,0.3637590104538806,0.5252092312431544,0.07318087933782608,0.041093515576126054,0.10316709817997695
14,無作為,0.05,200,mk,-1.0720576938754622,-1.1091881992737378,-1.0279365800159392,0.021241094197931833,0.00019897915712374648,-0.07138986516267631,-0.0971144044468496,-0.0404229427608701,-0.11886085480044573,-0.15183973520543761,-0.08451822117366202
14,スコア,0.2,0,ev,-0.09824614863653189,-0.11610590049230031,-0.0804043944949711,0.00917695025092233,-0.0001795310142821832,0.601593820831655,0.48830645443031906,0.7270086589365865,-0.00577155126402544,-0.02234162360675544,0.015703267248733613
14,スコア,0.2,0,mk,-0.7935254271987734,-0.8411904717938963,-0.7451139006552282,0.025184765503359064,-0.000068415957756085,0.20714240151401253,0.14859598676687938,0.2555001673447811,0.3027842849976289,0.2636337085844525,0.3476285238161243
14,無作為,0.2,0,ev,-0.09247459737250645,-0.11728122125825662,-0.07409138872454064,0.011810795311832257,-0.0002645333552533935,0.6073653720956805,0.5076279296545069,0.7124044669307206,0.00577155126402544,-0.015703267248733613,0.02234162360675544
14,無作為,0.2,0,mk,-1.0963097121964023,-1.1385182009879122,-1.051757276063451,0.022326663737041084,-0.0003312782716295981,-0.09564188348361635,-0.15668102301643583,-0.038527539507632144,-0.3027842849976289,-0.3476285238161243,-0.2636337085844525
14,スコア,0.0,300,ev,-0.6998399694681869,-0.8243288358214435,-0.5881659951699038,0.06171764861873454,-0.0008801176670455435,,,,,,
14,スコア,0.0,300,mk,-1.000667828712786,-1.0578394393581902,-0.9385984912313523,0.031175745159299165,-0.0006826090623071046,,,,,,
14,無作為,0.02,200,ev,-0.4156128606470361,-0.48498032045873196,-0.3582019796082685,0.03288842215259838,-0.0005368953480472949,0.2842271088211508,0.22871548612627618,0.34418043018616196,0.0532013710420533,0.03672717560316571,0.0742409335881089
14,無作為,0.02,200,mk,-1.0343067642628618,-1.0804612253075476,-0.9827736154992082,0.025329729309821813,-0.00013549570408177836,-0.03363893555007591,-0.04765533396339967,-0.015055979440902645,-0.06548860365409304,-0.088274580624754,-0.03987942683685208
14,無作為,0.02,300,ev,-0.4228092534193197,-0.49433240019109637,-0.3639486184978841,0.03388803944151012,-0.0005583227850764483,0.27703071604886725,0.2231840642500767,0.3345479295554822,0.058110014556859824,0.04269764243582229,0.07771747792454206
14,無作為,0.02,300,mk,-1.0345851188299353,-1.081092988379728,-0.9821322993112913,0.02565556128503789,-0.00014020670465630936,-0.03391729011714939,-0.0465745741312832,-0.01690135858634863,-0.04864721528680582,-0.0680703097190407,-0.023985615424340516
14,無作為,0.4,0,ev,-0.055111104652936956,-0.07224890073551836,-0.04244279567025255,0.00816157407401898,-0.00018577401485594253,0.6447288648152499,0.5413757924382576,0.7556503287963454,-0.005824604523459544,-0.01584417977568256,0.0035166923129866736
14,無作為,0.4,0,mk,-1.0830007317464574,-1.1365916047035214,-1.0285791771305524,0.027381792780566558,-0.001192216250039957,-0.08233290303367147,-0.16518544243868089,-0.009498034587839595,-0.32631537226341023,-0.3703064122215952,-0.284093916628693
14,スコア,0.2,200,ev,-0.1251403554989664,-0.14754096018344798,-0.10556988287882242,0.011037388997504866,-0.00025123634322957167,0.5746996139692205,0.46615158075151597,0.6949094049666871,-0.01566796941703541,-0.03083700931326136,0.003988759685083054
14,スコア,0.2,200,mk,-0.9151153413992207,-0.9522675349093552,-0.8800253216753947,0.01861509980580253,-0.0002461055040047233,0.08555248731356524,0.027790808349974466,0.13083189640112855,0.21437051706941512,0.19007467810240297,0.23706410516111798
14,スコア,0.4,300,ev,-0.09979253055303244,-0.12372385611905504,-0.08212637526836092,0.011408711361885903,-0.000275606564091202,0.6000474389151544,0.49942499084567965,0.7064675528140522,-0.008839639333514726,-0.014445349873747897,-0.0030632536006101408
14,スコア,0.4,300,mk,-1.0218512168185898,-1.0668043589639524,-0.9795721217673359,0.02230105975057043,-0.0006149252430733831,-0.02118338810580389,-0.08273524457504922,0.03135194136803351,0.16009140077337491,0.14594970351532072,0.17247046941319844
14,スコア,0.05,300,ev,-0.34889214141802766,-0.38682232966939406,-0.3148649887888227,0.018410853022105093,-0.00031155939845256553,0.3509478280501593,0.2652195515263959,0.4615509294090271,-0.0815105592533415,-0.10964859250254788,-0.05151500099202044
14,スコア,0.05,300,mk,-0.9854594562754379,-1.046723246059394,-0.923213421832226,0.031738971594512756,-0.00007926983386530306,0.015208372437348072,0.003990582711239046,0.028594942321041768,0.08932727899622861,0.05778245076769852,0.11693229145917013
14,無作為,0.05,0,ev,-0.24386430508643436,-0.2887485617878826,-0.20954890279001226,0.020995571054055064,-0.0004176819205745086,0.4559756643817526,0.37488133027309556,0.5410660327265078,0.06375388745971977,0.02697827987277014,0.09669875040849671
14,無作為,0.05,0,mk,-1.0654369910767414,-1.1015313186721016,-1.022309157365883,0.02076502321423823,0.0002526024852413933,-0.06476916236395547,-0.09166733881212218,-0.03129648539256944,-0.16710602848417766,-0.21676853573725807,-0.12215850349332869
14,スコア,0.01,300,ev,-0.5485666861339307,-0.6317756721854267,-0.4685161697374078,0.04206370400251353,-0.0005111491378474442,0.15127328333425627,0.11318937730922138,0.19800885658368453,-0.01809236585159657,-0.03798116452368375,-0.00029966070043551594
14,スコア,0.01,300,mk,-0.9869318397916118,-1.0507345256103915,-0.9274778393529339,0.03160768402976631,-0.0006649480198883673,0.013735988921174114,0.0015158905972056493,0.027527430702341094,0.0296724148895946,0.013362302695843375,0.04411122863405788
14,スコア,0.1,0,ev,-0.18611240585975347,-0.20892380285919707,-0.1595039013407014,0.012956211262368183,-0.0001670880119549467,0.5137275636084335,0.40339674596156544,0.6480817019876982,-0.033988198605384407,-0.06356783477554241,0.0018261653871146455
14,スコア,0.1,0,mk,-0.8547724838867619,-0.9094259230992943,-0.8053325400429369,0.027063966162212696,0.00028960848384851356,0.14589534482602406,0.10109757772082191,0.18973808423967353,0.2367120626332404,0.1941561171700111,0.28556817312035987
14,無作為,0.02,0,ev,-0.40631887988321264,-0.4740765391535229,-0.35032151080150103,0.032109327440428555,-0.0005254670624253999,0.2935210895849743,0.23665901704752385,0.3550302830191657,0.047986059513957235,0.028598584901171002,0.07196117765713682
14,無作為,0.02,0,mk,-1.0322404397226372,-1.0768580732463953,-0.9817125060350257,0.024718941062832626,-0.00007318206815831729,-0.031572611009851315,-0.04677355091563213,-0.011022697520510242,-0.09090119414569364,-0.12208751934893736,-0.05977734785702329
14,スコア,0.02,130,ev,-0.46115836403130817,-0.5193095328487493,-0.4039754151050897,0.029317349468718765,-0.0003752438494151744,0.23868160543687877,0.17975841372883214,0.3163504553340002,-0.05013768642422972,-0.07299357575150706,-0.031891973951901804
14,スコア,0.02,130,mk,-0.9558142238655906,-1.024562149848178,-0.893732412201112,0.0334567952300131,-0.0006000639896920346,0.04485360484719536,0.024820442483972235,0.06729765832226033,0.0780707904306962,0.048616396922099216,0.10593999168872373
14,スコア,0.05,65,ev,-0.31001900736829396,-0.33994749419587894,-0.28042713475713965,0.01534825755482949,-0.00020247215733043555,0.389820962099893,0.29619294546067276,0.5122878908088808,-0.06469056109758836,-0.09735567789410517,-0.02847014160061201
14,スコア,0.05,65,mk,-0.9048503818134785,-0.971721910800303,-0.8432466129656453,0.033059568378975654,-0.000059247699755626826,0.09581744689930738,0.06667083970587115,0.12757840580406007,0.16221153638729202,0.1185844847767874,0.2100761154766798
14,スコア,0.4,200,ev,-0.07381471239738183,-0.0887421167745672,-0.06268504306046269,0.007095636828783658,-0.00017312707275478345,0.6260252570708051,0.5212613973308676,0.7388585717295333,0.00013845405645232511,-0.008128184116585266,0.008879438213935829
14,スコア,0.4,200,mk,-0.9237669178999484,-0.9806148261244697,-0.868192936806647,0.028725564803152727,-0.0013082382373408308,0.07690091081283756,-0.005844769260593231,0.1464676169635713,0.22831860393989456,0.2049390352659,0.25251940310183424
14,スコア,0.2,130,ev,-0.11082980496555593,-0.13033023040764016,-0.09252489656783412,0.009782926124891502,-0.00021025769646225434,0.589010164502631,0.47788704536914217,0.7119878972892107,-0.009833678689346037,-0.02568735727661648,0.010772008060676045
14,スコア,0.2,130,mk,-0.856178405773477,-0.898517919993486,-0.815226515492363,0.021588525783326984,-0.0002969050968472109,0.1444894229393089,0.0844435825630741,0.1921909381912393,0.26027275524702975,0.2297184187196404,0.29193522577799763
14,スコア,0.01,130,ev,-0.5341185055099082,-0.6129187983573033,-0.45663559470596266,0.04027109773503551,-0.00046696445902505435,0.1657214639582787,0.12408468045889973,0.21744671636418658,-0.011594332506965066,-0.03415409661923414,0.008094232587046878
14,スコア,0.01,130,mk,-0.9666754596900857,-1.032040760522359,-0.9082678446395918,0.03151936195097938,-0.000714234030820049,0.0339923690227002,0.015680540584447504,0.052980747925835174,0.049478908574253966,0.029705216838074183,0.06887311436869203
14,スコア,0.0,130,ev,-0.6998399694681869,-0.8243288358214435,-0.5881659951699038,0.06171764861873454,-0.0008801176670455435,,,,,,
14,スコア,0.0,130,mk,-1.000667828712786,-1.0578394393581902,-0.9385984912313523,0.031175745159299165,-0.0006826090623071046,,,,,,
14,スコア,0.01,200,ev,-0.5398196342557955,-0.620353010559702,-0.46119524208575896,0.04105597795546933,-0.0004851089072603898,0.16002033521239145,0.12010810462761429,0.20952551951676124,-0.014240886906856098,-0.03550060470626067,0.0046896588715870475
14,スコア,0.01,200,mk,-0.9754792932749721,-1.0396590891162572,-0.9176304521410915,0.031196252580396,-0.0006996526918040535,0.025188535437813853,0.00950928949878244,0.04194240069297178,0.04105224327037038,0.02322031887984203,0.05820583256897102
14,無作為,0.4,300,ev,-0.09095289121951772,-0.1187870753563159,-0.07017219964062829,0.013266167159427203,-0.00029495010137502164,0.6088870782486693,0.5114011012750656,0.7109617398210719,0.008839639333514726,0.0030632536006101377,0.014445349873747897
14,無作為,0.4,300,mk,-1.1819426175919647,-1.230987900017738,-1.130947683691147,0.025535599551431514,-0.0004941136666021251,-0.1812747888791788,-0.24454464636595805,-0.12058485803391505,-0.16009140077337491,-0.17247046941319844,-0.14594970351532072
14,スコア,0.02,0,ev,-0.45430493939716987,-0.5102222209731596,-0.398118152592302,0.02859357858378011,-0.0003600872342813255,0.24553503007101707,0.18512048591760966,0.325289908004927,-0.047986059513957235,-0.07196117765713683,-0.028598584901171006
14,スコア,0.02,0,mk,-0.9413392455769436,-1.0102966947059688,-0.8796600430112477,0.03339221325033007,-0.0005978635268542032,0.05932858313584233,0.03627416552862154,0.08404764565663538,0.09090119414569364,0.05977734785702328,0.12208751934893736
14,スコア,0.1,65,ev,-0.18898735532040614,-0.21219277439214895,-0.16212121281317354,0.01308859220692111,-0.00017522714754331092,0.5108526141477808,0.40120653180543936,0.6447623489950928,-0.03533352671352971,-0.06470069054570111,0.00019835380942546737
14,スコア,0.1,65,mk,-0.8653725009844867,-0.9191362453779661,-0.81742788601147,0.02653199690986701,0.00027683027799985105,0.13529532772829922,0.09223961950603561,0.1773546328666621,0.22802690729492336,0.18758591006657707,0.27465826439197427
14,スコア,0.0,200,ev,-0.6998399694681869,-0.8243288358214435,-0.5881659951699038,0.06171764861873454,-0.0008801176670455435,,,,,,
14,スコア,0.0,200,mk,-1.000667828712786,-1.0578394393581902,-0.9385984912313523,0.031175745159299165,-0.0006826090623071046,,,,,,
14,無作為,0.1,65,ev,-0.15365382860687643,-0.18703141145983193,-0.1285672834569498,0.01592637381443764,-0.00034719840953592596,0.5461861408613105,0.4535773164226653,0.6430391759936676,0.03533352671352971,-0.00019835380942547125,0.0647006905457011
14,無作為,0.1,65,mk,-1.09339940827941,-1.128301930367594,-1.052813639196044,0.019632173784581698,0.00023495239374149435,-0.09273157956662414,-0.13489028496053285,-0.048732996551877905,-0.22802690729492336,-0.2746582643919743,-0.18758591006657707
14,スコア,0.01,65,ev,-0.5301909045938734,-0.6077058324991589,-0.4530837828814427,0.039921754468010676,-0.0004546116849615256,0.16964906487431353,0.12718916412925177,0.22264968842665067,-0.01005332456143182,-0.03338777413328603,0.010313754037491032
14,スコア,0.01,65,mk,-0.9588635091255819,-1.023571263991199,-0.9016502859770748,0.031160160489782575,-0.000704545885529817,0.041804319587203986,0.02133502623167623,0.06259488621309098,0.05704227128960837,0.03637439434930828,0.07770638693453884
14,無作為,0.1,130,ev,-0.1594853312370469,-0.1941803408557957,-0.13343914621357958,0.016507926240190082,-0.0003587850718981822,0.54035463823114,0.44848784778228257,0.6363338970223809,0.03887302446303184,0.004994915195535654,0.06725455323632425
14,無作為,0.1,130,mk,-1.100584798644542,-1.1364728690939945,-1.059547435423369,0.019971195357943082,0.0002015999447897432,-0.09991696993175614,-0.14086992121476932,-0.05862249737775835,-0.20355381860113542,-0.238497322449421,-0.1720270079603442
14,スコア,0.05,0,ev,-0.30761819254615413,-0.33700152915986975,-0.2782317429365755,0.015224197841707404,-0.00019486261639800606,0.3922217769220328,0.2980876348505095,0.5154180538151332,-0.06375388745971977,-0.09669875040849672,-0.02697827987277014
14,スコア,0.05,0,mk,-0.8983309625925637,-0.965958748818402,-0.8356765209333559,0.033460403359112365,-0.00004929421108756937,0.10233686612022219,0.07169090011698233,0.1355816643943993,0.16710602848417766,0.12215850349332869,0.21676853573725807
14,スコア,0.05,200,ev,-0.33016332780065344,-0.36364458217401874,-0.2986494208416252,0.016682593903312726,-0.0002577889184736115,0.3696766416675335,0.2802176527687924,0.4859516679888779,-0.07318087933782608,-0.10316709817997695,-0.04109351557612606
14,スコア,0.05,200,mk,-0.9531968390750165,-1.014228816186973,-0.8942203705706313,0.030819654756352954,-0.00007712874302989725,0.04747098963776941,0.03079149266486381,0.06699304556765309,0.11886085480044573,0.08451822117366202,0.1518397352054376
14,スコア,0.02,65,ev,-0.4559726089016846,-0.5125013919661194,-0.3994707367237997,0.028804413861709944,-0.00036436661097732914,0.24386736056650232,0.1838914518360655,0.32302499458633666,-0.048538475723594265,-0.07215049072547525,-0.029596417609013596
14,スコア,0.02,65,mk,-0.9447359789869387,-1.0133749454697358,-0.8831538037008088,0.03332261803060084,-0.0005955478073306208,0.055931849725847194,0.033761084930365094,0.07988889261624699,0.08833469543846562,0.058333380828408554,0.11798957113024333
14,スコア,0.02,300,ev,-0.4809192679761795,-0.5451313745504486,-0.42037494880955184,0.03188173661789032,-0.00043366587757193154,0.21892070149200743,0.1646017226574492,0.28939301955857133,-0.058110014556859824,-0.07771747792454209,-0.04269764243582229
14,スコア,0.02,300,mk,-0.9859379035431295,-1.0526012631347301,-0.9233510901189315,0.03299844311432452,-0.0005528834936824323,0.014729925169656433,0.0014658881812497082,0.029596003581208147,0.04864721528680582,0.023985615424340516,0.06807030971904068
14,無作為,0.01,0,ev,-0.5193488582290277,-0.6061709450056688,-0.4443565772931209,0.04215572416822274,-0.0006371684416889289,0.18049111123915929,0.14367146830251798,0.22105148237180716,0.009646649258108542,-0.010788160757976869,0.033197453019216956
14,無作為,0.01,0,mk,-1.0155417254983747,-1.0645049025488431,-0.9609493792418845,0.026838977465320057,-0.0003024418296873055,-0.014873896785588814,-0.024153810628758883,-0.003013749602301794,-0.05893631169404445,-0.08037014387072186,-0.03757743705274103
14,スコア,0.1,300,ev,-0.23629893767305601,-0.26785884646142616,-0.20644466299650202,0.01602028606290732,-0.0003123768640218849,0.46354103179513095,0.3615975582563276,0.5843933593416335,-0.057088437216870985,-0.08224660726875783,-0.026838039752097434
14,スコア,0.1,300,mk,-0.9891253242586926,-1.0315884289312183,-0.9462476959785175,0.022075209422008083,0.00024279460925313856,0.011542504454093327,-0.017184123259680516,0.03661935933623006,0.12202669070066796,0.10255005373902891,0.1385810882784969
14,無作為,0.01,200,ev,-0.5255787473489394,-0.6139743640612606,-0.44970475225268836,0.04279832709788172,-0.0006500281926228313,0.17426122211924755,0.13827920216869405,0.21353539683872813,0.014240886906856098,-0.004689658871587049,0.03550060470626067
14,無作為,0.01,200,mk,-1.0165315365453425,-1.067229085905321,-0.9601776468714877,0.027790760728048928,-0.00032859871227230997,-0.01586370783255653,-0.023261921570210342,-0.006273275189156424,-0.04105224327037038,-0.058205832568971036,-0.023220318879842033
14,無作為,0.1,0,ev,-0.15212420725436906,-0.18522945552697334,-0.1272908239070144,0.01577508313873633,-0.0003443998358171607,0.5477157622138179,0.45481981454931825,0.6448907972368284,0.033988198605384407,-0.0018261653871146535,0.06356783477554241
14,無作為,0.1,0,mk,-1.0914845465200023,-1.1264332983330285,-1.0506978785266852,0.01966691974320802,0.00024750606316681356,-0.09081671780721634,-0.13252352836046843,-0.04704612021612389,-0.2367120626332404,-0.28556817312035987,-0.19415611717001113
14,無作為,0.4,130,ev,-0.06454686924805213,-0.08418048901327577,-0.049861209808040104,0.009383930410744309,-0.00021120356236253857,0.6352931002201349,0.533427441667164,0.7439016204756366,-0.00315748110352599,-0.012458422748460495,0.0056803520279457885
14,無作為,0.4,130,mk,-1.1245179867488344,-1.1787599648711389,-1.0698212599071282,0.02744588578883363,-0.001000427748049093,-0.12385015803604849,-0.20389470785626704,-0.05274691175696786,-0.2741216527233856,-0.30457590795590195,-0.24450687853761344
14,無作為,0.02,65,ev,-0.40743413317809035,-0.47516335929559006,-0.35137318833232795,0.032150408822731825,-0.0005267319884952326,0.2924058362900966,0.235528497826935,0.3538291748704042,0.048538475723594265,0.029596417609013596,0.07215049072547525
14,無作為,0.02,65,mk,-1.0330706744254043,-1.0782518005561612,-0.9817903544859046,0.02499071047957984,-0.00008430750117693897,-0.03240284571261842,-0.046989109186049045,-0.012362729007506075,-0.08833469543846562,-0.11798957113024335,-0.058333380828408554
14,スコア,0.0,0,ev,-0.6998399694681869,-0.8243288358214435,-0.5881659951699038,0.06171764861873454,-0.0008801176670455435,,,,,,
14,スコア,0.0,0,mk,-1.000667828712786,-1.0578394393581902,-0.9385984912313523,0.031175745159299165,-0.0006826090623071046,,,,,,
14,スコア,0.4,0,ev,-0.04928650012947741,-0.05806722428413841,-0.0421862210249566,0.004171194505809639,-0.00010388956323869464,0.6505534693387095,0.5406649789394818,0.7694845105399171,0.005824604523459544,-0.00351669231298668,0.01584417977568256
14,スコア,0.4,0,mk,-0.7566853594830472,-0.8217254427922386,-0.6937738099545927,0.03430641188582886,-0.0017122727093545898,0.24398246922973876,0.1626825808469911,0.3159322582099985,0.32631537226341023,0.284093916628693,0.3703064122215952
14,無作為,0.01,300,ev,-0.5304743202823341,-0.620358021988111,-0.4535569222673424,0.04350202455136456,-0.0006649107075449301,0.16936564918585284,0.13448137958950582,0.2070385029487713,0.01809236585159657,0.0002996607004355063,0.03798116452368374
14,無作為,0.01,300,mk,-1.0166042546812064,-1.0675832031406143,-0.9595711738695251,0.02814113273171518,-0.0003405649619798723,-0.015936425968420487,-0.022573345720276007,-0.007314222794033737,-0.0296724148895946,-0.04411122863405788,-0.013362302695843375
14,無作為,0.01,130,ev,-0.5225241730029432,-0.6102221785061064,-0.44718421957344656,0.042458145906364826,-0.000644549224990687,0.17731579646524376,0.14074492993620194,0.21737444123073568,0.011594332506965066,-0.00809423258704688,0.03415409661923414
14,無作為,0.01,130,mk,-1.0161543682643397,-1.0663203730081587,-0.9602325024622483,0.027524598978621292,-0.00031988361692603107,-0.015486539551553768,-0.02351095809917714,-0.0050712001126145215,-0.049478908574253966,-0.06887311436869203,-0.029705216838074193
14,スコア,0.02,200,ev,-0.4688142316890894,-0.5294106627506516,-0.4099040887686762,0.03041941912457449,-0.0004021328250685685,0.23102573777909752,0.17429166956685543,0.30561576515528877,-0.0532013710420533,-0.0742409335881089,-0.03672717560316571
14,スコア,0.02,200,mk,-0.9688181606087688,-1.0354993852262562,-0.9070009473820136,0.032832578271157105,-0.0005783188618058155,0.031849668104017126,0.015926163159721514,0.050051629222415094,0.06548860365409304,0.03987942683685208,0.088274580624754
14,無作為,0.2,65,ev,-0.09418226941451677,-0.11950042493536008,-0.07541463565713726,0.012050901106786353,-0.0002696557036347136,0.6056577000536701,0.5061909056382806,0.7102412693401664,0.006876463951473816,-0.014721858583788938,0.023450329978476316
14,無作為,0.2,65,mk,-1.1005949882523154,-1.1431967339774103,-1.0553137599492592,0.022488891300602373,-0.00028773585955366165,-0.09992715953952946,-0.1605740831332757,-0.043385463753186894,-0.29182989128230863,-0.33588184343669136,-0.25319676022169735
14,無作為,0.05,130,ev,-0.25030290144194,-0.2965134217343167,-0.21477939311755195,0.021591688935582845,-0.00042716039590284804,0.44953706802624693,0.36933144913263133,0.5332313049305074,0.06771033802559545,0.033054418023981416,0.0993018012343609
14,無作為,0.05,130,mk,-1.0688762596087487,-1.1054890981120846,-1.025495079367112,0.020922190012720183,0.00020493577694735698,-0.06820843089596274,-0.09517196619710194,-0.035806463871312214,-0.14283522328058162,-0.18376125826101997,-0.10300066942448097
14,無作為,0.2,300,ev,-0.1243789640045375,-0.1577940813907631,-0.09948404978172881,0.015924220125263146,-0.00035356129580574325,0.5754610054636494,0.48089895911459146,0.6726626008972465,0.02778290276955099,0.010823031672405633,0.040409506391353885
14,無作為,0.2,300,mk,-1.1458179134058946,-1.1877758658514985,-1.1002891357410942,0.022452503768540383,-0.000027143228771064898,-0.14515008469310864,-0.19404845220970102,-0.09760997790270384,-0.15243347075697067,-0.17111228902452336,-0.13534596227095833
14,スコア,0.1,200,ev,-0.21258512516746397,-0.2392223513052108,-0.18477170509647733,0.014096313802976494,-0.00024030438992894698,0.48725484430072297,0.38167365821126537,0.6142493380169683,-0.04570158374874431,-0.07305330871659446,-0.013197156843013516
14,スコア,0.1,200,mk,-0.9387269461101787,-0.9834651722012157,-0.8985164549625494,0.022266446801560893,0.00019297329314438283,0.06194088260260722,0.02824431583902304,0.09249979032875687,0.16724679808551468,0.13994503966592287,0.1939552672901994
