ts,open,high,low,close,volume,dtm,symbol
1777240800,27357.25,27399.75,27345.0,27395.5,4866,2026-04-26T22:00:00.000000,NQ=F
1777244400,27395.25,27398.0,27366.75,27384.0,4868,2026-04-26T23:00:00.000000,NQ=F
1777248000,27385.0,27474.5,27379.0,27455.5,9211,2026-04-27T00:00:00.000000,NQ=F
1777251600,27456.0,27540.0,27456.0,27537.75,10760,2026-04-27T01:00:00.000000,NQ=F
1777255200,27537.5,27542.5,27511.0,27518.75,4667,2026-04-27T02:00:00.000000,NQ=F
1777258800,27518.75,27536.25,27512.75,27527.5,3557,2026-04-27T03:00:00.000000,NQ=F
1777262400,27524.5,27540.0,27508.0,27517.75,3838,2026-04-27T04:00:00.000000,NQ=F
1777266000,27518.75,27520.25,27443.5,27449.5,6625,2026-04-27T05:00:00.000000,NQ=F
1777269600,27449.25,27456.0,27421.25,27434.0,5949,2026-04-27T06:00:00.000000,NQ=F
1777273200,27433.75,27443.5,27405.75,27426.0,5924,2026-04-27T07:00:00.000000,NQ=F
1777276800,27425.0,27444.75,27388.0,27440.75,6322,2026-04-27T08:00:00.000000,NQ=F
1777280400,27439.25,27466.25,27435.75,27455.0,4450,2026-04-27T09:00:00.000000,NQ=F
1777284000,27455.25,27483.25,27440.0,27475.5,4364,2026-04-27T10:00:00.000000,NQ=F
1777287600,27475.5,27500.25,27475.0,27482.0,6687,2026-04-27T11:00:00.000000,NQ=F
1777291200,27482.0,27483.75,27390.0,27419.25,16998,2026-04-27T12:00:00.000000,NQ=F
1777294800,27419.75,27435.0,27298.5,27401.75,79166,2026-04-27T13:00:00.000000,NQ=F
1777298400,27401.5,27409.5,27321.5,27368.0,74251,2026-04-27T14:00:00.000000,NQ=F
1777302000,27369.0,27383.0,27307.5,27367.25,50847,2026-04-27T15:00:00.000000,NQ=F
1777305600,27367.0,27406.5,27347.75,27390.5,27813,2026-04-27T16:00:00.000000,NQ=F
1777309200,27391.0,27439.75,27380.25,27428.5,31847,2026-04-27T17:00:00.000000,NQ=F
1777312800,27428.5,27437.25,27391.0,27399.25,20002,2026-04-27T18:00:00.000000,NQ=F
1777316400,27399.75,27454.75,27390.5,27445.0,36641,2026-04-27T19:00:00.000000,NQ=F
1777320000,27445.0,27446.0,27411.25,27418.5,10646,2026-04-27T20:00:00.000000,NQ=F
1777327200,27423.0,27501.5,27420.25,27484.75,0,2026-04-27T22:00:00.000000,NQ=F
1777330800,27484.75,27504.5,27474.75,27490.0,3422,2026-04-27T23:00:00.000000,NQ=F
1777334400,27490.25,27512.0,27450.25,27467.5,6354,2026-04-28T00:00:00.000000,NQ=F
1777338000,27468.0,27484.5,27417.5,27421.75,7422,2026-04-28T01:00:00.000000,NQ=F
1777341600,27423.5,27437.25,27386.0,27395.25,5653,2026-04-28T02:00:00.000000,NQ=F
1777345200,27394.0,27429.25,27388.5,27410.25,3487,2026-04-28T03:00:00.000000,NQ=F
1777348800,27411.25,27439.5,27411.25,27417.75,2466,2026-04-28T04:00:00.000000,NQ=F
1777352400,27417.75,27423.0,27350.0,27364.0,6424,2026-04-28T05:00:00.000000,NQ=F
1777356000,27363.0,27378.25,27322.0,27337.75,6088,2026-04-28T06:00:00.000000,NQ=F
1777359600,27337.0,27352.25,27320.0,27338.0,7182,2026-04-28T07:00:00.000000,NQ=F
1777363200,27338.0,27360.0,27302.5,27352.0,8258,2026-04-28T08:00:00.000000,NQ=F
1777366800,27352.0,27355.25,27256.5,27284.25,10237,2026-04-28T09:00:00.000000,NQ=F
1777370400,27284.75,27300.75,27238.75,27262.0,10017,2026-04-28T10:00:00.000000,NQ=F
1777374000,27261.25,27269.75,27080.5,27094.0,27092,2026-04-28T11:00:00.000000,NQ=F
1777377600,27094.75,27153.5,27036.5,27149.0,35178,2026-04-28T12:00:00.000000,NQ=F
1777381200,27148.75,27252.0,27068.25,27202.5,89537,2026-04-28T13:00:00.000000,NQ=F
1777384800,27201.75,27235.0,27012.5,27091.75,99909,2026-04-28T14:00:00.000000,NQ=F
1777388400,27091.25,27119.75,27009.5,27053.5,66014,2026-04-28T15:00:00.000000,NQ=F
1777392000,27053.5,27095.75,27028.0,27084.25,46498,2026-04-28T16:00:00.000000,NQ=F
1777395600,27084.5,27144.25,27047.5,27141.5,36323,2026-04-28T17:00:00.000000,NQ=F
1777399200,27141.5,27194.75,27120.75,27194.25,38578,2026-04-28T18:00:00.000000,NQ=F
1777402800,27194.75,27224.5,27154.5,27169.25,52163,2026-04-28T19:00:00.000000,NQ=F
1777406400,27169.25,27207.25,27147.25,27191.5,16330,2026-04-28T20:00:00.000000,NQ=F
1777413600,27197.25,27233.0,27197.25,27223.75,0,2026-04-28T22:00:00.000000,NQ=F
1777417200,27224.25,27247.75,27213.75,27247.5,3512,2026-04-28T23:00:00.000000,NQ=F
1777420800,27246.25,27294.0,27246.25,27264.0,6851,2026-04-29T00:00:00.000000,NQ=F
1777424400,27263.5,27270.0,27191.75,27246.5,10060,2026-04-29T01:00:00.000000,NQ=F
1777428000,27247.25,27281.5,27242.25,27267.5,6120,2026-04-29T02:00:00.000000,NQ=F
1777431600,27269.0,27293.5,27266.0,27285.0,2862,2026-04-29T03:00:00.000000,NQ=F
1777435200,27291.25,27312.25,27289.0,27297.75,2849,2026-04-29T04:00:00.000000,NQ=F
1777438800,27299.25,27309.75,27276.25,27297.25,2830,2026-04-29T05:00:00.000000,NQ=F
1777442400,27297.25,27317.25,27260.5,27265.75,5122,2026-04-29T06:00:00.000000,NQ=F
1777446000,27265.5,27288.5,27210.0,27237.75,7592,2026-04-29T07:00:00.000000,NQ=F
1777449600,27238.75,27261.5,27198.0,27241.25,8876,2026-04-29T08:00:00.000000,NQ=F
1777453200,27241.0,27270.0,27222.25,27229.0,5409,2026-04-29T09:00:00.000000,NQ=F
1777456800,27227.0,27288.5,27212.0,27264.0,5796,2026-04-29T10:00:00.000000,NQ=F
1777460400,27262.25,27285.0,27235.0,27251.25,6677,2026-04-29T11:00:00.000000,NQ=F
1777464000,27251.75,27253.0,27191.75,27225.75,11139,2026-04-29T12:00:00.000000,NQ=F
1777467600,27225.75,27251.25,27124.25,27220.25,57052,2026-04-29T13:00:00.000000,NQ=F
1777471200,27220.75,27315.5,27177.75,27302.25,59520,2026-04-29T14:00:00.000000,NQ=F
1777474800,27303.0,27309.5,27199.25,27240.25,62965,2026-04-29T15:00:00.000000,NQ=F
1777478400,27239.75,27273.5,27153.5,27199.25,46668,2026-04-29T16:00:00.000000,NQ=F
1777482000,27199.0,27254.0,27170.0,27249.5,32107,2026-04-29T17:00:00.000000,NQ=F
1777485600,27249.5,27301.0,27158.0,27295.25,49651,2026-04-29T18:00:00.000000,NQ=F
1777489200,27295.5,27340.25,27262.25,27337.0,57273,2026-04-29T19:00:00.000000,NQ=F
1777492800,27337.0,27414.0,27094.0,27148.75,56607,2026-04-29T20:00:00.000000,NQ=F
1777500000,27207.0,27500.0,27207.0,27471.25,0,2026-04-29T22:00:00.000000,NQ=F
1777503600,27473.25,27557.5,27452.0,27550.75,10923,2026-04-29T23:00:00.000000,NQ=F
1777507200,27551.75,27622.75,27551.25,27595.25,13307,2026-04-30T00:00:00.000000,NQ=F
1777510800,27594.25,27601.25,27556.0,27581.25,7819,2026-04-30T01:00:00.000000,NQ=F
1777514400,27581.25,27588.5,27386.5,27427.5,16636,2026-04-30T02:00:00.000000,NQ=F
1777518000,27424.75,27453.5,27402.5,27413.75,6576,2026-04-30T03:00:00.000000,NQ=F
1777521600,27359.5,27367.0,27231.5,27234.25,15553,2026-04-30T04:00:00.000000,NQ=F
1777525200,27233.5,27308.75,27221.75,27223.75,9248,2026-04-30T05:00:00.000000,NQ=F
1777528800,27223.5,27307.5,27185.25,27283.5,12417,2026-04-30T06:00:00.000000,NQ=F
1777532400,27282.25,27377.25,27269.75,27352.25,11247,2026-04-30T07:00:00.000000,NQ=F
1777536000,27351.5,27396.75,27324.75,27360.0,9082,2026-04-30T08:00:00.000000,NQ=F
1777539600,27359.5,27442.0,27330.75,27367.75,9920,2026-04-30T09:00:00.000000,NQ=F
1777543200,27368.25,27432.75,27350.5,27374.75,11926,2026-04-30T10:00:00.000000,NQ=F
1777546800,27376.5,27494.25,27371.5,27440.5,13471,2026-04-30T11:00:00.000000,NQ=F
1777550400,27440.25,27550.0,27438.0,27524.75,19829,2026-04-30T12:00:00.000000,NQ=F
1777554000,27522.75,27540.0,27203.0,27245.75,92763,2026-04-30T13:00:00.000000,NQ=F
1777557600,27247.25,27376.0,27163.25,27359.5,107261,2026-04-30T14:00:00.000000,NQ=F
1777561200,27359.25,27435.75,27331.25,27388.5,73225,2026-04-30T15:00:00.000000,NQ=F
1777564800,27388.25,27435.0,27347.75,27371.25,43050,2026-04-30T16:00:00.000000,NQ=F
1777568400,27370.75,27548.0,27369.5,27543.25,50556,2026-04-30T17:00:00.000000,NQ=F
1777572000,27543.5,27591.75,27542.0,27551.25,41998,2026-04-30T18:00:00.000000,NQ=F
1777575600,27551.25,27622.0,27542.0,27577.5,61845,2026-04-30T19:00:00.000000,NQ=F
1777579200,27578.5,27617.5,27557.0,27598.5,27488,2026-04-30T20:00:00.000000,NQ=F
1777586400,27631.75,27646.5,27556.25,27579.75,0,2026-04-30T22:00:00.000000,NQ=F
1777590000,27579.75,27624.25,27576.5,27594.25,5098,2026-04-30T23:00:00.000000,NQ=F
1777593600,27594.5,27641.5,27591.0,27625.5,5912,2026-05-01T00:00:00.000000,NQ=F
1777597200,27624.75,27658.25,27613.0,27650.25,4462,2026-05-01T01:00:00.000000,NQ=F
1777600800,27648.5,27652.25,27624.5,27642.0,3203,2026-05-01T02:00:00.000000,NQ=F
1777604400,27642.5,27674.5,27634.25,27644.5,4244,2026-05-01T03:00:00.000000,NQ=F
1777608000,27628.5,27636.0,27620.75,27628.5,2469,2026-05-01T04:00:00.000000,NQ=F
1777611600,27628.25,27640.75,27612.25,27616.75,2548,2026-05-01T05:00:00.000000,NQ=F
1777615200,27617.75,27628.5,27591.5,27596.5,3784,2026-05-01T06:00:00.000000,NQ=F
1777618800,27595.75,27625.75,27572.0,27579.5,5565,2026-05-01T07:00:00.000000,NQ=F
1777622400,27580.5,27597.75,27554.5,27566.75,3915,2026-05-01T08:00:00.000000,NQ=F
1777626000,27566.0,27576.0,27545.5,27569.75,3149,2026-05-01T09:00:00.000000,NQ=F
1777629600,27570.25,27580.75,27536.25,27569.75,3780,2026-05-01T10:00:00.000000,NQ=F
1777633200,27570.25,27575.0,27537.25,27564.25,5243,2026-05-01T11:00:00.000000,NQ=F
1777636800,27564.5,27625.75,27547.0,27577.0,14628,2026-05-01T12:00:00.000000,NQ=F
1777640400,27576.5,27875.75,27575.75,27873.5,82467,2026-05-01T13:00:00.000000,NQ=F
1777644000,27873.5,27909.25,27751.0,27814.75,92006,2026-05-01T14:00:00.000000,NQ=F
1777647600,27815.25,27917.0,27769.0,27890.75,59836,2026-05-01T15:00:00.000000,NQ=F
1777651200,27890.75,27901.5,27805.5,27831.5,47514,2026-05-01T16:00:00.000000,NQ=F
1777654800,27831.0,27897.0,27828.5,27883.75,30057,2026-05-01T17:00:00.000000,NQ=F
1777658400,27883.25,27890.25,27794.75,27821.75,38788,2026-05-01T18:00:00.000000,NQ=F
1777662000,27822.25,27900.75,27818.0,27837.0,54088,2026-05-01T19:00:00.000000,NQ=F
1777665600,27837.25,27837.5,27755.75,27835.75,18329,2026-05-01T20:00:00.000000,NQ=F
1777867200,27835.75,27953.25,27835.75,27938.75,0,2026-05-04T04:00:00.000000,NQ=F
1777870800,27938.0,27965.75,27930.5,27935.5,4371,2026-05-04T05:00:00.000000,NQ=F
1777874400,27935.75,27940.25,27872.25,27895.5,6667,2026-05-04T06:00:00.000000,NQ=F
1777878000,27896.5,27951.25,27881.25,27912.25,6911,2026-05-04T07:00:00.000000,NQ=F
1777881600,27912.0,27914.25,27864.25,27892.5,7613,2026-05-04T08:00:00.000000,NQ=F
1777885200,27894.5,27924.75,27883.5,27890.25,4384,2026-05-04T09:00:00.000000,NQ=F
1777888800,27891.0,27897.0,27662.25,27813.75,34641,2026-05-04T10:00:00.000000,NQ=F
1777892400,27815.0,27847.75,27778.75,27826.75,13480,2026-05-04T11:00:00.000000,NQ=F
1777896000,27828.5,27881.5,27828.25,27844.5,13055,2026-05-04T12:00:00.000000,NQ=F
1777899600,27845.25,27898.75,27787.5,27895.5,63659,2026-05-04T13:00:00.000000,NQ=F
1777903200,27896.0,27941.0,27844.0,27882.0,63333,2026-05-04T14:00:00.000000,NQ=F
1777906800,27882.0,27914.25,27697.25,27734.75,93848,2026-05-04T15:00:00.000000,NQ=F
1777910400,27734.25,27747.75,27613.0,27706.25,67985,2026-05-04T16:00:00.000000,NQ=F
1777914000,27705.25,27803.75,27704.0,27792.25,41694,2026-05-04T17:00:00.000000,NQ=F
1777917600,27792.25,27818.75,27718.0,27759.75,35847,2026-05-04T18:00:00.000000,NQ=F
1777921200,27759.0,27794.0,27739.75,27780.25,43310,2026-05-04T19:00:00.000000,NQ=F
1777924800,27779.75,27781.0,27738.75,27743.0,10217,2026-05-04T20:00:00.000000,NQ=F
1777932000,27760.0,27789.5,27740.75,27753.5,0,2026-05-04T22:00:00.000000,NQ=F
1777935600,27752.0,27764.75,27731.75,27745.5,2821,2026-05-04T23:00:00.000000,NQ=F
1777939200,27747.0,27793.0,27739.75,27785.0,6547,2026-05-05T00:00:00.000000,NQ=F
1777942800,27785.0,27833.25,27767.75,27815.25,5227,2026-05-05T01:00:00.000000,NQ=F
1777946400,27815.5,27841.0,27801.0,27815.5,4598,2026-05-05T02:00:00.000000,NQ=F
1777950000,27816.0,27848.5,27811.25,27842.0,2653,2026-05-05T03:00:00.000000,NQ=F
1777953600,27851.5,27852.25,27826.75,27828.25,2739,2026-05-05T04:00:00.000000,NQ=F
1777957200,27827.25,27855.0,27818.75,27852.75,3131,2026-05-05T05:00:00.000000,NQ=F
1777960800,27852.5,27887.0,27818.25,27880.75,5900,2026-05-05T06:00:00.000000,NQ=F
1777964400,27880.0,27926.75,27874.75,27882.0,7447,2026-05-05T07:00:00.000000,NQ=F
1777968000,27882.5,27942.25,27879.5,27929.75,6479,2026-05-05T08:00:00.000000,NQ=F
1777971600,27930.0,27958.5,27908.5,27936.75,6281,2026-05-05T09:00:00.000000,NQ=F
1777975200,27936.75,27959.0,27921.75,27934.75,6065,2026-05-05T10:00:00.000000,NQ=F
1777978800,27934.0,27947.25,27900.0,27943.75,7303,2026-05-05T11:00:00.000000,NQ=F
1777982400,27942.5,28006.0,27928.5,27973.5,12716,2026-05-05T12:00:00.000000,NQ=F
1777986000,27973.5,28112.0,27971.0,28085.25,71058,2026-05-05T13:00:00.000000,NQ=F
1777989600,28085.0,28139.25,28031.75,28096.0,80823,2026-05-05T14:00:00.000000,NQ=F
1777993200,28095.75,28149.75,28087.75,28127.0,41678,2026-05-05T15:00:00.000000,NQ=F
1777996800,28126.75,28152.5,28090.25,28125.5,36618,2026-05-05T16:00:00.000000,NQ=F
1778000400,28125.5,28167.75,28107.75,28159.0,27692,2026-05-05T17:00:00.000000,NQ=F
1778004000,28159.5,28186.25,28154.25,28169.25,24313,2026-05-05T18:00:00.000000,NQ=F
1778007600,28168.75,28188.25,28108.75,28135.5,48794,2026-05-05T19:00:00.000000,NQ=F
1778011200,28135.25,28247.0,28110.0,28207.25,28918,2026-05-05T20:00:00.000000,NQ=F
1778018400,28250.0,28422.0,28243.0,28376.25,0,2026-05-05T22:00:00.000000,NQ=F
1778022000,28375.25,28385.25,28345.5,28370.0,9870,2026-05-05T23:00:00.000000,NQ=F
1778025600,28369.5,28372.75,28248.0,28275.75,15427,2026-05-06T00:00:00.000000,NQ=F
1778029200,28275.25,28309.0,28267.75,28292.75,8244,2026-05-06T01:00:00.000000,NQ=F
1778032800,28292.0,28296.5,28261.5,28288.0,5362,2026-05-06T02:00:00.000000,NQ=F
1778036400,28287.75,28334.5,28282.75,28313.75,4605,2026-05-06T03:00:00.000000,NQ=F
1778040000,28319.25,28344.5,28312.0,28335.5,4206,2026-05-06T04:00:00.000000,NQ=F
1778043600,28334.75,28359.75,28326.0,28355.0,4420,2026-05-06T05:00:00.000000,NQ=F
1778047200,28354.25,28369.0,28300.0,28336.25,6639,2026-05-06T06:00:00.000000,NQ=F
1778050800,28335.25,28352.75,28308.0,28347.75,7539,2026-05-06T07:00:00.000000,NQ=F
1778054400,28348.0,28517.75,28323.75,28482.75,19683,2026-05-06T08:00:00.000000,NQ=F
1778058000,28482.5,28514.25,28415.0,28506.25,15780,2026-05-06T09:00:00.000000,NQ=F
1778061600,28507.75,28614.5,28501.5,28585.0,20829,2026-05-06T10:00:00.000000,NQ=F
1778065200,28584.0,28634.25,28512.0,28538.25,22846,2026-05-06T11:00:00.000000,NQ=F
1778068800,28539.25,28540.25,28426.25,28458.0,26465,2026-05-06T12:00:00.000000,NQ=F
1778072400,28457.75,28506.0,28336.0,28469.0,95539,2026-05-06T13:00:00.000000,NQ=F
1778076000,28468.25,28550.75,28385.0,28537.25,96046,2026-05-06T14:00:00.000000,NQ=F
1778079600,28537.5,28586.75,28518.0,28560.25,51617,2026-05-06T15:00:00.000000,NQ=F
1778083200,28560.5,28601.25,28512.25,28539.25,36067,2026-05-06T16:00:00.000000,NQ=F
1778086800,28539.5,28610.25,28528.5,28600.0,27477,2026-05-06T17:00:00.000000,NQ=F
1778090400,28599.5,28665.75,28591.75,28640.25,34337,2026-05-06T18:00:00.000000,NQ=F
1778094000,28640.0,28725.75,28637.75,28711.25,64456,2026-05-06T19:00:00.000000,NQ=F
1778097600,28711.0,28800.0,28694.5,28712.25,29298,2026-05-06T20:00:00.000000,NQ=F
1778104800,28662.75,28702.0,28650.0,28676.5,0,2026-05-06T22:00:00.000000,NQ=F
1778108400,28677.25,28694.5,28654.25,28670.25,4449,2026-05-06T23:00:00.000000,NQ=F
1778112000,28669.5,28695.0,28637.0,28662.0,7190,2026-05-07T00:00:00.000000,NQ=F
1778115600,28661.5,28716.0,28638.25,28697.0,5926,2026-05-07T01:00:00.000000,NQ=F
1778119200,28698.5,28706.75,28652.5,28687.0,5385,2026-05-07T02:00:00.000000,NQ=F
1778122800,28686.5,28702.5,28673.75,28695.75,2675,2026-05-07T03:00:00.000000,NQ=F
1778126400,28693.25,28713.5,28692.0,28705.0,2529,2026-05-07T04:00:00.000000,NQ=F
1778130000,28704.75,28727.75,28694.25,28720.25,3489,2026-05-07T05:00:00.000000,NQ=F
1778133600,28720.0,28748.75,28695.0,28737.5,5651,2026-05-07T06:00:00.000000,NQ=F
1778137200,28737.25,28805.25,28728.5,28777.5,11353,2026-05-07T07:00:00.000000,NQ=F
1778140800,28779.5,28814.5,28728.75,28736.75,8718,2026-05-07T08:00:00.000000,NQ=F
1778144400,28736.25,28762.5,28711.0,28730.25,6294,2026-05-07T09:00:00.000000,NQ=F
1778148000,28729.75,28743.0,28690.25,28727.0,5726,2026-05-07T10:00:00.000000,NQ=F
1778151600,28728.0,28751.0,28705.25,28732.0,7897,2026-05-07T11:00:00.000000,NQ=F
1778155200,28732.25,28760.75,28717.0,28755.25,10326,2026-05-07T12:00:00.000000,NQ=F
1778158800,28755.25,28803.0,28708.0,28781.5,73171,2026-05-07T13:00:00.000000,NQ=F
1778162400,28781.5,28944.75,28779.0,28928.5,82644,2026-05-07T14:00:00.000000,NQ=F
1778166000,28928.0,28930.5,28772.75,28784.25,71365,2026-05-07T15:00:00.000000,NQ=F
1778169600,28785.5,28788.25,28637.0,28696.75,91043,2026-05-07T16:00:00.000000,NQ=F
1778173200,28697.5,28713.5,28552.0,28696.5,83794,2026-05-07T17:00:00.000000,NQ=F
1778176800,28696.75,28721.5,28582.75,28644.75,63658,2026-05-07T18:00:00.000000,NQ=F
1778180400,28645.0,28708.75,28586.75,28683.75,63669,2026-05-07T19:00:00.000000,NQ=F
1778184000,28684.25,28766.25,28633.0,28644.0,24833,2026-05-07T20:00:00.000000,NQ=F
1778191200,28582.0,28670.75,28541.0,28614.5,0,2026-05-07T22:00:00.000000,NQ=F
1778194800,28615.25,28679.75,28607.75,28679.5,3217,2026-05-07T23:00:00.000000,NQ=F
1778198400,28679.75,28747.5,28679.75,28744.75,6891,2026-05-08T00:00:00.000000,NQ=F
1778202000,28744.75,28782.25,28744.0,28760.5,5576,2026-05-08T01:00:00.000000,NQ=F
1778205600,28761.0,28773.25,28709.5,28747.5,6106,2026-05-08T02:00:00.000000,NQ=F
1778209200,28748.25,28776.75,28743.75,28775.25,2423,2026-05-08T03:00:00.000000,NQ=F
1778212800,28775.5,28796.0,28758.25,28779.0,2767,2026-05-08T04:00:00.000000,NQ=F
1778216400,28780.25,28829.5,28779.25,28804.5,4085,2026-05-08T05:00:00.000000,NQ=F
1778220000,28803.75,28838.5,28783.5,28836.25,4704,2026-05-08T06:00:00.000000,NQ=F
1778223600,28835.5,28837.0,28803.5,28828.0,5897,2026-05-08T07:00:00.000000,NQ=F
1778227200,28827.75,28869.0,28824.25,28862.0,6687,2026-05-08T08:00:00.000000,NQ=F
1778230800,28863.0,28897.0,28831.5,28852.25,7216,2026-05-08T09:00:00.000000,NQ=F
1778234400,28851.5,28890.0,28841.25,28863.5,5580,2026-05-08T10:00:00.000000,NQ=F
1778238000,28864.0,28915.0,28864.0,28898.5,7239,2026-05-08T11:00:00.000000,NQ=F
1778241600,28897.75,28976.0,28877.0,28912.25,20833,2026-05-08T12:00:00.000000,NQ=F
1778245200,28911.5,29111.25,28859.5,29107.25,76782,2026-05-08T13:00:00.000000,NQ=F
1778248800,29106.5,29175.25,29073.5,29162.0,79997,2026-05-08T14:00:00.000000,NQ=F
1778252400,29162.25,29217.75,29124.75,29191.5,59511,2026-05-08T15:00:00.000000,NQ=F
1778256000,29191.0,29247.75,29190.25,29241.0,42037,2026-05-08T16:00:00.000000,NQ=F
1778259600,29241.25,29317.5,29235.0,29264.25,48471,2026-05-08T17:00:00.000000,NQ=F
1778263200,29264.25,29305.5,29237.75,29240.5,34212,2026-05-08T18:00:00.000000,NQ=F
1778266800,29240.5,29341.0,29238.5,29340.0,63268,2026-05-08T19:00:00.000000,NQ=F
1778270400,29339.5,29386.75,29330.25,29332.5,23924,2026-05-08T20:00:00.000000,NQ=F
1778450400,29281.75,29299.25,29225.75,29294.5,6969,2026-05-10T22:00:00.000000,NQ=F
1778454000,29293.75,29346.25,29290.5,29305.0,9801,2026-05-10T23:00:00.000000,NQ=F
1778457600,29304.5,29399.75,29264.75,29295.75,17552,2026-05-11T00:00:00.000000,NQ=F
1778461200,29295.0,29353.0,29245.0,29339.25,14778,2026-05-11T01:00:00.000000,NQ=F
1778464800,29338.75,29361.0,29322.5,29337.25,6973,2026-05-11T02:00:00.000000,NQ=F
1778468400,29337.5,29348.25,29310.75,29325.0,6442,2026-05-11T03:00:00.000000,NQ=F
1778472000,29324.25,29344.25,29293.0,29342.25,3578,2026-05-11T04:00:00.000000,NQ=F
1778475600,29342.25,29356.25,29317.5,29321.75,4882,2026-05-11T05:00:00.000000,NQ=F
1778479200,29321.5,29354.0,29300.25,29321.5,5656,2026-05-11T06:00:00.000000,NQ=F
1778482800,29322.0,29330.0,29287.5,29322.5,6231,2026-05-11T07:00:00.000000,NQ=F
1778486400,29322.5,29330.75,29263.25,29298.0,7663,2026-05-11T08:00:00.000000,NQ=F
1778490000,29297.0,29366.0,29295.0,29315.5,8699,2026-05-11T09:00:00.000000,NQ=F
1778493600,29315.25,29333.5,29289.25,29301.25,5888,2026-05-11T10:00:00.000000,NQ=F
1778497200,29301.5,29389.0,29300.75,29347.75,10515,2026-05-11T11:00:00.000000,NQ=F
1778500800,29349.0,29353.25,29259.25,29297.75,17724,2026-05-11T12:00:00.000000,NQ=F
1778504400,29297.0,29434.75,29281.5,29310.25,78647,2026-05-11T13:00:00.000000,NQ=F
1778508000,29311.25,29417.75,29246.75,29391.5,80080,2026-05-11T14:00:00.000000,NQ=F
1778511600,29390.75,29475.25,29359.75,29465.25,51137,2026-05-11T15:00:00.000000,NQ=F
1778515200,29465.25,29480.0,29369.0,29405.0,43158,2026-05-11T16:00:00.000000,NQ=F
1778518800,29404.5,29476.5,29377.25,29441.5,35833,2026-05-11T17:00:00.000000,NQ=F
1778522400,29442.0,29475.0,29386.0,29387.75,32397,2026-05-11T18:00:00.000000,NQ=F
1778526000,29388.75,29434.5,29371.25,29429.25,62343,2026-05-11T19:00:00.000000,NQ=F
1778529600,29428.5,29430.0,29314.75,29400.0,18835,2026-05-11T20:00:00.000000,NQ=F
1778536800,29399.0,29455.75,29398.0,29444.5,0,2026-05-11T22:00:00.000000,NQ=F
1778540400,29446.5,29454.0,29418.25,29428.25,3730,2026-05-11T23:00:00.000000,NQ=F
1778544000,29428.25,29428.25,29353.25,29378.5,8179,2026-05-12T00:00:00.000000,NQ=F
1778547600,29378.5,29392.0,29227.0,29270.0,15887,2026-05-12T01:00:00.000000,NQ=F
1778551200,29270.5,29365.25,29260.0,29361.25,10919,2026-05-12T02:00:00.000000,NQ=F
1778554800,29361.5,29364.0,29320.25,29326.25,4371,2026-05-12T03:00:00.000000,NQ=F
1778558400,29332.25,29337.5,29282.5,29282.75,4240,2026-05-12T04:00:00.000000,NQ=F
1778562000,29282.75,29303.0,29271.0,29282.5,4643,2026-05-12T05:00:00.000000,NQ=F
1778565600,29282.25,29292.25,29214.0,29219.5,6274,2026-05-12T06:00:00.000000,NQ=F
1778569200,29219.25,29254.5,29176.0,29240.0,9737,2026-05-12T07:00:00.000000,NQ=F
1778572800,29240.75,29245.25,29174.0,29214.0,9821,2026-05-12T08:00:00.000000,NQ=F
1778576400,29213.75,29246.5,29175.25,29221.0,8720,2026-05-12T09:00:00.000000,NQ=F
1778580000,29221.5,29250.25,29184.5,29207.75,6824,2026-05-12T10:00:00.000000,NQ=F
1778583600,29207.5,29217.0,29133.0,29166.25,13136,2026-05-12T11:00:00.000000,NQ=F
1778587200,29165.75,29232.25,29113.0,29224.0,23138,2026-05-12T12:00:00.000000,NQ=F
1778590800,29222.75,29296.0,29109.75,29129.5,99330,2026-05-12T13:00:00.000000,NQ=F
1778594400,29129.0,29228.25,29000.0,29014.25,112278,2026-05-12T14:00:00.000000,NQ=F
1778598000,29013.75,29031.0,28828.5,28839.75,86908,2026-05-12T15:00:00.000000,NQ=F
1778601600,28840.0,28913.5,28742.0,28749.0,64678,2026-05-12T16:00:00.000000,NQ=F
1778605200,28749.5,28929.75,28749.0,28920.5,57324,2026-05-12T17:00:00.000000,NQ=F
1778608800,28920.25,29007.25,28911.25,28956.0,53945,2026-05-12T18:00:00.000000,NQ=F
1778612400,28956.25,29188.25,28955.75,29174.5,74187,2026-05-12T19:00:00.000000,NQ=F
1778616000,29174.25,29176.0,29103.0,29134.25,20596,2026-05-12T20:00:00.000000,NQ=F
1778623200,29143.75,29187.0,29133.5,29142.5,0,2026-05-12T22:00:00.000000,NQ=F
1778626800,29142.0,29158.75,29077.5,29082.0,7133,2026-05-12T23:00:00.000000,NQ=F
1778630400,29081.75,29157.0,29055.5,29145.25,9630,2026-05-13T00:00:00.000000,NQ=F
1778634000,29144.0,29260.25,29142.25,29214.75,12041,2026-05-13T01:00:00.000000,NQ=F
1778637600,29214.75,29240.5,29202.25,29223.0,5771,2026-05-13T02:00:00.000000,NQ=F
1778641200,29222.25,29264.75,29203.25,29252.5,4966,2026-05-13T03:00:00.000000,NQ=F
1778644800,29261.75,29297.75,29255.5,29287.5,5401,2026-05-13T04:00:00.000000,NQ=F
1778648400,29287.0,29310.0,29275.5,29297.0,4967,2026-05-13T05:00:00.000000,NQ=F
1778652000,29296.25,29352.0,29290.5,29309.0,7309,2026-05-13T06:00:00.000000,NQ=F
1778655600,29309.75,29371.5,29289.5,29370.25,6765,2026-05-13T07:00:00.000000,NQ=F
1778659200,29371.25,29447.0,29369.5,29412.75,10823,2026-05-13T08:00:00.000000,NQ=F
1778662800,29412.75,29426.5,29366.75,29421.0,6885,2026-05-13T09:00:00.000000,NQ=F
1778666400,29421.0,29423.25,29367.5,29384.5,5648,2026-05-13T10:00:00.000000,NQ=F
1778670000,29384.25,29394.5,29348.0,29370.0,7842,2026-05-13T11:00:00.000000,NQ=F
1778673600,29369.5,29404.75,29200.0,29236.25,29302,2026-05-13T12:00:00.000000,NQ=F
1778677200,29237.5,29304.75,29075.0,29169.25,95800,2026-05-13T13:00:00.000000,NQ=F
1778680800,29170.25,29322.0,29112.0,29317.5,84205,2026-05-13T14:00:00.000000,NQ=F
1778684400,29317.5,29386.75,29281.5,29310.0,52031,2026-05-13T15:00:00.000000,NQ=F
1778688000,29310.25,29463.5,29299.25,29447.75,49050,2026-05-13T16:00:00.000000,NQ=F
1778691600,29448.0,29496.25,29442.5,29444.25,33828,2026-05-13T17:00:00.000000,NQ=F
1778695200,29445.25,29565.5,29441.5,29472.25,47887,2026-05-13T18:00:00.000000,NQ=F
1778698800,29472.5,29540.0,29449.5,29476.0,51298,2026-05-13T19:00:00.000000,NQ=F
1778702400,29476.0,29547.0,29448.75,29536.0,16736,2026-05-13T20:00:00.000000,NQ=F
1778709600,29537.0,29609.25,29528.0,29590.25,0,2026-05-13T22:00:00.000000,NQ=F
1778713200,29590.25,29648.5,29590.25,29631.25,9305,2026-05-13T23:00:00.000000,NQ=F
1778716800,29631.75,29693.0,29590.5,29681.0,13662,2026-05-14T00:00:00.000000,NQ=F
1778720400,29680.75,29682.75,29603.0,29607.75,8881,2026-05-14T01:00:00.000000,NQ=F
1778724000,29609.0,29635.0,29572.0,29587.25,5771,2026-05-14T02:00:00.000000,NQ=F
1778727600,29586.75,29610.75,29521.5,29527.25,7227,2026-05-14T03:00:00.000000,NQ=F
1778731200,29533.75,29598.75,29533.75,29567.5,5935,2026-05-14T04:00:00.000000,NQ=F
1778734800,29568.0,29613.0,29535.25,29603.25,7302,2026-05-14T05:00:00.000000,NQ=F
1778738400,29603.75,29640.75,29602.75,29607.25,6693,2026-05-14T06:00:00.000000,NQ=F
1778742000,29608.75,29633.0,29567.0,29573.5,6342,2026-05-14T07:00:00.000000,NQ=F
1778745600,29574.75,29629.75,29546.5,29576.0,8556,2026-05-14T08:00:00.000000,NQ=F
1778749200,29577.25,29589.5,29480.5,29533.25,9078,2026-05-14T09:00:00.000000,NQ=F
1778752800,29532.75,29593.5,29514.5,29545.0,9885,2026-05-14T10:00:00.000000,NQ=F
1778756400,29544.0,29577.25,29508.25,29540.0,7377,2026-05-14T11:00:00.000000,NQ=F
1778760000,29540.0,29575.0,29476.5,29494.5,12485,2026-05-14T12:00:00.000000,NQ=F
1778763600,29494.25,29684.75,29448.25,29541.75,96104,2026-05-14T13:00:00.000000,NQ=F
1778767200,29542.0,29730.0,29533.0,29674.25,88933,2026-05-14T14:00:00.000000,NQ=F
1778770800,29674.75,29773.75,29665.0,29755.25,53805,2026-05-14T15:00:00.000000,NQ=F
1778774400,29756.0,29782.0,29692.25,29728.0,49743,2026-05-14T16:00:00.000000,NQ=F
1778778000,29728.25,29754.5,29595.25,29731.0,65693,2026-05-14T17:00:00.000000,NQ=F
1778781600,29730.75,29730.75,29640.5,29708.5,51007,2026-05-14T18:00:00.000000,NQ=F
1778785200,29709.0,29735.0,29678.5,29686.75,52971,2026-05-14T19:00:00.000000,NQ=F
1778788800,29686.75,29737.75,29633.75,29688.5,17229,2026-05-14T20:00:00.000000,NQ=F
1778796000,29690.0,29720.5,29670.0,29708.5,0,2026-05-14T22:00:00.000000,NQ=F
1778799600,29708.5,29734.0,29674.75,29687.5,4699,2026-05-14T23:00:00.000000,NQ=F
1778803200,29687.0,29727.0,29636.5,29684.0,9243,2026-05-15T00:00:00.000000,NQ=F
1778806800,29684.25,29691.5,29512.75,29519.0,13158,2026-05-15T01:00:00.000000,NQ=F
1778810400,29519.0,29600.25,29493.75,29581.0,11827,2026-05-15T02:00:00.000000,NQ=F
1778814000,29581.25,29593.5,29531.25,29568.75,6894,2026-05-15T03:00:00.000000,NQ=F
1778817600,29545.5,29555.0,29445.75,29462.5,9025,2026-05-15T04:00:00.000000,NQ=F
1778821200,29462.0,29464.0,29280.5,29282.5,15469,2026-05-15T05:00:00.000000,NQ=F
1778824800,29281.75,29414.5,29248.0,29404.5,20231,2026-05-15T06:00:00.000000,NQ=F
1778828400,29402.5,29469.25,29376.5,29405.75,13688,2026-05-15T07:00:00.000000,NQ=F
1778832000,29406.25,29413.0,29186.75,29264.25,22603,2026-05-15T08:00:00.000000,NQ=F
1778835600,29266.0,29289.25,29177.0,29223.25,17092,2026-05-15T09:00:00.000000,NQ=F
1778839200,29225.5,29375.5,29200.0,29328.25,20683,2026-05-15T10:00:00.000000,NQ=F
1778842800,29328.75,29355.0,29250.75,29254.5,11833,2026-05-15T11:00:00.000000,NQ=F
1778846400,29255.0,29255.5,29142.5,29190.0,25171,2026-05-15T12:00:00.000000,NQ=F
1778850000,29191.0,29291.0,29089.75,29143.25,113204,2026-05-15T13:00:00.000000,NQ=F
1778853600,29144.0,29382.75,29132.0,29281.25,111015,2026-05-15T14:00:00.000000,NQ=F
1778857200,29281.0,29382.0,29212.0,29281.25,72996,2026-05-15T15:00:00.000000,NQ=F
1778860800,29282.0,29351.0,29251.5,29322.75,46787,2026-05-15T16:00:00.000000,NQ=F
1778864400,29323.25,29453.75,29312.0,29447.25,40113,2026-05-15T17:00:00.000000,NQ=F
1778868000,29449.0,29486.75,29316.0,29389.75,52286,2026-05-15T18:00:00.000000,NQ=F
1778871600,29389.5,29398.25,29208.25,29231.25,66260,2026-05-15T19:00:00.000000,NQ=F
1778875200,29230.5,29233.75,29111.0,29231.75,30121,2026-05-15T20:00:00.000000,NQ=F
1779055200,29270.25,29279.25,29190.5,29232.75,11299,2026-05-17T22:00:00.000000,NQ=F
1779058800,29233.0,29248.5,29011.75,29119.0,20877,2026-05-17T23:00:00.000000,NQ=F
1779062400,29116.75,29145.0,28937.5,29033.75,27259,2026-05-18T00:00:00.000000,NQ=F
1779066000,29033.25,29051.0,28926.0,29023.25,16348,2026-05-18T01:00:00.000000,NQ=F
1779069600,29021.5,29093.5,28991.0,29010.75,11423,2026-05-18T02:00:00.000000,NQ=F
1779073200,29011.75,29071.25,29003.75,29058.5,7344,2026-05-18T03:00:00.000000,NQ=F
1779076800,29056.0,29116.5,29020.0,29051.0,8576,2026-05-18T04:00:00.000000,NQ=F
1779080400,29051.25,29097.25,29021.25,29043.25,8036,2026-05-18T05:00:00.000000,NQ=F
1779084000,29042.0,29113.0,28990.5,29111.5,11683,2026-05-18T06:00:00.000000,NQ=F
1779087600,29111.75,29175.75,29060.0,29121.0,16528,2026-05-18T07:00:00.000000,NQ=F
1779091200,29121.75,29242.5,29121.75,29241.0,14485,2026-05-18T08:00:00.000000,NQ=F
1779094800,29240.75,29249.25,29169.0,29189.0,9149,2026-05-18T09:00:00.000000,NQ=F
1779098400,29190.0,29195.75,29080.25,29120.0,9150,2026-05-18T10:00:00.000000,NQ=F
1779102000,29120.25,29274.25,29052.0,29177.5,23617,2026-05-18T11:00:00.000000,NQ=F
1779105600,29178.75,29419.75,29171.75,29408.0,33830,2026-05-18T12:00:00.000000,NQ=F
1779109200,29408.25,29419.0,29135.0,29243.75,107643,2026-05-18T13:00:00.000000,NQ=F
1779112800,29242.5,29299.0,28970.75,29082.5,125229,2026-05-18T14:00:00.000000,NQ=F
1779116400,29082.25,29126.25,28941.5,28997.25,77183,2026-05-18T15:00:00.000000,NQ=F
1779120000,28996.25,29074.0,28842.5,29006.0,76630,2026-05-18T16:00:00.000000,NQ=F
1779123600,29004.75,29038.0,28959.75,29014.0,44137,2026-05-18T17:00:00.000000,NQ=F
1779127200,29014.25,29020.5,28814.75,28840.0,61401,2026-05-18T18:00:00.000000,NQ=F
1779130800,28842.25,29114.0,28837.75,29098.75,98880,2026-05-18T19:00:00.000000,NQ=F
1779134400,29099.5,29110.0,29068.5,29076.0,13662,2026-05-18T20:00:00.000000,NQ=F
1779141600,29100.0,29173.5,29090.25,29158.0,0,2026-05-18T22:00:00.000000,NQ=F
1779145200,29158.0,29185.0,29114.25,29134.75,6939,2026-05-18T23:00:00.000000,NQ=F
1779148800,29134.5,29188.5,29076.25,29084.0,11932,2026-05-19T00:00:00.000000,NQ=F
1779152400,29080.75,29097.5,28989.5,29013.5,11087,2026-05-19T01:00:00.000000,NQ=F
1779156000,29012.5,29014.5,28929.75,28972.0,9951,2026-05-19T02:00:00.000000,NQ=F
1779159600,28971.5,29038.0,28944.75,28985.0,5555,2026-05-19T03:00:00.000000,NQ=F
1779163200,28951.0,28974.0,28905.0,28963.5,8174,2026-05-19T04:00:00.000000,NQ=F
1779166800,28964.25,28982.0,28885.0,28935.0,8231,2026-05-19T05:00:00.000000,NQ=F
1779170400,28936.25,29021.75,28905.0,29020.5,8768,2026-05-19T06:00:00.000000,NQ=F
1779174000,29020.75,29125.25,29005.75,29102.75,9580,2026-05-19T07:00:00.000000,NQ=F
1779177600,29103.25,29117.0,28973.75,29005.75,9990,2026-05-19T08:00:00.000000,NQ=F
1779181200,29004.75,29005.5,28836.0,28915.25,13611,2026-05-19T09:00:00.000000,NQ=F
1779184800,28914.5,28931.0,28840.0,28923.75,13344,2026-05-19T10:00:00.000000,NQ=F
1779188400,28923.25,28950.75,28853.75,28853.75,10455,2026-05-19T11:00:00.000000,NQ=F
1779192000,28854.5,28937.75,28831.0,28912.75,16315,2026-05-19T12:00:00.000000,NQ=F
1779195600,28912.25,29068.0,28802.75,28937.75,115679,2026-05-19T13:00:00.000000,NQ=F
1779199200,28936.75,28944.0,28663.0,28804.0,135025,2026-05-19T14:00:00.000000,NQ=F
1779202800,28803.75,28877.75,28726.0,28815.75,68756,2026-05-19T15:00:00.000000,NQ=F
1779206400,28818.0,29034.75,28791.5,29021.75,57143,2026-05-19T16:00:00.000000,NQ=F
1779210000,29022.5,29126.5,29007.0,29068.75,56186,2026-05-19T17:00:00.000000,NQ=F
1779213600,29069.25,29101.75,28941.75,28959.5,44667,2026-05-19T18:00:00.000000,NQ=F
1779217200,28959.75,29059.75,28867.0,28923.25,63437,2026-05-19T19:00:00.000000,NQ=F
1779220800,28923.75,28941.5,28887.5,28899.25,13325,2026-05-19T20:00:00.000000,NQ=F
1779228000,28929.75,28956.5,28863.25,28911.5,0,2026-05-19T22:00:00.000000,NQ=F
1779231600,28910.5,29024.25,28904.0,28950.5,7022,2026-05-19T23:00:00.000000,NQ=F
1779235200,28950.0,28971.5,28797.25,28938.75,16742,2026-05-20T00:00:00.000000,NQ=F
1779238800,28939.5,28999.0,28858.25,28980.25,11683,2026-05-20T01:00:00.000000,NQ=F
1779242400,28982.0,29017.25,28866.25,28884.75,9442,2026-05-20T02:00:00.000000,NQ=F
1779246000,28884.75,28914.0,28839.0,28897.0,6297,2026-05-20T03:00:00.000000,NQ=F
1779249600,28926.75,28949.5,28870.5,28882.25,4107,2026-05-20T04:00:00.000000,NQ=F
1779253200,28885.0,28982.5,28885.0,28955.0,6189,2026-05-20T05:00:00.000000,NQ=F
1779256800,28952.5,29039.75,28950.75,29038.75,6259,2026-05-20T06:00:00.000000,NQ=F
1779260400,29039.5,29065.0,29014.25,29027.25,6296,2026-05-20T07:00:00.000000,NQ=F
1779264000,29027.5,29136.75,29024.0,29099.25,9215,2026-05-20T08:00:00.000000,NQ=F
1779267600,29095.75,29149.75,29066.75,29124.0,5617,2026-05-20T09:00:00.000000,NQ=F
1779271200,29124.75,29157.75,29103.5,29109.0,6715,2026-05-20T10:00:00.000000,NQ=F
1779274800,29110.0,29129.0,29063.5,29080.75,6852,2026-05-20T11:00:00.000000,NQ=F
1779278400,29081.75,29169.25,29073.25,29104.5,14592,2026-05-20T12:00:00.000000,NQ=F
1779282000,29103.75,29194.75,29023.25,29100.5,94594,2026-05-20T13:00:00.000000,NQ=F
1779285600,29100.75,29279.5,29008.5,29261.25,108830,2026-05-20T14:00:00.000000,NQ=F
1779289200,29261.5,29395.5,29230.75,29331.5,68445,2026-05-20T15:00:00.000000,NQ=F
1779292800,29331.5,29337.5,29210.0,29261.75,51601,2026-05-20T16:00:00.000000,NQ=F
1779296400,29263.0,29326.0,29229.0,29301.25,34154,2026-05-20T17:00:00.000000,NQ=F
1779300000,29302.5,29345.0,29275.25,29300.5,30253,2026-05-20T18:00:00.000000,NQ=F
1779303600,29301.25,29396.75,29298.25,29396.0,49546,2026-05-20T19:00:00.000000,NQ=F
1779307200,29395.5,29397.5,29247.25,29390.5,31915,2026-05-20T20:00:00.000000,NQ=F
1779314400,29253.0,29278.5,29113.0,29191.5,0,2026-05-20T22:00:00.000000,NQ=F
1779318000,29191.75,29225.0,29164.0,29192.25,5156,2026-05-20T23:00:00.000000,NQ=F
1779321600,29193.0,29232.5,29171.0,29222.0,6484,2026-05-21T00:00:00.000000,NQ=F
1779325200,29221.75,29320.5,29221.75,29313.25,7635,2026-05-21T01:00:00.000000,NQ=F
1779328800,29315.0,29377.25,29312.5,29329.0,6305,2026-05-21T02:00:00.000000,NQ=F
1779332400,29329.75,29381.5,29325.25,29361.75,3914,2026-05-21T03:00:00.000000,NQ=F
1779336000,29377.75,29428.75,29374.25,29418.25,4818,2026-05-21T04:00:00.000000,NQ=F
1779339600,29420.75,29439.75,29298.0,29368.0,7008,2026-05-21T05:00:00.000000,NQ=F
1779343200,29366.25,29393.5,29280.0,29300.25,7447,2026-05-21T06:00:00.000000,NQ=F
1779346800,29299.0,29333.25,29200.0,29321.25,9931,2026-05-21T07:00:00.000000,NQ=F
1779350400,29321.5,29464.5,29311.25,29373.25,12150,2026-05-21T08:00:00.000000,NQ=F
1779354000,29374.0,29429.75,29367.0,29380.25,5388,2026-05-21T09:00:00.000000,NQ=F
1779357600,29381.5,29393.0,29192.25,29246.5,14054,2026-05-21T10:00:00.000000,NQ=F
1779361200,29247.25,29293.75,29204.0,29253.25,9452,2026-05-21T11:00:00.000000,NQ=F
1779364800,29252.75,29292.75,29185.5,29194.0,17408,2026-05-21T12:00:00.000000,NQ=F
1779368400,29193.5,29315.0,29174.0,29288.25,90268,2026-05-21T13:00:00.000000,NQ=F
1779372000,29287.5,29340.0,29127.0,29235.75,98835,2026-05-21T14:00:00.000000,NQ=F
1779375600,29235.5,29304.5,29139.0,29266.25,63922,2026-05-21T15:00:00.000000,NQ=F
1779379200,29267.0,29310.5,29207.75,29257.75,33742,2026-05-21T16:00:00.000000,NQ=F
1779382800,29258.75,29554.0,29258.25,29497.25,69792,2026-05-21T17:00:00.000000,NQ=F
1779386400,29497.0,29521.5,29293.25,29337.0,55462,2026-05-21T18:00:00.000000,NQ=F
1779390000,29338.5,29466.0,29335.25,29445.25,54223,2026-05-21T19:00:00.000000,NQ=F
1779393600,29445.5,29471.0,29433.75,29455.5,10753,2026-05-21T20:00:00.000000,NQ=F
1779400800,29444.0,29543.75,29444.0,29537.75,0,2026-05-21T22:00:00.000000,NQ=F
1779404400,29538.5,29584.75,29534.5,29550.5,5119,2026-05-21T23:00:00.000000,NQ=F
1779408000,29550.75,29603.5,29534.5,29566.0,8880,2026-05-22T00:00:00.000000,NQ=F
1779411600,29563.5,29578.75,29491.0,29529.5,7363,2026-05-22T01:00:00.000000,NQ=F
1779415200,29530.0,29556.75,29504.25,29549.75,4798,2026-05-22T02:00:00.000000,NQ=F
1779418800,29548.5,29573.0,29527.75,29570.0,2747,2026-05-22T03:00:00.000000,NQ=F
1779422400,29588.75,29598.0,29564.5,29592.5,3672,2026-05-22T04:00:00.000000,NQ=F
1779426000,29592.5,29606.25,29534.75,29547.0,5155,2026-05-22T05:00:00.000000,NQ=F
1779429600,29545.25,29593.25,29533.25,29563.75,5474,2026-05-22T06:00:00.000000,NQ=F
1779433200,29562.25,29587.5,29528.75,29583.75,5921,2026-05-22T07:00:00.000000,NQ=F
1779436800,29584.0,29665.25,29562.75,29565.25,10266,2026-05-22T08:00:00.000000,NQ=F
1779440400,29564.25,29566.0,29477.0,29527.25,9225,2026-05-22T09:00:00.000000,NQ=F
1779444000,29527.0,29527.25,29436.0,29465.5,7161,2026-05-22T10:00:00.000000,NQ=F
1779447600,29464.75,29527.75,29452.75,29509.5,6572,2026-05-22T11:00:00.000000,NQ=F
1779451200,29508.25,29595.75,29495.75,29593.75,14765,2026-05-22T12:00:00.000000,NQ=F
1779454800,29594.25,29715.5,29548.5,29640.5,79314,2026-05-22T13:00:00.000000,NQ=F
1779458400,29643.0,29655.0,29490.25,29647.25,76881,2026-05-22T14:00:00.000000,NQ=F
1779462000,29647.0,29713.75,29644.5,29687.5,44678,2026-05-22T15:00:00.000000,NQ=F
1779465600,29687.0,29694.75,29632.5,29671.5,33535,2026-05-22T16:00:00.000000,NQ=F
1779469200,29671.75,29749.0,29645.0,29678.5,44712,2026-05-22T17:00:00.000000,NQ=F
1779472800,29679.25,29688.75,29624.0,29650.25,30341,2026-05-22T18:00:00.000000,NQ=F
1779476400,29650.5,29664.5,29532.0,29551.25,55496,2026-05-22T19:00:00.000000,NQ=F
1779480000,29551.75,29580.75,29502.25,29558.75,14714,2026-05-22T20:00:00.000000,NQ=F
1779768000,29821.0,29829.0,29793.0,29800.5,2925,2026-05-26T04:00:00.000000,NQ=F
1779771600,29800.0,29816.5,29782.5,29806.0,2866,2026-05-26T05:00:00.000000,NQ=F
1779775200,29807.0,29845.25,29798.75,29826.25,5222,2026-05-26T06:00:00.000000,NQ=F
1779778800,29825.25,29830.0,29744.0,29773.0,8090,2026-05-26T07:00:00.000000,NQ=F
1779782400,29774.5,29811.0,29758.0,29808.75,4409,2026-05-26T08:00:00.000000,NQ=F
1779786000,29809.0,29850.5,29805.0,29847.0,4440,2026-05-26T09:00:00.000000,NQ=F
1779789600,29848.25,29915.0,29844.0,29854.25,7698,2026-05-26T10:00:00.000000,NQ=F
1779793200,29855.75,29874.25,29818.0,29865.75,7925,2026-05-26T11:00:00.000000,NQ=F
1779796800,29864.0,29930.5,29851.0,29920.5,10598,2026-05-26T12:00:00.000000,NQ=F
1779800400,29920.0,30007.0,29826.75,30007.0,89078,2026-05-26T13:00:00.000000,NQ=F
1779804000,30006.75,30118.75,29976.0,30054.75,77646,2026-05-26T14:00:00.000000,NQ=F
1779807600,30055.5,30066.75,29886.0,29927.25,80529,2026-05-26T15:00:00.000000,NQ=F
1779811200,29926.75,30015.5,29921.75,29974.75,48629,2026-05-26T16:00:00.000000,NQ=F
1779814800,29975.5,30013.25,29954.5,29996.75,34656,2026-05-26T17:00:00.000000,NQ=F
1779818400,29996.5,30060.75,29982.0,30014.5,36373,2026-05-26T18:00:00.000000,NQ=F
1779822000,30014.0,30112.0,30005.75,30079.25,54362,2026-05-26T19:00:00.000000,NQ=F
1779825600,30079.25,30084.0,30031.5,30044.25,14942,2026-05-26T20:00:00.000000,NQ=F
1779832800,30050.0,30077.25,30028.5,30039.75,0,2026-05-26T22:00:00.000000,NQ=F
1779836400,30040.0,30104.25,30039.25,30099.5,5458,2026-05-26T23:00:00.000000,NQ=F
1779840000,30098.0,30137.0,30071.0,30129.0,10325,2026-05-27T00:00:00.000000,NQ=F
1779843600,30129.75,30159.25,30115.0,30122.25,7758,2026-05-27T01:00:00.000000,NQ=F
1779847200,30125.0,30159.0,30120.75,30138.25,5040,2026-05-27T02:00:00.000000,NQ=F
1779850800,30138.0,30155.0,30093.75,30103.25,4865,2026-05-27T03:00:00.000000,NQ=F
1779854400,30119.0,30123.75,30074.75,30105.5,5081,2026-05-27T04:00:00.000000,NQ=F
1779858000,30105.25,30120.5,30067.75,30103.5,5188,2026-05-27T05:00:00.000000,NQ=F
1779861600,30103.5,30110.75,30055.75,30075.75,5684,2026-05-27T06:00:00.000000,NQ=F
1779865200,30076.5,30144.0,30076.25,30140.25,6644,2026-05-27T07:00:00.000000,NQ=F
1779868800,30141.0,30217.75,30130.25,30195.5,10013,2026-05-27T08:00:00.000000,NQ=F
1779872400,30197.25,30213.5,30173.25,30213.25,6336,2026-05-27T09:00:00.000000,NQ=F
1779876000,30214.0,30248.5,30212.25,30235.5,6199,2026-05-27T10:00:00.000000,NQ=F
1779879600,30236.0,30297.0,30235.25,30264.75,11795,2026-05-27T11:00:00.000000,NQ=F
1779883200,30265.25,30379.0,30243.25,30261.25,29168,2026-05-27T12:00:00.000000,NQ=F
1779886800,30260.75,30271.0,29937.0,30059.75,119536,2026-05-27T13:00:00.000000,NQ=F
1779890400,30060.75,30099.25,29877.5,29940.75,119731,2026-05-27T14:00:00.000000,NQ=F
1779894000,29940.5,29981.25,29882.5,29936.0,69301,2026-05-27T15:00:00.000000,NQ=F
1779897600,29934.75,30048.25,29917.25,29988.0,48539,2026-05-27T16:00:00.000000,NQ=F
1779901200,29989.75,29997.25,29894.75,29972.5,43462,2026-05-27T17:00:00.000000,NQ=F
1779904800,29972.5,30060.25,29963.0,30038.75,37407,2026-05-27T18:00:00.000000,NQ=F
1779908400,30039.0,30072.0,30009.5,30047.25,46142,2026-05-27T19:00:00.000000,NQ=F
1779912000,30047.0,30129.5,30031.0,30125.25,17884,2026-05-27T20:00:00.000000,NQ=F
1779919200,30120.0,30136.25,30026.5,30061.5,0,2026-05-27T22:00:00.000000,NQ=F
1779922800,30061.5,30080.0,29966.75,29979.0,8177,2026-05-27T23:00:00.000000,NQ=F
1779926400,29978.0,30090.0,29963.25,30070.5,9674,2026-05-28T00:00:00.000000,NQ=F
1779930000,30073.25,30080.25,30034.0,30071.0,5933,2026-05-28T01:00:00.000000,NQ=F
1779933600,30071.25,30079.5,29970.75,29973.25,7845,2026-05-28T02:00:00.000000,NQ=F
1779937200,29974.25,29985.0,29795.75,29823.0,16079,2026-05-28T03:00:00.000000,NQ=F
1779940800,29822.0,29824.5,29763.0,29788.25,12423,2026-05-28T04:00:00.000000,NQ=F
1779944400,29789.0,29911.75,29769.0,29905.0,10181,2026-05-28T05:00:00.000000,NQ=F
1779948000,29905.5,29938.0,29880.5,29908.25,7440,2026-05-28T06:00:00.000000,NQ=F
1779951600,29908.5,29965.0,29908.5,29955.75,7504,2026-05-28T07:00:00.000000,NQ=F
1779955200,29958.25,29995.25,29947.5,29984.25,6402,2026-05-28T08:00:00.000000,NQ=F
1779958800,29984.25,29998.0,29941.75,29975.75,4789,2026-05-28T09:00:00.000000,NQ=F
1779962400,29975.25,29975.5,29863.5,29885.0,7408,2026-05-28T10:00:00.000000,NQ=F
1779966000,29884.5,29940.0,29871.25,29924.0,8086,2026-05-28T11:00:00.000000,NQ=F
1779969600,29923.25,30067.5,29922.0,30056.0,15658,2026-05-28T12:00:00.000000,NQ=F
1779973200,30056.75,30112.0,29920.25,29990.75,88651,2026-05-28T13:00:00.000000,NQ=F
1779976800,29992.25,30191.5,29963.25,30187.75,103778,2026-05-28T14:00:00.000000,NQ=F
1779980400,30188.0,30293.0,30180.75,30264.5,52590,2026-05-28T15:00:00.000000,NQ=F
1779984000,30264.75,30329.75,30238.5,30327.0,36140,2026-05-28T16:00:00.000000,NQ=F
1779987600,30326.75,30344.5,30282.5,30319.5,37358,2026-05-28T17:00:00.000000,NQ=F
1779991200,30319.5,30337.5,30280.5,30293.5,33103,2026-05-28T18:00:00.000000,NQ=F
1779994800,30292.0,30331.5,30274.25,30306.75,48196,2026-05-28T19:00:00.000000,NQ=F
1779998400,30306.25,30344.0,30292.0,30313.0,13109,2026-05-28T20:00:00.000000,NQ=F
1780005600,30328.0,30362.0,30287.25,30297.5,0,2026-05-28T22:00:00.000000,NQ=F
1780009200,30297.0,30327.5,30295.0,30301.5,2789,2026-05-28T23:00:00.000000,NQ=F
1780012800,30301.25,30301.75,30234.0,30247.75,6840,2026-05-29T00:00:00.000000,NQ=F
1780016400,30248.25,30263.25,30216.5,30248.75,6713,2026-05-29T01:00:00.000000,NQ=F
1780020000,30246.75,30272.0,30227.75,30237.25,4110,2026-05-29T02:00:00.000000,NQ=F
1780023600,30241.25,30274.5,30235.75,30260.75,3046,2026-05-29T03:00:00.000000,NQ=F
1780027200,30269.0,30307.25,30266.25,30298.0,4401,2026-05-29T04:00:00.000000,NQ=F
1780030800,30298.0,30317.75,30292.0,30299.0,4434,2026-05-29T05:00:00.000000,NQ=F
1780034400,30301.0,30350.5,30299.75,30348.25,6050,2026-05-29T06:00:00.000000,NQ=F
1780038000,30348.25,30349.5,30265.75,30300.5,7632,2026-05-29T07:00:00.000000,NQ=F
1780041600,30299.5,30326.0,30287.0,30314.25,6320,2026-05-29T08:00:00.000000,NQ=F
1780045200,30316.25,30369.25,30309.0,30331.5,7781,2026-05-29T09:00:00.000000,NQ=F
1780048800,30332.0,30350.0,30301.0,30340.5,5674,2026-05-29T10:00:00.000000,NQ=F
1780052400,30339.75,30372.25,30298.75,30349.0,10334,2026-05-29T11:00:00.000000,NQ=F
1780056000,30350.0,30351.0,30297.0,30349.0,9357,2026-05-29T12:00:00.000000,NQ=F
1780059600,30349.5,30520.75,30336.0,30519.0,77197,2026-05-29T13:00:00.000000,NQ=F
1780063200,30518.0,30536.0,30270.0,30359.5,137208,2026-05-29T14:00:00.000000,NQ=F
1780066800,30359.75,30439.75,30335.25,30362.5,61395,2026-05-29T15:00:00.000000,NQ=F
1780070400,30364.0,30447.75,30357.75,30396.75,41555,2026-05-29T16:00:00.000000,NQ=F
1780074000,30398.0,30410.75,30296.0,30302.0,37835,2026-05-29T17:00:00.000000,NQ=F
1780077600,30301.75,30402.25,30291.0,30324.5,42423,2026-05-29T18:00:00.000000,NQ=F
1780081200,30324.0,30445.25,30315.25,30396.25,61184,2026-05-29T19:00:00.000000,NQ=F
1780084800,30396.25,30411.0,30376.5,30405.25,15679,2026-05-29T20:00:00.000000,NQ=F
1780264800,30379.25,30473.0,30373.25,30455.5,6551,2026-05-31T22:00:00.000000,NQ=F
1780268400,30456.0,30485.0,30450.25,30477.0,4493,2026-05-31T23:00:00.000000,NQ=F
1780272000,30478.25,30554.75,30470.25,30539.5,10814,2026-06-01T00:00:00.000000,NQ=F
1780275600,30541.0,30553.0,30519.75,30548.5,7197,2026-06-01T01:00:00.000000,NQ=F
1780279200,30548.5,30568.75,30543.25,30549.25,5309,2026-06-01T02:00:00.000000,NQ=F
1780282800,30549.75,30595.25,30535.5,30546.5,7684,2026-06-01T03:00:00.000000,NQ=F
1780286400,30546.5,30581.25,30543.75,30573.75,3786,2026-06-01T04:00:00.000000,NQ=F
1780290000,30572.75,30592.25,30551.0,30578.25,4832,2026-06-01T05:00:00.000000,NQ=F
1780293600,30579.5,30589.5,30554.5,30578.75,5379,2026-06-01T06:00:00.000000,NQ=F
1780297200,30578.75,30591.75,30486.5,30510.0,9545,2026-06-01T07:00:00.000000,NQ=F
1780300800,30510.5,30516.5,30443.75,30499.25,9508,2026-06-01T08:00:00.000000,NQ=F
1780304400,30499.75,30512.25,30453.75,30462.0,6216,2026-06-01T09:00:00.000000,NQ=F
1780308000,30462.5,30504.75,30453.5,30494.0,5251,2026-06-01T10:00:00.000000,NQ=F
1780311600,30493.5,30502.25,30451.75,30462.5,9060,2026-06-01T11:00:00.000000,NQ=F
1780315200,30462.25,30496.25,30415.0,30449.5,14840,2026-06-01T12:00:00.000000,NQ=F
1780318800,30449.0,30467.25,30291.5,30321.5,96578,2026-06-01T13:00:00.000000,NQ=F
1780322400,30314.5,30447.25,30292.0,30436.75,82561,2026-06-01T14:00:00.000000,NQ=F
1780326000,30437.0,30554.25,30412.5,30502.25,60505,2026-06-01T15:00:00.000000,NQ=F
1780329600,30501.5,30584.25,30450.0,30580.75,49136,2026-06-01T16:00:00.000000,NQ=F
1780333200,30581.25,30693.0,30535.0,30670.0,58236,2026-06-01T17:00:00.000000,NQ=F
1780336800,30670.0,30675.75,30614.0,30623.5,30068,2026-06-01T18:00:00.000000,NQ=F
1780340400,30622.75,30648.75,30555.75,30571.25,49814,2026-06-01T19:00:00.000000,NQ=F
1780344000,30571.0,30575.0,30506.75,30522.5,18720,2026-06-01T20:00:00.000000,NQ=F
1780351200,30544.75,30547.25,30431.0,30458.5,0,2026-06-01T22:00:00.000000,NQ=F
1780354800,30457.75,30479.75,30442.0,30469.25,5208,2026-06-01T23:00:00.000000,NQ=F
1780358400,30469.75,30470.25,30363.25,30372.75,12784,2026-06-02T00:00:00.000000,NQ=F
1780362000,30372.75,30401.0,30333.0,30333.5,10312,2026-06-02T01:00:00.000000,NQ=F
1780365600,30333.25,30385.0,30321.75,30374.0,6871,2026-06-02T02:00:00.000000,NQ=F
1780369200,30373.0,30383.75,30317.75,30359.5,7399,2026-06-02T03:00:00.000000,NQ=F
1780372800,30383.75,30445.0,30370.5,30442.75,6747,2026-06-02T04:00:00.000000,NQ=F
1780376400,30444.0,30495.0,30428.75,30476.25,7052,2026-06-02T05:00:00.000000,NQ=F
1780380000,30476.0,30515.75,30469.0,30514.5,7119,2026-06-02T06:00:00.000000,NQ=F
1780383600,30514.25,30547.25,30509.75,30529.5,7413,2026-06-02T07:00:00.000000,NQ=F
1780387200,30529.75,30569.0,30529.75,30547.75,7417,2026-06-02T08:00:00.000000,NQ=F
1780390800,30548.0,30586.0,30525.75,30565.5,6123,2026-06-02T09:00:00.000000,NQ=F
1780394400,30565.75,30571.75,30527.75,30529.25,4283,2026-06-02T10:00:00.000000,NQ=F
1780398000,30529.75,30574.5,30502.5,30531.25,8827,2026-06-02T11:00:00.000000,NQ=F
1780401600,30531.5,30560.0,30523.0,30529.75,9160,2026-06-02T12:00:00.000000,NQ=F
1780405200,30529.75,30604.75,30423.75,30601.75,81742,2026-06-02T13:00:00.000000,NQ=F
1780408800,30603.0,30647.25,30537.75,30642.25,78735,2026-06-02T14:00:00.000000,NQ=F
1780412400,30642.5,30697.75,30611.75,30689.5,52519,2026-06-02T15:00:00.000000,NQ=F
1780416000,30690.0,30713.25,30640.5,30691.25,40978,2026-06-02T16:00:00.000000,NQ=F
1780419600,30691.0,30703.25,30608.75,30627.5,38785,2026-06-02T17:00:00.000000,NQ=F
1780423200,30628.5,30664.0,30598.5,30638.5,32582,2026-06-02T18:00:00.000000,NQ=F
1780426800,30639.0,30721.25,30637.5,30707.25,51985,2026-06-02T19:00:00.000000,NQ=F
1780430400,30707.25,30763.25,30697.75,30743.0,19589,2026-06-02T20:00:00.000000,NQ=F
1780437600,30741.75,30757.0,30698.0,30703.5,0,2026-06-02T22:00:00.000000,NQ=F
1780441200,30705.0,30715.0,30561.25,30708.0,19104,2026-06-02T23:00:00.000000,NQ=F
1780444800,30708.25,30727.5,30671.0,30720.0,9415,2026-06-03T00:00:00.000000,NQ=F
1780448400,30720.5,30723.75,30653.0,30683.0,8540,2026-06-03T01:00:00.000000,NQ=F
1780452000,30683.75,30696.25,30662.75,30679.0,4611,2026-06-03T02:00:00.000000,NQ=F
1780455600,30678.75,30710.0,30668.5,30707.25,3801,2026-06-03T03:00:00.000000,NQ=F
1780459200,30718.75,30730.5,30700.5,30702.5,4345,2026-06-03T04:00:00.000000,NQ=F
1780462800,30702.5,30723.25,30675.0,30689.25,4068,2026-06-03T05:00:00.000000,NQ=F
1780466400,30689.75,30718.0,30670.25,30698.0,5826,2026-06-03T06:00:00.000000,NQ=F
1780470000,30697.75,30742.0,30687.0,30722.5,6154,2026-06-03T07:00:00.000000,NQ=F
1780473600,30722.75,30751.5,30700.0,30717.25,7739,2026-06-03T08:00:00.000000,NQ=F
1780477200,30717.0,30770.0,30711.5,30733.5,7109,2026-06-03T09:00:00.000000,NQ=F
1780480800,30733.75,30785.0,30716.0,30753.75,10073,2026-06-03T10:00:00.000000,NQ=F
1780484400,30753.5,30794.25,30753.25,30780.0,7484,2026-06-03T11:00:00.000000,NQ=F
1780488000,30780.5,30799.0,30700.0,30717.25,14896,2026-06-03T12:00:00.000000,NQ=F
1780491600,30716.75,30807.75,30496.0,30558.75,113597,2026-06-03T13:00:00.000000,NQ=F
1780495200,30562.0,30739.5,30547.5,30667.25,93981,2026-06-03T14:00:00.000000,NQ=F
1780498800,30667.75,30715.5,30568.0,30604.25,61581,2026-06-03T15:00:00.000000,NQ=F
1780502400,30605.0,30623.25,30505.75,30606.75,57343,2026-06-03T16:00:00.000000,NQ=F
1780506000,30607.25,30647.25,30516.25,30642.75,43837,2026-06-03T17:00:00.000000,NQ=F
1780509600,30643.25,30682.25,30608.0,30652.0,37969,2026-06-03T18:00:00.000000,NQ=F
1780513200,30652.0,30694.75,30611.25,30635.75,59408,2026-06-03T19:00:00.000000,NQ=F
1780516800,30635.75,30639.75,30478.25,30495.0,34498,2026-06-03T20:00:00.000000,NQ=F
1780524000,30453.0,30499.0,30368.5,30457.75,0,2026-06-03T22:00:00.000000,NQ=F
1780527600,30458.75,30463.0,30370.75,30395.25,9003,2026-06-03T23:00:00.000000,NQ=F
1780531200,30393.0,30502.75,30377.5,30498.75,11529,2026-06-04T00:00:00.000000,NQ=F
1780534800,30498.0,30531.0,30438.25,30453.5,9272,2026-06-04T01:00:00.000000,NQ=F
1780538400,30453.75,30456.75,30352.5,30412.0,11143,2026-06-04T02:00:00.000000,NQ=F
1780542000,30412.25,30486.75,30409.25,30477.5,6446,2026-06-04T03:00:00.000000,NQ=F
1780545600,30475.0,30508.25,30470.0,30497.5,4226,2026-06-04T04:00:00.000000,NQ=F
1780549200,30497.25,30499.75,30450.0,30484.5,5370,2026-06-04T05:00:00.000000,NQ=F
1780552800,30484.5,30535.0,30465.5,30528.25,5518,2026-06-04T06:00:00.000000,NQ=F
1780556400,30530.0,30544.5,30490.25,30500.0,7001,2026-06-04T07:00:00.000000,NQ=F
1780560000,30499.25,30500.25,30326.5,30344.5,15813,2026-06-04T08:00:00.000000,NQ=F
1780563600,30344.0,30349.0,30248.5,30336.25,15755,2026-06-04T09:00:00.000000,NQ=F
1780567200,30337.0,30337.0,30204.25,30245.25,12986,2026-06-04T10:00:00.000000,NQ=F
1780570800,30245.25,30290.0,30164.25,30280.75,23611,2026-06-04T11:00:00.000000,NQ=F
1780574400,30279.25,30330.0,30223.0,30309.75,21483,2026-06-04T12:00:00.000000,NQ=F
1780578000,30310.25,30364.5,30187.75,30248.0,110002,2026-06-04T13:00:00.000000,NQ=F
1780581600,30247.75,30360.0,30151.0,30356.75,101536,2026-06-04T14:00:00.000000,NQ=F
1780585200,30357.25,30469.5,30354.5,30413.75,68304,2026-06-04T15:00:00.000000,NQ=F
1780588800,30413.25,30493.25,30393.0,30479.0,43471,2026-06-04T16:00:00.000000,NQ=F
1780592400,30479.0,30563.25,30464.25,30559.5,41859,2026-06-04T17:00:00.000000,NQ=F
1780596000,30559.25,30598.5,30550.0,30558.0,43789,2026-06-04T18:00:00.000000,NQ=F
1780599600,30558.0,30603.25,30481.25,30485.25,64712,2026-06-04T19:00:00.000000,NQ=F
1780603200,30485.5,30495.0,30397.5,30399.5,23959,2026-06-04T20:00:00.000000,NQ=F
1780610400,30414.0,30422.0,30316.0,30366.5,0,2026-06-04T22:00:00.000000,NQ=F
1780614000,30365.75,30371.25,30255.0,30264.25,7947,2026-06-04T23:00:00.000000,NQ=F
1780617600,30262.25,30264.0,30130.75,30142.75,17200,2026-06-05T00:00:00.000000,NQ=F
1780621200,30143.5,30202.0,30052.25,30195.5,18563,2026-06-05T01:00:00.000000,NQ=F
1780624800,30196.5,30249.0,30170.75,30214.25,10467,2026-06-05T02:00:00.000000,NQ=F
1780628400,30214.5,30229.5,30146.0,30166.0,8090,2026-06-05T03:00:00.000000,NQ=F
1780632000,30177.75,30243.0,30163.5,30229.75,6379,2026-06-05T04:00:00.000000,NQ=F
1780635600,30230.25,30233.25,30163.0,30170.25,6754,2026-06-05T05:00:00.000000,NQ=F
1780639200,30170.25,30213.75,30113.0,30123.5,9991,2026-06-05T06:00:00.000000,NQ=F
1780642800,30124.25,30158.25,30062.0,30150.25,11838,2026-06-05T07:00:00.000000,NQ=F
1780646400,30151.25,30222.5,30120.25,30158.75,11654,2026-06-05T08:00:00.000000,NQ=F
1780650000,30159.5,30259.0,30152.25,30198.25,9988,2026-06-05T09:00:00.000000,NQ=F
1780653600,30199.0,30236.0,30192.0,30195.5,4867,2026-06-05T10:00:00.000000,NQ=F
1780657200,30194.25,30197.0,30135.5,30147.75,8471,2026-06-05T11:00:00.000000,NQ=F
1780660800,30147.5,30157.5,30042.5,30054.5,26816,2026-06-05T12:00:00.000000,NQ=F
1780664400,30054.25,30100.5,29771.0,29773.75,122416,2026-06-05T13:00:00.000000,NQ=F
1780668000,29774.25,29942.5,29758.0,29853.0,124936,2026-06-05T14:00:00.000000,NQ=F
1780671600,29853.25,29870.0,29614.5,29658.5,93976,2026-06-05T15:00:00.000000,NQ=F
1780675200,29658.75,29660.25,29379.0,29490.5,113050,2026-06-05T16:00:00.000000,NQ=F
1780678800,29490.5,29505.0,29361.75,29471.0,85478,2026-06-05T17:00:00.000000,NQ=F
1780682400,29471.5,29477.0,29096.0,29191.0,112919,2026-06-05T18:00:00.000000,NQ=F
1780686000,29191.5,29211.0,28974.25,29016.5,136646,2026-06-05T19:00:00.000000,NQ=F
1780689600,29015.75,29042.25,28781.25,29026.5,50921,2026-06-05T20:00:00.000000,NQ=F
1780869600,28898.5,29023.0,28872.25,28893.0,19423,2026-06-07T22:00:00.000000,NQ=F
1780873200,28894.75,29103.5,28894.5,29087.75,14331,2026-06-07T23:00:00.000000,NQ=F
1780876800,29083.5,29287.5,29059.5,29216.75,26112,2026-06-08T00:00:00.000000,NQ=F
1780880400,29218.5,29236.75,29025.25,29158.75,23381,2026-06-08T01:00:00.000000,NQ=F
1780884000,29161.5,29243.5,29105.0,29211.25,13928,2026-06-08T02:00:00.000000,NQ=F
1780887600,29211.75,29232.25,29176.5,29205.0,6799,2026-06-08T03:00:00.000000,NQ=F
1780891200,29212.5,29223.25,29088.5,29092.0,11343,2026-06-08T04:00:00.000000,NQ=F
1780894800,29089.75,29144.0,28972.75,29017.5,13449,2026-06-08T05:00:00.000000,NQ=F
1780898400,29016.75,29151.0,29000.0,29101.75,14498,2026-06-08T06:00:00.000000,NQ=F
1780902000,29101.0,29281.0,29082.75,29257.0,16928,2026-06-08T07:00:00.000000,NQ=F
1780905600,29255.25,29267.75,29157.0,29176.25,15244,2026-06-08T08:00:00.000000,NQ=F
1780909200,29179.0,29254.5,29145.0,29240.5,10693,2026-06-08T09:00:00.000000,NQ=F
1780912800,29239.0,29273.5,29175.0,29240.75,10763,2026-06-08T10:00:00.000000,NQ=F
1780916400,29241.5,29437.75,29212.0,29375.0,23337,2026-06-08T11:00:00.000000,NQ=F
1780920000,29374.75,29510.5,29364.75,29486.0,23175,2026-06-08T12:00:00.000000,NQ=F
1780923600,29484.5,29604.25,29341.0,29349.75,115295,2026-06-08T13:00:00.000000,NQ=F
1780927200,29350.25,29681.0,29331.5,29676.5,109496,2026-06-08T14:00:00.000000,NQ=F
1780930800,29676.5,29743.0,29559.0,29610.0,84684,2026-06-08T15:00:00.000000,NQ=F
1780934400,29610.25,29692.25,29554.0,29580.5,57175,2026-06-08T16:00:00.000000,NQ=F
1780938000,29580.75,29624.25,29485.25,29558.25,64553,2026-06-08T17:00:00.000000,NQ=F
1780941600,29559.25,29617.75,29527.5,29542.0,43673,2026-06-08T18:00:00.000000,NQ=F
1780945200,29543.0,29548.0,29377.0,29452.75,82644,2026-06-08T19:00:00.000000,NQ=F
1780948800,29453.0,29470.0,29401.0,29435.25,18463,2026-06-08T20:00:00.000000,NQ=F
1780956000,29435.0,29468.75,29321.25,29425.5,0,2026-06-08T22:00:00.000000,NQ=F
1780959600,29426.5,29482.0,29385.0,29425.0,8637,2026-06-08T23:00:00.000000,NQ=F
1780963200,29425.75,29441.0,29303.5,29337.75,12629,2026-06-09T00:00:00.000000,NQ=F
1780966800,29341.75,29547.75,29329.0,29492.0,13141,2026-06-09T01:00:00.000000,NQ=F
1780970400,29492.5,29523.75,29460.5,29514.0,6809,2026-06-09T02:00:00.000000,NQ=F
1780974000,29514.0,29593.0,29501.0,29574.5,6409,2026-06-09T03:00:00.000000,NQ=F
1780977600,29594.25,29631.25,29594.25,29603.25,6090,2026-06-09T04:00:00.000000,NQ=F
1780981200,29604.5,29651.5,29588.75,29633.25,6860,2026-06-09T05:00:00.000000,NQ=F
1780984800,29634.75,29674.75,29601.5,29622.25,7485,2026-06-09T06:00:00.000000,NQ=F
1780988400,29623.0,29689.25,29583.5,29593.0,8644,2026-06-09T07:00:00.000000,NQ=F
1780992000,29593.5,29686.25,29566.0,29641.5,8831,2026-06-09T08:00:00.000000,NQ=F
1780995600,29641.75,29696.25,29636.0,29678.75,5155,2026-06-09T09:00:00.000000,NQ=F
1780999200,29680.5,29698.75,29617.75,29685.25,8983,2026-06-09T10:00:00.000000,NQ=F
1781002800,29686.0,29727.5,29670.75,29681.5,8946,2026-06-09T11:00:00.000000,NQ=F
1781006400,29681.0,29739.5,29652.25,29735.25,13548,2026-06-09T12:00:00.000000,NQ=F
1781010000,29735.75,29848.25,29633.25,29672.75,100559,2026-06-09T13:00:00.000000,NQ=F
1781013600,29672.75,29712.0,29083.75,29239.75,188891,2026-06-09T14:00:00.000000,NQ=F
1781017200,29242.0,29302.0,28681.5,28695.25,141921,2026-06-09T15:00:00.000000,NQ=F
1781020800,28696.0,28787.5,28227.75,28480.0,172882,2026-06-09T16:00:00.000000,NQ=F
1781024400,28480.25,28924.5,28462.5,28832.5,121570,2026-06-09T17:00:00.000000,NQ=F
1781028000,28831.5,29091.25,28784.75,29065.75,75324,2026-06-09T18:00:00.000000,NQ=F
1781031600,29066.0,29146.5,28839.0,29117.0,106395,2026-06-09T19:00:00.000000,NQ=F
1781035200,29116.0,29196.25,29082.25,29140.5,24233,2026-06-09T20:00:00.000000,NQ=F
1781042400,29094.75,29118.0,28982.0,29029.0,0,2026-06-09T22:00:00.000000,NQ=F
1781046000,29029.25,29102.75,28980.25,29064.5,7552,2026-06-09T23:00:00.000000,NQ=F
1781049600,29065.75,29169.0,28960.0,29075.25,15839,2026-06-10T00:00:00.000000,NQ=F
1781053200,29077.25,29115.0,29011.25,29033.5,9041,2026-06-10T01:00:00.000000,NQ=F
1781056800,29035.0,29042.0,28960.25,28970.5,7225,2026-06-10T02:00:00.000000,NQ=F
1781060400,28972.5,29046.25,28967.25,28997.5,4590,2026-06-10T03:00:00.000000,NQ=F
1781064000,28956.0,28977.75,28867.25,28898.5,8427,2026-06-10T04:00:00.000000,NQ=F
1781067600,28898.75,28968.0,28853.75,28943.25,8257,2026-06-10T05:00:00.000000,NQ=F
1781071200,28945.0,29014.0,28935.75,28968.5,7863,2026-06-10T06:00:00.000000,NQ=F
1781074800,28969.0,29001.0,28926.25,28964.25,6800,2026-06-10T07:00:00.000000,NQ=F
1781078400,28964.25,28965.0,28742.25,28762.0,14215,2026-06-10T08:00:00.000000,NQ=F
1781082000,28763.5,28830.0,28684.0,28777.75,13412,2026-06-10T09:00:00.000000,NQ=F
1781085600,28779.5,28844.0,28699.25,28827.5,10556,2026-06-10T10:00:00.000000,NQ=F
1781089200,28831.5,28845.25,28610.0,28679.5,24357,2026-06-10T11:00:00.000000,NQ=F
1781092800,28680.75,28992.25,28657.75,28832.0,40046,2026-06-10T12:00:00.000000,NQ=F
1781096400,28833.25,29163.25,28772.5,29020.75,93245,2026-06-10T13:00:00.000000,NQ=F
1781100000,29021.25,29250.0,28856.0,28900.25,111092,2026-06-10T14:00:00.000000,NQ=F
1781103600,28901.25,28985.75,28627.0,28855.25,106006,2026-06-10T15:00:00.000000,NQ=F
1781107200,28855.25,28896.5,28664.75,28717.5,50388,2026-06-10T16:00:00.000000,NQ=F
1781110800,28717.75,28793.75,28616.0,28780.0,55703,2026-06-10T17:00:00.000000,NQ=F
1781114400,28779.5,28832.5,28574.0,28607.5,50483,2026-06-10T18:00:00.000000,NQ=F
1781118000,28608.25,28669.0,28493.0,28527.25,77922,2026-06-10T19:00:00.000000,NQ=F
1781121600,28527.5,28536.75,28409.0,28472.0,22808,2026-06-10T20:00:00.000000,NQ=F
1781128800,28455.0,28470.0,28328.25,28342.5,0,2026-06-10T22:00:00.000000,NQ=F
1781132400,28344.5,28446.75,28265.75,28364.0,14010,2026-06-10T23:00:00.000000,NQ=F
1781136000,28363.5,28571.75,28332.0,28549.5,15693,2026-06-11T00:00:00.000000,NQ=F
1781139600,28551.5,28765.0,28549.25,28641.25,18056,2026-06-11T01:00:00.000000,NQ=F
1781143200,28643.0,28696.5,28531.25,28636.75,9560,2026-06-11T02:00:00.000000,NQ=F
1781146800,28636.0,28743.5,28581.25,28734.5,6669,2026-06-11T03:00:00.000000,NQ=F
1781150400,28726.75,28803.0,28704.75,28776.5,6567,2026-06-11T04:00:00.000000,NQ=F
1781154000,28776.5,28782.0,28712.0,28746.5,6262,2026-06-11T05:00:00.000000,NQ=F
1781157600,28746.0,28797.5,28685.5,28792.0,8981,2026-06-11T06:00:00.000000,NQ=F
1781161200,28791.75,28868.5,28764.0,28844.25,8870,2026-06-11T07:00:00.000000,NQ=F
1781164800,28845.0,28936.0,28839.25,28910.75,9428,2026-06-11T08:00:00.000000,NQ=F
1781168400,28909.0,28922.0,28858.0,28878.25,5992,2026-06-11T09:00:00.000000,NQ=F
1781172000,28877.5,28917.0,28873.5,28877.75,4907,2026-06-11T10:00:00.000000,NQ=F
1781175600,28878.0,28909.25,28812.5,28901.0,9622,2026-06-11T11:00:00.000000,NQ=F
1781179200,28900.25,28915.0,28637.5,28812.5,30376,2026-06-11T12:00:00.000000,NQ=F
1781182800,28814.5,29016.75,28650.75,28900.5,86105,2026-06-11T13:00:00.000000,NQ=F
1781186400,28899.5,29049.5,28607.5,28648.25,92108,2026-06-11T14:00:00.000000,NQ=F
1781190000,28649.5,28907.25,28577.5,28858.0,69617,2026-06-11T15:00:00.000000,NQ=F
1781193600,28858.5,28975.25,28763.25,28769.5,52853,2026-06-11T16:00:00.000000,NQ=F
1781197200,28770.0,29302.25,28678.5,29214.0,89685,2026-06-11T17:00:00.000000,NQ=F
1781200800,29213.5,29312.25,29068.5,29268.75,58232,2026-06-11T18:00:00.000000,NQ=F
1781204400,29269.0,29544.25,29229.5,29457.75,85469,2026-06-11T19:00:00.000000,NQ=F
1781208000,29457.5,29522.0,29408.0,29433.25,19960,2026-06-11T20:00:00.000000,NQ=F
1781215200,29456.75,29586.5,29443.0,29557.75,0,2026-06-11T22:00:00.000000,NQ=F
1781218800,29560.0,29597.5,29480.25,29577.25,4624,2026-06-11T23:00:00.000000,NQ=F
1781222400,29576.25,29645.5,29536.0,29588.25,7330,2026-06-12T00:00:00.000000,NQ=F
1781226000,29589.0,29589.5,29464.75,29552.0,7128,2026-06-12T01:00:00.000000,NQ=F
1781229600,29553.0,29587.0,29503.0,29562.5,4598,2026-06-12T02:00:00.000000,NQ=F
1781233200,29562.0,29562.0,29488.75,29529.5,3334,2026-06-12T03:00:00.000000,NQ=F
1781236800,29504.25,29549.0,29488.0,29543.75,2800,2026-06-12T04:00:00.000000,NQ=F
1781240400,29546.25,29554.75,29375.0,29401.0,6216,2026-06-12T05:00:00.000000,NQ=F
1781244000,29401.75,29474.75,29335.0,29361.0,6446,2026-06-12T06:00:00.000000,NQ=F
1781247600,29361.75,29458.5,29260.0,29430.5,8266,2026-06-12T07:00:00.000000,NQ=F
1781251200,29434.5,29575.0,29416.25,29478.25,9017,2026-06-12T08:00:00.000000,NQ=F
1781254800,29481.25,29675.0,29477.25,29623.25,8008,2026-06-12T09:00:00.000000,NQ=F
1781258400,29623.5,29657.5,29517.75,29551.0,7178,2026-06-12T10:00:00.000000,NQ=F
1781262000,29553.0,29660.0,29549.0,29638.25,5573,2026-06-12T11:00:00.000000,NQ=F
1781265600,29637.0,29646.0,29383.25,29413.25,14097,2026-06-12T12:00:00.000000,NQ=F
1781269200,29412.25,29502.0,29230.0,29349.5,67800,2026-06-12T13:00:00.000000,NQ=F
1781272800,29354.0,29644.0,29339.0,29631.0,93369,2026-06-12T14:00:00.000000,NQ=F
1781276400,29634.0,29760.0,29410.0,29439.75,64032,2026-06-12T15:00:00.000000,NQ=F
1781280000,29440.25,29678.75,29409.0,29673.0,44021,2026-06-12T16:00:00.000000,NQ=F
1781283600,29673.0,29752.25,29647.75,29682.5,31253,2026-06-12T17:00:00.000000,NQ=F
1781287200,29684.0,29719.0,29608.5,29645.0,29350,2026-06-12T18:00:00.000000,NQ=F
1781290800,29645.0,29711.0,29580.5,29650.5,43513,2026-06-12T19:00:00.000000,NQ=F
1781294400,29650.25,29732.25,29646.0,29662.0,16260,2026-06-12T20:00:00.000000,NQ=F
1781474400,30074.0,30094.0,30012.0,30049.25,5056,2026-06-14T22:00:00.000000,NQ=F
1781478000,30051.5,30071.0,29987.75,30054.0,2869,2026-06-14T23:00:00.000000,NQ=F
1781481600,30052.5,30172.0,30043.5,30140.75,5783,2026-06-15T00:00:00.000000,NQ=F
1781485200,30139.75,30184.75,30126.25,30168.25,2768,2026-06-15T01:00:00.000000,NQ=F
1781488800,30167.25,30211.75,30165.0,30199.5,2049,2026-06-15T02:00:00.000000,NQ=F
1781492400,30202.75,30220.0,30181.0,30188.25,1983,2026-06-15T03:00:00.000000,NQ=F
1781496000,30188.75,30232.5,30171.0,30232.5,1428,2026-06-15T04:00:00.000000,NQ=F
1781499600,30230.0,30244.75,30204.0,30234.25,2306,2026-06-15T05:00:00.000000,NQ=F
1781503200,30235.75,30257.75,30220.0,30251.25,3101,2026-06-15T06:00:00.000000,NQ=F
1781506800,30251.75,30574.25,30220.75,30545.25,18972,2026-06-15T07:00:00.000000,NQ=F
1781510400,30544.5,30628.25,30539.5,30591.75,7716,2026-06-15T08:00:00.000000,NQ=F
1781514000,30592.75,30604.25,30509.5,30550.25,6956,2026-06-15T09:00:00.000000,NQ=F
1781517600,30549.75,30571.75,30530.0,30561.5,4696,2026-06-15T10:00:00.000000,NQ=F
1781521200,30562.5,30622.75,30554.25,30599.25,9153,2026-06-15T11:00:00.000000,NQ=F
1781524800,30599.5,30616.75,30538.5,30581.5,18074,2026-06-15T12:00:00.000000,NQ=F
1781528400,30581.25,30800.0,30562.5,30703.75,80350,2026-06-15T13:00:00.000000,NQ=F
1781532000,30703.75,30800.0,30671.25,30775.0,82811,2026-06-15T14:00:00.000000,NQ=F
1781535600,30776.25,30887.0,30772.5,30879.25,55400,2026-06-15T15:00:00.000000,NQ=F
1781539200,30879.25,30915.0,30850.5,30867.5,46373,2026-06-15T16:00:00.000000,NQ=F
1781542800,30868.0,30893.0,30833.0,30858.75,38432,2026-06-15T17:00:00.000000,NQ=F
1781546400,30858.5,30891.0,30824.0,30861.25,35809,2026-06-15T18:00:00.000000,NQ=F
1781550000,30861.25,30879.0,30815.0,30872.75,60400,2026-06-15T19:00:00.000000,NQ=F
1781553600,30872.25,30894.0,30826.25,30832.0,0,2026-06-15T20:00:00.000000,NQ=F
1781560800,30838.0,30868.0,30755.0,30808.0,8539,2026-06-15T22:00:00.000000,NQ=F
1781564400,30806.5,30843.25,30794.75,30835.25,4417,2026-06-15T23:00:00.000000,NQ=F
1781568000,30833.5,30853.5,30767.75,30775.25,8166,2026-06-16T00:00:00.000000,NQ=F
1781571600,30775.25,30803.75,30755.5,30784.25,5840,2026-06-16T01:00:00.000000,NQ=F
1781575200,30784.25,30808.75,30770.0,30782.5,4068,2026-06-16T02:00:00.000000,NQ=F
1781578800,30785.0,30860.0,30779.0,30831.75,4850,2026-06-16T03:00:00.000000,NQ=F
1781582400,30825.0,30834.75,30794.25,30814.75,3352,2026-06-16T04:00:00.000000,NQ=F
1781586000,30815.5,30846.5,30796.0,30805.25,4205,2026-06-16T05:00:00.000000,NQ=F
1781589600,30806.5,30838.75,30797.75,30828.0,5408,2026-06-16T06:00:00.000000,NQ=F
1781593200,30827.5,30848.5,30808.0,30840.5,6806,2026-06-16T07:00:00.000000,NQ=F
1781596800,30841.25,30944.5,30829.0,30927.25,10765,2026-06-16T08:00:00.000000,NQ=F
1781600400,30926.0,30931.75,30863.25,30870.25,9328,2026-06-16T09:00:00.000000,NQ=F
1781604000,30870.0,30936.75,30869.25,30934.25,8701,2026-06-16T10:00:00.000000,NQ=F
1781607600,30932.75,30975.5,30923.5,30940.25,11824,2026-06-16T11:00:00.000000,NQ=F
1781611200,30940.0,30952.75,30815.75,30826.25,21983,2026-06-16T12:00:00.000000,NQ=F
1781614800,30826.0,30889.0,30750.75,30806.5,75594,2026-06-16T13:00:00.000000,NQ=F
1781618400,30808.0,30858.5,30562.5,30602.75,100899,2026-06-16T14:00:00.000000,NQ=F
1781622000,30601.0,30665.25,30407.75,30467.25,75828,2026-06-16T15:00:00.000000,NQ=F
1781625600,30466.25,30575.0,30444.0,30496.5,50244,2026-06-16T16:00:00.000000,NQ=F
1781629200,30495.5,30521.0,30401.75,30477.25,42982,2026-06-16T17:00:00.000000,NQ=F
1781632800,30477.25,30496.5,30422.0,30443.0,35362,2026-06-16T18:00:00.000000,NQ=F
1781636400,30443.25,30480.75,30302.25,30309.75,81142,2026-06-16T19:00:00.000000,NQ=F
1781640000,30310.0,30330.5,30272.25,30300.5,21361,2026-06-16T20:00:00.000000,NQ=F
1781647200,30306.5,30389.25,30306.5,30378.0,0,2026-06-16T22:00:00.000000,NQ=F
1781650800,30378.75,30380.0,30307.0,30329.0,5844,2026-06-16T23:00:00.000000,NQ=F
1781654400,30330.5,30402.75,30330.5,30383.75,6511,2026-06-17T00:00:00.000000,NQ=F
1781658000,30384.0,30449.75,30368.25,30446.25,6161,2026-06-17T01:00:00.000000,NQ=F
1781661600,30447.25,30463.0,30432.5,30440.25,4119,2026-06-17T02:00:00.000000,NQ=F
1781665200,30441.0,30469.75,30416.75,30466.75,3583,2026-06-17T03:00:00.000000,NQ=F
1781668800,30465.5,30487.25,30447.0,30486.75,3545,2026-06-17T04:00:00.000000,NQ=F
1781672400,30485.75,30526.5,30480.25,30500.25,4704,2026-06-17T05:00:00.000000,NQ=F
1781676000,30501.25,30545.75,30484.5,30544.5,5509,2026-06-17T06:00:00.000000,NQ=F
1781679600,30544.5,30579.75,30538.5,30559.25,6413,2026-06-17T07:00:00.000000,NQ=F
1781683200,30560.5,30584.5,30464.5,30509.75,8774,2026-06-17T08:00:00.000000,NQ=F
1781686800,30510.75,30526.5,30448.0,30463.0,6184,2026-06-17T09:00:00.000000,NQ=F
1781690400,30462.75,30499.25,30418.5,30459.75,6852,2026-06-17T10:00:00.000000,NQ=F
1781694000,30458.75,30492.25,30387.75,30416.0,7638,2026-06-17T11:00:00.000000,NQ=F
1781697600,30416.75,30521.0,30415.5,30491.25,12205,2026-06-17T12:00:00.000000,NQ=F
1781701200,30491.25,30542.25,30346.0,30347.75,65845,2026-06-17T13:00:00.000000,NQ=F
1781704800,30346.0,30545.75,30284.75,30359.25,85174,2026-06-17T14:00:00.000000,NQ=F
1781708400,30357.5,30458.5,30346.0,30450.0,42706,2026-06-17T15:00:00.000000,NQ=F
1781712000,30450.0,30472.25,30396.25,30410.25,26198,2026-06-17T16:00:00.000000,NQ=F
1781715600,30408.25,30484.75,30326.5,30466.75,29038,2026-06-17T17:00:00.000000,NQ=F
1781719200,30465.5,30520.0,30070.25,30274.75,104233,2026-06-17T18:00:00.000000,NQ=F
1781722800,30274.5,30370.0,29923.0,29994.75,104322,2026-06-17T19:00:00.000000,NQ=F
1781726400,29995.0,30159.5,29993.0,30141.75,23308,2026-06-17T20:00:00.000000,NQ=F
1781733600,30142.5,30259.0,30096.0,30236.5,0,2026-06-17T22:00:00.000000,NQ=F
1781737200,30236.25,30312.25,30225.0,30312.25,7345,2026-06-17T23:00:00.000000,NQ=F
1781740800,30313.5,30432.25,30306.5,30368.25,15603,2026-06-18T00:00:00.000000,NQ=F
1781744400,30367.75,30438.25,30363.25,30380.0,8769,2026-06-18T01:00:00.000000,NQ=F
1781748000,30382.5,30430.75,30373.5,30400.25,4158,2026-06-18T02:00:00.000000,NQ=F
1781751600,30401.5,30419.75,30370.0,30398.75,4110,2026-06-18T03:00:00.000000,NQ=F
1781755200,30373.75,30381.25,30284.0,30342.0,7340,2026-06-18T04:00:00.000000,NQ=F
1781758800,30341.0,30378.25,30325.0,30354.0,4951,2026-06-18T05:00:00.000000,NQ=F
1781762400,30353.75,30434.5,30320.0,30419.5,7886,2026-06-18T06:00:00.000000,NQ=F
1781766000,30419.5,30447.25,30382.5,30444.5,6430,2026-06-18T07:00:00.000000,NQ=F
1781769600,30445.25,30500.0,30387.0,30396.25,11361,2026-06-18T08:00:00.000000,NQ=F
1781773200,30397.5,30495.0,30387.5,30488.5,6275,2026-06-18T09:00:00.000000,NQ=F
1781776800,30490.25,30494.75,30421.0,30434.75,6484,2026-06-18T10:00:00.000000,NQ=F
1781780400,30435.75,30457.0,30355.0,30423.5,11083,2026-06-18T11:00:00.000000,NQ=F
1781784000,30423.75,30538.0,30397.0,30514.75,14992,2026-06-18T12:00:00.000000,NQ=F
1781787600,30514.0,30619.75,30391.0,30468.75,95612,2026-06-18T13:00:00.000000,NQ=F
1781791200,30469.25,30660.75,30449.5,30623.5,83916,2026-06-18T14:00:00.000000,NQ=F
1781794800,30623.75,30675.75,30496.25,30640.75,59453,2026-06-18T15:00:00.000000,NQ=F
1781798400,30641.0,30707.75,30628.75,30684.75,43095,2026-06-18T16:00:00.000000,NQ=F
1781802000,30685.5,30736.75,30656.25,30708.5,30295,2026-06-18T17:00:00.000000,NQ=F
1781805600,30708.75,30718.75,30666.0,30690.75,27516,2026-06-18T18:00:00.000000,NQ=F
1781809200,30690.75,30783.25,30645.25,30693.5,62775,2026-06-18T19:00:00.000000,NQ=F
1781812800,30693.0,30748.0,30683.0,30726.5,22049,2026-06-18T20:00:00.000000,NQ=F
1781820000,30740.0,30770.75,30650.0,30662.75,0,2026-06-18T22:00:00.000000,NQ=F
1781823600,30661.25,30703.25,30656.75,30692.5,3575,2026-06-18T23:00:00.000000,NQ=F
1781827200,30690.0,30694.25,30628.0,30642.75,6027,2026-06-19T00:00:00.000000,NQ=F
1781830800,30644.0,30664.75,30592.0,30594.5,4718,2026-06-19T01:00:00.000000,NQ=F
1781834400,30594.25,30619.5,30575.0,30593.75,3206,2026-06-19T02:00:00.000000,NQ=F
1781838000,30593.0,30606.5,30505.5,30506.5,4486,2026-06-19T03:00:00.000000,NQ=F
1782079200,30577.0,30647.0,30463.0,30522.25,11489,2026-06-21T22:00:00.000000,NQ=F
1782082800,30520.75,30647.0,30337.5,30355.75,12915,2026-06-21T23:00:00.000000,NQ=F
1782086400,30353.25,30647.0,30347.75,30616.75,14790,2026-06-22T00:00:00.000000,NQ=F
1782090000,30620.0,30659.0,30603.5,30606.75,9339,2026-06-22T01:00:00.000000,NQ=F
1782093600,30608.5,30647.0,30577.25,30583.5,5516,2026-06-22T02:00:00.000000,NQ=F
1782097200,30585.25,30647.0,30545.0,30554.5,6931,2026-06-22T03:00:00.000000,NQ=F
1782100800,30556.5,30592.25,30524.0,30582.75,6340,2026-06-22T04:00:00.000000,NQ=F
1782104400,30582.75,30665.0,30571.25,30640.25,5398,2026-06-22T05:00:00.000000,NQ=F
1782108000,30641.5,30742.25,30638.0,30736.75,7663,2026-06-22T06:00:00.000000,NQ=F
1782111600,30737.25,30781.75,30733.5,30759.0,5929,2026-06-22T07:00:00.000000,NQ=F
1782115200,30758.0,30765.5,30687.25,30731.25,7264,2026-06-22T08:00:00.000000,NQ=F
1782118800,30730.75,30758.0,30699.0,30699.0,5240,2026-06-22T09:00:00.000000,NQ=F
1782122400,30700.5,30766.75,30700.5,30720.0,6478,2026-06-22T10:00:00.000000,NQ=F
1782126000,30720.25,30828.0,30710.75,30757.75,11298,2026-06-22T11:00:00.000000,NQ=F
1782129600,30755.75,30844.75,30752.5,30800.5,9724,2026-06-22T12:00:00.000000,NQ=F
1782133200,30801.0,30937.25,30756.75,30937.0,75519,2026-06-22T13:00:00.000000,NQ=F
1782136800,30936.25,30968.0,30545.0,30639.0,100911,2026-06-22T14:00:00.000000,NQ=F
1782140400,30639.75,30680.0,30541.25,30557.25,65988,2026-06-22T15:00:00.000000,NQ=F
1782144000,30556.75,30615.25,30503.0,30589.0,41523,2026-06-22T16:00:00.000000,NQ=F
1782147600,30589.5,30650.0,30532.0,30615.0,26557,2026-06-22T17:00:00.000000,NQ=F
1782151200,30614.5,30665.0,30550.5,30558.5,26169,2026-06-22T18:00:00.000000,NQ=F
1782154800,30560.5,30673.5,30534.5,30654.0,44386,2026-06-22T19:00:00.000000,NQ=F
1782158400,30653.25,30677.75,30639.0,30662.5,16114,2026-06-22T20:00:00.000000,NQ=F
1782165600,30662.75,30701.25,30566.5,30582.25,0,2026-06-22T22:00:00.000000,NQ=F
1782169200,30581.5,30588.5,30540.0,30575.0,5247,2026-06-22T23:00:00.000000,NQ=F
1782172800,30574.25,30636.0,30461.25,30602.0,14195,2026-06-23T00:00:00.000000,NQ=F
1782176400,30602.75,30616.25,30406.0,30459.75,14544,2026-06-23T01:00:00.000000,NQ=F
1782180000,30462.25,30472.75,30389.0,30405.25,8747,2026-06-23T02:00:00.000000,NQ=F
1782183600,30406.0,30412.5,30301.0,30383.0,10724,2026-06-23T03:00:00.000000,NQ=F
1782187200,30370.0,30370.25,30231.0,30242.5,10308,2026-06-23T04:00:00.000000,NQ=F
1782190800,30243.0,30268.75,30093.0,30108.5,14307,2026-06-23T05:00:00.000000,NQ=F
1782194400,30107.25,30133.25,29950.0,29969.75,20729,2026-06-23T06:00:00.000000,NQ=F
1782198000,29969.5,30054.25,29889.0,29909.0,18441,2026-06-23T07:00:00.000000,NQ=F
1782201600,29909.5,29919.25,29776.0,29827.25,23872,2026-06-23T08:00:00.000000,NQ=F
1782205200,29830.0,29933.75,29824.0,29886.25,14803,2026-06-23T09:00:00.000000,NQ=F
1782208800,29887.25,29916.25,29752.0,29818.0,15106,2026-06-23T10:00:00.000000,NQ=F
1782212400,29818.5,29884.0,29787.5,29873.25,17825,2026-06-23T11:00:00.000000,NQ=F
1782216000,29872.0,29900.75,29706.5,29735.0,21785,2026-06-23T12:00:00.000000,NQ=F
1782219600,29735.0,29934.75,29616.5,29926.0,99870,2026-06-23T13:00:00.000000,NQ=F
1782223200,29926.0,30047.0,29812.5,29854.5,105239,2026-06-23T14:00:00.000000,NQ=F
1782226800,29854.25,29886.25,29695.25,29797.75,64556,2026-06-23T15:00:00.000000,NQ=F
1782230400,29798.0,29915.75,29790.25,29864.0,44099,2026-06-23T16:00:00.000000,NQ=F
1782234000,29864.0,29896.5,29732.0,29733.0,37968,2026-06-23T17:00:00.000000,NQ=F
1782237600,29732.75,29782.5,29577.25,29630.0,45189,2026-06-23T18:00:00.000000,NQ=F
1782241200,29628.75,29753.0,29612.5,29651.0,77430,2026-06-23T19:00:00.000000,NQ=F
1782244800,29651.0,29757.5,29633.25,29752.0,17273,2026-06-23T20:00:00.000000,NQ=F
1782252000,29770.0,29803.5,29632.5,29680.0,0,2026-06-23T22:00:00.000000,NQ=F
1782255600,29680.0,29763.5,29585.5,29748.25,10417,2026-06-23T23:00:00.000000,NQ=F
1782259200,29745.0,29891.75,29736.75,29846.5,15131,2026-06-24T00:00:00.000000,NQ=F
1782262800,29848.25,29852.25,29761.0,29826.5,10761,2026-06-24T01:00:00.000000,NQ=F
1782266400,29827.5,29838.5,29636.75,29637.75,10773,2026-06-24T02:00:00.000000,NQ=F
1782270000,29638.5,29779.0,29616.5,29744.5,11016,2026-06-24T03:00:00.000000,NQ=F
1782273600,29687.0,29790.0,29654.75,29784.5,7044,2026-06-24T04:00:00.000000,NQ=F
1782277200,29784.5,29884.25,29780.0,29819.0,7739,2026-06-24T05:00:00.000000,NQ=F
1782280800,29819.5,29866.0,29797.25,29822.75,5607,2026-06-24T06:00:00.000000,NQ=F
1782284400,29824.25,29840.75,29764.5,29770.0,7076,2026-06-24T07:00:00.000000,NQ=F
1782288000,29771.25,29866.25,29763.0,29820.0,6569,2026-06-24T08:00:00.000000,NQ=F
1782291600,29819.25,29843.75,29755.0,29808.25,4522,2026-06-24T09:00:00.000000,NQ=F
1782295200,29809.25,29851.0,29774.0,29794.75,5389,2026-06-24T10:00:00.000000,NQ=F
1782298800,29794.75,29865.0,29734.0,29862.25,9674,2026-06-24T11:00:00.000000,NQ=F
1782302400,29861.0,29872.75,29752.5,29762.0,9806,2026-06-24T12:00:00.000000,NQ=F
1782306000,29764.25,29841.5,29562.25,29684.25,86427,2026-06-24T13:00:00.000000,NQ=F
1782309600,29684.25,29893.25,29525.0,29891.0,82992,2026-06-24T14:00:00.000000,NQ=F
1782313200,29891.0,29907.5,29700.0,29756.0,57481,2026-06-24T15:00:00.000000,NQ=F
1782316800,29757.25,29806.25,29596.25,29606.5,45022,2026-06-24T16:00:00.000000,NQ=F
1782320400,29606.5,29661.5,29364.75,29387.25,66864,2026-06-24T17:00:00.000000,NQ=F
1782324000,29389.25,29563.5,29325.0,29345.25,57449,2026-06-24T18:00:00.000000,NQ=F
1782327600,29346.0,29529.0,29264.75,29514.0,79882,2026-06-24T19:00:00.000000,NQ=F
1782331200,29515.25,30157.75,29486.75,30095.25,62170,2026-06-24T20:00:00.000000,NQ=F
1782338400,30089.75,30168.5,30046.25,30049.5,0,2026-06-24T22:00:00.000000,NQ=F
1782342000,30050.25,30135.25,30047.25,30096.75,5580,2026-06-24T23:00:00.000000,NQ=F
1782345600,30097.0,30102.5,29936.0,29965.0,10213,2026-06-25T00:00:00.000000,NQ=F
1782349200,29967.5,30031.0,29950.25,29998.75,7853,2026-06-25T01:00:00.000000,NQ=F
1782352800,29997.5,30020.5,29924.5,29998.0,5936,2026-06-25T02:00:00.000000,NQ=F
1782356400,29999.25,30045.25,29981.75,30036.75,5740,2026-06-25T03:00:00.000000,NQ=F
1782360000,30033.5,30064.75,29998.5,30041.0,4571,2026-06-25T04:00:00.000000,NQ=F
1782363600,30040.25,30121.25,30040.0,30089.25,6126,2026-06-25T05:00:00.000000,NQ=F
1782367200,30091.0,30131.75,30077.5,30105.25,6957,2026-06-25T06:00:00.000000,NQ=F
1782370800,30106.5,30186.5,30105.75,30181.75,7418,2026-06-25T07:00:00.000000,NQ=F
1782374400,30182.0,30219.0,30111.0,30119.5,7944,2026-06-25T08:00:00.000000,NQ=F
1782378000,30121.0,30158.0,30114.0,30131.0,4746,2026-06-25T09:00:00.000000,NQ=F
1782381600,30131.75,30185.0,30125.75,30160.5,4852,2026-06-25T10:00:00.000000,NQ=F
1782385200,30160.25,30193.0,30099.0,30131.25,8033,2026-06-25T11:00:00.000000,NQ=F
1782388800,30130.25,30263.75,30117.0,30201.25,16579,2026-06-25T12:00:00.000000,NQ=F
1782392400,30202.75,30214.75,29295.75,29316.0,116134,2026-06-25T13:00:00.000000,NQ=F
1782396000,29316.75,29776.75,29306.5,29633.25,116617,2026-06-25T14:00:00.000000,NQ=F
1782399600,29633.25,29761.5,29462.5,29659.75,62939,2026-06-25T15:00:00.000000,NQ=F
1782403200,29661.75,29872.0,29586.5,29682.0,56007,2026-06-25T16:00:00.000000,NQ=F
1782406800,29681.5,29811.0,29671.75,29794.5,40956,2026-06-25T17:00:00.000000,NQ=F
1782410400,29793.75,29891.25,29678.75,29773.5,56405,2026-06-25T18:00:00.000000,NQ=F
1782414000,29773.75,29777.5,29616.25,29749.25,53645,2026-06-25T19:00:00.000000,NQ=F
1782417600,29750.0,29922.5,29747.75,29759.25,26300,2026-06-25T20:00:00.000000,NQ=F
1782424800,29742.0,29761.25,29605.5,29678.25,0,2026-06-25T22:00:00.000000,NQ=F
1782428400,29678.75,29892.75,29666.25,29707.0,15335,2026-06-25T23:00:00.000000,NQ=F
1782432000,29704.25,29772.75,29615.75,29636.0,12296,2026-06-26T00:00:00.000000,NQ=F
1782435600,29638.0,29676.75,29461.75,29494.25,10839,2026-06-26T01:00:00.000000,NQ=F
1782439200,29494.0,29506.0,29230.0,29265.25,14328,2026-06-26T02:00:00.000000,NQ=F
1782442800,29267.25,29356.5,29160.5,29356.5,15001,2026-06-26T03:00:00.000000,NQ=F
1782446400,29365.5,29386.75,29252.25,29270.0,11796,2026-06-26T04:00:00.000000,NQ=F
1782450000,29270.75,29410.0,29255.5,29325.25,9224,2026-06-26T05:00:00.000000,NQ=F
1782453600,29326.5,29535.25,29289.0,29503.75,11135,2026-06-26T06:00:00.000000,NQ=F
1782457200,29502.25,29562.75,29435.0,29527.75,10302,2026-06-26T07:00:00.000000,NQ=F
1782460800,29528.25,29557.75,29364.0,29399.5,8917,2026-06-26T08:00:00.000000,NQ=F
1782464400,29400.75,29444.25,29344.0,29370.75,9419,2026-06-26T09:00:00.000000,NQ=F
1782468000,29372.5,29400.25,29317.75,29361.5,5876,2026-06-26T10:00:00.000000,NQ=F
1782471600,29363.25,29425.5,29304.75,29351.0,9086,2026-06-26T11:00:00.000000,NQ=F
1782475200,29350.0,29450.0,29298.25,29315.25,13161,2026-06-26T12:00:00.000000,NQ=F
1782478800,29317.25,29464.5,29181.5,29440.5,71708,2026-06-26T13:00:00.000000,NQ=F
1782482400,29444.0,29665.25,29414.0,29501.75,74704,2026-06-26T14:00:00.000000,NQ=F
1782486000,29505.25,29716.0,29408.75,29621.25,61186,2026-06-26T15:00:00.000000,NQ=F
1782489600,29620.75,29645.5,29493.75,29612.25,39843,2026-06-26T16:00:00.000000,NQ=F
1782493200,29612.0,29700.0,29535.75,29544.0,33382,2026-06-26T17:00:00.000000,NQ=F
1782496800,29545.25,29582.0,29388.75,29415.5,33190,2026-06-26T18:00:00.000000,NQ=F
1782500400,29417.0,29569.5,29283.75,29317.75,59022,2026-06-26T19:00:00.000000,NQ=F
1782504000,29318.0,29410.0,29255.0,29368.25,33179,2026-06-26T20:00:00.000000,NQ=F
1782684000,29504.5,29598.75,29485.0,29560.5,6776,2026-06-28T22:00:00.000000,NQ=F
1782687600,29558.25,29683.25,29548.75,29617.0,8564,2026-06-28T23:00:00.000000,NQ=F
1782691200,29621.0,29622.0,29363.25,29494.0,18582,2026-06-29T00:00:00.000000,NQ=F
1782694800,29494.0,29558.25,29420.25,29516.25,9490,2026-06-29T01:00:00.000000,NQ=F
1782698400,29518.5,29544.25,29389.0,29523.25,7119,2026-06-29T02:00:00.000000,NQ=F
1782702000,29525.75,29605.75,29482.25,29594.25,6551,2026-06-29T03:00:00.000000,NQ=F
1782705600,29592.0,29593.25,29505.0,29518.0,5645,2026-06-29T04:00:00.000000,NQ=F
1782709200,29520.0,29672.25,29491.5,29670.75,7071,2026-06-29T05:00:00.000000,NQ=F
1782712800,29670.25,29684.75,29590.0,29631.5,6994,2026-06-29T06:00:00.000000,NQ=F
1782716400,29631.5,29698.5,29575.75,29664.25,6304,2026-06-29T07:00:00.000000,NQ=F
1782720000,29663.5,29732.75,29652.75,29660.25,6770,2026-06-29T08:00:00.000000,NQ=F
1782723600,29658.75,29688.25,29620.0,29664.0,5169,2026-06-29T09:00:00.000000,NQ=F
1782727200,29666.25,29746.0,29666.25,29740.5,6223,2026-06-29T10:00:00.000000,NQ=F
1782730800,29742.25,29759.75,29683.5,29705.5,7466,2026-06-29T11:00:00.000000,NQ=F
1782734400,29705.25,29739.25,29650.25,29705.0,7438,2026-06-29T12:00:00.000000,NQ=F
1782738000,29705.75,29840.0,29557.0,29617.75,63495,2026-06-29T13:00:00.000000,NQ=F
1782741600,29618.75,29716.5,29273.75,29713.75,103994,2026-06-29T14:00:00.000000,NQ=F
1782745200,29714.25,29847.25,29659.25,29838.75,55089,2026-06-29T15:00:00.000000,NQ=F
1782748800,29839.75,29932.5,29834.25,29915.5,38612,2026-06-29T16:00:00.000000,NQ=F
1782752400,29916.0,30038.25,29915.75,30003.5,35209,2026-06-29T17:00:00.000000,NQ=F
1782756000,30004.0,30069.5,29986.5,30032.25,29251,2026-06-29T18:00:00.000000,NQ=F
1782759600,30032.75,30069.0,29973.75,30047.5,52992,2026-06-29T19:00:00.000000,NQ=F
1782763200,30046.25,30051.75,29991.25,29995.0,16216,2026-06-29T20:00:00.000000,NQ=F
1782770400,30007.25,30035.5,29970.25,30012.25,0,2026-06-29T22:00:00.000000,NQ=F
1782774000,30011.25,30054.0,30006.0,30041.0,4216,2026-06-29T23:00:00.000000,NQ=F
1782777600,30040.0,30086.0,29934.75,30009.5,11289,2026-06-30T00:00:00.000000,NQ=F
1782781200,30010.75,30079.25,29951.0,30053.25,8776,2026-06-30T01:00:00.000000,NQ=F
1782784800,30054.5,30056.75,29977.5,30020.25,4811,2026-06-30T02:00:00.000000,NQ=F
1782788400,30021.5,30130.75,30011.0,30103.0,5121,2026-06-30T03:00:00.000000,NQ=F
1782792000,30134.0,30209.5,30128.5,30186.5,6574,2026-06-30T04:00:00.000000,NQ=F
1782795600,30187.75,30217.0,30117.0,30167.0,7162,2026-06-30T05:00:00.000000,NQ=F
1782799200,30167.75,30173.25,30098.0,30132.5,6622,2026-06-30T06:00:00.000000,NQ=F
1782802800,30133.25,30151.25,30069.25,30081.25,5257,2026-06-30T07:00:00.000000,NQ=F
1782806400,30081.0,30135.0,30018.75,30069.25,7903,2026-06-30T08:00:00.000000,NQ=F
1782810000,30071.25,30093.75,30034.5,30082.5,4521,2026-06-30T09:00:00.000000,NQ=F
1782813600,30083.0,30151.5,30068.25,30139.75,6665,2026-06-30T10:00:00.000000,NQ=F
1782817200,30141.25,30175.5,30114.25,30137.0,7716,2026-06-30T11:00:00.000000,NQ=F
1782820800,30139.0,30142.75,30004.75,30013.5,13050,2026-06-30T12:00:00.000000,NQ=F
1782824400,30014.25,30366.75,29997.0,30366.75,74747,2026-06-30T13:00:00.000000,NQ=F
1782828000,30366.75,30442.5,30274.5,30305.25,75126,2026-06-30T14:00:00.000000,NQ=F
1782831600,30305.25,30482.0,30299.75,30459.75,43368,2026-06-30T15:00:00.000000,NQ=F
1782835200,30460.5,30546.5,30452.5,30528.0,32728,2026-06-30T16:00:00.000000,NQ=F
1782838800,30528.25,30562.75,30515.75,30524.5,28586,2026-06-30T17:00:00.000000,NQ=F
1782842400,30524.75,30575.25,30498.75,30554.5,26607,2026-06-30T18:00:00.000000,NQ=F
1782846000,30554.0,30599.75,30510.0,30514.0,62668,2026-06-30T19:00:00.000000,NQ=F
1782849600,30512.0,30543.0,30484.75,30500.75,21667,2026-06-30T20:00:00.000000,NQ=F
1782856800,30505.75,30536.0,30492.25,30510.0,0,2026-06-30T22:00:00.000000,NQ=F
1782860400,30511.5,30543.5,30509.75,30534.0,3992,2026-06-30T23:00:00.000000,NQ=F
1782864000,30535.25,30553.75,30507.0,30524.0,7176,2026-07-01T00:00:00.000000,NQ=F
1782867600,30523.75,30530.25,30450.5,30453.5,9212,2026-07-01T01:00:00.000000,NQ=F
1782871200,30453.5,30456.25,30367.75,30438.5,7549,2026-07-01T02:00:00.000000,NQ=F
1782874800,30438.5,30477.75,30429.5,30466.75,4333,2026-07-01T03:00:00.000000,NQ=F
1782878400,30452.25,30474.5,30429.0,30443.5,3616,2026-07-01T04:00:00.000000,NQ=F
1782882000,30445.75,30463.0,30422.25,30429.5,3148,2026-07-01T05:00:00.000000,NQ=F
1782885600,30430.0,30444.0,30364.5,30391.5,8396,2026-07-01T06:00:00.000000,NQ=F
1782889200,30391.75,30394.75,30299.0,30374.0,9971,2026-07-01T07:00:00.000000,NQ=F
1782892800,30374.75,30378.0,30317.5,30377.0,6040,2026-07-01T08:00:00.000000,NQ=F
1782896400,30376.25,30386.25,30338.75,30385.0,3044,2026-07-01T09:00:00.000000,NQ=F
1782900000,30384.75,30414.5,30351.75,30407.75,5374,2026-07-01T10:00:00.000000,NQ=F
1782903600,30406.75,30435.25,30355.0,30362.75,6906,2026-07-01T11:00:00.000000,NQ=F
1782907200,30363.0,30395.0,30233.25,30268.75,25175,2026-07-01T12:00:00.000000,NQ=F
1782910800,30267.75,30314.5,30087.75,30283.75,93164,2026-07-01T13:00:00.000000,NQ=F
1782914400,30280.0,30327.25,30137.25,30192.25,74880,2026-07-01T14:00:00.000000,NQ=F
1782918000,30193.0,30356.5,30186.0,30254.75,54386,2026-07-01T15:00:00.000000,NQ=F
1782921600,30255.0,30284.25,30172.75,30190.25,32689,2026-07-01T16:00:00.000000,NQ=F
1782925200,30190.0,30240.5,30152.25,30163.75,30416,2026-07-01T17:00:00.000000,NQ=F
1782928800,30164.25,30190.0,30099.0,30132.75,29254,2026-07-01T18:00:00.000000,NQ=F
1782932400,30132.75,30231.5,30054.0,30080.25,59179,2026-07-01T19:00:00.000000,NQ=F
1782936000,30080.25,30086.25,30008.5,30064.25,24452,2026-07-01T20:00:00.000000,NQ=F
1782943200,30089.75,30118.0,30051.5,30107.25,0,2026-07-01T22:00:00.000000,NQ=F
1782946800,30108.25,30111.0,30010.25,30042.75,5437,2026-07-01T23:00:00.000000,NQ=F
1782950400,30046.0,30117.25,29952.5,30110.25,11307,2026-07-02T00:00:00.000000,NQ=F
1782954000,30110.5,30229.0,30098.0,30203.75,7908,2026-07-02T01:00:00.000000,NQ=F
1782957600,30203.75,30239.5,30180.75,30207.5,5714,2026-07-02T02:00:00.000000,NQ=F
1782961200,30208.25,30212.75,30134.5,30171.25,5381,2026-07-02T03:00:00.000000,NQ=F
1782964800,30155.5,30157.0,30050.0,30111.25,5699,2026-07-02T04:00:00.000000,NQ=F
1782968400,30114.0,30159.75,30037.25,30051.0,6964,2026-07-02T05:00:00.000000,NQ=F
1782972000,30052.0,30066.0,29895.0,29919.75,10894,2026-07-02T06:00:00.000000,NQ=F
1782975600,29921.25,29944.5,29826.25,29891.25,10691,2026-07-02T07:00:00.000000,NQ=F
1782979200,29893.5,30038.25,29827.25,30033.0,9730,2026-07-02T08:00:00.000000,NQ=F
1782982800,30032.75,30033.5,29943.5,29957.75,6395,2026-07-02T09:00:00.000000,NQ=F
1782986400,29959.5,30008.5,29920.0,30005.75,5871,2026-07-02T10:00:00.000000,NQ=F
1782990000,30005.25,30079.0,29967.0,30034.25,9644,2026-07-02T11:00:00.000000,NQ=F
1782993600,30035.25,30320.0,30022.25,30182.75,26551,2026-07-02T12:00:00.000000,NQ=F
1782997200,30185.0,30263.0,30007.75,30257.5,77496,2026-07-02T13:00:00.000000,NQ=F
1783000800,30257.75,30293.5,29730.75,29840.25,108482,2026-07-02T14:00:00.000000,NQ=F
1783004400,29840.25,29852.0,29610.75,29676.0,72684,2026-07-02T15:00:00.000000,NQ=F
1783008000,29676.75,29688.25,29434.0,29462.25,61788,2026-07-02T16:00:00.000000,NQ=F
1783011600,29461.0,29482.75,29328.5,29338.5,48159,2026-07-02T17:00:00.000000,NQ=F
1783015200,29339.5,29528.0,29330.5,29489.0,46994,2026-07-02T18:00:00.000000,NQ=F
1783018800,29488.75,29588.0,29349.5,29539.5,62920,2026-07-02T19:00:00.000000,NQ=F
1783022400,29539.25,29564.75,29514.0,29551.75,18996,2026-07-02T20:00:00.000000,NQ=F
1783029600,29566.0,29622.25,29559.25,29618.75,0,2026-07-02T22:00:00.000000,NQ=F
1783033200,29615.75,29618.75,29552.0,29600.5,4937,2026-07-02T23:00:00.000000,NQ=F
1783036800,29598.75,29638.75,29522.0,29536.5,6700,2026-07-03T00:00:00.000000,NQ=F
1783040400,29539.5,29699.5,29535.25,29682.5,6840,2026-07-03T01:00:00.000000,NQ=F
1783044000,29684.75,29755.75,29680.5,29750.75,4049,2026-07-03T02:00:00.000000,NQ=F
1783047600,29749.75,29775.25,29717.75,29768.0,3630,2026-07-03T03:00:00.000000,NQ=F
1783288800,29930.25,29979.5,29860.75,29946.0,8656,2026-07-05T22:00:00.000000,NQ=F
1783292400,29946.5,30011.25,29901.75,29983.75,6704,2026-07-05T23:00:00.000000,NQ=F
1783296000,29987.75,30004.75,29845.0,29928.25,11654,2026-07-06T00:00:00.000000,NQ=F
1783299600,29926.5,29932.0,29750.0,29792.75,11361,2026-07-06T01:00:00.000000,NQ=F
1783303200,29793.25,29901.75,29683.0,29725.25,10053,2026-07-06T02:00:00.000000,NQ=F
1783306800,29726.5,29901.75,29693.25,29718.75,8432,2026-07-06T03:00:00.000000,NQ=F
1783310400,29730.25,29840.5,29703.0,29828.25,6073,2026-07-06T04:00:00.000000,NQ=F
1783314000,29829.5,29830.5,29752.5,29790.5,4029,2026-07-06T05:00:00.000000,NQ=F
1783317600,29791.5,29858.25,29754.75,29847.25,5157,2026-07-06T06:00:00.000000,NQ=F
1783321200,29846.25,29876.25,29816.25,29852.5,3582,2026-07-06T07:00:00.000000,NQ=F
1783324800,29852.75,29884.0,29780.0,29867.0,4668,2026-07-06T08:00:00.000000,NQ=F
1783328400,29869.75,29888.5,29827.5,29877.0,3442,2026-07-06T09:00:00.000000,NQ=F
1783332000,29878.0,29891.5,29847.25,29884.5,3091,2026-07-06T10:00:00.000000,NQ=F
1783335600,29884.25,29915.0,29841.75,29877.75,5845,2026-07-06T11:00:00.000000,NQ=F
1783339200,29879.0,29936.0,29865.5,29934.0,9279,2026-07-06T12:00:00.000000,NQ=F
1783342800,29934.75,30009.0,29776.25,29932.5,69434,2026-07-06T13:00:00.000000,NQ=F
1783346400,29935.5,30067.5,29903.25,30025.25,62489,2026-07-06T14:00:00.000000,NQ=F
1783350000,30025.75,30083.75,29941.25,30074.25,44660,2026-07-06T15:00:00.000000,NQ=F
1783353600,30074.0,30094.0,29981.0,29990.0,31501,2026-07-06T16:00:00.000000,NQ=F
1783357200,29989.0,30036.75,29882.25,29896.75,39481,2026-07-06T17:00:00.000000,NQ=F
1783360800,29896.25,30004.0,29895.5,29990.0,32137,2026-07-06T18:00:00.000000,NQ=F
1783364400,29990.75,30052.0,29931.5,29951.0,51173,2026-07-06T19:00:00.000000,NQ=F
1783368000,29950.75,29972.75,29931.25,29947.75,14257,2026-07-06T20:00:00.000000,NQ=F
1783375200,29960.0,29973.75,29889.0,29894.75,0,2026-07-06T22:00:00.000000,NQ=F
1783378800,29893.5,29928.75,29839.25,29852.25,6427,2026-07-06T23:00:00.000000,NQ=F
1783382400,29851.0,29914.25,29808.25,29816.75,10497,2026-07-07T00:00:00.000000,NQ=F
1783386000,29819.75,29835.75,29716.5,29773.0,10181,2026-07-07T01:00:00.000000,NQ=F
1783389600,29774.25,29819.25,29738.75,29748.0,6179,2026-07-07T02:00:00.000000,NQ=F
1783393200,29748.0,29784.75,29628.25,29661.75,10396,2026-07-07T03:00:00.000000,NQ=F
1783396800,29666.25,29669.75,29607.5,29625.5,6037,2026-07-07T04:00:00.000000,NQ=F
1783400400,29626.25,29704.5,29558.5,29689.75,8812,2026-07-07T05:00:00.000000,NQ=F
1783404000,29688.75,29701.25,29631.25,29688.75,6182,2026-07-07T06:00:00.000000,NQ=F
1783407600,29689.0,29744.0,29644.0,29645.5,8265,2026-07-07T07:00:00.000000,NQ=F
1783411200,29646.75,29709.25,29641.25,29660.25,5490,2026-07-07T08:00:00.000000,NQ=F
1783414800,29660.75,29693.5,29622.5,29662.25,5530,2026-07-07T09:00:00.000000,NQ=F
1783418400,29663.25,29689.5,29625.25,29659.25,9023,2026-07-07T10:00:00.000000,NQ=F
1783422000,29660.5,29661.75,29591.25,29642.5,6969,2026-07-07T11:00:00.000000,NQ=F
1783425600,29640.75,29716.0,29622.0,29642.25,12134,2026-07-07T12:00:00.000000,NQ=F
1783429200,29642.25,29685.75,29420.25,29469.0,87303,2026-07-07T13:00:00.000000,NQ=F
1783432800,29468.75,29505.75,29210.0,29302.5,99922,2026-07-07T14:00:00.000000,NQ=F
1783436400,29302.25,29389.25,29248.25,29386.75,54117,2026-07-07T15:00:00.000000,NQ=F
1783440000,29388.0,29558.25,29377.0,29540.0,56185,2026-07-07T16:00:00.000000,NQ=F
1783443600,29539.5,29580.75,29510.0,29567.25,35209,2026-07-07T17:00:00.000000,NQ=F
1783447200,29567.5,29574.25,29385.25,29391.0,40005,2026-07-07T18:00:00.000000,NQ=F
1783450800,29390.25,29410.0,29271.0,29395.5,65476,2026-07-07T19:00:00.000000,NQ=F
1783454400,29395.75,29437.25,29387.75,29419.5,17179,2026-07-07T20:00:00.000000,NQ=F
1783461600,29373.75,29400.0,29319.5,29386.75,0,2026-07-07T22:00:00.000000,NQ=F
1783465200,29391.5,29407.0,29292.5,29300.5,6684,2026-07-07T23:00:00.000000,NQ=F
1783468800,29300.0,29547.0,29266.0,29543.5,16415,2026-07-08T00:00:00.000000,NQ=F
1783472400,29543.75,29558.75,29427.0,29438.0,10576,2026-07-08T01:00:00.000000,NQ=F
1783476000,29437.75,29475.0,29388.0,29461.25,7490,2026-07-08T02:00:00.000000,NQ=F
1783479600,29461.5,29532.25,29461.25,29470.75,5362,2026-07-08T03:00:00.000000,NQ=F
1783483200,29465.25,29470.0,29376.75,29415.0,6853,2026-07-08T04:00:00.000000,NQ=F
1783486800,29417.0,29447.25,29311.75,29347.5,6883,2026-07-08T05:00:00.000000,NQ=F
1783490400,29346.75,29363.5,29282.25,29329.25,7703,2026-07-08T06:00:00.000000,NQ=F
1783494000,29329.25,29404.25,29281.0,29381.0,8314,2026-07-08T07:00:00.000000,NQ=F
1783497600,29383.0,29414.75,28957.25,29009.5,26790,2026-07-08T08:00:00.000000,NQ=F
1783501200,29010.75,29034.0,28909.75,28957.75,14254,2026-07-08T09:00:00.000000,NQ=F
1783504800,28960.75,29063.0,28922.75,29018.75,9688,2026-07-08T10:00:00.000000,NQ=F
1783508400,29020.75,29124.75,28973.0,29089.25,12653,2026-07-08T11:00:00.000000,NQ=F
1783512000,29088.0,29239.5,29054.25,29155.0,17093,2026-07-08T12:00:00.000000,NQ=F
1783515600,29154.75,29399.0,29148.0,29367.5,72681,2026-07-08T13:00:00.000000,NQ=F
1783519200,29366.25,29389.25,29151.0,29210.25,77369,2026-07-08T14:00:00.000000,NQ=F
1783522800,29212.0,29224.25,29034.0,29096.25,54994,2026-07-08T15:00:00.000000,NQ=F
1783526400,29097.25,29377.0,29092.75,29373.25,53184,2026-07-08T16:00:00.000000,NQ=F
1783530000,29372.25,29457.75,29324.25,29352.5,38876,2026-07-08T17:00:00.000000,NQ=F
1783533600,29352.25,29429.25,29330.0,29405.75,29582,2026-07-08T18:00:00.000000,NQ=F
1783537200,29405.75,29500.0,29375.75,29457.75,42862,2026-07-08T19:00:00.000000,NQ=F
1783540800,29457.75,29468.5,29353.25,29391.25,16179,2026-07-08T20:00:00.000000,NQ=F
1783548000,29412.0,29449.25,29402.75,29425.5,0,2026-07-08T22:00:00.000000,NQ=F
1783551600,29424.0,29503.25,29395.0,29491.25,5867,2026-07-08T23:00:00.000000,NQ=F
1783555200,29491.0,29583.0,29486.25,29503.5,11271,2026-07-09T00:00:00.000000,NQ=F
1783558800,29504.5,29555.25,29444.5,29449.0,8308,2026-07-09T01:00:00.000000,NQ=F
1783562400,29450.5,29579.0,29419.0,29429.5,10386,2026-07-09T02:00:00.000000,NQ=F
1783566000,29430.75,29518.0,29396.5,29505.75,5680,2026-07-09T03:00:00.000000,NQ=F
1783569600,29506.75,29558.5,29462.5,29554.0,4501,2026-07-09T04:00:00.000000,NQ=F
1783573200,29554.75,29610.0,29474.75,29607.75,7887,2026-07-09T05:00:00.000000,NQ=F
1783576800,29606.5,29644.25,29572.25,29612.0,7249,2026-07-09T06:00:00.000000,NQ=F
1783580400,29613.25,29706.75,29603.75,29686.25,8870,2026-07-09T07:00:00.000000,NQ=F
1783584000,29684.75,29735.75,29643.0,29661.25,7195,2026-07-09T08:00:00.000000,NQ=F
1783587600,29663.5,29669.0,29613.75,29644.0,4156,2026-07-09T09:00:00.000000,NQ=F
1783591200,29645.5,29669.0,29564.5,29600.25,5624,2026-07-09T10:00:00.000000,NQ=F
1783594800,29601.75,29721.75,29579.0,29696.0,9804,2026-07-09T11:00:00.000000,NQ=F
1783598400,29696.75,29786.5,29681.0,29736.0,14099,2026-07-09T12:00:00.000000,NQ=F
1783602000,29735.25,29931.25,29672.0,29909.5,68232,2026-07-09T13:00:00.000000,NQ=F
1783605600,29909.75,29922.75,29614.5,29787.75,83694,2026-07-09T14:00:00.000000,NQ=F
1783609200,29788.25,29905.25,29779.5,29886.25,39798,2026-07-09T15:00:00.000000,NQ=F
1783612800,29886.5,29924.25,29864.0,29897.25,29530,2026-07-09T16:00:00.000000,NQ=F
1783616400,29897.0,29993.5,29893.5,29973.75,31856,2026-07-09T17:00:00.000000,NQ=F
1783620000,29974.75,29985.0,29929.5,29939.25,25264,2026-07-09T18:00:00.000000,NQ=F
1783623600,29939.75,29958.25,29896.75,29948.0,48990,2026-07-09T19:00:00.000000,NQ=F
1783627200,29948.5,29973.75,29926.25,29931.25,14361,2026-07-09T20:00:00.000000,NQ=F
1783634400,29937.75,29961.0,29904.0,29922.0,0,2026-07-09T22:00:00.000000,NQ=F
1783638000,29921.5,29964.25,29907.0,29932.5,4502,2026-07-09T23:00:00.000000,NQ=F
1783641600,29933.25,29952.0,29804.25,29866.5,13168,2026-07-10T00:00:00.000000,NQ=F
1783645200,29866.5,29922.75,29817.5,29891.5,7736,2026-07-10T01:00:00.000000,NQ=F
1783648800,29895.0,29952.5,29854.25,29951.25,6747,2026-07-10T02:00:00.000000,NQ=F
1783652400,29952.0,29963.5,29912.5,29930.5,3301,2026-07-10T03:00:00.000000,NQ=F
1783656000,29936.75,29948.75,29875.25,29881.75,4349,2026-07-10T04:00:00.000000,NQ=F
1783659600,29883.75,29897.0,29840.0,29845.5,5129,2026-07-10T05:00:00.000000,NQ=F
1783663200,29847.25,29856.75,29775.25,29819.5,9290,2026-07-10T06:00:00.000000,NQ=F
1783666800,29819.25,29827.75,29761.75,29774.0,4722,2026-07-10T07:00:00.000000,NQ=F
1783670400,29773.75,29803.75,29743.75,29773.25,6067,2026-07-10T08:00:00.000000,NQ=F
1783674000,29776.75,29827.75,29717.25,29814.75,6147,2026-07-10T09:00:00.000000,NQ=F
1783677600,29820.75,29862.25,29805.5,29850.75,4601,2026-07-10T10:00:00.000000,NQ=F
1783681200,29850.0,29887.75,29806.75,29816.0,7015,2026-07-10T11:00:00.000000,NQ=F
1783684800,29816.75,29878.75,29771.25,29800.0,12501,2026-07-10T12:00:00.000000,NQ=F
1783688400,29800.5,29968.5,29790.5,29923.0,60963,2026-07-10T13:00:00.000000,NQ=F
1783692000,29922.75,29966.0,29675.0,29818.25,71988,2026-07-10T14:00:00.000000,NQ=F
1783695600,29818.5,29991.5,29780.0,29944.25,57546,2026-07-10T15:00:00.000000,NQ=F
1783699200,29944.25,30043.25,29943.75,30026.75,35107,2026-07-10T16:00:00.000000,NQ=F
1783702800,30026.5,30072.25,29996.5,30038.0,22704,2026-07-10T17:00:00.000000,NQ=F
1783706400,30039.0,30071.0,30021.5,30038.25,24375,2026-07-10T18:00:00.000000,NQ=F
1783710000,30038.5,30077.75,30024.75,30037.25,36455,2026-07-10T19:00:00.000000,NQ=F
1783713600,30037.25,30073.75,30031.75,30032.25,10527,2026-07-10T20:00:00.000000,NQ=F
1783893600,29894.25,29915.0,29855.0,29910.25,6836,2026-07-12T22:00:00.000000,NQ=F
1783897200,29909.75,29910.5,29845.0,29893.25,6041,2026-07-12T23:00:00.000000,NQ=F
1783900800,29892.0,30041.0,29807.5,29832.5,17304,2026-07-13T00:00:00.000000,NQ=F
1783904400,29836.75,29851.25,29737.25,29761.25,12668,2026-07-13T01:00:00.000000,NQ=F
1783908000,29762.75,29808.75,29714.5,29717.0,9377,2026-07-13T02:00:00.000000,NQ=F
1783911600,29717.5,29727.25,29682.0,29695.25,7331,2026-07-13T03:00:00.000000,NQ=F
1783915200,29689.75,29690.0,29612.75,29627.0,6837,2026-07-13T04:00:00.000000,NQ=F
1783918800,29627.75,29693.75,29542.75,29649.0,10972,2026-07-13T05:00:00.000000,NQ=F
1783922400,29650.5,29666.0,29585.5,29632.5,7279,2026-07-13T06:00:00.000000,NQ=F
1783926000,29631.5,29690.25,29607.0,29652.75,5933,2026-07-13T07:00:00.000000,NQ=F
1783929600,29654.25,29754.0,29647.5,29747.5,7471,2026-07-13T08:00:00.000000,NQ=F
1783933200,29747.5,29776.5,29718.0,29770.75,3657,2026-07-13T09:00:00.000000,NQ=F
1783936800,29772.0,29778.0,29735.75,29756.75,4108,2026-07-13T10:00:00.000000,NQ=F
1783940400,29755.75,29799.75,29728.75,29741.0,6470,2026-07-13T11:00:00.000000,NQ=F
1783944000,29742.0,29757.25,29655.5,29719.0,11777,2026-07-13T12:00:00.000000,NQ=F
1783947600,29719.25,29748.0,29518.0,29630.0,69627,2026-07-13T13:00:00.000000,NQ=F
1783951200,29631.0,29724.0,29488.5,29717.75,75945,2026-07-13T14:00:00.000000,NQ=F
1783954800,29718.0,29752.5,29596.75,29612.25,39143,2026-07-13T15:00:00.000000,NQ=F
1783958400,29611.25,29638.5,29460.75,29525.75,50481,2026-07-13T16:00:00.000000,NQ=F
1783962000,29526.5,29580.75,29468.0,29479.5,29043,2026-07-13T17:00:00.000000,NQ=F
1783965600,29480.0,29539.5,29454.5,29493.5,28684,2026-07-13T18:00:00.000000,NQ=F
1783969200,29493.5,29525.75,29393.25,29466.5,66857,2026-07-13T19:00:00.000000,NQ=F
1783972800,29466.5,29474.0,29386.5,29428.75,15969,2026-07-13T20:00:00.000000,NQ=F
1783980000,29446.0,29479.5,29393.75,29399.5,0,2026-07-13T22:00:00.000000,NQ=F
1783983600,29399.5,29423.75,29327.25,29420.75,7699,2026-07-13T23:00:00.000000,NQ=F
1783987200,29422.5,29535.0,29325.75,29521.0,15667,2026-07-14T00:00:00.000000,NQ=F
1783990800,29521.0,29541.25,29437.0,29445.0,9396,2026-07-14T01:00:00.000000,NQ=F
1783994400,29447.25,29489.0,29365.25,29389.0,8242,2026-07-14T02:00:00.000000,NQ=F
1783998000,29390.75,29426.0,29303.5,29423.5,9900,2026-07-14T03:00:00.000000,NQ=F
1784001600,29406.5,29516.5,29371.25,29508.5,5481,2026-07-14T04:00:00.000000,NQ=F
1784005200,29509.75,29631.25,29490.0,29593.0,8001,2026-07-14T05:00:00.000000,NQ=F
1784008800,29592.0,29649.75,29562.75,29564.25,6504,2026-07-14T06:00:00.000000,NQ=F
1784012400,29564.0,29621.25,29545.5,29574.5,5396,2026-07-14T07:00:00.000000,NQ=F
1784016000,29575.0,29636.25,29547.75,29573.0,5622,2026-07-14T08:00:00.000000,NQ=F
1784019600,29573.0,29629.5,29557.75,29602.25,3751,2026-07-14T09:00:00.000000,NQ=F
1784023200,29603.25,29633.0,29578.75,29607.25,2944,2026-07-14T10:00:00.000000,NQ=F
1784026800,29606.75,29670.5,29555.0,29632.0,10797,2026-07-14T11:00:00.000000,NQ=F
1784030400,29635.0,29921.75,29570.0,29772.5,29863,2026-07-14T12:00:00.000000,NQ=F
1784034000,29773.75,29832.0,29685.0,29781.25,56934,2026-07-14T13:00:00.000000,NQ=F
1784037600,29780.25,29839.75,29567.5,29772.5,77331,2026-07-14T14:00:00.000000,NQ=F
1784041200,29773.5,29895.75,29753.75,29785.5,54910,2026-07-14T15:00:00.000000,NQ=F
1784044800,29786.0,29830.0,29704.5,29826.75,36133,2026-07-14T16:00:00.000000,NQ=F
1784048400,29826.75,29867.0,29807.0,29863.25,24238,2026-07-14T17:00:00.000000,NQ=F
1784052000,29863.0,29878.25,29810.5,29824.0,22897,2026-07-14T18:00:00.000000,NQ=F
1784055600,29824.5,29837.75,29771.0,29786.75,41404,2026-07-14T19:00:00.000000,NQ=F
1784059200,29786.5,29810.0,29767.75,29793.5,13461,2026-07-14T20:00:00.000000,NQ=F
1784066400,29805.0,29806.25,29745.5,29773.25,0,2026-07-14T22:00:00.000000,NQ=F
1784070000,29772.75,29900.0,29758.0,29889.25,6034,2026-07-14T23:00:00.000000,NQ=F
1784073600,29889.0,29938.0,29837.5,29918.0,8494,2026-07-15T00:00:00.000000,NQ=F
1784077200,29920.0,29959.25,29860.0,29957.25,6614,2026-07-15T01:00:00.000000,NQ=F
1784080800,29958.75,29987.25,29949.25,29960.75,4635,2026-07-15T02:00:00.000000,NQ=F
1784084400,29961.0,30019.25,29947.25,30014.0,4115,2026-07-15T03:00:00.000000,NQ=F
1784088000,30000.25,30025.0,29983.25,30021.75,3183,2026-07-15T04:00:00.000000,NQ=F
1784091600,30022.5,30058.25,29967.75,30032.0,8058,2026-07-15T05:00:00.000000,NQ=F
1784095200,30031.75,30050.0,30009.75,30030.0,4966,2026-07-15T06:00:00.000000,NQ=F
1784098800,30030.5,30062.5,29928.0,29996.25,7986,2026-07-15T07:00:00.000000,NQ=F
1784102400,29997.25,29998.75,29872.0,29936.5,6824,2026-07-15T08:00:00.000000,NQ=F
1784106000,29937.75,29963.5,29914.25,29924.75,2785,2026-07-15T09:00:00.000000,NQ=F
1784109600,29926.0,29947.25,29886.0,29927.25,3415,2026-07-15T10:00:00.000000,NQ=F
1784113200,29926.0,29953.0,29904.5,29912.5,3536,2026-07-15T11:00:00.000000,NQ=F
1784116800,29914.5,29995.25,29856.25,29980.0,13321,2026-07-15T12:00:00.000000,NQ=F
1784120400,29980.0,29999.75,29754.5,29822.5,62667,2026-07-15T13:00:00.000000,NQ=F
1784124000,29823.5,29892.5,29536.75,29630.75,92068,2026-07-15T14:00:00.000000,NQ=F
1784127600,29632.0,29661.75,29526.5,29582.0,50387,2026-07-15T15:00:00.000000,NQ=F
1784131200,29580.25,29599.5,29397.0,29512.75,55063,2026-07-15T16:00:00.000000,NQ=F
1784134800,29512.75,29705.75,29504.75,29686.5,42167,2026-07-15T17:00:00.000000,NQ=F
1784138400,29686.5,29742.75,29595.0,29613.25,42022,2026-07-15T18:00:00.000000,NQ=F
1784142000,29613.0,29707.0,29589.0,29700.5,49692,2026-07-15T19:00:00.000000,NQ=F
1784145600,29700.75,29737.0,29664.0,29707.5,12480,2026-07-15T20:00:00.000000,NQ=F
1784152800,29709.0,29749.0,29677.0,29716.25,0,2026-07-15T22:00:00.000000,NQ=F
1784156400,29716.0,29736.25,29682.0,29690.0,3817,2026-07-15T23:00:00.000000,NQ=F
1784160000,29690.0,29763.25,29622.25,29651.25,8947,2026-07-16T00:00:00.000000,NQ=F
1784163600,29653.75,29685.75,29595.75,29651.0,6740,2026-07-16T01:00:00.000000,NQ=F
1784167200,29651.25,29736.0,29620.0,29727.0,6424,2026-07-16T02:00:00.000000,NQ=F
1784170800,29728.0,29751.75,29701.75,29737.75,3588,2026-07-16T03:00:00.000000,NQ=F
1784174400,29727.25,29756.25,29691.25,29708.0,2897,2026-07-16T04:00:00.000000,NQ=F
1784178000,29709.0,29797.0,29666.5,29686.5,6187,2026-07-16T05:00:00.000000,NQ=F
1784181600,29687.75,29749.75,29641.25,29683.75,7884,2026-07-16T06:00:00.000000,NQ=F
1784185200,29684.75,29686.5,29548.5,29562.25,6267,2026-07-16T07:00:00.000000,NQ=F
1784188800,29563.5,29595.5,29478.75,29591.5,6948,2026-07-16T08:00:00.000000,NQ=F
1784192400,29593.25,29645.25,29528.0,29531.25,5503,2026-07-16T09:00:00.000000,NQ=F
1784196000,29530.25,29561.25,29502.5,29531.0,4539,2026-07-16T10:00:00.000000,NQ=F
1784199600,29528.75,29532.0,29361.0,29446.75,10317,2026-07-16T11:00:00.000000,NQ=F
1784203200,29445.75,29457.25,29363.5,29392.25,11913,2026-07-16T12:00:00.000000,NQ=F
1784206800,29393.25,29532.0,29255.5,29347.5,69847,2026-07-16T13:00:00.000000,NQ=F
1784210400,29346.5,29513.5,29315.25,29433.75,68786,2026-07-16T14:00:00.000000,NQ=F
1784214000,29435.5,29468.0,29336.0,29392.0,52429,2026-07-16T15:00:00.000000,NQ=F
1784217600,29392.5,29395.25,29260.75,29338.25,43088,2026-07-16T16:00:00.000000,NQ=F
1784221200,29339.0,29345.0,29219.0,29244.5,35699,2026-07-16T17:00:00.000000,NQ=F
1784224800,29244.25,29304.0,29198.5,29210.5,35628,2026-07-16T18:00:00.000000,NQ=F
1784228400,29210.0,29242.0,29078.5,29217.0,68267,2026-07-16T19:00:00.000000,NQ=F
1784232000,29217.75,29231.25,29162.75,29179.0,18268,2026-07-16T20:00:00.000000,NQ=F
1784239200,29191.0,29220.0,29115.25,29136.5,0,2026-07-16T22:00:00.000000,NQ=F
1784242800,29134.75,29144.75,29060.0,29096.5,5739,2026-07-16T23:00:00.000000,NQ=F
1784246400,29095.5,29124.25,28993.5,29057.0,11618,2026-07-17T00:00:00.000000,NQ=F
1784250000,29059.75,29105.5,28945.75,28972.0,10235,2026-07-17T01:00:00.000000,NQ=F
1784253600,28970.75,28985.75,28902.25,28925.0,7213,2026-07-17T02:00:00.000000,NQ=F
1784257200,28926.25,29026.0,28913.75,28922.25,7893,2026-07-17T03:00:00.000000,NQ=F
1784260800,28873.5,28879.25,28774.5,28804.75,12052,2026-07-17T04:00:00.000000,NQ=F
1784264400,28806.0,28823.0,28725.0,28756.25,8781,2026-07-17T05:00:00.000000,NQ=F
1784268000,28755.0,28825.0,28722.5,28743.0,9701,2026-07-17T06:00:00.000000,NQ=F
1784271600,28744.25,28767.5,28682.5,28688.0,8720,2026-07-17T07:00:00.000000,NQ=F
1784275200,28687.5,28735.0,28550.0,28630.0,15808,2026-07-17T08:00:00.000000,NQ=F
1784278800,28628.75,28728.0,28618.75,28711.5,8416,2026-07-17T09:00:00.000000,NQ=F
1784282400,28711.75,28825.5,28691.5,28785.0,12366,2026-07-17T10:00:00.000000,NQ=F
1784286000,28786.75,28808.25,28713.5,28741.5,9387,2026-07-17T11:00:00.000000,NQ=F
1784289600,28740.0,28744.75,28645.5,28664.5,11837,2026-07-17T12:00:00.000000,NQ=F
1784293200,28664.75,28686.0,28408.25,28676.0,86550,2026-07-17T13:00:00.000000,NQ=F
1784296800,28676.0,28896.0,28665.25,28727.0,103749,2026-07-17T14:00:00.000000,NQ=F
1784300400,28727.0,28948.5,28672.25,28933.5,64666,2026-07-17T15:00:00.000000,NQ=F
1784304000,28934.0,29028.0,28846.0,28974.25,56629,2026-07-17T16:00:00.000000,NQ=F
1784307600,28974.75,29050.25,28883.75,28895.75,41827,2026-07-17T17:00:00.000000,NQ=F
1784311200,28896.25,28937.0,28797.0,28861.25,41962,2026-07-17T18:00:00.000000,NQ=F
1784314800,28861.0,28869.25,28718.5,28764.25,59301,2026-07-17T19:00:00.000000,NQ=F
1784318400,28764.5,28779.75,28712.5,28773.25,19577,2026-07-17T20:00:00.000000,NQ=F
1784498400,28733.75,28851.0,28709.75,28814.5,7469,2026-07-19T22:00:00.000000,NQ=F
1784502000,28818.0,28880.25,28781.0,28868.25,6202,2026-07-19T23:00:00.000000,NQ=F
1784505600,28870.0,28963.5,28806.0,28859.25,11738,2026-07-20T00:00:00.000000,NQ=F
1784509200,28861.75,28917.5,28762.75,28795.75,9505,2026-07-20T01:00:00.000000,NQ=F
1784512800,28798.5,28948.0,28793.0,28886.0,8290,2026-07-20T02:00:00.000000,NQ=F
1784516400,28888.0,28937.75,28851.0,28894.5,5256,2026-07-20T03:00:00.000000,NQ=F
1784520000,28900.0,28942.0,28844.5,28897.75,5132,2026-07-20T04:00:00.000000,NQ=F
1784523600,28898.0,28901.75,28789.0,28807.25,5620,2026-07-20T05:00:00.000000,NQ=F
1784527200,28808.0,28823.75,28766.0,28803.5,4759,2026-07-20T06:00:00.000000,NQ=F
1784530800,28805.75,28926.0,28797.75,28911.0,7044,2026-07-20T07:00:00.000000,NQ=F
1784534400,28908.25,28939.75,28860.0,28882.0,4920,2026-07-20T08:00:00.000000,NQ=F
1784538000,28879.25,28998.25,28854.0,28952.5,5828,2026-07-20T09:00:00.000000,NQ=F
1784541600,28952.75,28980.0,28920.5,28969.0,4839,2026-07-20T10:00:00.000000,NQ=F
1784545200,28970.75,29109.5,28963.75,29072.5,13760,2026-07-20T11:00:00.000000,NQ=F
1784548800,29072.5,29075.5,28981.75,29025.0,10809,2026-07-20T12:00:00.000000,NQ=F
1784552400,29025.0,29192.5,28979.75,28994.75,68384,2026-07-20T13:00:00.000000,NQ=F
1784556000,28996.0,29053.75,28874.0,28891.5,75455,2026-07-20T14:00:00.000000,NQ=F
1784559600,28891.75,29066.75,28873.25,29050.75,50660,2026-07-20T15:00:00.000000,NQ=F
1784563200,29050.75,29119.0,28956.0,28983.75,46136,2026-07-20T16:00:00.000000,NQ=F
1784566800,28983.0,28999.75,28900.75,28956.5,32688,2026-07-20T17:00:00.000000,NQ=F
1784570400,28957.0,29009.75,28855.75,28870.0,35112,2026-07-20T18:00:00.000000,NQ=F
1784574000,28871.0,28896.0,28767.75,28785.75,58242,2026-07-20T19:00:00.000000,NQ=F
1784577600,28785.25,28831.5,28750.5,28777.0,13475,2026-07-20T20:00:00.000000,NQ=F
1784584800,28778.25,28803.5,28701.0,28717.75,0,2026-07-20T22:00:00.000000,NQ=F
1784588400,28717.75,28832.5,28711.25,28779.25,6832,2026-07-20T23:00:00.000000,NQ=F
1784592000,28777.5,28897.0,28707.25,28856.25,11904,2026-07-21T00:00:00.000000,NQ=F
1784595600,28859.75,28920.5,28837.5,28885.25,7399,2026-07-21T01:00:00.000000,NQ=F
1784599200,28885.25,28956.75,28859.0,28955.0,5771,2026-07-21T02:00:00.000000,NQ=F
1784602800,28954.0,29078.0,28951.25,29058.25,7371,2026-07-21T03:00:00.000000,NQ=F
1784606400,29075.75,29077.25,29048.0,29054.0,5367,2026-07-21T04:00:00.000000,NQ=F
1784610000,29055.75,29105.0,29016.5,29098.25,5657,2026-07-21T05:00:00.000000,NQ=F
1784613600,29096.25,29155.5,29096.25,29146.5,6914,2026-07-21T06:00:00.000000,NQ=F
1784617200,29147.75,29162.0,29088.0,29117.25,6003,2026-07-21T07:00:00.000000,NQ=F
1784620800,29118.0,29176.75,29104.0,29167.0,6306,2026-07-21T08:00:00.000000,NQ=F
1784624400,29168.0,29195.25,29151.25,29155.0,5093,2026-07-21T09:00:00.000000,NQ=F
1784628000,29155.25,29207.0,29154.75,29166.25,5686,2026-07-21T10:00:00.000000,NQ=F
1784631600,29167.75,29184.0,29119.5,29154.25,8680,2026-07-21T11:00:00.000000,NQ=F
1784635200,29153.5,29195.25,29111.5,29171.5,11536,2026-07-21T12:00:00.000000,NQ=F
1784638800,29173.5,29246.25,29092.5,29152.75,68251,2026-07-21T13:00:00.000000,NQ=F
1784642400,29153.5,29256.5,29064.25,29237.5,71917,2026-07-21T14:00:00.000000,NQ=F
1784646000,29237.25,29320.0,29181.0,29259.25,48629,2026-07-21T15:00:00.000000,NQ=F
1784649600,29259.25,29352.5,29254.25,29331.75,32918,2026-07-21T16:00:00.000000,NQ=F
1784653200,29331.5,29364.75,29323.0,29341.25,24413,2026-07-21T17:00:00.000000,NQ=F
1784656800,29341.5,29361.75,29310.5,29328.5,24145,2026-07-21T18:00:00.000000,NQ=F
1784660400,29328.25,29352.0,29290.75,29310.75,51969,2026-07-21T19:00:00.000000,NQ=F
1784664000,29312.0,29316.75,29279.0,29289.75,15478,2026-07-21T20:00:00.000000,NQ=F
1784671200,29310.75,29310.75,29253.0,29273.75,0,2026-07-21T22:00:00.000000,NQ=F
1784674800,29273.5,29304.75,29261.0,29298.5,3880,2026-07-21T23:00:00.000000,NQ=F
1784678400,29298.5,29337.0,29258.25,29288.0,7690,2026-07-22T00:00:00.000000,NQ=F
1784682000,29289.75,29307.0,29232.0,29277.25,6547,2026-07-22T01:00:00.000000,NQ=F
1784685600,29277.25,29284.5,29228.0,29238.25,4924,2026-07-22T02:00:00.000000,NQ=F
1784689200,29239.25,29267.25,29190.25,29197.0,5804,2026-07-22T03:00:00.000000,NQ=F
1784692800,29223.0,29238.5,29193.75,29221.5,4035,2026-07-22T04:00:00.000000,NQ=F
1784696400,29222.25,29225.25,29145.5,29172.75,5426,2026-07-22T05:00:00.000000,NQ=F
1784700000,29171.25,29173.0,29060.0,29092.75,8748,2026-07-22T06:00:00.000000,NQ=F
1784703600,29091.75,29124.5,29025.75,29056.0,8741,2026-07-22T07:00:00.000000,NQ=F
1784707200,29059.75,29117.75,29038.75,29110.0,5883,2026-07-22T08:00:00.000000,NQ=F
1784710800,29110.25,29150.0,29089.25,29127.0,5026,2026-07-22T09:00:00.000000,NQ=F
1784714400,29128.25,29173.0,29113.0,29153.0,5970,2026-07-22T10:00:00.000000,NQ=F
1784718000,29154.0,29164.75,29017.5,29054.0,9913,2026-07-22T11:00:00.000000,NQ=F
1784721600,29056.5,29071.0,28952.0,29017.25,17992,2026-07-22T12:00:00.000000,NQ=F
1784725200,29017.5,29277.25,29017.5,29276.75,64343,2026-07-22T13:00:00.000000,NQ=F
1784728800,29277.0,29283.75,29172.75,29241.0,68109,2026-07-22T14:00:00.000000,NQ=F
1784732400,29241.25,29342.25,29240.25,29329.5,44382,2026-07-22T15:00:00.000000,NQ=F
1784736000,29330.25,29335.0,29276.75,29310.5,25129,2026-07-22T16:00:00.000000,NQ=F
1784739600,29310.5,29331.25,29234.25,29244.25,27689,2026-07-22T17:00:00.000000,NQ=F
1784743200,29244.0,29271.25,29207.75,29245.25,31336,2026-07-22T18:00:00.000000,NQ=F
1784746800,29245.75,29260.0,29158.25,29160.5,44293,2026-07-22T19:00:00.000000,NQ=F
1784750400,29161.0,29260.0,29119.0,29165.0,27703,2026-07-22T20:00:00.000000,NQ=F
1784757600,29100.0,29142.5,29039.25,29072.75,0,2026-07-22T22:00:00.000000,NQ=F
1784761200,29073.5,29145.5,29021.75,29142.25,6627,2026-07-22T23:00:00.000000,NQ=F
1784764800,29143.75,29282.5,29132.5,29255.0,10969,2026-07-23T00:00:00.000000,NQ=F
1784768400,29256.25,29273.5,29175.5,29176.0,8531,2026-07-23T01:00:00.000000,NQ=F
1784772000,29176.0,29201.0,29057.0,29089.0,8572,2026-07-23T02:00:00.000000,NQ=F
1784775600,29093.5,29128.0,29029.5,29125.0,7315,2026-07-23T03:00:00.000000,NQ=F
1784779200,29097.75,29165.25,29084.5,29125.25,6346,2026-07-23T04:00:00.000000,NQ=F
1784782800,29126.0,29183.25,29079.25,29088.0,5777,2026-07-23T05:00:00.000000,NQ=F
1784786400,29088.0,29119.25,29074.0,29084.0,5186,2026-07-23T06:00:00.000000,NQ=F
1784790000,29083.75,29086.75,28922.25,28987.5,12550,2026-07-23T07:00:00.000000,NQ=F
1784793600,28988.75,29111.0,28958.25,29103.0,8276,2026-07-23T08:00:00.000000,NQ=F
1784797200,29103.5,29137.75,29045.0,29055.25,5832,2026-07-23T09:00:00.000000,NQ=F
1784800800,29054.25,29122.25,29036.0,29103.0,5971,2026-07-23T10:00:00.000000,NQ=F
1784804400,29103.0,29106.5,28913.0,28965.0,13488,2026-07-23T11:00:00.000000,NQ=F
1784808000,28964.0,28967.75,28754.75,28787.5,23547,2026-07-23T12:00:00.000000,NQ=F
1784811600,28786.5,28883.0,28657.0,28707.75,100735,2026-07-23T13:00:00.000000,NQ=F
1784815200,28709.25,28801.25,28577.25,28596.75,99521,2026-07-23T14:00:00.000000,NQ=F
1784818800,28597.25,28604.5,28432.5,28588.5,84293,2026-07-23T15:00:00.000000,NQ=F
1784822400,28588.5,28738.25,28573.25,28640.75,56795,2026-07-23T16:00:00.000000,NQ=F
1784826000,28641.25,28676.75,28565.5,28568.0,42650,2026-07-23T17:00:00.000000,NQ=F
1784829600,28568.25,28603.5,28525.25,28550.0,35820,2026-07-23T18:00:00.000000,NQ=F
1784833200,28550.0,28633.5,28486.25,28615.0,63943,2026-07-23T19:00:00.000000,NQ=F
1784836800,28615.25,28782.0,28610.5,28739.25,28046,2026-07-23T20:00:00.000000,NQ=F
1784844000,28700.25,28732.75,28624.0,28731.25,0,2026-07-23T22:00:00.000000,NQ=F
1784847600,28729.5,28736.0,28658.25,28679.0,6238,2026-07-23T23:00:00.000000,NQ=F
1784851200,28680.25,28724.0,28615.75,28672.0,11163,2026-07-24T00:00:00.000000,NQ=F
1784854800,28672.25,28701.5,28607.0,28614.25,7008,2026-07-24T01:00:00.000000,NQ=F
1784858400,28612.75,28632.0,28515.0,28519.25,7445,2026-07-24T02:00:00.000000,NQ=F
1784862000,28520.0,28560.75,28482.0,28486.0,7776,2026-07-24T03:00:00.000000,NQ=F
1784865600,28513.75,28571.5,28481.25,28565.25,6476,2026-07-24T04:00:00.000000,NQ=F
1784869200,28564.5,28607.0,28544.0,28545.0,5632,2026-07-24T05:00:00.000000,NQ=F
1784872800,28546.75,28576.25,28481.0,28543.75,7378,2026-07-24T06:00:00.000000,NQ=F
1784876400,28544.0,28663.0,28539.25,28614.25,8333,2026-07-24T07:00:00.000000,NQ=F
1784880000,28615.75,28649.5,28556.5,28622.0,6433,2026-07-24T08:00:00.000000,NQ=F
1784883600,28623.5,28704.25,28612.0,28700.5,6445,2026-07-24T09:00:00.000000,NQ=F
1784887200,28700.25,28706.25,28633.25,28640.5,5536,2026-07-24T10:00:00.000000,NQ=F
1784890800,28640.0,28700.0,28601.5,28680.5,8728,2026-07-24T11:00:00.000000,NQ=F
1784894400,28678.5,28698.5,28587.25,28592.0,12861,2026-07-24T12:00:00.000000,NQ=F
1784898000,28591.25,28622.0,28313.5,28322.25,78133,2026-07-24T13:00:00.000000,NQ=F
1784901600,28323.0,28461.5,28254.5,28449.25,97938,2026-07-24T14:00:00.000000,NQ=F
1784905200,28449.0,28583.75,28355.0,28576.0,78958,2026-07-24T15:00:00.000000,NQ=F
1784908800,28576.75,28630.75,28460.25,28495.75,45983,2026-07-24T16:00:00.000000,NQ=F
1784912400,28494.75,28544.0,28427.0,28466.0,39419,2026-07-24T17:00:00.000000,NQ=F
1784916000,28467.0,28486.0,28259.0,28302.5,45305,2026-07-24T18:00:00.000000,NQ=F
1784919600,28301.75,28328.5,28212.5,28283.25,65993,2026-07-24T19:00:00.000000,NQ=F
1784923200,28283.5,28329.5,28259.25,28282.25,15319,2026-07-24T20:00:00.000000,NQ=F
1785103200,28594.5,28647.0,28585.5,28609.5,4915,2026-07-26T22:00:00.000000,NQ=F
1785106800,28612.25,28731.0,28597.75,28727.5,6882,2026-07-26T23:00:00.000000,NQ=F
1785110400,28728.25,28733.75,28581.75,28598.25,12460,2026-07-27T00:00:00.000000,NQ=F
1785114000,28599.75,28634.5,28525.0,28614.0,9965,2026-07-27T01:00:00.000000,NQ=F
1785117600,28614.75,28658.5,28587.0,28615.5,5462,2026-07-27T02:00:00.000000,NQ=F
1785121200,28615.5,28650.75,28592.75,28613.5,4018,2026-07-27T03:00:00.000000,NQ=F
1785124800,28614.0,28663.0,28597.75,28644.0,3578,2026-07-27T04:00:00.000000,NQ=F
1785128400,28646.25,28704.25,28638.0,28694.5,4325,2026-07-27T05:00:00.000000,NQ=F
1785132000,28694.5,28728.5,28680.0,28695.0,5611,2026-07-27T06:00:00.000000,NQ=F
1785135600,28692.75,28732.0,28661.25,28661.75,5660,2026-07-27T07:00:00.000000,NQ=F
1785139200,28661.0,28749.5,28658.5,28736.0,5286,2026-07-27T08:00:00.000000,NQ=F
1785142800,28737.0,28763.25,28718.25,28744.75,4902,2026-07-27T09:00:00.000000,NQ=F
1785146400,28744.0,28758.0,28726.25,28740.75,3809,2026-07-27T10:00:00.000000,NQ=F
1785150000,28742.0,28743.5,28645.5,28673.0,8280,2026-07-27T11:00:00.000000,NQ=F
1785153600,28673.25,28697.75,28629.25,28690.25,9859,2026-07-27T12:00:00.000000,NQ=F
1785157200,28692.0,28700.0,28341.25,28347.75,78253,2026-07-27T13:00:00.000000,NQ=F
1785160800,28347.75,28372.75,27939.0,28169.25,127092,2026-07-27T14:00:00.000000,NQ=F
1785164400,28171.0,28198.5,27980.25,28062.5,73189,2026-07-27T15:00:00.000000,NQ=F
1785168000,28062.75,28204.5,28027.75,28048.5,59027,2026-07-27T16:00:00.000000,NQ=F
1785171600,28047.0,28106.25,27986.0,28104.75,37800,2026-07-27T17:00:00.000000,NQ=F
1785175200,28104.75,28191.0,28019.25,28188.25,39666,2026-07-27T18:00:00.000000,NQ=F
1785178800,28188.75,28255.75,28155.25,28192.75,52744,2026-07-27T19:00:00.000000,NQ=F
1785182400,28193.25,28230.0,28169.25,28210.0,13688,2026-07-27T20:00:00.000000,NQ=F
1785189600,28210.5,28228.0,28123.5,28132.5,0,2026-07-27T22:00:00.000000,NQ=F
1785193200,28131.75,28179.25,28105.25,28163.5,5657,2026-07-27T23:00:00.000000,NQ=F
1785196800,28164.75,28195.0,28052.75,28072.0,10331,2026-07-28T00:00:00.000000,NQ=F
1785200400,28072.0,28095.5,27969.0,28022.0,11341,2026-07-28T01:00:00.000000,NQ=F
1785204000,28021.75,28030.25,27951.5,27993.0,8348,2026-07-28T02:00:00.000000,NQ=F
1785207600,27993.0,28070.5,27932.5,28050.75,9792,2026-07-28T03:00:00.000000,NQ=F
1785211200,28013.5,28017.0,27951.0,27954.75,5335,2026-07-28T04:00:00.000000,NQ=F
1785214800,27957.0,28190.0,27870.75,27880.0,7892,2026-07-28T05:00:00.000000,NQ=F
1785218400,27882.25,27958.25,27839.5,27947.25,11019,2026-07-28T06:00:00.000000,NQ=F
1785222000,27945.5,27989.0,27908.0,27933.5,8239,2026-07-28T07:00:00.000000,NQ=F
1785225600,27934.25,28052.0,27880.0,27994.25,11613,2026-07-28T08:00:00.000000,NQ=F
1785229200,27992.25,28016.5,27941.5,27956.0,5551,2026-07-28T09:00:00.000000,NQ=F
1785232800,27956.0,27980.5,27904.25,27942.75,7727,2026-07-28T10:00:00.000000,NQ=F
1785236400,27945.75,27975.0,27848.25,27963.75,15268,2026-07-28T11:00:00.000000,NQ=F
1785240000,27962.5,28032.75,27949.25,27993.25,16127,2026-07-28T12:00:00.000000,NQ=F
1785243600,27993.75,28028.5,27641.75,27665.25,102737,2026-07-28T13:00:00.000000,NQ=F
1785247200,27665.5,27890.0,27603.5,27801.75,117955,2026-07-28T14:00:00.000000,NQ=F
1785250800,27803.0,28062.5,27768.0,28048.0,81015,2026-07-28T15:00:00.000000,NQ=F
1785254400,28047.75,28080.0,27953.5,28057.5,52172,2026-07-28T16:00:00.000000,NQ=F
1785258000,28057.5,28066.5,27925.0,27972.5,44514,2026-07-28T17:00:00.000000,NQ=F
1785261600,27974.0,27999.5,27912.5,27972.75,35021,2026-07-28T18:00:00.000000,NQ=F
1785265200,27972.25,28023.75,27911.0,27919.5,54843,2026-07-28T19:00:00.000000,NQ=F
1785268800,27919.25,27991.25,27884.25,27960.5,20847,2026-07-28T20:00:00.000000,NQ=F
1785276000,27962.0,28013.25,27756.25,27756.75,0,2026-07-28T22:00:00.000000,NQ=F
1785279600,27758.25,28104.5,27728.5,28102.5,18597,2026-07-28T23:00:00.000000,NQ=F
1785283200,28102.75,28178.25,28000.25,28013.25,14594,2026-07-29T00:00:00.000000,NQ=F
1785286800,28011.75,28041.25,27784.0,27785.25,13888,2026-07-29T01:00:00.000000,NQ=F
1785290400,27785.0,27912.75,27770.25,27839.5,11403,2026-07-29T02:00:00.000000,NQ=F
1785294000,27839.0,27882.5,27702.0,27718.0,9686,2026-07-29T03:00:00.000000,NQ=F
1785297600,27700.0,27759.0,27640.0,27756.0,10333,2026-07-29T04:00:00.000000,NQ=F
1785301200,27758.75,27852.75,27735.75,27794.0,9923,2026-07-29T05:00:00.000000,NQ=F
1785304800,27794.0,27942.25,27736.25,27928.75,9796,2026-07-29T06:00:00.000000,NQ=F
1785308400,27928.75,27962.75,27891.25,27906.0,7948,2026-07-29T07:00:00.000000,NQ=F
1785312000,27906.25,27939.25,27820.0,27904.0,7983,2026-07-29T08:00:00.000000,NQ=F
1785315600,27904.5,28060.0,27901.0,28019.75,8536,2026-07-29T09:00:00.000000,NQ=F
1785319200,28018.25,28046.0,27931.5,27948.0,7825,2026-07-29T10:00:00.000000,NQ=F
1785322800,27950.25,28023.75,27934.5,28002.75,8387,2026-07-29T11:00:00.000000,NQ=F
1785326400,28002.0,28007.75,27844.25,27907.75,13531,2026-07-29T12:00:00.000000,NQ=F
1785330000,27909.0,27996.0,27667.75,27733.75,76656,2026-07-29T13:00:00.000000,NQ=F
1785333600,27735.25,27826.5,27510.0,27600.0,107456,2026-07-29T14:00:00.000000,NQ=F
1785337200,27600.5,27657.5,27464.5,27517.0,67761,2026-07-29T15:00:00.000000,NQ=F
1785340800,27518.25,27603.5,27409.25,27603.25,56866,2026-07-29T16:00:00.000000,NQ=F
1785344400,27603.75,27750.0,27595.25,27721.75,48402,2026-07-29T17:00:00.000000,NQ=F
1785348000,27723.0,28096.75,27709.0,28056.75,99576,2026-07-29T18:00:00.000000,NQ=F
1785351600,28057.5,28099.5,27317.5,27336.75,133677,2026-07-29T19:00:00.000000,NQ=F
1785355200,27338.25,27364.0,27201.5,27259.25,42409,2026-07-29T20:00:00.000000,NQ=F
1785362400,27202.0,27489.5,27202.0,27451.5,0,2026-07-29T22:00:00.000000,NQ=F
1785366000,27449.5,27559.25,27446.25,27520.75,12596,2026-07-29T23:00:00.000000,NQ=F
1785369600,27521.75,27611.0,27472.25,27547.25,16328,2026-07-30T00:00:00.000000,NQ=F
1785373200,27547.25,27696.75,27535.25,27653.0,13353,2026-07-30T01:00:00.000000,NQ=F
1785376800,27652.0,27687.5,27539.0,27541.75,9746,2026-07-30T02:00:00.000000,NQ=F
1785380400,27542.0,27576.25,27471.25,27521.5,9006,2026-07-30T03:00:00.000000,NQ=F
1785384000,27507.5,27543.75,27434.75,27447.75,6900,2026-07-30T04:00:00.000000,NQ=F
1785387600,27446.25,27546.25,27421.0,27487.75,7076,2026-07-30T05:00:00.000000,NQ=F
1785391200,27487.0,27507.0,27415.0,27434.25,5776,2026-07-30T06:00:00.000000,NQ=F
1785394800,27433.75,27521.75,27351.25,27395.25,12033,2026-07-30T07:00:00.000000,NQ=F
1785398400,27394.5,27527.25,27337.5,27485.25,9604,2026-07-30T08:00:00.000000,NQ=F
1785402000,27486.0,27586.0,27469.75,27514.75,7447,2026-07-30T09:00:00.000000,NQ=F
1785405600,27515.5,27648.0,27488.25,27618.5,9690,2026-07-30T10:00:00.000000,NQ=F
1785409200,27619.0,27745.25,27613.0,27725.0,12685,2026-07-30T11:00:00.000000,NQ=F
1785412800,27723.5,27821.75,27695.75,27805.5,19852,2026-07-30T12:00:00.000000,NQ=F
1785416400,27807.0,28162.25,27793.0,28151.75,107055,2026-07-30T13:00:00.000000,NQ=F
1785420000,28150.5,28246.5,28022.5,28070.75,118443,2026-07-30T14:00:00.000000,NQ=F
1785423600,28071.5,28137.75,27996.25,28079.5,79402,2026-07-30T15:00:00.000000,NQ=F
1785427200,28078.75,28192.75,28054.5,28126.75,51322,2026-07-30T16:00:00.000000,NQ=F
1785430800,28127.0,28208.5,28126.0,28177.5,37789,2026-07-30T17:00:00.000000,NQ=F
1785434400,28177.5,28205.0,28148.5,28180.5,28849,2026-07-30T18:00:00.000000,NQ=F
1785438000,28180.75,28297.75,28179.75,28230.75,78565,2026-07-30T19:00:00.000000,NQ=F
1785441600,28230.75,28414.5,28205.5,28333.5,32156,2026-07-30T20:00:00.000000,NQ=F
1785448800,28317.0,28413.75,28300.0,28395.0,0,2026-07-30T22:00:00.000000,NQ=F
1785452400,28394.25,28445.0,28362.25,28422.75,6690,2026-07-30T23:00:00.000000,NQ=F
1785456000,28424.0,28524.5,28397.25,28521.75,11024,2026-07-31T00:00:00.000000,NQ=F
1785459600,28523.0,28572.0,28455.5,28478.0,9814,2026-07-31T01:00:00.000000,NQ=F
1785463200,28478.0,28499.5,28389.5,28431.25,8223,2026-07-31T02:00:00.000000,NQ=F
1785466800,28431.5,28478.25,28398.0,28461.75,5830,2026-07-31T03:00:00.000000,NQ=F
1785470400,28459.5,28557.0,28451.5,28549.0,5181,2026-07-31T04:00:00.000000,NQ=F
1785474000,28548.75,28590.75,28538.5,28585.0,6135,2026-07-31T05:00:00.000000,NQ=F
1785477600,28585.5,28611.75,28450.0,28488.25,10569,2026-07-31T06:00:00.000000,NQ=F
1785481200,28484.25,28584.25,28455.0,28575.0,9608,2026-07-31T07:00:00.000000,NQ=F
1785484800,28572.75,28611.0,28524.75,28602.75,7929,2026-07-31T08:00:00.000000,NQ=F
1785488400,28603.25,28640.75,28528.5,28533.0,8201,2026-07-31T09:00:00.000000,NQ=F
1785492000,28531.75,28591.25,28519.5,28565.5,5799,2026-07-31T10:00:00.000000,NQ=F
1785495600,28565.5,28626.0,28523.0,28553.5,7969,2026-07-31T11:00:00.000000,NQ=F
1785499200,28554.75,28555.25,28432.25,28468.25,15497,2026-07-31T12:00:00.000000,NQ=F
1785502800,28468.5,28725.75,28295.5,28360.5,111222,2026-07-31T13:00:00.000000,NQ=F
1785506400,28356.75,28393.0,28079.75,28307.5,129584,2026-07-31T14:00:00.000000,NQ=F
1785510000,28308.75,28342.25,28115.5,28274.0,80203,2026-07-31T15:00:00.000000,NQ=F
1785513600,28274.0,28390.0,28243.75,28367.5,50019,2026-07-31T16:00:00.000000,NQ=F
1785517200,28366.75,28503.0,28360.0,28429.0,43755,2026-07-31T17:00:00.000000,NQ=F
1785520800,28429.0,28462.0,28395.25,28433.75,30821,2026-07-31T18:00:00.000000,NQ=F
1785524400,28433.5,28524.0,28380.0,28402.75,63486,2026-07-31T19:00:00.000000,NQ=F
1785528000,28402.75,28434.25,28258.25,28404.25,25824,2026-07-31T20:00:00.000000,NQ=F
1785708000,28601.0,28641.25,28560.25,28570.25,6216,2026-08-02T22:00:00.000000,NQ=F
1785711600,28568.75,28637.5,28545.0,28614.0,8518,2026-08-02T23:00:00.000000,NQ=F
1785715200,28611.0,28630.5,28537.5,28622.0,12434,2026-08-03T00:00:00.000000,NQ=F
1785718800,28622.25,28650.0,28564.25,28644.0,8775,2026-08-03T01:00:00.000000,NQ=F
1785722400,28644.75,28681.5,28631.0,28660.5,5989,2026-08-03T02:00:00.000000,NQ=F
1785726000,28662.5,28698.25,28640.0,28674.5,4104,2026-08-03T03:00:00.000000,NQ=F
1785729600,28669.0,28688.5,28648.5,28651.0,2979,2026-08-03T04:00:00.000000,NQ=F
1785733200,28650.75,28666.25,28617.0,28641.25,4008,2026-08-03T05:00:00.000000,NQ=F
1785736800,28642.0,28661.0,28575.75,28593.25,5967,2026-08-03T06:00:00.000000,NQ=F
1785740400,28594.25,28634.5,28558.5,28588.25,7475,2026-08-03T07:00:00.000000,NQ=F
1785744000,28588.0,28595.0,28471.75,28594.0,9546,2026-08-03T08:00:00.000000,NQ=F
1785747600,28594.75,28601.0,28521.0,28559.0,5777,2026-08-03T09:00:00.000000,NQ=F
1785751200,28559.25,28565.25,28488.5,28541.0,5647,2026-08-03T10:00:00.000000,NQ=F
1785754800,28541.25,28547.0,28403.5,28420.25,10167,2026-08-03T11:00:00.000000,NQ=F
1785758400,28420.25,28491.5,28383.5,28459.25,13774,2026-08-03T12:00:00.000000,NQ=F
1785762000,28459.25,28628.0,28313.5,28626.25,87806,2026-08-03T13:00:00.000000,NQ=F
1785765600,28623.75,28803.75,28529.5,28801.75,89670,2026-08-03T14:00:00.000000,NQ=F
1785769200,28801.0,28814.5,28722.0,28792.5,51767,2026-08-03T15:00:00.000000,NQ=F
1785772800,28792.5,28847.25,28790.0,28822.5,35119,2026-08-03T16:00:00.000000,NQ=F
1785776400,28822.75,28921.75,28813.0,28917.5,33795,2026-08-03T17:00:00.000000,NQ=F
1785780000,28917.5,28964.25,28882.75,28907.0,41500,2026-08-03T18:00:00.000000,NQ=F
1785783600,28907.5,28943.75,28865.25,28900.25,56545,2026-08-03T19:00:00.000000,NQ=F
1785787200,28900.75,28945.0,28878.25,28929.25,13985,2026-08-03T20:00:00.000000,NQ=F
1785794400,28930.0,28962.25,28919.0,28945.75,0,2026-08-03T22:00:00.000000,NQ=F
1785798000,28944.0,28972.25,28930.25,28971.0,4265,2026-08-03T23:00:00.000000,NQ=F
1785801600,28971.25,28976.25,28864.25,28876.75,11462,2026-08-04T00:00:00.000000,NQ=F
1785805200,28876.0,29048.0,28831.75,29041.25,13274,2026-08-04T01:00:00.000000,NQ=F
1785808800,29041.75,29044.75,28942.5,28972.75,9392,2026-08-04T02:00:00.000000,NQ=F
1785812400,28972.5,29005.5,28931.75,29003.5,6399,2026-08-04T03:00:00.000000,NQ=F
1785816000,28990.75,29023.25,28968.5,29015.5,3144,2026-08-04T04:00:00.000000,NQ=F
1785819600,29016.25,29074.75,28978.25,29072.25,5440,2026-08-04T05:00:00.000000,NQ=F
1785823200,29073.5,29098.75,29042.5,29073.75,5580,2026-08-04T06:00:00.000000,NQ=F
1785826800,29072.0,29119.25,29036.5,29071.25,9095,2026-08-04T07:00:00.000000,NQ=F
1785830400,29072.0,29131.5,29039.0,29068.75,7807,2026-08-04T08:00:00.000000,NQ=F
1785834000,29069.0,29089.25,29007.5,29077.75,6350,2026-08-04T09:00:00.000000,NQ=F
1785837600,29078.5,29145.0,29067.25,29115.5,8504,2026-08-04T10:00:00.000000,NQ=F
1785841200,29116.75,29245.75,29114.25,29237.5,13172,2026-08-04T11:00:00.000000,NQ=F
1785844800,29238.0,29238.0,29188.0,29202.75,10326,2026-08-04T12:00:00.000000,NQ=F
1785848400,29203.25,29503.75,29191.25,29466.0,91567,2026-08-04T13:00:00.000000,NQ=F
1785852000,29465.25,29572.75,29432.0,29549.75,87259,2026-08-04T14:00:00.000000,NQ=F
1785855600,29549.75,29696.75,29544.0,29671.0,62625,2026-08-04T15:00:00.000000,NQ=F
1785859200,29671.0,29744.5,29661.25,29742.75,40887,2026-08-04T16:00:00.000000,NQ=F
1785862800,29742.75,29898.75,29739.25,29834.75,52371,2026-08-04T17:00:00.000000,NQ=F
1785866400,29835.25,29895.5,29808.0,29881.5,40069,2026-08-04T18:00:00.000000,NQ=F
1785870000,29881.75,29956.5,29847.5,29876.75,77820,2026-08-04T19:00:00.000000,NQ=F
1785873600,29875.25,29949.75,29761.25,29818.25,32908,2026-08-04T20:00:00.000000,NQ=F
1785880800,29777.25,29844.25,29776.5,29827.5,0,2026-08-04T22:00:00.000000,NQ=F
1785884400,29825.75,29857.25,29802.0,29834.75,6054,2026-08-04T23:00:00.000000,NQ=F
1785888000,29835.5,29877.0,29810.0,29848.75,9420,2026-08-05T00:00:00.000000,NQ=F
1785891600,29849.25,29887.5,29797.0,29869.0,8722,2026-08-05T01:00:00.000000,NQ=F
1785895200,29870.0,29889.25,29842.25,29860.75,4984,2026-08-05T02:00:00.000000,NQ=F
1785898800,29859.0,29893.75,29855.75,29890.0,4326,2026-08-05T03:00:00.000000,NQ=F
1785902400,29896.75,29917.0,29859.75,29902.75,4495,2026-08-05T04:00:00.000000,NQ=F
1785906000,29902.5,29985.25,29895.0,29980.5,6937,2026-08-05T05:00:00.000000,NQ=F
1785909600,29980.0,29990.0,29925.5,29969.75,6095,2026-08-05T06:00:00.000000,NQ=F
1785913200,29969.0,29987.0,29885.0,29903.25,7196,2026-08-05T07:00:00.000000,NQ=F
1785916800,29905.0,29926.0,29797.75,29836.5,10246,2026-08-05T08:00:00.000000,NQ=F
1785920400,29837.75,29893.5,29814.25,29857.5,7813,2026-08-05T09:00:00.000000,NQ=F
1785924000,29857.25,29871.75,29833.75,29862.25,5159,2026-08-05T10:00:00.000000,NQ=F
1785927600,29865.5,29943.5,29865.5,29919.5,9693,2026-08-05T11:00:00.000000,NQ=F
1785931200,29919.5,29950.0,29891.25,29915.0,11622,2026-08-05T12:00:00.000000,NQ=F
1785934800,29917.25,30074.0,29894.75,30048.75,85796,2026-08-05T13:00:00.000000,NQ=F
1785938400,30048.5,30048.5,29788.0,29848.25,106914,2026-08-05T14:00:00.000000,NQ=F
1785942000,29849.0,29890.75,29713.25,29739.0,67866,2026-08-05T15:00:00.000000,NQ=F
1785945600,29738.25,29839.75,29702.0,29808.25,48615,2026-08-05T16:00:00.000000,NQ=F
1785949200,29809.75,29819.75,29734.25,29757.0,29225,2026-08-05T17:00:00.000000,NQ=F
1785952800,29756.75,29788.5,29722.75,29725.75,26882,2026-08-05T18:00:00.000000,NQ=F
1785956400,29726.75,29779.25,29592.75,29607.5,52373,2026-08-05T19:00:00.000000,NQ=F
1785960000,29607.0,29618.25,29530.75,29600.25,29868,2026-08-05T20:00:00.000000,NQ=F
1785967200,29569.5,29679.5,29563.5,29623.25,0,2026-08-05T22:00:00.000000,NQ=F
1785970800,29622.75,29649.5,29566.0,29583.5,6134,2026-08-05T23:00:00.000000,NQ=F
1785974400,29584.25,29608.0,29535.25,29537.5,9474,2026-08-06T00:00:00.000000,NQ=F
1785978000,29539.25,29540.75,29454.25,29498.0,10509,2026-08-06T01:00:00.000000,NQ=F
1785981600,29497.75,29621.0,29490.75,29593.0,8708,2026-08-06T02:00:00.000000,NQ=F
1785985200,29593.75,29608.5,29525.0,29564.0,5957,2026-08-06T03:00:00.000000,NQ=F
1785988800,29571.5,29600.0,29541.75,29574.75,4558,2026-08-06T04:00:00.000000,NQ=F
1785992400,29575.25,29596.25,29544.25,29580.75,4174,2026-08-06T05:00:00.000000,NQ=F
1785996000,29580.0,29581.75,29485.0,29523.0,7486,2026-08-06T06:00:00.000000,NQ=F
1785999600,29520.25,29563.0,29500.75,29507.25,5665,2026-08-06T07:00:00.000000,NQ=F
1786003200,29507.25,29532.5,29443.75,29517.25,8005,2026-08-06T08:00:00.000000,NQ=F
1786006800,29517.25,29531.0,29437.5,29526.75,5002,2026-08-06T09:00:00.000000,NQ=F
1786010400,29526.75,29533.75,29468.0,29484.5,4732,2026-08-06T10:00:00.000000,NQ=F
1786014000,29484.5,29516.5,29364.75,29467.25,15682,2026-08-06T11:00:00.000000,NQ=F
1786017600,29466.0,29476.5,29387.5,29399.5,13761,2026-08-06T12:00:00.000000,NQ=F
1786021200,29400.25,29551.0,29241.25,29527.25,93151,2026-08-06T13:00:00.000000,NQ=F
1786024800,29528.25,29667.0,29488.0,29656.75,91432,2026-08-06T14:00:00.000000,NQ=F
1786028400,29656.5,29686.25,29506.0,29516.25,69666,2026-08-06T15:00:00.000000,NQ=F
1786032000,29516.25,29558.5,29448.5,29556.5,51394,2026-08-06T16:00:00.000000,NQ=F
1786035600,29557.25,29574.25,29493.75,29529.0,30648,2026-08-06T17:00:00.000000,NQ=F
1786039200,29529.0,29575.5,29498.5,29515.5,29793,2026-08-06T18:00:00.000000,NQ=F
1786042800,29515.75,29570.25,29475.0,29497.25,47622,2026-08-06T19:00:00.000000,NQ=F
1786046400,29497.25,29552.0,29480.25,29504.25,15393,2026-08-06T20:00:00.000000,NQ=F
1786053600,29514.25,29574.75,29494.5,29566.0,0,2026-08-06T22:00:00.000000,NQ=F
1786057200,29564.75,29603.5,29554.25,29593.25,4014,2026-08-06T23:00:00.000000,NQ=F
1786060800,29595.25,29618.75,29497.25,29561.25,11695,2026-08-07T00:00:00.000000,NQ=F
1786064400,29561.75,29582.0,29482.5,29526.25,9790,2026-08-07T01:00:00.000000,NQ=F
1786068000,29527.0,29548.0,29475.5,29527.0,6484,2026-08-07T02:00:00.000000,NQ=F
1786071600,29526.0,29548.0,29486.25,29489.25,3696,2026-08-07T03:00:00.000000,NQ=F
1786075200,29496.25,29526.0,29453.5,29511.5,5886,2026-08-07T04:00:00.000000,NQ=F
1786078800,29510.75,29556.75,29507.5,29523.5,4201,2026-08-07T05:00:00.000000,NQ=F
1786082400,29523.5,29583.5,29520.0,29553.0,6168,2026-08-07T06:00:00.000000,NQ=F
1786086000,29552.0,29592.5,29533.0,29583.75,5089,2026-08-07T07:00:00.000000,NQ=F
1786089600,29584.25,29647.25,29584.0,29632.5,7524,2026-08-07T08:00:00.000000,NQ=F
1786093200,29633.5,29649.0,29616.0,29616.5,3486,2026-08-07T09:00:00.000000,NQ=F
1786096800,29618.25,29628.0,29591.25,29607.25,3368,2026-08-07T10:00:00.000000,NQ=F
1786100400,29606.5,29673.25,29604.25,29614.0,7326,2026-08-07T11:00:00.000000,NQ=F
1786104000,29614.5,29867.75,29604.75,29843.25,28044,2026-08-07T12:00:00.000000,NQ=F
1786107600,29843.75,29850.5,29643.75,29677.25,92995,2026-08-07T13:00:00.000000,NQ=F
1786111200,29679.5,29779.5,29564.5,29721.0,102996,2026-08-07T14:00:00.000000,NQ=F
1786114800,29720.25,29855.25,29709.0,29814.0,53117,2026-08-07T15:00:00.000000,NQ=F
1786118400,29814.75,29830.0,29668.75,29739.5,47638,2026-08-07T16:00:00.000000,NQ=F
1786122000,29739.75,29768.0,29726.25,29743.25,23787,2026-08-07T17:00:00.000000,NQ=F
1786125600,29743.5,29754.75,29676.5,29725.0,23436,2026-08-07T18:00:00.000000,NQ=F
1786129200,29725.25,29860.25,29723.0,29834.25,54074,2026-08-07T19:00:00.000000,NQ=F
1786132800,29833.75,29850.75,29802.5,29834.75,13907,2026-08-07T20:00:00.000000,NQ=F
1786312800,29851.75,29860.25,29805.25,29844.25,5126,2026-08-09T22:00:00.000000,NQ=F
1786316400,29845.25,29882.25,29828.25,29829.5,4680,2026-08-09T23:00:00.000000,NQ=F
1786320000,29830.25,29906.5,29788.5,29802.0,9619,2026-08-10T00:00:00.000000,NQ=F
1786323600,29803.25,29895.0,29791.0,29885.0,6151,2026-08-10T01:00:00.000000,NQ=F
1786327200,29886.0,29899.5,29848.25,29880.25,3613,2026-08-10T02:00:00.000000,NQ=F
1786330800,29881.25,29899.0,29869.25,29880.0,2603,2026-08-10T03:00:00.000000,NQ=F
1786334400,29878.25,29904.0,29863.0,29882.75,2863,2026-08-10T04:00:00.000000,NQ=F
1786338000,29882.25,29930.5,29881.0,29930.5,3715,2026-08-10T05:00:00.000000,NQ=F
1786341600,29930.0,29962.75,29906.0,29908.5,5543,2026-08-10T06:00:00.000000,NQ=F
1786345200,29909.25,29984.0,29886.25,29951.5,5592,2026-08-10T07:00:00.000000,NQ=F
1786348800,29952.5,29981.0,29939.5,29971.5,3799,2026-08-10T08:00:00.000000,NQ=F
1786352400,29971.5,29983.75,29936.0,29938.75,2946,2026-08-10T09:00:00.000000,NQ=F
1786356000,29939.25,29959.0,29909.25,29912.25,4019,2026-08-10T10:00:00.000000,NQ=F
1786359600,29912.75,29926.0,29846.0,29871.0,8432,2026-08-10T11:00:00.000000,NQ=F
1786363200,29870.25,29883.75,29771.75,29777.0,9178,2026-08-10T12:00:00.000000,NQ=F
1786366800,29778.5,29841.75,29718.75,29806.75,69337,2026-08-10T13:00:00.000000,NQ=F
1786370400,29807.0,29900.0,29777.75,29779.25,64899,2026-08-10T14:00:00.000000,NQ=F
1786374000,29779.75,29854.5,29740.75,29844.0,45598,2026-08-10T15:00:00.000000,NQ=F
1786377600,29844.5,29858.75,29729.5,29780.0,35998,2026-08-10T16:00:00.000000,NQ=F
1786381200,29780.25,29811.25,29744.25,29759.75,23606,2026-08-10T17:00:00.000000,NQ=F
1786384800,29759.0,29784.5,29741.5,29782.0,18618,2026-08-10T18:00:00.000000,NQ=F
1786388400,29782.75,29796.0,29722.5,29744.25,39228,2026-08-10T19:00:00.000000,NQ=F
1786392000,29744.5,29770.0,29737.0,29764.25,10561,2026-08-10T20:00:00.000000,NQ=F
1786399200,29764.5,29788.5,29722.25,29732.5,0,2026-08-10T22:00:00.000000,NQ=F
1786402800,29732.5,29735.5,29677.5,29704.5,4407,2026-08-10T23:00:00.000000,NQ=F
1786406400,29703.75,29793.75,29666.0,29785.0,9471,2026-08-11T00:00:00.000000,NQ=F
1786410000,29784.75,29842.5,29764.5,29818.25,7176,2026-08-11T01:00:00.000000,NQ=F
1786413600,29818.0,29844.5,29812.0,29818.25,3268,2026-08-11T02:00:00.000000,NQ=F
1786417200,29817.75,29847.5,29815.0,29834.0,2703,2026-08-11T03:00:00.000000,NQ=F
1786420800,29838.25,29861.75,29834.5,29838.75,2665,2026-08-11T04:00:00.000000,NQ=F
1786424400,29838.75,29854.25,29786.75,29793.25,4030,2026-08-11T05:00:00.000000,NQ=F
1786428000,29792.5,29827.75,29732.5,29754.25,7285,2026-08-11T06:00:00.000000,NQ=F
1786431600,29755.75,29780.25,29728.0,29774.75,4693,2026-08-11T07:00:00.000000,NQ=F
1786435200,29776.0,29804.25,29717.75,29749.5,5623,2026-08-11T08:00:00.000000,NQ=F
1786438800,29748.0,29784.0,29718.75,29768.75,4124,2026-08-11T09:00:00.000000,NQ=F
1786442400,29770.25,29832.75,29750.25,29818.0,4300,2026-08-11T10:00:00.000000,NQ=F
1786446000,29818.75,29886.75,29811.0,29832.0,9502,2026-08-11T11:00:00.000000,NQ=F
1786449600,29832.75,29871.5,29819.0,29833.75,8167,2026-08-11T12:00:00.000000,NQ=F
1786453200,29832.5,29851.25,29631.75,29732.75,76789,2026-08-11T13:00:00.000000,NQ=F
1786456800,29732.5,29804.75,29718.25,29777.0,67871,2026-08-11T14:00:00.000000,NQ=F
1786460400,29776.5,29792.25,29658.75,29663.25,50111,2026-08-11T15:00:00.000000,NQ=F
1786464000,29663.75,29681.75,29614.75,29626.0,37032,2026-08-11T16:00:00.000000,NQ=F
1786467600,29626.75,29640.75,29573.0,29628.75,32414,2026-08-11T17:00:00.000000,NQ=F
1786471200,29629.25,29635.75,29533.5,29582.75,33814,2026-08-11T18:00:00.000000,NQ=F
1786474800,29582.25,29660.25,29571.5,29635.25,46651,2026-08-11T19:00:00.000000,NQ=F
1786478400,29635.75,29676.5,29614.75,29646.75,14096,2026-08-11T20:00:00.000000,NQ=F
1786485600,29657.75,29666.0,29626.75,29650.25,0,2026-08-11T22:00:00.000000,NQ=F
1786489200,29649.5,29663.0,29634.25,29662.25,2053,2026-08-11T23:00:00.000000,NQ=F
1786492800,29661.75,29680.0,29624.5,29665.75,5488,2026-08-12T00:00:00.000000,NQ=F
1786496400,29662.75,29683.5,29639.5,29658.25,4388,2026-08-12T01:00:00.000000,NQ=F
1786500000,29659.0,29703.0,29650.0,29702.5,3075,2026-08-12T02:00:00.000000,NQ=F
1786503600,29702.75,29710.0,29684.5,29695.0,2495,2026-08-12T03:00:00.000000,NQ=F
1786507200,29694.0,29715.5,29683.5,29713.0,2190,2026-08-12T04:00:00.000000,NQ=F
1786510800,29714.0,29718.0,29668.25,29715.5,2779,2026-08-12T05:00:00.000000,NQ=F
1786514400,29715.0,29737.25,29698.25,29736.75,3477,2026-08-12T06:00:00.000000,NQ=F
1786518000,29737.25,29753.75,29727.5,29751.5,4009,2026-08-12T07:00:00.000000,NQ=F
1786521600,29752.25,29799.5,29748.25,29793.75,4595,2026-08-12T08:00:00.000000,NQ=F
1786525200,29794.5,29848.25,29793.5,29815.25,5426,2026-08-12T09:00:00.000000,NQ=F
1786528800,29815.5,29845.25,29785.0,29814.5,5359,2026-08-12T10:00:00.000000,NQ=F
1786532400,29816.0,29846.5,29805.5,29845.5,4678,2026-08-12T11:00:00.000000,NQ=F
1786536000,29846.0,29960.0,29750.25,29919.25,21347,2026-08-12T12:00:00.000000,NQ=F
1786539600,29920.0,30001.75,29853.25,29907.5,79184,2026-08-12T13:00:00.000000,NQ=F
1786543200,29907.25,29945.75,29828.25,29868.0,73563,2026-08-12T14:00:00.000000,NQ=F
1786546800,29868.0,29892.0,29818.5,29831.75,38479,2026-08-12T15:00:00.000000,NQ=F
1786550400,29832.75,29918.0,29829.0,29905.5,31336,2026-08-12T16:00:00.000000,NQ=F
1786554000,29906.25,29924.5,29889.25,29910.25,23937,2026-08-12T17:00:00.000000,NQ=F
1786557600,29910.0,29932.0,29885.0,29889.75,20983,2026-08-12T18:00:00.000000,NQ=F
1786561200,29890.25,29905.0,29825.75,29852.75,42725,2026-08-12T19:00:00.000000,NQ=F
1786564800,29853.0,29906.0,29804.5,29805.75,15556,2026-08-12T20:00:00.000000,NQ=F
1786572000,29825.0,29831.75,29780.5,29797.75,0,2026-08-12T22:00:00.000000,NQ=F
1786575600,29797.25,29815.0,29792.0,29804.5,3004,2026-08-12T23:00:00.000000,NQ=F
1786579200,29805.25,29866.75,29796.75,29846.0,7088,2026-08-13T00:00:00.000000,NQ=F
1786582800,29845.75,29866.0,29808.25,29857.25,5671,2026-08-13T01:00:00.000000,NQ=F
1786586400,29858.0,29877.75,29833.5,29868.5,4373,2026-08-13T02:00:00.000000,NQ=F
1786590000,29868.5,29880.0,29865.5,29878.0,1957,2026-08-13T03:00:00.000000,NQ=F
1786593600,29886.75,29896.0,29853.75,29879.25,3614,2026-08-13T04:00:00.000000,NQ=F
1786597200,29878.5,29924.0,29874.0,29884.5,4489,2026-08-13T05:00:00.000000,NQ=F
1786600800,29884.5,29905.5,29858.25,29888.5,4413,2026-08-13T06:00:00.000000,NQ=F
1786604400,29888.0,29893.25,29845.0,29860.0,4814,2026-08-13T07:00:00.000000,NQ=F
1786608000,29859.75,29875.75,29827.0,29860.75,5111,2026-08-13T08:00:00.000000,NQ=F
1786611600,29861.5,29879.25,29821.0,29876.5,3096,2026-08-13T09:00:00.000000,NQ=F
1786615200,29876.25,29886.5,29863.25,29881.25,2655,2026-08-13T10:00:00.000000,NQ=F
1786618800,29881.5,29895.0,29855.5,29869.0,4038,2026-08-13T11:00:00.000000,NQ=F
1786622400,29869.5,29890.5,29812.25,29880.25,12687,2026-08-13T12:00:00.000000,NQ=F
1786626000,29880.75,30182.25,29863.5,30176.0,79458,2026-08-13T13:00:00.000000,NQ=F
1786629600,30175.75,30267.5,30155.75,30199.5,77640,2026-08-13T14:00:00.000000,NQ=F
1786633200,30199.25,30238.75,30104.0,30115.5,62087,2026-08-13T15:00:00.000000,NQ=F
1786636800,30117.25,30203.25,30114.25,30193.75,32617,2026-08-13T16:00:00.000000,NQ=F
1786640400,30193.75,30250.0,30193.25,30204.5,29346,2026-08-13T17:00:00.000000,NQ=F
1786644000,30205.0,30246.0,30181.0,30244.25,29127,2026-08-13T18:00:00.000000,NQ=F
1786647600,30244.25,30272.75,30173.0,30194.0,52297,2026-08-13T19:00:00.000000,NQ=F
1786651200,30194.25,30220.0,30144.5,30214.25,16450,2026-08-13T20:00:00.000000,NQ=F
1786658400,30210.75,30216.75,30186.0,30203.25,0,2026-08-13T22:00:00.000000,NQ=F
1786662000,30204.0,30226.0,30189.5,30203.25,3232,2026-08-13T23:00:00.000000,NQ=F
1786665600,30203.75,30232.0,30166.25,30170.0,7161,2026-08-14T00:00:00.000000,NQ=F
1786669200,30169.25,30169.75,30124.25,30151.5,7288,2026-08-14T01:00:00.000000,NQ=F
1786672800,30151.5,30181.5,30149.75,30154.75,3571,2026-08-14T02:00:00.000000,NQ=F
1786676400,30153.75,30182.5,30150.0,30153.75,2827,2026-08-14T03:00:00.000000,NQ=F
1786680000,30158.25,30165.0,30137.5,30147.0,3573,2026-08-14T04:00:00.000000,NQ=F
1786683600,30148.25,30182.0,30127.75,30174.0,3323,2026-08-14T05:00:00.000000,NQ=F
1786687200,30174.75,30178.0,30147.5,30172.5,2672,2026-08-14T06:00:00.000000,NQ=F
1786690800,30173.5,30203.75,30171.5,30194.75,3499,2026-08-14T07:00:00.000000,NQ=F
1786694400,30194.5,30240.25,30187.75,30220.75,4704,2026-08-14T08:00:00.000000,NQ=F
1786698000,30220.0,30236.0,30207.0,30235.0,3108,2026-08-14T09:00:00.000000,NQ=F
1786701600,30234.25,30252.5,30223.0,30252.0,3817,2026-08-14T10:00:00.000000,NQ=F
1786705200,30251.75,30268.0,30237.25,30263.75,4793,2026-08-14T11:00:00.000000,NQ=F
1786708800,30265.25,30280.25,30208.5,30268.25,11020,2026-08-14T12:00:00.000000,NQ=F
1786712400,30268.5,30283.0,30169.75,30228.25,70397,2026-08-14T13:00:00.000000,NQ=F
1786716000,30226.0,30272.25,30123.0,30123.0,66779,2026-08-14T14:00:00.000000,NQ=F
1786719600,30124.0,30143.0,30028.5,30065.75,55949,2026-08-14T15:00:00.000000,NQ=F
1786723200,30066.5,30107.75,30050.5,30059.0,35076,2026-08-14T16:00:00.000000,NQ=F
1786726800,30059.25,30084.5,30046.5,30081.5,24808,2026-08-14T17:00:00.000000,NQ=F
1786730400,30081.25,30104.0,30062.5,30088.5,22037,2026-08-14T18:00:00.000000,NQ=F
1786734000,30088.5,30148.0,30076.0,30145.0,42656,2026-08-14T19:00:00.000000,NQ=F
1786737600,30144.25,30154.75,30127.25,30141.75,12668,2026-08-14T20:00:00.000000,NQ=F
1786917600,30192.25,30211.75,30187.25,30205.0,2259,2026-08-16T22:00:00.000000,NQ=F
1786921200,30205.25,30228.0,30191.5,30214.25,2942,2026-08-16T23:00:00.000000,NQ=F
1786924800,30215.0,30227.25,30185.5,30201.75,4791,2026-08-17T00:00:00.000000,NQ=F
1786928400,30201.0,30239.0,30187.0,30192.0,6107,2026-08-17T01:00:00.000000,NQ=F
1786932000,30192.0,30231.25,30185.25,30222.25,3766,2026-08-17T02:00:00.000000,NQ=F
1786935600,30223.0,30247.25,30220.75,30245.75,2436,2026-08-17T03:00:00.000000,NQ=F
1786939200,30246.75,30255.0,30233.0,30234.75,2579,2026-08-17T04:00:00.000000,NQ=F
1786942800,30234.5,30274.0,30230.5,30272.0,2782,2026-08-17T05:00:00.000000,NQ=F
1786946400,30273.25,30327.0,30266.75,30324.5,6668,2026-08-17T06:00:00.000000,NQ=F
1786950000,30324.75,30331.5,30261.0,30313.0,6432,2026-08-17T07:00:00.000000,NQ=F
1786953600,30312.0,30328.0,30283.75,30298.25,4128,2026-08-17T08:00:00.000000,NQ=F
1786957200,30298.25,30301.5,30267.75,30282.0,2765,2026-08-17T09:00:00.000000,NQ=F
1786960800,30282.0,30343.0,30276.0,30315.0,4967,2026-08-17T10:00:00.000000,NQ=F
1786964400,30313.75,30325.0,30286.0,30286.75,5161,2026-08-17T11:00:00.000000,NQ=F
1786968000,30286.75,30288.75,30180.0,30202.5,13331,2026-08-17T12:00:00.000000,NQ=F
1786971600,30202.5,30266.0,30165.5,30235.0,65005,2026-08-17T13:00:00.000000,NQ=F
1786975200,30234.75,30246.0,30155.25,30244.0,58590,2026-08-17T14:00:00.000000,NQ=F
1786978800,30244.0,30287.5,30207.75,30239.5,48025,2026-08-17T15:00:00.000000,NQ=F
1786982400,30239.75,30243.25,30175.25,30183.5,27229,2026-08-17T16:00:00.000000,NQ=F
1786986000,30183.5,30187.25,30086.5,30102.25,45204,2026-08-17T17:00:00.000000,NQ=F
1786989600,30102.0,30136.5,30079.25,30122.25,27860,2026-08-17T18:00:00.000000,NQ=F
1786993200,30122.5,30124.75,30066.5,30090.5,42354,2026-08-17T19:00:00.000000,NQ=F
1786996800,30091.0,30098.0,30054.5,30078.25,11567,2026-08-17T20:00:00.000000,NQ=F
1787004000,30077.0,30091.75,30062.25,30079.75,0,2026-08-17T22:00:00.000000,NQ=F
1787007600,30079.25,30103.0,30070.0,30094.5,3640,2026-08-17T23:00:00.000000,NQ=F
1787011200,30094.25,30121.25,30083.75,30098.0,5238,2026-08-18T00:00:00.000000,NQ=F
1787014800,30099.25,30110.0,29968.25,30012.5,12214,2026-08-18T01:00:00.000000,NQ=F
1787018400,30012.0,30022.0,29880.25,29908.25,15170,2026-08-18T02:00:00.000000,NQ=F
1787022000,29909.0,29915.5,29853.0,29900.0,9267,2026-08-18T03:00:00.000000,NQ=F
1787025600,29888.75,29927.25,29879.25,29918.0,6731,2026-08-18T04:00:00.000000,NQ=F
1787029200,29917.75,29918.5,29835.25,29842.0,6347,2026-08-18T05:00:00.000000,NQ=F
1787032800,29841.5,29896.0,29786.0,29893.0,9178,2026-08-18T06:00:00.000000,NQ=F
1787036400,29892.0,29896.5,29808.0,29810.75,6196,2026-08-18T07:00:00.000000,NQ=F
1787040000,29811.0,29814.25,29735.75,29765.5,11538,2026-08-18T08:00:00.000000,NQ=F
1787043600,29765.0,29778.0,29687.25,29733.0,9196,2026-08-18T09:00:00.000000,NQ=F
1787047200,29732.25,29752.75,29703.75,29739.0,5560,2026-08-18T10:00:00.000000,NQ=F
1787050800,29739.0,29775.75,29727.0,29747.25,7667,2026-08-18T11:00:00.000000,NQ=F
1787054400,29748.5,29786.0,29680.5,29713.0,12552,2026-08-18T12:00:00.000000,NQ=F
1787058000,29713.0,29769.75,29604.75,29646.25,91353,2026-08-18T13:00:00.000000,NQ=F
1787061600,29647.5,29705.75,29536.25,29547.75,101128,2026-08-18T14:00:00.000000,NQ=F
1787065200,29547.5,29641.0,29514.0,29637.0,66265,2026-08-18T15:00:00.000000,NQ=F
1787068800,29636.75,29670.75,29603.25,29649.75,43592,2026-08-18T16:00:00.000000,NQ=F
1787072400,29649.75,29660.75,29565.0,29565.75,31753,2026-08-18T17:00:00.000000,NQ=F
1787076000,29566.0,29615.0,29547.25,29571.25,33139,2026-08-18T18:00:00.000000,NQ=F
1787079600,29571.0,29610.0,29559.25,29586.5,52864,2026-08-18T19:00:00.000000,NQ=F
1787083200,29586.75,29596.75,29550.25,29559.5,11679,2026-08-18T20:00:00.000000,NQ=F
1787090400,29566.5,29593.5,29516.75,29519.5,0,2026-08-18T22:00:00.000000,NQ=F
1787094000,29520.0,29567.25,29514.25,29528.5,6379,2026-08-18T23:00:00.000000,NQ=F
1787097600,29527.5,29586.0,29442.0,29539.25,15813,2026-08-19T00:00:00.000000,NQ=F
1787101200,29538.25,29609.5,29530.25,29577.75,11218,2026-08-19T01:00:00.000000,NQ=F
1787104800,29579.0,29583.25,29514.0,29532.0,7168,2026-08-19T02:00:00.000000,NQ=F
1787108400,29532.0,29567.0,29516.25,29527.75,5486,2026-08-19T03:00:00.000000,NQ=F
1787112000,29517.0,29543.5,29463.75,29506.0,6215,2026-08-19T04:00:00.000000,NQ=F
1787115600,29506.75,29535.0,29446.0,29457.5,6452,2026-08-19T05:00:00.000000,NQ=F
1787119200,29456.5,29561.5,29430.5,29559.75,8898,2026-08-19T06:00:00.000000,NQ=F
1787122800,29558.75,29606.5,29520.25,29601.25,8889,2026-08-19T07:00:00.000000,NQ=F
1787126400,29600.25,29640.75,29593.0,29609.5,9876,2026-08-19T08:00:00.000000,NQ=F
1787130000,29606.25,29630.0,29536.5,29553.75,6056,2026-08-19T09:00:00.000000,NQ=F
1787133600,29553.25,29558.75,29510.75,29521.0,6083,2026-08-19T10:00:00.000000,NQ=F
1787137200,29522.5,29578.0,29506.75,29536.0,6807,2026-08-19T11:00:00.000000,NQ=F
1787140800,29535.0,29757.25,29511.5,29742.75,31881,2026-08-19T12:00:00.000000,NQ=F
1787144400,29743.0,29748.25,29406.5,29496.5,113638,2026-08-19T13:00:00.000000,NQ=F
1787148000,29496.25,29624.5,29375.75,29623.25,103103,2026-08-19T14:00:00.000000,NQ=F
1787151600,29623.0,29631.25,29550.25,29606.25,47462,2026-08-19T15:00:00.000000,NQ=F
1787155200,29607.25,29667.25,29553.0,29559.5,33657,2026-08-19T16:00:00.000000,NQ=F
1787158800,29560.0,29573.25,29510.5,29544.25,28169,2026-08-19T17:00:00.000000,NQ=F
1787162400,29544.0,29592.5,29492.0,29535.0,35069,2026-08-19T18:00:00.000000,NQ=F
1787166000,29535.25,29590.0,29485.25,29521.5,46634,2026-08-19T19:00:00.000000,NQ=F
1787169600,29522.0,29562.5,29514.25,29561.0,11297,2026-08-19T20:00:00.000000,NQ=F
1787176800,29561.5,29654.25,29556.5,29649.5,0,2026-08-19T22:00:00.000000,NQ=F
1787180400,29650.75,29689.75,29626.0,29628.5,5459,2026-08-19T23:00:00.000000,NQ=F
1787184000,29629.0,29675.75,29581.5,29669.75,8737,2026-08-20T00:00:00.000000,NQ=F
1787187600,29670.5,29684.25,29623.75,29642.25,6961,2026-08-20T01:00:00.000000,NQ=F
1787191200,29641.75,29683.25,29610.0,29630.25,5939,2026-08-20T02:00:00.000000,NQ=F
1787194800,29632.0,29657.25,29593.5,29613.0,4835,2026-08-20T03:00:00.000000,NQ=F
1787198400,29646.25,29656.0,29608.5,29615.0,3187,2026-08-20T04:00:00.000000,NQ=F
1787202000,29617.0,29641.0,29587.75,29605.5,3919,2026-08-20T05:00:00.000000,NQ=F
1787205600,29607.0,29686.5,29602.25,29672.5,5359,2026-08-20T06:00:00.000000,NQ=F
1787209200,29672.75,29672.75,29592.75,29594.5,6540,2026-08-20T07:00:00.000000,NQ=F
1787212800,29595.75,29605.5,29452.75,29475.75,12536,2026-08-20T08:00:00.000000,NQ=F
1787216400,29477.25,29546.75,29468.0,29528.25,4766,2026-08-20T09:00:00.000000,NQ=F
1787220000,29527.25,29567.0,29511.75,29566.0,5040,2026-08-20T10:00:00.000000,NQ=F
1787223600,29566.0,29582.25,29348.75,29362.0,16102,2026-08-20T11:00:00.000000,NQ=F
1787227200,29361.25,29375.0,29240.0,29346.0,26334,2026-08-20T12:00:00.000000,NQ=F
1787230800,29346.75,29470.25,29308.75,29354.0,94748,2026-08-20T13:00:00.000000,NQ=F
1787234400,29354.0,29433.5,29305.0,29392.75,88894,2026-08-20T14:00:00.000000,NQ=F
1787238000,29392.5,29457.5,29269.25,29329.75,63966,2026-08-20T15:00:00.000000,NQ=F
1787241600,29329.75,29389.0,29302.75,29380.0,35619,2026-08-20T16:00:00.000000,NQ=F
1787245200,29380.0,29382.0,29282.75,29292.75,31916,2026-08-20T17:00:00.000000,NQ=F
1787248800,29292.5,29293.0,29202.75,29243.75,42657,2026-08-20T18:00:00.000000,NQ=F
1787252400,29243.75,29335.25,29242.25,29305.75,56621,2026-08-20T19:00:00.000000,NQ=F
1787256000,29306.0,29320.5,29262.5,29317.25,12478,2026-08-20T20:00:00.000000,NQ=F
1787263200,29327.0,29345.75,29274.25,29323.0,0,2026-08-20T22:00:00.000000,NQ=F
1787266800,29321.5,29328.5,29286.75,29293.0,3882,2026-08-20T23:00:00.000000,NQ=F
1787270400,29292.5,29365.5,29289.75,29320.5,7793,2026-08-21T00:00:00.000000,NQ=F
1787274000,29320.5,29372.5,29291.75,29354.25,6831,2026-08-21T01:00:00.000000,NQ=F
1787277600,29353.75,29399.25,29343.25,29384.0,4373,2026-08-21T02:00:00.000000,NQ=F
1787281200,29384.0,29388.25,29342.75,29360.25,3854,2026-08-21T03:00:00.000000,NQ=F
1787284800,29362.0,29371.75,29321.25,29356.25,3821,2026-08-21T04:00:00.000000,NQ=F
1787288400,29358.25,29380.75,29340.25,29366.25,3063,2026-08-21T05:00:00.000000,NQ=F
1787292000,29365.5,29401.5,29354.5,29386.5,4135,2026-08-21T06:00:00.000000,NQ=F
1787295600,29386.0,29458.75,29380.5,29446.0,7630,2026-08-21T07:00:00.000000,NQ=F
1787299200,29447.25,29467.5,29390.5,29453.0,8269,2026-08-21T08:00:00.000000,NQ=F
1787302800,29454.0,29495.0,29411.5,29485.0,7908,2026-08-21T09:00:00.000000,NQ=F
1787306400,29485.75,29518.5,29470.25,29479.5,6055,2026-08-21T10:00:00.000000,NQ=F
1787310000,29480.0,29539.0,29452.75,29500.0,10483,2026-08-21T11:00:00.000000,NQ=F
1787313600,29499.5,29539.0,29477.75,29511.5,10234,2026-08-21T12:00:00.000000,NQ=F
1787317200,29511.75,29516.0,29255.75,29303.5,86765,2026-08-21T13:00:00.000000,NQ=F
1787320800,29303.25,29335.5,29220.0,29331.75,89500,2026-08-21T14:00:00.000000,NQ=F
1787324400,29332.0,29488.75,29326.75,29443.0,66504,2026-08-21T15:00:00.000000,NQ=F
1787328000,29443.5,29452.75,29380.75,29412.25,39482,2026-08-21T16:00:00.000000,NQ=F
1787331600,29412.0,29424.0,29376.25,29383.75,25533,2026-08-21T17:00:00.000000,NQ=F
1787335200,29383.25,29405.25,29353.75,29400.25,23863,2026-08-21T18:00:00.000000,NQ=F
1787338800,29400.0,29432.25,29375.25,29395.25,46650,2026-08-21T19:00:00.000000,NQ=F
1787342400,29395.75,29398.0,29367.75,29387.75,12305,2026-08-21T20:00:00.000000,NQ=F
1787522400,29321.0,29400.0,29313.0,29390.5,3991,2026-08-23T22:00:00.000000,NQ=F
1787526000,29390.5,29480.5,29384.0,29467.75,5278,2026-08-23T23:00:00.000000,NQ=F
1787529600,29466.5,29472.5,29335.0,29427.25,13064,2026-08-24T00:00:00.000000,NQ=F
1787533200,29425.75,29449.0,29321.0,29323.25,8236,2026-08-24T01:00:00.000000,NQ=F
1787536800,29321.5,29377.25,29301.25,29370.5,8807,2026-08-24T02:00:00.000000,NQ=F
1787540400,29371.25,29372.5,29261.25,29271.0,6970,2026-08-24T03:00:00.000000,NQ=F
1787544000,29272.25,29304.0,29263.0,29265.75,4453,2026-08-24T04:00:00.000000,NQ=F
1787547600,29265.5,29297.25,29188.0,29200.75,8547,2026-08-24T05:00:00.000000,NQ=F
1787551200,29200.25,29219.25,29120.5,29164.5,9683,2026-08-24T06:00:00.000000,NQ=F
1787554800,29164.5,29212.5,29130.75,29143.75,6849,2026-08-24T07:00:00.000000,NQ=F
1787558400,29146.25,29240.0,29116.75,29215.0,7475,2026-08-24T08:00:00.000000,NQ=F
1787562000,29215.75,29249.75,29201.0,29231.5,4503,2026-08-24T09:00:00.000000,NQ=F
1787565600,29231.75,29247.0,29179.5,29184.75,4818,2026-08-24T10:00:00.000000,NQ=F
1787569200,29185.25,29283.0,29145.75,29245.5,11076,2026-08-24T11:00:00.000000,NQ=F
1787572800,29245.5,29245.75,29171.5,29206.0,9655,2026-08-24T12:00:00.000000,NQ=F
1787576400,29205.75,29243.0,28946.75,29021.75,93149,2026-08-24T13:00:00.000000,NQ=F
1787580000,29022.25,29110.75,28953.5,29082.75,78823,2026-08-24T14:00:00.000000,NQ=F
1787583600,29083.25,29205.5,29038.75,29168.75,62148,2026-08-24T15:00:00.000000,NQ=F
1787587200,29169.0,29224.75,29156.75,29171.0,34989,2026-08-24T16:00:00.000000,NQ=F
1787590800,29171.25,29210.5,29116.5,29123.0,35896,2026-08-24T17:00:00.000000,NQ=F
1787594400,29123.75,29233.25,29123.0,29154.0,36083,2026-08-24T18:00:00.000000,NQ=F
1787598000,29153.75,29173.0,29095.5,29099.5,48592,2026-08-24T19:00:00.000000,NQ=F
1787601600,29099.25,29136.5,29080.75,29131.25,12521,2026-08-24T20:00:00.000000,NQ=F
1787608800,29140.5,29152.75,29111.5,29121.0,0,2026-08-24T22:00:00.000000,NQ=F
1787612400,29121.0,29128.25,29072.0,29096.25,4874,2026-08-24T23:00:00.000000,NQ=F
1787616000,29095.75,29146.0,29017.0,29126.5,11769,2026-08-25T00:00:00.000000,NQ=F
1787619600,29128.0,29155.5,29095.5,29128.25,7355,2026-08-25T01:00:00.000000,NQ=F
1787623200,29127.0,29168.25,29093.5,29101.75,7061,2026-08-25T02:00:00.000000,NQ=F
1787626800,29102.5,29190.0,29100.25,29157.75,6476,2026-08-25T03:00:00.000000,NQ=F
1787630400,29190.0,29217.25,29183.25,29198.75,4535,2026-08-25T04:00:00.000000,NQ=F
1787634000,29200.25,29241.0,29190.0,29232.0,6456,2026-08-25T05:00:00.000000,NQ=F
1787637600,29231.75,29288.5,29105.75,29263.25,6634,2026-08-25T06:00:00.000000,NQ=F
1787641200,29263.5,29290.75,29226.25,29231.75,6060,2026-08-25T07:00:00.000000,NQ=F
1787644800,29233.5,29326.0,29212.25,29301.75,8602,2026-08-25T08:00:00.000000,NQ=F
1787648400,29302.0,29425.75,29286.0,29392.5,10397,2026-08-25T09:00:00.000000,NQ=F
1787652000,29389.25,29410.25,29346.25,29358.5,6228,2026-08-25T10:00:00.000000,NQ=F
1787655600,29358.0,29390.5,29304.0,29373.0,8289,2026-08-25T11:00:00.000000,NQ=F
1787659200,29372.75,29409.5,29312.5,29334.0,11623,2026-08-25T12:00:00.000000,NQ=F
1787662800,29334.0,29414.75,29279.25,29312.75,86891,2026-08-25T13:00:00.000000,NQ=F
1787666400,29313.25,29315.0,29138.0,29232.5,89236,2026-08-25T14:00:00.000000,NQ=F
1787670000,29233.0,29309.75,29197.0,29262.0,48036,2026-08-25T15:00:00.000000,NQ=F
1787673600,29263.25,29299.75,29252.75,29274.75,31662,2026-08-25T16:00:00.000000,NQ=F
1787677200,29275.5,29279.0,29214.5,29227.25,27430,2026-08-25T17:00:00.000000,NQ=F
1787680800,29226.75,29275.0,29202.0,29255.5,29333,2026-08-25T18:00:00.000000,NQ=F
1787684400,29256.0,29289.5,29211.5,29270.25,43828,2026-08-25T19:00:00.000000,NQ=F
1787688000,29270.5,29313.5,29262.0,29287.5,14671,2026-08-25T20:00:00.000000,NQ=F
1787695200,29288.0,29309.75,29280.0,29284.5,0,2026-08-25T22:00:00.000000,NQ=F
1787698800,29284.25,29288.5,29207.0,29211.5,5024,2026-08-25T23:00:00.000000,NQ=F
1787702400,29210.25,29238.5,29110.5,29112.25,12864,2026-08-26T00:00:00.000000,NQ=F
1787706000,29113.0,29147.0,29096.0,29133.5,8970,2026-08-26T01:00:00.000000,NQ=F
1787709600,29133.5,29229.75,29119.25,29220.25,8128,2026-08-26T02:00:00.000000,NQ=F
1787713200,29221.5,29275.25,29205.0,29267.0,6230,2026-08-26T03:00:00.000000,NQ=F
1787716800,29265.25,29283.25,29217.25,29226.75,5480,2026-08-26T04:00:00.000000,NQ=F
1787720400,29227.75,29262.75,29226.0,29243.0,4125,2026-08-26T05:00:00.000000,NQ=F
1787724000,29242.25,29277.25,29203.5,29252.75,5348,2026-08-26T06:00:00.000000,NQ=F
1787727600,29252.25,29257.75,29185.75,29212.25,6211,2026-08-26T07:00:00.000000,NQ=F
1787731200,29213.0,29251.0,29185.0,29228.0,5449,2026-08-26T08:00:00.000000,NQ=F
1787734800,29227.75,29236.5,29191.25,29234.5,3127,2026-08-26T09:00:00.000000,NQ=F
1787738400,29234.25,29242.25,29188.75,29237.5,4063,2026-08-26T10:00:00.000000,NQ=F
1787742000,29237.5,29278.75,29186.0,29219.5,8102,2026-08-26T11:00:00.000000,NQ=F
1787745600,29220.75,29263.25,29133.25,29150.75,20810,2026-08-26T12:00:00.000000,NQ=F
1787749200,29151.75,29332.75,29133.5,29331.25,76687,2026-08-26T13:00:00.000000,NQ=F
1787752800,29331.5,29332.5,29156.75,29252.25,62604,2026-08-26T14:00:00.000000,NQ=F
1787756400,29251.75,29291.5,29215.5,29217.75,42815,2026-08-26T15:00:00.000000,NQ=F
1787760000,29217.75,29224.75,29170.0,29216.75,30678,2026-08-26T16:00:00.000000,NQ=F
1787763600,29216.0,29293.75,29210.5,29284.25,28943,2026-08-26T17:00:00.000000,NQ=F
1787767200,29284.5,29329.75,29264.75,29321.75,26599,2026-08-26T18:00:00.000000,NQ=F
1787770800,29321.25,29368.25,29280.25,29297.25,50395,2026-08-26T19:00:00.000000,NQ=F
1787774400,29297.0,29437.75,29283.25,29432.5,26430,2026-08-26T20:00:00.000000,NQ=F
1787781600,29499.5,29628.5,29499.25,29606.5,0,2026-08-26T22:00:00.000000,NQ=F
1787785200,29605.0,29653.0,29585.0,29646.5,5838,2026-08-26T23:00:00.000000,NQ=F
1787788800,29648.25,29654.75,29438.25,29445.75,15824,2026-08-27T00:00:00.000000,NQ=F
1787792400,29443.75,29554.25,29432.5,29529.75,11814,2026-08-27T01:00:00.000000,NQ=F
1787796000,29531.75,29560.5,29516.75,29548.75,5126,2026-08-27T02:00:00.000000,NQ=F
1787799600,29550.5,29575.75,29526.5,29534.25,4653,2026-08-27T03:00:00.000000,NQ=F
1787803200,29533.75,29551.75,29493.0,29497.25,3808,2026-08-27T04:00:00.000000,NQ=F
1787806800,29501.5,29504.25,29428.5,29438.75,7418,2026-08-27T05:00:00.000000,NQ=F
1787810400,29437.5,29500.0,29401.75,29499.5,8110,2026-08-27T06:00:00.000000,NQ=F
1787814000,29498.75,29549.75,29477.25,29539.5,8818,2026-08-27T07:00:00.000000,NQ=F
1787817600,29538.75,29662.0,29537.0,29623.75,12656,2026-08-27T08:00:00.000000,NQ=F
1787821200,29624.75,29634.5,29568.0,29602.0,9860,2026-08-27T09:00:00.000000,NQ=F
1787824800,29602.25,29606.25,29568.25,29597.5,4943,2026-08-27T10:00:00.000000,NQ=F
1787828400,29599.0,29630.0,29514.75,29558.5,9332,2026-08-27T11:00:00.000000,NQ=F
1787832000,29557.75,29590.5,29515.5,29522.5,11165,2026-08-27T12:00:00.000000,NQ=F
1787835600,29522.0,29605.0,29423.75,29483.0,106884,2026-08-27T13:00:00.000000,NQ=F
1787839200,29484.0,29623.5,29478.5,29601.5,79975,2026-08-27T14:00:00.000000,NQ=F
1787842800,29601.75,29635.0,29511.5,29598.0,53352,2026-08-27T15:00:00.000000,NQ=F
1787846400,29597.25,29659.5,29570.0,29651.75,35409,2026-08-27T16:00:00.000000,NQ=F
1787850000,29652.0,29678.5,29607.0,29611.5,34362,2026-08-27T17:00:00.000000,NQ=F
1787853600,29612.0,29622.0,29526.5,29571.25,43554,2026-08-27T18:00:00.000000,NQ=F
1787857200,29571.5,29704.5,29567.0,29691.75,57501,2026-08-27T19:00:00.000000,NQ=F
1787860800,29691.75,29708.0,29620.5,29635.25,16898,2026-08-27T20:00:00.000000,NQ=F
1787868000,29635.5,29644.75,29600.0,29634.75,0,2026-08-27T22:00:00.000000,NQ=F
1787871600,29633.5,29637.5,29592.0,29600.75,3847,2026-08-27T23:00:00.000000,NQ=F
1787875200,29601.75,29667.25,29594.25,29645.0,8697,2026-08-28T00:00:00.000000,NQ=F
1787878800,29645.75,29679.75,29641.75,29677.75,6044,2026-08-28T01:00:00.000000,NQ=F
1787882400,29678.75,29703.0,29644.75,29663.75,5237,2026-08-28T02:00:00.000000,NQ=F
1787886000,29664.75,29707.0,29640.25,29671.5,5508,2026-08-28T03:00:00.000000,NQ=F
1787889600,29646.0,29669.75,29636.25,29641.75,3234,2026-08-28T04:00:00.000000,NQ=F
1787893200,29642.0,29643.75,29597.25,29598.25,4500,2026-08-28T05:00:00.000000,NQ=F
1787896800,29599.0,29645.25,29594.5,29645.25,5361,2026-08-28T06:00:00.000000,NQ=F
1787900400,29645.25,29653.5,29593.0,29607.0,6053,2026-08-28T07:00:00.000000,NQ=F
1787904000,29607.0,29633.5,29578.25,29619.75,6685,2026-08-28T08:00:00.000000,NQ=F
1787907600,29619.0,29620.5,29595.75,29605.5,3037,2026-08-28T09:00:00.000000,NQ=F
1787911200,29606.0,29625.0,29593.25,29622.0,3428,2026-08-28T10:00:00.000000,NQ=F
1787914800,29622.25,29640.0,29597.5,29603.5,4686,2026-08-28T11:00:00.000000,NQ=F
1787918400,29601.5,29665.0,29597.5,29659.0,9206,2026-08-28T12:00:00.000000,NQ=F
1787922000,29659.0,29703.25,29562.75,29629.0,70286,2026-08-28T13:00:00.000000,NQ=F
1787925600,29632.0,29799.0,29505.0,29796.5,123682,2026-08-28T14:00:00.000000,NQ=F
1787929200,29796.5,29811.5,29544.25,29552.5,81202,2026-08-28T15:00:00.000000,NQ=F
1787932800,29553.0,29593.0,29464.5,29501.25,75525,2026-08-28T16:00:00.000000,NQ=F
1787936400,29502.0,29529.25,29436.25,29514.75,45161,2026-08-28T17:00:00.000000,NQ=F
1787940000,29515.75,29521.5,29441.0,29455.5,30719,2026-08-28T18:00:00.000000,NQ=F
1787943600,29456.0,29521.5,29443.5,29496.0,54315,2026-08-28T19:00:00.000000,NQ=F
1787947200,29496.5,29519.25,29478.25,29491.75,11920,2026-08-28T20:00:00.000000,NQ=F
1788127200,29457.25,29495.0,29428.0,29442.5,5368,2026-08-30T22:00:00.000000,NQ=F
1788130800,29442.5,29449.25,29289.0,29289.75,12425,2026-08-30T23:00:00.000000,NQ=F
1788134400,29291.0,29398.5,29273.5,29357.0,11982,2026-08-31T00:00:00.000000,NQ=F
1788138000,29358.25,29358.25,29292.5,29327.0,10889,2026-08-31T01:00:00.000000,NQ=F
1788141600,29325.75,29362.75,29287.0,29344.25,9372,2026-08-31T02:00:00.000000,NQ=F
1788145200,29346.0,29367.25,29336.75,29348.75,3901,2026-08-31T03:00:00.000000,NQ=F
1788148800,29352.5,29423.75,29333.75,29414.75,4605,2026-08-31T04:00:00.000000,NQ=F
1788152400,29415.0,29477.25,29407.75,29462.25,6867,2026-08-31T05:00:00.000000,NQ=F
1788156000,29462.0,29528.5,29448.75,29517.75,6994,2026-08-31T06:00:00.000000,NQ=F
1788159600,29516.25,29522.75,29493.5,29508.25,3333,2026-08-31T07:00:00.000000,NQ=F
1788163200,29508.5,29535.0,29475.0,29485.0,6284,2026-08-31T08:00:00.000000,NQ=F
1788166800,29485.25,29509.25,29445.5,29450.5,4021,2026-08-31T09:00:00.000000,NQ=F
1788170400,29451.5,29471.5,29440.5,29458.75,4038,2026-08-31T10:00:00.000000,NQ=F
1788174000,29458.25,29471.0,29425.25,29429.75,5623,2026-08-31T11:00:00.000000,NQ=F
1788177600,29429.75,29486.0,29380.0,29389.0,12772,2026-08-31T12:00:00.000000,NQ=F
1788181200,29389.5,29516.75,29377.5,29438.75,75167,2026-08-31T13:00:00.000000,NQ=F
1788184800,29439.25,29447.75,29355.0,29416.0,65092,2026-08-31T14:00:00.000000,NQ=F
1788188400,29415.25,29445.75,29383.0,29388.75,45680,2026-08-31T15:00:00.000000,NQ=F
1788192000,29389.25,29443.25,29362.5,29440.5,35063,2026-08-31T16:00:00.000000,NQ=F
1788195600,29440.0,29457.5,29388.0,29442.0,26059,2026-08-31T17:00:00.000000,NQ=F
1788199200,29442.0,29464.25,29382.5,29403.75,28413,2026-08-31T18:00:00.000000,NQ=F
1788202800,29404.5,29538.25,29403.5,29506.0,57639,2026-08-31T19:00:00.000000,NQ=F
1788206400,29506.5,29527.5,29503.75,29521.0,11333,2026-08-31T20:00:00.000000,NQ=F
1788213600,29518.25,29522.5,29491.0,29493.5,0,2026-08-31T22:00:00.000000,NQ=F
1788217200,29493.25,29519.5,29486.0,29501.25,3460,2026-08-31T23:00:00.000000,NQ=F
1788220800,29503.25,29521.75,29478.25,29506.0,7411,2026-09-01T00:00:00.000000,NQ=F
1788224400,29506.0,29516.25,29475.0,29499.75,6488,2026-09-01T01:00:00.000000,NQ=F
1788228000,29498.0,29502.75,29434.75,29492.0,6681,2026-09-01T02:00:00.000000,NQ=F
1788231600,29491.5,29493.75,29459.25,29482.75,3575,2026-09-01T03:00:00.000000,NQ=F
1788235200,29485.0,29503.0,29466.0,29473.75,4424,2026-09-01T04:00:00.000000,NQ=F
1788238800,29473.25,29571.25,29447.25,29561.5,8275,2026-09-01T05:00:00.000000,NQ=F
1788242400,29561.75,29568.0,29513.75,29515.75,6012,2026-09-01T06:00:00.000000,NQ=F
1788246000,29515.5,29556.75,29430.0,29436.25,9937,2026-09-01T07:00:00.000000,NQ=F
1788249600,29436.25,29449.0,29231.0,29235.25,19134,2026-09-01T08:00:00.000000,NQ=F
1788253200,29235.75,29243.25,29184.25,29212.5,10004,2026-09-01T09:00:00.000000,NQ=F
1788256800,29212.5,29257.75,29197.25,29210.0,7440,2026-09-01T10:00:00.000000,NQ=F
1788260400,29209.25,29238.0,29167.75,29172.5,10016,2026-09-01T11:00:00.000000,NQ=F
1788264000,29171.5,29179.5,29122.25,29125.75,17016,2026-09-01T12:00:00.000000,NQ=F
1788267600,29125.75,29158.0,29040.25,29105.0,85142,2026-09-01T13:00:00.000000,NQ=F
1788271200,29106.0,29268.0,29085.25,29228.0,74389,2026-09-01T14:00:00.000000,NQ=F
1788274800,29228.5,29317.75,29178.25,29296.25,52871,2026-09-01T15:00:00.000000,NQ=F
1788278400,29295.5,29300.75,29131.25,29191.75,57429,2026-09-01T16:00:00.000000,NQ=F
1788282000,29191.25,29191.75,29100.5,29140.75,34351,2026-09-01T17:00:00.000000,NQ=F
1788285600,29139.75,29151.5,29002.0,29076.0,44616,2026-09-01T18:00:00.000000,NQ=F
1788289200,29075.5,29141.0,29070.5,29126.0,57287,2026-09-01T19:00:00.000000,NQ=F
1788292800,29126.0,29159.0,29113.5,29139.0,16464,2026-09-01T20:00:00.000000,NQ=F
1788300000,29136.5,29149.0,29102.25,29132.0,0,2026-09-01T22:00:00.000000,NQ=F
1788303600,29129.75,29148.25,29119.0,29134.5,2602,2026-09-01T23:00:00.000000,NQ=F
1788307200,29135.75,29170.0,29102.0,29104.0,8776,2026-09-02T00:00:00.000000,NQ=F
1788310800,29103.25,29129.5,29047.75,29075.5,9720,2026-09-02T01:00:00.000000,NQ=F
1788314400,29075.5,29100.0,29044.5,29084.25,5707,2026-09-02T02:00:00.000000,NQ=F
1788318000,29086.5,29089.5,29046.25,29054.0,3688,2026-09-02T03:00:00.000000,NQ=F
1788321600,29054.75,29065.0,29035.5,29058.25,3423,2026-09-02T04:00:00.000000,NQ=F
1788325200,29059.0,29104.25,29037.5,29073.0,5234,2026-09-02T05:00:00.000000,NQ=F
1788328800,29072.25,29098.25,29016.5,29077.25,7071,2026-09-02T06:00:00.000000,NQ=F
1788332400,29077.0,29120.75,29050.0,29061.75,6575,2026-09-02T07:00:00.000000,NQ=F
1788336000,29062.25,29097.25,28954.5,28977.75,8128,2026-09-02T08:00:00.000000,NQ=F
1788339600,28977.25,29027.5,28940.5,28973.25,8048,2026-09-02T09:00:00.000000,NQ=F
1788343200,28972.75,28996.0,28947.25,28988.0,5576,2026-09-02T10:00:00.000000,NQ=F
1788346800,28987.75,29084.5,28927.25,29084.5,13836,2026-09-02T11:00:00.000000,NQ=F
1788350400,29083.75,29149.5,29032.75,29040.0,16136,2026-09-02T12:00:00.000000,NQ=F
1788354000,29040.25,29119.0,29017.25,29062.25,68213,2026-09-02T13:00:00.000000,NQ=F
1788357600,29061.75,29213.0,29032.25,29120.25,75731,2026-09-02T14:00:00.000000,NQ=F
1788361200,29119.5,29208.5,29106.25,29185.25,49093,2026-09-02T15:00:00.000000,NQ=F
1788364800,29184.5,29198.5,29137.0,29155.0,26768,2026-09-02T16:00:00.000000,NQ=F
1788368400,29154.75,29182.5,29125.25,29158.75,29364,2026-09-02T17:00:00.000000,NQ=F
1788372000,29159.5,29199.75,29130.25,29145.5,29165,2026-09-02T18:00:00.000000,NQ=F
1788375600,29145.75,29197.25,29139.0,29190.25,35805,2026-09-02T19:00:00.000000,NQ=F
1788379200,29190.5,29212.0,29139.25,29141.0,13750,2026-09-02T20:00:00.000000,NQ=F
1788386400,29177.0,29208.75,29148.0,29180.5,0,2026-09-02T22:00:00.000000,NQ=F
1788390000,29180.75,29213.0,29167.5,29201.25,4232,2026-09-02T23:00:00.000000,NQ=F
1788393600,29200.75,29201.75,29141.0,29151.0,5789,2026-09-03T00:00:00.000000,NQ=F
1788397200,29150.75,29200.75,29136.25,29137.5,7603,2026-09-03T01:00:00.000000,NQ=F
1788400800,29136.75,29199.0,29132.75,29180.75,5270,2026-09-03T02:00:00.000000,NQ=F
1788404400,29182.25,29243.0,29179.5,29232.0,5132,2026-09-03T03:00:00.000000,NQ=F
1788408000,29245.5,29255.0,29204.5,29207.5,3927,2026-09-03T04:00:00.000000,NQ=F
1788411600,29207.25,29208.5,29075.0,29188.75,14665,2026-09-03T05:00:00.000000,NQ=F
1788415200,29188.5,29203.25,29159.5,29174.25,6125,2026-09-03T06:00:00.000000,NQ=F
1788418800,29173.25,29245.5,29160.0,29220.25,7961,2026-09-03T07:00:00.000000,NQ=F
1788422400,29220.25,29292.75,29213.25,29216.25,11678,2026-09-03T08:00:00.000000,NQ=F
1788426000,29218.5,29225.75,29126.5,29137.75,5771,2026-09-03T09:00:00.000000,NQ=F
1788429600,29138.0,29158.5,29105.5,29128.0,6654,2026-09-03T10:00:00.000000,NQ=F
1788433200,29129.0,29186.75,29101.0,29105.5,10085,2026-09-03T11:00:00.000000,NQ=F
1788436800,29105.5,29258.75,29104.0,29244.5,19739,2026-09-03T12:00:00.000000,NQ=F
1788440400,29243.75,29375.5,29194.25,29333.0,90850,2026-09-03T13:00:00.000000,NQ=F
1788444000,29331.75,29368.0,29241.75,29363.5,89183,2026-09-03T14:00:00.000000,NQ=F
1788447600,29363.25,29542.5,29362.25,29538.0,76136,2026-09-03T15:00:00.000000,NQ=F
1788451200,29538.75,29544.0,29483.0,29528.0,34985,2026-09-03T16:00:00.000000,NQ=F
1788454800,29528.25,29552.5,29476.0,29543.75,29256,2026-09-03T17:00:00.000000,NQ=F
1788458400,29551.5,29584.25,29551.5,29568.25,30688,2026-09-03T18:00:00.000000,NQ=F
1788462000,29568.25,29570.5,29509.25,29530.75,49329,2026-09-03T19:00:00.000000,NQ=F
1788465600,29530.75,29536.25,29499.25,29502.25,10888,2026-09-03T20:00:00.000000,NQ=F
1788472800,29505.0,29512.75,29482.0,29508.75,0,2026-09-03T22:00:00.000000,NQ=F
1788476400,29508.25,29516.75,29498.25,29504.0,2131,2026-09-03T23:00:00.000000,NQ=F
1788480000,29503.75,29542.25,29495.0,29530.75,5248,2026-09-04T00:00:00.000000,NQ=F
1788483600,29530.0,29548.75,29516.25,29548.0,5094,2026-09-04T01:00:00.000000,NQ=F
1788487200,29547.75,29568.0,29537.25,29564.5,3654,2026-09-04T02:00:00.000000,NQ=F
1788490800,29563.25,29578.75,29557.25,29571.5,2783,2026-09-04T03:00:00.000000,NQ=F
1788494400,29564.25,29601.25,29563.0,29598.25,3732,2026-09-04T04:00:00.000000,NQ=F
1788498000,29597.5,29643.0,29591.5,29620.75,6163,2026-09-04T05:00:00.000000,NQ=F
1788501600,29620.25,29643.75,29574.0,29576.75,5976,2026-09-04T06:00:00.000000,NQ=F
1788505200,29577.75,29658.25,29575.25,29652.25,5850,2026-09-04T07:00:00.000000,NQ=F
1788508800,29653.75,29673.0,29635.5,29658.5,5651,2026-09-04T08:00:00.000000,NQ=F
1788512400,29657.5,29661.75,29616.5,29657.25,4102,2026-09-04T09:00:00.000000,NQ=F
1788516000,29656.75,29704.5,29653.25,29680.0,4456,2026-09-04T10:00:00.000000,NQ=F
1788519600,29681.5,29690.0,29650.75,29683.25,4706,2026-09-04T11:00:00.000000,NQ=F
1788523200,29682.0,29694.0,29502.0,29546.5,29936,2026-09-04T12:00:00.000000,NQ=F
1788526800,29547.0,29691.75,29523.0,29691.0,76527,2026-09-04T13:00:00.000000,NQ=F
1788530400,29690.5,29691.0,29498.75,29521.0,84615,2026-09-04T14:00:00.000000,NQ=F
1788534000,29520.0,29543.0,29478.0,29515.0,51833,2026-09-04T15:00:00.000000,NQ=F
1788537600,29514.75,29595.75,29505.0,29576.0,35291,2026-09-04T16:00:00.000000,NQ=F
1788541200,29576.25,29580.5,29468.0,29491.75,35481,2026-09-04T17:00:00.000000,NQ=F
1788544800,29491.5,29542.5,29471.25,29538.75,28409,2026-09-04T18:00:00.000000,NQ=F
1788548400,29538.75,29586.5,29506.75,29569.25,45439,2026-09-04T19:00:00.000000,NQ=F
1788552000,29568.75,29569.0,29514.5,29565.25,13023,2026-09-04T20:00:00.000000,NQ=F
1788840000,29742.75,29764.75,29728.25,29737.25,6061,2026-09-08T04:00:00.000000,NQ=F
1788843600,29738.5,29739.75,29610.0,29612.25,12567,2026-09-08T05:00:00.000000,NQ=F
1788847200,29612.25,29622.25,29545.5,29600.25,12844,2026-09-08T06:00:00.000000,NQ=F
1788850800,29601.0,29638.75,29529.75,29535.5,9864,2026-09-08T07:00:00.000000,NQ=F
1788854400,29534.5,29541.25,29477.75,29507.0,12543,2026-09-08T08:00:00.000000,NQ=F
1788858000,29507.0,29600.5,29484.5,29599.75,6874,2026-09-08T09:00:00.000000,NQ=F
1788861600,29600.0,29649.0,29546.5,29568.0,8133,2026-09-08T10:00:00.000000,NQ=F
1788865200,29568.5,29601.75,29533.5,29601.0,8244,2026-09-08T11:00:00.000000,NQ=F
1788868800,29601.0,29654.75,29548.0,29654.0,11222,2026-09-08T12:00:00.000000,NQ=F
1788872400,29653.75,29686.5,29455.25,29502.75,87172,2026-09-08T13:00:00.000000,NQ=F
1788876000,29503.25,29563.5,29424.75,29563.0,75025,2026-09-08T14:00:00.000000,NQ=F
1788879600,29563.0,29645.25,29545.5,29604.25,51485,2026-09-08T15:00:00.000000,NQ=F
1788883200,29604.25,29622.0,29549.5,29573.5,37588,2026-09-08T16:00:00.000000,NQ=F
1788886800,29572.75,29641.5,29572.0,29590.0,27041,2026-09-08T17:00:00.000000,NQ=F
1788890400,29590.5,29615.5,29519.75,29576.25,37270,2026-09-08T18:00:00.000000,NQ=F
1788894000,29576.25,29586.25,29496.0,29543.5,51248,2026-09-08T19:00:00.000000,NQ=F
1788897600,29543.0,29550.75,29503.5,29525.75,13522,2026-09-08T20:00:00.000000,NQ=F
1788904800,29526.5,29547.0,29503.0,29544.75,0,2026-09-08T22:00:00.000000,NQ=F
1788908400,29544.5,29546.5,29489.75,29498.5,4529,2026-09-08T23:00:00.000000,NQ=F
1788912000,29500.75,29564.0,29499.5,29559.75,9768,2026-09-09T00:00:00.000000,NQ=F
1788915600,29559.75,29608.5,29555.75,29593.25,8934,2026-09-09T01:00:00.000000,NQ=F
1788919200,29593.5,29625.5,29583.25,29611.0,5853,2026-09-09T02:00:00.000000,NQ=F
1788922800,29611.5,29613.75,29560.5,29566.75,5595,2026-09-09T03:00:00.000000,NQ=F
1788926400,29577.0,29620.25,29549.0,29614.0,6336,2026-09-09T04:00:00.000000,NQ=F
1788930000,29614.5,29621.5,29562.0,29621.25,5742,2026-09-09T05:00:00.000000,NQ=F
1788933600,29621.75,29633.75,29578.0,29579.5,6478,2026-09-09T06:00:00.000000,NQ=F
1788937200,29581.5,29614.0,29558.0,29588.0,7843,2026-09-09T07:00:00.000000,NQ=F
1788940800,29589.5,29609.0,29538.75,29564.75,7183,2026-09-09T08:00:00.000000,NQ=F
1788944400,29565.0,29575.0,29388.75,29400.5,11183,2026-09-09T09:00:00.000000,NQ=F
1788948000,29401.0,29432.25,29368.25,29391.5,13408,2026-09-09T10:00:00.000000,NQ=F
1788951600,29392.0,29452.0,29376.5,29396.75,13260,2026-09-09T11:00:00.000000,NQ=F
1788955200,29397.0,29404.0,29333.0,29390.5,14994,2026-09-09T12:00:00.000000,NQ=F
1788958800,29390.75,29567.25,29382.5,29558.5,73718,2026-09-09T13:00:00.000000,NQ=F
1788962400,29558.25,29593.75,29459.5,29528.25,75047,2026-09-09T14:00:00.000000,NQ=F
1788966000,29528.75,29562.25,29358.0,29448.0,82314,2026-09-09T15:00:00.000000,NQ=F
1788969600,29448.25,29478.0,29386.75,29458.0,36660,2026-09-09T16:00:00.000000,NQ=F
1788973200,29457.5,29483.75,29428.25,29468.75,27619,2026-09-09T17:00:00.000000,NQ=F
1788976800,29468.25,29474.0,29436.75,29447.5,22430,2026-09-09T18:00:00.000000,NQ=F
1788980400,29448.0,29471.25,29423.25,29454.5,37281,2026-09-09T19:00:00.000000,NQ=F
1788984000,29455.0,29460.0,29428.75,29460.0,11856,2026-09-09T20:00:00.000000,NQ=F
1788991200,29458.5,29472.75,29423.75,29431.5,0,2026-09-09T22:00:00.000000,NQ=F
1788994800,29430.5,29470.75,29416.25,29463.5,3373,2026-09-09T23:00:00.000000,NQ=F
1788998400,29464.5,29480.25,29408.0,29412.0,8586,2026-09-10T00:00:00.000000,NQ=F
1789002000,29413.5,29426.25,29364.0,29410.5,10206,2026-09-10T01:00:00.000000,NQ=F
1789005600,29411.0,29423.25,29373.0,29418.25,5559,2026-09-10T02:00:00.000000,NQ=F
1789009200,29418.75,29437.0,29388.25,29424.5,4851,2026-09-10T03:00:00.000000,NQ=F
1789012800,29427.25,29462.5,29423.0,29458.75,3897,2026-09-10T04:00:00.000000,NQ=F
1789016400,29459.5,29508.25,29448.5,29484.75,5536,2026-09-10T05:00:00.000000,NQ=F
1789020000,29484.0,29492.5,29435.25,29476.25,6244,2026-09-10T06:00:00.000000,NQ=F
1789023600,29476.75,29478.25,29417.25,29445.0,5377,2026-09-10T07:00:00.000000,NQ=F
1789027200,29443.75,29460.25,29405.25,29414.0,5839,2026-09-10T08:00:00.000000,NQ=F
1789030800,29412.5,29431.0,29359.25,29406.5,5715,2026-09-10T09:00:00.000000,NQ=F
1789034400,29405.75,29423.75,29363.5,29376.0,6681,2026-09-10T10:00:00.000000,NQ=F
1789038000,29375.0,29376.0,29262.75,29264.5,11375,2026-09-10T11:00:00.000000,NQ=F
1789041600,29264.25,29278.25,29043.25,29056.5,40463,2026-09-10T12:00:00.000000,NQ=F
1789045200,29058.0,29203.25,29043.75,29099.75,104228,2026-09-10T13:00:00.000000,NQ=F
1789048800,29099.5,29275.0,29097.25,29263.25,96830,2026-09-10T14:00:00.000000,NQ=F
1789052400,29263.25,29272.75,29186.0,29205.0,54508,2026-09-10T15:00:00.000000,NQ=F
1789056000,29205.0,29242.75,29133.75,29232.5,46991,2026-09-10T16:00:00.000000,NQ=F
1789059600,29232.75,29267.5,29175.5,29186.0,30758,2026-09-10T17:00:00.000000,NQ=F
1789063200,29186.25,29199.75,29146.25,29174.25,32059,2026-09-10T18:00:00.000000,NQ=F
1789066800,29174.25,29176.0,29123.25,29138.0,49919,2026-09-10T19:00:00.000000,NQ=F
1789070400,29138.25,29156.75,29123.0,29143.25,11499,2026-09-10T20:00:00.000000,NQ=F
1789077600,29141.0,29157.5,29098.75,29107.5,0,2026-09-10T22:00:00.000000,NQ=F
1789081200,29106.25,29115.0,29062.5,29064.75,4227,2026-09-10T23:00:00.000000,NQ=F
1789084800,29065.0,29166.25,29063.25,29161.0,10267,2026-09-11T00:00:00.000000,NQ=F
1789088400,29159.75,29171.5,29103.5,29128.75,6817,2026-09-11T01:00:00.000000,NQ=F
1789092000,29129.5,29138.5,29082.25,29093.25,6422,2026-09-11T02:00:00.000000,NQ=F
1789095600,29092.0,29096.75,29048.5,29070.0,6594,2026-09-11T03:00:00.000000,NQ=F
1789099200,29082.25,29151.5,29055.25,29125.0,5931,2026-09-11T04:00:00.000000,NQ=F
1789102800,29124.5,29242.75,29119.5,29233.25,8110,2026-09-11T05:00:00.000000,NQ=F
1789106400,29233.0,29261.5,29215.5,29255.0,7319,2026-09-11T06:00:00.000000,NQ=F
1789110000,29254.25,29268.75,29225.0,29242.5,5203,2026-09-11T07:00:00.000000,NQ=F
1789113600,29242.5,29326.0,29224.5,29322.75,9592,2026-09-11T08:00:00.000000,NQ=F
1789117200,29324.25,29334.0,29289.5,29319.0,4648,2026-09-11T09:00:00.000000,NQ=F
1789120800,29319.25,29339.75,29285.25,29316.5,3931,2026-09-11T10:00:00.000000,NQ=F
1789123285,29315.0,29315.0,29315.0,29315.0,0,2026-09-11T10:41:25.000000,NQ=F
