feature,target,n,n_days,d1,d10,spread_bp,se_bp,t,monotone_rho,max_dec_share,n_dec_pop
best_bid,fwd_mid_100ms,345339,6,-0.0012125201066306092,-0.0004190037620684292,-0.0100788207894492,0.014163520536424314,-0.7116042062797526,0.6242424242424242,0.48996203730247667,10
best_bid,fwd_micro_100ms,345339,6,0.00041076956709634304,-0.0002784529308819576,0.021415638078042584,0.023872958710248745,0.897066774921735,0.24848484848484845,0.48996203730247667,10
best_bid,fwd_mid_300ms,345339,6,-0.003685029268925012,0.0003822634406889025,-0.011299662472241526,0.007127635732319375,-1.5853310826484324,0.11515151515151514,0.48996203730247667,10
best_bid,fwd_micro_300ms,345339,6,-0.006374776288321692,0.001344782512386318,0.028829887171278618,0.05052104204447724,0.5706510793244849,0.24848484848484845,0.48996203730247667,10
best_bid,fwd_mid_500ms,345339,6,-0.007687400957970715,0.00025090095411281266,-0.023295558380846963,0.01394613702319733,-1.6703950593700791,0.309090909090909,0.48996203730247667,10
best_bid,fwd_micro_500ms,345339,6,-0.01328236274918227,0.002107638779161291,-0.04800956505638945,0.03147511609758185,-1.5253181245637375,0.28484848484848485,0.48996203730247667,10
best_bid,fwd_mid_1s,345339,6,-0.004806969613610862,0.00022860558205656188,-0.0823231197319211,0.03775471335769067,-2.1804726459445307,0.4424242424242424,0.48996203730247667,10
best_bid,fwd_micro_1s,345339,6,-0.005603410738110062,0.007658196584627535,-0.08752400658667144,0.03598378144508248,-2.432318202027998,0.16363636363636364,0.48996203730247667,10
best_bid,fwd_mid_3s,345339,6,0.016550982007692012,0.0034401674411510905,-0.2209403232306388,0.0950496882655608,-2.3244718342826145,0.33333333333333326,0.48996203730247667,10
best_bid,fwd_micro_3s,345339,6,0.015868485943623684,0.016967584769261235,-0.22212311843908114,0.08911342934310613,-2.4925886039449643,0.5151515151515151,0.48996203730247667,10
best_bid,fwd_mid_5s,345339,6,0.008485893325975585,0.014343466692077906,-0.2571829454283853,0.13855026098960035,-1.8562429517739385,0.5272727272727272,0.48996203730247667,10
best_bid,fwd_micro_5s,345339,6,0.008536142113630761,0.014517635714933343,-0.2669936484361745,0.148478565514442,-1.798196578146527,0.5272727272727272,0.48996203730247667,10
best_bid,fwd_mid_10s,345339,6,0.01674568850080596,0.02678665257764832,-0.5982857167430701,0.34241572568989037,-1.747249532823469,0.6121212121212121,0.48996203730247667,10
best_bid,fwd_micro_10s,345339,6,0.016942829485071684,0.026844980148110736,-0.6042534128629907,0.34833468365570625,-1.7346920683334375,0.5151515151515151,0.48996203730247667,10
best_bid,fwd_mid_30s,345339,6,0.05418813909309561,0.07965100630683736,-1.8410766093937678,1.0423604592843916,-1.76625714549621,0.1515151515151515,0.48996203730247667,10
best_bid,fwd_micro_30s,345339,6,0.05338385768334062,0.07939410542245623,-1.8204752878576302,1.0385422078854079,-1.7529141079054733,0.19999999999999998,0.48996203730247667,10
best_bid,fwd_mid_60s,345339,6,0.11232719068857348,0.1451350660278202,-3.930737101217737,2.41530089005466,-1.6274316452261075,0.35757575757575755,0.48996203730247667,10
best_bid,fwd_micro_60s,345339,6,0.1117602595907429,0.14438819901773708,-3.9027301921865507,2.4043368859851926,-1.623204391587322,0.35757575757575755,0.48996203730247667,10
best_ask,fwd_mid_100ms,345339,6,-0.001402798596633386,-0.00043828303076702134,-0.012301281940093193,0.015106973314181111,-0.8142783921214596,0.6606060606060605,0.4898548962034407,10
best_ask,fwd_micro_100ms,345339,6,-0.000017702573429805776,-0.000509527120744053,0.020254238684574082,0.026676668381157665,0.7592491834130273,0.10303030303030303,0.4898548962034407,10
best_ask,fwd_mid_300ms,345339,6,-0.0036209379453722964,0.00045208599505881645,-0.01309819926642094,0.008279519467676041,-1.5819999358123913,0.41818181818181815,0.4898548962034407,10
best_ask,fwd_micro_300ms,345339,6,-0.006279675166465312,0.0012572609582304807,0.028353362569731717,0.0534847907319061,0.5301200992232292,0.2121212121212121,0.4898548962034407,10
best_ask,fwd_mid_500ms,345339,6,-0.0075259895047718435,0.0004215160202707581,-0.021425456927540706,0.012977366603904878,-1.6509864891305301,0.3696969696969697,0.4898548962034407,10
best_ask,fwd_micro_500ms,345339,6,-0.013337747639856677,0.002171482771743315,-0.04164199368007241,0.026415086342512138,-1.5764473808686463,0.09090909090909088,0.4898548962034407,10
best_ask,fwd_mid_1s,345339,6,-0.004976975287010423,0.00026239556417352995,-0.08376348756393419,0.04090762538143372,-2.0476252723765036,0.24848484848484845,0.4898548962034407,10
best_ask,fwd_micro_1s,345339,6,-0.005926233592281807,0.007596867276835066,-0.07781502261993263,0.02902728579538803,-2.680754348458449,0.2727272727272727,0.4898548962034407,10
best_ask,fwd_mid_3s,345339,6,0.016794496840994298,0.003414185726537588,-0.2638803810431259,0.13413298975297533,-1.9673041026603413,0.2121212121212121,0.4898548962034407,10
best_ask,fwd_micro_3s,345339,6,0.015864292325338647,0.01676858001957942,-0.24741270918178934,0.11216760187429274,-2.2057412750882115,0.5393939393939393,0.4898548962034407,10
best_ask,fwd_mid_5s,345339,6,0.009451464143546901,0.014831897580303507,-0.30015757213656463,0.17605343147636002,-1.7049231566774032,0.49090909090909085,0.4898548962034407,10
best_ask,fwd_micro_5s,345339,6,0.009696452446915903,0.014661958727439212,-0.3023457783546431,0.1755389272806403,-1.722385929083822,0.5757575757575757,0.4898548962034407,10
best_ask,fwd_mid_10s,345339,6,0.017600162960951737,0.027022290619058517,-0.6275502811456606,0.367861436838989,-1.7059420159344836,0.6,0.4898548962034407,10
best_ask,fwd_micro_10s,345339,6,0.01735205426604959,0.026808402887359455,-0.6371349426513028,0.3761602256058131,-1.693786049881231,0.6363636363636362,0.4898548962034407,10
best_ask,fwd_mid_30s,345339,6,0.06081436584334416,0.0794483600924745,-1.841894617959735,1.035744120542516,-1.7783297838031296,0.28484848484848485,0.4898548962034407,10
best_ask,fwd_micro_30s,345339,6,0.059779672420105325,0.07885621753219467,-1.811000360756383,1.0219130596700818,-1.772166764696258,0.38181818181818183,0.4898548962034407,10
best_ask,fwd_mid_60s,345339,6,0.11712804808462628,0.143296241726469,-3.8917810382258655,2.3574400276417578,-1.6508504957044319,0.4545454545454545,0.4898548962034407,10
best_ask,fwd_micro_60s,345339,6,0.11573455297833504,0.14212588249976085,-3.863531819060981,2.350537404903672,-1.6436802115979572,0.4545454545454545,0.4898548962034407,10
mid,fwd_mid_100ms,345339,6,-0.0013180703818273074,-0.0004534807027810151,-0.011372657366991735,0.014330998711096317,-0.7935704689015167,0.6363636363636362,0.48981435632812975,10
mid,fwd_micro_100ms,345339,6,0.00014713496180773135,-0.000428271121591117,0.01953330685972218,0.024605576481031965,0.7938569077940557,0.2121212121212121,0.48981435632812975,10
mid,fwd_mid_300ms,345339,6,-0.0035490542563366505,0.0004250314581316933,-0.012644976654071813,0.007860885841893681,-1.6085943630782518,0.16363636363636364,0.48981435632812975,10
mid,fwd_micro_300ms,345339,6,-0.006245663187980095,0.001201948920491982,0.02653748493499598,0.05184581728777347,0.5118539223270028,0.19999999999999998,0.48981435632812975,10
mid,fwd_mid_500ms,345339,6,-0.007491519150329011,0.00032636611011784987,-0.02497722125149186,0.014740490934611923,-1.694463322984937,0.5030303030303029,0.48981435632812975,10
mid,fwd_micro_500ms,345339,6,-0.013169702002545705,0.002028593615699651,-0.04940967167224674,0.032455408350269034,-1.5223863813082223,0.1515151515151515,0.48981435632812975,10
mid,fwd_mid_1s,345339,6,-0.005021153264284779,0.0001677739167074462,-0.08146605755557898,0.03843062833347338,-2.1198211189438556,0.43030303030303024,0.48981435632812975,10
mid,fwd_micro_1s,345339,6,-0.006082857275576697,0.00749597477138882,-0.08602879837660064,0.035906100848791915,-2.3959381927568764,0.2121212121212121,0.48981435632812975,10
mid,fwd_mid_3s,345339,6,0.016465740347584436,0.003230177125955233,-0.22994159890156085,0.10572342907716566,-2.1749351199508538,0.309090909090909,0.48981435632812975,10
mid,fwd_micro_3s,345339,6,0.015653817515711342,0.016577204797297355,-0.2316859134385342,0.1005198813359761,-2.304876511584318,0.4424242424242424,0.48981435632812975,10
mid,fwd_mid_5s,345339,6,0.008795717345656187,0.01426173213151363,-0.26487381146628103,0.1466103214922121,-1.8066518698709153,0.6848484848484848,0.48981435632812975,10
mid,fwd_micro_5s,345339,6,0.008860393596271297,0.014149354277407244,-0.28266220564179473,0.15974287129952228,-1.7694824397628068,0.6242424242424242,0.48981435632812975,10
mid,fwd_mid_10s,345339,6,0.017868640752773446,0.02644567253006934,-0.6034416875831573,0.34773812299723955,-1.7353337114203828,0.6363636363636362,0.48981435632812975,10
mid,fwd_micro_10s,345339,6,0.01773371341750875,0.026322305857941947,-0.6052333707631757,0.3495162792676405,-1.7316314193758082,0.5393939393939393,0.48981435632812975,10
mid,fwd_mid_30s,345339,6,0.05838889931496617,0.0797065344184353,-1.8275705472844523,1.0447536023647856,-1.7492837958613123,0.19999999999999998,0.48981435632812975,10
mid,fwd_micro_30s,345339,6,0.057600761810922,0.07927526507783006,-1.8093481564043261,1.041048228599698,-1.738006085306979,0.29696969696969694,0.48981435632812975,10
mid,fwd_mid_60s,345339,6,0.11738758014682985,0.1444276269041738,-3.9178301638738855,2.4120896090553425,-1.6242473534837882,0.2727272727272727,0.48981435632812975,10
mid,fwd_micro_60s,345339,6,0.116850195928923,0.1434284902893544,-3.8836608270182076,2.393878509061693,-1.6223299604876151,0.2727272727272727,0.48981435632812975,10
log_mid,fwd_mid_100ms,345339,6,-0.0013180703818273074,-0.0004534807027810151,-0.011372657366991735,0.014330998711096317,-0.7935704689015167,0.6363636363636362,0.48981435632812975,10
log_mid,fwd_micro_100ms,345339,6,0.00014713496180773135,-0.000428271121591117,0.01953330685972218,0.024605576481031965,0.7938569077940557,0.2121212121212121,0.48981435632812975,10
log_mid,fwd_mid_300ms,345339,6,-0.0035490542563366505,0.0004250314581316933,-0.012644976654071813,0.007860885841893681,-1.6085943630782518,0.16363636363636364,0.48981435632812975,10
log_mid,fwd_micro_300ms,345339,6,-0.006245663187980095,0.001201948920491982,0.02653748493499598,0.05184581728777347,0.5118539223270028,0.19999999999999998,0.48981435632812975,10
log_mid,fwd_mid_500ms,345339,6,-0.007491519150329011,0.00032636611011784987,-0.02497722125149186,0.014740490934611923,-1.694463322984937,0.5030303030303029,0.48981435632812975,10
log_mid,fwd_micro_500ms,345339,6,-0.013169702002545705,0.002028593615699651,-0.04940967167224674,0.032455408350269034,-1.5223863813082223,0.1515151515151515,0.48981435632812975,10
log_mid,fwd_mid_1s,345339,6,-0.005021153264284779,0.0001677739167074462,-0.08146605755557898,0.03843062833347338,-2.1198211189438556,0.43030303030303024,0.48981435632812975,10
log_mid,fwd_micro_1s,345339,6,-0.006082857275576697,0.00749597477138882,-0.08602879837660064,0.035906100848791915,-2.3959381927568764,0.2121212121212121,0.48981435632812975,10
log_mid,fwd_mid_3s,345339,6,0.016465740347584436,0.003230177125955233,-0.22994159890156085,0.10572342907716566,-2.1749351199508538,0.309090909090909,0.48981435632812975,10
log_mid,fwd_micro_3s,345339,6,0.015653817515711342,0.016577204797297355,-0.2316859134385342,0.1005198813359761,-2.304876511584318,0.4424242424242424,0.48981435632812975,10
log_mid,fwd_mid_5s,345339,6,0.008795717345656187,0.01426173213151363,-0.26487381146628103,0.1466103214922121,-1.8066518698709153,0.6848484848484848,0.48981435632812975,10
log_mid,fwd_micro_5s,345339,6,0.008860393596271297,0.014149354277407244,-0.28266220564179473,0.15974287129952228,-1.7694824397628068,0.6242424242424242,0.48981435632812975,10
log_mid,fwd_mid_10s,345339,6,0.017868640752773446,0.02644567253006934,-0.6034416875831573,0.34773812299723955,-1.7353337114203828,0.6363636363636362,0.48981435632812975,10
log_mid,fwd_micro_10s,345339,6,0.01773371341750875,0.026322305857941947,-0.6052333707631757,0.3495162792676405,-1.7316314193758082,0.5393939393939393,0.48981435632812975,10
log_mid,fwd_mid_30s,345339,6,0.05838889931496617,0.0797065344184353,-1.8275705472844523,1.0447536023647856,-1.7492837958613123,0.19999999999999998,0.48981435632812975,10
log_mid,fwd_micro_30s,345339,6,0.057600761810922,0.07927526507783006,-1.8093481564043261,1.041048228599698,-1.738006085306979,0.29696969696969694,0.48981435632812975,10
log_mid,fwd_mid_60s,345339,6,0.11738758014682985,0.1444276269041738,-3.9178301638738855,2.4120896090553425,-1.6242473534837882,0.2727272727272727,0.48981435632812975,10
log_mid,fwd_micro_60s,345339,6,0.116850195928923,0.1434284902893544,-3.8836608270182076,2.393878509061693,-1.6223299604876151,0.2727272727272727,0.48981435632812975,10
spread_abs,fwd_mid_100ms,345339,11,0.0018995122499001714,-0.0030005942441002375,-0.009219032965116255,0.0122338834489785,-0.7535655381681785,-0.12727272727272726,0.12987817767469068,10
spread_abs,fwd_micro_100ms,345339,11,0.005604735693134582,-0.0005953375674154323,-0.025125057076952027,0.016873058346801976,-1.4890636042703005,-0.006060606060606061,0.12987817767469068,10
spread_abs,fwd_mid_300ms,345339,11,0.001133216323490796,0.0024969689017322974,0.036458036929282005,0.03435823551401585,1.0611149374772046,-0.006060606060606061,0.12987817767469068,10
spread_abs,fwd_micro_300ms,345339,11,0.0018591082226886053,-0.0029907206439946286,-0.044669879999666935,0.05755265295690209,-0.7761567487274248,-0.10303030303030303,0.12987817767469068,10
spread_abs,fwd_mid_500ms,345339,11,0.002782226187094509,0.00012996781853245385,0.0477557830776848,0.05624792297804996,0.8490230491945612,-0.2121212121212121,0.12987817767469068,10
spread_abs,fwd_micro_500ms,345339,11,0.003513514337855332,0.014787244721681919,0.005083335680974674,0.037552386846943724,0.1353665134973542,0.11515151515151514,0.12987817767469068,10
spread_abs,fwd_mid_1s,345339,11,0.008278998800898838,-0.014422524816885713,-0.0003380331453050742,0.14759061069288593,-0.002290343157455123,-0.41818181818181815,0.12987817767469068,10
spread_abs,fwd_micro_1s,345339,11,0.005664582456061107,0.009115182857845088,0.014457192490124655,0.13618428689711515,0.10615903508050684,-0.05454545454545454,0.12987817767469068,10
spread_abs,fwd_mid_3s,345339,11,0.028529111327898635,-0.01644413092748957,-0.02572166491196052,0.16527560363738758,-0.15562892735453868,-0.5151515151515151,0.12987817767469068,10
spread_abs,fwd_micro_3s,345339,11,0.03364118102008818,0.036510259435599136,-0.07123038953061339,0.12594229303535387,-0.5655795826316896,-0.006060606060606061,0.12987817767469068,10
spread_abs,fwd_mid_5s,345339,11,0.04591266047219964,-0.026760508451624317,-0.03556339313594567,0.13799651044105496,-0.2577122640440718,-0.5030303030303029,0.12987817767469068,10
spread_abs,fwd_micro_5s,345339,11,0.048872282875897066,-0.031977739245928644,-0.1129860828679451,0.11020492539324879,-1.0252362357197031,-0.4545454545454545,0.12987817767469068,10
spread_abs,fwd_mid_10s,345339,11,0.06468846010722817,-0.0030461714926530753,-0.027587373323789334,0.13843973932025874,-0.19927351394363904,-0.34545454545454546,0.12987817767469068,10
spread_abs,fwd_micro_10s,345339,11,0.06860646678666901,-0.012120482396927063,-0.128840812264849,0.10669867598493418,-1.207520253419464,-0.41818181818181815,0.12987817767469068,10
spread_abs,fwd_mid_30s,345339,11,0.14734471775220973,0.06896774790330484,0.04095243042975105,0.38815726750249074,0.10550473701870922,-0.01818181818181818,0.12987817767469068,10
spread_abs,fwd_micro_30s,345339,11,0.16476000465360102,0.06019900944328892,-0.017031100692863208,0.3867406346432816,-0.044037525843572664,-0.04242424242424241,0.12987817767469068,10
spread_abs,fwd_mid_60s,345339,11,0.16247228085678772,0.22189369121504396,0.5943394969551022,0.5554119698164217,1.0700876633097178,0.34545454545454546,0.12987817767469068,10
spread_abs,fwd_micro_60s,345339,11,0.17466327593565273,0.21093898678140655,0.5268196828889011,0.5672391709901086,0.9287434821705706,0.35757575757575755,0.12987817767469068,10
tick,fwd_mid_100ms,345339,0,NaN,-0.0012410022304448498,NaN,NaN,NaN,NaN,1.0,1
tick,fwd_micro_100ms,345339,0,NaN,-0.0010191243300379685,NaN,NaN,NaN,NaN,1.0,1
tick,fwd_mid_300ms,345339,0,NaN,-0.0010188934148510416,NaN,NaN,NaN,NaN,1.0,1
tick,fwd_micro_300ms,345339,0,NaN,-0.0022737778801372914,NaN,NaN,NaN,NaN,1.0,1
tick,fwd_mid_500ms,345339,0,NaN,-0.002028136065409547,NaN,NaN,NaN,NaN,1.0,1
tick,fwd_micro_500ms,345339,0,NaN,-0.0031333110398524175,NaN,NaN,NaN,NaN,1.0,1
tick,fwd_mid_1s,345339,0,NaN,-0.0025451876611957323,NaN,NaN,NaN,NaN,1.0,1
tick,fwd_micro_1s,345339,0,NaN,0.0015989348366379167,NaN,NaN,NaN,NaN,1.0,1
tick,fwd_mid_3s,345339,0,NaN,0.004302454784443272,NaN,NaN,NaN,NaN,1.0,1
tick,fwd_micro_3s,345339,0,NaN,0.01173177967076976,NaN,NaN,NaN,NaN,1.0,1
tick,fwd_mid_5s,345339,0,NaN,0.008517669520975098,NaN,NaN,NaN,NaN,1.0,1
tick,fwd_micro_5s,345339,0,NaN,0.008504809533569272,NaN,NaN,NaN,NaN,1.0,1
tick,fwd_mid_10s,345339,0,NaN,0.017035715454763567,NaN,NaN,NaN,NaN,1.0,1
tick,fwd_micro_10s,345339,0,NaN,0.01703004048521098,NaN,NaN,NaN,NaN,1.0,1
tick,fwd_mid_30s,345339,0,NaN,0.05129489763897048,NaN,NaN,NaN,NaN,1.0,1
tick,fwd_micro_30s,345339,0,NaN,0.05125123473583939,NaN,NaN,NaN,NaN,1.0,1
tick,fwd_mid_60s,345339,0,NaN,0.10092550140282143,NaN,NaN,NaN,NaN,1.0,1
tick,fwd_micro_60s,345339,0,NaN,0.1008939365834752,NaN,NaN,NaN,NaN,1.0,1
spread_tick,fwd_mid_100ms,345339,11,0.0018995122499001714,-0.0030005942441002375,-0.009219032965116255,0.0122338834489785,-0.7535655381681785,-0.12727272727272726,0.12987817767469068,10
spread_tick,fwd_micro_100ms,345339,11,0.005604735693134582,-0.0005953375674154323,-0.025125057076952027,0.016873058346801976,-1.4890636042703005,-0.006060606060606061,0.12987817767469068,10
spread_tick,fwd_mid_300ms,345339,11,0.001133216323490796,0.0024969689017322974,0.036458036929282005,0.03435823551401585,1.0611149374772046,-0.006060606060606061,0.12987817767469068,10
spread_tick,fwd_micro_300ms,345339,11,0.0018591082226886053,-0.0029907206439946286,-0.044669879999666935,0.05755265295690209,-0.7761567487274248,-0.10303030303030303,0.12987817767469068,10
spread_tick,fwd_mid_500ms,345339,11,0.002782226187094509,0.00012996781853245385,0.0477557830776848,0.05624792297804996,0.8490230491945612,-0.2121212121212121,0.12987817767469068,10
spread_tick,fwd_micro_500ms,345339,11,0.003513514337855332,0.014787244721681919,0.005083335680974674,0.037552386846943724,0.1353665134973542,0.11515151515151514,0.12987817767469068,10
spread_tick,fwd_mid_1s,345339,11,0.008278998800898838,-0.014422524816885713,-0.0003380331453050742,0.14759061069288593,-0.002290343157455123,-0.41818181818181815,0.12987817767469068,10
spread_tick,fwd_micro_1s,345339,11,0.005664582456061107,0.009115182857845088,0.014457192490124655,0.13618428689711515,0.10615903508050684,-0.05454545454545454,0.12987817767469068,10
spread_tick,fwd_mid_3s,345339,11,0.028529111327898635,-0.01644413092748957,-0.02572166491196052,0.16527560363738758,-0.15562892735453868,-0.5151515151515151,0.12987817767469068,10
spread_tick,fwd_micro_3s,345339,11,0.03364118102008818,0.036510259435599136,-0.07123038953061339,0.12594229303535387,-0.5655795826316896,-0.006060606060606061,0.12987817767469068,10
spread_tick,fwd_mid_5s,345339,11,0.04591266047219964,-0.026760508451624317,-0.03556339313594567,0.13799651044105496,-0.2577122640440718,-0.5030303030303029,0.12987817767469068,10
spread_tick,fwd_micro_5s,345339,11,0.048872282875897066,-0.031977739245928644,-0.1129860828679451,0.11020492539324879,-1.0252362357197031,-0.4545454545454545,0.12987817767469068,10
spread_tick,fwd_mid_10s,345339,11,0.06468846010722817,-0.0030461714926530753,-0.027587373323789334,0.13843973932025874,-0.19927351394363904,-0.34545454545454546,0.12987817767469068,10
spread_tick,fwd_micro_10s,345339,11,0.06860646678666901,-0.012120482396927063,-0.128840812264849,0.10669867598493418,-1.207520253419464,-0.41818181818181815,0.12987817767469068,10
spread_tick,fwd_mid_30s,345339,11,0.14734471775220973,0.06896774790330484,0.04095243042975105,0.38815726750249074,0.10550473701870922,-0.01818181818181818,0.12987817767469068,10
spread_tick,fwd_micro_30s,345339,11,0.16476000465360102,0.06019900944328892,-0.017031100692863208,0.3867406346432816,-0.044037525843572664,-0.04242424242424241,0.12987817767469068,10
spread_tick,fwd_mid_60s,345339,11,0.16247228085678772,0.22189369121504396,0.5943394969551022,0.5554119698164217,1.0700876633097178,0.34545454545454546,0.12987817767469068,10
spread_tick,fwd_micro_60s,345339,11,0.17466327593565273,0.21093898678140655,0.5268196828889011,0.5672391709901086,0.9287434821705706,0.35757575757575755,0.12987817767469068,10
spread_bp,fwd_mid_100ms,345339,20,0.001399322568959499,-0.0029465613145618305,-0.004606452608535147,0.007153123447790075,-0.6439777870684296,-0.13939393939393938,0.11198561413567538,10
spread_bp,fwd_micro_100ms,345339,20,0.004065958142124811,0.0007064519151519654,-0.009597300866244007,0.00926061769973355,-1.0363564480715086,0.13939393939393938,0.11198561413567538,10
spread_bp,fwd_mid_300ms,345339,20,0.0014016507217623282,0.0025949421799842244,0.01871524491468584,0.02056904218022525,0.9098744001156446,0.05454545454545454,0.11198561413567538,10
spread_bp,fwd_micro_300ms,345339,20,0.0012243253349057495,-0.0025656792198294645,-0.03135647658061596,0.033706931322072795,-0.930267910804516,-0.01818181818181818,0.11198561413567538,10
spread_bp,fwd_mid_500ms,345339,20,0.0018418767383854182,-0.0005506467538419246,0.030799122168656913,0.030823155158588512,0.9992202942947292,0.006060606060606061,0.11198561413567538,10
spread_bp,fwd_micro_500ms,345339,20,0.0025402108999415182,0.018898659699895296,-0.006776662746441123,0.021040102171692835,-0.3220831672366299,0.23636363636363633,0.11198561413567538,10
spread_bp,fwd_mid_1s,345339,20,0.008628749380277634,-0.013318603070120118,0.023202003480977347,0.0720694929166435,0.32193931914871504,-0.29696969696969694,0.11198561413567538,10
spread_bp,fwd_micro_1s,345339,20,0.008469359380339075,0.020349700982628546,0.025360687424178147,0.06896770087703384,0.3677183246893362,0.05454545454545454,0.11198561413567538,10
spread_bp,fwd_mid_3s,345339,20,0.03083356391610782,-0.013192878096884818,0.02325828343285615,0.08680256049035592,0.26794467008194106,-0.4666666666666666,0.11198561413567538,10
spread_bp,fwd_micro_3s,345339,20,0.03743631274774547,0.04834521253357471,-0.02126097912974725,0.06585564775130197,-0.3228421533417674,0.06666666666666665,0.11198561413567538,10
spread_bp,fwd_mid_5s,345339,20,0.04556065284723721,-0.014223447209864327,0.020441487746841902,0.07387608441676584,0.2766996641500778,-0.406060606060606,0.11198561413567538,10
spread_bp,fwd_micro_5s,345339,20,0.049472384491189916,-0.01602421793578036,-0.03556203841805834,0.06128615694565508,-0.5802621699642978,-0.5030303030303029,0.11198561413567538,10
spread_bp,fwd_mid_10s,345339,20,0.05397821898974467,0.0013732924312413928,0.06640212316358338,0.08932095109728586,0.7434103908192834,-0.3696969696969697,0.11198561413567538,10
spread_bp,fwd_micro_10s,345339,20,0.05765023489649934,-0.006640738774432866,-0.007693064794914178,0.07711369871753147,-0.09976262224295555,-0.35757575757575755,0.11198561413567538,10
spread_bp,fwd_mid_30s,345339,20,0.13458256286668957,0.07421970265246064,0.20396117752874438,0.23027848565051118,0.8857152979470777,0.13939393939393938,0.11198561413567538,10
spread_bp,fwd_micro_30s,345339,20,0.14852998956368407,0.06519249836374198,0.15508576511858738,0.2273546734243909,0.6821314151264312,0.06666666666666665,0.11198561413567538,10
spread_bp,fwd_mid_60s,345339,20,0.16147696340728482,0.22333507195433397,0.5248592262978125,0.3310995560717293,1.5852006342893046,0.19999999999999998,0.11198561413567538,10
spread_bp,fwd_micro_60s,345339,20,0.16469167475956376,0.21573635311754466,0.4941796929516715,0.3359461575551315,1.4710086180121664,0.19999999999999998,0.11198561413567538,10
spread_rel,fwd_mid_100ms,345339,20,0.001399322568959499,-0.0029465613145618305,-0.004606452608535147,0.007153123447790075,-0.6439777870684296,-0.13939393939393938,0.11198561413567538,10
spread_rel,fwd_micro_100ms,345339,20,0.004065958142124811,0.0007064519151519654,-0.009597300866244007,0.00926061769973355,-1.0363564480715086,0.13939393939393938,0.11198561413567538,10
spread_rel,fwd_mid_300ms,345339,20,0.0014016507217623282,0.0025949421799842244,0.01871524491468584,0.02056904218022525,0.9098744001156446,0.05454545454545454,0.11198561413567538,10
spread_rel,fwd_micro_300ms,345339,20,0.0012243253349057495,-0.0025656792198294645,-0.03135647658061596,0.033706931322072795,-0.930267910804516,-0.01818181818181818,0.11198561413567538,10
spread_rel,fwd_mid_500ms,345339,20,0.0018418767383854182,-0.0005506467538419246,0.030799122168656913,0.030823155158588512,0.9992202942947292,0.006060606060606061,0.11198561413567538,10
spread_rel,fwd_micro_500ms,345339,20,0.0025402108999415182,0.018898659699895296,-0.006776662746441123,0.021040102171692835,-0.3220831672366299,0.23636363636363633,0.11198561413567538,10
spread_rel,fwd_mid_1s,345339,20,0.008628749380277634,-0.013318603070120118,0.023202003480977347,0.0720694929166435,0.32193931914871504,-0.29696969696969694,0.11198561413567538,10
spread_rel,fwd_micro_1s,345339,20,0.008469359380339075,0.020349700982628546,0.025360687424178147,0.06896770087703384,0.3677183246893362,0.05454545454545454,0.11198561413567538,10
spread_rel,fwd_mid_3s,345339,20,0.03083356391610782,-0.013192878096884818,0.02325828343285615,0.08680256049035592,0.26794467008194106,-0.4666666666666666,0.11198561413567538,10
spread_rel,fwd_micro_3s,345339,20,0.03743631274774547,0.04834521253357471,-0.02126097912974725,0.06585564775130197,-0.3228421533417674,0.06666666666666665,0.11198561413567538,10
spread_rel,fwd_mid_5s,345339,20,0.04556065284723721,-0.014223447209864327,0.020441487746841902,0.07387608441676584,0.2766996641500778,-0.406060606060606,0.11198561413567538,10
spread_rel,fwd_micro_5s,345339,20,0.049472384491189916,-0.01602421793578036,-0.03556203841805834,0.06128615694565508,-0.5802621699642978,-0.5030303030303029,0.11198561413567538,10
spread_rel,fwd_mid_10s,345339,20,0.05397821898974467,0.0013732924312413928,0.06640212316358338,0.08932095109728586,0.7434103908192834,-0.3696969696969697,0.11198561413567538,10
spread_rel,fwd_micro_10s,345339,20,0.05765023489649934,-0.006640738774432866,-0.007693064794914178,0.07711369871753147,-0.09976262224295555,-0.35757575757575755,0.11198561413567538,10
spread_rel,fwd_mid_30s,345339,20,0.13458256286668957,0.07421970265246064,0.20396117752874438,0.23027848565051118,0.8857152979470777,0.13939393939393938,0.11198561413567538,10
spread_rel,fwd_micro_30s,345339,20,0.14852998956368407,0.06519249836374198,0.15508576511858738,0.2273546734243909,0.6821314151264312,0.06666666666666665,0.11198561413567538,10
spread_rel,fwd_mid_60s,345339,20,0.16147696340728482,0.22333507195433397,0.5248592262978125,0.3310995560717293,1.5852006342893046,0.19999999999999998,0.11198561413567538,10
spread_rel,fwd_micro_60s,345339,20,0.16469167475956376,0.21573635311754466,0.4941796929516715,0.3359461575551315,1.4710086180121664,0.19999999999999998,0.11198561413567538,10
d_bid,fwd_mid_100ms,345339,20,-0.04757874018420138,0.04212241640398169,0.07301532954460602,0.018818028591156565,3.8800732601139307,1.0,0.2301188107917148,8
d_bid,fwd_micro_100ms,345339,20,-0.03508851939215216,0.04271006168551259,0.05371189997541924,0.026186709818221483,2.051112963341615,0.9761904761904763,0.2301188107917148,8
d_bid,fwd_mid_300ms,345339,20,-0.12098058043030863,0.11520817547294786,0.20858082090902852,0.03820568070559781,5.459419045986733,1.0,0.2301188107917148,8
d_bid,fwd_micro_300ms,345339,20,-0.10231989572111715,0.11873925592092373,0.16662699282008023,0.04643288077306239,3.5885559983766364,1.0,0.2301188107917148,8
d_bid,fwd_mid_500ms,345339,20,-0.19048902396817946,0.17247820898390995,0.334633262624587,0.050198592298717246,6.666188179805554,1.0,0.2301188107917148,8
d_bid,fwd_micro_500ms,345339,20,-0.16140243970927834,0.1682325159767894,0.3040878773292336,0.05076442769117142,5.9901764120965035,1.0,0.2301188107917148,8
d_bid,fwd_mid_1s,345339,20,-0.3194477886903137,0.288010770448542,0.552524214243278,0.07887163168198871,7.005360513791089,1.0,0.2301188107917148,8
d_bid,fwd_micro_1s,345339,20,-0.26819970718811953,0.2719597293228412,0.4955956633227494,0.0676857371681361,7.322010279531346,1.0,0.2301188107917148,8
d_bid,fwd_mid_3s,345339,20,-0.5306808203203205,0.46415643679246454,0.7350115036742226,0.2118692394892867,3.4691751641058253,1.0,0.2301188107917148,8
d_bid,fwd_micro_3s,345339,20,-0.4819580082493173,0.44313909117325334,0.68889439042764,0.20206911096861974,3.409201867249377,1.0,0.2301188107917148,8
d_bid,fwd_mid_5s,345339,20,-0.6574907966297217,0.5536154630129623,0.9011066588429424,0.2437830704963115,3.6963463336826594,1.0,0.2301188107917148,8
d_bid,fwd_micro_5s,345339,20,-0.5930222997229646,0.522935347225504,0.8250299084977455,0.23643885132479972,3.489400764193314,1.0,0.2301188107917148,8
d_bid,fwd_mid_10s,345339,20,-0.7988307496786163,0.6855807682340271,1.1228255545749688,0.2707876824607024,4.146516356917073,1.0,0.2301188107917148,8
d_bid,fwd_micro_10s,345339,20,-0.7283347127840936,0.6483493813663351,1.0463095711996353,0.24600503310973662,4.253203920152735,1.0,0.2301188107917148,8
d_bid,fwd_mid_30s,345339,20,-0.8363973683908917,0.9335574947009593,1.4170647487230246,0.3043488015292492,4.656054965890308,1.0,0.2301188107917148,8
d_bid,fwd_micro_30s,345339,20,-0.7776139367043775,0.8963099431458633,1.3218374116793636,0.2955389477187386,4.472633545874782,0.9761904761904763,0.2301188107917148,8
d_bid,fwd_mid_60s,345339,20,-0.8249640015968184,1.1313013455030718,1.5737957448156144,0.32355616509580565,4.864057355697766,0.9523809523809524,0.2301188107917148,8
d_bid,fwd_micro_60s,345339,20,-0.7575544662052087,1.090951072264331,1.4525177121583368,0.3224416089330466,4.504746508878589,0.9523809523809524,0.2301188107917148,8
d_ask,fwd_mid_100ms,345339,20,-0.049213613332969294,0.017169713074808496,0.07128201737047205,0.01188174371054682,5.999289254758005,1.0,0.3168799353678559,8
d_ask,fwd_micro_100ms,345339,20,-0.039802248221626396,0.011147215180964228,0.039411796204525416,0.019243964355268237,2.0480081690515095,1.0,0.3168799353678559,8
d_ask,fwd_mid_300ms,345339,20,-0.12970263714352764,0.05012424552814035,0.1879924478637217,0.03586213306564383,5.242087734145959,1.0,0.3168799353678559,8
d_ask,fwd_micro_300ms,345339,20,-0.12649967985920504,0.03931385621316246,0.15099235091677018,0.032836755393820735,4.598272548730077,0.9761904761904763,0.3168799353678559,8
d_ask,fwd_mid_500ms,345339,20,-0.19596407870072707,0.0777085515706555,0.29929910201736265,0.049067225558044616,6.0997763499650794,1.0,0.3168799353678559,8
d_ask,fwd_micro_500ms,345339,20,-0.19399924970557214,0.06559651090867401,0.2867426312669782,0.04965116373619436,5.775144219992382,1.0,0.3168799353678559,8
d_ask,fwd_mid_1s,345339,20,-0.30715457391336276,0.13071868996758562,0.49674918039208527,0.0762353091816743,6.515998763883751,1.0,0.3168799353678559,8
d_ask,fwd_micro_1s,345339,20,-0.2785993752236527,0.11414987560864466,0.4686589948469019,0.060859374326937776,7.70068703515183,1.0,0.3168799353678559,8
d_ask,fwd_mid_3s,345339,20,-0.5028431606857735,0.23545936708170706,0.7421432754777619,0.15708045435417586,4.7246061168401035,1.0,0.3168799353678559,8
d_ask,fwd_micro_3s,345339,20,-0.4693312098115804,0.22404049468694337,0.7138510763136147,0.13947973978216702,5.1179553204535235,1.0,0.3168799353678559,8
d_ask,fwd_mid_5s,345339,20,-0.6048991641213124,0.2789672593442623,0.8601527196240802,0.1744286412527663,4.931258498870172,1.0,0.3168799353678559,8
d_ask,fwd_micro_5s,345339,20,-0.5447137783199741,0.2623900955460168,0.8045615013878182,0.14722559277489763,5.464820933803013,1.0,0.3168799353678559,8
d_ask,fwd_mid_10s,345339,20,-0.7220304172215869,0.3622433723509368,1.0363544829519875,0.20767944523883797,4.99016396042539,0.9761904761904763,0.3168799353678559,8
d_ask,fwd_micro_10s,345339,20,-0.6674203740986303,0.34409295813994606,0.9864592603998489,0.17110405925247676,5.7652592504790015,1.0,0.3168799353678559,8
d_ask,fwd_mid_30s,345339,20,-0.6987276163793292,0.48853933635694585,1.18935518809865,0.2189330771628693,5.432505693115807,0.9761904761904763,0.3168799353678559,8
d_ask,fwd_micro_30s,345339,20,-0.6453768280972336,0.4609979853400148,1.0891246772863508,0.19890952433932052,5.475477762585208,0.9761904761904763,0.3168799353678559,8
d_ask,fwd_mid_60s,345339,20,-0.6200357587985159,0.5938565315055258,1.1682806559437158,0.2724452138355315,4.288130591455272,0.8571428571428572,0.3168799353678559,8
d_ask,fwd_micro_60s,345339,20,-0.5556016231020813,0.5667851523440572,1.0338007996926106,0.26308518984392143,3.929528683488135,0.8571428571428572,0.3168799353678559,8
d_mid,fwd_mid_100ms,345339,20,-0.04836857611009075,0.0385245603381949,0.07088540010961271,0.019849484121158854,3.5711457122480756,0.9636363636363635,0.2121422717966983,10
d_mid,fwd_micro_100ms,345339,20,-0.036062415521810394,0.030454121301192783,0.034449220660518615,0.026875152952237424,1.2818241712611587,0.8060606060606059,0.2121422717966983,10
d_mid,fwd_mid_300ms,345339,20,-0.1301004730596605,0.11175268071350773,0.21171810505643926,0.044177689980404194,4.79242135906949,0.9515151515151514,0.2121422717966983,10
d_mid,fwd_micro_300ms,345339,20,-0.11608641580649365,0.09364279420985035,0.1486885836779855,0.04894882391186024,3.037633425998585,0.8666666666666665,0.2121422717966983,10
d_mid,fwd_mid_500ms,345339,20,-0.20652847784868697,0.17602357097317864,0.3600507227680451,0.055177757345250836,6.525287363804662,0.9515151515151514,0.2121422717966983,10
d_mid,fwd_micro_500ms,345339,20,-0.1869846330257685,0.15206244143565126,0.316696675870349,0.05095799605333897,6.214857341306257,0.9636363636363635,0.2121422717966983,10
d_mid,fwd_mid_1s,345339,20,-0.33992051234292514,0.3070131448080175,0.6120214064531535,0.08782614981627242,6.968555580922873,0.9515151515151514,0.2121422717966983,10
d_mid,fwd_micro_1s,345339,20,-0.29585556409830044,0.27590515587904796,0.5479506030976303,0.07105143171817242,7.712027609395577,0.9636363636363635,0.2121422717966983,10
d_mid,fwd_mid_3s,345339,20,-0.5523333400503577,0.5174404330469772,0.8533199560574524,0.21007811210109095,4.061917481659533,0.9636363636363635,0.2121422717966983,10
d_mid,fwd_micro_3s,345339,20,-0.500626687793917,0.49102308429781855,0.7881057672564191,0.1933987063189417,4.075031225683183,0.9757575757575757,0.2121422717966983,10
d_mid,fwd_mid_5s,345339,20,-0.6784770944128348,0.6152512746393549,1.0231049357527782,0.23781223927901673,4.302154249312649,0.9878787878787878,0.2121422717966983,10
d_mid,fwd_micro_5s,345339,20,-0.6022424620251604,0.5669011115450053,0.9213487157976168,0.21655097752267569,4.25465045846371,0.9636363636363635,0.2121422717966983,10
d_mid,fwd_mid_10s,345339,20,-0.8158228758902347,0.7628824021888562,1.2585255060523282,0.2726598726219915,4.61573422575868,0.9757575757575757,0.2121422717966983,10
d_mid,fwd_micro_10s,345339,20,-0.7400541223155456,0.7112912697982765,1.1683607994073069,0.23368186358416237,4.999792373645259,0.9272727272727272,0.2121422717966983,10
d_mid,fwd_mid_30s,345339,20,-0.7796029693386048,0.992139123531014,1.4561647960105808,0.29985478672698795,4.856233285134751,0.8424242424242423,0.2121422717966983,10
d_mid,fwd_micro_30s,345339,20,-0.7122875567950749,0.9285604048396152,1.3348292581909342,0.2748772492250239,4.85609217188505,0.7939393939393938,0.2121422717966983,10
d_mid,fwd_mid_60s,345339,20,-0.7350949500190046,1.1497648486932144,1.583944708182805,0.3098143794468631,5.112560336969352,0.7939393939393938,0.2121422717966983,10
d_mid,fwd_micro_60s,345339,20,-0.6532708699185842,1.0798670501334793,1.4296868374185197,0.29246467406364,4.888408632583849,0.7454545454545454,0.2121422717966983,10
d_spread,fwd_mid_100ms,345339,20,-0.007175370990256465,-0.001318359503256321,0.010056871882122984,0.005746486768063217,1.7500904966866444,0.32121212121212117,0.23210816038732957,10
d_spread,fwd_micro_100ms,345339,20,-0.0023302079924484883,-0.0020281341322865775,-0.0006546882730114883,0.00818654527173554,-0.0799712517649945,-0.05454545454545454,0.23210816038732957,10
d_spread,fwd_mid_300ms,345339,20,-0.004730824594452042,0.00007210608992894068,0.0009015094801105173,0.008472817627261736,0.10640019882050372,0.4666666666666666,0.23210816038732957,10
d_spread,fwd_micro_300ms,345339,20,0.0052902243657323555,-0.00788829795064515,-0.0012867166295385034,0.0197981496184948,-0.06499176207540595,-0.34545454545454546,0.23210816038732957,10
d_spread,fwd_mid_500ms,345339,20,-0.010868417378267917,0.004096935054883082,0.010117736887752912,0.014205246214537422,0.7122535389353957,0.6363636363636362,0.23210816038732957,10
d_spread,fwd_micro_500ms,345339,20,-0.0066304647335054655,0.00011448306677509962,0.03073699751332089,0.022328115836737127,1.3766050721910166,0.43030303030303024,0.23210816038732957,10
d_spread,fwd_mid_1s,345339,20,0.00474247714604686,-0.0005363885953231794,0.004911345084171861,0.0161439524794432,0.30422197354865177,-0.23636363636363633,0.23210816038732957,10
d_spread,fwd_micro_1s,345339,20,0.012664222737629146,-0.0038890385031572013,0.024180362092864567,0.026704367028533616,0.905483438983139,0.0303030303030303,0.23210816038732957,10
d_spread,fwd_mid_3s,345339,20,0.014603436997305144,0.012891451279088714,-0.00005828734772119664,0.026841017228433538,-0.0021715774489891914,-0.04242424242424241,0.23210816038732957,10
d_spread,fwd_micro_3s,345339,20,0.024522108817847672,0.014508472599566433,0.01954082058909633,0.03840686077854448,0.5087846336041234,0.09090909090909088,0.23210816038732957,10
d_spread,fwd_mid_5s,345339,20,0.0179535053940703,-0.006849581235492576,-0.04741979607797182,0.0263231277162391,-1.8014499108598667,-0.2606060606060606,0.23210816038732957,10
d_spread,fwd_micro_5s,345339,20,0.03621971380721912,-0.0026325771337371074,-0.026126781457675496,0.03449852589201678,-0.7573303723021229,-0.23636363636363633,0.23210816038732957,10
d_spread,fwd_mid_10s,345339,20,0.04393729309413883,-0.001551048586473542,-0.05767096516579626,0.03430495745011906,-1.681126270150675,-0.6,0.23210816038732957,10
d_spread,fwd_micro_10s,345339,20,0.0418542246360342,0.00344543182390018,-0.013718428594544575,0.04814042506912727,-0.284966918651956,-0.1515151515151515,0.23210816038732957,10
d_spread,fwd_mid_30s,345339,20,0.13785480076030104,0.012143599627288806,-0.14710418943905418,0.10185873418074427,-1.4441980908384708,-0.41818181818181815,0.23210816038732957,10
d_spread,fwd_micro_30s,345339,20,0.14714639569383792,0.00428348426213845,-0.13608821670833676,0.11636021388508042,-1.1695425108339874,-0.3939393939393939,0.23210816038732957,10
d_spread,fwd_mid_60s,345339,20,0.2964897067416498,0.0710824742851513,-0.14944951934490286,0.15084161180633152,-0.9907711642380487,-0.32121212121212117,0.23210816038732957,10
d_spread,fwd_micro_60s,345339,20,0.31659865703038753,0.05914498871018749,-0.15835421836744404,0.15664335955135383,-1.010922000274958,-0.32121212121212117,0.23210816038732957,10
t_since_mid_move,fwd_mid_100ms,345339,0,NaN,0.00027243242407188137,NaN,NaN,NaN,0.5714285714285715,0.36597082866400843,8
t_since_mid_move,fwd_micro_100ms,345339,0,NaN,-0.000867041474554501,NaN,NaN,NaN,0.2380952380952381,0.36597082866400843,8
t_since_mid_move,fwd_mid_300ms,345339,0,NaN,0.0003416517079004545,NaN,NaN,NaN,0.04761904761904763,0.36597082866400843,8
t_since_mid_move,fwd_micro_300ms,345339,0,NaN,-0.0013485457226577846,NaN,NaN,NaN,-0.28571428571428575,0.36597082866400843,8
t_since_mid_move,fwd_mid_500ms,345339,0,NaN,0.0009024653007300146,NaN,NaN,NaN,-0.04761904761904763,0.36597082866400843,8
t_since_mid_move,fwd_micro_500ms,345339,0,NaN,0.00023009425417490288,NaN,NaN,NaN,-0.023809523809523815,0.36597082866400843,8
t_since_mid_move,fwd_mid_1s,345339,0,NaN,-0.008787674392297978,NaN,NaN,NaN,-0.4047619047619048,0.36597082866400843,8
t_since_mid_move,fwd_micro_1s,345339,0,NaN,-0.00677749581662946,NaN,NaN,NaN,-0.3333333333333334,0.36597082866400843,8
t_since_mid_move,fwd_mid_3s,345339,0,NaN,-0.00005062762005378536,NaN,NaN,NaN,-0.7142857142857144,0.36597082866400843,8
t_since_mid_move,fwd_micro_3s,345339,0,NaN,0.008783938082398336,NaN,NaN,NaN,-0.5476190476190477,0.36597082866400843,8
t_since_mid_move,fwd_mid_5s,345339,0,NaN,0.013590055004345462,NaN,NaN,NaN,0.261904761904762,0.36597082866400843,8
t_since_mid_move,fwd_micro_5s,345339,0,NaN,-0.012670929719901095,NaN,NaN,NaN,-0.523809523809524,0.36597082866400843,8
t_since_mid_move,fwd_mid_10s,345339,0,NaN,0.019539464874513336,NaN,NaN,NaN,-0.07142857142857144,0.36597082866400843,8
t_since_mid_move,fwd_micro_10s,345339,0,NaN,-0.012160508979719643,NaN,NaN,NaN,-0.4761904761904762,0.36597082866400843,8
t_since_mid_move,fwd_mid_30s,345339,0,NaN,-0.013852642987988635,NaN,NaN,NaN,-0.30952380952380953,0.36597082866400843,8
t_since_mid_move,fwd_micro_30s,345339,0,NaN,-0.004199681359052483,NaN,NaN,NaN,-0.30952380952380953,0.36597082866400843,8
t_since_mid_move,fwd_mid_60s,345339,0,NaN,-0.060905659974943085,NaN,NaN,NaN,-0.4523809523809524,0.36597082866400843,8
t_since_mid_move,fwd_micro_60s,345339,0,NaN,-0.052093014492467685,NaN,NaN,NaN,-0.5000000000000001,0.36597082866400843,8
t_since_bbo_chg,fwd_mid_100ms,345339,0,NaN,0.0005822450735903306,NaN,NaN,NaN,0.523809523809524,0.3164426838555738,8
t_since_bbo_chg,fwd_micro_100ms,345339,0,NaN,-0.0008407768844315121,NaN,NaN,NaN,0.19047619047619052,0.3164426838555738,8
t_since_bbo_chg,fwd_mid_300ms,345339,0,NaN,0.0007727691336019897,NaN,NaN,NaN,0.09523809523809526,0.3164426838555738,8
t_since_bbo_chg,fwd_micro_300ms,345339,0,NaN,-0.001127359995521818,NaN,NaN,NaN,-0.30952380952380953,0.3164426838555738,8
t_since_bbo_chg,fwd_mid_500ms,345339,0,NaN,0.0014778862481211875,NaN,NaN,NaN,0.11904761904761905,0.3164426838555738,8
t_since_bbo_chg,fwd_micro_500ms,345339,0,NaN,-0.0008363162903766724,NaN,NaN,NaN,-0.023809523809523815,0.3164426838555738,8
t_since_bbo_chg,fwd_mid_1s,345339,0,NaN,-0.007558701024761614,NaN,NaN,NaN,-0.2380952380952381,0.3164426838555738,8
t_since_bbo_chg,fwd_micro_1s,345339,0,NaN,-0.006909706767888565,NaN,NaN,NaN,-0.19047619047619052,0.3164426838555738,8
t_since_bbo_chg,fwd_mid_3s,345339,0,NaN,0.0007430210532226833,NaN,NaN,NaN,-0.6428571428571429,0.3164426838555738,8
t_since_bbo_chg,fwd_micro_3s,345339,0,NaN,0.008552660803702188,NaN,NaN,NaN,-0.5476190476190477,0.3164426838555738,8
t_since_bbo_chg,fwd_mid_5s,345339,0,NaN,0.011949183810976649,NaN,NaN,NaN,0.04761904761904763,0.3164426838555738,8
t_since_bbo_chg,fwd_micro_5s,345339,0,NaN,-0.012753629036530871,NaN,NaN,NaN,-0.4047619047619048,0.3164426838555738,8
t_since_bbo_chg,fwd_mid_10s,345339,0,NaN,0.012799928105446808,NaN,NaN,NaN,-0.14285714285714288,0.3164426838555738,8
t_since_bbo_chg,fwd_micro_10s,345339,0,NaN,-0.01681809249378816,NaN,NaN,NaN,-0.4761904761904762,0.3164426838555738,8
t_since_bbo_chg,fwd_mid_30s,345339,0,NaN,-0.01636152875249367,NaN,NaN,NaN,-0.30952380952380953,0.3164426838555738,8
t_since_bbo_chg,fwd_micro_30s,345339,0,NaN,-0.007473673641238272,NaN,NaN,NaN,-0.30952380952380953,0.3164426838555738,8
t_since_bbo_chg,fwd_mid_60s,345339,0,NaN,-0.05282383566538566,NaN,NaN,NaN,-0.5000000000000001,0.3164426838555738,8
t_since_bbo_chg,fwd_micro_60s,345339,0,NaN,-0.04314365646878879,NaN,NaN,NaN,-0.5000000000000001,0.3164426838555738,8
bbo_age,fwd_mid_100ms,345339,0,NaN,0.0005822450735903306,NaN,NaN,NaN,0.523809523809524,0.3164426838555738,8
bbo_age,fwd_micro_100ms,345339,0,NaN,-0.0008407768844315121,NaN,NaN,NaN,0.19047619047619052,0.3164426838555738,8
bbo_age,fwd_mid_300ms,345339,0,NaN,0.0007727691336019897,NaN,NaN,NaN,0.09523809523809526,0.3164426838555738,8
bbo_age,fwd_micro_300ms,345339,0,NaN,-0.001127359995521818,NaN,NaN,NaN,-0.30952380952380953,0.3164426838555738,8
bbo_age,fwd_mid_500ms,345339,0,NaN,0.0014778862481211875,NaN,NaN,NaN,0.11904761904761905,0.3164426838555738,8
bbo_age,fwd_micro_500ms,345339,0,NaN,-0.0008363162903766724,NaN,NaN,NaN,-0.023809523809523815,0.3164426838555738,8
bbo_age,fwd_mid_1s,345339,0,NaN,-0.007558701024761614,NaN,NaN,NaN,-0.2380952380952381,0.3164426838555738,8
bbo_age,fwd_micro_1s,345339,0,NaN,-0.006909706767888565,NaN,NaN,NaN,-0.19047619047619052,0.3164426838555738,8
bbo_age,fwd_mid_3s,345339,0,NaN,0.0007430210532226833,NaN,NaN,NaN,-0.6428571428571429,0.3164426838555738,8
bbo_age,fwd_micro_3s,345339,0,NaN,0.008552660803702188,NaN,NaN,NaN,-0.5476190476190477,0.3164426838555738,8
bbo_age,fwd_mid_5s,345339,0,NaN,0.011949183810976649,NaN,NaN,NaN,0.04761904761904763,0.3164426838555738,8
bbo_age,fwd_micro_5s,345339,0,NaN,-0.012753629036530871,NaN,NaN,NaN,-0.4047619047619048,0.3164426838555738,8
bbo_age,fwd_mid_10s,345339,0,NaN,0.012799928105446808,NaN,NaN,NaN,-0.14285714285714288,0.3164426838555738,8
bbo_age,fwd_micro_10s,345339,0,NaN,-0.01681809249378816,NaN,NaN,NaN,-0.4761904761904762,0.3164426838555738,8
bbo_age,fwd_mid_30s,345339,0,NaN,-0.01636152875249367,NaN,NaN,NaN,-0.30952380952380953,0.3164426838555738,8
bbo_age,fwd_micro_30s,345339,0,NaN,-0.007473673641238272,NaN,NaN,NaN,-0.30952380952380953,0.3164426838555738,8
bbo_age,fwd_mid_60s,345339,0,NaN,-0.05282383566538566,NaN,NaN,NaN,-0.5000000000000001,0.3164426838555738,8
bbo_age,fwd_micro_60s,345339,0,NaN,-0.04314365646878879,NaN,NaN,NaN,-0.5000000000000001,0.3164426838555738,8
spread_duration,fwd_mid_100ms,345339,0,NaN,0.0004359486832621962,NaN,NaN,NaN,0.523809523809524,0.31833068376291124,8
spread_duration,fwd_micro_100ms,345339,0,NaN,-0.0009694448029391897,NaN,NaN,NaN,0.2380952380952381,0.31833068376291124,8
spread_duration,fwd_mid_300ms,345339,0,NaN,0.000014218122647927303,NaN,NaN,NaN,0.09523809523809526,0.31833068376291124,8
spread_duration,fwd_micro_300ms,345339,0,NaN,-0.002005148337679365,NaN,NaN,NaN,-0.28571428571428575,0.31833068376291124,8
spread_duration,fwd_mid_500ms,345339,0,NaN,0.00023911238922888156,NaN,NaN,NaN,-0.11904761904761905,0.31833068376291124,8
spread_duration,fwd_micro_500ms,345339,0,NaN,-0.0005181869565878425,NaN,NaN,NaN,-0.1666666666666667,0.31833068376291124,8
spread_duration,fwd_mid_1s,345339,0,NaN,-0.008677330113098469,NaN,NaN,NaN,-0.3571428571428572,0.31833068376291124,8
spread_duration,fwd_micro_1s,345339,0,NaN,-0.006063162934611573,NaN,NaN,NaN,-0.11904761904761905,0.31833068376291124,8
spread_duration,fwd_mid_3s,345339,0,NaN,-0.000816040591412872,NaN,NaN,NaN,-0.6428571428571429,0.31833068376291124,8
spread_duration,fwd_micro_3s,345339,0,NaN,0.009370161581744784,NaN,NaN,NaN,-0.523809523809524,0.31833068376291124,8
spread_duration,fwd_mid_5s,345339,0,NaN,0.01036433303702189,NaN,NaN,NaN,-0.023809523809523815,0.31833068376291124,8
spread_duration,fwd_micro_5s,345339,0,NaN,-0.014104961071738316,NaN,NaN,NaN,-0.523809523809524,0.31833068376291124,8
spread_duration,fwd_mid_10s,345339,0,NaN,0.013128910629004597,NaN,NaN,NaN,-0.28571428571428575,0.31833068376291124,8
spread_duration,fwd_micro_10s,345339,0,NaN,-0.015555354361873113,NaN,NaN,NaN,-0.4761904761904762,0.31833068376291124,8
spread_duration,fwd_mid_30s,345339,0,NaN,-0.02280131807628685,NaN,NaN,NaN,-0.5000000000000001,0.31833068376291124,8
spread_duration,fwd_micro_30s,345339,0,NaN,-0.013561034831885003,NaN,NaN,NaN,-0.4523809523809524,0.31833068376291124,8
spread_duration,fwd_mid_60s,345339,0,NaN,-0.07248000873741946,NaN,NaN,NaN,-0.4523809523809524,0.31833068376291124,8
spread_duration,fwd_micro_60s,345339,0,NaN,-0.06288982610742966,NaN,NaN,NaN,-0.5000000000000001,0.31833068376291124,8
obi1,fwd_mid_100ms,345339,20,-0.025591025215984605,0.02359266400788521,0.0521444932617105,0.01041553986753379,5.006412910409931,0.9878787878787878,0.10637084140511208,10
obi1,fwd_micro_100ms,345339,20,0.08862069378764116,-0.09194267020194997,-0.17322795263257357,0.02437191162654783,-7.1076883621997,-0.9272727272727272,0.10637084140511208,10
obi1,fwd_mid_300ms,345339,20,-0.06711820952626045,0.05803421754955523,0.12474027839352897,0.02065005161767673,6.040676348079904,0.9878787878787878,0.10637084140511208,10
obi1,fwd_micro_300ms,345339,20,0.20623547540974083,-0.20844840650337118,-0.39896419425236573,0.05346670069505087,-7.461919083578234,-0.9151515151515152,0.10637084140511208,10
obi1,fwd_mid_500ms,345339,20,-0.09454038454435548,0.07929291404512673,0.1764984582498349,0.027371508067245018,6.448254798976436,0.9878787878787878,0.10637084140511208,10
obi1,fwd_micro_500ms,345339,20,0.29886705843776834,-0.2716021882917054,-0.5342668997859594,0.07091439246949892,-7.533969920362128,-0.9272727272727272,0.10637084140511208,10
obi1,fwd_mid_1s,345339,20,-0.1354238867576574,0.11770653200254358,0.25935710764386727,0.03864460826917526,6.71134006165467,0.9878787878787878,0.10637084140511208,10
obi1,fwd_micro_1s,345339,20,0.3747090898866556,-0.3181311480350041,-0.6542310214189816,0.08658529514469858,-7.555913741769334,-0.9272727272727272,0.10637084140511208,10
obi1,fwd_mid_3s,345339,20,-0.23578754221004325,0.24494286748024702,0.486394990655974,0.07077661073541167,6.872256040548378,0.9757575757575757,0.10637084140511208,10
obi1,fwd_micro_3s,345339,20,0.42807543506053336,-0.3331396784816232,-0.7216462824134526,0.10654643922030654,-6.7730680414509346,-0.8909090909090909,0.10637084140511208,10
obi1,fwd_mid_5s,345339,20,-0.3020965307342418,0.2932495079719673,0.6046350529607091,0.06996408836773148,8.642077200845458,0.9878787878787878,0.10637084140511208,10
obi1,fwd_micro_5s,345339,20,0.42991706992912504,-0.35288074451659734,-0.7561753073551785,0.12495888114204574,-6.051393069817934,-0.8909090909090909,0.10637084140511208,10
obi1,fwd_mid_10s,345339,20,-0.41067819651077664,0.41211193119908607,0.8516757955109661,0.10272227268257324,8.291052887262026,0.9999999999999999,0.10637084140511208,10
obi1,fwd_micro_10s,345339,20,0.4325529390602082,-0.33189349456882444,-0.7289545294077835,0.1441947742625909,-5.0553463753152075,-0.8424242424242423,0.10637084140511208,10
obi1,fwd_mid_30s,345339,20,-0.5790175982849141,0.6513166477428693,1.3070539832916785,0.14916719764624806,8.762341881566844,0.9999999999999999,0.10637084140511208,10
obi1,fwd_micro_30s,345339,20,0.3307724485417589,-0.18901563538470745,-0.4709768050213702,0.16895229993553215,-2.7876318061434073,-0.8424242424242423,0.10637084140511208,10
obi1,fwd_mid_60s,345339,20,-0.6727224827223698,0.7770757119767651,1.535109607389567,0.19730403583052866,7.780426796277631,0.9999999999999999,0.10637084140511208,10
obi1,fwd_micro_60s,345339,20,0.297815249720989,-0.09930786193502714,-0.3346112276842272,0.2265543486202853,-1.4769578678229205,-0.8060606060606059,0.10637084140511208,10
obi2,fwd_mid_100ms,345339,20,-0.03500433401144223,0.032941949569314476,0.07232253979077498,0.013241974151584651,5.461613122248862,0.9878787878787878,0.10938527070501738,10
obi2,fwd_micro_100ms,345339,20,0.05394524904832116,-0.06061217612426008,-0.1134030127265285,0.02005561244572202,-5.654427808347386,-0.9272727272727272,0.10938527070501738,10
obi2,fwd_mid_300ms,345339,20,-0.08624864358193149,0.07736717377995571,0.1726458135597385,0.027006381564334454,6.392778430848375,0.9878787878787878,0.10938527070501738,10
obi2,fwd_micro_300ms,345339,20,0.12893254736761628,-0.14231704131093478,-0.2698644291137992,0.042008798111900746,-6.423997858614023,-0.9151515151515152,0.10938527070501738,10
obi2,fwd_mid_500ms,345339,20,-0.1226854184575486,0.10705789071249185,0.2410571807887604,0.035957268602775275,6.703990323952331,0.9757575757575757,0.10938527070501738,10
obi2,fwd_micro_500ms,345339,20,0.19469200901609687,-0.18118900518326098,-0.3584137418552806,0.05614683472573364,-6.383507522838321,-0.9393939393939393,0.10938527070501738,10
obi2,fwd_mid_1s,345339,20,-0.1805308112205096,0.16068402340455712,0.3658207086047193,0.053341142284867304,6.858134133143627,0.9878787878787878,0.10938527070501738,10
obi2,fwd_micro_1s,345339,20,0.23108440323725998,-0.1932649652025003,-0.3896694516972147,0.06174372855068582,-6.311077429950355,-0.9393939393939393,0.10938527070501738,10
obi2,fwd_mid_3s,345339,20,-0.31302815648149807,0.325806170897549,0.6785662702468609,0.10121794609281547,6.704011456867787,0.9878787878787878,0.10938527070501738,10
obi2,fwd_micro_3s,345339,20,0.22211365100101402,-0.13856724000079168,-0.31453202218665377,0.06841493608076499,-4.597417467661497,-0.8787878787878788,0.10938527070501738,10
obi2,fwd_mid_5s,345339,20,-0.39000732683063566,0.3876181060700946,0.8258564356715737,0.10637162419879757,7.763879153787606,0.9878787878787878,0.10938527070501738,10
obi2,fwd_micro_5s,345339,20,0.17639368176062625,-0.12844009157224878,-0.27995206144945595,0.08058654511683508,-3.4739305555732534,-0.8424242424242423,0.10938527070501738,10
obi2,fwd_mid_10s,345339,20,-0.5335760743177903,0.5247479005453999,1.132828270867684,0.1489957552022043,7.603090902356959,0.9999999999999999,0.10938527070501738,10
obi2,fwd_micro_10s,345339,20,0.12057884391129745,-0.07234326816373594,-0.15329303621659926,0.1015714171378893,-1.5092143098534774,-0.8424242424242423,0.10938527070501738,10
obi2,fwd_mid_30s,345339,20,-0.7337918810758091,0.8036566736515889,1.6939031111755884,0.22159798368606637,7.644036660438701,0.9999999999999999,0.10938527070501738,10
obi2,fwd_micro_30s,345339,20,-0.014767785459391081,0.13409216730675413,0.2506715929512905,0.15627220880876352,1.6040701981633037,-0.4787878787878787,0.10938527070501738,10
obi2,fwd_mid_60s,345339,20,-0.8599297708762856,0.9760140426794136,2.0186584022570058,0.28633007065014354,7.050109678223536,0.9878787878787878,0.10938527070501738,10
obi2,fwd_micro_60s,345339,20,-0.08907919425379207,0.26178526358088144,0.47030690379051104,0.22602285873912656,2.0807935374949613,-0.2121212121212121,0.10938527070501738,10
obi3,fwd_mid_100ms,345339,20,-0.039397317872208494,0.03588993004612227,0.0813839272771391,0.014652881911380628,5.55412428553933,0.9878787878787878,0.10723376160815894,10
obi3,fwd_micro_100ms,345339,20,0.03966393025639723,-0.044884162807832945,-0.08578415718511787,0.01784621102323572,-4.806855476124714,-0.9151515151515152,0.10723376160815894,10
obi3,fwd_mid_300ms,345339,20,-0.09492388771190308,0.08432860740231489,0.19199880818912538,0.029290890858074,6.554898214582678,0.9999999999999999,0.10723376160815894,10
obi3,fwd_micro_300ms,345339,20,0.0930072411951691,-0.11475066623772663,-0.21349496978175148,0.037602903730271316,-5.677619242204492,-0.9272727272727272,0.10723376160815894,10
obi3,fwd_mid_500ms,345339,20,-0.13506129960693414,0.1170453677468661,0.26845907890659354,0.039241092409574206,6.84127434844535,0.9878787878787878,0.10723376160815894,10
obi3,fwd_micro_500ms,345339,20,0.1456941420045755,-0.14230166787093446,-0.28008834060879956,0.049757113441623285,-5.629111522665168,-0.9393939393939393,0.10723376160815894,10
obi3,fwd_mid_1s,345339,20,-0.20154298957275937,0.17540930378642197,0.407245410776209,0.0584411056846425,6.968475459272964,0.9878787878787878,0.10723376160815894,10
obi3,fwd_micro_1s,345339,20,0.1657181130949784,-0.14353470270429677,-0.28275863750016944,0.0541779775701874,-5.219069632746193,-0.9393939393939393,0.10723376160815894,10
obi3,fwd_mid_3s,345339,20,-0.3398319836160382,0.346965461084612,0.7393059656731842,0.10616330111905929,6.963856227907536,0.9999999999999999,0.10723376160815894,10
obi3,fwd_micro_3s,345339,20,0.14097218397953615,-0.07198884324693264,-0.1688466844598562,0.059628454905510594,-2.8316461449054278,-0.8424242424242423,0.10723376160815894,10
obi3,fwd_mid_5s,345339,20,-0.4193904374604045,0.41806733093200965,0.8996260871171502,0.1111536271115446,8.0935378403294,0.9878787878787878,0.10723376160815894,10
obi3,fwd_micro_5s,345339,20,0.07329466220497033,-0.04893539792876675,-0.11016869820049373,0.07041119508474325,-1.5646474693108166,-0.8060606060606059,0.10723376160815894,10
obi3,fwd_mid_10s,345339,20,-0.5659135712306685,0.5742652517622566,1.236064964985988,0.15695810944951083,7.875126486431061,0.9999999999999999,0.10723376160815894,10
obi3,fwd_micro_10s,345339,20,0.0038902823963967584,0.03529439204139709,0.06740399741410888,0.0897448811973888,0.7510623058919382,-0.4787878787878787,0.10723376160815894,10
obi3,fwd_mid_30s,345339,20,-0.7682774547186751,0.8425636721653418,1.8062992096832864,0.23254271025904014,7.767601950072594,0.9878787878787878,0.10723376160815894,10
obi3,fwd_micro_30s,345339,20,-0.1348420876921933,0.23394735362720684,0.4918200195165099,0.15607518076074664,3.151173794060433,0.19999999999999998,0.10723376160815894,10
obi3,fwd_mid_60s,345339,20,-0.9012529437680237,1.0386515408471082,2.165474956227291,0.2994792528392876,7.230801251495609,0.9878787878787878,0.10723376160815894,10
obi3,fwd_micro_60s,345339,20,-0.2163334819610861,0.3838363420654774,0.7414721830367249,0.23730196688447816,3.1245934990403335,0.49090909090909085,0.10723376160815894,10
obi5,fwd_mid_100ms,345339,20,-0.04756260238203683,0.040231316150454166,0.09663825070283408,0.016647244853431463,5.805059729322972,0.9878787878787878,0.10734090270719496,10
obi5,fwd_micro_100ms,345339,20,0.018030730531694652,-0.025746173922755917,-0.04650355458492801,0.013794903462378386,-3.37106777961535,-0.9151515151515152,0.10734090270719496,10
obi5,fwd_mid_300ms,345339,20,-0.11077161667441639,0.09256841186154842,0.22132416252008708,0.033300814694118566,6.646208645435221,0.9999999999999999,0.10734090270719496,10
obi5,fwd_micro_300ms,345339,20,0.04415524444787378,-0.06949791722565507,-0.12239050441361128,0.0291130055731289,-4.203980386229063,-0.9272727272727272,0.10734090270719496,10
obi5,fwd_mid_500ms,345339,20,-0.1542067022076385,0.12909802675200893,0.3072112248903859,0.045088131390772467,6.813571896067939,0.9999999999999999,0.10734090270719496,10
obi5,fwd_micro_500ms,345339,20,0.08486986610312078,-0.08411057068407891,-0.16321466961320194,0.04049638445101295,-4.0303516431358695,-0.9393939393939393,0.10734090270719496,10
obi5,fwd_mid_1s,345339,20,-0.2257608851432106,0.19122434558004564,0.46080154071864704,0.06802538333007756,6.773964631448137,0.9878787878787878,0.10734090270719496,10
obi5,fwd_micro_1s,345339,20,0.08917041954281402,-0.07046986780732517,-0.13670413185781374,0.045246878066255006,-3.0212942350992233,-0.8787878787878788,0.10734090270719496,10
obi5,fwd_mid_3s,345339,20,-0.38560904939211793,0.3661476171705683,0.8304287415687449,0.11627515207232333,7.1419278045942,0.9999999999999999,0.10734090270719496,10
obi5,fwd_micro_3s,345339,20,0.02836384175951788,0.011268388723579225,0.03565594827500991,0.05751098124266186,0.6199850446745673,-0.7212121212121211,0.10734090270719496,10
obi5,fwd_mid_5s,345339,20,-0.4639434387460464,0.4456846945121824,0.9908930423572127,0.12315119970701338,8.046150136698847,0.9999999999999999,0.10734090270719496,10
obi5,fwd_micro_5s,345339,20,-0.05077968854142907,0.05358506787192096,0.11249063411296194,0.061849957593955326,1.8187665519750622,-0.3939393939393939,0.10734090270719496,10
obi5,fwd_mid_10s,345339,20,-0.6039124927805312,0.6042300903867232,1.337596297478187,0.17280419732972827,7.74053129581057,0.9999999999999999,0.10734090270719496,10
obi5,fwd_micro_10s,345339,20,-0.12207303106388011,0.1431395227867477,0.31061125851902743,0.08971893528263174,3.46204797839545,0.05454545454545454,0.10734090270719496,10
obi5,fwd_mid_30s,345339,20,-0.8415229596500654,0.8593724042235631,1.90641821785094,0.24585924157675504,7.754104363230834,0.9999999999999999,0.10734090270719496,10
obi5,fwd_micro_30s,345339,20,-0.2968792491691284,0.3392366196086619,0.7437668486857222,0.14803401948573544,5.024296788464841,0.6848484848484848,0.10734090270719496,10
obi5,fwd_mid_60s,345339,20,-0.9911386155526398,1.028914228169325,2.2291550011624968,0.27996773542373704,7.962185348924668,0.9999999999999999,0.10734090270719496,10
obi5,fwd_micro_60s,345339,20,-0.3929410554928092,0.46077007447674245,0.9581858699642612,0.21047638421478757,4.552462612558228,0.8787878787878788,0.10734090270719496,10
obi10,fwd_mid_100ms,345339,20,-0.0524465663703373,0.04997035413699233,0.12173118092095628,0.020373433588949073,5.974995839041364,0.9999999999999999,0.11222306197678224,10
obi10,fwd_micro_100ms,345339,20,-0.011279049288670165,0.005415696536609625,0.018354691856261388,0.011498265081348987,1.5963009833573951,-0.22424242424242422,0.11222306197678224,10
obi10,fwd_mid_300ms,345339,20,-0.12418457230590857,0.11960068796499744,0.2796896107367338,0.04142412198279852,6.751853686914009,0.9999999999999999,0.11222306197678224,10
obi10,fwd_micro_300ms,345339,20,-0.0244859458399244,0.007068583883603992,0.027730370965332533,0.023170442277123362,1.1967993805932344,-0.32121212121212117,0.11222306197678224,10
obi10,fwd_mid_500ms,345339,20,-0.17158140936639538,0.16616014661379896,0.3857821810824472,0.0560126049024291,6.887417247500964,0.9999999999999999,0.11222306197678224,10
obi10,fwd_micro_500ms,345339,20,-0.006822948496016641,0.014938107280338992,0.034951420041932454,0.03640483326921038,0.9600763663294357,-0.5030303030303029,0.11222306197678224,10
obi10,fwd_mid_1s,345339,20,-0.25426293673689176,0.25134467604018385,0.5714110352091788,0.08374435533032791,6.823278213262967,0.9878787878787878,0.11222306197678224,10
obi10,fwd_micro_1s,345339,20,-0.023407022857209636,0.0637879723973344,0.10950796830275103,0.04475340207264147,2.4469194124058595,-0.01818181818181818,0.11222306197678224,10
obi10,fwd_mid_3s,345339,20,-0.43722012853447645,0.45001805498940556,0.999434876750016,0.139735433132084,7.152336772057712,0.9999999999999999,0.11222306197678224,10
obi10,fwd_micro_3s,345339,20,-0.12775162739448073,0.18646510407965064,0.37590815234629604,0.07113525848675473,5.284413950872049,0.5030303030303029,0.11222306197678224,10
obi10,fwd_mid_5s,345339,20,-0.5363666678233237,0.528603600264119,1.1965308888668056,0.15202723275211386,7.8705036407378035,0.9999999999999999,0.11222306197678224,10
obi10,fwd_micro_5s,345339,20,-0.24599257267642385,0.24758635407653842,0.5195170060822641,0.07637666967811264,6.802037955723314,0.709090909090909,0.11222306197678224,10
obi10,fwd_mid_10s,345339,20,-0.6939863774593471,0.7384520365529673,1.623509013681506,0.21423356288521908,7.578219732784545,0.9878787878787878,0.11222306197678224,10
obi10,fwd_micro_10s,345339,20,-0.3489535730512478,0.3933330084329249,0.8121814565732881,0.11706406170582308,6.937923088763697,0.8909090909090909,0.11222306197678224,10
obi10,fwd_mid_30s,345339,20,-0.883569829739516,1.130913918234714,2.265768731897084,0.2909132410858256,7.788468903787826,0.9878787878787878,0.11222306197678224,10
obi10,fwd_micro_30s,345339,20,-0.47480849595029007,0.723830153222945,1.3163527457973676,0.17467779229392447,7.535890673397022,0.9030303030303028,0.11222306197678224,10
obi10,fwd_mid_60s,345339,20,-0.933748804468636,1.4217527641748593,2.542218654117773,0.2981006364247748,8.528055104502595,0.9636363636363635,0.11222306197678224,10
obi10,fwd_micro_60s,345339,20,-0.4761475308420329,0.9702008644852554,1.4920128271098199,0.19593274397950303,7.614923349748538,0.9272727272727272,0.11222306197678224,10
obi_dw,fwd_mid_100ms,345339,20,-0.045155549329228176,0.04021725558219963,0.10018429004582671,0.01737469188607223,5.7661045561409745,0.9999999999999999,0.11133697613070055,10
obi_dw,fwd_micro_100ms,345339,20,0.013556734633570617,-0.024016321817758847,-0.03898979519435715,0.012882923926296993,-3.0264709639998775,-0.8545454545454544,0.11133697613070055,10
obi_dw,fwd_mid_300ms,345339,20,-0.10790624454279002,0.09696741773331749,0.23395987102128607,0.036497107685298874,6.410367447158715,0.9999999999999999,0.11133697613070055,10
obi_dw,fwd_micro_300ms,345339,20,0.043695522401174934,-0.059210940430175434,-0.10757050393930319,0.026979192612271424,-3.9871654235633054,-0.8303030303030302,0.11133697613070055,10
obi_dw,fwd_mid_500ms,345339,20,-0.14894927990009701,0.13864515485970177,0.3284894403424393,0.04995563907764845,6.575622820716044,0.9878787878787878,0.11133697613070055,10
obi_dw,fwd_micro_500ms,345339,20,0.0884838434580418,-0.06951192844632438,-0.14290483430126072,0.041290803276492684,-3.4609361640251266,-0.8303030303030302,0.11133697613070055,10
obi_dw,fwd_mid_1s,345339,20,-0.22079482391777874,0.2120195229062238,0.4911975876153757,0.0726938955275628,6.757067894774356,0.9878787878787878,0.11133697613070055,10
obi_dw,fwd_micro_1s,345339,20,0.10096176291504946,-0.04828501291588039,-0.12466193943481416,0.04738232473484397,-2.6309798038073127,-0.8303030303030302,0.11133697613070055,10
obi_dw,fwd_mid_3s,345339,20,-0.37883106087490426,0.3941399503374303,0.8687615281744465,0.12453775806025516,6.9758886116619605,0.9878787878787878,0.11133697613070055,10
obi_dw,fwd_micro_3s,345339,20,0.047301942124811355,0.035774084114880395,0.04467547731015754,0.06363000338026265,0.702113388917647,-0.6969696969696969,0.11133697613070055,10
obi_dw,fwd_mid_5s,345339,20,-0.4603174238711132,0.46581890197685205,1.0345706041274236,0.1335541929111121,7.746447951776319,0.9878787878787878,0.11133697613070055,10
obi_dw,fwd_micro_5s,345339,20,-0.019872882363479102,0.07420012909910742,0.1169276017069973,0.06629691985494043,1.7636958393065356,-0.5151515151515151,0.11133697613070055,10
obi_dw,fwd_mid_10s,345339,20,-0.6003459191220721,0.6554363644568234,1.4134571651922958,0.18609273567826065,7.595445142125533,0.9999999999999999,0.11133697613070055,10
obi_dw,fwd_micro_10s,345339,20,-0.080427993017011,0.18916997423501022,0.33145063715898687,0.10208655239530061,3.2467610021302344,-0.10303030303030303,0.11133697613070055,10
obi_dw,fwd_mid_30s,345339,20,-0.8138292683434278,1.0347606227501436,2.0251588094459034,0.23249453880487475,8.71056507329643,0.9999999999999999,0.11133697613070055,10
obi_dw,fwd_micro_30s,345339,20,-0.22234714222159754,0.4891723974948418,0.7679430424374283,0.13212612457855194,5.812196830013499,0.3696969696969697,0.11133697613070055,10
obi_dw,fwd_mid_60s,345339,20,-0.9105550492166505,1.3174565102230142,2.3606159561196898,0.25286082062639176,9.335633532596809,0.9999999999999999,0.11133697613070055,10
obi_dw,fwd_micro_60s,345339,20,-0.26482667193117254,0.7239603626676627,0.9930473392459398,0.16954011517864878,5.857300133361006,0.7939393939393938,0.11133697613070055,10
obi_ew,fwd_mid_100ms,345339,20,-0.0434680314916766,0.03831961040940053,0.09463618939131443,0.016782932572535762,5.638835107171958,0.9878787878787878,0.11005417864764767,10
obi_ew,fwd_micro_100ms,345339,20,0.02209472561767987,-0.03114111298093505,-0.055019674881374644,0.014369616206877656,-3.8288896578212617,-0.8424242424242423,0.11005417864764767,10
obi_ew,fwd_mid_300ms,345339,20,-0.10496587938615781,0.09280821006863257,0.22345576678471804,0.03486352137833574,6.409443393849879,0.9999999999999999,0.11005417864764767,10
obi_ew,fwd_micro_300ms,345339,20,0.0627220690705914,-0.07774475989977571,-0.14608320036566871,0.02926774602513723,-4.991269236797464,-0.8424242424242423,0.11005417864764767,10
obi_ew,fwd_mid_500ms,345339,20,-0.14536769976334257,0.13089427281958974,0.31135737570485694,0.04680486917884428,6.6522432637326965,0.9878787878787878,0.11005417864764767,10
obi_ew,fwd_micro_500ms,345339,20,0.11249470470929615,-0.09702971990452167,-0.19821553717650126,0.04286506120489027,-4.624174831549938,-0.8787878787878788,0.11005417864764767,10
obi_ew,fwd_mid_1s,345339,20,-0.21249481125856529,0.20253823751196023,0.46418489630526116,0.06817658494149853,6.808567731921046,0.9999999999999999,0.11005417864764767,10
obi_ew,fwd_micro_1s,345339,20,0.1310782361468731,-0.08002519133780894,-0.18783459012263223,0.04757543339583285,-3.9481424911009793,-0.8666666666666665,0.11005417864764767,10
obi_ew,fwd_mid_3s,345339,20,-0.354787479650898,0.3777961444913678,0.8159998126535166,0.11938615073862052,6.83496207562664,0.9999999999999999,0.11005417864764767,10
obi_ew,fwd_micro_3s,345339,20,0.10096895726381906,-0.007015724956992785,-0.05734789358826552,0.06100616547072982,-0.9400343907171235,-0.7575757575757575,0.11005417864764767,10
obi_ew,fwd_mid_5s,345339,20,-0.43308717001558744,0.4534819811526337,0.9837397772061252,0.12922925449602293,7.612361311241643,0.9999999999999999,0.11005417864764767,10
obi_ew,fwd_micro_5s,345339,20,0.03825334739075643,0.029182760079333063,0.013620654428812795,0.06579653999718163,0.20701171261279439,-0.709090909090909,0.11005417864764767,10
obi_ew,fwd_mid_10s,345339,20,-0.5768340482831795,0.6333548362524505,1.3475833324964017,0.17732345971611407,7.599577262105165,0.9999999999999999,0.11005417864764767,10
obi_ew,fwd_micro_10s,345339,20,-0.027306404434757396,0.13125965184199012,0.2116789756572779,0.09649822191137028,2.193604933484645,-0.4787878787878787,0.11005417864764767,10
obi_ew,fwd_mid_30s,345339,20,-0.773124028441366,0.9916635019630943,1.9391862010405827,0.22431463841916222,8.64493826487129,0.9878787878787878,0.11005417864764767,10
obi_ew,fwd_micro_30s,345339,20,-0.1532399687028881,0.4117017323541505,0.6319715604868176,0.12522256623731978,5.04678652958697,0.309090909090909,0.11005417864764767,10
obi_ew,fwd_mid_60s,345339,20,-0.860546350455975,1.2795261787572612,2.289984640699604,0.2681883952124223,8.538716370951809,0.9999999999999999,0.11005417864764767,10
obi_ew,fwd_micro_60s,345339,20,-0.1851076973150719,0.6521507111258443,0.8739898243022208,0.1883557918451655,4.640100608218454,0.5757575757575757,0.11005417864764767,10
obi_notional,fwd_mid_100ms,345339,20,-0.0524438599396863,0.04998397028523836,0.121738379051756,0.020372860161850536,5.975517334562516,0.9999999999999999,0.11222885338754093,10
obi_notional,fwd_micro_100ms,345339,20,-0.01127846724933334,0.005572227306560761,0.018505962657927706,0.011455940322735558,1.615403200137191,-0.22424242424242422,0.11222885338754093,10
obi_notional,fwd_mid_300ms,345339,20,-0.1241781639372368,0.11961241100718797,0.27968934453134586,0.04142340243836768,6.751964543412027,0.9999999999999999,0.11222885338754093,10
obi_notional,fwd_micro_300ms,345339,20,-0.024484682277427824,0.007224069602717301,0.02788046801564816,0.023150956055740933,1.2042901359460016,-0.32121212121212117,0.11222885338754093,10
obi_notional,fwd_mid_500ms,345339,20,-0.17157255515118955,0.16618557771475043,0.3857910809616715,0.056013116377095586,6.887513245369543,0.9999999999999999,0.11222885338754093,10
obi_notional,fwd_micro_500ms,345339,20,-0.006822596407439299,0.015087942856906858,0.03509447618414781,0.036382303200720896,0.9646029277072384,-0.5030303030303029,0.11222885338754093,10
obi_notional,fwd_mid_1s,345339,20,-0.25424981585876716,0.251358432548147,0.5713991607606504,0.08374220686403541,6.823311471697649,0.9878787878787878,0.11222885338754093,10
obi_notional,fwd_micro_1s,345339,20,-0.02340453844316359,0.06393685563955061,0.10964395903576751,0.044750159273173815,2.4501356155283074,0.05454545454545454,0.11222885338754093,10
obi_notional,fwd_mid_3s,345339,20,-0.4372128504485147,0.45023222480284336,0.9996201389454992,0.13976924111588224,7.15193222031389,0.9878787878787878,0.11222885338754093,10
obi_notional,fwd_micro_3s,345339,20,-0.1277656031070416,0.18675128988311424,0.37619668889242036,0.0711932314323959,5.284163695387973,0.5030303030303029,0.11222885338754093,10
obi_notional,fwd_mid_5s,345339,20,-0.5363542734208622,0.5288661278767894,1.1967641744505306,0.15206210273624535,7.87023297005396,0.9999999999999999,0.11222885338754093,10
obi_notional,fwd_micro_5s,345339,20,-0.24599546157241967,0.24794706263622815,0.5198718675116072,0.07644276496475565,6.800798842785147,0.709090909090909,0.11222885338754093,10
obi_notional,fwd_mid_10s,345339,20,-0.6939610634667022,0.7387462560153469,1.6237452359450035,0.21425593689634465,7.5785308891139795,0.9878787878787878,0.11222885338754093,10
obi_notional,fwd_micro_10s,345339,20,-0.3489788211698579,0.39371383138819865,0.8125907102260909,0.11708210353047878,6.940349427652344,0.8909090909090909,0.11222885338754093,10
obi_notional,fwd_mid_30s,345339,20,-0.8836345272567108,1.1311712899640942,2.266086447714315,0.2909480690854429,7.788628585291734,0.9878787878787878,0.11222885338754093,10
obi_notional,fwd_micro_30s,345339,20,-0.4749141596253612,0.72417483271787,1.3168269808472428,0.17469674088738799,7.537787906965525,0.8666666666666665,0.11222885338754093,10
obi_notional,fwd_mid_60s,345339,20,-0.9338288310324097,1.4232279930331087,2.543793025261892,0.2980250933964375,8.535499465067192,0.9636363636363635,0.11222885338754093,10
obi_notional,fwd_micro_60s,345339,20,-0.47625519566813346,0.9717327368667642,1.4936844449715112,0.19574379989520058,7.630813572492289,0.9272727272727272,0.11222885338754093,10
depth_diff,fwd_mid_100ms,345339,20,-0.011235141191310213,0.009612145050483014,0.02092705862034037,0.006507878049998814,3.2156500874112393,0.9030303030303028,0.12000382233110074,10
depth_diff,fwd_micro_100ms,345339,20,0.09139945089964371,-0.1005047848989113,-0.19239240218715456,0.030411979724634434,-6.326204473670357,-0.8787878787878788,0.12000382233110074,10
depth_diff,fwd_mid_300ms,345339,20,-0.033497579815453565,0.02407286848249563,0.0557774114847596,0.010707792765923227,5.209048466297103,0.9151515151515152,0.12000382233110074,10
depth_diff,fwd_micro_300ms,345339,20,0.2142107547585309,-0.22831281225520203,-0.44076823652789515,0.062188543454657436,-7.087611512388381,-0.9272727272727272,0.12000382233110074,10
depth_diff,fwd_mid_500ms,345339,20,-0.04905734857990029,0.029407467707429663,0.07014278299943871,0.012672815839359189,5.534901152874761,0.9272727272727272,0.12000382233110074,10
depth_diff,fwd_micro_500ms,345339,20,0.29330367492280995,-0.29486983882507023,-0.5729246324936105,0.08368569734292082,-6.846147557878665,-0.9272727272727272,0.12000382233110074,10
depth_diff,fwd_mid_1s,345339,20,-0.06727151453665899,0.03738061683984592,0.09013764780507827,0.017532452505250085,5.141188762843452,0.9030303030303028,0.12000382233110074,10
depth_diff,fwd_micro_1s,345339,20,0.3648334243199767,-0.3639364464901217,-0.7229443656950693,0.10940258877756201,-6.60811022639477,-0.9757575757575757,0.12000382233110074,10
depth_diff,fwd_mid_3s,345339,20,-0.12756507856042393,0.10315845915313711,0.22330792940354444,0.036396368647742504,6.135445312272799,0.9151515151515152,0.12000382233110074,10
depth_diff,fwd_micro_3s,345339,20,0.4453014825235666,-0.4138963258895846,-0.8576697533225177,0.1273435191592067,-6.735087572460179,-0.9757575757575757,0.12000382233110074,10
depth_diff,fwd_mid_5s,345339,20,-0.1636356468754815,0.14277808658195698,0.31501785851770114,0.06307729817812326,4.994155862987756,0.9151515151515152,0.12000382233110074,10
depth_diff,fwd_micro_5s,345339,20,0.4657841596521927,-0.4238764202599887,-0.8761672687720713,0.13716170925403637,-6.387841574278775,-0.9757575757575757,0.12000382233110074,10
depth_diff,fwd_mid_10s,345339,20,-0.25524796474682,0.2142313117866127,0.5278703997346303,0.11983140933175887,4.405108833137366,0.9272727272727272,0.12000382233110074,10
depth_diff,fwd_micro_10s,345339,20,0.4749656834222858,-0.42471945575009706,-0.8412007672985486,0.16206256457961668,-5.190592716341293,-0.8909090909090909,0.12000382233110074,10
depth_diff,fwd_mid_30s,345339,20,-0.41517006887854485,0.4864764020892082,1.0103139511659096,0.20002770062009126,5.050870194647587,0.9757575757575757,0.12000382233110074,10
depth_diff,fwd_micro_30s,345339,20,0.394992672825896,-0.23859895408694048,-0.5445211277323565,0.20109296709057695,-2.707807913973896,-0.8060606060606059,0.12000382233110074,10
depth_diff,fwd_mid_60s,345339,20,-0.5049239325343113,0.596292660811413,1.3165398679558744,0.26704652194603107,4.930001927611479,0.9878787878787878,0.12000382233110074,10
depth_diff,fwd_micro_60s,345339,20,0.3546153657326498,-0.16667233522996217,-0.3341079902508944,0.2582501422112655,-1.2937378751860364,-0.8060606060606059,0.12000382233110074,10
depth_ratio,fwd_mid_100ms,345339,20,-0.025593207137079587,0.023542370830814,0.052114634083306924,0.010413100572224134,5.004718212586682,0.9878787878787878,0.10666620335380597,10
depth_ratio,fwd_micro_100ms,345339,20,0.08862824969286946,-0.09208826873232236,-0.17338225822724498,0.02433349646416877,-7.125250515582563,-0.9272727272727272,0.10666620335380597,10
depth_ratio,fwd_mid_300ms,345339,20,-0.06712393210423405,0.057963303584065366,0.12468813422240883,0.02065471810007534,6.036787024556585,0.9878787878787878,0.10666620335380597,10
depth_ratio,fwd_micro_300ms,345339,20,0.20625305929043852,-0.20854650713890152,-0.3990831379273151,0.05344712482429327,-7.466877577405627,-0.9151515151515152,0.10666620335380597,10
depth_ratio,fwd_mid_500ms,345339,20,-0.09456639881370943,0.07977385763571246,0.17717023780022967,0.027449103813695457,6.454499899258363,0.9878787878787878,0.10666620335380597,10
depth_ratio,fwd_micro_500ms,345339,20,0.2988415608523349,-0.2716303789722562,-0.5340279119049381,0.07093978412114785,-7.527904384272564,-0.9272727272727272,0.10666620335380597,10
depth_ratio,fwd_mid_1s,345339,20,-0.13548480295147453,0.11808991157079783,0.2601298026836186,0.038713555992233056,6.719346647872063,0.9878787878787878,0.10666620335380597,10
depth_ratio,fwd_micro_1s,345339,20,0.37457086471204865,-0.3178051791312215,-0.6528809855911288,0.08667247042531799,-7.532737700763806,-0.9272727272727272,0.10666620335380597,10
depth_ratio,fwd_mid_3s,345339,20,-0.23593329743404626,0.24542058881994533,0.4878092366814622,0.07100263215357305,6.870297929608716,0.9757575757575757,0.10666620335380597,10
depth_ratio,fwd_micro_3s,345339,20,0.4279480695232613,-0.3330449191442962,-0.7204685561916127,0.10669526510947588,-6.752582276752092,-0.8787878787878788,0.10666620335380597,10
depth_ratio,fwd_mid_5s,345339,20,-0.30204680622924374,0.2937331159387032,0.6046801554267014,0.06997303380944897,8.641616955945778,0.9878787878787878,0.10666620335380597,10
depth_ratio,fwd_micro_5s,345339,20,0.4300286445680109,-0.35324940893477513,-0.757175435935519,0.12486485119635907,-6.06395978276389,-0.8909090909090909,0.10666620335380597,10
depth_ratio,fwd_mid_10s,345339,20,-0.40992748648994076,0.41286737010889163,0.8473718422801492,0.10171516225888882,8.330831151046981,0.9999999999999999,0.10666620335380597,10
depth_ratio,fwd_micro_10s,345339,20,0.4332558076665429,-0.33244681812258187,-0.7340816738325374,0.14391032191554226,-5.100966102093452,-0.8424242424242423,0.10666620335380597,10
depth_ratio,fwd_mid_30s,345339,20,-0.5780762994105031,0.6507868072405354,1.299577332418097,0.1461699227704687,8.890866929298644,0.9999999999999999,0.10666620335380597,10
depth_ratio,fwd_micro_30s,345339,20,0.3319326744358608,-0.1906720471596677,-0.48084406938754454,0.16713115479993237,-2.877046293153113,-0.8424242424242423,0.10666620335380597,10
depth_ratio,fwd_mid_60s,345339,20,-0.671922239934532,0.7774411837931038,1.528138428786922,0.19630216495729477,7.78462341013593,0.9999999999999999,0.10666620335380597,10
depth_ratio,fwd_micro_60s,345339,20,0.2986387666681687,-0.10039239418399575,-0.3429896141724757,0.22645087197269345,-1.5146314570775203,-0.8060606060606059,0.10666620335380597,10
log_depth_ratio,fwd_mid_100ms,345339,20,-0.025593207137079587,0.023542370830814,0.052114634083306924,0.010413100572224134,5.004718212586682,0.9878787878787878,0.10666620335380597,10
log_depth_ratio,fwd_micro_100ms,345339,20,0.08862824969286946,-0.09208826873232236,-0.17338225822724498,0.02433349646416877,-7.125250515582563,-0.9272727272727272,0.10666620335380597,10
log_depth_ratio,fwd_mid_300ms,345339,20,-0.06712393210423405,0.057963303584065366,0.12468813422240883,0.02065471810007534,6.036787024556585,0.9878787878787878,0.10666620335380597,10
log_depth_ratio,fwd_micro_300ms,345339,20,0.20625305929043852,-0.20854650713890152,-0.3990831379273151,0.05344712482429327,-7.466877577405627,-0.9151515151515152,0.10666620335380597,10
log_depth_ratio,fwd_mid_500ms,345339,20,-0.09456639881370943,0.07977385763571246,0.17717023780022967,0.027449103813695457,6.454499899258363,0.9878787878787878,0.10666620335380597,10
log_depth_ratio,fwd_micro_500ms,345339,20,0.2988415608523349,-0.2716303789722562,-0.5340279119049381,0.07093978412114785,-7.527904384272564,-0.9272727272727272,0.10666620335380597,10
log_depth_ratio,fwd_mid_1s,345339,20,-0.13548480295147453,0.11808991157079783,0.2601298026836186,0.038713555992233056,6.719346647872063,0.9878787878787878,0.10666620335380597,10
log_depth_ratio,fwd_micro_1s,345339,20,0.37457086471204865,-0.3178051791312215,-0.6528809855911288,0.08667247042531799,-7.532737700763806,-0.9272727272727272,0.10666620335380597,10
log_depth_ratio,fwd_mid_3s,345339,20,-0.23593329743404626,0.24542058881994533,0.4878092366814622,0.07100263215357305,6.870297929608716,0.9757575757575757,0.10666620335380597,10
log_depth_ratio,fwd_micro_3s,345339,20,0.4279480695232613,-0.3330449191442962,-0.7204685561916127,0.10669526510947588,-6.752582276752092,-0.8787878787878788,0.10666620335380597,10
log_depth_ratio,fwd_mid_5s,345339,20,-0.30204680622924374,0.2937331159387032,0.6046801554267014,0.06997303380944897,8.641616955945778,0.9878787878787878,0.10666620335380597,10
log_depth_ratio,fwd_micro_5s,345339,20,0.4300286445680109,-0.35324940893477513,-0.757175435935519,0.12486485119635907,-6.06395978276389,-0.8909090909090909,0.10666620335380597,10
log_depth_ratio,fwd_mid_10s,345339,20,-0.40992748648994076,0.41286737010889163,0.8473718422801492,0.10171516225888882,8.330831151046981,0.9999999999999999,0.10666620335380597,10
log_depth_ratio,fwd_micro_10s,345339,20,0.4332558076665429,-0.33244681812258187,-0.7340816738325374,0.14391032191554226,-5.100966102093452,-0.8424242424242423,0.10666620335380597,10
log_depth_ratio,fwd_mid_30s,345339,20,-0.5780762994105031,0.6507868072405354,1.299577332418097,0.1461699227704687,8.890866929298644,0.9999999999999999,0.10666620335380597,10
log_depth_ratio,fwd_micro_30s,345339,20,0.3319326744358608,-0.1906720471596677,-0.48084406938754454,0.16713115479993237,-2.877046293153113,-0.8424242424242423,0.10666620335380597,10
log_depth_ratio,fwd_mid_60s,345339,20,-0.671922239934532,0.7774411837931038,1.528138428786922,0.19630216495729477,7.78462341013593,0.9999999999999999,0.10666620335380597,10
log_depth_ratio,fwd_micro_60s,345339,20,0.2986387666681687,-0.10039239418399575,-0.3429896141724757,0.22645087197269345,-1.5146314570775203,-0.8060606060606059,0.10666620335380597,10
obi_abs,fwd_mid_100ms,345339,20,-0.00173108531347022,-0.0011404957447895677,0.0006223987026859606,0.003576107426894846,0.17404362576053617,0.16363636363636364,0.10665172482690921,10
obi_abs,fwd_micro_100ms,345339,20,-0.003182416838294987,-0.0031970770387796505,-0.00302282659055697,0.006517733540669068,-0.4637849294843474,-0.01818181818181818,0.10665172482690921,10
obi_abs,fwd_mid_300ms,345339,20,0.0033603168627068564,-0.0027401266472943313,-0.004674245134124936,0.005161204178383128,-0.9056501104339678,-0.28484848484848485,0.10665172482690921,10
obi_abs,fwd_micro_300ms,345339,20,0.00492572461292136,0.008901063574171197,-0.004791126713091118,0.01369204422817748,-0.34992048179564306,0.13939393939393938,0.10665172482690921,10
obi_abs,fwd_mid_500ms,345339,20,0.0027598921422401267,-0.010559359369606383,-0.01388106343735306,0.0065715171587228585,-2.112307265138569,-0.33333333333333326,0.10665172482690921,10
obi_abs,fwd_micro_500ms,345339,20,0.002667935786160613,0.037770726741464845,0.010067347362256751,0.02906004804198592,0.34643257807803557,0.17575757575757575,0.10665172482690921,10
obi_abs,fwd_mid_1s,345339,20,0.008577147302430605,-0.020849284084587544,-0.02578853442701092,0.01781340428420707,-1.4477038760005245,-0.2727272727272727,0.10665172482690921,10
obi_abs,fwd_micro_1s,345339,20,0.006514533747148546,0.05182644658139003,0.029521563944272522,0.03925122975561403,0.7521181916612462,0.4666666666666666,0.10665172482690921,10
obi_abs,fwd_mid_3s,345339,20,0.032965745804323564,0.007006704352285817,-0.02019295510544517,0.028666390176710646,-0.7044122047096978,-0.1515151515151515,0.10665172482690921,10
obi_abs,fwd_micro_3s,345339,20,0.03565255741369492,0.09840528261562353,0.03330654614444219,0.054640192601794785,0.6095612873690375,0.19999999999999998,0.10665172482690921,10
obi_abs,fwd_mid_5s,345339,20,0.043944019061478184,-0.012392650809413349,-0.05374656926295944,0.03707734034122829,-1.4495799528316151,-0.5272727272727272,0.10665172482690921,10
obi_abs,fwd_micro_5s,345339,20,0.02372411945952731,0.08624145842964871,0.016453134998062745,0.07024266142893797,0.23423279618622941,0.2121212121212121,0.10665172482690921,10
obi_abs,fwd_mid_10s,345339,20,0.05614327604074422,-0.02348187680598519,-0.04993259661039755,0.05404316523172596,-0.9239391585651369,-0.6,0.10665172482690921,10
obi_abs,fwd_micro_10s,345339,20,0.03342192543055468,0.10173975356073064,0.04345421382542644,0.08218163879594903,0.5287581808062998,0.1515151515151515,0.10665172482690921,10
obi_abs,fwd_mid_30s,345339,20,0.062434351659345466,0.00973163779815599,0.06195974061700717,0.10297093345773377,0.6017206850168026,-0.18787878787878787,0.10665172482690921,10
obi_abs,fwd_micro_30s,345339,20,0.06396745062450879,0.13009793554116028,0.14147941847614995,0.10752020488784221,1.315840298330269,0.19999999999999998,0.10665172482690921,10
obi_abs,fwd_mid_60s,345339,20,0.1133180020526276,-0.05705896569812147,0.03531406765146553,0.19252433536938973,0.18342651376362193,-0.33333333333333326,0.10665172482690921,10
obi_abs,fwd_micro_60s,345339,20,0.08664760129832712,0.08301712896031313,0.1568046537886239,0.2108066082359316,0.7438317759618356,-0.2606060606060606,0.10665172482690921,10
obi_sign,fwd_mid_100ms,345339,0,NaN,0.010325751464282235,NaN,NaN,NaN,0.7999999999999999,0.4960632885367711,4
obi_sign,fwd_micro_100ms,345339,0,NaN,-0.08625219291984822,NaN,NaN,NaN,-1.0,0.4960632885367711,4
obi_sign,fwd_mid_300ms,345339,0,NaN,0.02558710993610118,NaN,NaN,NaN,0.39999999999999997,0.4960632885367711,4
obi_sign,fwd_micro_300ms,345339,0,NaN,-0.19337706946244612,NaN,NaN,NaN,-0.7999999999999999,0.4960632885367711,4
obi_sign,fwd_mid_500ms,345339,0,NaN,0.03530775651101156,NaN,NaN,NaN,1.0,0.4960632885367711,4
obi_sign,fwd_micro_500ms,345339,0,NaN,-0.2530083520781269,NaN,NaN,NaN,-1.0,0.4960632885367711,4
obi_sign,fwd_mid_1s,345339,0,NaN,0.053374814372812635,NaN,NaN,NaN,1.0,0.4960632885367711,4
obi_sign,fwd_micro_1s,345339,0,NaN,-0.30063037288452327,NaN,NaN,NaN,-1.0,0.4960632885367711,4
obi_sign,fwd_mid_3s,345339,0,NaN,0.10484878446811684,NaN,NaN,NaN,1.0,0.4960632885367711,4
obi_sign,fwd_micro_3s,345339,0,NaN,-0.3503934423603957,NaN,NaN,NaN,-1.0,0.4960632885367711,4
obi_sign,fwd_mid_5s,345339,0,NaN,0.13128472277506004,NaN,NaN,NaN,0.7999999999999999,0.4960632885367711,4
obi_sign,fwd_micro_5s,345339,0,NaN,-0.3817531617617806,NaN,NaN,NaN,-1.0,0.4960632885367711,4
obi_sign,fwd_mid_10s,345339,0,NaN,0.19001619656170887,NaN,NaN,NaN,1.0,0.4960632885367711,4
obi_sign,fwd_micro_10s,345339,0,NaN,-0.39329606682491847,NaN,NaN,NaN,-1.0,0.4960632885367711,4
obi_sign,fwd_mid_30s,345339,0,NaN,0.3207872489983406,NaN,NaN,NaN,1.0,0.4960632885367711,4
obi_sign,fwd_micro_30s,345339,0,NaN,-0.3222375890734292,NaN,NaN,NaN,-0.7999999999999999,0.4960632885367711,4
obi_sign,fwd_mid_60s,345339,0,NaN,0.4381747641297485,NaN,NaN,NaN,0.39999999999999997,0.4960632885367711,4
obi_sign,fwd_micro_60s,345339,0,NaN,-0.23033662083286705,NaN,NaN,NaN,-0.6000000000000001,0.4960632885367711,4
obi_near_deep,fwd_mid_100ms,345339,20,0.019921312346648644,-0.020945897762946794,-0.0415636486705238,0.006961596756320953,-5.970418874489543,-0.5878787878787878,0.10667199476456467,10
obi_near_deep,fwd_micro_100ms,345339,20,0.16968227236951564,-0.15693591023872344,-0.33141380506056783,0.04267064718873452,-7.766786465522942,-0.9999999999999999,0.10667199476456467,10
obi_near_deep,fwd_mid_300ms,345339,20,0.04876652745011868,-0.04927809537040087,-0.09863832804755003,0.016085102424841288,-6.132278517245643,-0.7575757575757575,0.10667199476456467,10
obi_near_deep,fwd_micro_300ms,345339,20,0.3591783570190755,-0.34909768283751547,-0.7179108311560157,0.08976406556879836,-7.9977530719771535,-0.9999999999999999,0.10667199476456467,10
obi_near_deep,fwd_mid_500ms,345339,20,0.06297192446092108,-0.06924275608311005,-0.13134847499796196,0.02142388487253806,-6.130936372157664,-0.7818181818181817,0.10667199476456467,10
obi_near_deep,fwd_micro_500ms,345339,20,0.45719676520167307,-0.4640307178182117,-0.9349859007998678,0.11174754954952892,-8.366947683138786,-0.9999999999999999,0.10667199476456467,10
obi_near_deep,fwd_mid_1s,345339,20,0.09618154160162737,-0.11244133956498635,-0.20629865917659523,0.030758045008408782,-6.707144720030038,-0.8181818181818182,0.10667199476456467,10
obi_near_deep,fwd_micro_1s,345339,20,0.5812305769002944,-0.5859875137655454,-1.1924752312175468,0.13427563778123722,-8.880801096326465,-0.9999999999999999,0.10667199476456467,10
obi_near_deep,fwd_mid_3s,345339,20,0.16267373831801724,-0.19230575265069194,-0.3561060625422393,0.05453973974638665,-6.529295229463062,-0.9151515151515152,0.10667199476456467,10
obi_near_deep,fwd_micro_3s,345339,20,0.7713434096940527,-0.791493086221774,-1.6058006797415363,0.1852398854120425,-8.668763080746015,-0.9999999999999999,0.10667199476456467,10
obi_near_deep,fwd_mid_5s,345339,20,0.20584737998626887,-0.23716301106805235,-0.44524477240956106,0.07282067457292454,-6.114263222921414,-0.9151515151515152,0.10667199476456467,10
obi_near_deep,fwd_micro_5s,345339,20,0.8700545050506421,-0.943846643961122,-1.8317877264994749,0.21159947384072159,-8.65686333359376,-0.9999999999999999,0.10667199476456467,10
obi_near_deep,fwd_mid_10s,345339,20,0.277231603279823,-0.32547645350992294,-0.6075832388089778,0.10793963001479084,-5.628917189411538,-0.9272727272727272,0.10667199476456467,10
obi_near_deep,fwd_micro_10s,345339,20,1.0091340592987759,-1.1204578137708707,-2.1479809254617015,0.2492857539469632,-8.616541023514305,-0.9999999999999999,0.10667199476456467,10
obi_near_deep,fwd_mid_30s,345339,20,0.4336361044553823,-0.5009909249802588,-0.9448243089850171,0.18161354084385797,-5.202389120298737,-0.9515151515151514,0.10667199476456467,10
obi_near_deep,fwd_micro_30s,345339,20,1.1944253127820474,-1.311593033775306,-2.539387983790231,0.30534985039343976,-8.316322999727227,-0.9999999999999999,0.10667199476456467,10
obi_near_deep,fwd_mid_60s,345339,20,0.5894313466564282,-0.577176838963904,-1.1707904161210343,0.22691508115305392,-5.159597194561686,-0.9515151515151514,0.10667199476456467,10
obi_near_deep,fwd_micro_60s,345339,20,1.3597685617863289,-1.4018424229487223,-2.784511241692608,0.3456569073014379,-8.055708371145936,-0.9999999999999999,0.10667199476456467,10
d_obi,fwd_mid_100ms,345339,20,-0.022586699124996407,0.01563402018790006,0.03468752269394583,0.005908787879328197,5.870497198807829,0.9272727272727272,0.1912497574846745,10
d_obi,fwd_micro_100ms,345339,20,0.17844247513423922,-0.17716818689343947,-0.3648698632126002,0.03678735177021259,-9.918350891135418,-0.8060606060606059,0.1912497574846745,10
d_obi,fwd_mid_300ms,345339,20,-0.04604228631947333,0.04205256339963157,0.08735775786016602,0.011872350458162352,7.358084497927429,0.9878787878787878,0.1912497574846745,10
d_obi,fwd_micro_300ms,345339,20,0.3902256181469575,-0.38539560877491724,-0.786156895413892,0.07768310090485524,-10.120050387493695,-0.8909090909090909,0.1912497574846745,10
d_obi,fwd_mid_500ms,345339,20,-0.05816242153825396,0.054698666078888986,0.11248992892521101,0.017772722169659905,6.329358432060809,0.9151515151515152,0.1912497574846745,10
d_obi,fwd_micro_500ms,345339,20,0.5243883548084874,-0.49732013985765716,-1.0559272775936202,0.11902184654820722,-8.871709759316662,-0.8787878787878788,0.1912497574846745,10
d_obi,fwd_mid_1s,345339,20,-0.0817230158137366,0.07736984240699463,0.1604400731551936,0.027759370249232397,5.779672655204781,0.8545454545454544,0.1912497574846745,10
d_obi,fwd_micro_1s,345339,20,0.6175799299286302,-0.5624647268064537,-1.2224498576882454,0.13954081837837182,-8.760518046938154,-0.8424242424242423,0.1912497574846745,10
d_obi,fwd_mid_3s,345339,20,-0.09228874020787073,0.1166426835683295,0.2275837563734128,0.050056015254023555,4.546581569037687,0.8666666666666665,0.1912497574846745,10
d_obi,fwd_micro_3s,345339,20,0.6881044249767473,-0.5967780080400767,-1.3218290955913168,0.16773171736390202,-7.880615046249988,-0.8909090909090909,0.1912497574846745,10
d_obi,fwd_mid_5s,345339,20,-0.08059199081481434,0.11494998382721949,0.22402486677545955,0.05708230682776536,3.9245937879036763,0.9999999999999999,0.1912497574846745,10
d_obi,fwd_micro_5s,345339,20,0.7327503458106889,-0.6289002297390124,-1.4035877689380853,0.1741142775038125,-8.061301973971386,-0.9151515151515152,0.1912497574846745,10
d_obi,fwd_mid_10s,345339,20,-0.06579259238899075,0.14999915202346903,0.2670340981437219,0.07141325557938827,3.7392791573108863,0.8424242424242423,0.1912497574846745,10
d_obi,fwd_micro_10s,345339,20,0.7759298118850617,-0.621434078715229,-1.431452510672451,0.18434913585509605,-7.764899488314475,-0.8909090909090909,0.1912497574846745,10
d_obi,fwd_mid_30s,345339,20,0.034033169883232205,0.15284121969052847,0.16301676455514644,0.11176898298867277,1.4585152355879214,0.6121212121212121,0.1912497574846745,10
d_obi,fwd_micro_30s,345339,20,0.8315058870764119,-0.6305994310012648,-1.5071614852715125,0.1763947160802672,-8.544255285887868,-0.6727272727272726,0.1912497574846745,10
d_obi,fwd_mid_60s,345339,20,0.09890780040825739,0.26542770607115007,0.22378935251047544,0.17179465178647912,1.3026561082275117,0.19999999999999998,0.1912497574846745,10
d_obi,fwd_micro_60s,345339,20,0.900536001449207,-0.5230031803204884,-1.4557854217841275,0.21813106146530736,-6.673902432807181,-0.6363636363636362,0.1912497574846745,10
obi_vel,fwd_mid_100ms,345339,20,-0.022586699124996407,0.01563402018790006,0.03468752269394583,0.005908787879328197,5.870497198807829,0.9272727272727272,0.1912497574846745,10
obi_vel,fwd_micro_100ms,345339,20,0.17844247513423922,-0.17716818689343947,-0.3648698632126002,0.03678735177021259,-9.918350891135418,-0.8060606060606059,0.1912497574846745,10
obi_vel,fwd_mid_300ms,345339,20,-0.04604228631947333,0.04205256339963157,0.08735775786016602,0.011872350458162352,7.358084497927429,0.9878787878787878,0.1912497574846745,10
obi_vel,fwd_micro_300ms,345339,20,0.3902256181469575,-0.38539560877491724,-0.786156895413892,0.07768310090485524,-10.120050387493695,-0.8909090909090909,0.1912497574846745,10
obi_vel,fwd_mid_500ms,345339,20,-0.05816242153825396,0.054698666078888986,0.11248992892521101,0.017772722169659905,6.329358432060809,0.9151515151515152,0.1912497574846745,10
obi_vel,fwd_micro_500ms,345339,20,0.5243883548084874,-0.49732013985765716,-1.0559272775936202,0.11902184654820722,-8.871709759316662,-0.8787878787878788,0.1912497574846745,10
obi_vel,fwd_mid_1s,345339,20,-0.0817230158137366,0.07736984240699463,0.1604400731551936,0.027759370249232397,5.779672655204781,0.8545454545454544,0.1912497574846745,10
obi_vel,fwd_micro_1s,345339,20,0.6175799299286302,-0.5624647268064537,-1.2224498576882454,0.13954081837837182,-8.760518046938154,-0.8424242424242423,0.1912497574846745,10
obi_vel,fwd_mid_3s,345339,20,-0.09228874020787073,0.1166426835683295,0.2275837563734128,0.050056015254023555,4.546581569037687,0.8666666666666665,0.1912497574846745,10
obi_vel,fwd_micro_3s,345339,20,0.6881044249767473,-0.5967780080400767,-1.3218290955913168,0.16773171736390202,-7.880615046249988,-0.8909090909090909,0.1912497574846745,10
obi_vel,fwd_mid_5s,345339,20,-0.08059199081481434,0.11494998382721949,0.22402486677545955,0.05708230682776536,3.9245937879036763,0.9999999999999999,0.1912497574846745,10
obi_vel,fwd_micro_5s,345339,20,0.7327503458106889,-0.6289002297390124,-1.4035877689380853,0.1741142775038125,-8.061301973971386,-0.9151515151515152,0.1912497574846745,10
obi_vel,fwd_mid_10s,345339,20,-0.06579259238899075,0.14999915202346903,0.2670340981437219,0.07141325557938827,3.7392791573108863,0.8424242424242423,0.1912497574846745,10
obi_vel,fwd_micro_10s,345339,20,0.7759298118850617,-0.621434078715229,-1.431452510672451,0.18434913585509605,-7.764899488314475,-0.8909090909090909,0.1912497574846745,10
obi_vel,fwd_mid_30s,345339,20,0.034033169883232205,0.15284121969052847,0.16301676455514644,0.11176898298867277,1.4585152355879214,0.6121212121212121,0.1912497574846745,10
obi_vel,fwd_micro_30s,345339,20,0.8315058870764119,-0.6305994310012648,-1.5071614852715125,0.1763947160802672,-8.544255285887868,-0.6727272727272726,0.1912497574846745,10
obi_vel,fwd_mid_60s,345339,20,0.09890780040825739,0.26542770607115007,0.22378935251047544,0.17179465178647912,1.3026561082275117,0.19999999999999998,0.1912497574846745,10
obi_vel,fwd_micro_60s,345339,20,0.900536001449207,-0.5230031803204884,-1.4557854217841275,0.21813106146530736,-6.673902432807181,-0.6363636363636362,0.1912497574846745,10
obi_acc,fwd_mid_100ms,345339,20,-0.014378146878788087,0.009805970028246791,0.020391637990362522,0.004394515792574891,4.640246833295459,0.9151515151515152,0.15610458129548066,10
obi_acc,fwd_micro_100ms,345339,20,0.10185231539767803,-0.10281512858596953,-0.2093371485147672,0.017717860765394555,-11.815035194521437,-0.8181818181818182,0.15610458129548066,10
obi_acc,fwd_mid_300ms,345339,20,-0.03254384152308713,0.022634551138224053,0.054814225569728224,0.01026489907342764,5.339967317518373,0.7939393939393938,0.15610458129548066,10
obi_acc,fwd_micro_300ms,345339,20,0.2150201936184447,-0.2151608164577523,-0.4387281947333218,0.03924430851700878,-11.179409481585685,-0.8424242424242423,0.15610458129548066,10
obi_acc,fwd_mid_500ms,345339,20,-0.034877590149449814,0.025168547373950356,0.06352218679817734,0.014066760081558646,4.5157652814064955,0.709090909090909,0.15610458129548066,10
obi_acc,fwd_micro_500ms,345339,20,0.26957581482706117,-0.2800246866954417,-0.5752227439088935,0.05868937131452076,-9.801139985402664,-0.8666666666666665,0.15610458129548066,10
obi_acc,fwd_mid_1s,345339,20,-0.04313963519487463,0.04241675578403712,0.09486763439140619,0.02190682764920791,4.330505352509876,0.5393939393939393,0.15610458129548066,10
obi_acc,fwd_micro_1s,345339,20,0.3142747121226801,-0.2999206035110116,-0.6383909153003974,0.06758863585104008,-9.445240420406762,-0.9151515151515152,0.15610458129548066,10
obi_acc,fwd_mid_3s,345339,20,-0.022885191819672177,0.05345709991116349,0.1005668209516879,0.040620070173616775,2.47579141350197,0.6363636363636362,0.15610458129548066,10
obi_acc,fwd_micro_3s,345339,20,0.35223218249198995,-0.3072476831578096,-0.6764741451910876,0.08180822480891056,-8.269023643664323,-0.7818181818181817,0.15610458129548066,10
obi_acc,fwd_mid_5s,345339,20,-0.023448871033005088,0.03983706850114637,0.08728697294651247,0.04267198017697422,2.0455336870823837,0.4545454545454545,0.15610458129548066,10
obi_acc,fwd_micro_5s,345339,20,0.3634094694454506,-0.32274255271535424,-0.7182434485647058,0.08497790285280024,-8.452120191867477,-0.9636363636363635,0.15610458129548066,10
obi_acc,fwd_mid_10s,345339,20,-0.012586285990693722,0.06238400794911107,0.13036284373108714,0.056749748686908776,2.297152793579854,0.18787878787878787,0.15610458129548066,10
obi_acc,fwd_micro_10s,345339,20,0.38286429710428843,-0.31209893168574143,-0.6928478642795817,0.08388527715649428,-8.259469215164206,-0.9636363636363635,0.15610458129548066,10
obi_acc,fwd_mid_30s,345339,20,0.06814796572030461,0.0719082460645765,0.11717276095429696,0.12379038428907195,0.9465417013382744,-0.4424242424242424,0.15610458129548066,10
obi_acc,fwd_micro_30s,345339,20,0.45130104519548064,-0.30236845055631834,-0.7004645941291513,0.1352489407484422,-5.179076377625672,-0.8787878787878788,0.15610458129548066,10
obi_acc,fwd_mid_60s,345339,20,0.28302644750881284,0.19957954102827624,0.04205155493701309,0.17265261449211045,0.24356164579792497,-0.34545454545454546,0.15610458129548066,10
obi_acc,fwd_micro_60s,345339,20,0.6716114860640641,-0.17761987401704185,-0.7933814601164784,0.1735103586829486,-4.572530805300251,-0.8060606060606059,0.15610458129548066,10
obi_persist,fwd_mid_100ms,345339,1,-0.005773838043854403,-0.0006392024221852104,NaN,NaN,NaN,0.8181818181818182,0.1977129718913879,10
obi_persist,fwd_micro_100ms,345339,1,-0.007941759978340401,-0.0015341441343951928,NaN,NaN,NaN,0.4545454545454545,0.1977129718913879,10
obi_persist,fwd_mid_300ms,345339,1,0.006114300715460934,0.001145044568453991,NaN,NaN,NaN,0.23636363636363633,0.1977129718913879,10
obi_persist,fwd_micro_300ms,345339,1,0.016152166691904852,0.001485292673090556,NaN,NaN,NaN,-0.2606060606060606,0.1977129718913879,10
obi_persist,fwd_mid_500ms,345339,1,0.00427444863396736,0.0008362217492402726,NaN,NaN,NaN,0.05454545454545454,0.1977129718913879,10
obi_persist,fwd_micro_500ms,345339,1,-0.006387903974140536,0.006802091544393164,NaN,NaN,NaN,0.18787878787878787,0.1977129718913879,10
obi_persist,fwd_mid_1s,345339,1,0.021973273628704958,-0.008867358767949297,NaN,NaN,NaN,-0.43030303030303024,0.1977129718913879,10
obi_persist,fwd_micro_1s,345339,1,0.02602264760093146,0.002428073245010783,NaN,NaN,NaN,-0.6848484848484848,0.1977129718913879,10
obi_persist,fwd_mid_3s,345339,1,0.02265022954272541,0.012201550353180683,NaN,NaN,NaN,-0.5030303030303029,0.1977129718913879,10
obi_persist,fwd_micro_3s,345339,1,0.02103745901403507,0.03263998748269094,NaN,NaN,NaN,-0.33333333333333326,0.1977129718913879,10
obi_persist,fwd_mid_5s,345339,1,0.043142252238370316,0.014247751920158138,NaN,NaN,NaN,-0.17575757575757575,0.1977129718913879,10
obi_persist,fwd_micro_5s,345339,1,0.06580924268021343,0.009875758253655468,NaN,NaN,NaN,-0.5272727272727272,0.1977129718913879,10
obi_persist,fwd_mid_10s,345339,1,-0.02055207521751066,0.012301371894232358,NaN,NaN,NaN,-0.16363636363636364,0.1977129718913879,10
obi_persist,fwd_micro_10s,345339,1,0.00348500583577261,0.030733832839976584,NaN,NaN,NaN,-0.32121212121212117,0.1977129718913879,10
obi_persist,fwd_mid_30s,345339,1,0.05805792660792355,-0.013552846510983589,NaN,NaN,NaN,-0.6848484848484848,0.1977129718913879,10
obi_persist,fwd_micro_30s,345339,1,0.11553534766594527,0.018547742704378024,NaN,NaN,NaN,-0.5393939393939393,0.1977129718913879,10
obi_persist,fwd_mid_60s,345339,1,0.3994329600859862,-0.061408644935414786,NaN,NaN,NaN,-0.8545454545454544,0.1977129718913879,10
obi_persist,fwd_micro_60s,345339,1,0.4480403230148355,-0.023493419426295233,NaN,NaN,NaN,-0.8545454545454544,0.1977129718913879,10
obi_streak,fwd_mid_100ms,345339,1,-0.005773838043854403,-0.0006392024221852104,NaN,NaN,NaN,0.8181818181818182,0.1977129718913879,10
obi_streak,fwd_micro_100ms,345339,1,-0.007941759978340401,-0.0015341441343951928,NaN,NaN,NaN,0.4545454545454545,0.1977129718913879,10
obi_streak,fwd_mid_300ms,345339,1,0.006114300715460934,0.001145044568453991,NaN,NaN,NaN,0.23636363636363633,0.1977129718913879,10
obi_streak,fwd_micro_300ms,345339,1,0.016152166691904852,0.001485292673090556,NaN,NaN,NaN,-0.2606060606060606,0.1977129718913879,10
obi_streak,fwd_mid_500ms,345339,1,0.00427444863396736,0.0008362217492402726,NaN,NaN,NaN,0.05454545454545454,0.1977129718913879,10
obi_streak,fwd_micro_500ms,345339,1,-0.006387903974140536,0.006802091544393164,NaN,NaN,NaN,0.18787878787878787,0.1977129718913879,10
obi_streak,fwd_mid_1s,345339,1,0.021973273628704958,-0.008867358767949297,NaN,NaN,NaN,-0.43030303030303024,0.1977129718913879,10
obi_streak,fwd_micro_1s,345339,1,0.02602264760093146,0.002428073245010783,NaN,NaN,NaN,-0.6848484848484848,0.1977129718913879,10
obi_streak,fwd_mid_3s,345339,1,0.02265022954272541,0.012201550353180683,NaN,NaN,NaN,-0.5030303030303029,0.1977129718913879,10
obi_streak,fwd_micro_3s,345339,1,0.02103745901403507,0.03263998748269094,NaN,NaN,NaN,-0.33333333333333326,0.1977129718913879,10
obi_streak,fwd_mid_5s,345339,1,0.043142252238370316,0.014247751920158138,NaN,NaN,NaN,-0.17575757575757575,0.1977129718913879,10
obi_streak,fwd_micro_5s,345339,1,0.06580924268021343,0.009875758253655468,NaN,NaN,NaN,-0.5272727272727272,0.1977129718913879,10
obi_streak,fwd_mid_10s,345339,1,-0.02055207521751066,0.012301371894232358,NaN,NaN,NaN,-0.16363636363636364,0.1977129718913879,10
obi_streak,fwd_micro_10s,345339,1,0.00348500583577261,0.030733832839976584,NaN,NaN,NaN,-0.32121212121212117,0.1977129718913879,10
obi_streak,fwd_mid_30s,345339,1,0.05805792660792355,-0.013552846510983589,NaN,NaN,NaN,-0.6848484848484848,0.1977129718913879,10
obi_streak,fwd_micro_30s,345339,1,0.11553534766594527,0.018547742704378024,NaN,NaN,NaN,-0.5393939393939393,0.1977129718913879,10
obi_streak,fwd_mid_60s,345339,1,0.3994329600859862,-0.061408644935414786,NaN,NaN,NaN,-0.8545454545454544,0.1977129718913879,10
obi_streak,fwd_micro_60s,345339,1,0.4480403230148355,-0.023493419426295233,NaN,NaN,NaN,-0.8545454545454544,0.1977129718913879,10
qb1,fwd_mid_100ms,345339,20,-0.020533525905941544,0.005054552811682404,0.04210207168409737,0.010564742142672558,3.9851490093677597,0.6969696969696969,0.14409319538192905,10
qb1,fwd_micro_100ms,345339,20,0.05891297252144726,-0.08513162680640556,-0.17833453745867642,0.031655757878500015,-5.633557665659233,-0.9757575757575757,0.14409319538192905,10
qb1,fwd_mid_300ms,345339,20,-0.04747462614986018,0.012728684288020813,0.09288868642905475,0.020474151296897208,4.536876038575125,0.6363636363636362,0.14409319538192905,10
qb1,fwd_micro_300ms,345339,20,0.12178113603801652,-0.19209362818436862,-0.3777612289571508,0.056036266412195834,-6.741370422118883,-0.9878787878787878,0.14409319538192905,10
qb1,fwd_mid_500ms,345339,20,-0.06697819867571198,0.014869898498553033,0.11972143387741326,0.027154102717563116,4.408962988859069,0.6363636363636362,0.14409319538192905,10
qb1,fwd_micro_500ms,345339,20,0.17964337012960602,-0.25049090384992456,-0.495802366383643,0.07485714711879557,-6.623313677674927,-0.9878787878787878,0.14409319538192905,10
qb1,fwd_mid_1s,345339,20,-0.11010782839515504,0.014632979909475922,0.17869300587684253,0.0388435935268415,4.600321176601826,0.6848484848484848,0.14409319538192905,10
qb1,fwd_micro_1s,345339,20,0.20995819798601026,-0.31643786187533,-0.5968746179039508,0.0995186003153152,-5.997618696533215,-0.9878787878787878,0.14409319538192905,10
qb1,fwd_mid_3s,345339,20,-0.1905971571136156,0.058884552349508464,0.3550445331222318,0.07233024740111325,4.908659183111921,0.8303030303030302,0.14409319538192905,10
qb1,fwd_micro_3s,345339,20,0.23323129640509163,-0.35374909783110575,-0.6398192524899617,0.11233203633951988,-5.695786111774286,-0.9757575757575757,0.14409319538192905,10
qb1,fwd_mid_5s,345339,20,-0.21527230292301575,0.0989576292244912,0.4559907986748926,0.08338302846324101,5.46862841370548,0.8060606060606059,0.14409319538192905,10
qb1,fwd_micro_5s,345339,20,0.19610548469418806,-0.35501257357656235,-0.6260445687742218,0.11723228741334513,-5.340206035278264,-0.9515151515151514,0.14409319538192905,10
qb1,fwd_mid_10s,345339,20,-0.2866538887026367,0.1497503984221402,0.6851202035217858,0.1363109362760211,5.026157271302578,0.8060606060606059,0.14409319538192905,10
qb1,fwd_micro_10s,345339,20,0.18629502421449673,-0.3577654906325261,-0.5359027463272545,0.13319904469668326,-4.023322746402542,-0.9393939393939393,0.14409319538192905,10
qb1,fwd_mid_30s,345339,20,-0.30647946302623413,0.3430700075258459,1.0628872555522106,0.19279652225531443,5.51300014709115,0.8787878787878788,0.14409319538192905,10
qb1,fwd_micro_30s,345339,20,0.21565004597476428,-0.2354823349534242,-0.28654719969960507,0.15821360557367603,-1.811141327957205,-0.8787878787878788,0.14409319538192905,10
qb1,fwd_mid_60s,345339,20,-0.2987970356241815,0.38720810355048346,1.226276942076121,0.25242831273993016,4.857921557077949,0.8060606060606059,0.14409319538192905,10
qb1,fwd_micro_60s,345339,20,0.24481170837716695,-0.2217593466234605,-0.1990735820309273,0.2348763920332854,-0.8475674388029414,-0.6848484848484848,0.14409319538192905,10
qa1,fwd_mid_100ms,345339,20,0.02180021882874175,-0.006923950483041809,-0.04132650386396602,0.008541520671360865,-4.83830753960837,-0.7939393939393938,0.13495145349931517,10
qa1,fwd_micro_100ms,345339,20,-0.061192053859919646,0.08230642327958153,0.1445261396755691,0.01873877337735579,7.712678773852755,0.9636363636363635,0.13495145349931517,10
qa1,fwd_mid_300ms,345339,20,0.05564952050542159,-0.023358836273279608,-0.10553068666024909,0.01846790849966329,-5.714273853055593,-0.7575757575757575,0.13495145349931517,10
qa1,fwd_micro_300ms,345339,20,-0.1345162247302559,0.1899458647512774,0.33090447071738704,0.04572865855432273,7.236260174225177,0.9757575757575757,0.13495145349931517,10
qa1,fwd_mid_500ms,345339,20,0.07443640322395556,-0.0345953909849759,-0.14407828542633044,0.023095204664559423,-6.238450254888831,-0.7818181818181817,0.13495145349931517,10
qa1,fwd_micro_500ms,345339,20,-0.18022412324156017,0.25754431854508564,0.43989828218436244,0.06048527176030261,7.27281649535506,0.9878787878787878,0.13495145349931517,10
qa1,fwd_mid_1s,345339,20,0.10924110805962085,-0.04476619215033278,-0.2024268520709238,0.033949306105137626,-5.96262119302315,-0.6363636363636362,0.13495145349931517,10
qa1,fwd_micro_1s,345339,20,-0.2033025408200251,0.3168622539561821,0.5174013030441083,0.06908550444588855,7.489288920939479,0.9878787878787878,0.13495145349931517,10
qa1,fwd_mid_3s,345339,20,0.1887127440692703,-0.09125508859231957,-0.3668174950967652,0.053165218220725084,-6.899576591106155,-0.7212121212121211,0.13495145349931517,10
qa1,fwd_micro_3s,345339,20,-0.21772093139972548,0.3838652068511345,0.5787753572088365,0.07743992627137487,7.473862451529436,0.9757575757575757,0.13495145349931517,10
qa1,fwd_mid_5s,345339,20,0.24270759338740472,-0.1230752597647749,-0.446734901648209,0.058928301585765064,-7.580990621255643,-0.7212121212121211,0.13495145349931517,10
qa1,fwd_micro_5s,345339,20,-0.284435436663778,0.40083832366170086,0.6242741220493259,0.08662902753235502,7.206292623060627,0.9636363636363635,0.13495145349931517,10
qa1,fwd_mid_10s,345339,20,0.3348911206435804,-0.2049217731825353,-0.6492895264786005,0.08134164170430748,-7.982252544630128,-0.6727272727272726,0.13495145349931517,10
qa1,fwd_micro_10s,345339,20,-0.282638528595982,0.4062636865455578,0.5902378890310335,0.09483219447673454,6.2240243652258656,0.9515151515151514,0.13495145349931517,10
qa1,fwd_mid_30s,345339,20,0.5037043283624774,-0.3472909657273194,-0.9850754470222478,0.12984960148603125,-7.586280094423075,-0.6363636363636362,0.13495145349931517,10
qa1,fwd_micro_30s,345339,20,-0.1466857662108395,0.3331779087337273,0.39024469000855905,0.11686548112564135,3.3392639661407753,0.9151515151515152,0.13495145349931517,10
qa1,fwd_mid_60s,345339,20,0.6239302975732168,-0.4205235868467466,-1.207749933049654,0.1807529731812671,-6.681770771418895,-0.5757575757575757,0.13495145349931517,10
qa1,fwd_micro_60s,345339,20,-0.05460499911637726,0.30417129756498734,0.23570831765124128,0.1695086355359622,1.3905386997303417,0.8181818181818182,0.13495145349931517,10
cum_b1,fwd_mid_100ms,345339,20,-0.020533525905941544,0.005054552811682404,0.04210207168409737,0.010564742142672558,3.9851490093677597,0.6969696969696969,0.14409319538192905,10
cum_b1,fwd_micro_100ms,345339,20,0.05891297252144726,-0.08513162680640556,-0.17833453745867642,0.031655757878500015,-5.633557665659233,-0.9757575757575757,0.14409319538192905,10
cum_b1,fwd_mid_300ms,345339,20,-0.04747462614986018,0.012728684288020813,0.09288868642905475,0.020474151296897208,4.536876038575125,0.6363636363636362,0.14409319538192905,10
cum_b1,fwd_micro_300ms,345339,20,0.12178113603801652,-0.19209362818436862,-0.3777612289571508,0.056036266412195834,-6.741370422118883,-0.9878787878787878,0.14409319538192905,10
cum_b1,fwd_mid_500ms,345339,20,-0.06697819867571198,0.014869898498553033,0.11972143387741326,0.027154102717563116,4.408962988859069,0.6363636363636362,0.14409319538192905,10
cum_b1,fwd_micro_500ms,345339,20,0.17964337012960602,-0.25049090384992456,-0.495802366383643,0.07485714711879557,-6.623313677674927,-0.9878787878787878,0.14409319538192905,10
cum_b1,fwd_mid_1s,345339,20,-0.11010782839515504,0.014632979909475922,0.17869300587684253,0.0388435935268415,4.600321176601826,0.6848484848484848,0.14409319538192905,10
cum_b1,fwd_micro_1s,345339,20,0.20995819798601026,-0.31643786187533,-0.5968746179039508,0.0995186003153152,-5.997618696533215,-0.9878787878787878,0.14409319538192905,10
cum_b1,fwd_mid_3s,345339,20,-0.1905971571136156,0.058884552349508464,0.3550445331222318,0.07233024740111325,4.908659183111921,0.8303030303030302,0.14409319538192905,10
cum_b1,fwd_micro_3s,345339,20,0.23323129640509163,-0.35374909783110575,-0.6398192524899617,0.11233203633951988,-5.695786111774286,-0.9757575757575757,0.14409319538192905,10
cum_b1,fwd_mid_5s,345339,20,-0.21527230292301575,0.0989576292244912,0.4559907986748926,0.08338302846324101,5.46862841370548,0.8060606060606059,0.14409319538192905,10
cum_b1,fwd_micro_5s,345339,20,0.19610548469418806,-0.35501257357656235,-0.6260445687742218,0.11723228741334513,-5.340206035278264,-0.9515151515151514,0.14409319538192905,10
cum_b1,fwd_mid_10s,345339,20,-0.2866538887026367,0.1497503984221402,0.6851202035217858,0.1363109362760211,5.026157271302578,0.8060606060606059,0.14409319538192905,10
cum_b1,fwd_micro_10s,345339,20,0.18629502421449673,-0.3577654906325261,-0.5359027463272545,0.13319904469668326,-4.023322746402542,-0.9393939393939393,0.14409319538192905,10
cum_b1,fwd_mid_30s,345339,20,-0.30647946302623413,0.3430700075258459,1.0628872555522106,0.19279652225531443,5.51300014709115,0.8787878787878788,0.14409319538192905,10
cum_b1,fwd_micro_30s,345339,20,0.21565004597476428,-0.2354823349534242,-0.28654719969960507,0.15821360557367603,-1.811141327957205,-0.8787878787878788,0.14409319538192905,10
cum_b1,fwd_mid_60s,345339,20,-0.2987970356241815,0.38720810355048346,1.226276942076121,0.25242831273993016,4.857921557077949,0.8060606060606059,0.14409319538192905,10
cum_b1,fwd_micro_60s,345339,20,0.24481170837716695,-0.2217593466234605,-0.1990735820309273,0.2348763920332854,-0.8475674388029414,-0.6848484848484848,0.14409319538192905,10
cum_a1,fwd_mid_100ms,345339,20,0.02180021882874175,-0.006923950483041809,-0.04132650386396602,0.008541520671360865,-4.83830753960837,-0.7939393939393938,0.13495145349931517,10
cum_a1,fwd_micro_100ms,345339,20,-0.061192053859919646,0.08230642327958153,0.1445261396755691,0.01873877337735579,7.712678773852755,0.9636363636363635,0.13495145349931517,10
cum_a1,fwd_mid_300ms,345339,20,0.05564952050542159,-0.023358836273279608,-0.10553068666024909,0.01846790849966329,-5.714273853055593,-0.7575757575757575,0.13495145349931517,10
cum_a1,fwd_micro_300ms,345339,20,-0.1345162247302559,0.1899458647512774,0.33090447071738704,0.04572865855432273,7.236260174225177,0.9757575757575757,0.13495145349931517,10
cum_a1,fwd_mid_500ms,345339,20,0.07443640322395556,-0.0345953909849759,-0.14407828542633044,0.023095204664559423,-6.238450254888831,-0.7818181818181817,0.13495145349931517,10
cum_a1,fwd_micro_500ms,345339,20,-0.18022412324156017,0.25754431854508564,0.43989828218436244,0.06048527176030261,7.27281649535506,0.9878787878787878,0.13495145349931517,10
cum_a1,fwd_mid_1s,345339,20,0.10924110805962085,-0.04476619215033278,-0.2024268520709238,0.033949306105137626,-5.96262119302315,-0.6363636363636362,0.13495145349931517,10
cum_a1,fwd_micro_1s,345339,20,-0.2033025408200251,0.3168622539561821,0.5174013030441083,0.06908550444588855,7.489288920939479,0.9878787878787878,0.13495145349931517,10
cum_a1,fwd_mid_3s,345339,20,0.1887127440692703,-0.09125508859231957,-0.3668174950967652,0.053165218220725084,-6.899576591106155,-0.7212121212121211,0.13495145349931517,10
cum_a1,fwd_micro_3s,345339,20,-0.21772093139972548,0.3838652068511345,0.5787753572088365,0.07743992627137487,7.473862451529436,0.9757575757575757,0.13495145349931517,10
cum_a1,fwd_mid_5s,345339,20,0.24270759338740472,-0.1230752597647749,-0.446734901648209,0.058928301585765064,-7.580990621255643,-0.7212121212121211,0.13495145349931517,10
cum_a1,fwd_micro_5s,345339,20,-0.284435436663778,0.40083832366170086,0.6242741220493259,0.08662902753235502,7.206292623060627,0.9636363636363635,0.13495145349931517,10
cum_a1,fwd_mid_10s,345339,20,0.3348911206435804,-0.2049217731825353,-0.6492895264786005,0.08134164170430748,-7.982252544630128,-0.6727272727272726,0.13495145349931517,10
cum_a1,fwd_micro_10s,345339,20,-0.282638528595982,0.4062636865455578,0.5902378890310335,0.09483219447673454,6.2240243652258656,0.9515151515151514,0.13495145349931517,10
cum_a1,fwd_mid_30s,345339,20,0.5037043283624774,-0.3472909657273194,-0.9850754470222478,0.12984960148603125,-7.586280094423075,-0.6363636363636362,0.13495145349931517,10
cum_a1,fwd_micro_30s,345339,20,-0.1466857662108395,0.3331779087337273,0.39024469000855905,0.11686548112564135,3.3392639661407753,0.9151515151515152,0.13495145349931517,10
cum_a1,fwd_mid_60s,345339,20,0.6239302975732168,-0.4205235868467466,-1.207749933049654,0.1807529731812671,-6.681770771418895,-0.5757575757575757,0.13495145349931517,10
cum_a1,fwd_micro_60s,345339,20,-0.05460499911637726,0.30417129756498734,0.23570831765124128,0.1695086355359622,1.3905386997303417,0.8181818181818182,0.13495145349931517,10
qb2,fwd_mid_100ms,345339,0,NaN,0.02781512632951387,NaN,NaN,NaN,0.942857142857143,0.33200130885883145,6
qb2,fwd_micro_100ms,345339,0,NaN,0.04505881970207736,NaN,NaN,NaN,0.942857142857143,0.33200130885883145,6
qb2,fwd_mid_300ms,345339,0,NaN,0.06567735154675751,NaN,NaN,NaN,0.942857142857143,0.33200130885883145,6
qb2,fwd_micro_300ms,345339,0,NaN,0.09197129927585977,NaN,NaN,NaN,0.942857142857143,0.33200130885883145,6
qb2,fwd_mid_500ms,345339,0,NaN,0.09067292049597006,NaN,NaN,NaN,0.942857142857143,0.33200130885883145,6
qb2,fwd_micro_500ms,345339,0,NaN,0.1126313256755886,NaN,NaN,NaN,0.942857142857143,0.33200130885883145,6
qb2,fwd_mid_1s,345339,0,NaN,0.14502601822623895,NaN,NaN,NaN,0.942857142857143,0.33200130885883145,6
qb2,fwd_micro_1s,345339,0,NaN,0.1763649085289553,NaN,NaN,NaN,0.942857142857143,0.33200130885883145,6
qb2,fwd_mid_3s,345339,0,NaN,0.26289457678286876,NaN,NaN,NaN,0.942857142857143,0.33200130885883145,6
qb2,fwd_micro_3s,345339,0,NaN,0.29709452711536843,NaN,NaN,NaN,0.942857142857143,0.33200130885883145,6
qb2,fwd_mid_5s,345339,0,NaN,0.31500991235751513,NaN,NaN,NaN,0.942857142857143,0.33200130885883145,6
qb2,fwd_micro_5s,345339,0,NaN,0.35060039425105144,NaN,NaN,NaN,0.942857142857143,0.33200130885883145,6
qb2,fwd_mid_10s,345339,0,NaN,0.4104034778960307,NaN,NaN,NaN,0.942857142857143,0.33200130885883145,6
qb2,fwd_micro_10s,345339,0,NaN,0.42862466302621116,NaN,NaN,NaN,0.942857142857143,0.33200130885883145,6
qb2,fwd_mid_30s,345339,0,NaN,0.6435403277634071,NaN,NaN,NaN,0.942857142857143,0.33200130885883145,6
qb2,fwd_micro_30s,345339,0,NaN,0.656285988317323,NaN,NaN,NaN,0.942857142857143,0.33200130885883145,6
qb2,fwd_mid_60s,345339,0,NaN,0.8464367674940659,NaN,NaN,NaN,0.942857142857143,0.33200130885883145,6
qb2,fwd_micro_60s,345339,0,NaN,0.8271338622592513,NaN,NaN,NaN,0.942857142857143,0.33200130885883145,6
qa2,fwd_mid_100ms,345339,0,NaN,-0.02834128218132625,NaN,NaN,NaN,-1.0,0.4089662621366252,6
qa2,fwd_micro_100ms,345339,0,NaN,-0.04425999125616659,NaN,NaN,NaN,-0.942857142857143,0.4089662621366252,6
qa2,fwd_mid_300ms,345339,0,NaN,-0.06588921167308483,NaN,NaN,NaN,-1.0,0.4089662621366252,6
qa2,fwd_micro_300ms,345339,0,NaN,-0.09684143106636535,NaN,NaN,NaN,-0.942857142857143,0.4089662621366252,6
qa2,fwd_mid_500ms,345339,0,NaN,-0.09624896495857231,NaN,NaN,NaN,-1.0,0.4089662621366252,6
qa2,fwd_micro_500ms,345339,0,NaN,-0.13481538355911757,NaN,NaN,NaN,-0.8285714285714287,0.4089662621366252,6
qa2,fwd_mid_1s,345339,0,NaN,-0.14244472039114164,NaN,NaN,NaN,-1.0,0.4089662621366252,6
qa2,fwd_micro_1s,345339,0,NaN,-0.1891504344352014,NaN,NaN,NaN,-0.7714285714285715,0.4089662621366252,6
qa2,fwd_mid_3s,345339,0,NaN,-0.24894889428361616,NaN,NaN,NaN,-1.0,0.4089662621366252,6
qa2,fwd_micro_3s,345339,0,NaN,-0.30770717699395794,NaN,NaN,NaN,-1.0,0.4089662621366252,6
qa2,fwd_mid_5s,345339,0,NaN,-0.30565267720249756,NaN,NaN,NaN,-0.942857142857143,0.4089662621366252,6
qa2,fwd_micro_5s,345339,0,NaN,-0.38736054707077217,NaN,NaN,NaN,-0.8285714285714287,0.4089662621366252,6
qa2,fwd_mid_10s,345339,0,NaN,-0.39115579654676585,NaN,NaN,NaN,-0.7714285714285715,0.4089662621366252,6
qa2,fwd_micro_10s,345339,0,NaN,-0.4731346272045452,NaN,NaN,NaN,-0.8285714285714287,0.4089662621366252,6
qa2,fwd_mid_30s,345339,0,NaN,-0.5323300835598729,NaN,NaN,NaN,-0.7714285714285715,0.4089662621366252,6
qa2,fwd_micro_30s,345339,0,NaN,-0.577035908718498,NaN,NaN,NaN,-0.7714285714285715,0.4089662621366252,6
qa2,fwd_mid_60s,345339,0,NaN,-0.4281991586799992,NaN,NaN,NaN,-0.7714285714285715,0.4089662621366252,6
qa2,fwd_micro_60s,345339,0,NaN,-0.461283908512593,NaN,NaN,NaN,-0.7714285714285715,0.4089662621366252,6
cum_b2,fwd_mid_100ms,345339,20,-0.02585488838928524,0.014675574535354721,0.04805475360228815,0.008553824829826756,5.617925847010994,0.8909090909090909,0.12548539261421385,10
cum_b2,fwd_micro_100ms,345339,20,0.053051873710275206,-0.04019584832319837,-0.11114778615316319,0.019572276572643432,-5.678837908335952,-0.9757575757575757,0.12548539261421385,10
cum_b2,fwd_mid_300ms,345339,20,-0.058621212663120356,0.033617356703705734,0.11024865770214207,0.020165485325523504,5.467195850853144,0.9272727272727272,0.12548539261421385,10
cum_b2,fwd_micro_300ms,345339,20,0.12097323884493867,-0.0948471263888699,-0.24861050775001922,0.04277539289670023,-5.8119982287572975,-0.9757575757575757,0.12548539261421385,10
cum_b2,fwd_mid_500ms,345339,20,-0.07876161135153173,0.04399993857105059,0.14152604267100624,0.026693354020242793,5.301920566582999,0.9030303030303028,0.12548539261421385,10
cum_b2,fwd_micro_500ms,345339,20,0.16549543090528981,-0.1251247325861838,-0.3284442294265314,0.05613360595752362,-5.851115812425548,-0.9757575757575757,0.12548539261421385,10
cum_b2,fwd_mid_1s,345339,20,-0.13308192913956537,0.0598410972054549,0.22046904750541824,0.03857130477744887,5.715882539558731,0.9030303030303028,0.12548539261421385,10
cum_b2,fwd_micro_1s,345339,20,0.18203257094588113,-0.14719839665890871,-0.3698865821541246,0.07783112659335507,-4.752424876061143,-0.9878787878787878,0.12548539261421385,10
cum_b2,fwd_mid_3s,345339,20,-0.22728924207601367,0.1393328374210535,0.4261682820524227,0.06663563299815298,6.395501368828226,0.9393939393939393,0.12548539261421385,10
cum_b2,fwd_micro_3s,345339,20,0.1743510060222733,-0.12921814582619234,-0.33202921922840767,0.08389959188672025,-3.957459288678158,-0.9393939393939393,0.12548539261421385,10
cum_b2,fwd_mid_5s,345339,20,-0.2710039470334855,0.18369871907325108,0.5338490874485264,0.07698569817983943,6.934393011562345,0.9272727272727272,0.12548539261421385,10
cum_b2,fwd_micro_5s,345339,20,0.1463867212031738,-0.11644995548163271,-0.30278146135340467,0.09298295302848379,-3.2563115226148236,-0.7939393939393938,0.12548539261421385,10
cum_b2,fwd_mid_10s,345339,20,-0.364047407803263,0.2776059506197631,0.7759384901583126,0.11965234700174006,6.484941663091894,0.9030303030303028,0.12548539261421385,10
cum_b2,fwd_micro_10s,345339,20,0.11198874741247986,-0.0628340418320521,-0.16326885175501477,0.10185377895125641,-1.6029729425468782,-0.6606060606060605,0.12548539261421385,10
cum_b2,fwd_mid_30s,345339,20,-0.38518739132342056,0.5249036600433695,1.2404130860904208,0.22095338123011846,5.613913121331942,0.9393939393939393,0.12548539261421385,10
cum_b2,fwd_micro_30s,345339,20,0.13924536001529486,0.12811237876008602,0.1904908633139117,0.16365597534201973,1.1639713301992827,-0.06666666666666665,0.12548539261421385,10
cum_b2,fwd_mid_60s,345339,20,-0.3805656046242124,0.6375834769995963,1.673010262668517,0.4183036652543353,3.9995113637154005,0.9636363636363635,0.12548539261421385,10
cum_b2,fwd_micro_60s,345339,20,0.16266596217389154,0.20234737167274383,0.5541406284922508,0.35602870482616766,1.556449300240586,0.19999999999999998,0.12548539261421385,10
cum_a2,fwd_mid_100ms,345339,20,0.023429953170541248,-0.015647656769720252,-0.04631419011340636,0.008793147821327424,-5.267077394181088,-0.9151515151515152,0.12503366257503495,10
cum_a2,fwd_micro_100ms,345339,20,-0.05540671289254346,0.04690219424474079,0.10352816435898263,0.01592988306798079,6.498990853678969,0.9636363636363635,0.12503366257503495,10
cum_a2,fwd_mid_300ms,345339,20,0.05901456580387158,-0.04230240603899193,-0.11602275151340627,0.01986353421388176,-5.840992356351319,-0.9393939393939393,0.12503366257503495,10
cum_a2,fwd_micro_300ms,345339,20,-0.12247543578003861,0.10638637914755136,0.2388473703195059,0.039358684361935285,6.068479528510379,0.9878787878787878,0.12503366257503495,10
cum_a2,fwd_mid_500ms,345339,20,0.0785909006789111,-0.0636807187900046,-0.15964619217113424,0.0247131017326366,-6.45998199247901,-0.9393939393939393,0.12503366257503495,10
cum_a2,fwd_micro_500ms,345339,20,-0.16428197346014667,0.14312695208961682,0.31724487513764715,0.04937026606549357,6.425828751191997,0.9878787878787878,0.12503366257503495,10
cum_a2,fwd_mid_1s,345339,20,0.10557816631845804,-0.09224913667529609,-0.21924198795100702,0.03927593701077573,-5.582094397667862,-0.9393939393939393,0.12503366257503495,10
cum_a2,fwd_micro_1s,345339,20,-0.18950887559335283,0.1645939284986695,0.3596071939869261,0.05652043283971267,6.362428168353606,0.9515151515151514,0.12503366257503495,10
cum_a2,fwd_mid_3s,345339,20,0.20284047835697122,-0.17384351021772568,-0.41420540467351713,0.0612518588896844,-6.762331987662739,-0.8787878787878788,0.12503366257503495,10
cum_a2,fwd_micro_3s,345339,20,-0.17554367506079852,0.17004121121772797,0.33998949339840834,0.05916864166673714,5.746109490114261,0.9515151515151514,0.12503366257503495,10
cum_a2,fwd_mid_5s,345339,20,0.2495172427815045,-0.2269919895715463,-0.5179226537751451,0.0712521864795406,-7.268866814688723,-0.9151515151515152,0.12503366257503495,10
cum_a2,fwd_micro_5s,345339,20,-0.19899537608976547,0.14277275951834162,0.3251065385395665,0.06373283589039933,5.101083829042987,0.9393939393939393,0.12503366257503495,10
cum_a2,fwd_mid_10s,345339,20,0.3546749102781565,-0.3269333191957529,-0.7394155497381334,0.09549387737879475,-7.743067618933306,-0.9515151515151514,0.12503366257503495,10
cum_a2,fwd_micro_10s,345339,20,-0.17211151448415532,0.10449188646786767,0.24416334060006167,0.07291438597694097,3.3486305525123377,0.8424242424242423,0.12503366257503495,10
cum_a2,fwd_mid_30s,345339,20,0.49790586660055536,-0.5187395752413378,-1.0610450430357405,0.1528512349077586,-6.941684466442494,-0.9515151515151514,0.12503366257503495,10
cum_a2,fwd_micro_30s,345339,20,-0.07405934716284698,-0.019239089774142546,0.045322034347955356,0.1300033602161808,0.34862202232765344,0.4787878787878787,0.12503366257503495,10
cum_a2,fwd_mid_60s,345339,20,0.5531156118967883,-0.5598043025392684,-1.1591695781299212,0.2660299377784193,-4.35728996446788,-0.9636363636363635,0.12503366257503495,10
cum_a2,fwd_micro_60s,345339,20,-0.045671225954258515,-0.0339849554695647,-0.006288771887799425,0.2536361035854191,-0.024794466556223152,0.23636363636363633,0.12503366257503495,10
qb3,fwd_mid_100ms,345339,0,NaN,0.02922608377944518,NaN,NaN,NaN,1.0,0.4215538934206678,4
qb3,fwd_micro_100ms,345339,0,NaN,0.04471023349991994,NaN,NaN,NaN,1.0,0.4215538934206678,4
qb3,fwd_mid_300ms,345339,0,NaN,0.06469649492071289,NaN,NaN,NaN,1.0,0.4215538934206678,4
qb3,fwd_micro_300ms,345339,0,NaN,0.07808903640764692,NaN,NaN,NaN,1.0,0.4215538934206678,4
qb3,fwd_mid_500ms,345339,0,NaN,0.08653918031690375,NaN,NaN,NaN,1.0,0.4215538934206678,4
qb3,fwd_micro_500ms,345339,0,NaN,0.10251553546295096,NaN,NaN,NaN,0.7999999999999999,0.4215538934206678,4
qb3,fwd_mid_1s,345339,0,NaN,0.13289217689478802,NaN,NaN,NaN,0.7999999999999999,0.4215538934206678,4
qb3,fwd_micro_1s,345339,0,NaN,0.15696123542782087,NaN,NaN,NaN,0.7999999999999999,0.4215538934206678,4
qb3,fwd_mid_3s,345339,0,NaN,0.2270079977489982,NaN,NaN,NaN,1.0,0.4215538934206678,4
qb3,fwd_micro_3s,345339,0,NaN,0.25698793703534073,NaN,NaN,NaN,1.0,0.4215538934206678,4
qb3,fwd_mid_5s,345339,0,NaN,0.29335996542261195,NaN,NaN,NaN,0.7999999999999999,0.4215538934206678,4
qb3,fwd_micro_5s,345339,0,NaN,0.31869951886993947,NaN,NaN,NaN,0.7999999999999999,0.4215538934206678,4
qb3,fwd_mid_10s,345339,0,NaN,0.3697250865964728,NaN,NaN,NaN,0.7999999999999999,0.4215538934206678,4
qb3,fwd_micro_10s,345339,0,NaN,0.3899343296503911,NaN,NaN,NaN,0.7999999999999999,0.4215538934206678,4
qb3,fwd_mid_30s,345339,0,NaN,0.5476632020096519,NaN,NaN,NaN,0.7999999999999999,0.4215538934206678,4
qb3,fwd_micro_30s,345339,0,NaN,0.5614666000341897,NaN,NaN,NaN,0.7999999999999999,0.4215538934206678,4
qb3,fwd_mid_60s,345339,0,NaN,0.8623158382965193,NaN,NaN,NaN,0.7999999999999999,0.4215538934206678,4
qb3,fwd_micro_60s,345339,0,NaN,0.8448855508974249,NaN,NaN,NaN,0.7999999999999999,0.4215538934206678,4
qa3,fwd_mid_100ms,345339,0,NaN,-0.026015926339422422,NaN,NaN,NaN,-0.7,0.4987215460750161,5
qa3,fwd_micro_100ms,345339,0,NaN,-0.03441438436299508,NaN,NaN,NaN,-0.7,0.4987215460750161,5
qa3,fwd_mid_300ms,345339,0,NaN,-0.06105329056507325,NaN,NaN,NaN,-0.7,0.4987215460750161,5
qa3,fwd_micro_300ms,345339,0,NaN,-0.08372993453551687,NaN,NaN,NaN,-0.7,0.4987215460750161,5
qa3,fwd_mid_500ms,345339,0,NaN,-0.08466959747735359,NaN,NaN,NaN,-0.7,0.4987215460750161,5
qa3,fwd_micro_500ms,345339,0,NaN,-0.1177485836598084,NaN,NaN,NaN,-0.7999999999999999,0.4987215460750161,5
qa3,fwd_mid_1s,345339,0,NaN,-0.12283835431050757,NaN,NaN,NaN,-0.7,0.4987215460750161,5
qa3,fwd_micro_1s,345339,0,NaN,-0.15940127548691388,NaN,NaN,NaN,-0.49999999999999994,0.4987215460750161,5
qa3,fwd_mid_3s,345339,0,NaN,-0.22639046128958593,NaN,NaN,NaN,-0.7,0.4987215460750161,5
qa3,fwd_micro_3s,345339,0,NaN,-0.2679038111809981,NaN,NaN,NaN,-0.7,0.4987215460750161,5
qa3,fwd_mid_5s,345339,0,NaN,-0.25332140391868435,NaN,NaN,NaN,-0.8999999999999998,0.4987215460750161,5
qa3,fwd_micro_5s,345339,0,NaN,-0.32643665674284467,NaN,NaN,NaN,-0.8999999999999998,0.4987215460750161,5
qa3,fwd_mid_10s,345339,0,NaN,-0.30766491784976613,NaN,NaN,NaN,-0.8999999999999998,0.4987215460750161,5
qa3,fwd_micro_10s,345339,0,NaN,-0.38160201031836943,NaN,NaN,NaN,-0.8999999999999998,0.4987215460750161,5
qa3,fwd_mid_30s,345339,0,NaN,-0.2953055024208367,NaN,NaN,NaN,-0.7,0.4987215460750161,5
qa3,fwd_micro_30s,345339,0,NaN,-0.3648474964440538,NaN,NaN,NaN,-0.7,0.4987215460750161,5
qa3,fwd_mid_60s,345339,0,NaN,-0.22888266703365534,NaN,NaN,NaN,-0.7,0.4987215460750161,5
qa3,fwd_micro_60s,345339,0,NaN,-0.271844052267904,NaN,NaN,NaN,-0.7,0.4987215460750161,5
cum_b3,fwd_mid_100ms,345339,20,-0.029693574192227488,0.01754677683832445,0.05343233359036753,0.009319436844436929,5.733429442387713,0.9636363636363635,0.12851430044101592,10
cum_b3,fwd_micro_100ms,345339,20,0.04383707756545093,-0.024219256158120008,-0.08538513426977239,0.016643745721030206,-5.130163347898544,-0.9878787878787878,0.12851430044101592,10
cum_b3,fwd_mid_300ms,345339,20,-0.0640385305968035,0.04074452986330546,0.11966294413969936,0.02156229813265477,5.549637770682579,0.9393939393939393,0.12851430044101592,10
cum_b3,fwd_micro_300ms,345339,20,0.1049947200947468,-0.06265367280096819,-0.20191952618313538,0.038491815077777054,-5.245778245976039,-0.9757575757575757,0.12851430044101592,10
cum_b3,fwd_mid_500ms,345339,20,-0.0852386539939373,0.055173828827808795,0.15506270681515485,0.028970566698493867,5.352422285312642,0.9393939393939393,0.12851430044101592,10
cum_b3,fwd_micro_500ms,345339,20,0.14469833443984995,-0.08388158028456415,-0.26888082067987346,0.051256868366691175,-5.245752018174471,-0.9878787878787878,0.12851430044101592,10
cum_b3,fwd_mid_1s,345339,20,-0.1427873035743901,0.08386980513305146,0.252401531105491,0.04291513231333798,5.881410996536642,0.8787878787878788,0.12851430044101592,10
cum_b3,fwd_micro_1s,345339,20,0.15426451917583703,-0.07802158095744188,-0.27642542801983766,0.07251092285972387,-3.8121901793278368,-0.9878787878787878,0.12851430044101592,10
cum_b3,fwd_mid_3s,345339,20,-0.23872094417612966,0.1744597760802992,0.46187045556243633,0.0755856043405009,6.110561125922666,0.9030303030303028,0.12851430044101592,10
cum_b3,fwd_micro_3s,345339,20,0.14146784563229015,-0.042414099467445086,-0.22235898565316098,0.07723454230914703,-2.879009559778625,-0.8424242424242423,0.12851430044101592,10
cum_b3,fwd_mid_5s,345339,20,-0.2880660173929496,0.22607656655978622,0.5824339961380056,0.08800801045362854,6.617965718528433,0.9030303030303028,0.12851430044101592,10
cum_b3,fwd_micro_5s,345339,20,0.10777363926721434,-0.01678546055384299,-0.16291449143754233,0.08585971325960905,-1.8974497497440646,-0.3696969696969697,0.12851430044101592,10
cum_b3,fwd_mid_10s,345339,20,-0.3849180936007732,0.32854004701034173,0.8473157290303277,0.13668138753629352,6.199203449009008,0.9030303030303028,0.12851430044101592,10
cum_b3,fwd_micro_10s,345339,20,0.06647901942574636,0.04186583243435252,-0.007267126822338289,0.10000116096166382,-0.07267042454761295,-0.35757575757575755,0.12851430044101592,10
cum_b3,fwd_mid_30s,345339,20,-0.42347937538745695,0.5985399840973588,1.3158241293622956,0.22741310879210905,5.786052248048566,0.9515151515151514,0.12851430044101592,10
cum_b3,fwd_micro_30s,345339,20,0.0746662388562976,0.2664311114344682,0.36595754336765796,0.17150110655232176,2.1338494586098267,0.33333333333333326,0.12851430044101592,10
cum_b3,fwd_mid_60s,345339,20,-0.456171643120727,0.7273292443820206,1.7359737268262134,0.40891335210968976,4.245333926783941,0.9757575757575757,0.12851430044101592,10
cum_b3,fwd_micro_60s,345339,20,0.06463644125539729,0.3538860359044022,0.712955754398239,0.35467945018402214,2.0101411401994915,0.6606060606060605,0.12851430044101592,10
cum_a3,fwd_mid_100ms,345339,20,0.026168580888572282,-0.017970836306589865,-0.050047782113503816,0.009117061952728116,-5.489463861603784,-0.9757575757575757,0.1245616625982006,10
cum_a3,fwd_micro_100ms,345339,20,-0.047906177699993335,0.03574191710368469,0.08598209819783219,0.013900024277237005,6.185751656465696,0.8666666666666665,0.1245616625982006,10
cum_a3,fwd_mid_300ms,345339,20,0.06276957376263699,-0.04754291297350086,-0.12133965506165449,0.020143217611157824,-6.0238467063197225,-0.9757575757575757,0.1245616625982006,10
cum_a3,fwd_micro_300ms,345339,20,-0.112099229438285,0.07772574433980345,0.20523055752822045,0.03545918819772689,5.78779627959381,0.9636363636363635,0.1245616625982006,10
cum_a3,fwd_mid_500ms,345339,20,0.08377380415828878,-0.06825277624011337,-0.1655010701898191,0.02470261190731607,-6.699739720268339,-0.9757575757575757,0.1245616625982006,10
cum_a3,fwd_micro_500ms,345339,20,-0.1482197756758633,0.10423105054651148,0.2684595422800816,0.044531826053761644,6.028487175800522,0.9393939393939393,0.1245616625982006,10
cum_a3,fwd_mid_1s,345339,20,0.11391714474017134,-0.0998650800668013,-0.2279583580602691,0.04037960057008099,-5.64538417522568,-0.9757575757575757,0.1245616625982006,10
cum_a3,fwd_micro_1s,345339,20,-0.17362912686098053,0.11652072520472788,0.3052505544942785,0.049416938360932645,6.177043026518196,0.9393939393939393,0.1245616625982006,10
cum_a3,fwd_mid_3s,345339,20,0.21733432949924109,-0.18568623856231306,-0.4291383485370959,0.06111998968444695,-7.021243798512906,-0.9272727272727272,0.1245616625982006,10
cum_a3,fwd_micro_3s,345339,20,-0.15229824362572947,0.10218961915440102,0.25987399617553664,0.04691038098161442,5.5397971778866815,0.8424242424242423,0.1245616625982006,10
cum_a3,fwd_mid_5s,345339,20,0.26216517134324474,-0.2354500205229373,-0.525836821468079,0.07093157413521646,-7.413296939747583,-0.9393939393939393,0.1245616625982006,10
cum_a3,fwd_micro_5s,345339,20,-0.16287589947179557,0.06995879518425614,0.23984329105349483,0.05298738885543123,4.526422158824888,0.8303030303030302,0.1245616625982006,10
cum_a3,fwd_mid_10s,345339,20,0.35355112914171427,-0.3419033521988295,-0.7407890167256307,0.09844362883558372,-7.525007209586558,-0.9393939393939393,0.1245616625982006,10
cum_a3,fwd_micro_10s,345339,20,-0.14381775241249206,0.019138479119556597,0.155450633824478,0.061990267299499933,2.5076619378560414,0.49090909090909085,0.1245616625982006,10
cum_a3,fwd_mid_30s,345339,20,0.4944936398254577,-0.4993395021724413,-1.0244030603848187,0.15411187419172367,-6.647139071908273,-0.8909090909090909,0.1245616625982006,10
cum_a3,fwd_micro_30s,345339,20,-0.04355177469440292,-0.06997020467605541,-0.012871293677083345,0.12194914819794013,-0.10554640083415323,-0.07878787878787878,0.1245616625982006,10
cum_a3,fwd_mid_60s,345339,20,0.5483032335177875,-0.51237248456605,-1.1030003309106555,0.27922646953762875,-3.950199752685031,-0.9151515151515152,0.1245616625982006,10
cum_a3,fwd_micro_60s,345339,20,-0.023862991463916784,-0.058873409092142365,-0.039999281540752066,0.26587455073096666,-0.15044419043034535,-0.18787878787878787,0.1245616625982006,10
qb5,fwd_mid_100ms,345339,0,NaN,0.01965513512333564,NaN,NaN,NaN,1.0,0.45693651745096847,4
qb5,fwd_micro_100ms,345339,0,NaN,0.0268150979830645,NaN,NaN,NaN,1.0,0.45693651745096847,4
qb5,fwd_mid_300ms,345339,0,NaN,0.05001351611211934,NaN,NaN,NaN,1.0,0.45693651745096847,4
qb5,fwd_micro_300ms,345339,0,NaN,0.06438205359764608,NaN,NaN,NaN,1.0,0.45693651745096847,4
qb5,fwd_mid_500ms,345339,0,NaN,0.06452135731968697,NaN,NaN,NaN,1.0,0.45693651745096847,4
qb5,fwd_micro_500ms,345339,0,NaN,0.07596012309204694,NaN,NaN,NaN,1.0,0.45693651745096847,4
qb5,fwd_mid_1s,345339,0,NaN,0.09310827210575813,NaN,NaN,NaN,0.7999999999999999,0.45693651745096847,4
qb5,fwd_micro_1s,345339,0,NaN,0.11084592813194938,NaN,NaN,NaN,0.7999999999999999,0.45693651745096847,4
qb5,fwd_mid_3s,345339,0,NaN,0.16889555032709133,NaN,NaN,NaN,0.7999999999999999,0.45693651745096847,4
qb5,fwd_micro_3s,345339,0,NaN,0.18385011500796272,NaN,NaN,NaN,0.7999999999999999,0.45693651745096847,4
qb5,fwd_mid_5s,345339,0,NaN,0.20077566110491743,NaN,NaN,NaN,0.7999999999999999,0.45693651745096847,4
qb5,fwd_micro_5s,345339,0,NaN,0.21184916617068072,NaN,NaN,NaN,0.7999999999999999,0.45693651745096847,4
qb5,fwd_mid_10s,345339,0,NaN,0.2820193741431723,NaN,NaN,NaN,0.7999999999999999,0.45693651745096847,4
qb5,fwd_micro_10s,345339,0,NaN,0.287942441886791,NaN,NaN,NaN,0.7999999999999999,0.45693651745096847,4
qb5,fwd_mid_30s,345339,0,NaN,0.42728168032902725,NaN,NaN,NaN,0.7999999999999999,0.45693651745096847,4
qb5,fwd_micro_30s,345339,0,NaN,0.42240104071957146,NaN,NaN,NaN,0.7999999999999999,0.45693651745096847,4
qb5,fwd_mid_60s,345339,0,NaN,0.5719184761063218,NaN,NaN,NaN,0.7999999999999999,0.45693651745096847,4
qb5,fwd_micro_60s,345339,0,NaN,0.566435793540604,NaN,NaN,NaN,0.7999999999999999,0.45693651745096847,4
qa5,fwd_mid_100ms,345339,0,NaN,-0.018733498637370075,NaN,NaN,NaN,-0.39999999999999997,0.4536354133185073,5
qa5,fwd_micro_100ms,345339,0,NaN,-0.01998524117811424,NaN,NaN,NaN,-0.39999999999999997,0.4536354133185073,5
qa5,fwd_mid_300ms,345339,0,NaN,-0.03906920746163196,NaN,NaN,NaN,-0.39999999999999997,0.4536354133185073,5
qa5,fwd_micro_300ms,345339,0,NaN,-0.04880277026074811,NaN,NaN,NaN,-0.39999999999999997,0.4536354133185073,5
qa5,fwd_mid_500ms,345339,0,NaN,-0.05050286350734356,NaN,NaN,NaN,-0.7,0.4536354133185073,5
qa5,fwd_micro_500ms,345339,0,NaN,-0.05800381149874349,NaN,NaN,NaN,-0.3,0.4536354133185073,5
qa5,fwd_mid_1s,345339,0,NaN,-0.0711182545975246,NaN,NaN,NaN,-0.7,0.4536354133185073,5
qa5,fwd_micro_1s,345339,0,NaN,-0.07379556836505086,NaN,NaN,NaN,-0.49999999999999994,0.4536354133185073,5
qa5,fwd_mid_3s,345339,0,NaN,-0.11202076733084074,NaN,NaN,NaN,-0.7,0.4536354133185073,5
qa5,fwd_micro_3s,345339,0,NaN,-0.1135894025636804,NaN,NaN,NaN,-0.3,0.4536354133185073,5
qa5,fwd_mid_5s,345339,0,NaN,-0.13710057669846246,NaN,NaN,NaN,-0.8999999999999998,0.4536354133185073,5
qa5,fwd_micro_5s,345339,0,NaN,-0.14979800102378607,NaN,NaN,NaN,-0.7999999999999999,0.4536354133185073,5
qa5,fwd_mid_10s,345339,0,NaN,-0.1815054146431438,NaN,NaN,NaN,-0.7999999999999999,0.4536354133185073,5
qa5,fwd_micro_10s,345339,0,NaN,-0.1915263436454271,NaN,NaN,NaN,-0.8999999999999998,0.4536354133185073,5
qa5,fwd_mid_30s,345339,0,NaN,-0.22772905663755671,NaN,NaN,NaN,-0.8999999999999998,0.4536354133185073,5
qa5,fwd_micro_30s,345339,0,NaN,-0.22984298996667563,NaN,NaN,NaN,-0.8999999999999998,0.4536354133185073,5
qa5,fwd_mid_60s,345339,0,NaN,-0.20583938703401028,NaN,NaN,NaN,-0.7,0.4536354133185073,5
qa5,fwd_micro_60s,345339,0,NaN,-0.20396979854578925,NaN,NaN,NaN,-0.7,0.4536354133185073,5
cum_b5,fwd_mid_100ms,345339,20,-0.03477135025923491,0.018048327691695447,0.05667102168608059,0.00862704566552062,6.568995213804823,0.9757575757575757,0.13215999351361996,10
cum_b5,fwd_micro_100ms,345339,20,0.030467410957301235,-0.013661879886866518,-0.06891524580974498,0.019036295653758244,-3.620202536418338,-0.9151515151515152,0.13215999351361996,10
cum_b5,fwd_mid_300ms,345339,20,-0.07291266465805715,0.04114259811556689,0.12853232904501852,0.019092530356861356,6.732074096130865,0.9757575757575757,0.13215999351361996,10
cum_b5,fwd_micro_300ms,345339,20,0.08508827098687395,-0.035562970939894106,-0.1554576323824843,0.03273570129327438,-4.748871300778377,-0.9878787878787878,0.13215999351361996,10
cum_b5,fwd_mid_500ms,345339,20,-0.09543628079182417,0.057066375858096624,0.17210097006093641,0.02627943198584245,6.548884700158382,0.9515151515151514,0.13215999351361996,10
cum_b5,fwd_micro_500ms,345339,20,0.11944524156932107,-0.04887261158415218,-0.20140073429168961,0.0416651585956324,-4.833792575862215,-0.9636363636363635,0.13215999351361996,10
cum_b5,fwd_mid_1s,345339,20,-0.1618760164377976,0.0813755062784631,0.27882915917488804,0.03796403124817728,7.344561417941493,0.9151515151515152,0.13215999351361996,10
cum_b5,fwd_micro_1s,345339,20,0.12024613580053865,-0.03707559433114904,-0.1839255371085085,0.05501946732025621,-3.342917444800373,-0.9393939393939393,0.13215999351361996,10
cum_b5,fwd_mid_3s,345339,20,-0.2725886651511098,0.16878256375011938,0.5056899306896572,0.06733837917093893,7.509683733342613,0.9515151515151514,0.13215999351361996,10
cum_b5,fwd_micro_3s,345339,20,0.08556075893195968,0.006685728250719142,-0.0940414108055724,0.0626710471502811,-1.5005559198662695,-0.5151515151515151,0.13215999351361996,10
cum_b5,fwd_mid_5s,345339,20,-0.31113977362257145,0.21842287246658598,0.5985555190056162,0.08210157529700865,7.290426728601691,0.9515151515151514,0.13215999351361996,10
cum_b5,fwd_micro_5s,345339,20,0.06366160815752944,0.030968230570438744,-0.05859583660595365,0.06534671666740009,-0.8966913655997916,-0.12727272727272726,0.13215999351361996,10
cum_b5,fwd_mid_10s,345339,20,-0.41021192094500253,0.30538235946708214,0.8562488134513979,0.1372910416533086,6.236742056438196,0.9757575757575757,0.13215999351361996,10
cum_b5,fwd_micro_10s,345339,20,0.022103400127467254,0.08480253088298285,0.08468891382705239,0.08341086086326142,1.015322380689562,0.6121212121212121,0.13215999351361996,10
cum_b5,fwd_mid_30s,345339,20,-0.47603741762645024,0.536386075426455,1.257680327814903,0.17026830234263798,7.386461898727459,0.9757575757575757,0.13215999351361996,10
cum_b5,fwd_micro_30s,345339,20,0.0057828608005900985,0.27095900101009607,0.38061593794347326,0.10736626903085851,3.54502341730883,0.8060606060606059,0.13215999351361996,10
cum_b5,fwd_mid_60s,345339,20,-0.5609492135967387,0.632036578184533,1.7428994538416007,0.32706976225308376,5.328830894776999,0.9757575757575757,0.13215999351361996,10
cum_b5,fwd_micro_60s,345339,20,-0.056335497413517,0.3328909244226033,0.8147430221723437,0.2621149144047676,3.1083428580267176,0.8666666666666665,0.13215999351361996,10
cum_a5,fwd_mid_100ms,345339,20,0.030609914339256337,-0.01929253532670866,-0.056726951381496006,0.009102401922581485,-6.232085977303007,-0.9757575757575757,0.1292440181966126,10
cum_a5,fwd_micro_100ms,345339,20,-0.03880386469424226,0.02499179424602259,0.06936309602097177,0.012922763932754155,5.367512428603871,0.8545454545454544,0.1292440181966126,10
cum_a5,fwd_mid_300ms,345339,20,0.06916064261234045,-0.0493858479584319,-0.12894565406508315,0.018951708123419883,-6.803906709904235,-0.9878787878787878,0.1292440181966126,10
cum_a5,fwd_micro_300ms,345339,20,-0.08926834763708437,0.053106424505114325,0.15931967542899195,0.032042947515190524,4.972066797333911,0.9151515151515152,0.1292440181966126,10
cum_a5,fwd_mid_500ms,345339,20,0.09337945688803602,-0.07314567173089058,-0.1783690374823358,0.023614905377889274,-7.553239559000875,-0.9878787878787878,0.1292440181966126,10
cum_a5,fwd_micro_500ms,345339,20,-0.12009591942648416,0.06540903519039327,0.20090665475353292,0.039451575841499865,5.092487447413834,0.8666666666666665,0.1292440181966126,10
cum_a5,fwd_mid_1s,345339,20,0.1260427296428543,-0.10451130601989062,-0.23627641692888668,0.03890651214666585,-6.072927227148906,-0.9878787878787878,0.1292440181966126,10
cum_a5,fwd_micro_1s,345339,20,-0.13886012348942875,0.06780074169014895,0.23314696290730247,0.045228229940244336,5.15489912418277,0.8424242424242423,0.1292440181966126,10
cum_a5,fwd_mid_3s,345339,20,0.24598608274851927,-0.1978864733290774,-0.445525464336348,0.05720480894287433,-7.78825194191728,-0.9636363636363635,0.1292440181966126,10
cum_a5,fwd_micro_3s,345339,20,-0.09558521336878396,0.03712682569532375,0.16124569963713803,0.04933624513379549,3.2683010066910057,0.5515151515151515,0.1292440181966126,10
cum_a5,fwd_mid_5s,345339,20,0.29672641530811283,-0.24649274550152625,-0.5508260626683917,0.062425569723757963,-8.823725039368892,-0.9999999999999999,0.1292440181966126,10
cum_a5,fwd_micro_5s,345339,20,-0.08824416768824815,-0.003954802674576036,0.11880728184688431,0.05613898104069047,2.1163063462226153,0.05454545454545454,0.1292440181966126,10
cum_a5,fwd_mid_10s,345339,20,0.39442330847142937,-0.33853485186820675,-0.734372872700105,0.09041601855707009,-8.122154507794136,-0.9636363636363635,0.1292440181966126,10
cum_a5,fwd_micro_10s,345339,20,-0.053003693631899586,-0.05216857271440111,0.04415006147938336,0.05934552253074306,0.7439493258570953,-0.18787878787878787,0.1292440181966126,10
cum_a5,fwd_mid_30s,345339,20,0.5291194093593227,-0.4566437156379148,-0.9094581873261054,0.1967233206923219,-4.623031901482138,-0.9636363636363635,0.1292440181966126,10
cum_a5,fwd_micro_30s,345339,20,0.029631370603371007,-0.1070435873166872,-0.012144284813735546,0.15741858144060825,-0.07714645058161326,-0.6606060606060605,0.1292440181966126,10
cum_a5,fwd_mid_60s,345339,20,0.6249764079545589,-0.4803457276038971,-0.9379170126053902,0.3542125933239818,-2.647892904664519,-0.9393939393939393,0.1292440181966126,10
cum_a5,fwd_micro_60s,345339,20,0.09462381246046289,-0.10498953666903695,-0.0009401505358537212,0.3212810465237478,-0.002926255831229774,-0.41818181818181815,0.1292440181966126,10
qb10,fwd_mid_100ms,345339,0,NaN,0.01823707583221753,NaN,NaN,NaN,0.7999999999999999,0.3241684258076846,5
qb10,fwd_micro_100ms,345339,0,NaN,0.024806718791024557,NaN,NaN,NaN,0.9999999999999999,0.3241684258076846,5
qb10,fwd_mid_300ms,345339,0,NaN,0.046386264752722034,NaN,NaN,NaN,0.8999999999999998,0.3241684258076846,5
qb10,fwd_micro_300ms,345339,0,NaN,0.0411548446585533,NaN,NaN,NaN,0.9999999999999999,0.3241684258076846,5
qb10,fwd_mid_500ms,345339,0,NaN,0.05680366092744498,NaN,NaN,NaN,0.8999999999999998,0.3241684258076846,5
qb10,fwd_micro_500ms,345339,0,NaN,0.04362733298669367,NaN,NaN,NaN,0.7999999999999999,0.3241684258076846,5
qb10,fwd_mid_1s,345339,0,NaN,0.06557361008571518,NaN,NaN,NaN,0.8999999999999998,0.3241684258076846,5
qb10,fwd_micro_1s,345339,0,NaN,0.06268061380323847,NaN,NaN,NaN,0.7999999999999999,0.3241684258076846,5
qb10,fwd_mid_3s,345339,0,NaN,0.14674599756039153,NaN,NaN,NaN,0.7,0.3241684258076846,5
qb10,fwd_micro_3s,345339,0,NaN,0.14651688793670634,NaN,NaN,NaN,0.8999999999999998,0.3241684258076846,5
qb10,fwd_mid_5s,345339,0,NaN,0.1762715977828114,NaN,NaN,NaN,0.8999999999999998,0.3241684258076846,5
qb10,fwd_micro_5s,345339,0,NaN,0.17376608078612013,NaN,NaN,NaN,0.8999999999999998,0.3241684258076846,5
qb10,fwd_mid_10s,345339,0,NaN,0.21822138419718362,NaN,NaN,NaN,0.8999999999999998,0.3241684258076846,5
qb10,fwd_micro_10s,345339,0,NaN,0.20462645911245,NaN,NaN,NaN,0.8999999999999998,0.3241684258076846,5
qb10,fwd_mid_30s,345339,0,NaN,0.26238849609231835,NaN,NaN,NaN,0.8999999999999998,0.3241684258076846,5
qb10,fwd_micro_30s,345339,0,NaN,0.23832163998144448,NaN,NaN,NaN,0.8999999999999998,0.3241684258076846,5
qb10,fwd_mid_60s,345339,0,NaN,0.2543066188973248,NaN,NaN,NaN,0.9999999999999999,0.3241684258076846,5
qb10,fwd_micro_60s,345339,0,NaN,0.21359505701581963,NaN,NaN,NaN,0.9999999999999999,0.3241684258076846,5
qa10,fwd_mid_100ms,345339,0,NaN,-0.021793587937373772,NaN,NaN,NaN,-0.8999999999999998,0.29205505315067226,5
qa10,fwd_micro_100ms,345339,0,NaN,-0.027119383138098602,NaN,NaN,NaN,-0.7999999999999999,0.29205505315067226,5
qa10,fwd_mid_300ms,345339,0,NaN,-0.05246121757627821,NaN,NaN,NaN,-0.8999999999999998,0.29205505315067226,5
qa10,fwd_micro_300ms,345339,0,NaN,-0.05933121282935543,NaN,NaN,NaN,-0.8999999999999998,0.29205505315067226,5
qa10,fwd_mid_500ms,345339,0,NaN,-0.07439049618261488,NaN,NaN,NaN,-0.8999999999999998,0.29205505315067226,5
qa10,fwd_micro_500ms,345339,0,NaN,-0.08296142307644186,NaN,NaN,NaN,-0.6,0.29205505315067226,5
qa10,fwd_mid_1s,345339,0,NaN,-0.10974617471725669,NaN,NaN,NaN,-0.7999999999999999,0.29205505315067226,5
qa10,fwd_micro_1s,345339,0,NaN,-0.10996140414517912,NaN,NaN,NaN,-0.6,0.29205505315067226,5
qa10,fwd_mid_3s,345339,0,NaN,-0.16388641956957473,NaN,NaN,NaN,-0.7999999999999999,0.29205505315067226,5
qa10,fwd_micro_3s,345339,0,NaN,-0.15697278476775678,NaN,NaN,NaN,-0.7,0.29205505315067226,5
qa10,fwd_mid_5s,345339,0,NaN,-0.1934813064565149,NaN,NaN,NaN,-0.8999999999999998,0.29205505315067226,5
qa10,fwd_micro_5s,345339,0,NaN,-0.1952320189933245,NaN,NaN,NaN,-0.8999999999999998,0.29205505315067226,5
qa10,fwd_mid_10s,345339,0,NaN,-0.2561391611800001,NaN,NaN,NaN,-0.7,0.29205505315067226,5
qa10,fwd_micro_10s,345339,0,NaN,-0.2568718961448223,NaN,NaN,NaN,-0.7,0.29205505315067226,5
qa10,fwd_mid_30s,345339,0,NaN,-0.32010873557733394,NaN,NaN,NaN,-0.39999999999999997,0.29205505315067226,5
qa10,fwd_micro_30s,345339,0,NaN,-0.30696400640034405,NaN,NaN,NaN,-0.39999999999999997,0.29205505315067226,5
qa10,fwd_mid_60s,345339,0,NaN,-0.2853302911692498,NaN,NaN,NaN,-0.09999999999999999,0.29205505315067226,5
qa10,fwd_micro_60s,345339,0,NaN,-0.25903019628464685,NaN,NaN,NaN,-0.09999999999999999,0.29205505315067226,5
cum_b10,fwd_mid_100ms,345339,20,-0.040165564502697745,0.01568139083482513,0.07070470790794968,0.011662665407058442,6.06248275502768,0.9636363636363635,0.13113780951470874,10
cum_b10,fwd_micro_100ms,345339,20,-0.005417162518438904,-0.0017856284714190445,-0.019459683672644668,0.016586357349471354,-1.1732343191837051,0.5393939393939393,0.13113780951470874,10
cum_b10,fwd_mid_300ms,345339,20,-0.0910539081649285,0.03906972640227706,0.1681566280072297,0.025458811120181023,6.605046371310446,0.9636363636363635,0.13113780951470874,10
cum_b10,fwd_micro_300ms,345339,20,-0.002067883812077386,-0.010485063825215999,-0.038838637552586756,0.02311752246021102,-1.6800519008658608,0.0303030303030303,0.13113780951470874,10
cum_b10,fwd_mid_500ms,345339,20,-0.12069006552312672,0.05519633194757352,0.22682889773919418,0.03349683997099518,6.771650637361754,0.9636363636363635,0.13113780951470874,10
cum_b10,fwd_micro_500ms,345339,20,0.00966420074404828,-0.011470021127024976,-0.049159172862630295,0.03384011851268618,-1.4526891459969686,-0.5030303030303029,0.13113780951470874,10
cum_b10,fwd_mid_1s,345339,20,-0.19251473064769062,0.08229358838066717,0.36036177164027194,0.05071364581686247,7.105814733604705,0.9272727272727272,0.13113780951470874,10
cum_b10,fwd_micro_1s,345339,20,-0.006349435069379943,0.006127289874440429,0.008664817646372091,0.028554799090027748,0.30344523241272336,0.4424242424242424,0.13113780951470874,10
cum_b10,fwd_mid_3s,345339,20,-0.302948172527905,0.17856208285616235,0.6337627638244554,0.0948985657940635,6.678317617568265,0.9878787878787878,0.13113780951470874,10
cum_b10,fwd_micro_3s,345339,20,-0.059388488700639376,0.07459854693788322,0.1797594254613478,0.037859074740256356,4.7481198812871614,0.8060606060606059,0.13113780951470874,10
cum_b10,fwd_mid_5s,345339,20,-0.35772936804080946,0.22716406598503502,0.7870677518807756,0.12747608301635596,6.174238596425888,0.9999999999999999,0.13113780951470874,10
cum_b10,fwd_micro_5s,345339,20,-0.11989147149433471,0.10433888691640342,0.28556380572590684,0.05194383661315442,5.497549359948313,0.8666666666666665,0.13113780951470874,10
cum_b10,fwd_mid_10s,345339,20,-0.45241590767505796,0.31626799231454583,1.0792640860760465,0.2031949078884501,5.311472109667929,0.9878787878787878,0.13113780951470874,10
cum_b10,fwd_micro_10s,345339,20,-0.1690925964829848,0.16502522556964938,0.4803552097921716,0.11950824842219186,4.019431429495983,0.9272727272727272,0.13113780951470874,10
cum_b10,fwd_mid_30s,345339,20,-0.5342355685638458,0.5019434632018855,1.4601109200349487,0.21740499181834466,6.71608737142044,0.9878787878787878,0.13113780951470874,10
cum_b10,fwd_micro_30s,345339,20,-0.20259426322585905,0.30414132659268384,0.7429356074604998,0.13150922382729408,5.649304176839855,0.9636363636363635,0.13113780951470874,10
cum_b10,fwd_mid_60s,345339,20,-0.5906997722762318,0.5972063220913074,1.8470450121997792,0.3312999712558679,5.575143895117573,0.9757575757575757,0.13113780951470874,10
cum_b10,fwd_micro_60s,345339,20,-0.23925242585822093,0.37859616260473766,1.1019797193193963,0.27402931086444016,4.02139360874624,0.9636363636363635,0.13113780951470874,10
cum_a10,fwd_mid_100ms,345339,20,0.038738881156173924,-0.020539142215097717,-0.08847624458823763,0.013282092946625391,-6.661317982322731,-0.9878787878787878,0.1314708156333342,10
cum_a10,fwd_micro_100ms,345339,20,-0.0020263718485667398,0.007081235100123718,0.005152915387171629,0.017446108559357902,0.2953618779591774,-0.06666666666666665,0.1314708156333342,10
cum_a10,fwd_mid_300ms,345339,20,0.09153704397842152,-0.05256350408867962,-0.19815072964075348,0.027433515221920356,-7.222943470344041,-0.9878787878787878,0.1314708156333342,10
cum_a10,fwd_micro_300ms,345339,20,-0.007080189989549489,0.009173533956747333,0.016409748478621415,0.02659816348299645,0.6169504330293993,0.406060606060606,0.1314708156333342,10
cum_a10,fwd_mid_500ms,345339,20,0.12637923592935835,-0.07708070216863555,-0.2701318231468486,0.037128358634655696,-7.27561985179455,-0.9878787878787878,0.1314708156333342,10
cum_a10,fwd_micro_500ms,345339,20,-0.007988914119757379,0.006884955783017914,0.015298440129340226,0.03491078513259078,0.438215298545619,0.5636363636363636,0.1314708156333342,10
cum_a10,fwd_mid_1s,345339,20,0.1852337399935349,-0.10988113883360101,-0.3747096644947814,0.05167157554433502,-7.251756126020865,-0.9878787878787878,0.1314708156333342,10
cum_a10,fwd_micro_1s,345339,20,0.016859699215987584,0.01026742040983726,-0.00747889884254861,0.04145376984694034,-0.18041540902462988,-0.28484848484848485,0.1314708156333342,10
cum_a10,fwd_mid_3s,345339,20,0.30978193425153394,-0.19417400960993375,-0.5995162927955734,0.08926748155157012,-6.715953921577039,-0.9999999999999999,0.1314708156333342,10
cum_a10,fwd_micro_3s,345339,20,0.08568290973917196,-0.02872899672393212,-0.1147102424327063,0.05105035474149409,-2.2470018673439114,-0.7818181818181817,0.1314708156333342,10
cum_a10,fwd_mid_5s,345339,20,0.3735838562385824,-0.23131810293266847,-0.7576226347487647,0.0825461664771521,-9.17816861862951,-0.9999999999999999,0.1314708156333342,10
cum_a10,fwd_micro_5s,345339,20,0.12257349596787294,-0.06688336487119201,-0.23144902662471756,0.044513010159537875,-5.1995815559358345,-0.8666666666666665,0.1314708156333342,10
cum_a10,fwd_mid_10s,345339,20,0.5148794382256423,-0.33233558627448495,-1.0094174239977005,0.12532538417562541,-8.054373267135952,-0.9636363636363635,0.1314708156333342,10
cum_a10,fwd_micro_10s,345339,20,0.21429583524246645,-0.13670892429859993,-0.3837705544267153,0.07125053055797995,-5.386213287414372,-0.8909090909090909,0.1314708156333342,10
cum_a10,fwd_mid_30s,345339,20,0.746006537687825,-0.488873359141148,-1.460981995294906,0.14549175172932258,-10.041682624132278,-0.9515151515151514,0.1314708156333342,10
cum_a10,fwd_micro_30s,345339,20,0.4006855328473557,-0.2460443659042655,-0.7021415595400178,0.11040031743644947,-6.359959607400555,-0.8545454545454544,0.1314708156333342,10
cum_a10,fwd_mid_60s,345339,20,0.9222304724143652,-0.5478566650956226,-1.761084028133801,0.21140875017019156,-8.33023243700209,-0.9878787878787878,0.1314708156333342,10
cum_a10,fwd_micro_60s,345339,20,0.543228167851443,-0.2770877212695606,-0.9417581620377572,0.18705548316698112,-5.03464611725424,-0.9636363636363635,0.1314708156333342,10
depth_bbo,fwd_mid_100ms,345339,20,0.00026036626297919646,0.00012728722484459885,-0.002256777429215327,0.0028283560311124518,-0.7979113677310594,-0.33333333333333326,0.14669353881258707,10
depth_bbo,fwd_micro_100ms,345339,20,-0.002861013056436262,0.002457370054459091,0.005338140969162452,0.007152377105865933,0.7463450109173413,-0.06666666666666665,0.14669353881258707,10
depth_bbo,fwd_mid_300ms,345339,20,0.003678406977849333,-0.006668248796688499,-0.012899056254059568,0.005359540441682909,-2.406746696739027,-0.5151515151515151,0.14669353881258707,10
depth_bbo,fwd_micro_300ms,345339,20,-0.002488167082989571,0.0013124023171250236,0.004988132064710572,0.012721304061360118,0.39210854804277495,0.309090909090909,0.14669353881258707,10
depth_bbo,fwd_mid_500ms,345339,20,0.003642594369951307,-0.013862708719117163,-0.02493084880093556,0.00777429979784651,-3.2068288397935762,-0.49090909090909085,0.14669353881258707,10
depth_bbo,fwd_micro_500ms,345339,20,-0.0036240637717697443,0.005855198721174088,-0.008257503849435705,0.026289328532968004,-0.31410097975992135,0.6242424242424242,0.14669353881258707,10
depth_bbo,fwd_mid_1s,345339,20,-0.0035746422472615804,-0.01001076825870849,-0.010593145172899573,0.011105299517941139,-0.9538819872247339,-0.16363636363636364,0.14669353881258707,10
depth_bbo,fwd_micro_1s,345339,20,-0.00891954732100698,0.013010990904001056,0.010879134909093984,0.03216372982362973,0.33824232975310625,0.5272727272727272,0.14669353881258707,10
depth_bbo,fwd_mid_3s,345339,20,-0.0029984533646728595,0.002042854243643883,-0.013397098331644893,0.032458939178514105,-0.41273986983878325,0.05454545454545454,0.14669353881258707,10
depth_bbo,fwd_micro_3s,345339,20,-0.005102633641731265,0.04406802388304014,0.02199563376013145,0.05420300536755983,0.40580099961201976,0.406060606060606,0.14669353881258707,10
depth_bbo,fwd_mid_5s,345339,20,0.013987989541124199,0.016821048093186342,-0.00002222423881132196,0.036830404368227744,-0.0006034209830857575,0.17575757575757575,0.14669353881258707,10
depth_bbo,fwd_micro_5s,345339,20,-0.04366203761899526,0.05731714994249344,0.04402630213041006,0.06885983892940528,0.6393610966117068,0.6121212121212121,0.14669353881258707,10
depth_bbo,fwd_mid_10s,345339,20,0.019262007086413655,0.033462172814895795,0.025521668218166406,0.06041323369183478,0.42245161628578437,0.22424242424242422,0.14669353881258707,10
depth_bbo,fwd_micro_10s,345339,20,-0.05262781320710131,0.09015982224840804,0.09827726513339002,0.08836291390915985,1.1122003653526238,0.6727272727272726,0.14669353881258707,10
depth_bbo,fwd_mid_30s,345339,20,0.0980491236844935,0.08584433535887397,0.03870939320825055,0.13177280389695853,0.2937585910255038,0.12727272727272726,0.14669353881258707,10
depth_bbo,fwd_micro_30s,345339,20,0.03562700161621692,0.13881324083341676,0.1347737221654685,0.17220152235273817,0.7826511654722632,0.5272727272727272,0.14669353881258707,10
depth_bbo,fwd_mid_60s,345339,20,0.21504696605691725,0.14710192914445405,-0.0342295112290157,0.21744344449868327,-0.15741799578245264,0.12727272727272726,0.14669353881258707,10
depth_bbo,fwd_micro_60s,345339,20,0.14628024223621158,0.19607016551123246,0.034155018519421224,0.24163203480272497,0.14135136736859547,0.2606060606060606,0.14669353881258707,10
depth_cum10,fwd_mid_100ms,345339,20,-0.0012741959995700614,-0.0007137257370325218,-0.007920962044017427,0.008153028389855854,-0.9715361783693568,0.1515151515151515,0.15597427455340984,10
depth_cum10,fwd_micro_100ms,345339,20,-0.0034241797822786224,0.003183729950934734,0.01442837058710616,0.007443402767578872,1.938410568074002,0.406060606060606,0.15597427455340984,10
depth_cum10,fwd_mid_300ms,345339,20,0.0021181640702342326,-0.0016399260891834543,-0.012064545183254505,0.01181293787457215,-1.0212993000855402,0.04242424242424241,0.15597427455340984,10
depth_cum10,fwd_micro_300ms,345339,20,-0.0019339356352072235,0.0014205912044636902,0.01407570428923231,0.01764540486562989,0.7976980067286117,0.23636363636363633,0.15597427455340984,10
depth_cum10,fwd_mid_500ms,345339,20,0.005389472414776647,-0.005064912262134738,-0.020878994039704654,0.016135834333387084,-1.29395193383359,-0.4424242424242424,0.15597427455340984,10
depth_cum10,fwd_micro_500ms,345339,20,-0.003109000494677557,0.0022479849865576877,0.028901560589748836,0.031313245827253,0.9229819466557763,0.3939393939393939,0.15597427455340984,10
depth_cum10,fwd_mid_1s,345339,20,0.002326429280764856,-0.005816077517185455,-0.010517917748228356,0.01982289280861098,-0.5305944924274331,-0.2121212121212121,0.15597427455340984,10
depth_cum10,fwd_micro_1s,345339,20,-0.0035429800402661683,0.006443604925542697,0.042705304906767286,0.04615814793202819,0.9251953732990867,0.41818181818181815,0.15597427455340984,10
depth_cum10,fwd_mid_3s,345339,20,0.01075262837317182,0.005641867886259083,-0.04128573549598534,0.02680905930862314,-1.5399919490164944,-0.49090909090909085,0.15597427455340984,10
depth_cum10,fwd_micro_3s,345339,20,0.0008238035332011994,0.025899789956559196,0.022067667703310638,0.038731856323980796,0.569754971688446,0.41818181818181815,0.15597427455340984,10
depth_cum10,fwd_mid_5s,345339,20,0.025006137321345902,0.010916233171093678,-0.024459355752741163,0.03115978041948408,-0.7849656006384059,-0.19999999999999998,0.15597427455340984,10
depth_cum10,fwd_micro_5s,345339,20,0.006088884837779064,0.0170885863519625,0.013084414300751671,0.03625187947660425,0.36093064662194724,0.309090909090909,0.15597427455340984,10
depth_cum10,fwd_mid_10s,345339,20,0.03424208961911185,0.022238817918711892,0.008484627982240152,0.08290236137570936,0.1023448288015373,-0.4545454545454545,0.15597427455340984,10
depth_cum10,fwd_micro_10s,345339,20,0.012024626108459158,0.026587610648947286,0.018974446300243426,0.07921903026222728,0.2395187903390772,0.04242424242424241,0.15597427455340984,10
depth_cum10,fwd_mid_30s,345339,20,0.07896170667400579,0.05617143463161029,-0.09428305374125562,0.10583968740666967,-0.8908100170306645,0.006060606060606061,0.15597427455340984,10
depth_cum10,fwd_micro_30s,345339,20,0.05373279547381959,0.05966352809558398,-0.09396193209074757,0.10303368696233854,-0.9119535062847268,0.29696969696969694,0.15597427455340984,10
depth_cum10,fwd_mid_60s,345339,20,0.10763726465122163,0.1181151238449539,-0.3106175681519485,0.29643637731228856,-1.0478389021220578,0.4545454545454545,0.15597427455340984,10
depth_cum10,fwd_micro_60s,345339,20,0.07732873982069723,0.12524929991387387,-0.2867824152025157,0.31355888641788154,-0.9146046488388127,0.4545454545454545,0.15597427455340984,10
depth_asym,fwd_mid_100ms,345339,20,-0.0524465663703373,0.04997035413699233,0.12173118092095628,0.020373433588949073,5.974995839041364,0.9999999999999999,0.11222306197678224,10
depth_asym,fwd_micro_100ms,345339,20,-0.011279049288670165,0.005415696536609625,0.018354691856261388,0.011498265081348987,1.5963009833573951,-0.22424242424242422,0.11222306197678224,10
depth_asym,fwd_mid_300ms,345339,20,-0.12418457230590857,0.11960068796499744,0.2796896107367338,0.04142412198279852,6.751853686914009,0.9999999999999999,0.11222306197678224,10
depth_asym,fwd_micro_300ms,345339,20,-0.0244859458399244,0.007068583883603992,0.027730370965332533,0.023170442277123362,1.1967993805932344,-0.32121212121212117,0.11222306197678224,10
depth_asym,fwd_mid_500ms,345339,20,-0.17158140936639538,0.16616014661379896,0.3857821810824472,0.0560126049024291,6.887417247500964,0.9999999999999999,0.11222306197678224,10
depth_asym,fwd_micro_500ms,345339,20,-0.006822948496016641,0.014938107280338992,0.034951420041932454,0.03640483326921038,0.9600763663294357,-0.5030303030303029,0.11222306197678224,10
depth_asym,fwd_mid_1s,345339,20,-0.25426293673689176,0.25134467604018385,0.5714110352091788,0.08374435533032791,6.823278213262967,0.9878787878787878,0.11222306197678224,10
depth_asym,fwd_micro_1s,345339,20,-0.023407022857209636,0.0637879723973344,0.10950796830275103,0.04475340207264147,2.4469194124058595,-0.01818181818181818,0.11222306197678224,10
depth_asym,fwd_mid_3s,345339,20,-0.43722012853447645,0.45001805498940556,0.999434876750016,0.139735433132084,7.152336772057712,0.9999999999999999,0.11222306197678224,10
depth_asym,fwd_micro_3s,345339,20,-0.12775162739448073,0.18646510407965064,0.37590815234629604,0.07113525848675473,5.284413950872049,0.5030303030303029,0.11222306197678224,10
depth_asym,fwd_mid_5s,345339,20,-0.5363666678233237,0.528603600264119,1.1965308888668056,0.15202723275211386,7.8705036407378035,0.9999999999999999,0.11222306197678224,10
depth_asym,fwd_micro_5s,345339,20,-0.24599257267642385,0.24758635407653842,0.5195170060822641,0.07637666967811264,6.802037955723314,0.709090909090909,0.11222306197678224,10
depth_asym,fwd_mid_10s,345339,20,-0.6939863774593471,0.7384520365529673,1.623509013681506,0.21423356288521908,7.578219732784545,0.9878787878787878,0.11222306197678224,10
depth_asym,fwd_micro_10s,345339,20,-0.3489535730512478,0.3933330084329249,0.8121814565732881,0.11706406170582308,6.937923088763697,0.8909090909090909,0.11222306197678224,10
depth_asym,fwd_mid_30s,345339,20,-0.883569829739516,1.130913918234714,2.265768731897084,0.2909132410858256,7.788468903787826,0.9878787878787878,0.11222306197678224,10
depth_asym,fwd_micro_30s,345339,20,-0.47480849595029007,0.723830153222945,1.3163527457973676,0.17467779229392447,7.535890673397022,0.9030303030303028,0.11222306197678224,10
depth_asym,fwd_mid_60s,345339,20,-0.933748804468636,1.4217527641748593,2.542218654117773,0.2981006364247748,8.528055104502595,0.9636363636363635,0.11222306197678224,10
depth_asym,fwd_micro_60s,345339,20,-0.4761475308420329,0.9702008644852554,1.4920128271098199,0.19593274397950303,7.614923349748538,0.9272727272727272,0.11222306197678224,10
near_depth,fwd_mid_100ms,345339,20,0.000604635395343424,-0.001104278702856064,-0.0029294490916119227,0.004924832484922359,-0.5948322304526275,0.006060606060606061,0.14513564931849574,10
near_depth,fwd_micro_100ms,345339,20,-0.005211691319176972,0.0035817988488597292,0.0030708912374976705,0.007590323606311164,0.4045797513750667,0.11515151515151514,0.14513564931849574,10
near_depth,fwd_mid_300ms,345339,20,0.0029947528199299723,-0.003624980800270746,-0.002498636278905246,0.009178594157054056,-0.272224290141967,-0.2727272727272727,0.14513564931849574,10
near_depth,fwd_micro_300ms,345339,20,-0.002815043585819194,0.005682228687922023,0.020449982926608996,0.020494754937477728,0.9978154405356241,0.38181818181818183,0.14513564931849574,10
near_depth,fwd_mid_500ms,345339,20,0.0024284421073639912,-0.007986565116508554,-0.004920815070803259,0.015348344263927886,-0.32060885436146347,-0.7454545454545454,0.14513564931849574,10
near_depth,fwd_micro_500ms,345339,20,-0.008090052572886829,0.006029594650933083,0.022796123791873228,0.024034504321674928,0.9484748878850439,0.5151515151515151,0.14513564931849574,10
near_depth,fwd_mid_1s,345339,20,-0.00816907563437788,-0.004822001733343291,0.036656124711016286,0.02976994645144173,1.2313130885474288,-0.18787878787878787,0.14513564931849574,10
near_depth,fwd_micro_1s,345339,20,-0.018792534907520832,0.02138253683428616,0.08525827160778231,0.05305368485468677,1.6070188497048492,0.2606060606060606,0.14513564931849574,10
near_depth,fwd_mid_3s,345339,20,-0.004969445738677125,-0.0000762612597629422,0.017822395861828273,0.03429751046734233,0.5196410940321322,-0.29696969696969694,0.14513564931849574,10
near_depth,fwd_micro_3s,345339,20,-0.017743241127947555,0.036213241261833506,0.04701130472580007,0.04059087953788453,1.1581740839570422,0.49090909090909085,0.14513564931849574,10
near_depth,fwd_mid_5s,345339,20,0.003588226763459482,0.0029994146961027277,0.05398072579288132,0.07135821410483395,0.7564752911777897,-0.22424242424242422,0.14513564931849574,10
near_depth,fwd_micro_5s,345339,20,-0.03222906907375674,0.019104274376729735,0.08014586135941715,0.06139542387834789,1.30540447962738,0.35757575757575755,0.14513564931849574,10
near_depth,fwd_mid_10s,345339,20,0.008442285651128614,0.009095943950563118,0.14847879503155087,0.15186387309244131,0.9777097871142144,-0.10303030303030303,0.14513564931849574,10
near_depth,fwd_micro_10s,345339,20,-0.031644977458612465,0.027892512076435005,0.17664368148470339,0.13112879711181863,1.3471006016632063,0.3939393939393939,0.14513564931849574,10
near_depth,fwd_mid_30s,345339,20,0.07565192271868215,0.0859836881898697,0.22415365934734116,0.16770800721291057,1.3365710026162976,0.35757575757575755,0.14513564931849574,10
near_depth,fwd_micro_30s,345339,20,0.03352045483686354,0.11179082895410068,0.25241698345847224,0.14876109341568275,1.6967943543756034,0.38181818181818183,0.14513564931849574,10
near_depth,fwd_mid_60s,345339,20,0.15150183625820612,0.160624076775071,0.26389776173838264,0.24485164011237556,1.077786375526281,0.32121212121212117,0.14513564931849574,10
near_depth,fwd_micro_60s,345339,20,0.09847344926134789,0.17855273374846428,0.2891082173905288,0.2392929956725903,1.2081766813855996,0.49090909090909085,0.14513564931849574,10
deep_depth,fwd_mid_100ms,345339,16,-0.0016018437600058483,-0.002373332507697098,0.0005197501930037159,0.0034194498483667234,0.1519981915371477,-0.01818181818181818,0.1385537109912289,10
deep_depth,fwd_micro_100ms,345339,16,-0.00849028509042109,-0.0012323986273792321,0.012139377466078183,0.0063990278971740745,1.897065876434005,0.33333333333333326,0.1385537109912289,10
deep_depth,fwd_mid_300ms,345339,16,-0.002002873864966162,-0.003664986608766788,0.0016830079852660725,0.006919309639552742,0.24323351214773223,0.16363636363636364,0.1385537109912289,10
deep_depth,fwd_micro_300ms,345339,16,-0.008584691290990334,-0.00515806567775224,0.008603653526867473,0.010065235817641216,0.8547890663215216,0.22424242424242422,0.1385537109912289,10
deep_depth,fwd_mid_500ms,345339,16,-0.00027527701023619567,-0.008004136805014593,0.00028171140117371016,0.009058344945025911,0.031099654835776883,-0.0303030303030303,0.1385537109912289,10
deep_depth,fwd_micro_500ms,345339,16,0.006586262269527915,-0.010874670171136035,0.0017106191812149103,0.010737371388766565,0.159314521150359,-0.43030303030303024,0.1385537109912289,10
deep_depth,fwd_mid_1s,345339,16,-0.013477563108215735,-0.006362024681754989,0.024608660443222047,0.013795612431294624,1.7838034060306442,0.43030303030303024,0.1385537109912289,10
deep_depth,fwd_micro_1s,345339,16,0.006381037346060065,-0.002380496529124771,0.017890814812217957,0.01617299557728712,1.1062152788406925,-0.10303030303030303,0.1385537109912289,10
deep_depth,fwd_mid_3s,345339,16,-0.00761341804060009,0.004324890516040352,0.03957629068102302,0.025980462667824014,1.523309695713657,0.43030303030303024,0.1385537109912289,10
deep_depth,fwd_micro_3s,345339,16,0.013998184559330077,0.01887096660326429,0.0598798839166509,0.02740297505331613,2.185159961651851,-0.06666666666666665,0.1385537109912289,10
deep_depth,fwd_mid_5s,345339,16,0.000864842508976516,0.013716782841789649,0.037499888271644494,0.025164954930439867,1.4901631405778568,0.33333333333333326,0.1385537109912289,10
deep_depth,fwd_micro_5s,345339,16,-0.0034460595224248027,0.015970657078037916,0.0329143140288781,0.03172435747557235,1.0375092404699455,-0.12727272727272726,0.1385537109912289,10
deep_depth,fwd_mid_10s,345339,16,0.038862716217900134,0.037131774945823745,0.006716638363031956,0.03905802584555586,0.17196563875478604,-0.11515151515151514,0.1385537109912289,10
deep_depth,fwd_micro_10s,345339,16,0.03570674570512582,0.032405237937018994,-0.004713909522942216,0.04224818787619371,-0.11157660860522828,-0.41818181818181815,0.1385537109912289,10
deep_depth,fwd_mid_30s,345339,16,0.09069707892253594,0.08222665390469301,-0.07233540977233342,0.0761569753788993,-0.949819887311009,-0.11515151515151514,0.1385537109912289,10
deep_depth,fwd_micro_30s,345339,16,0.09539567295002108,0.06794942122107017,-0.08876816171950794,0.07750363837350203,-1.145341865006652,-0.2727272727272727,0.1385537109912289,10
deep_depth,fwd_mid_60s,345339,16,0.2054043318720372,0.19525969477550956,-0.111087403020309,0.1341978943973819,-0.8277879732699908,-0.05454545454545454,0.1385537109912289,10
deep_depth,fwd_micro_60s,345339,16,0.2061371290733896,0.18833598198651166,-0.11833650070959678,0.13543214504576512,-0.8737696701887769,-0.2121212121212121,0.1385537109912289,10
near_deep_ratio,fwd_mid_100ms,328851,20,-0.0030237010837806163,-0.0052167781545547146,-0.0014151012285646505,0.003801495566814597,-0.3722485542053156,-0.2727272727272727,0.10889734256547798,10
near_deep_ratio,fwd_micro_100ms,328851,20,-0.0025753479410665922,-0.006185223465104573,-0.011097034966871212,0.007698433198228854,-1.4414666830419807,-0.29696969696969694,0.10889734256547798,10
near_deep_ratio,fwd_mid_300ms,328851,20,-0.0014219451412683397,-0.007693643886880141,-0.00588706585419827,0.004394407153884548,-1.3396723717314742,-0.3939393939393939,0.10889734256547798,10
near_deep_ratio,fwd_micro_300ms,328851,20,-0.003446715648975484,-0.003195150207607576,-0.0033363726567214695,0.009917369001598824,-0.33641711387199547,0.19999999999999998,0.10889734256547798,10
near_deep_ratio,fwd_mid_500ms,328851,20,-0.007368500238567888,-0.01081132066821634,0.0007857432673055709,0.009692646058291277,0.08106591972719678,-0.38181818181818183,0.10889734256547798,10
near_deep_ratio,fwd_micro_500ms,328851,20,-0.013522853306792138,0.014174761832867235,0.020700886426983235,0.013356691173847945,1.5498513933986162,0.6484848484848483,0.10889734256547798,10
near_deep_ratio,fwd_mid_1s,328851,20,-0.010482344049069269,-0.009175427817740856,-0.000028596870646914117,0.007972655551898458,-0.0035868689498450234,-0.24848484848484845,0.10889734256547798,10
near_deep_ratio,fwd_micro_1s,328851,20,-0.013654118516392023,0.027689409089483814,0.020418361211560994,0.018458724866838482,1.1061631482596634,0.43030303030303024,0.10889734256547798,10
near_deep_ratio,fwd_mid_3s,328851,20,-0.000430264146809681,-0.013547283055378077,-0.03201971534220856,0.027663434098372307,-1.157474347846516,-0.2121212121212121,0.10889734256547798,10
near_deep_ratio,fwd_micro_3s,328851,20,-0.001831813518864795,0.039227048028507794,-0.004603175886727695,0.04084367477909739,-0.11270229507075273,0.9272727272727272,0.10889734256547798,10
near_deep_ratio,fwd_mid_5s,328851,20,-0.01096889619347767,-0.01327241255111587,-0.01531917126283141,0.029029125948716972,-0.5277172757421064,-0.11515151515151514,0.10889734256547798,10
near_deep_ratio,fwd_micro_5s,328851,20,-0.03550590356793423,0.031060872479230815,0.03160558162016599,0.04904122342272585,0.644469681103426,0.8303030303030302,0.10889734256547798,10
near_deep_ratio,fwd_mid_10s,328851,20,-0.009254739584122526,-0.008280249472879444,0.011372607622759781,0.03700863466405118,0.30729606012206423,0.1515151515151515,0.10889734256547798,10
near_deep_ratio,fwd_micro_10s,328851,20,-0.053418513697337175,0.0462097155755557,0.09389673726538855,0.0590677182893534,1.589645579424944,0.7212121212121211,0.10889734256547798,10
near_deep_ratio,fwd_mid_30s,328851,20,0.015004964283044597,0.02762646206249398,0.025310147007150986,0.07365895647080564,0.34361261983371344,0.5030303030303029,0.10889734256547798,10
near_deep_ratio,fwd_micro_30s,328851,20,-0.030222125806461712,0.09228824699170209,0.11928411264376493,0.08359059641204875,1.4270039665199867,0.8666666666666665,0.10889734256547798,10
near_deep_ratio,fwd_mid_60s,328851,20,0.1139656311326469,0.057575646534732024,0.004181753888626308,0.16090526522759332,0.025988918900269692,0.18787878787878787,0.10889734256547798,10
near_deep_ratio,fwd_micro_60s,328851,20,0.07955271996199934,0.13522947732470977,0.10218859608425082,0.1645984715873132,0.6208356316968817,0.4545454545454545,0.10889734256547798,10
dollar_depth,fwd_mid_100ms,345339,20,-0.0009013378544081649,-0.00041228196549183163,-0.007059564444139794,0.007790904777835963,-0.9061289600436743,0.23636363636363633,0.1545206304529752,10
dollar_depth,fwd_micro_100ms,345339,20,-0.00459328059610011,0.0032728161569043784,0.011757004622403058,0.006578751987577637,1.787117776229182,0.6121212121212121,0.1545206304529752,10
dollar_depth,fwd_mid_300ms,345339,20,0.001996155979956454,-0.001699558177137911,-0.010882802736915989,0.010836268781909844,-1.0042942784036355,0.0303030303030303,0.1545206304529752,10
dollar_depth,fwd_micro_300ms,345339,20,-0.0025042165224864452,0.0002789353373857083,0.012023753020718123,0.01916423022847315,0.6274059994778135,0.4545454545454545,0.1545206304529752,10
dollar_depth,fwd_mid_500ms,345339,20,0.005302766218982159,-0.005409396688211525,-0.019691285413353868,0.015986170550163735,-1.2317700071798736,-0.5151515151515151,0.1545206304529752,10
dollar_depth,fwd_micro_500ms,345339,20,-0.0022018745760084067,0.0022954381579738414,0.02516559876369115,0.03316721132004945,0.7587493118083957,0.4545454545454545,0.1545206304529752,10
dollar_depth,fwd_mid_1s,345339,20,0.0021370041649347252,-0.004270545063609244,-0.008700168059848443,0.02106055308725522,-0.41310254406914626,-0.2606060606060606,0.1545206304529752,10
dollar_depth,fwd_micro_1s,345339,20,-0.004452859539009978,0.009943325750215483,0.042887359069960475,0.04864306110094651,0.8816747568776251,0.5515151515151515,0.1545206304529752,10
dollar_depth,fwd_mid_3s,345339,20,0.011395549853780051,0.007623901059955249,-0.04390123121063845,0.027243722989470948,-1.6114255466334477,-0.22424242424242422,0.1545206304529752,10
dollar_depth,fwd_micro_3s,345339,20,0.0020166638256422435,0.030518699686803163,0.017517003762693176,0.03665177851543391,0.477930525399111,0.4424242424242424,0.1545206304529752,10
dollar_depth,fwd_mid_5s,345339,20,0.024685872186843472,0.012830769001106196,-0.024523410411098893,0.03136831229368907,-0.781789284086945,-0.09090909090909088,0.1545206304529752,10
dollar_depth,fwd_micro_5s,345339,20,0.007284663341722667,0.01998712896669895,0.00896481782466621,0.03406253848955566,0.26318701489071417,0.17575757575757575,0.1545206304529752,10
dollar_depth,fwd_mid_10s,345339,20,0.03657690881476208,0.024762900164112457,0.007343826741843404,0.08467648820413817,0.08672805046117286,-0.22424242424242422,0.1545206304529752,10
dollar_depth,fwd_micro_10s,345339,20,0.0161333780875924,0.02960363180549421,0.016266715668755573,0.0771163063246826,0.21093743261338088,0.17575757575757575,0.1545206304529752,10
dollar_depth,fwd_mid_30s,345339,20,0.07527650947400256,0.07832178736404713,-0.03946744998989701,0.12024030823579422,-0.3282380972651897,0.5272727272727272,0.1545206304529752,10
dollar_depth,fwd_micro_30s,345339,20,0.0534966084079548,0.08410840930551702,-0.040172221404410804,0.10930436139855473,-0.36752624406204143,0.7212121212121211,0.1545206304529752,10
dollar_depth,fwd_mid_60s,345339,20,0.10031853542990833,0.13928848064122504,-0.257670572011975,0.2910450900423688,-0.8853287027603343,0.6242424242424242,0.1545206304529752,10
dollar_depth,fwd_micro_60s,345339,20,0.07235942668805517,0.15001563699604575,-0.22843632033334266,0.3015487621261318,-0.7575435519041936,0.6484848484848483,0.1545206304529752,10
depth_per_tick,fwd_mid_100ms,345339,20,-0.0012741959995700614,-0.0007137257370325218,-0.007920962044017427,0.008153028389855854,-0.9715361783693568,0.1515151515151515,0.15597427455340984,10
depth_per_tick,fwd_micro_100ms,345339,20,-0.0034241797822786224,0.003183729950934734,0.01442837058710616,0.007443402767578872,1.938410568074002,0.406060606060606,0.15597427455340984,10
depth_per_tick,fwd_mid_300ms,345339,20,0.0021181640702342326,-0.0016399260891834543,-0.012064545183254505,0.01181293787457215,-1.0212993000855402,0.04242424242424241,0.15597427455340984,10
depth_per_tick,fwd_micro_300ms,345339,20,-0.0019339356352072235,0.0014205912044636902,0.01407570428923231,0.01764540486562989,0.7976980067286117,0.23636363636363633,0.15597427455340984,10
depth_per_tick,fwd_mid_500ms,345339,20,0.005389472414776647,-0.005064912262134738,-0.020878994039704654,0.016135834333387084,-1.29395193383359,-0.4424242424242424,0.15597427455340984,10
depth_per_tick,fwd_micro_500ms,345339,20,-0.003109000494677557,0.0022479849865576877,0.028901560589748836,0.031313245827253,0.9229819466557763,0.3939393939393939,0.15597427455340984,10
depth_per_tick,fwd_mid_1s,345339,20,0.002326429280764856,-0.005816077517185455,-0.010517917748228356,0.01982289280861098,-0.5305944924274331,-0.2121212121212121,0.15597427455340984,10
depth_per_tick,fwd_micro_1s,345339,20,-0.0035429800402661683,0.006443604925542697,0.042705304906767286,0.04615814793202819,0.9251953732990867,0.41818181818181815,0.15597427455340984,10
depth_per_tick,fwd_mid_3s,345339,20,0.01075262837317182,0.005641867886259083,-0.04128573549598534,0.02680905930862314,-1.5399919490164944,-0.49090909090909085,0.15597427455340984,10
depth_per_tick,fwd_micro_3s,345339,20,0.0008238035332011994,0.025899789956559196,0.022067667703310638,0.038731856323980796,0.569754971688446,0.41818181818181815,0.15597427455340984,10
depth_per_tick,fwd_mid_5s,345339,20,0.025006137321345902,0.010916233171093678,-0.024459355752741163,0.03115978041948408,-0.7849656006384059,-0.19999999999999998,0.15597427455340984,10
depth_per_tick,fwd_micro_5s,345339,20,0.006088884837779064,0.0170885863519625,0.013084414300751671,0.03625187947660425,0.36093064662194724,0.309090909090909,0.15597427455340984,10
depth_per_tick,fwd_mid_10s,345339,20,0.03424208961911185,0.022238817918711892,0.008484627982240152,0.08290236137570936,0.1023448288015373,-0.4545454545454545,0.15597427455340984,10
depth_per_tick,fwd_micro_10s,345339,20,0.012024626108459158,0.026587610648947286,0.018974446300243426,0.07921903026222728,0.2395187903390772,0.04242424242424241,0.15597427455340984,10
depth_per_tick,fwd_mid_30s,345339,20,0.07896170667400579,0.05617143463161029,-0.09428305374125562,0.10583968740666967,-0.8908100170306645,0.006060606060606061,0.15597427455340984,10
depth_per_tick,fwd_micro_30s,345339,20,0.05373279547381959,0.05966352809558398,-0.09396193209074757,0.10303368696233854,-0.9119535062847268,0.29696969696969694,0.15597427455340984,10
depth_per_tick,fwd_mid_60s,345339,20,0.10763726465122163,0.1181151238449539,-0.3106175681519485,0.29643637731228856,-1.0478389021220578,0.4545454545454545,0.15597427455340984,10
depth_per_tick,fwd_micro_60s,345339,20,0.07732873982069723,0.12524929991387387,-0.2867824152025157,0.31355888641788154,-0.9146046488388127,0.4545454545454545,0.15597427455340984,10
depth_per_bp,fwd_mid_100ms,345339,20,-0.0009013209637188406,-0.00041228196549183163,-0.0070595714662535294,0.007790904805382978,-0.9061298581617699,0.22424242424242422,0.15452352615835455,10
depth_per_bp,fwd_micro_100ms,345339,20,-0.004593040048796045,0.0032728161569043784,0.011756938766951256,0.006578768007121009,1.7871034142297275,0.6,0.15452352615835455,10
depth_per_bp,fwd_mid_300ms,345339,20,0.0019961185728395387,-0.001699558177137911,-0.010882811763145506,0.010836269148571408,-1.0042950773865038,0.0303030303030303,0.15452352615835455,10
depth_per_bp,fwd_micro_300ms,345339,20,-0.0025040151233575864,0.0002789353373857083,0.012023680816192376,0.0191642449547461,0.6274017496950572,0.4545454545454545,0.15452352615835455,10
depth_per_bp,fwd_mid_500ms,345339,20,0.005302666847391001,-0.005409396688211525,-0.0196912753745115,0.015986169469221146,-1.2317694624984399,-0.5151515151515151,0.15452352615835455,10
depth_per_bp,fwd_micro_500ms,345339,20,-0.0022016788426394663,0.0022954381579738414,0.025165535129450377,0.033167220308525515,0.7587471875953882,0.4545454545454545,0.15452352615835455,10
depth_per_bp,fwd_mid_1s,345339,20,0.0021369641183825276,-0.004270545063609244,-0.008700133643227097,0.021060555877324,-0.4131008551675776,-0.2606060606060606,0.15452352615835455,10
depth_per_bp,fwd_micro_1s,345339,20,-0.004452621623137,0.009943325750215483,0.04288734966912102,0.048643061500467794,0.8816745563744703,0.5515151515151515,0.15452352615835455,10
depth_per_bp,fwd_mid_3s,345339,20,0.01147669947143442,0.007623901059955249,-0.0439245283263365,0.027236647578616102,-1.6126995144887912,-0.2727272727272727,0.15452352615835455,10
depth_per_bp,fwd_micro_3s,345339,20,0.0020669139352236187,0.030518699686803163,0.017502607684721012,0.03665036624410625,0.4775561468648518,0.4424242424242424,0.15452352615835455,10
depth_per_bp,fwd_mid_5s,345339,20,0.024808048012040257,0.012830769001106196,-0.024558533808739638,0.031358539467687574,-0.7831529856180072,-0.1515151515151515,0.15452352615835455,10
depth_per_bp,fwd_micro_5s,345339,20,0.007391598875513962,0.01998712896669895,0.008934169716514938,0.03406351260599205,0.2622797542888558,0.17575757575757575,0.15452352615835455,10
depth_per_bp,fwd_mid_10s,345339,20,0.036700075647668036,0.024762900164112457,0.007308535119976481,0.08467730588050329,0.08631043517480698,-0.22424242424242422,0.15452352615835455,10
depth_per_bp,fwd_micro_10s,345339,20,0.01626713110813937,0.02960363180549421,0.016228445881466762,0.07712192218408849,0.21042584808415155,0.17575757575757575,0.15452352615835455,10
depth_per_bp,fwd_mid_30s,345339,20,0.07540502017833645,0.07832178736404713,-0.03950402813386662,0.12024213399984181,-0.3285373173260431,0.5272727272727272,0.15452352615835455,10
depth_per_bp,fwd_micro_30s,345339,20,0.053619699281399855,0.08410840930551702,-0.04020712843475922,0.10930742245469725,-0.36783529912090984,0.7212121212121211,0.15452352615835455,10
depth_per_bp,fwd_mid_60s,345339,20,0.10052909691247242,0.13928848064122504,-0.2577306326371004,0.2910467988076823,-0.8855298656193207,0.6242424242424242,0.15452352615835455,10
depth_per_bp,fwd_micro_60s,345339,20,0.07257858876738112,0.15001563699604575,-0.22849877282427408,0.30155159901675316,-0.7577435290322552,0.6484848484848483,0.15452352615835455,10
liq_density,fwd_mid_100ms,345339,20,-0.00029618972944585634,-0.001998648494790107,-0.00635143655451037,0.005473475448093199,-1.160402858246679,0.05454545454545454,0.14080946548174403,10
liq_density,fwd_micro_100ms,345339,20,-0.003356265446000163,-0.0003365423150209485,0.012797338544899403,0.01080320885791005,1.1845867939070032,0.23636363636363633,0.14080946548174403,10
liq_density,fwd_mid_300ms,345339,20,0.001745123125815634,-0.005527109685209781,-0.009208045605838001,0.006177940628367578,-1.490471689474795,0.07878787878787878,0.14080946548174403,10
liq_density,fwd_micro_300ms,345339,20,0.00012317850706746318,-0.0029957346125023226,0.003003738943298955,0.014199365749236754,0.21154036006575944,0.24848484848484845,0.14080946548174403,10
liq_density,fwd_mid_500ms,345339,20,0.002272241350592268,-0.011166639088699647,-0.018700343579711367,0.013047318111641244,-1.4332710691729291,-0.3696969696969697,0.14080946548174403,10
liq_density,fwd_micro_500ms,345339,20,-0.0076213510275940505,-0.01036311094639494,0.0008211250611446222,0.018050450521639696,0.04549055770991535,0.04242424242424241,0.14080946548174403,10
liq_density,fwd_mid_1s,345339,20,-0.007573250400867701,0.0026241405791325315,0.01579106553491728,0.026629470194082974,0.5929921031033516,0.17575757575757575,0.14080946548174403,10
liq_density,fwd_micro_1s,345339,20,-0.016386505263336557,0.0063145120659073226,0.03523152124945111,0.03990937319959594,0.8827881378454675,0.18787878787878787,0.14080946548174403,10
liq_density,fwd_mid_3s,345339,20,0.008481453199738106,0.026869433775425243,0.04816013259162412,0.048619491748645126,0.9905519547716414,0.1515151515151515,0.14080946548174403,10
liq_density,fwd_micro_3s,345339,20,-0.007776927583982973,0.029494498531534,0.08073439875502508,0.05700907337694804,1.4161675321611265,0.41818181818181815,0.14080946548174403,10
liq_density,fwd_mid_5s,345339,20,0.016900349069092616,0.03587401408907078,0.07145571953277174,0.05779309366195347,1.2364058576053127,0.23636363636363633,0.14080946548174403,10
liq_density,fwd_micro_5s,345339,20,-0.0076346162970669035,0.03456785249053536,0.08325846230688908,0.05877723941540643,1.4165085522044054,0.7212121212121211,0.14080946548174403,10
liq_density,fwd_mid_10s,345339,20,0.02046113278849672,0.051444931489989035,0.12558917354448715,0.09115884730516051,1.3776959368964896,0.18787878787878787,0.14080946548174403,10
liq_density,fwd_micro_10s,345339,20,-0.009622883920693076,0.046314772077663505,0.13323853134241398,0.08342976712963442,1.597014302285969,0.6606060606060605,0.14080946548174403,10
liq_density,fwd_mid_30s,345339,20,0.0872920448347653,0.08856102734664743,0.034011234274581345,0.11720070010938934,0.2901965111371941,0.5151515151515151,0.14080946548174403,10
liq_density,fwd_micro_30s,345339,20,0.05603878662121047,0.08572372927649054,0.04967783659353773,0.11777423185096494,0.4218056514807208,0.5636363636363636,0.14080946548174403,10
liq_density,fwd_mid_60s,345339,20,0.11713826803500381,0.11609494063396593,-0.03376051216215436,0.18432188241257771,-0.18316063030750937,0.2606060606060606,0.14080946548174403,10
liq_density,fwd_micro_60s,345339,20,0.07898628593324791,0.11463752437661871,-0.027310232923981454,0.1822025100293025,-0.14988944400156354,0.5151515151515151,0.14080946548174403,10
micro1,fwd_mid_100ms,345339,6,-0.0012594606312643806,-0.00043378360013795434,-0.011354183480145668,0.014286153606198537,-0.7947684025474335,0.6727272727272726,0.48996493300785604,10
micro1,fwd_micro_100ms,345339,6,0.0009980483868538648,-0.0007289752424425133,0.01629274437386533,0.024834120230034396,0.6560628773215359,0.24848484848484845,0.48996493300785604,10
micro1,fwd_mid_300ms,345339,6,-0.0036064510034948473,0.0005333100485636933,-0.011275933075368103,0.007794860972807237,-1.4465855279144502,0.24848484848484845,0.48996493300785604,10
micro1,fwd_micro_300ms,345339,6,-0.004890334026280349,0.0008399059568434046,0.021459566219115586,0.051905213086743854,0.4134375902330353,0.4666666666666666,0.48996493300785604,10
micro1,fwd_mid_500ms,345339,6,-0.007630750387505807,0.00050317235409823,-0.022743061563123546,0.014359709684960623,-1.5838106801659837,0.5272727272727272,0.48996493300785604,10
micro1,fwd_micro_500ms,345339,6,-0.011683256063853044,0.0014527728123033383,-0.061049555974616594,0.03683037537227598,-1.657587123604816,0.2727272727272727,0.48996493300785604,10
micro1,fwd_mid_1s,345339,6,-0.004892736158805228,0.00038004322701383345,-0.08155166802816681,0.04115734360727506,-1.9814609224136506,0.4545454545454545,0.48996493300785604,10
micro1,fwd_micro_1s,345339,6,-0.0037270973656760267,0.006713726060365892,-0.1094886733749519,0.04785631736766338,-2.2878624891628965,0.13939393939393938,0.48996493300785604,10
micro1,fwd_mid_3s,345339,6,0.016363443556956056,0.003805354390526335,-0.2526271100049557,0.1286207704045025,-1.9641237508565894,0.32121212121212117,0.48996493300785604,10
micro1,fwd_micro_3s,345339,6,0.01864765927807773,0.015851423762883867,-0.2792760080095991,0.12922745653165915,-2.1611197457962805,0.33333333333333326,0.48996493300785604,10
micro1,fwd_mid_5s,345339,6,0.008098049302020061,0.014864010460951487,-0.2804102625230408,0.16746310252223398,-1.6744599753597118,0.6,0.48996493300785604,10
micro1,fwd_micro_5s,345339,6,0.011619156699537857,0.013298711328888988,-0.31866537556105984,0.18567387802985946,-1.7162639082155278,0.5636363636363636,0.48996493300785604,10
micro1,fwd_mid_10s,345339,6,0.014432497180884279,0.02739698779249165,-0.6055783459260048,0.3660894937716905,-1.6541811667058386,0.5636363636363636,0.48996493300785604,10
micro1,fwd_micro_10s,345339,6,0.018250799338014025,0.025509948203294903,-0.644003494421525,0.3811913398189871,-1.6894494369345776,0.5636363636363636,0.48996493300785604,10
micro1,fwd_mid_30s,345339,6,0.05443081742162019,0.08021321936456947,-1.8084335077474074,1.0428858419376268,-1.73406660156344,0.24848484848484845,0.48996493300785604,10
micro1,fwd_micro_30s,345339,6,0.05795730713774615,0.07800034829202496,-1.8253119022908901,1.0473229452148132,-1.7428357801485062,0.24848484848484845,0.48996493300785604,10
micro1,fwd_mid_60s,345339,6,0.11167206797746689,0.1448851213993244,-3.8251955609335586,2.3605916419085378,-1.62043933945343,0.2606060606060606,0.48996493300785604,10
micro1,fwd_micro_60s,345339,6,0.11556271637254302,0.14194000830180595,-3.8223575602325934,2.3457451662889044,-1.6294854254265692,0.2606060606060606,0.48996493300785604,10
delta1,fwd_mid_100ms,345339,20,-0.024250705803105257,0.020409693980590757,0.05592477555326301,0.00854163113914903,6.547318028864751,0.9636363636363635,0.10837466952762358,10
delta1,fwd_micro_100ms,345339,20,0.2757878085981142,-0.2746965461700467,-0.6099050447616433,0.07649475726925553,-7.973161384313248,-0.9878787878787878,0.10837466952762358,10
delta1,fwd_mid_300ms,345339,20,-0.05376530046519313,0.04497246214263262,0.12403483911828887,0.020266204322946027,6.120279710091187,0.9272727272727272,0.10837466952762358,10
delta1,fwd_micro_300ms,345339,20,0.5807921765325987,-0.5998352921504564,-1.3440903336274441,0.15329450212470155,-8.768027000303361,-0.9878787878787878,0.10837466952762358,10
delta1,fwd_mid_500ms,345339,20,-0.07219377249073383,0.06643689680857391,0.1679215331715997,0.02560801308642685,6.557382355470757,0.9272727272727272,0.10837466952762358,10
delta1,fwd_micro_500ms,345339,20,0.7604862165181742,-0.7643356972345556,-1.6625274962445105,0.17168543083880577,-9.683567721045856,-0.9878787878787878,0.10837466952762358,10
delta1,fwd_mid_1s,345339,20,-0.110267341563853,0.08869082400138842,0.18854558777704528,0.05219780991824982,3.6121359894665703,0.9515151515151514,0.10837466952762358,10
delta1,fwd_micro_1s,345339,20,0.9059843113750167,-0.8932830446950899,-1.9772651454940473,0.18154885370130733,-10.891091324361302,-0.9878787878787878,0.10837466952762358,10
delta1,fwd_mid_3s,345339,20,-0.19106124612282605,0.1738436537753502,0.3399650098731585,0.06683512250021138,5.08662208065951,0.9878787878787878,0.10837466952762358,10
delta1,fwd_micro_3s,345339,20,1.0643160784844052,-1.026275601646339,-2.3020475142630255,0.20924409583978001,-11.001732235377972,-0.9878787878787878,0.10837466952762358,10
delta1,fwd_mid_5s,345339,20,-0.23648496939330507,0.21878299927973763,0.4293565824188277,0.06680527773581314,6.426985965341734,0.9999999999999999,0.10837466952762358,10
delta1,fwd_micro_5s,345339,20,1.1269940718976041,-1.1139656788156023,-2.476249759185161,0.22337609935815106,-11.08556271821568,-0.9878787878787878,0.10837466952762358,10
delta1,fwd_mid_10s,345339,20,-0.3066436847592309,0.30424319802774386,0.5704369557552714,0.07672036152456364,7.435274605329304,0.9878787878787878,0.10837466952762358,10
delta1,fwd_micro_10s,345339,20,1.1970692710816728,-1.182097379283293,-2.6303369227837505,0.2332493270276174,-11.276932526679106,-0.9878787878787878,0.10837466952762358,10
delta1,fwd_mid_30s,345339,20,-0.3785031864686973,0.561839597091115,0.8801221932315091,0.13549977106454975,6.495377714049672,0.9878787878787878,0.10837466952762358,10
delta1,fwd_micro_30s,345339,20,1.1914946988938546,-1.0593049404251524,-2.5684157387112707,0.25581003508712946,-10.040324406493525,-0.9636363636363635,0.10837466952762358,10
delta1,fwd_mid_60s,345339,20,-0.40933223734302643,0.7019594971202047,1.0572640782108358,0.1820744775804389,5.8067670563203775,0.9878787878787878,0.10837466952762358,10
delta1,fwd_micro_60s,345339,20,1.2219028732971597,-0.9454421145087667,-2.46568321566854,0.3206054768092485,-7.690708344123373,-0.9393939393939393,0.10837466952762358,10
micro2,fwd_mid_100ms,345339,6,-0.0012667536225809833,-0.00043008153695668714,-0.011605705139091302,0.01426075423360057,-0.8138212712302721,0.6969696969696969,0.4899736201239941,10
micro2,fwd_micro_100ms,345339,6,0.000918674473790219,-0.0006382375775666401,0.015721223463532153,0.025026146902781782,0.6281919276109044,0.2121212121212121,0.4899736201239941,10
micro2,fwd_mid_300ms,345339,6,-0.0036522681722946817,0.0005617306592224188,-0.011418569465861126,0.007918042194045355,-1.4420950515328512,0.19999999999999998,0.4899736201239941,10
micro2,fwd_micro_300ms,345339,6,-0.005139813354176532,0.0010052694750401702,0.021077925182537868,0.052078078539612424,0.4047369982459175,0.33333333333333326,0.4899736201239941,10
micro2,fwd_mid_500ms,345339,6,-0.007679033435950375,0.0005411016772339622,-0.02249742127554248,0.014178683143248284,-1.5867073865922083,0.5515151515151515,0.4899736201239941,10
micro2,fwd_micro_500ms,345339,6,-0.012006739433416205,0.001632786768114308,-0.05992444730890364,0.036711394126115786,-1.6323119493376725,0.29696969696969694,0.4899736201239941,10
micro2,fwd_mid_1s,345339,6,-0.005103482912645736,0.00045681455407807075,-0.08051621775956119,0.040931836161412605,-1.9670805248523326,0.49090909090909085,0.4899736201239941,10
micro2,fwd_micro_1s,345339,6,-0.004371959745849636,0.007048321886705524,-0.10588976045479927,0.04784956168286191,-2.2129724229579595,0.23636363636363633,0.4899736201239941,10
micro2,fwd_mid_3s,345339,6,0.015835045081226486,0.003781432440255254,-0.25183695553948154,0.12823012450147897,-1.963945340601903,0.34545454545454546,0.4899736201239941,10
micro2,fwd_micro_3s,345339,6,0.017484158817789575,0.0162714140184818,-0.2740693779295437,0.12896907401615706,-2.125078279582039,0.32121212121212117,0.4899736201239941,10
micro2,fwd_mid_5s,345339,6,0.0076889601088755135,0.014825279394806969,-0.2791951088811083,0.1671795069965139,-1.6700318950392061,0.5515151515151515,0.4899736201239941,10
micro2,fwd_micro_5s,345339,6,0.01051818727674087,0.013748023379421884,-0.3138361578222343,0.18586154599535504,-1.6885480863808027,0.6484848484848483,0.4899736201239941,10
micro2,fwd_mid_10s,345339,6,0.01436837944022057,0.02715339614693714,-0.6030815814878635,0.3652297445141803,-1.65123895451086,0.6484848484848483,0.4899736201239941,10
micro2,fwd_micro_10s,345339,6,0.017444042460696328,0.025717683842301466,-0.6364025486336887,0.3804459578233009,-1.672780418734972,0.5878787878787878,0.4899736201239941,10
micro2,fwd_mid_30s,345339,6,0.05500193241625834,0.0797533261902046,-1.815117300189396,1.0425824527008092,-1.740982015846647,0.33333333333333326,0.4899736201239941,10
micro2,fwd_micro_30s,345339,6,0.05768037398615967,0.07795308617157512,-1.8271579580432868,1.047448929640164,-1.7443885867265918,0.2727272727272727,0.4899736201239941,10
micro2,fwd_mid_60s,345339,6,0.11076589593484008,0.14362224894553569,-3.8262366273093664,2.361755542675099,-1.6200815699051934,0.34545454545454546,0.4899736201239941,10
micro2,fwd_micro_60s,345339,6,0.11387495506374927,0.14133670135470486,-3.8185193998260645,2.3473698200139728,-1.6267225416587041,0.33333333333333326,0.4899736201239941,10
delta2,fwd_mid_100ms,345339,20,-0.031059688829515018,0.03085676662502779,0.07391320182940418,0.009522607464416872,7.761865865583103,0.9151515151515152,0.10474345498191633,10
delta2,fwd_micro_100ms,345339,20,0.17415594944542995,-0.17871271845590841,-0.413044642610963,0.06515304444550919,-6.33960617076633,-0.9393939393939393,0.10474345498191633,10
delta2,fwd_mid_300ms,345339,20,-0.0663945957919692,0.06733222386646072,0.17528590173137942,0.02820822198246947,6.2140003662873236,0.9636363636363635,0.10474345498191633,10
delta2,fwd_micro_300ms,345339,20,0.36626016784193005,-0.4041258696041744,-0.9127300369840541,0.12024377603995083,-7.590663459211401,-0.9393939393939393,0.10474345498191633,10
delta2,fwd_mid_500ms,345339,20,-0.09130710281524941,0.09644143485132702,0.21974927058476168,0.027091660270937984,8.111325344666792,0.9636363636363635,0.10474345498191633,10
delta2,fwd_micro_500ms,345339,20,0.49368606664886083,-0.5099380159622529,-1.193932053292704,0.1512148230715922,-7.895601959124341,-0.9393939393939393,0.10474345498191633,10
delta2,fwd_mid_1s,345339,20,-0.13802466600437552,0.13503145770666042,0.256714514770323,0.06395602981209475,4.01392199491682,0.9878787878787878,0.10474345498191633,10
delta2,fwd_micro_1s,345339,20,0.5816586059716605,-0.5866073896862875,-1.4011862047109214,0.160898029684761,-8.708535508210955,-0.9393939393939393,0.10474345498191633,10
delta2,fwd_mid_3s,345339,20,-0.25038302868258183,0.2671558002243976,0.47009659975738016,0.10211135011133901,4.603764412524186,0.9878787878787878,0.10474345498191633,10
delta2,fwd_micro_3s,345339,20,0.6405439516350202,-0.6062679366894179,-1.5322109335383274,0.1885983625450026,-8.124200617981067,-0.9393939393939393,0.10474345498191633,10
delta2,fwd_mid_5s,345339,20,-0.30545473662558575,0.32638982856112203,0.5761568084252969,0.11254642858585699,5.119281132815075,0.9878787878787878,0.10474345498191633,10
delta2,fwd_micro_5s,345339,20,0.6336375002077187,-0.6465505972145089,-1.6396067885273051,0.22005717189498894,-7.450821867826802,-0.9393939393939393,0.10474345498191633,10
delta2,fwd_mid_10s,345339,20,-0.4096257337580504,0.4307620869367175,0.8012510139575111,0.12621293238459774,6.348406607937198,0.9999999999999999,0.10474345498191633,10
delta2,fwd_micro_10s,345339,20,0.6284947436203308,-0.6642200964192311,-1.6238074754687482,0.19042119097924404,-8.527451525317598,-0.8666666666666665,0.10474345498191633,10
delta2,fwd_mid_30s,345339,20,-0.4801482976135202,0.7450898971579561,1.1688573190308533,0.18912041226753454,6.180492655532911,0.9878787878787878,0.10474345498191633,10
delta2,fwd_micro_30s,345339,20,0.6213541227378959,-0.4291432484982055,-1.4371583003908681,0.22072711767917136,-6.511018290375128,-0.7696969696969697,0.10474345498191633,10
delta2,fwd_mid_60s,345339,20,-0.5032567507684184,0.9786192952582552,1.3207459990040293,0.23021114826984873,5.737107038169491,0.9878787878787878,0.10474345498191633,10
delta2,fwd_micro_60s,345339,20,0.6383205025201375,-0.23646176098177465,-1.3459364995775038,0.27354137905488857,-4.920412788104828,-0.5636363636363636,0.10474345498191633,10
micro3,fwd_mid_100ms,345339,6,-0.0012814153440667618,-0.0004209293412066003,-0.011438005769073644,0.014042364420873227,-0.8145356028555745,0.6969696969696969,0.48997651582937346,10
micro3,fwd_micro_100ms,345339,6,0.0008433994195191211,-0.0006202719771786973,0.015976324486956652,0.02452205952398728,0.6515082663154268,0.17575757575757575,0.48997651582937346,10
micro3,fwd_mid_300ms,345339,6,-0.0036006866920297244,0.0005288420732871617,-0.012094218438165284,0.007846643867274652,-1.5413237356936307,0.23636363636363633,0.48997651582937346,10
micro3,fwd_micro_300ms,345339,6,-0.005443992967864201,0.0009630037547790054,0.02228889920279883,0.05123597398432234,0.4350244070624869,0.41818181818181815,0.48997651582937346,10
micro3,fwd_mid_500ms,345339,6,-0.007691206214301179,0.0005028351616617745,-0.022771371753150794,0.014005244267261107,-1.6259175005166837,0.5515151515151515,0.48997651582937346,10
micro3,fwd_micro_500ms,345339,6,-0.012310029161788976,0.0016205277502259303,-0.05794878977735731,0.03611476020860885,-1.6045735716540568,0.2727272727272727,0.48997651582937346,10
micro3,fwd_mid_1s,345339,6,-0.005109045985159766,0.00034606224986513407,-0.07799958981833376,0.03801416558577593,-2.0518558967796863,0.38181818181818183,0.48997651582937346,10
micro3,fwd_micro_1s,345339,6,-0.004679425733172975,0.006987779392372356,-0.09743829030220201,0.04168802963074869,-2.3373205969497888,0.24848484848484845,0.48997651582937346,10
micro3,fwd_mid_3s,345339,6,0.015878455309668513,0.003712021398481184,-0.22567860560961742,0.10401947657355123,-2.1695802848040877,0.406060606060606,0.48997651582937346,10
micro3,fwd_micro_3s,345339,6,0.017007254579552884,0.016331472451707348,-0.24615426193355314,0.10517606057757732,-2.3404019943491896,0.406060606060606,0.48997651582937346,10
micro3,fwd_mid_5s,345339,6,0.007785715308158215,0.014705007232351817,-0.25874791443780387,0.14669923262414797,-1.7637986907588752,0.6,0.48997651582937346,10
micro3,fwd_micro_5s,345339,6,0.010159911047350544,0.013670310104457541,-0.2878438367098336,0.16336913144276582,-1.7619230399757362,0.6121212121212121,0.48997651582937346,10
micro3,fwd_mid_10s,345339,6,0.015090372530737988,0.02708054066796498,-0.5917149812846509,0.34654220214194786,-1.7074831799051053,0.7575757575757575,0.48997651582937346,10
micro3,fwd_micro_10s,345339,6,0.01775638606540753,0.025731140529646576,-0.6185450298031716,0.3580573964477077,-1.7275024505561547,0.709090909090909,0.48997651582937346,10
micro3,fwd_mid_30s,345339,6,0.05538953123663911,0.07957140022928252,-1.776199770419236,1.0043393606633488,-1.7685255004305385,0.33333333333333326,0.48997651582937346,10
micro3,fwd_micro_30s,345339,6,0.05801160351211612,0.07795897099319797,-1.7865761150410642,1.0076800947938047,-1.7729596171160253,0.2727272727272727,0.48997651582937346,10
micro3,fwd_mid_60s,345339,6,0.11305058138759315,0.1439202552165095,-3.8543664230226597,2.365921134703727,-1.6291187252551103,0.3696969696969697,0.48997651582937346,10
micro3,fwd_micro_60s,345339,6,0.1155346217033922,0.1417232954846372,-3.8400367053152817,2.348039941515247,-1.6354222249035564,0.3696969696969697,0.48997651582937346,10
delta3,fwd_mid_100ms,345339,20,-0.03567970693708556,0.03436718790060138,0.08331836497450937,0.010723360038699092,7.769800200107537,0.9636363636363635,0.10725403154581441,10
delta3,fwd_micro_100ms,345339,20,0.13583071835690275,-0.1438402502011622,-0.3464773042301057,0.059067350471756215,-5.865800674363718,-0.8666666666666665,0.10725403154581441,10
delta3,fwd_mid_300ms,345339,20,-0.07412441999779468,0.07286142858275754,0.19551150434447256,0.032384852176568654,6.037128200508835,0.9636363636363635,0.10725403154581441,10
delta3,fwd_micro_300ms,345339,20,0.2939162093763293,-0.3374181551642163,-0.7917971123292558,0.1091654029320627,-7.253187283355861,-0.9030303030303028,0.10725403154581441,10
delta3,fwd_mid_500ms,345339,20,-0.09986477608323872,0.1022561165184813,0.23906151557444733,0.030302598374939746,7.889142462850685,0.9636363636363635,0.10725403154581441,10
delta3,fwd_micro_500ms,345339,20,0.39884559701979694,-0.42276435250573025,-1.0546731726579137,0.1584489697410456,-6.6562324411548675,-0.9393939393939393,0.10725403154581441,10
delta3,fwd_mid_1s,345339,20,-0.14983369489947618,0.1430102332287265,0.27724176978438175,0.07304966370387724,3.79525046012863,0.9636363636363635,0.10725403154581441,10
delta3,fwd_micro_1s,345339,20,0.46054784788034386,-0.4819551448484209,-1.2234445874556676,0.18035719474994794,-6.78345318661606,-0.9393939393939393,0.10725403154581441,10
delta3,fwd_mid_3s,345339,20,-0.2701055231217835,0.27721106585077493,0.49735982298588954,0.12689807663088498,3.9193645498078418,0.9878787878787878,0.10725403154581441,10
delta3,fwd_micro_3s,345339,20,0.4969672809871675,-0.48269768427979076,-1.3378673806587509,0.2519097766682408,-5.310898998654944,-0.8666666666666665,0.10725403154581441,10
delta3,fwd_mid_5s,345339,20,-0.3245801175839833,0.34292667558396084,0.6177425641291681,0.13709336742194844,4.505998909691005,0.9878787878787878,0.10725403154581441,10
delta3,fwd_micro_5s,345339,20,0.46422792411836616,-0.4946869207711585,-1.3795271372416,0.26609739189960246,-5.18429409395373,-0.8666666666666665,0.10725403154581441,10
delta3,fwd_mid_10s,345339,20,-0.42363971358295627,0.46798956262650976,0.8583996228664222,0.15769412168711064,5.443447185492551,0.9878787878787878,0.10725403154581441,10
delta3,fwd_micro_10s,345339,20,0.44592896128701276,-0.4748193749494948,-1.3256590411084743,0.24106363397261005,-5.499207903167582,-0.7333333333333332,0.10725403154581441,10
delta3,fwd_mid_30s,345339,20,-0.5214552355754584,0.7945968612034133,1.2676304000387533,0.21103753279003457,6.006658546846944,0.9878787878787878,0.10725403154581441,10
delta3,fwd_micro_30s,345339,20,0.4098120022207989,-0.21572246023484232,-1.0778626441059111,0.2647293921032664,-4.071563930028047,-0.4787878787878787,0.10725403154581441,10
delta3,fwd_mid_60s,345339,20,-0.5758202782632832,1.04698497944741,1.5147655996440725,0.2455440818663106,6.169016936310461,0.9636363636363635,0.10725403154581441,10
delta3,fwd_micro_60s,345339,20,0.39243715010893965,-0.008454533298864335,-0.9110145422523596,0.3020420811281935,-3.0161841649664187,-0.13939393939393938,0.10725403154581441,10
micro5,fwd_mid_100ms,345339,6,-0.0013194411979491481,-0.00042823800828827437,-0.01115317436123285,0.014075409614475615,-0.7923871963031582,0.6848484848484848,0.4899909943562702,10
micro5,fwd_micro_100ms,345339,6,0.0007044414456087512,-0.0005681416864328741,0.01666669361161548,0.02445639049626677,0.681486240341134,0.16363636363636364,0.4899909943562702,10
micro5,fwd_mid_300ms,345339,6,-0.0036350943581638555,0.0005031275072900594,-0.012017446224597952,0.007842117724304053,-1.5324235936109258,0.32121212121212117,0.4899909943562702,10
micro5,fwd_micro_300ms,345339,6,-0.005613539352299027,0.0010339858142974067,0.023640417859331558,0.050861465342106914,0.4648001723961393,0.34545454545454546,0.4899909943562702,10
micro5,fwd_mid_500ms,345339,6,-0.007747079966421215,0.00048281621404053606,-0.022609982742851146,0.013978469470036477,-1.6174862914224433,0.5515151515151515,0.4899909943562702,10
micro5,fwd_micro_500ms,345339,6,-0.012658119353377328,0.0017063666918653577,-0.05472207694504678,0.036193353487620504,-1.511937183819228,0.23636363636363633,0.4899909943562702,10
micro5,fwd_mid_1s,345339,6,-0.0052417965861374875,0.0003407610851582484,-0.07713998981096919,0.03793663299354567,-2.033390517922172,0.406060606060606,0.4899909943562702,10
micro5,fwd_micro_1s,345339,6,-0.004918408627085398,0.007079934127492022,-0.09581483485469676,0.041559498822961456,-2.305485811146487,0.23636363636363633,0.4899909943562702,10
micro5,fwd_mid_3s,345339,6,0.01533068957946738,0.003698996200773769,-0.22261836765824286,0.103206065535589,-2.15702794698124,0.4545454545454545,0.4899909943562702,10
micro5,fwd_micro_3s,345339,6,0.01615859215600499,0.016301470897249683,-0.24079902063985859,0.10448969746932874,-2.3045240485124503,0.5393939393939393,0.4899909943562702,10
micro5,fwd_mid_5s,345339,6,0.007373367540418855,0.014553205151002615,-0.25594811233282405,0.14696544437419629,-1.7415530121566631,0.5878787878787878,0.4899909943562702,10
micro5,fwd_micro_5s,345339,6,0.009273393665343422,0.013532907095997436,-0.28323516538219634,0.16371885110895917,-1.7300094855521306,0.6242424242424242,0.4899909943562702,10
micro5,fwd_mid_10s,345339,6,0.014843583575552693,0.027063533039291095,-0.5906536175558937,0.34703300682479127,-1.7020099124291677,0.7333333333333332,0.4899909943562702,10
micro5,fwd_micro_10s,345339,6,0.01692469920130251,0.025810388629711665,-0.6134154619267305,0.35883053725162556,-1.7094851141294598,0.6727272727272726,0.4899909943562702,10
micro5,fwd_mid_30s,345339,6,0.05547895026562604,0.07964449255391966,-1.7797828386604442,1.0045304851324675,-1.7717559247848453,0.24848484848484845,0.4899909943562702,10
micro5,fwd_micro_30s,345339,6,0.05763957039834159,0.07800860425227128,-1.787761844905506,1.0078845445419453,-1.7737764256698594,0.2727272727272727,0.4899909943562702,10
micro5,fwd_mid_60s,345339,6,0.11329071599118329,0.1442288070706782,-3.853688047948673,2.3656690871990382,-1.6290055396173162,0.34545454545454546,0.4899909943562702,10
micro5,fwd_micro_60s,345339,6,0.1153599839827117,0.14193910671874713,-3.8368131180565874,2.348165480324831,-1.63396198019478,0.34545454545454546,0.4899909943562702,10
delta5,fwd_mid_100ms,345339,20,-0.04053560011838284,0.03877593108318789,0.09744275712060022,0.01287387635362892,7.569030060874618,0.9878787878787878,0.10945766333950119,10
delta5,fwd_micro_100ms,345339,20,0.09755337906820799,-0.10266178008564135,-0.2484422597393665,0.047043774434348415,-5.281086875503117,-0.7333333333333332,0.10945766333950119,10
delta5,fwd_mid_300ms,345339,20,-0.08157770069160596,0.084364886773908,0.22206251645968056,0.03403544159246944,6.524449399499295,0.9636363636363635,0.10945766333950119,10
delta5,fwd_micro_300ms,345339,20,0.21252086601186548,-0.24218815154454923,-0.5794290772704224,0.0833034626072522,-6.955642168228175,-0.8303030303030302,0.10945766333950119,10
delta5,fwd_mid_500ms,345339,20,-0.11082707380508468,0.11952398402572394,0.2813728775573793,0.036335861968156,7.743668715055355,0.9515151515151514,0.10945766333950119,10
delta5,fwd_micro_500ms,345339,20,0.29772460216157787,-0.3002932253918266,-0.7849092982663045,0.1235483271966911,-6.353054841582074,-0.8303030303030302,0.10945766333950119,10
delta5,fwd_mid_1s,345339,20,-0.16462004819404927,0.16285412610754962,0.33222243414327257,0.075666719185891,4.390601809060852,0.9636363636363635,0.10945766333950119,10
delta5,fwd_micro_1s,345339,20,0.340728426170091,-0.34227638152462286,-0.9145071405460353,0.14886041189464358,-6.143387143072536,-0.7818181818181817,0.10945766333950119,10
delta5,fwd_mid_3s,345339,20,-0.2860132858362299,0.3139944411451487,0.6502206530921028,0.09711839021314005,6.695134172478575,0.9999999999999999,0.10945766333950119,10
delta5,fwd_micro_3s,345339,20,0.34572192344993524,-0.299386867328986,-0.858802132628538,0.15270633697179348,-5.623880119573349,-0.6242424242424242,0.10945766333950119,10
delta5,fwd_mid_5s,345339,20,-0.35237716319280826,0.3915362668754326,0.781557529387641,0.11307716254184194,6.91171861602418,0.9999999999999999,0.10945766333950119,10
delta5,fwd_micro_5s,345339,20,0.28319790217963675,-0.2877111629355624,-0.8702014898250819,0.17169704332164568,-5.068238060424285,-0.6242424242424242,0.10945766333950119,10
delta5,fwd_mid_10s,345339,20,-0.45289593124812455,0.5313737452565036,1.0377293584783767,0.15244205247208342,6.807369368556718,0.9999999999999999,0.10945766333950119,10
delta5,fwd_micro_10s,345339,20,0.2514953726158112,-0.23435321290799938,-0.7670405048870992,0.16318105093757015,-4.700548871820624,-0.38181818181818183,0.10945766333950119,10
delta5,fwd_mid_30s,345339,20,-0.5767260262707103,0.8695296544445265,1.4251810309755484,0.2255184015466165,6.319577565296603,0.9878787878787878,0.10945766333950119,10
delta5,fwd_micro_30s,345339,20,0.19066862788764596,0.04077553238065428,-0.5348694900339044,0.24022200334752397,-2.2265632730575486,0.2727272727272727,0.10945766333950119,10
delta5,fwd_mid_60s,345339,20,-0.629375885992875,1.0941254681390031,1.6544119028549626,0.26220969513815245,6.309499356929917,0.9515151515151514,0.10945766333950119,10
delta5,fwd_micro_60s,345339,20,0.1683814452150377,0.2185068965954017,-0.38623998464417225,0.2787865324527039,-1.3854327224709027,0.5272727272727272,0.10945766333950119,10
micro10,fwd_mid_100ms,345339,6,-0.0014065788091601056,-0.0004130182050300012,-0.011265912893900337,0.014252572590425628,-0.7904476768964767,0.7212121212121211,0.49006049128537466,10
micro10,fwd_micro_100ms,345339,6,0.0005034775910990373,-0.0005086050298990408,0.017788360884711894,0.024720573217314617,0.7195772010760936,0.06666666666666665,0.49006049128537466,10
micro10,fwd_mid_300ms,345339,6,-0.00364753541439255,0.0005098306310474844,-0.012112044642572003,0.00791729697193329,-1.5298206806576837,0.23636363636363633,0.49006049128537466,10
micro10,fwd_micro_300ms,345339,6,-0.005635304216243359,0.0011185359056517879,0.024628815347953328,0.051748815396726114,0.47593003161791153,0.32121212121212117,0.49006049128537466,10
micro10,fwd_mid_500ms,345339,6,-0.0076531214839528185,0.0004699567976953486,-0.023142424212006494,0.014080926420740093,-1.6435299440184228,0.5636363636363636,0.49006049128537466,10
micro10,fwd_micro_500ms,345339,6,-0.012534036641442033,0.0017705105839075752,-0.05674392256243851,0.036777652261643264,-1.5428913775885251,0.22424242424242422,0.49006049128537466,10
micro10,fwd_mid_1s,345339,6,-0.005143016413558222,0.0003210569113846255,-0.08008035986547346,0.04096296366631707,-1.9549454604360512,0.32121212121212117,0.49006049128537466,10
micro10,fwd_micro_1s,345339,6,-0.004796751192611923,0.007100966429906121,-0.10448850988503934,0.04785866609260708,-2.1832725066522505,0.18787878787878787,0.49006049128537466,10
micro10,fwd_mid_3s,345339,6,0.01591284623465374,0.0037897801153018293,-0.25007986277456934,0.12816410811222811,-1.9512472443188582,0.41818181818181815,0.49006049128537466,10
micro10,fwd_micro_3s,345339,6,0.016454744813130757,0.016538630094732987,-0.265150563892071,0.12921571895881875,-2.0519992925672987,0.5272727272727272,0.49006049128537466,10
micro10,fwd_mid_5s,345339,6,0.00868903589286895,0.014783580939371052,-0.27931079810253256,0.16766256903416893,-1.6659102846361027,0.6969696969696969,0.49006049128537466,10
micro10,fwd_micro_5s,345339,6,0.010265801373122633,0.01399658356811284,-0.3084282113000776,0.1868163995361318,-1.6509696796743214,0.5878787878787878,0.49006049128537466,10
micro10,fwd_mid_10s,345339,6,0.017372479847653128,0.02736446169209219,-0.6129643340569584,0.36699702968706915,-1.6702160630008926,0.7818181818181817,0.49006049128537466,10
micro10,fwd_micro_10s,345339,6,0.019298360776269625,0.026370242635506747,-0.6398507399625694,0.3833719776730078,-1.6690075885210416,0.709090909090909,0.49006049128537466,10
micro10,fwd_mid_30s,345339,6,0.0584003167405046,0.0798565952563339,-1.8193914987899025,1.041764211943929,-1.7464522949918997,0.13939393939393938,0.49006049128537466,10
micro10,fwd_micro_30s,345339,6,0.06016667989483687,0.07843604844620314,-1.827289884179825,1.0473791072777392,-1.7446308327928797,0.24848484848484845,0.49006049128537466,10
micro10,fwd_mid_60s,345339,6,0.11460286293026187,0.14425274992262524,-3.8414112649871957,2.356216348832593,-1.6303304519937039,0.2727272727272727,0.49006049128537466,10
micro10,fwd_micro_60s,345339,6,0.11634552321502385,0.14215145395269987,-3.8285115729303105,2.342986375282639,-1.63403065989595,0.2727272727272727,0.49006049128537466,10
delta10,fwd_mid_100ms,345339,20,-0.042898694988281694,0.04463296990092023,0.10660422327674268,0.014691119393221817,7.256371718408857,0.9878787878787878,0.11306860794755298,10
delta10,fwd_micro_100ms,345339,20,0.043761469438449725,-0.05074637187148811,-0.12200868793142132,0.028434460312788224,-4.29087405174167,-0.3696969696969697,0.11306860794755298,10
delta10,fwd_mid_300ms,345339,20,-0.09054211122000656,0.09810105946803961,0.24538728799462323,0.03607376673028833,6.802374973184895,0.9878787878787878,0.11306860794755298,10
delta10,fwd_micro_300ms,345339,20,0.09517985690593304,-0.1253376162037617,-0.29694276540779646,0.047835179481739154,-6.207623105525357,-0.4545454545454545,0.11306860794755298,10
delta10,fwd_mid_500ms,345339,20,-0.12028159603753227,0.13448924667885453,0.30998930689177856,0.04281978792901558,7.239393791619491,0.9999999999999999,0.11306860794755298,10
delta10,fwd_micro_500ms,345339,20,0.15297083057844688,-0.15612116159552206,-0.42072724980794823,0.07966456258836532,-5.281234668693124,-0.4545454545454545,0.11306860794755298,10
delta10,fwd_mid_1s,345339,20,-0.18124900990717685,0.1973309968845367,0.40227224677109596,0.08001314360191651,5.027577078742105,0.9878787878787878,0.11306860794755298,10
delta10,fwd_micro_1s,345339,20,0.16623865072713642,-0.15652335912222584,-0.46348596981779283,0.10095519506963399,-4.5910066292091525,-0.38181818181818183,0.11306860794755298,10
delta10,fwd_mid_3s,345339,20,-0.31562525972042216,0.3483655281011005,0.761790056892702,0.11785563422156994,6.46375594959277,0.9999999999999999,0.11306860794755298,10
delta10,fwd_micro_3s,345339,20,0.1339859720412452,-0.0907299605972713,-0.32274515501607054,0.09297104206625226,-3.4714589386454175,-0.12727272727272726,0.11306860794755298,10
delta10,fwd_mid_5s,345339,20,-0.38968719087698067,0.42784250545135294,0.925084337532145,0.14216921869447433,6.506924255665901,0.9878787878787878,0.11306860794755298,10
delta10,fwd_micro_5s,345339,20,0.04810847058663684,-0.05599324799981803,-0.2662941102509501,0.11611416857636223,-2.2933817079852954,0.34545454545454546,0.11306860794755298,10
delta10,fwd_mid_10s,345339,20,-0.4958134612743283,0.6182652510586788,1.2303308559127248,0.19532467046613225,6.298901480169421,0.9878787878787878,0.11306860794755298,10
delta10,fwd_micro_10s,345339,20,0.00007378013076113087,0.06303952503855605,-0.06843022745464905,0.11328054805309333,-0.6040774751776145,0.5757575757575757,0.11306860794755298,10
delta10,fwd_mid_30s,345339,20,-0.6064164851205537,1.0935481037991073,1.7307957394932612,0.2742456486529033,6.311114681290087,0.9878787878787878,0.11306860794755298,10
delta10,fwd_micro_30s,345339,20,-0.057713119598722294,0.48812435152696226,0.3066612722004311,0.20631550420176592,1.4863704663733472,0.7575757575757575,0.11306860794755298,10
delta10,fwd_mid_60s,345339,20,-0.5790847119418597,1.4895757511294434,1.9880545035389705,0.3164436246072621,6.282491884632984,0.9151515151515152,0.11306860794755298,10
delta10,fwd_micro_60s,345339,20,0.0030000342252300962,0.8374231813290497,0.4700324693891319,0.2603943082330322,1.805079660068799,0.7575757575757575,0.11306860794755298,10
micro_dw,fwd_mid_100ms,345339,6,-0.0013335426498359594,-0.0004667952970161883,-0.011449213676608923,0.014291503205747836,-0.8011203238581799,0.6606060606060605,0.4900807612230301,10
micro_dw,fwd_micro_100ms,345339,6,0.0007866572558499835,-0.0006515667588504718,0.016782221386235228,0.024786081669773946,0.6770824695014525,0.309090909090909,0.4900807612230301,10
micro_dw,fwd_mid_300ms,345339,6,-0.003653755302342646,0.0004863219631552859,-0.012166430421266175,0.007894827840269876,-1.541063423727588,0.22424242424242422,0.4900807612230301,10
micro_dw,fwd_micro_300ms,345339,6,-0.005445860016134736,0.0009561902803399488,0.023308599373819076,0.051744060981995375,0.45045941372729575,0.406060606060606,0.4900807612230301,10
micro_dw,fwd_mid_500ms,345339,6,-0.007742988680074466,0.0004332504537257175,-0.02282799731613741,0.014047951097808367,-1.6250054657222452,0.5030303030303029,0.4900807612230301,10
micro_dw,fwd_micro_500ms,345339,6,-0.01236701099901744,0.0015875536460780118,-0.057062486660947785,0.03691394095425523,-1.5458248343535357,0.19999999999999998,0.4900807612230301,10
micro_dw,fwd_mid_1s,345339,6,-0.005222600823665282,0.00029639389981597764,-0.08034034984062027,0.04077232526253002,-1.9704627912024797,0.4424242424242424,0.4900807612230301,10
micro_dw,fwd_micro_1s,345339,6,-0.004751158260070253,0.007000569407718196,-0.10313055210597122,0.04773765007225505,-2.160360888101409,0.19999999999999998,0.4900807612230301,10
micro_dw,fwd_mid_3s,345339,6,0.015518692859586953,0.003600581412868319,-0.2503570810153132,0.1277425479054789,-1.9598566422877441,0.3939393939393939,0.4900807612230301,10
micro_dw,fwd_micro_3s,345339,6,0.016595725958767873,0.016028371395930267,-0.26838378743439417,0.1285735601446167,-2.087394851107195,0.3939393939393939,0.4900807612230301,10
micro_dw,fwd_mid_5s,345339,6,0.007802774711295713,0.014711300994672065,-0.2791409897305655,0.16694060499215038,-1.6720976286367888,0.6,0.4900807612230301,10
micro_dw,fwd_micro_5s,345339,6,0.009920285063464231,0.013621996686941933,-0.30922084144336665,0.18602398696603872,-1.6622632730682159,0.6121212121212121,0.4900807612230301,10
micro_dw,fwd_mid_10s,345339,6,0.01536496616220171,0.027017170040478905,-0.6105335648849683,0.36501928347471735,-1.6726063321179476,0.7818181818181817,0.4900807612230301,10
micro_dw,fwd_micro_10s,345339,6,0.01786157692278695,0.02565402130732671,-0.640040891831707,0.38089621747900393,-1.6803550743241178,0.709090909090909,0.4900807612230301,10
micro_dw,fwd_mid_30s,345339,6,0.05651718703646771,0.07953668084994336,-1.8203985640418265,1.040967937383521,-1.7487556519919423,0.1515151515151515,0.4900807612230301,10
micro_dw,fwd_micro_30s,345339,6,0.059114541363362735,0.07782058048770964,-1.8313102956435168,1.0455782244158336,-1.7514809058563485,0.1515151515151515,0.4900807612230301,10
micro_dw,fwd_mid_60s,345339,6,0.11445891704985685,0.14355535573959147,-3.849174246163152,2.356908996540964,-1.6331450437043855,0.34545454545454546,0.4900807612230301,10
micro_dw,fwd_micro_60s,345339,6,0.11694483783385297,0.1412889541302014,-3.8374304229164387,2.343203202597117,-1.637685719558243,0.2727272727272727,0.4900807612230301,10
micro_ew,fwd_mid_100ms,345339,6,-0.0013046048919406134,-0.0004683714800905762,-0.011438647558317848,0.014292939627095397,-0.8003005579505413,0.6606060606060605,0.4900402213477192,10
micro_ew,fwd_micro_100ms,345339,6,0.0007938725360476297,-0.0006364521407629,0.01675382596737174,0.024776131487709185,0.6762083086168191,0.32121212121212117,0.4900402213477192,10
micro_ew,fwd_mid_300ms,345339,6,-0.003593885769158357,0.0004741701865652586,-0.012319369082868603,0.0078874071373743,-1.5619035341149756,0.22424242424242422,0.4900402213477192,10
micro_ew,fwd_micro_300ms,345339,6,-0.005369610205699363,0.0009723291374686327,0.023057772331053408,0.05173375198922269,0.44570075520246166,0.406060606060606,0.4900402213477192,10
micro_ew,fwd_mid_500ms,345339,6,-0.007675486528269803,0.00041429102934520287,-0.022953223155623214,0.014062536791411525,-1.632224931823221,0.5393939393939393,0.4900402213477192,10
micro_ew,fwd_micro_500ms,345339,6,-0.01228741675102248,0.0015705558711505436,-0.05737714655661785,0.03685820774476968,-1.5566993097964696,0.19999999999999998,0.4900402213477192,10
micro_ew,fwd_mid_1s,345339,6,-0.005081676593252661,0.0002557233703860549,-0.08089323737125716,0.040764096029851725,-1.9844236779350801,0.34545454545454546,0.4900402213477192,10
micro_ew,fwd_micro_1s,345339,6,-0.004626266801169554,0.006958055571580388,-0.10391198397293466,0.0475994194512016,-2.1830514987575445,0.17575757575757575,0.4900402213477192,10
micro_ew,fwd_mid_3s,345339,6,0.015645449419916805,0.003492902325807322,-0.2512896157053918,0.1276364670558153,-1.9687916901954292,0.34545454545454546,0.4900402213477192,10
micro_ew,fwd_micro_3s,345339,6,0.01686697898996229,0.01592271343669515,-0.2701821319303769,0.1283524118398408,-2.105002376328638,0.406060606060606,0.4900402213477192,10
micro_ew,fwd_mid_5s,345339,6,0.007815955687795348,0.014519245409453874,-0.28007049621363084,0.16685169554924292,-1.6785594853662944,0.6848484848484848,0.4900402213477192,10
micro_ew,fwd_micro_5s,345339,6,0.01014665328592115,0.013372076444591855,-0.31077085986945147,0.18575133230756388,-1.6730478107951463,0.6121212121212121,0.4900402213477192,10
micro_ew,fwd_mid_10s,345339,6,0.015149461916893439,0.026824170627278914,-0.6118889164479958,0.3650448453677868,-1.676202045344623,0.7575757575757575,0.4900402213477192,10
micro_ew,fwd_micro_10s,345339,6,0.017731244462993154,0.02544585297729832,-0.6419978080940957,0.38068107727355516,-1.6864452856235874,0.709090909090909,0.4900402213477192,10
micro_ew,fwd_mid_30s,345339,6,0.05594892519878842,0.07957528139896872,-1.822257320069463,1.0412369877179917,-1.7500889245811182,0.23636363636363633,0.4900402213477192,10
micro_ew,fwd_micro_30s,345339,6,0.058645757503974605,0.07779436092565935,-1.8336012033851559,1.045625082356689,-1.7535933618314525,0.2727272727272727,0.4900402213477192,10
micro_ew,fwd_mid_60s,345339,6,0.11371550215492941,0.14361975672396418,-3.85228008136581,2.357217930808373,-1.6342485906870425,0.34545454545454546,0.4900402213477192,10
micro_ew,fwd_micro_60s,345339,6,0.11628731598743784,0.14132548017121974,-3.8409527842748403,2.3433203778207856,-1.6391069785544246,0.34545454545454546,0.4900402213477192,10
micro_notional,fwd_mid_100ms,345339,6,-0.0014065788091601056,-0.0004130182050300012,-0.011265912893900337,0.014252572590425628,-0.7904476768964767,0.7212121212121211,0.49006049128537466,10
micro_notional,fwd_micro_100ms,345339,6,0.0005034775910990373,-0.0005086050298990408,0.017788360884711894,0.024720573217314617,0.7195772010760936,0.06666666666666665,0.49006049128537466,10
micro_notional,fwd_mid_300ms,345339,6,-0.00364753541439255,0.0005098306310474844,-0.012112044642572003,0.00791729697193329,-1.5298206806576837,0.23636363636363633,0.49006049128537466,10
micro_notional,fwd_micro_300ms,345339,6,-0.005635304216243359,0.0011185359056517879,0.024628815347953328,0.051748815396726114,0.47593003161791153,0.32121212121212117,0.49006049128537466,10
micro_notional,fwd_mid_500ms,345339,6,-0.0076531214839528185,0.0004699567976953486,-0.023142424212006494,0.014080926420740093,-1.6435299440184228,0.5636363636363636,0.49006049128537466,10
micro_notional,fwd_micro_500ms,345339,6,-0.012534036641442033,0.0017705105839075752,-0.05674392256243851,0.036777652261643264,-1.5428913775885251,0.22424242424242422,0.49006049128537466,10
micro_notional,fwd_mid_1s,345339,6,-0.005143016413558222,0.0003210569113846255,-0.08008035986547346,0.04096296366631707,-1.9549454604360512,0.32121212121212117,0.49006049128537466,10
micro_notional,fwd_micro_1s,345339,6,-0.004796751192611923,0.007100966429906121,-0.10448850988503934,0.04785866609260708,-2.1832725066522505,0.18787878787878787,0.49006049128537466,10
micro_notional,fwd_mid_3s,345339,6,0.01591284623465374,0.0037897801153018293,-0.25007986277456934,0.12816410811222811,-1.9512472443188582,0.41818181818181815,0.49006049128537466,10
micro_notional,fwd_micro_3s,345339,6,0.016454744813130757,0.016538630094732987,-0.265150563892071,0.12921571895881875,-2.0519992925672987,0.5272727272727272,0.49006049128537466,10
micro_notional,fwd_mid_5s,345339,6,0.00868903589286895,0.014783580939371052,-0.27931079810253256,0.16766256903416893,-1.6659102846361027,0.6969696969696969,0.49006049128537466,10
micro_notional,fwd_micro_5s,345339,6,0.010265801373122633,0.01399658356811284,-0.3084282113000776,0.1868163995361318,-1.6509696796743214,0.5878787878787878,0.49006049128537466,10
micro_notional,fwd_mid_10s,345339,6,0.017372479847653128,0.02736446169209219,-0.6129643340569584,0.36699702968706915,-1.6702160630008926,0.7818181818181817,0.49006049128537466,10
micro_notional,fwd_micro_10s,345339,6,0.019298360776269625,0.026370242635506747,-0.6398507399625694,0.3833719776730078,-1.6690075885210416,0.709090909090909,0.49006049128537466,10
micro_notional,fwd_mid_30s,345339,6,0.0584003167405046,0.0798565952563339,-1.8193914987899025,1.041764211943929,-1.7464522949918997,0.13939393939393938,0.49006049128537466,10
micro_notional,fwd_micro_30s,345339,6,0.06016667989483687,0.07843604844620314,-1.827289884179825,1.0473791072777392,-1.7446308327928797,0.24848484848484845,0.49006049128537466,10
micro_notional,fwd_mid_60s,345339,6,0.11460286293026187,0.14425274992262524,-3.8414112649871957,2.356216348832593,-1.6303304519937039,0.2727272727272727,0.49006049128537466,10
micro_notional,fwd_micro_60s,345339,6,0.11634552321502385,0.14215145395269987,-3.8285115729303105,2.342986375282639,-1.63403065989595,0.2727272727272727,0.49006049128537466,10
delta1_bp,fwd_mid_100ms,345339,20,-0.024939383509593346,0.021769883561632845,0.057341742576931455,0.008476284804017999,6.764961761283652,0.8909090909090909,0.10856868178804016,10
delta1_bp,fwd_micro_100ms,345339,20,0.27761468886609497,-0.27679910227377275,-0.6110737773307273,0.07527921641670804,-8.117430101133477,-0.9878787878787878,0.10856868178804016,10
delta1_bp,fwd_mid_300ms,345339,20,-0.05476754054474093,0.047464570415092715,0.12406516279481176,0.018979664043808308,6.536741773112958,0.9272727272727272,0.10856868178804016,10
delta1_bp,fwd_micro_300ms,345339,20,0.5845028516905282,-0.6089576703906264,-1.353391069509206,0.1521695765046685,-8.893966196112036,-0.9878787878787878,0.10856868178804016,10
delta1_bp,fwd_mid_500ms,345339,20,-0.07309978926486194,0.06785530764911156,0.1676504501821619,0.024724217068891278,6.7808193770109115,0.9151515151515152,0.10856868178804016,10
delta1_bp,fwd_micro_500ms,345339,20,0.7687811824644307,-0.7769803013642069,-1.685949881814237,0.17347154074760102,-9.718884576388664,-0.9878787878787878,0.10856868178804016,10
delta1_bp,fwd_mid_1s,345339,20,-0.11061108060786452,0.09008838158986088,0.1909267306573758,0.04680359952423964,4.079317244787863,0.9515151515151514,0.10856868178804016,10
delta1_bp,fwd_micro_1s,345339,20,0.9160187227444555,-0.9071702645164816,-2.005789887316417,0.1863751978377979,-10.76210735433828,-0.9878787878787878,0.10856868178804016,10
delta1_bp,fwd_mid_3s,345339,20,-0.1962850102206833,0.17717456722413025,0.35369144400223346,0.05749775282910911,6.151395952002698,0.9878787878787878,0.10856868178804016,10
delta1_bp,fwd_micro_3s,345339,20,1.0665190791201038,-1.0367349712395217,-2.3281430148724973,0.21259143352654356,-10.951255072946353,-0.9878787878787878,0.10856868178804016,10
delta1_bp,fwd_mid_5s,345339,20,-0.24213801835963267,0.21927984058999225,0.437217922097347,0.06336178784501784,6.9003406779931264,0.9878787878787878,0.10856868178804016,10
delta1_bp,fwd_micro_5s,345339,20,1.1237219990586196,-1.1261648682246623,-2.5070051235010586,0.22773301217551187,-11.00852748379287,-0.9878787878787878,0.10856868178804016,10
delta1_bp,fwd_mid_10s,345339,20,-0.30957376715547563,0.3061240991225259,0.5746988353657414,0.07765893504483476,7.40029251024304,0.9878787878787878,0.10856868178804016,10
delta1_bp,fwd_micro_10s,345339,20,1.1983626421173226,-1.1898142797400095,-2.6716272720592267,0.23933686012705369,-11.16262355343416,-0.9878787878787878,0.10856868178804016,10
delta1_bp,fwd_mid_30s,345339,20,-0.37346002998804784,0.554016854210506,0.8998274951473793,0.1406269520115447,6.398684478872217,0.9757575757575757,0.10856868178804016,10
delta1_bp,fwd_micro_30s,345339,20,1.1899693532517819,-1.07373602793807,-2.5889861601099406,0.24954983919287993,-10.374625639846169,-0.9636363636363635,0.10856868178804016,10
delta1_bp,fwd_mid_60s,345339,20,-0.4247496585939954,0.697027543509049,1.1192674823574102,0.1816781927487656,6.160714532784866,0.9878787878787878,0.10856868178804016,10
delta1_bp,fwd_micro_60s,345339,20,1.2027603103647047,-0.9596889679386326,-2.447520132672965,0.30573841715693234,-8.005275082642553,-0.9393939393939393,0.10856868178804016,10
delta5_bp,fwd_mid_100ms,345339,20,-0.04173630164679059,0.03936623986230012,0.09832024603005858,0.012931974647716218,7.602879584010157,0.9636363636363635,0.10922890261453239,10
delta5_bp,fwd_micro_100ms,345339,20,0.10129271220697142,-0.10624512662658996,-0.25184922001745436,0.04582723696501358,-5.4956230551217065,-0.7818181818181817,0.10922890261453239,10
delta5_bp,fwd_mid_300ms,345339,20,-0.08550668272838935,0.08678813172216071,0.22608243724096727,0.034013526094038335,6.6468391608652855,0.9515151515151514,0.10922890261453239,10
delta5_bp,fwd_micro_300ms,345339,20,0.21790144588453028,-0.24666577756178318,-0.5802911550417145,0.081375699504755,-7.131012803248549,-0.8303030303030302,0.10922890261453239,10
delta5_bp,fwd_mid_500ms,345339,20,-0.11514944534881345,0.12198233900720737,0.28595993447418666,0.0368716874174297,7.755542382337779,0.9636363636363635,0.10922890261453239,10
delta5_bp,fwd_micro_500ms,345339,20,0.3055319828295932,-0.3078055366291093,-0.7911180193985574,0.12212199896671937,-6.4780958884742175,-0.8303030303030302,0.10922890261453239,10
delta5_bp,fwd_mid_1s,345339,20,-0.17040169363793908,0.16532311595789753,0.3413189222507623,0.07411424685940851,4.605307841800368,0.9636363636363635,0.10922890261453239,10
delta5_bp,fwd_micro_1s,345339,20,0.34865601033058435,-0.3498580058594876,-0.9139751858808236,0.14732604322739884,-6.203758452061976,-0.8303030303030302,0.10922890261453239,10
delta5_bp,fwd_mid_3s,345339,20,-0.296371383714167,0.3106914117852158,0.6617271780959032,0.09607752252768927,6.887429657703708,0.9999999999999999,0.10922890261453239,10
delta5_bp,fwd_micro_3s,345339,20,0.3508983051011329,-0.3118965486493979,-0.8574792942509619,0.1509326688264535,-5.681204082046114,-0.6848484848484848,0.10922890261453239,10
delta5_bp,fwd_mid_5s,345339,20,-0.35977429706370523,0.3799991373393445,0.7927633483557786,0.11292273465506839,7.020405153819009,0.9999999999999999,0.10922890261453239,10
delta5_bp,fwd_micro_5s,345339,20,0.2918719803152332,-0.30628273355972613,-0.8710338796867744,0.1670655368223452,-5.213725680677145,-0.6242424242424242,0.10922890261453239,10
delta5_bp,fwd_mid_10s,345339,20,-0.45289710346435863,0.5060370574155889,1.0363276188458368,0.15370326497859682,6.742391705147873,0.9999999999999999,0.10922890261453239,10
delta5_bp,fwd_micro_10s,345339,20,0.2636092812309303,-0.26729203081586433,-0.7780820350670058,0.15726006195428344,-4.947740865657293,-0.309090909090909,0.10922890261453239,10
delta5_bp,fwd_mid_30s,345339,20,-0.5641335154135345,0.8613899503795581,1.4459919163787818,0.23903015624823423,6.049412087055286,0.9999999999999999,0.10922890261453239,10
delta5_bp,fwd_micro_30s,345339,20,0.20755622798927087,0.028386513620726965,-0.5164514319072715,0.24263967291409805,-2.1284706894989562,0.17575757575757575,0.10922890261453239,10
delta5_bp,fwd_mid_60s,345339,20,-0.6294623365991667,1.082519323100814,1.7413636347041581,0.2755228123155278,6.320215811059429,0.9515151515151514,0.10922890261453239,10
delta5_bp,fwd_micro_60s,345339,20,0.17808109007714384,0.19967835420200616,-0.312427923758673,0.2708085217398087,-1.1536857176852509,0.5878787878787878,0.10922890261453239,10
delta10_bp,fwd_mid_100ms,345339,20,-0.04333625299928902,0.04532854322378187,0.10566646862095311,0.01437057881319677,7.352972346800508,0.9757575757575757,0.10955032591164045,10
delta10_bp,fwd_micro_100ms,345339,20,0.04585339446272039,-0.05106059442645975,-0.12238155971866589,0.027239729717031324,-4.492759692918254,-0.3696969696969697,0.10955032591164045,10
delta10_bp,fwd_mid_300ms,345339,20,-0.09201189562926657,0.09961759174188728,0.24353523566175123,0.034879546602341924,6.982178938226206,0.9515151515151514,0.10955032591164045,10
delta10_bp,fwd_micro_300ms,345339,20,0.09897065641110375,-0.1298498108858945,-0.3028723441799652,0.04809648891498291,-6.29718199836444,-0.4545454545454545,0.10955032591164045,10
delta10_bp,fwd_mid_500ms,345339,20,-0.12156231342091252,0.1365578748927168,0.30824842150730125,0.04162344832670818,7.405643547065512,0.9878787878787878,0.10955032591164045,10
delta10_bp,fwd_micro_500ms,345339,20,0.15747670432081143,-0.16160479849725784,-0.4276354190310201,0.07955198023275598,-5.375547130063002,-0.4545454545454545,0.10955032591164045,10
delta10_bp,fwd_mid_1s,345339,20,-0.18362221712587423,0.1978781087366578,0.40163906967131024,0.07581669501533378,5.297501686008332,0.9393939393939393,0.10955032591164045,10
delta10_bp,fwd_micro_1s,345339,20,0.16983047611173577,-0.16443653736216357,-0.46802746691214947,0.10019044342295204,-4.671378336318769,-0.4545454545454545,0.10955032591164045,10
delta10_bp,fwd_mid_3s,345339,20,-0.312853846300149,0.35436081739142195,0.7628344756871964,0.11621817777816594,6.563813770538322,0.9999999999999999,0.10955032591164045,10
delta10_bp,fwd_micro_3s,345339,20,0.14419908512474153,-0.08988934998017564,-0.32617014240474024,0.09207313195584964,-3.542511647818643,-0.19999999999999998,0.10955032591164045,10
delta10_bp,fwd_mid_5s,345339,20,-0.3779424331710968,0.4308213144869469,0.9208595384025328,0.1396589476574146,6.593630797372285,0.9999999999999999,0.10955032591164045,10
delta10_bp,fwd_micro_5s,345339,20,0.06705414745630095,-0.059106116565826,-0.27784061512857267,0.11592337506883509,-2.3967609204234384,0.2727272727272727,0.10955032591164045,10
delta10_bp,fwd_mid_10s,345339,20,-0.48273033693477596,0.6163727918439939,1.228657326555393,0.19428767091671295,6.323907846330057,0.9999999999999999,0.10955032591164045,10
delta10_bp,fwd_micro_10s,345339,20,0.01827014668570392,0.057797187655019254,-0.07263767751518331,0.1150933532019561,-0.6311196562995679,0.5878787878787878,0.10955032591164045,10
delta10_bp,fwd_mid_30s,345339,20,-0.5912045383057646,1.0798720184963446,1.714932420646012,0.2837051645735749,6.044769834287837,0.9757575757575757,0.10955032591164045,10
delta10_bp,fwd_micro_30s,345339,20,-0.04299807299405264,0.47248518628487485,0.29359667926279975,0.21576082355664555,1.360750642415486,0.7454545454545454,0.10955032591164045,10
delta10_bp,fwd_mid_60s,345339,20,-0.5581113873247701,1.461633148701746,1.9742531592245147,0.3262963999204499,6.0504901669335975,0.9151515151515152,0.10955032591164045,10
delta10_bp,fwd_micro_60s,345339,20,0.024659838846146146,0.8052905662107773,0.4536496846098513,0.26695521248504317,1.6993475436830743,0.7696969696969697,0.10955032591164045,10
delta_disagree,fwd_mid_100ms,345339,20,0.01968666739553689,-0.02115891020425832,-0.040465967509341935,0.007232171832431604,-5.595271855665582,-0.6727272727272726,0.1516915262973484,10
delta_disagree,fwd_micro_100ms,345339,20,0.1851093926721049,-0.170141887689618,-0.3676836772316622,0.0419432937044062,-8.766208963532984,-0.9878787878787878,0.1516915262973484,10
delta_disagree,fwd_mid_300ms,345339,20,0.04291062506670225,-0.043459793228053954,-0.0860032312117213,0.014042610486025467,-6.124447537536386,-0.709090909090909,0.1516915262973484,10
delta_disagree,fwd_micro_300ms,345339,20,0.38265764619211706,-0.3663976361786931,-0.78248125293989,0.08847569617953902,-8.844024819562227,-0.9878787878787878,0.1516915262973484,10
delta_disagree,fwd_mid_500ms,345339,20,0.05917800231869109,-0.0639977404166637,-0.12558907547193243,0.01764684834905777,-7.1167991580002505,-0.7333333333333332,0.1516915262973484,10
delta_disagree,fwd_micro_500ms,345339,20,0.48508529568645853,-0.476702791847537,-0.9954742447342021,0.11084491583715342,-8.980783982881922,-0.9878787878787878,0.1516915262973484,10
delta_disagree,fwd_mid_1s,345339,20,0.0934548539815575,-0.0923501774951072,-0.20119769417273164,0.0275591122012504,-7.30058692397221,-0.7939393939393938,0.1516915262973484,10
delta_disagree,fwd_micro_1s,345339,20,0.6063927475929723,-0.5875992448096123,-1.2818541630164684,0.1348565848744269,-9.505313842924913,-0.9878787878787878,0.1516915262973484,10
delta_disagree,fwd_mid_3s,345339,20,0.1686628588022317,-0.158044582314261,-0.3777410119423691,0.061646760360916056,-6.127507913325098,-0.8060606060606059,0.1516915262973484,10
delta_disagree,fwd_micro_3s,345339,20,0.8015167920756515,-0.7727272688001519,-1.7317764063847512,0.19630663767632806,-8.821792410504823,-0.9999999999999999,0.1516915262973484,10
delta_disagree,fwd_mid_5s,345339,20,0.2085546061836097,-0.2087063214983585,-0.4922508794029624,0.0856361844144444,-5.748164549469741,-0.8060606060606059,0.1516915262973484,10
delta_disagree,fwd_micro_5s,345339,20,0.8776139685142128,-0.926939029126777,-1.9583081216127542,0.23312172537748438,-8.400367312148822,-0.9999999999999999,0.1516915262973484,10
delta_disagree,fwd_mid_10s,345339,20,0.2701223184223657,-0.27458740632701406,-0.6444964897708243,0.12850031591162484,-5.015524554928504,-0.8303030303030302,0.1516915262973484,10
delta_disagree,fwd_micro_10s,345339,20,0.9969448199948456,-1.0610620465432867,-2.249935710301699,0.2829882570102193,-7.950632772088664,-0.9878787878787878,0.1516915262973484,10
delta_disagree,fwd_mid_30s,345339,20,0.4588255055643319,-0.3740719660871927,-0.9727016625585595,0.20399907682413962,-4.7681669824275295,-0.8787878787878788,0.1516915262973484,10
delta_disagree,fwd_micro_30s,345339,20,1.215231355610724,-1.1696948927007937,-2.6543060364616133,0.3586868194729363,-7.400065718505964,-0.9757575757575757,0.1516915262973484,10
delta_disagree,fwd_mid_60s,345339,20,0.7000717933278288,-0.17613640771108677,-1.002599094941925,0.24703780504182263,-4.058484468691699,-0.7212121212121211,0.1516915262973484,10
delta_disagree,fwd_micro_60s,345339,20,1.439519627739478,-0.9844845538396629,-2.64743472684654,0.3850732897370664,-6.875145063045652,-0.9757575757575757,0.1516915262973484,10
micro_slope,fwd_mid_100ms,345339,20,-0.020945897762946794,0.019921312346648644,0.0415636486705238,0.006961596756320953,5.970418874489543,0.6606060606060605,0.10667199476456467,10
micro_slope,fwd_micro_100ms,345339,20,-0.15693591023872344,0.16968227236951564,0.33141380506056783,0.04267064718873452,7.766786465522942,0.9999999999999999,0.10667199476456467,10
micro_slope,fwd_mid_300ms,345339,20,-0.04927809537040087,0.04876652745011868,0.09863832804755003,0.016085102424841288,6.132278517245643,0.7575757575757575,0.10667199476456467,10
micro_slope,fwd_micro_300ms,345339,20,-0.34909768283751547,0.3591783570190755,0.7179108311560157,0.08976406556879836,7.9977530719771535,0.9999999999999999,0.10667199476456467,10
micro_slope,fwd_mid_500ms,345339,20,-0.06924275608311005,0.06297192446092108,0.13134847499796196,0.02142388487253806,6.130936372157664,0.7818181818181817,0.10667199476456467,10
micro_slope,fwd_micro_500ms,345339,20,-0.4640307178182117,0.45719676520167307,0.9349859007998678,0.11174754954952892,8.366947683138786,0.9999999999999999,0.10667199476456467,10
micro_slope,fwd_mid_1s,345339,20,-0.11244133956498635,0.09618154160162737,0.20629865917659523,0.030758045008408782,6.707144720030038,0.8181818181818182,0.10667199476456467,10
micro_slope,fwd_micro_1s,345339,20,-0.5859875137655454,0.5812305769002944,1.1924752312175468,0.13427563778123722,8.880801096326465,0.9999999999999999,0.10667199476456467,10
micro_slope,fwd_mid_3s,345339,20,-0.19230575265069194,0.16267373831801724,0.3561060625422393,0.05453973974638665,6.529295229463062,0.9030303030303028,0.10667199476456467,10
micro_slope,fwd_micro_3s,345339,20,-0.791493086221774,0.7713434096940527,1.6058006797415363,0.1852398854120425,8.668763080746015,0.9999999999999999,0.10667199476456467,10
micro_slope,fwd_mid_5s,345339,20,-0.23716301106805235,0.20584737998626887,0.44524477240956106,0.07282067457292454,6.114263222921414,0.9151515151515152,0.10667199476456467,10
micro_slope,fwd_micro_5s,345339,20,-0.943846643961122,0.8700545050506421,1.8317877264994749,0.21159947384072159,8.65686333359376,0.9999999999999999,0.10667199476456467,10
micro_slope,fwd_mid_10s,345339,20,-0.32547645350992294,0.277231603279823,0.6075832388089778,0.10793963001479084,5.628917189411538,0.9272727272727272,0.10667199476456467,10
micro_slope,fwd_micro_10s,345339,20,-1.1204578137708707,1.0091340592987759,2.1479809254617015,0.2492857539469632,8.616541023514305,0.9999999999999999,0.10667199476456467,10
micro_slope,fwd_mid_30s,345339,20,-0.5009909249802588,0.4336361044553823,0.9448243089850171,0.18161354084385797,5.202389120298737,0.9515151515151514,0.10667199476456467,10
micro_slope,fwd_micro_30s,345339,20,-1.311593033775306,1.1944253127820474,2.539387983790231,0.30534985039343976,8.316322999727227,0.9999999999999999,0.10667199476456467,10
micro_slope,fwd_mid_60s,345339,20,-0.577176838963904,0.5894313466564282,1.1707904161210343,0.22691508115305392,5.159597194561686,0.9393939393939393,0.10667199476456467,10
micro_slope,fwd_micro_60s,345339,20,-1.4018424229487223,1.3597685617863289,2.784511241692608,0.3456569073014379,8.055708371145936,0.9999999999999999,0.10667199476456467,10
obi_x_spread,fwd_mid_100ms,345339,20,-0.024939383509593346,0.021769883561632845,0.057341742576931455,0.008476284804017999,6.764961761283652,0.8909090909090909,0.10856868178804016,10
obi_x_spread,fwd_micro_100ms,345339,20,0.27761468886609497,-0.27679910227377275,-0.6110737773307273,0.07527921641670804,-8.117430101133477,-0.9878787878787878,0.10856868178804016,10
obi_x_spread,fwd_mid_300ms,345339,20,-0.05476754054474093,0.047464570415092715,0.12406516279481176,0.018979664043808308,6.536741773112958,0.9272727272727272,0.10856868178804016,10
obi_x_spread,fwd_micro_300ms,345339,20,0.5845028516905282,-0.6089576703906264,-1.353391069509206,0.1521695765046685,-8.893966196112036,-0.9878787878787878,0.10856868178804016,10
obi_x_spread,fwd_mid_500ms,345339,20,-0.07309978926486194,0.06785530764911156,0.1676504501821619,0.024724217068891278,6.7808193770109115,0.9151515151515152,0.10856868178804016,10
obi_x_spread,fwd_micro_500ms,345339,20,0.7687811824644307,-0.7769803013642069,-1.685949881814237,0.17347154074760102,-9.718884576388664,-0.9878787878787878,0.10856868178804016,10
obi_x_spread,fwd_mid_1s,345339,20,-0.11061108060786452,0.09008838158986088,0.1909267306573758,0.04680359952423964,4.079317244787863,0.9515151515151514,0.10856868178804016,10
obi_x_spread,fwd_micro_1s,345339,20,0.9160187227444555,-0.9071702645164816,-2.005789887316417,0.1863751978377979,-10.76210735433828,-0.9878787878787878,0.10856868178804016,10
obi_x_spread,fwd_mid_3s,345339,20,-0.1962850102206833,0.17717456722413025,0.35369144400223346,0.05749775282910911,6.151395952002698,0.9878787878787878,0.10856868178804016,10
obi_x_spread,fwd_micro_3s,345339,20,1.0665190791201038,-1.0367349712395217,-2.3281430148724973,0.21259143352654356,-10.951255072946353,-0.9878787878787878,0.10856868178804016,10
obi_x_spread,fwd_mid_5s,345339,20,-0.24213801835963267,0.21927984058999225,0.437217922097347,0.06336178784501784,6.9003406779931264,0.9878787878787878,0.10856868178804016,10
obi_x_spread,fwd_micro_5s,345339,20,1.1237219990586196,-1.1261648682246623,-2.5070051235010586,0.22773301217551187,-11.00852748379287,-0.9878787878787878,0.10856868178804016,10
obi_x_spread,fwd_mid_10s,345339,20,-0.30957376715547563,0.3061240991225259,0.5746988353657414,0.07765893504483476,7.40029251024304,0.9878787878787878,0.10856868178804016,10
obi_x_spread,fwd_micro_10s,345339,20,1.1983626421173226,-1.1898142797400095,-2.6716272720592267,0.23933686012705369,-11.16262355343416,-0.9878787878787878,0.10856868178804016,10
obi_x_spread,fwd_mid_30s,345339,20,-0.37346002998804784,0.554016854210506,0.8998274951473793,0.1406269520115447,6.398684478872217,0.9757575757575757,0.10856868178804016,10
obi_x_spread,fwd_micro_30s,345339,20,1.1899693532517819,-1.07373602793807,-2.5889861601099406,0.24954983919287993,-10.374625639846169,-0.9636363636363635,0.10856868178804016,10
obi_x_spread,fwd_mid_60s,345339,20,-0.4247496585939954,0.697027543509049,1.1192674823574102,0.1816781927487656,6.160714532784866,0.9878787878787878,0.10856868178804016,10
obi_x_spread,fwd_micro_60s,345339,20,1.2027603103647047,-0.9596889679386326,-2.447520132672965,0.30573841715693234,-8.005275082642553,-0.9393939393939393,0.10856868178804016,10
slope_b,fwd_mid_100ms,345339,20,0.013150010226079648,0.014564692896503861,0.0007973501421012716,0.0026467419212648736,0.30125723089775946,-0.309090909090909,0.12311960131928337,10
slope_b,fwd_micro_100ms,345339,20,-0.0373055767717385,0.05422529257742161,0.09848345634240058,0.019800825752705965,4.973704509719344,0.9515151515151514,0.12311960131928337,10
slope_b,fwd_mid_300ms,345339,20,0.029893544140160915,0.0368692651219752,0.002232606593556439,0.005044878736105652,0.44254910976906436,-0.2606060606060606,0.12311960131928337,10
slope_b,fwd_micro_300ms,345339,20,-0.08734546778415513,0.11132876234594313,0.19858795012537098,0.03390740390562165,5.85677248184861,0.9515151515151514,0.12311960131928337,10
slope_b,fwd_mid_500ms,345339,20,0.03952301962175002,0.043808218973978394,0.0030169697366012453,0.006429954976371219,0.4692054217623603,-0.32121212121212117,0.12311960131928337,10
slope_b,fwd_micro_500ms,345339,20,-0.11630705864492749,0.13664614270374298,0.27039951797164263,0.0487098396308996,5.551229895655658,0.9393939393939393,0.12311960131928337,10
slope_b,fwd_mid_1s,345339,20,0.053353395785754355,0.06080502660335852,0.010086558159350192,0.01613690060942025,0.6250616771762202,-0.309090909090909,0.12311960131928337,10
slope_b,fwd_micro_1s,345339,20,-0.13352686392392074,0.17927116354670425,0.34757301888272163,0.06994957041097549,4.968908555701229,0.9393939393939393,0.12311960131928337,10
slope_b,fwd_mid_3s,345339,20,0.12404540850432062,0.1125801325905241,-0.015061528689366782,0.018429732900086458,-0.8172407473846854,-0.4787878787878787,0.12311960131928337,10
slope_b,fwd_micro_3s,345339,20,-0.12307854375498958,0.24996863658473145,0.4196371676589024,0.07600620056336334,5.521091233985149,0.9030303030303028,0.12311960131928337,10
slope_b,fwd_mid_5s,345339,20,0.17077277315335668,0.13213872879269256,-0.048054948166699536,0.024904227461328043,-1.9295899959683775,-0.4545454545454545,0.12311960131928337,10
slope_b,fwd_micro_5s,345339,20,-0.10310169537370677,0.28517604076242975,0.43198905724670145,0.08974090360965188,4.813736433117883,0.7939393939393938,0.12311960131928337,10
slope_b,fwd_mid_10s,345339,20,0.2550795284254288,0.19367741326792123,-0.14170061416924093,0.05308776353556627,-2.6691765622092607,-0.5757575757575757,0.12311960131928337,10
slope_b,fwd_micro_10s,345339,20,-0.0598983776269899,0.346221501335033,0.3678237500641395,0.08176114118401794,4.498759982279197,0.5636363636363636,0.12311960131928337,10
slope_b,fwd_mid_30s,345339,20,0.4877159961719367,0.2742293708621589,-0.42436060623093985,0.11286627152864522,-3.7598531472995282,-0.5151515151515151,0.12311960131928337,10
slope_b,fwd_micro_30s,345339,20,0.12168544028702571,0.42413028239049294,0.14383701435747726,0.1326467331599056,1.0843615287839903,0.13939393939393938,0.12311960131928337,10
slope_b,fwd_mid_60s,345339,20,0.6429994825105148,0.3047614932077189,-0.7838513534095659,0.32355732991277664,-2.4226042217027617,-0.5030303030303029,0.12311960131928337,10
slope_b,fwd_micro_60s,345339,20,0.23582448895526592,0.4523589059675092,-0.17521575233332642,0.31192194671547324,-0.5617294780900861,0.006060606060606061,0.12311960131928337,10
slope_a,fwd_mid_100ms,345339,20,-0.013008283832913345,-0.017114454235563688,-0.0016171000656137983,0.0033290552462110273,-0.4857534483557474,0.309090909090909,0.1117916018752588,10
slope_a,fwd_micro_100ms,345339,20,0.04372345369185179,-0.053364489747901554,-0.0866306401832552,0.01213007498067954,-7.14180582735376,-0.9636363636363635,0.1117916018752588,10
slope_a,fwd_mid_300ms,345339,20,-0.03516864021608979,-0.039439630345538955,0.00036443920601050264,0.0051745976768152215,0.07042851034455723,0.32121212121212117,0.1117916018752588,10
slope_a,fwd_micro_300ms,345339,20,0.10221927356705245,-0.12452195676444294,-0.20521760291261587,0.032070753106645096,-6.398901897632537,-0.9636363636363635,0.1117916018752588,10
slope_a,fwd_mid_500ms,345339,20,-0.05599073361572953,-0.055878394571513106,0.008500028771551758,0.007940202469622695,1.0705052930414336,0.43030303030303024,0.1117916018752588,10
slope_a,fwd_micro_500ms,345339,20,0.13721742299888104,-0.1633715368918654,-0.26310979564170234,0.038608014440696094,-6.8149009850235265,-0.9636363636363635,0.1117916018752588,10
slope_a,fwd_mid_1s,345339,20,-0.07778304613903099,-0.08265848867698446,0.007413163448066277,0.013058990412058841,0.5676674240621898,0.309090909090909,0.1117916018752588,10
slope_a,fwd_micro_1s,345339,20,0.15660002770430062,-0.19864026915337288,-0.3069587103160187,0.04746442831231871,-6.467131728548639,-0.9636363636363635,0.1117916018752588,10
slope_a,fwd_mid_3s,345339,20,-0.15197563032975547,-0.11112758657581584,0.051983670786819536,0.025409686038294913,2.045821058492222,0.43030303030303024,0.1117916018752588,10
slope_a,fwd_micro_3s,345339,20,0.1644554155250822,-0.24397543362626165,-0.3532597094082594,0.0552104090878324,-6.398425862888831,-0.8060606060606059,0.1117916018752588,10
slope_a,fwd_mid_5s,345339,20,-0.20535140503109714,-0.1343678591180701,0.0846326267975691,0.03385154956113562,2.5001108633069595,0.49090909090909085,0.1117916018752588,10
slope_a,fwd_micro_5s,345339,20,0.13222313993035767,-0.2981686488327302,-0.3876320211687603,0.06166845597337076,-6.285742281858732,-0.7454545454545454,0.1117916018752588,10
slope_a,fwd_mid_10s,345339,20,-0.2973712279903171,-0.18456115034404494,0.1464722936856238,0.04704814286153809,3.1132428354651394,0.49090909090909085,0.1117916018752588,10
slope_a,fwd_micro_10s,345339,20,0.09793398116911084,-0.36808811899960486,-0.40700721092797154,0.0694895355044656,-5.857100755865839,-0.5151515151515151,0.1117916018752588,10
slope_a,fwd_mid_30s,345339,20,-0.43930726489393795,-0.297260826102518,0.23571725339712973,0.08685561972731756,2.71389754787499,0.4424242424242424,0.1117916018752588,10
slope_a,fwd_micro_30s,345339,20,0.025323886612986565,-0.47463173302019995,-0.39193800268535706,0.10212100066325557,-3.837976519421057,-0.16363636363636364,0.1117916018752588,10
slope_a,fwd_mid_60s,345339,20,-0.4696971634470836,-0.37396890450572073,0.29592057297873764,0.14395998910805058,2.0555751275907053,0.4787878787878787,0.1117916018752588,10
slope_a,fwd_micro_60s,345339,20,0.0218748045097523,-0.5420252079672035,-0.35267069046018285,0.15178236527664393,-2.3235287565679497,-0.16363636363636364,0.1117916018752588,10
slope_asym,fwd_mid_100ms,345339,20,0.005048035140628192,-0.007441248089503696,-0.013706737888178125,0.0038284632600694888,-3.580219256937401,-0.8666666666666665,0.12372769944894726,10
slope_asym,fwd_micro_100ms,345339,20,-0.0479361961798102,0.05284690770667058,0.10270716674725519,0.01905814047519116,5.389149423101049,0.9878787878787878,0.12372769944894726,10
slope_asym,fwd_mid_300ms,345339,20,0.008949421589198932,-0.017201824866481565,-0.02645002771911953,0.0054585544902610505,-4.845610273985665,-0.9393939393939393,0.12372769944894726,10
slope_asym,fwd_micro_300ms,345339,20,-0.11534189146718019,0.11621319161389912,0.24084221500549857,0.04143241902836015,5.812892914619444,0.9878787878787878,0.12372769944894726,10
slope_asym,fwd_mid_500ms,345339,20,0.009762131690030557,-0.031415025091290634,-0.03892787960100276,0.007940333667656516,-4.90254959430336,-0.8303030303030302,0.12372769944894726,10
slope_asym,fwd_micro_500ms,345339,20,-0.1524302797167017,0.15235170575959947,0.31242208468232857,0.05326145987066626,5.865819026383747,0.9878787878787878,0.12372769944894726,10
slope_asym,fwd_mid_1s,345339,20,0.014989979915259223,-0.04274450160314948,-0.049332148961994365,0.010920028062708238,-4.517584449298537,-0.8666666666666665,0.12372769944894726,10
slope_asym,fwd_micro_1s,345339,20,-0.16767043842904034,0.17831201056258522,0.37419857389032474,0.07533030234621801,4.9674375680919,0.9757575757575757,0.12372769944894726,10
slope_asym,fwd_mid_3s,345339,20,0.06992848994728121,-0.08708096618771377,-0.14062445006377738,0.016741721677762913,-8.399640895390164,-0.8909090909090909,0.12372769944894726,10
slope_asym,fwd_micro_3s,345339,20,-0.165567184287017,0.2093731419164313,0.4151842952100993,0.08317351662209815,4.991784790061288,0.9757575757575757,0.12372769944894726,10
slope_asym,fwd_mid_5s,345339,20,0.10595873880882749,-0.11786068249743657,-0.21448900200554638,0.033390885612432454,-6.423579311286237,-0.9272727272727272,0.12372769944894726,10
slope_asym,fwd_micro_5s,345339,20,-0.1650788367305562,0.1907005864327642,0.41417382868073904,0.09940548419362556,4.166508840437781,0.9515151515151514,0.12372769944894726,10
slope_asym,fwd_mid_10s,345339,20,0.16117749616295649,-0.16366332707974812,-0.36080665319780814,0.07006240133453348,-5.149789991853561,-0.9878787878787878,0.12372769944894726,10
slope_asym,fwd_micro_10s,345339,20,-0.14544702520968578,0.18625207719259576,0.3460125340930648,0.1072140907403367,3.2273046546752644,0.9393939393939393,0.12372769944894726,10
slope_asym,fwd_mid_30s,345339,20,0.3269476771530245,-0.2031858392313037,-0.6806890385548123,0.15028147573780312,-4.529427430845929,-0.9757575757575757,0.12372769944894726,10
slope_asym,fwd_micro_30s,345339,20,-0.023502070583161932,0.1976264003051708,0.13145722680151467,0.15932324032398132,0.8250976225075416,0.9030303030303028,0.12372769944894726,10
slope_asym,fwd_mid_60s,345339,20,0.4242641589739279,-0.168130319478078,-0.8971980302860334,0.28429334215606306,-3.15588829299251,-0.9393939393939393,0.12372769944894726,10
slope_asym,fwd_micro_60s,345339,20,0.05133366504397344,0.2502170207548638,-0.0417796175017688,0.24903132934428807,-0.16776851977530946,0.35757575757575755,0.12372769944894726,10
local_slope_b,fwd_mid_100ms,345339,20,0.002596002623924309,0.01795118104700743,0.010939640478574143,0.004117962775683363,2.6565661407074628,-0.32121212121212117,0.13107120829098365,10
local_slope_b,fwd_micro_100ms,345339,20,-0.086709990744016,0.08017458711634234,0.17625484028453847,0.032629190695307314,5.4017533542407845,0.9878787878787878,0.13107120829098365,10
local_slope_b,fwd_mid_300ms,345339,20,0.0066875582084166135,0.037224093392404185,0.025051735595769998,0.010129686271843871,2.473100836834695,-0.309090909090909,0.13107120829098365,10
local_slope_b,fwd_micro_300ms,345339,20,-0.19682954460582416,0.15269154948120858,0.36099781118263563,0.0522835576384162,6.904614519142564,0.9878787878787878,0.13107120829098365,10
local_slope_b,fwd_mid_500ms,345339,20,0.005696208060783406,0.04988891387130613,0.04349762655410451,0.01301747261141199,3.3414801668928864,-0.2727272727272727,0.13107120829098365,10
local_slope_b,fwd_micro_500ms,345339,20,-0.2546380969954769,0.20617577632489173,0.47736971462441646,0.06926387079247845,6.8920450035872864,0.9878787878787878,0.13107120829098365,10
local_slope_b,fwd_mid_1s,345339,20,0.00028913185037593317,0.07342657696193738,0.07438233666148365,0.022456866052513215,3.3122313900589573,-0.17575757575757575,0.13107120829098365,10
local_slope_b,fwd_micro_1s,345339,20,-0.3272361951186903,0.263966987573951,0.6240649859994931,0.0965855764624204,6.4612648063689395,0.9878787878787878,0.13107120829098365,10
local_slope_b,fwd_mid_3s,345339,20,0.04075795205832766,0.11141556745494609,0.06205251602972217,0.03330544884405522,1.8631340571408659,-0.4424242424242424,0.13107120829098365,10
local_slope_b,fwd_micro_3s,345339,20,-0.3688372156272125,0.3594581100208971,0.7690442228920847,0.11404677697123532,6.7432350419341684,0.9757575757575757,0.13107120829098365,10
local_slope_b,fwd_mid_5s,345339,20,0.07951968846335258,0.1475371225794863,0.05841664404765151,0.036072146321869294,1.619439096481917,-0.38181818181818183,0.13107120829098365,10
local_slope_b,fwd_micro_5s,345339,20,-0.3706830997875177,0.4029914937563994,0.8189838006656631,0.12024356959360864,6.81104031952487,0.9757575757575757,0.13107120829098365,10
local_slope_b,fwd_mid_10s,345339,20,0.1289804098771819,0.17507245833748733,-0.025354666419221922,0.07310339357326355,-0.34683296054938556,-0.38181818181818183,0.13107120829098365,10
local_slope_b,fwd_micro_10s,345339,20,-0.3739264671351964,0.4476514928122436,0.8160185098500156,0.11780146162643543,6.927066087157068,0.9757575757575757,0.13107120829098365,10
local_slope_b,fwd_mid_30s,345339,20,0.32596913147226164,0.2718871883895471,-0.22981754651801095,0.12829001289278213,-1.791390781993919,-0.5878787878787878,0.13107120829098365,10
local_slope_b,fwd_micro_30s,345339,20,-0.24813748832233634,0.5614854906774719,0.7184962717240378,0.1436271101837571,5.0025115091767205,0.9030303030303028,0.13107120829098365,10
local_slope_b,fwd_mid_60s,345339,20,0.35902877634748165,0.5086302238221725,-0.16227505885222598,0.19561544156782304,-0.8295616008205702,-0.29696969696969694,0.13107120829098365,10
local_slope_b,fwd_micro_60s,345339,20,-0.2456936100385869,0.7741855322033563,0.7921406918224084,0.181940275410186,4.35385013041516,0.8424242424242423,0.13107120829098365,10
local_slope_a,fwd_mid_100ms,345339,20,-0.005314326698962967,-0.01257721669185891,-0.006057886050441406,0.0043547239075912274,-1.391106802403982,0.5151515151515151,0.11943915978212713,10
local_slope_a,fwd_micro_100ms,345339,20,0.08586125189073407,-0.06386057938037715,-0.13739473129803764,0.019246177871423787,-7.138806064036106,-0.9878787878787878,0.11943915978212713,10
local_slope_a,fwd_mid_300ms,345339,20,-0.017873524311912366,-0.026120672283899853,-0.00824051781534384,0.009044078130641354,-0.9111506663597863,0.5030303030303029,0.11943915978212713,10
local_slope_a,fwd_micro_300ms,345339,20,0.19952178601630516,-0.1491331695865837,-0.3237473362682374,0.04493312801380425,-7.2050923356321075,-0.9757575757575757,0.11943915978212713,10
local_slope_a,fwd_mid_500ms,345339,20,-0.02625858646785096,-0.03548720463902606,-0.007856609868690894,0.011372263527460368,-0.690857176297375,0.4787878787878787,0.11943915978212713,10
local_slope_a,fwd_micro_500ms,345339,20,0.2705727107362403,-0.20078889103253378,-0.4351072798954306,0.06139855864455308,-7.086604140242805,-0.9757575757575757,0.11943915978212713,10
local_slope_a,fwd_mid_1s,345339,20,-0.03380440190094022,-0.057175970784987734,-0.02419039154796948,0.015871582827787264,-1.5241322690020567,0.43030303030303024,0.11943915978212713,10
local_slope_a,fwd_micro_1s,345339,20,0.3350738482411754,-0.25645046129891863,-0.546617573891898,0.07606462697690543,-7.186225655952547,-0.9757575757575757,0.11943915978212713,10
local_slope_a,fwd_mid_3s,345339,20,-0.07513257608466985,-0.10823197312469636,-0.030070357152396327,0.03016367643063843,-0.9969062365969648,0.32121212121212117,0.11943915978212713,10
local_slope_a,fwd_micro_3s,345339,20,0.41508395401193193,-0.3593275135326988,-0.7184695043424255,0.09569151173074424,-7.508184282468516,-0.9757575757575757,0.11943915978212713,10
local_slope_a,fwd_mid_5s,345339,20,-0.11292697064602976,-0.12004291497687589,-0.005125549906534686,0.03493733395062347,-0.14670695576767726,0.35757575757575755,0.11943915978212713,10
local_slope_a,fwd_micro_5s,345339,20,0.4273856589160439,-0.43472727486298507,-0.7939406484737195,0.1144312407295359,-6.938145941720923,-0.9757575757575757,0.11943915978212713,10
local_slope_a,fwd_mid_10s,345339,20,-0.18775540962645113,-0.13354828662233292,0.06784421722928315,0.04943437063519324,1.3724098508292448,0.4787878787878787,0.11943915978212713,10
local_slope_a,fwd_micro_10s,345339,20,0.4401552262167383,-0.4864401004917682,-0.8384799905195808,0.1341760424598851,-6.249103604097304,-0.9636363636363635,0.11943915978212713,10
local_slope_a,fwd_mid_30s,345339,20,-0.3215827012356114,-0.055507786307248334,0.30807082620979825,0.0780973169942589,3.9447043517825997,0.5636363636363636,0.11943915978212713,10
local_slope_a,fwd_micro_30s,345339,20,0.3754993984940554,-0.4260231631351702,-0.6995724469277345,0.15391760521842426,-4.545110001776419,-0.9515151515151514,0.11943915978212713,10
local_slope_a,fwd_mid_60s,345339,20,-0.407059879499892,0.027753172572589215,0.5274591058182787,0.11062255701819428,4.768097213044231,0.6242424242424242,0.11943915978212713,10
local_slope_a,fwd_micro_60s,345339,20,0.33374890431488174,-0.32626803476084343,-0.5083770123524795,0.16927343755569976,-3.0032887598516274,-0.8909090909090909,0.11943915978212713,10
deep_slope_b,fwd_mid_100ms,345339,20,0.01738002017159846,0.017189450683364766,0.0005780003591885805,0.00270118063344534,0.2139806394403711,-0.3214285714285715,0.39837087615357664,7
deep_slope_b,fwd_micro_100ms,345339,20,0.02215935139385753,0.022031711186457924,0.00037704246532300134,0.004042708930067372,0.09326480630815978,-0.21428571428571433,0.39837087615357664,7
deep_slope_b,fwd_mid_300ms,345339,20,0.04682541153855066,0.04265811993987991,-0.0026779571435093415,0.005887388978875037,-0.4548632939182907,-0.3214285714285715,0.39837087615357664,7
deep_slope_b,fwd_micro_300ms,345339,20,0.05989468876704866,0.033127361070117774,-0.022257354227601563,0.010988338240780762,-2.0255432386489858,-0.21428571428571433,0.39837087615357664,7
deep_slope_b,fwd_mid_500ms,345339,20,0.05978782047697112,0.05243758198710051,-0.005722538688563596,0.008526620689872609,-0.6711379451135281,-0.3214285714285715,0.39837087615357664,7
deep_slope_b,fwd_micro_500ms,345339,20,0.07395156524116932,0.03356131039619775,-0.027845732991668842,0.014507607109429858,-1.9193884133772332,-0.14285714285714288,0.39837087615357664,7
deep_slope_b,fwd_mid_1s,345339,20,0.08818480299564871,0.06724504819681673,0.01366991792256663,0.03573128591373744,0.3825755937127082,-0.3214285714285715,0.39837087615357664,7
deep_slope_b,fwd_micro_1s,345339,20,0.10529102222836399,0.056603115909013554,-0.013093596679607522,0.03377343924468045,-0.38768917150390164,-0.21428571428571433,0.39837087615357664,7
deep_slope_b,fwd_mid_3s,345339,20,0.15739416814565776,0.13643587136906762,-0.008510188873949772,0.025107263067845716,-0.33895326826158806,-0.3214285714285715,0.39837087615357664,7
deep_slope_b,fwd_micro_3s,345339,20,0.17325378737060904,0.13123683805189523,-0.017522231698120234,0.02737953428803812,-0.639975520174408,-0.3214285714285715,0.39837087615357664,7
deep_slope_b,fwd_mid_5s,345339,20,0.19558420530212944,0.1629316842201091,-0.024415092136505945,0.026742119951352037,-0.9129826723132157,-0.3214285714285715,0.39837087615357664,7
deep_slope_b,fwd_micro_5s,345339,20,0.20682632005946783,0.15464840983529313,-0.04330291161266261,0.033478672078332654,-1.2934477063888141,-0.3214285714285715,0.39837087615357664,7
deep_slope_b,fwd_mid_10s,345339,20,0.2645322199689657,0.2066630275139772,-0.06421389084874893,0.02944074346894424,-2.1811232762000516,-0.3214285714285715,0.39837087615357664,7
deep_slope_b,fwd_micro_10s,345339,20,0.27196115108693564,0.18804549032366213,-0.09186102284346301,0.04337023610882635,-2.118066007594739,-0.3214285714285715,0.39837087615357664,7
deep_slope_b,fwd_mid_30s,345339,20,0.35381849903721296,0.23126761367529267,-0.11622507670497248,0.07354938142822708,-1.5802318720843402,-0.25,0.39837087615357664,7
deep_slope_b,fwd_micro_30s,345339,20,0.3510555986205374,0.20430516122379147,-0.15063285296966994,0.07931843192410604,-1.8990901523847499,-0.14285714285714288,0.39837087615357664,7
deep_slope_b,fwd_mid_60s,345339,20,0.49585305335294655,0.1563237867736639,-0.25928626909004254,0.1428419841457122,-1.8151964959093978,-0.5357142857142858,0.39837087615357664,7
deep_slope_b,fwd_micro_60s,345339,20,0.49693687295895217,0.11359985633298182,-0.32719649685364005,0.14860002299436387,-2.2018603379761927,-0.42857142857142866,0.39837087615357664,7
deep_slope_a,fwd_mid_100ms,345339,20,-0.022984391568563963,-0.018505703131968757,0.00233548289938972,0.00439957963496639,0.5308422833918226,0.3214285714285715,0.3467057007751803,7
deep_slope_a,fwd_micro_100ms,345339,20,-0.025937305362957522,-0.022583225549720736,0.0019802428096742275,0.0088166126796779,0.22460358434919614,0.28571428571428575,0.3467057007751803,7
deep_slope_a,fwd_mid_300ms,345339,20,-0.04681472648452086,-0.04546147381034934,0.0009924670845887456,0.0056228264367309535,0.17650679702746694,0.3214285714285715,0.3467057007751803,7
deep_slope_a,fwd_micro_300ms,345339,20,-0.060162479854344836,-0.05189537773179111,0.007619920185058216,0.012526791693311513,0.6082898456056194,0.3214285714285715,0.3467057007751803,7
deep_slope_a,fwd_mid_500ms,345339,20,-0.06359320252294962,-0.06534212324528169,0.00017715244286121986,0.00670203590065102,0.026432631141831347,0.10714285714285716,0.3467057007751803,7
deep_slope_a,fwd_micro_500ms,345339,20,-0.07256718729034264,-0.07702434671238093,0.00015300507830600453,0.01043115992501239,0.014668079044509789,0.10714285714285716,0.3467057007751803,7
deep_slope_a,fwd_mid_1s,345339,20,-0.09411078309823141,-0.09933687318627041,-0.0081534176118057,0.012057505352599623,-0.6762109883739597,0.10714285714285716,0.3467057007751803,7
deep_slope_a,fwd_micro_1s,345339,20,-0.10515804955511775,-0.10228335517612044,0.004169005262855688,0.015064730771066074,0.2767394470044461,0.3571428571428572,0.3467057007751803,7
deep_slope_a,fwd_mid_3s,345339,20,-0.14550559382240982,-0.14875027681619346,-0.01151888839267382,0.01997489973119186,-0.5766681459074594,0.10714285714285716,0.3467057007751803,7
deep_slope_a,fwd_micro_3s,345339,20,-0.1602627383340818,-0.1430639424639868,0.015474217508114438,0.028664512868931992,0.5398388445975008,0.3214285714285715,0.3467057007751803,7
deep_slope_a,fwd_mid_5s,345339,20,-0.19431432159916026,-0.17915206113965532,0.0044421973607081,0.02391242400352636,0.18576942931645113,0.3214285714285715,0.3467057007751803,7
deep_slope_a,fwd_micro_5s,345339,20,-0.21970550488317006,-0.1826056044289268,0.020425675894867136,0.029959188012390878,0.681783360964898,0.3214285714285715,0.3467057007751803,7
deep_slope_a,fwd_mid_10s,345339,20,-0.24926150108292575,-0.23275172699386043,0.015153331008423625,0.04250603984564374,0.35649830149906625,0.3214285714285715,0.3467057007751803,7
deep_slope_a,fwd_micro_10s,345339,20,-0.27234989000381515,-0.23424796155884184,0.02878979233839844,0.0516993522671289,0.5568694978931749,0.3214285714285715,0.3467057007751803,7
deep_slope_a,fwd_mid_30s,345339,20,-0.272729820660655,-0.27429127698399935,-0.018634914788287674,0.08543113346556118,-0.21812791230025927,0.14285714285714288,0.3467057007751803,7
deep_slope_a,fwd_micro_30s,345339,20,-0.2855406026053277,-0.2656347146737918,0.0036152511959860025,0.0898614687718955,0.040231383321398424,0.3571428571428572,0.3467057007751803,7
deep_slope_a,fwd_mid_60s,345339,20,-0.24659284337444087,-0.2568131973273323,-0.04130482695245743,0.1107587798640582,-0.3729259838646982,0.14285714285714288,0.3467057007751803,7
deep_slope_a,fwd_micro_60s,345339,20,-0.25694701258917885,-0.2343619381802204,-0.016210252231727486,0.11148322622092477,-0.1454053024946,0.28571428571428575,0.3467057007751803,7
curv_b,fwd_mid_100ms,345339,20,0.008335741422047127,0.009806954094799734,0.004176707116385125,0.00508583440275841,0.8212432386944803,0.5515151515151515,0.12739945386996546,10
curv_b,fwd_micro_100ms,345339,20,0.04640977657366504,-0.05620741329101129,-0.11268819979177394,0.023808855157527807,-4.733037310958001,-0.9878787878787878,0.12739945386996546,10
curv_b,fwd_mid_300ms,345339,20,0.02151279769072507,0.02012703914302546,-0.0011973933456436946,0.010298428515052761,-0.1162695205286435,0.5515151515151515,0.12739945386996546,10
curv_b,fwd_micro_300ms,345339,20,0.11693803144114862,-0.1311693175838751,-0.26304003147123756,0.04445612257408651,-5.916846009970373,-0.9878787878787878,0.12739945386996546,10
curv_b,fwd_mid_500ms,345339,20,0.02586930547927506,0.023250589474384485,-0.002691949514256207,0.011587896675230311,-0.23230700011421218,0.5515151515151515,0.12739945386996546,10
curv_b,fwd_micro_500ms,345339,20,0.14978350518368852,-0.17541251253836626,-0.33518373353054365,0.055235137799705805,-6.068306278984768,-0.9878787878787878,0.12739945386996546,10
curv_b,fwd_mid_1s,345339,20,0.0342726497424765,0.023118616187416088,-0.010704236752449721,0.01864912398502363,-0.5739806738936301,0.5636363636363636,0.12739945386996546,10
curv_b,fwd_micro_1s,345339,20,0.19385566825832728,-0.21553076275368668,-0.42297297516485,0.06953455962279284,-6.082917292629305,-0.9636363636363635,0.12739945386996546,10
curv_b,fwd_mid_3s,345339,20,0.06730071155158576,0.08367798094594292,0.019537107544320594,0.033847966325470595,0.577201813440086,0.7454545454545454,0.12739945386996546,10
curv_b,fwd_micro_3s,345339,20,0.27535488141487063,-0.21934342248922917,-0.51146131402329,0.0936685848881629,-5.460329251626438,-0.9636363636363635,0.12739945386996546,10
curv_b,fwd_mid_5s,345339,20,0.08611373812008082,0.12255514924162345,0.05254819608433535,0.03673397620410539,1.43050661851473,0.5757575757575757,0.12739945386996546,10
curv_b,fwd_micro_5s,345339,20,0.29599526372402285,-0.21580090679392955,-0.5349169992462987,0.09793397233746107,-5.462016769860827,-0.9636363636363635,0.12739945386996546,10
curv_b,fwd_mid_10s,345339,20,0.12151884868140349,0.19199045436577716,0.13163510916454016,0.08020161788756157,1.6413024154835085,0.6727272727272726,0.12739945386996546,10
curv_b,fwd_micro_10s,345339,20,0.35872426716728617,-0.1922640927898565,-0.5340286020218279,0.09820945137292818,-5.437649783766483,-0.8909090909090909,0.12739945386996546,10
curv_b,fwd_mid_30s,345339,20,0.17979103870053073,0.4114761968424848,0.38698568744793715,0.14151118703448617,2.7346649799045855,0.6848484848484848,0.12739945386996546,10
curv_b,fwd_micro_30s,345339,20,0.42201530433667417,-0.034794894282527376,-0.3605118971290935,0.12797321165753708,-2.817088767716809,-0.6606060606060605,0.12739945386996546,10
curv_b,fwd_mid_60s,345339,20,0.2716038118039154,0.45373566102211443,0.4615358258862298,0.18461548582284523,2.4999843530412935,0.6848484848484848,0.12739945386996546,10
curv_b,fwd_micro_60s,345339,20,0.5277084442329532,-0.021174134582467887,-0.32897712297415554,0.15975881314840748,-2.059211110116055,-0.41818181818181815,0.12739945386996546,10
curv_a,fwd_mid_100ms,345339,20,-0.006244660167190027,-0.01038577942517429,-0.004549004587392458,0.005937465075438077,-0.7661526475685121,-0.7696969696969697,0.11936966285302268,10
curv_a,fwd_micro_100ms,345339,20,-0.04882560656039256,0.05925598630233872,0.0979825820444577,0.014701602958260637,6.664755014989884,0.9878787878787878,0.11936966285302268,10
curv_a,fwd_mid_300ms,345339,20,-0.013499580822994519,-0.03421465708666056,-0.017896119327587917,0.011104329495531296,-1.6116343931247568,-0.7333333333333332,0.11936966285302268,10
curv_a,fwd_micro_300ms,345339,20,-0.12248655615641363,0.13901069669423882,0.24504288029706425,0.036869066969437536,6.646300013509741,0.9999999999999999,0.11936966285302268,10
curv_a,fwd_mid_500ms,345339,20,-0.016950764697330062,-0.05020523381945756,-0.028088168028334325,0.013480023485978645,-2.083688359857122,-0.7212121212121211,0.11936966285302268,10
curv_a,fwd_micro_500ms,345339,20,-0.15766015827811442,0.18493355254859262,0.3184791500747348,0.04962985735376691,6.417087758374591,0.9878787878787878,0.11936966285302268,10
curv_a,fwd_mid_1s,345339,20,-0.020094372752699936,-0.06660333415832313,-0.041053415280800275,0.02175747168039477,-1.8868651598794313,-0.7696969696969697,0.11936966285302268,10
curv_a,fwd_micro_1s,345339,20,-0.18908069602711325,0.2313829884622718,0.3941307883920428,0.06289065486014543,6.266921361663356,0.9999999999999999,0.11936966285302268,10
curv_a,fwd_mid_3s,345339,20,-0.024034519538532136,-0.11124176171746324,-0.08485182824841087,0.03406229835286728,-2.491077594629437,-0.8060606060606059,0.11936966285302268,10
curv_a,fwd_micro_3s,345339,20,-0.2528526697828114,0.28645069929243405,0.5069715416668438,0.08068237902690584,6.283547260025385,0.9878787878787878,0.11936966285302268,10
curv_a,fwd_mid_5s,345339,20,-0.040449576728679104,-0.15482387731298805,-0.10961008457631367,0.04159948597828463,-2.6348903597878897,-0.7939393939393938,0.11936966285302268,10
curv_a,fwd_micro_5s,345339,20,-0.3230472734751352,0.28340831752296464,0.5733225901249238,0.09605903891050172,5.9684397910652525,0.9878787878787878,0.11936966285302268,10
curv_a,fwd_mid_10s,345339,20,-0.04733082089488402,-0.2362307248542077,-0.1802500245126912,0.058645527190045406,-3.073551098425238,-0.7212121212121211,0.11936966285302268,10
curv_a,fwd_micro_10s,345339,20,-0.37401758624161086,0.27271464740969775,0.6161586117402856,0.11732739370863828,5.251617650950348,0.9757575757575757,0.11936966285302268,10
curv_a,fwd_mid_30s,345339,20,0.046286073404135326,-0.40300723973417185,-0.4136245789785547,0.08169291651780368,-5.063163326876839,-0.7939393939393938,0.11936966285302268,10
curv_a,fwd_micro_30s,345339,20,-0.30615280123287053,0.17099731191503914,0.48432377913121905,0.13801388156530087,3.509239604293447,0.8909090909090909,0.11936966285302268,10
curv_a,fwd_mid_60s,345339,20,0.1604454426270463,-0.4913309011528373,-0.6564979118573132,0.13589920064029146,-4.830770959389105,-0.8424242424242423,0.11936966285302268,10
curv_a,fwd_micro_60s,345339,20,-0.20016034590976173,0.11188344274107614,0.27892432207705,0.17750299968791325,1.5713780756801645,0.7818181818181817,0.11936966285302268,10
shape_asym,fwd_mid_100ms,345339,20,-0.00501870051947098,0.0022701655510207037,0.008886122155821878,0.003976103615135944,2.2348819386886274,0.7818181818181817,0.12218428848175271,10
shape_asym,fwd_micro_100ms,345339,20,0.06258032723855843,-0.06034627683004438,-0.11446347545819113,0.018622892509273983,-6.146385444752455,-0.8424242424242423,0.12218428848175271,10
shape_asym,fwd_mid_300ms,345339,20,-0.017865462288016425,0.006326633224551693,0.02188815790171306,0.005330892506998737,4.105908695959801,0.7454545454545454,0.12218428848175271,10
shape_asym,fwd_micro_300ms,345339,20,0.1544988309855249,-0.1420134537664458,-0.28582634368610715,0.044092844438277906,-6.482374800886636,-0.9151515151515152,0.12218428848175271,10
shape_asym,fwd_mid_500ms,345339,20,-0.026785739900271003,0.004725536713831272,0.026308817329921092,0.0055747549554338,4.7192778050768815,0.7575757575757575,0.12218428848175271,10
shape_asym,fwd_micro_500ms,345339,20,0.2048185114555438,-0.18986229270093066,-0.3770810152583451,0.06096882154452754,-6.1848171853371054,-0.9151515151515152,0.12218428848175271,10
shape_asym,fwd_mid_1s,345339,20,-0.03584608023583858,-0.0012519523948841204,0.03194960014086021,0.008897014233513906,3.5910474348248407,0.7454545454545454,0.12218428848175271,10
shape_asym,fwd_micro_1s,345339,20,0.25668397548072924,-0.23277040679018085,-0.4656550774763997,0.08046890441213644,-5.786770441057091,-0.9636363636363635,0.12218428848175271,10
shape_asym,fwd_mid_3s,345339,20,-0.057283677952411086,0.039510053985589044,0.09871503532944445,0.02243058340814295,4.400912519003319,0.7818181818181817,0.12218428848175271,10
shape_asym,fwd_micro_3s,345339,20,0.32630536516046244,-0.26333343291569883,-0.5732507643046355,0.10223708220545637,-5.607072814858181,-0.9272727272727272,0.12218428848175271,10
shape_asym,fwd_mid_5s,345339,20,-0.0838464693231437,0.06693407862721933,0.151225396932131,0.03532497309603045,4.280976988178501,0.8060606060606059,0.12218428848175271,10
shape_asym,fwd_micro_5s,345339,20,0.3302143355603421,-0.26942501573968625,-0.594845303959307,0.1137558448878146,-5.2291405733563865,-0.8787878787878788,0.12218428848175271,10
shape_asym,fwd_mid_10s,345339,20,-0.13126720772817038,0.10497739847338569,0.24825068014271873,0.06209836026626779,3.9977010516583644,0.8545454545454544,0.12218428848175271,10
shape_asym,fwd_micro_10s,345339,20,0.3519822950647537,-0.27738092169723993,-0.617626414275197,0.1285583078340454,-4.8042512746238435,-0.9030303030303028,0.12218428848175271,10
shape_asym,fwd_mid_30s,345339,20,-0.2163975284261175,0.25008344296564317,0.48864677037595455,0.09377378369912162,5.210910246981233,0.9272727272727272,0.12218428848175271,10
shape_asym,fwd_micro_30s,345339,20,0.31479013784599397,-0.1880823022560429,-0.4914629173116086,0.14371457837064414,-3.419715124822697,-0.8181818181818182,0.12218428848175271,10
shape_asym,fwd_mid_60s,345339,20,-0.22441427844611805,0.32673539922723616,0.6911648646622831,0.13091960851600304,5.2793074505550335,0.9272727272727272,0.12218428848175271,10
shape_asym,fwd_micro_60s,345339,20,0.3269388111327722,-0.13325407997084482,-0.33352073286555883,0.15293166464606903,-2.180848116950983,-0.7696969696969697,0.12218428848175271,10
hhi_b,fwd_mid_100ms,345339,20,0.02147839237596018,-0.06898746579311339,-0.09515737586703965,0.014110250390284578,-6.743847432541592,-0.9636363636363635,0.12506841103958719,10
hhi_b,fwd_micro_100ms,345339,20,0.01614470082958015,-0.070069028401782,-0.09191935469672483,0.01553176987710625,-5.918150695254215,-0.6606060606060605,0.12506841103958719,10
hhi_b,fwd_mid_300ms,345339,20,0.05225231169078692,-0.15192656218972056,-0.21878794904747942,0.0316554780200678,-6.911535150686403,-0.9757575757575757,0.12506841103958719,10
hhi_b,fwd_micro_300ms,345339,20,0.030461804977918828,-0.15843102482081786,-0.20649804499775076,0.03138498519190852,-6.579517044060571,-0.8303030303030302,0.12506841103958719,10
hhi_b,fwd_mid_500ms,345339,20,0.06819658630227642,-0.19624499311512406,-0.28537734837341133,0.04152124492657778,-6.8730441218235505,-0.9878787878787878,0.12506841103958719,10
hhi_b,fwd_micro_500ms,345339,20,0.04866985284247778,-0.20575672602295825,-0.2686444616286551,0.03877393375536749,-6.92848095639681,-0.8060606060606059,0.12506841103958719,10
hhi_b,fwd_mid_1s,345339,20,0.0946122096527409,-0.28983901043490773,-0.42624128189026733,0.05498350127150757,-7.752166959784814,-0.9878787878787878,0.12506841103958719,10
hhi_b,fwd_micro_1s,345339,20,0.08461394610365353,-0.29059231690161597,-0.40388350644655324,0.04581775428080335,-8.815000053718734,-0.9757575757575757,0.12506841103958719,10
hhi_b,fwd_mid_3s,345339,20,0.1538277100429619,-0.44902658989586103,-0.6627414564361064,0.08574703125776002,-7.729030926375413,-0.9878787878787878,0.12506841103958719,10
hhi_b,fwd_micro_3s,345339,20,0.15820392864292593,-0.4566810649746641,-0.651546204810603,0.0729773400820826,-8.928061835054065,-0.9878787878787878,0.12506841103958719,10
hhi_b,fwd_mid_5s,345339,20,0.1931318338967969,-0.5216659700885453,-0.7619865265827994,0.09865700109897153,-7.723593035413509,-0.9999999999999999,0.12506841103958719,10
hhi_b,fwd_micro_5s,345339,20,0.1607526418480841,-0.5360333868612659,-0.7393654788314732,0.0853783180135598,-8.659874029306211,-0.9999999999999999,0.12506841103958719,10
hhi_b,fwd_mid_10s,345339,20,0.22853134048842444,-0.6047093613159932,-0.8786732580131957,0.12496791707492912,-7.031190713424109,-0.9272727272727272,0.12506841103958719,10
hhi_b,fwd_micro_10s,345339,20,0.19192993148635656,-0.628976828508271,-0.8607353320273091,0.10595309858283039,-8.123739121743727,-0.8909090909090909,0.12506841103958719,10
hhi_b,fwd_mid_30s,345339,20,0.32453244240882406,-0.639754044572368,-1.0019002059977258,0.19346856175781063,-5.178620220746421,-0.8060606060606059,0.12506841103958719,10
hhi_b,fwd_micro_30s,345339,20,0.2893025428099939,-0.6883585880478578,-1.0120171629673325,0.17881687657724357,-5.659517056434946,-0.7212121212121211,0.12506841103958719,10
hhi_b,fwd_mid_60s,345339,20,0.45359792256628056,-0.6344502740458657,-1.11721547215645,0.2586703657023362,-4.319070215573441,-0.5757575757575757,0.12506841103958719,10
hhi_b,fwd_micro_60s,345339,20,0.4173261959899603,-0.6947144923094298,-1.13833980947896,0.24246692258829303,-4.694825163479525,-0.4787878787878787,0.12506841103958719,10
gini_b,fwd_mid_100ms,345339,20,0.02278286666588092,-0.06936103792257456,-0.09711150531893822,0.014314078650447584,-6.784335037582155,-0.9757575757575757,0.12491204294910219,10
gini_b,fwd_micro_100ms,345339,20,0.020086042678597062,-0.07070388580045142,-0.09709158573188546,0.015988546762762384,-6.072571020526614,-0.9515151515151514,0.12491204294910219,10
gini_b,fwd_mid_300ms,345339,20,0.054630588932592664,-0.1528353048958643,-0.2220366233709632,0.03214038679399945,-6.908337002727579,-0.9757575757575757,0.12491204294910219,10
gini_b,fwd_micro_300ms,345339,20,0.03584915471452709,-0.16088246875979764,-0.21519937581795823,0.03202482576370388,-6.719767264490779,-0.8666666666666665,0.12491204294910219,10
gini_b,fwd_mid_500ms,345339,20,0.0711762583876647,-0.197966924834704,-0.2900895883132995,0.04225470684155148,-6.8652609377007385,-0.9757575757575757,0.12491204294910219,10
gini_b,fwd_micro_500ms,345339,20,0.05601286419962807,-0.20817871569409743,-0.2795456108948911,0.039389506375391355,-7.09695643887372,-0.8181818181818182,0.12491204294910219,10
gini_b,fwd_mid_1s,345339,20,0.0978899669672741,-0.29423054085630596,-0.4340472272466248,0.055434430569588564,-7.82992127431979,-0.9878787878787878,0.12491204294910219,10
gini_b,fwd_micro_1s,345339,20,0.0906948673887183,-0.2961024703427613,-0.415946607063879,0.047151905663713994,-8.821416678901548,-0.9515151515151514,0.12491204294910219,10
gini_b,fwd_mid_3s,345339,20,0.15453812501038747,-0.4528139114875567,-0.666133193604564,0.08574948789981521,-7.768363519358108,-0.9878787878787878,0.12491204294910219,10
gini_b,fwd_micro_3s,345339,20,0.1634719685431741,-0.46159292771925337,-0.6618267284853563,0.07271782203686128,-9.101300203268886,-0.9757575757575757,0.12491204294910219,10
gini_b,fwd_mid_5s,345339,20,0.18919793325349726,-0.5244605933508184,-0.7573891836042577,0.09834135755032923,-7.701634413747445,-0.9999999999999999,0.12491204294910219,10
gini_b,fwd_micro_5s,345339,20,0.16088481161449705,-0.5398480377800053,-0.7409633406219782,0.08577265050946957,-8.638690027891508,-0.9515151515151514,0.12491204294910219,10
gini_b,fwd_mid_10s,345339,20,0.22367198007425276,-0.6074774748099173,-0.8749576480036036,0.1263320250628783,-6.92585785408029,-0.9757575757575757,0.12491204294910219,10
gini_b,fwd_micro_10s,345339,20,0.19295629408674103,-0.6335153574622477,-0.8669707994138905,0.10871840628262745,-7.9744619982755145,-0.8060606060606059,0.12491204294910219,10
gini_b,fwd_mid_30s,345339,20,0.3253107813603829,-0.6414691795894281,-1.001001669537712,0.18881168911823015,-5.301587386948826,-0.8909090909090909,0.12491204294910219,10
gini_b,fwd_micro_30s,345339,20,0.2966258468111537,-0.6905761296368808,-1.01841674682663,0.17462418523819592,-5.832048667471002,-0.8060606060606059,0.12491204294910219,10
gini_b,fwd_mid_60s,345339,20,0.4482676514570401,-0.6434140923267508,-1.1147950941823628,0.2588790689852265,-4.306238810855662,-0.7212121212121211,0.12491204294910219,10
gini_b,fwd_micro_60s,345339,20,0.41908637995320935,-0.7043876824064522,-1.1462136853285456,0.24333551514508106,-4.710424964663099,-0.6363636363636362,0.12491204294910219,10
entropy_b,fwd_mid_100ms,345339,9,-0.06405534784483986,0.02413152467982524,0.10328907483487226,0.024017747484730123,4.300531300886599,0.9999999999999999,0.1459869867000252,10
entropy_b,fwd_micro_100ms,345339,9,-0.07831152857373627,0.021818619571031653,0.10966465910809095,0.029509433717369565,3.7162576604627007,0.9515151515151514,0.1459869867000252,10
entropy_b,fwd_mid_300ms,345339,9,-0.15799271455177594,0.05959763129790444,0.2534490448242929,0.05798469852406879,4.3709642591155164,0.9757575757575757,0.1459869867000252,10
entropy_b,fwd_micro_300ms,345339,9,-0.17946229998639276,0.038269139044063184,0.25633722237414025,0.06250544981712376,4.101037959475896,0.9515151515151514,0.1459869867000252,10
entropy_b,fwd_mid_500ms,345339,9,-0.2008243573726607,0.07913585713505954,0.3285185585094966,0.0767597206507077,4.279830042691379,0.9878787878787878,0.1459869867000252,10
entropy_b,fwd_micro_500ms,345339,9,-0.2289236997255826,0.056222473541560174,0.3211666209136299,0.07768752754517719,4.1340821501477665,0.9636363636363635,0.1459869867000252,10
entropy_b,fwd_mid_1s,345339,9,-0.29264645484015966,0.11301515836782589,0.4569189354438852,0.10182517729324035,4.487288385740111,0.9878787878787878,0.1459869867000252,10
entropy_b,fwd_micro_1s,345339,9,-0.3086384003060451,0.09978000511883986,0.43883101511500006,0.09130960953956489,4.805967491568918,0.9515151515151514,0.1459869867000252,10
entropy_b,fwd_mid_3s,345339,9,-0.39517043731007,0.1822518507922881,0.6074205451653375,0.1445699423131783,4.20156870402215,0.9878787878787878,0.1459869867000252,10
entropy_b,fwd_micro_3s,345339,9,-0.40495310419149444,0.1797761424039659,0.5813656163689398,0.1281653431980974,4.536059451503658,0.9757575757575757,0.1459869867000252,10
entropy_b,fwd_mid_5s,345339,9,-0.44644441712008665,0.22818815076814292,0.6966295312305502,0.16416047049920593,4.243588783049448,0.9757575757575757,0.1459869867000252,10
entropy_b,fwd_micro_5s,345339,9,-0.45510128199436156,0.19889097445316128,0.6679464261025667,0.15431009450460978,4.328598386559946,0.9757575757575757,0.1459869867000252,10
entropy_b,fwd_mid_10s,345339,9,-0.5024831637744497,0.27591661911295273,0.7870214938000091,0.20616683315710405,3.8174010908936062,0.9636363636363635,0.1459869867000252,10
entropy_b,fwd_micro_10s,345339,9,-0.5156140705908469,0.23848742398580944,0.7547293581108415,0.1879813830820415,4.014915443948254,0.9393939393939393,0.1459869867000252,10
entropy_b,fwd_mid_30s,345339,9,-0.3877120070677298,0.38939805825742035,0.6724113973025099,0.29840687500027974,2.2533374852770383,0.9030303030303028,0.1459869867000252,10
entropy_b,fwd_micro_30s,345339,9,-0.41916576590225363,0.35303779833222404,0.6570900260164035,0.2894900847554426,2.269818762779059,0.8787878787878788,0.1459869867000252,10
entropy_b,fwd_mid_60s,345339,9,-0.3485109827275352,0.496015890858551,0.6467533492400261,0.4432704594085541,1.4590490647695646,0.8545454545454544,0.1459869867000252,10
entropy_b,fwd_micro_60s,345339,9,-0.3952583414533267,0.4578631016871325,0.6529084746905043,0.42897546595185027,1.5220182190181222,0.8545454545454544,0.1459869867000252,10
hhi_a,fwd_mid_100ms,345339,20,-0.023037646209993302,0.06126807546742471,0.08899478361285999,0.014479294297580193,6.146348142653125,0.9272727272727272,0.138669539206403,10
hhi_a,fwd_micro_100ms,345339,20,-0.016082833278670935,0.06327050580378453,0.08578648036186917,0.013701005233121505,6.261327464826054,0.28484848484848485,0.138669539206403,10
hhi_a,fwd_mid_300ms,345339,20,-0.050463720133403944,0.14016259753557164,0.20195749826344347,0.03029506363759026,6.666350025845586,0.9636363636363635,0.138669539206403,10
hhi_a,fwd_micro_300ms,345339,20,-0.0363521939726867,0.14921081554108256,0.1952755087780832,0.025438002246520274,7.676526909843929,0.7333333333333332,0.138669539206403,10
hhi_a,fwd_mid_500ms,345339,20,-0.06789746393283529,0.18575428795936633,0.26785596918788424,0.03993578229873216,6.707167201189091,0.9393939393939393,0.138669539206403,10
hhi_a,fwd_micro_500ms,345339,20,-0.05367256380941163,0.2030686152578562,0.27385419279418743,0.03444824223175478,7.949729073309451,0.7454545454545454,0.138669539206403,10
hhi_a,fwd_mid_1s,345339,20,-0.09820984658306715,0.2655854412602006,0.37998359559919814,0.054028368470199414,7.033038501038336,0.9393939393939393,0.138669539206403,10
hhi_a,fwd_micro_1s,345339,20,-0.07898258791917666,0.288129991403994,0.38312622620797526,0.04424876517366936,8.658461421562066,0.8787878787878788,0.138669539206403,10
hhi_a,fwd_mid_3s,345339,20,-0.14896975691569556,0.43511508865067333,0.5966367074639186,0.08042373956049378,7.4186640751159745,0.9636363636363635,0.138669539206403,10
hhi_a,fwd_micro_3s,345339,20,-0.12562435990685136,0.4676093839240509,0.5974863376170289,0.06493469475884882,9.201342053519207,0.8545454545454544,0.138669539206403,10
hhi_a,fwd_mid_5s,345339,20,-0.15269986143284728,0.5127284827649334,0.6737838068394466,0.09145729897939107,7.367195558566371,0.9030303030303028,0.138669539206403,10
hhi_a,fwd_micro_5s,345339,20,-0.14153054519673006,0.5567696493210743,0.697036223258569,0.07650811767140203,9.110617859562295,0.7575757575757575,0.138669539206403,10
hhi_a,fwd_mid_10s,345339,20,-0.15369440010788282,0.6219100014853571,0.771871311913902,0.11404798874334689,6.767951985991774,0.6969696969696969,0.138669539206403,10
hhi_a,fwd_micro_10s,345339,20,-0.1407921244595719,0.6750815868011292,0.7966134620581128,0.09347143195943806,8.522534055151773,0.6121212121212121,0.138669539206403,10
hhi_a,fwd_mid_30s,345339,20,-0.102744465729758,0.8071827238575139,0.8677038296762921,0.14167461595242162,6.124624540840061,0.0303030303030303,0.138669539206403,10
hhi_a,fwd_micro_30s,345339,20,-0.09544131879155841,0.8742805738595125,0.9082067697084849,0.11156485664679999,8.14061700974305,-0.2727272727272727,0.138669539206403,10
hhi_a,fwd_mid_60s,345339,20,-0.0896836941555706,0.9179533789670683,0.845867912390406,0.18266580406781197,4.630685621247369,0.09090909090909088,0.138669539206403,10
hhi_a,fwd_micro_60s,345339,20,-0.08355901977830542,0.9851521911725218,0.894196578387034,0.15404261413609868,5.80486499402691,-0.0303030303030303,0.138669539206403,10
gini_a,fwd_mid_100ms,345339,20,-0.023031389719738143,0.06132706213713455,0.08858947788198075,0.0146799899654032,6.03470970285146,0.9272727272727272,0.13852185823205604,10
gini_a,fwd_micro_100ms,345339,20,-0.015499761579121118,0.06371609937933838,0.08429978825759188,0.014025429251765245,6.010496131302497,0.5151515151515151,0.13852185823205604,10
gini_a,fwd_mid_300ms,345339,20,-0.05201937183671239,0.14115409780203447,0.20442481089953235,0.03150808236107715,6.48801182366034,0.9757575757575757,0.13852185823205604,10
gini_a,fwd_micro_300ms,345339,20,-0.03681817834717363,0.1506489530001003,0.19594166867652302,0.02673461669817379,7.329137009467862,0.8303030303030302,0.13852185823205604,10
gini_a,fwd_mid_500ms,345339,20,-0.07063815920120292,0.18702711725667281,0.2718789603215964,0.0410556355324403,6.622208054891027,0.9757575757575757,0.13852185823205604,10
gini_a,fwd_micro_500ms,345339,20,-0.05754811849427062,0.20349920434929372,0.27779142491328856,0.03510752202226558,7.912589921245656,0.8787878787878788,0.13852185823205604,10
gini_a,fwd_mid_1s,345339,20,-0.10278912818058639,0.2674415624638778,0.3866108392407221,0.05566862388888616,6.944860717455352,0.9393939393939393,0.13852185823205604,10
gini_a,fwd_micro_1s,345339,20,-0.08315562818710677,0.29053689798148297,0.39025962944305737,0.045792422461062215,8.52236261959933,0.9151515151515152,0.13852185823205604,10
gini_a,fwd_mid_3s,345339,20,-0.15448107986204185,0.4394327838409804,0.6014365231245357,0.08177857629624691,7.354450888773147,0.9757575757575757,0.13852185823205604,10
gini_a,fwd_micro_3s,345339,20,-0.13443856622414943,0.47312048766395026,0.6091016779929374,0.06720592332333501,9.063214191143285,0.9757575757575757,0.13852185823205604,10
gini_a,fwd_mid_5s,345339,20,-0.15745534427188848,0.5177384189672006,0.6779196399937959,0.09367650575399547,7.2368160462142495,0.9515151515151514,0.13852185823205604,10
gini_a,fwd_micro_5s,345339,20,-0.14954593774566205,0.5630736470918777,0.7051719802918226,0.07755994805485689,9.091960450941327,0.9272727272727272,0.13852185823205604,10
gini_a,fwd_mid_10s,345339,20,-0.1626912318210531,0.6232883670062768,0.7766216407577048,0.11544924420591608,6.726953009519205,0.9151515151515152,0.13852185823205604,10
gini_a,fwd_micro_10s,345339,20,-0.15432407880829704,0.6774474965517239,0.807739129848434,0.09444134150822171,8.552812962510863,0.8545454545454544,0.13852185823205604,10
gini_a,fwd_mid_30s,345339,20,-0.10042101678684111,0.8093919387970879,0.8693429609418682,0.14993020119443487,5.798317844011114,0.4424242424242424,0.13852185823205604,10
gini_a,fwd_micro_30s,345339,20,-0.09554924362014823,0.876746159734566,0.9132225571809134,0.12149417600718349,7.516595339738079,0.28484848484848485,0.13852185823205604,10
gini_a,fwd_mid_60s,345339,20,-0.08060687384914027,0.9216079210626988,0.8420722464481762,0.18394558106733674,4.577833517728919,0.43030303030303024,0.13852185823205604,10
gini_a,fwd_micro_60s,345339,20,-0.07693288866988555,0.9892902996972696,0.8937474610734848,0.15566823097135532,5.74136068417161,0.33333333333333326,0.13852185823205604,10
entropy_a,fwd_mid_100ms,345339,9,0.07278572326678813,-0.024358251995754383,-0.10505733935898888,0.027010425085296136,-3.8895107732376903,-0.9515151515151514,0.12709830051051285,10
entropy_a,fwd_micro_100ms,345339,9,0.08151023294233632,-0.016142198604924204,-0.10775468823890423,0.026997971791079364,-3.9912141946347393,-0.7939393939393938,0.12709830051051285,10
entropy_a,fwd_mid_300ms,345339,9,0.1635073814065875,-0.05665857458637348,-0.24697021518099282,0.057550069905822863,-4.291397309944963,-0.9515151515151514,0.12709830051051285,10
entropy_a,fwd_micro_300ms,345339,9,0.16989850679192162,-0.039345880831013626,-0.23681678106572862,0.05202895586594484,-4.551634318318797,-0.8545454545454544,0.12709830051051285,10
entropy_a,fwd_mid_500ms,345339,9,0.21372545086216438,-0.07744555226321936,-0.32188487374108427,0.07632913275097987,-4.217064469882269,-0.9878787878787878,0.12709830051051285,10
entropy_a,fwd_micro_500ms,345339,9,0.22475950125825334,-0.06276527573516213,-0.31841449540303335,0.06893357580500996,-4.619149546278021,-0.9151515151515152,0.12709830051051285,10
entropy_a,fwd_mid_1s,345339,9,0.2878881223926992,-0.11313668506423662,-0.4345543120743049,0.0986141072241561,-4.406614066753507,-0.9878787878787878,0.12709830051051285,10
entropy_a,fwd_micro_1s,345339,9,0.29753444122871053,-0.0926638394544061,-0.3989606746143896,0.0834163747620138,-4.782762086612143,-0.9272727272727272,0.12709830051051285,10
entropy_a,fwd_mid_3s,345339,9,0.45440850516477355,-0.17813687192877256,-0.6455892478839093,0.14460922356550818,-4.464371165034687,-0.9757575757575757,0.12709830051051285,10
entropy_a,fwd_micro_3s,345339,9,0.4626151068571138,-0.15781114158390358,-0.6270021011132932,0.1271526440795101,-4.93109762405901,-0.9515151515151514,0.12709830051051285,10
entropy_a,fwd_mid_5s,345339,9,0.5047528382938695,-0.19036834221786775,-0.7059561879214393,0.15106902130423847,-4.67307050662433,-0.9757575757575757,0.12709830051051285,10
entropy_a,fwd_micro_5s,345339,9,0.5143837874353318,-0.18194648191192503,-0.6826193668598791,0.13311205965524306,-5.128155695493303,-0.9515151515151514,0.12709830051051285,10
entropy_a,fwd_mid_10s,345339,9,0.539355795192103,-0.21448469505598552,-0.7789100540285958,0.18233409663168396,-4.271883692724785,-0.9757575757575757,0.12709830051051285,10
entropy_a,fwd_micro_10s,345339,9,0.5505743562423572,-0.20182765815979942,-0.7437864381077486,0.16092334016291687,-4.621992293689331,-0.9757575757575757,0.12709830051051285,10
entropy_a,fwd_mid_30s,345339,9,0.627357791579846,-0.17741524073398976,-0.8351301305205002,0.21488345558548996,-3.886432895659802,-0.9757575757575757,0.12709830051051285,10
entropy_a,fwd_micro_30s,345339,9,0.6477303587368346,-0.16876038185997316,-0.8197827818468885,0.18753825493989054,-4.371282979622712,-0.9515151515151514,0.12709830051051285,10
entropy_a,fwd_mid_60s,345339,9,0.5843296417173593,-0.14324019322638423,-0.7075563902734088,0.1467229521859537,-4.822397448605493,-0.9393939393939393,0.12709830051051285,10
entropy_a,fwd_micro_60s,345339,9,0.6133627126518867,-0.13701574889936352,-0.6922672008088862,0.13663124929164894,-5.066682800588271,-0.8909090909090909,0.12709830051051285,10
liq_conc,fwd_mid_100ms,345339,20,0.0017277415906755795,-0.0035589189591497534,-0.006084310280813521,0.003371831013443699,-1.804452908984762,-0.41818181818181815,0.11081864486779656,10
liq_conc,fwd_micro_100ms,345339,20,0.00157244943739613,-0.008854150533632452,-0.010596192653696681,0.004702780570038515,-2.253176072301817,-0.12727272727272726,0.11081864486779656,10
liq_conc,fwd_mid_300ms,345339,20,0.002260143715948308,-0.004446607327454739,-0.007879741606134059,0.004984047257166062,-1.580992554756492,-0.41818181818181815,0.11081864486779656,10
liq_conc,fwd_micro_300ms,345339,20,0.0008985172633663056,-0.005690322056744792,-0.006631908221160788,0.0072951737610029285,-0.909081598112482,0.05454545454545454,0.11081864486779656,10
liq_conc,fwd_mid_500ms,345339,20,0.0031480828820150365,-0.006280357221400802,-0.009169551193652568,0.006404336166428351,-1.4317723110350649,-0.41818181818181815,0.11081864486779656,10
liq_conc,fwd_micro_500ms,345339,20,-0.0004934173173220884,-0.009954674213119609,-0.00997954103786324,0.009069042122103514,-1.1003963708075204,0.16363636363636364,0.11081864486779656,10
liq_conc,fwd_mid_1s,345339,20,0.006240477637855431,-0.02301075889388982,-0.02501153310815113,0.010622971843325182,-2.3544760804262914,-0.7818181818181817,0.11081864486779656,10
liq_conc,fwd_micro_1s,345339,20,0.005258620606302463,-0.01458692467088566,-0.018261651967665625,0.013925138211740984,-1.3114162093032806,-0.19999999999999998,0.11081864486779656,10
liq_conc,fwd_mid_3s,345339,20,0.020103343951314488,-0.011345816246035922,-0.03415939744337336,0.0207781902667405,-1.6440025336591542,-0.4424242424242424,0.11081864486779656,10
liq_conc,fwd_micro_3s,345339,20,0.03090580337761838,0.005505953993222854,-0.02791925839490935,0.021820697784971307,-1.2794851324203913,-0.24848484848484845,0.11081864486779656,10
liq_conc,fwd_mid_5s,345339,20,0.04239668724063944,-0.01417641380018258,-0.06283480086069414,0.030561573947172745,-2.056006702053609,-0.5636363636363636,0.11081864486779656,10
liq_conc,fwd_micro_5s,345339,20,0.03080270933201552,-0.00954930292219945,-0.04159806969549232,0.029458704805480632,-1.4120807404863647,-0.17575757575757575,0.11081864486779656,10
liq_conc,fwd_mid_10s,345339,20,0.06926045283406612,-0.024567239146307325,-0.10791956490766488,0.05562111602877999,-1.9402624868552467,-0.34545454545454546,0.11081864486779656,10
liq_conc,fwd_micro_10s,345339,20,0.06242013675298764,-0.02363885706237646,-0.09970889994800859,0.055956982597409104,-1.781884857255067,-0.2606060606060606,0.11081864486779656,10
liq_conc,fwd_mid_30s,345339,20,0.16665659306636374,-0.03388668713524784,-0.1975532925544138,0.12314895827457185,-1.6041815970050732,-0.309090909090909,0.11081864486779656,10
liq_conc,fwd_micro_30s,345339,20,0.15693501946229255,-0.028298316915983574,-0.1763431239311886,0.12425101738708526,-1.4192489336471044,-0.17575757575757575,0.11081864486779656,10
liq_conc,fwd_mid_60s,345339,20,0.23478863269149725,0.010374811413277719,-0.26430441949772443,0.1974049519646782,-1.338894576185792,-0.34545454545454546,0.11081864486779656,10
liq_conc,fwd_micro_60s,345339,20,0.21963090091508541,0.014569066073589694,-0.24260695754216202,0.2034716690557333,-1.192337776890743,-0.09090909090909088,0.11081864486779656,10
gap12_b,fwd_mid_100ms,345339,0,NaN,-0.06789608012926004,NaN,NaN,NaN,-1.0,0.2465722087571922,7
gap12_b,fwd_micro_100ms,345339,0,NaN,-0.06886939837116447,NaN,NaN,NaN,-0.9285714285714288,0.2465722087571922,7
gap12_b,fwd_mid_300ms,345339,0,NaN,-0.14673070623833492,NaN,NaN,NaN,-1.0,0.2465722087571922,7
gap12_b,fwd_micro_300ms,345339,0,NaN,-0.15249606779118777,NaN,NaN,NaN,-1.0,0.2465722087571922,7
gap12_b,fwd_mid_500ms,345339,0,NaN,-0.19276114491738783,NaN,NaN,NaN,-1.0,0.2465722087571922,7
gap12_b,fwd_micro_500ms,345339,0,NaN,-0.19891873037890906,NaN,NaN,NaN,-1.0,0.2465722087571922,7
gap12_b,fwd_mid_1s,345339,0,NaN,-0.28042952000379756,NaN,NaN,NaN,-0.9642857142857145,0.2465722087571922,7
gap12_b,fwd_micro_1s,345339,0,NaN,-0.27835420489282076,NaN,NaN,NaN,-1.0,0.2465722087571922,7
gap12_b,fwd_mid_3s,345339,0,NaN,-0.4332344140721513,NaN,NaN,NaN,-1.0,0.2465722087571922,7
gap12_b,fwd_micro_3s,345339,0,NaN,-0.4351760262905074,NaN,NaN,NaN,-0.9642857142857145,0.2465722087571922,7
gap12_b,fwd_mid_5s,345339,0,NaN,-0.5006837786521492,NaN,NaN,NaN,-1.0,0.2465722087571922,7
gap12_b,fwd_micro_5s,345339,0,NaN,-0.5102777485645442,NaN,NaN,NaN,-1.0,0.2465722087571922,7
gap12_b,fwd_mid_10s,345339,0,NaN,-0.5835392087565965,NaN,NaN,NaN,-1.0,0.2465722087571922,7
gap12_b,fwd_micro_10s,345339,0,NaN,-0.6027412394926851,NaN,NaN,NaN,-1.0,0.2465722087571922,7
gap12_b,fwd_mid_30s,345339,0,NaN,-0.6545433227797508,NaN,NaN,NaN,-1.0,0.2465722087571922,7
gap12_b,fwd_micro_30s,345339,0,NaN,-0.6935388976495088,NaN,NaN,NaN,-1.0,0.2465722087571922,7
gap12_b,fwd_mid_60s,345339,0,NaN,-0.6671726599858996,NaN,NaN,NaN,-0.9642857142857145,0.2465722087571922,7
gap12_b,fwd_micro_60s,345339,0,NaN,-0.7129574945427362,NaN,NaN,NaN,-0.9642857142857145,0.2465722087571922,7
max_gap_b,fwd_mid_100ms,345339,0,NaN,0.015042333453956627,NaN,NaN,NaN,0.09999999999999999,0.6159570740634565,5
max_gap_b,fwd_micro_100ms,345339,0,NaN,0.018358072363045472,NaN,NaN,NaN,0.3,0.6159570740634565,5
max_gap_b,fwd_mid_300ms,345339,0,NaN,0.035223418831853426,NaN,NaN,NaN,0.49999999999999994,0.6159570740634565,5
max_gap_b,fwd_micro_300ms,345339,0,NaN,0.03962425452178723,NaN,NaN,NaN,0.49999999999999994,0.6159570740634565,5
max_gap_b,fwd_mid_500ms,345339,0,NaN,0.04730115510497451,NaN,NaN,NaN,0.49999999999999994,0.6159570740634565,5
max_gap_b,fwd_micro_500ms,345339,0,NaN,0.051364396100633265,NaN,NaN,NaN,0.49999999999999994,0.6159570740634565,5
max_gap_b,fwd_mid_1s,345339,0,NaN,0.07391034086963065,NaN,NaN,NaN,0.49999999999999994,0.6159570740634565,5
max_gap_b,fwd_micro_1s,345339,0,NaN,0.08249025556292171,NaN,NaN,NaN,0.49999999999999994,0.6159570740634565,5
max_gap_b,fwd_mid_3s,345339,0,NaN,0.12983213005551733,NaN,NaN,NaN,0.09999999999999999,0.6159570740634565,5
max_gap_b,fwd_micro_3s,345339,0,NaN,0.14873715527646503,NaN,NaN,NaN,0.09999999999999999,0.6159570740634565,5
max_gap_b,fwd_mid_5s,345339,0,NaN,0.15677456702683917,NaN,NaN,NaN,0.09999999999999999,0.6159570740634565,5
max_gap_b,fwd_micro_5s,345339,0,NaN,0.17203429143656693,NaN,NaN,NaN,0.09999999999999999,0.6159570740634565,5
max_gap_b,fwd_mid_10s,345339,0,NaN,0.20304046051978913,NaN,NaN,NaN,0.3,0.6159570740634565,5
max_gap_b,fwd_micro_10s,345339,0,NaN,0.22063324115991415,NaN,NaN,NaN,0.09999999999999999,0.6159570740634565,5
max_gap_b,fwd_mid_30s,345339,0,NaN,0.2886720980420638,NaN,NaN,NaN,0.3,0.6159570740634565,5
max_gap_b,fwd_micro_30s,345339,0,NaN,0.3088842107245169,NaN,NaN,NaN,0.3,0.6159570740634565,5
max_gap_b,fwd_mid_60s,345339,0,NaN,0.3935816458841638,NaN,NaN,NaN,0.3,0.6159570740634565,5
max_gap_b,fwd_micro_60s,345339,0,NaN,0.41362263429925755,NaN,NaN,NaN,0.3,0.6159570740634565,5
mean_gap_b,fwd_mid_100ms,345339,0,NaN,0.019916930403161854,NaN,NaN,NaN,0.9761904761904763,0.1860548620341172,8
mean_gap_b,fwd_micro_100ms,345339,0,NaN,0.027290665221997037,NaN,NaN,NaN,0.9761904761904763,0.1860548620341172,8
mean_gap_b,fwd_mid_300ms,345339,0,NaN,0.042889773935745945,NaN,NaN,NaN,0.9285714285714287,0.1860548620341172,8
mean_gap_b,fwd_micro_300ms,345339,0,NaN,0.05253991050166932,NaN,NaN,NaN,0.9285714285714287,0.1860548620341172,8
mean_gap_b,fwd_mid_500ms,345339,0,NaN,0.05804333265043239,NaN,NaN,NaN,0.9285714285714287,0.1860548620341172,8
mean_gap_b,fwd_micro_500ms,345339,0,NaN,0.07011489882432659,NaN,NaN,NaN,0.9523809523809524,0.1860548620341172,8
mean_gap_b,fwd_mid_1s,345339,0,NaN,0.09094691805227058,NaN,NaN,NaN,0.9285714285714287,0.1860548620341172,8
mean_gap_b,fwd_micro_1s,345339,0,NaN,0.10747094339810168,NaN,NaN,NaN,0.9761904761904763,0.1860548620341172,8
mean_gap_b,fwd_mid_3s,345339,0,NaN,0.14312181765039103,NaN,NaN,NaN,0.9285714285714287,0.1860548620341172,8
mean_gap_b,fwd_micro_3s,345339,0,NaN,0.17804649859179328,NaN,NaN,NaN,0.9761904761904763,0.1860548620341172,8
mean_gap_b,fwd_mid_5s,345339,0,NaN,0.1681789605040635,NaN,NaN,NaN,0.9285714285714287,0.1860548620341172,8
mean_gap_b,fwd_micro_5s,345339,0,NaN,0.18456461680102063,NaN,NaN,NaN,0.9523809523809524,0.1860548620341172,8
mean_gap_b,fwd_mid_10s,345339,0,NaN,0.2180568891918233,NaN,NaN,NaN,0.9285714285714287,0.1860548620341172,8
mean_gap_b,fwd_micro_10s,345339,0,NaN,0.24393633602258044,NaN,NaN,NaN,0.9285714285714287,0.1860548620341172,8
mean_gap_b,fwd_mid_30s,345339,0,NaN,0.337426044289912,NaN,NaN,NaN,0.880952380952381,0.1860548620341172,8
mean_gap_b,fwd_micro_30s,345339,0,NaN,0.367550446036359,NaN,NaN,NaN,0.9047619047619048,0.1860548620341172,8
mean_gap_b,fwd_mid_60s,345339,0,NaN,0.5208984156291424,NaN,NaN,NaN,0.880952380952381,0.1860548620341172,8
mean_gap_b,fwd_micro_60s,345339,0,NaN,0.5519188264560475,NaN,NaN,NaN,0.880952380952381,0.1860548620341172,8
empty_lv_b,fwd_mid_100ms,345339,20,0.036598529019451896,-0.06040074810108667,-0.09232443755962717,0.012837220390831051,-7.191933670124542,-0.9878787878787878,0.17992465374602926,10
empty_lv_b,fwd_micro_100ms,345339,20,0.041430868954905734,-0.06052452018795172,-0.09491638240282133,0.013497251695542547,-7.032274758139641,-0.9878787878787878,0.17992465374602926,10
empty_lv_b,fwd_mid_300ms,345339,20,0.0869901726349347,-0.13351948458711776,-0.2119173177509801,0.02657712822553105,-7.973672548541338,-0.9757575757575757,0.17992465374602926,10
empty_lv_b,fwd_micro_300ms,345339,20,0.0853059165274173,-0.14056198676065149,-0.21702136272039851,0.027420597633316415,-7.914538028037525,-0.9757575757575757,0.17992465374602926,10
empty_lv_b,fwd_mid_500ms,345339,20,0.12741616213710083,-0.1783616656926106,-0.29030526151284697,0.03605067628985393,-8.05269946057989,-0.9757575757575757,0.17992465374602926,10
empty_lv_b,fwd_micro_500ms,345339,20,0.12693095816868483,-0.18630301093369078,-0.3020558719657382,0.03521795199385813,-8.576758580919625,-0.9636363636363635,0.17992465374602926,10
empty_lv_b,fwd_mid_1s,345339,20,0.1940963645060668,-0.26316158499185177,-0.44847226625069964,0.04808073860384854,-9.327482881363276,-0.9757575757575757,0.17992465374602926,10
empty_lv_b,fwd_micro_1s,345339,20,0.20911114795380434,-0.2607109649113664,-0.4727795355083364,0.04322960599596255,-10.936475700298814,-0.9757575757575757,0.17992465374602926,10
empty_lv_b,fwd_mid_3s,345339,20,0.32613278717744604,-0.39064628877529983,-0.7196705330188118,0.07757645966732195,-9.276919004876468,-0.9878787878787878,0.17992465374602926,10
empty_lv_b,fwd_micro_3s,345339,20,0.34726265221544783,-0.391931581490892,-0.7654520686961216,0.07081560245143106,-10.809087859149507,-0.9878787878787878,0.17992465374602926,10
empty_lv_b,fwd_mid_5s,345339,20,0.39676925260063006,-0.46743026669637633,-0.8462456769784443,0.08872560705743611,-9.537784017985148,-0.9878787878787878,0.17992465374602926,10
empty_lv_b,fwd_micro_5s,345339,20,0.41262224699500727,-0.4767756429917528,-0.8894217304245249,0.08322699616800375,-10.686697482498584,-0.9999999999999999,0.17992465374602926,10
empty_lv_b,fwd_mid_10s,345339,20,0.52052123965371,-0.5446777176963954,-1.0206142450416025,0.11788999016900972,-8.657344390125294,-0.9878787878787878,0.17992465374602926,10
empty_lv_b,fwd_micro_10s,345339,20,0.5320708371738831,-0.5605353183361317,-1.0642019337334179,0.11022215856351031,-9.655063442803307,-0.9878787878787878,0.17992465374602926,10
empty_lv_b,fwd_mid_30s,345339,20,0.7360715604354876,-0.5973395400211717,-1.240701568921977,0.22146931798292624,-5.6021374889393325,-0.9757575757575757,0.17992465374602926,10
empty_lv_b,fwd_micro_30s,345339,20,0.7472154239106803,-0.6281660857750623,-1.309080147969889,0.22042925798816473,-5.938776730084425,-0.9515151515151514,0.17992465374602926,10
empty_lv_b,fwd_mid_60s,345339,20,0.8881602411645885,-0.6270901677333014,-1.3561361703344383,0.30947776628866014,-4.382014858765412,-0.9515151515151514,0.17992465374602926,10
empty_lv_b,fwd_micro_60s,345339,20,0.8889470707963061,-0.663178858448046,-1.4232849749105232,0.3042352746146883,-4.678237843107125,-0.9515151515151514,0.17992465374602926,10
wall_dist_b,fwd_mid_100ms,345339,0,NaN,0.012379377028314681,NaN,NaN,NaN,0.8571428571428573,0.22029078673419453,7
wall_dist_b,fwd_micro_100ms,345339,0,NaN,0.04092275329598623,NaN,NaN,NaN,0.8214285714285715,0.22029078673419453,7
wall_dist_b,fwd_mid_300ms,345339,0,NaN,0.029632593352275208,NaN,NaN,NaN,0.8571428571428573,0.22029078673419453,7
wall_dist_b,fwd_micro_300ms,345339,0,NaN,0.08459081998210828,NaN,NaN,NaN,0.8214285714285715,0.22029078673419453,7
wall_dist_b,fwd_mid_500ms,345339,0,NaN,0.032993490154119544,NaN,NaN,NaN,0.8571428571428573,0.22029078673419453,7
wall_dist_b,fwd_micro_500ms,345339,0,NaN,0.10415182336716179,NaN,NaN,NaN,0.8214285714285715,0.22029078673419453,7
wall_dist_b,fwd_mid_1s,345339,0,NaN,0.05094279705725506,NaN,NaN,NaN,0.8571428571428573,0.22029078673419453,7
wall_dist_b,fwd_micro_1s,345339,0,NaN,0.14065386153380324,NaN,NaN,NaN,0.8214285714285715,0.22029078673419453,7
wall_dist_b,fwd_mid_3s,345339,0,NaN,0.07880721012380545,NaN,NaN,NaN,0.8571428571428573,0.22029078673419453,7
wall_dist_b,fwd_micro_3s,345339,0,NaN,0.20504894696017964,NaN,NaN,NaN,0.8214285714285715,0.22029078673419453,7
wall_dist_b,fwd_mid_5s,345339,0,NaN,0.09947935838064897,NaN,NaN,NaN,0.8571428571428573,0.22029078673419453,7
wall_dist_b,fwd_micro_5s,345339,0,NaN,0.23472378281696613,NaN,NaN,NaN,0.8214285714285715,0.22029078673419453,7
wall_dist_b,fwd_mid_10s,345339,0,NaN,0.10917710910186884,NaN,NaN,NaN,0.8571428571428573,0.22029078673419453,7
wall_dist_b,fwd_micro_10s,345339,0,NaN,0.2572027094517197,NaN,NaN,NaN,0.8214285714285715,0.22029078673419453,7
wall_dist_b,fwd_mid_30s,345339,0,NaN,0.16025153025119465,NaN,NaN,NaN,0.8571428571428573,0.22029078673419453,7
wall_dist_b,fwd_micro_30s,345339,0,NaN,0.320728320718142,NaN,NaN,NaN,0.8571428571428573,0.22029078673419453,7
wall_dist_b,fwd_mid_60s,345339,0,NaN,0.2255449068430958,NaN,NaN,NaN,0.8214285714285715,0.22029078673419453,7
wall_dist_b,fwd_micro_60s,345339,0,NaN,0.3844617055959494,NaN,NaN,NaN,0.8214285714285715,0.22029078673419453,7
cliff_b,fwd_mid_100ms,345339,13,0.11646659006499091,0.019516775616277297,0.053894931286918864,0.07036256069277526,0.765960345335367,0.07142857142857144,0.2563944414039538,7
cliff_b,fwd_micro_100ms,345339,13,0.1622768197274948,0.024004562451289124,0.16728108181062773,0.18957048487387934,0.882421553766238,0.10714285714285716,0.2563944414039538,7
cliff_b,fwd_mid_300ms,345339,13,0.24314416410940856,0.04568468611031661,0.03090794207198091,0.08542604029093159,0.36180937295839927,0.07142857142857144,0.2563944414039538,7
cliff_b,fwd_micro_300ms,345339,13,0.2989516170100226,0.04751574737583926,0.2905624321230756,0.3374283523291834,0.8611085290177779,0.14285714285714288,0.2563944414039538,7
cliff_b,fwd_mid_500ms,345339,13,0.27787678683483974,0.06357213323190296,0.157210877044949,0.16362736151224522,0.9607859931982339,0.07142857142857144,0.2563944414039538,7
cliff_b,fwd_micro_500ms,345339,13,0.3399774832087153,0.07185149803342285,-0.031092826179018877,0.3890532012012683,-0.07991921434655841,0.1785714285714286,0.2563944414039538,7
cliff_b,fwd_mid_1s,345339,13,0.308035831846654,0.1055341151425757,0.26129832706314454,0.2374213735145687,1.1005678351326305,0.10714285714285716,0.2563944414039538,7
cliff_b,fwd_micro_1s,345339,13,0.3351069616832646,0.12536923579247702,0.21625851432653714,0.452975933190935,0.47741722789360974,0.21428571428571433,0.2563944414039538,7
cliff_b,fwd_mid_3s,345339,13,0.5447320060321457,0.18377462175596923,0.2187568229926191,0.5131944949182522,0.42626494469210024,0.10714285714285716,0.2563944414039538,7
cliff_b,fwd_micro_3s,345339,13,0.5256253547609047,0.22401560969564333,0.29448134986901875,0.7808012710873325,0.3771527541943269,0.10714285714285716,0.2563944414039538,7
cliff_b,fwd_mid_5s,345339,13,0.7918452772413832,0.23388193387304923,0.029478793174790033,0.7338206075580883,0.0401716616720341,0.10714285714285716,0.2563944414039538,7
cliff_b,fwd_micro_5s,345339,13,0.8562618539668813,0.26184283179515905,0.04738998052076397,0.963979302572659,0.04916078633046377,0.10714285714285716,0.2563944414039538,7
cliff_b,fwd_mid_10s,345339,13,0.7957401803346598,0.3106974269544792,-0.37613081237951423,0.5709923431164271,-0.6587317972192492,0.10714285714285716,0.2563944414039538,7
cliff_b,fwd_micro_10s,345339,13,0.7934467640532641,0.34586208512588656,-0.3872125108997811,0.5557241003966471,-0.6967711326958986,0.14285714285714288,0.2563944414039538,7
cliff_b,fwd_mid_30s,345339,13,1.437508658522434,0.4358155238934503,-4.065562728213891,3.2189734799608942,-1.2629997586259336,0.21428571428571433,0.2563944414039538,7
cliff_b,fwd_micro_30s,345339,13,1.4377804823372753,0.4798301342427104,-4.003538726274862,3.150160862460774,-1.2708997733999734,0.21428571428571433,0.2563944414039538,7
cliff_b,fwd_mid_60s,345339,13,1.7325121340487553,0.5836274752199064,-3.585383582000987,2.112521477794223,-1.6972057419007378,0.07142857142857144,0.2563944414039538,7
cliff_b,fwd_micro_60s,345339,13,1.7196292634532402,0.6224946060714057,-3.6565559548404716,1.823815149048353,-2.0048939481330788,0.1785714285714286,0.2563944414039538,7
gap12_a,fwd_mid_100ms,345339,0,NaN,0.05848409360471213,NaN,NaN,NaN,0.9642857142857145,0.24236764454637327,7
gap12_a,fwd_micro_100ms,345339,0,NaN,0.06019344111198549,NaN,NaN,NaN,0.9642857142857145,0.24236764454637327,7
gap12_a,fwd_mid_300ms,345339,0,NaN,0.13449700282619317,NaN,NaN,NaN,0.9642857142857145,0.24236764454637327,7
gap12_a,fwd_micro_300ms,345339,0,NaN,0.1429821807995902,NaN,NaN,NaN,0.9642857142857145,0.24236764454637327,7
gap12_a,fwd_mid_500ms,345339,0,NaN,0.17891125482158102,NaN,NaN,NaN,0.9642857142857145,0.24236764454637327,7
gap12_a,fwd_micro_500ms,345339,0,NaN,0.19187920253270163,NaN,NaN,NaN,0.9642857142857145,0.24236764454637327,7
gap12_a,fwd_mid_1s,345339,0,NaN,0.2568176118079319,NaN,NaN,NaN,0.9642857142857145,0.24236764454637327,7
gap12_a,fwd_micro_1s,345339,0,NaN,0.2747588259682975,NaN,NaN,NaN,0.9642857142857145,0.24236764454637327,7
gap12_a,fwd_mid_3s,345339,0,NaN,0.42559729493135035,NaN,NaN,NaN,1.0,0.24236764454637327,7
gap12_a,fwd_micro_3s,345339,0,NaN,0.45438615438171265,NaN,NaN,NaN,0.9642857142857145,0.24236764454637327,7
gap12_a,fwd_mid_5s,345339,0,NaN,0.5018025539625616,NaN,NaN,NaN,1.0,0.24236764454637327,7
gap12_a,fwd_micro_5s,345339,0,NaN,0.5394172802666464,NaN,NaN,NaN,0.9642857142857145,0.24236764454637327,7
gap12_a,fwd_mid_10s,345339,0,NaN,0.6078386495955641,NaN,NaN,NaN,1.0,0.24236764454637327,7
gap12_a,fwd_micro_10s,345339,0,NaN,0.6565387014434293,NaN,NaN,NaN,0.9642857142857145,0.24236764454637327,7
gap12_a,fwd_mid_30s,345339,0,NaN,0.7825659036429364,NaN,NaN,NaN,0.9642857142857145,0.24236764454637327,7
gap12_a,fwd_micro_30s,345339,0,NaN,0.8416397027843586,NaN,NaN,NaN,0.9642857142857145,0.24236764454637327,7
gap12_a,fwd_mid_60s,345339,0,NaN,0.9161247132002891,NaN,NaN,NaN,0.8928571428571429,0.24236764454637327,7
gap12_a,fwd_micro_60s,345339,0,NaN,0.9723356195389332,NaN,NaN,NaN,0.8928571428571429,0.24236764454637327,7
max_gap_a,fwd_mid_100ms,345339,0,NaN,-0.016146357426148145,NaN,NaN,NaN,-0.14285714285714288,0.5941987438430064,6
max_gap_a,fwd_micro_100ms,345339,0,NaN,-0.01798933453327475,NaN,NaN,NaN,-0.3714285714285715,0.5941987438430064,6
max_gap_a,fwd_mid_300ms,345339,0,NaN,-0.03705711149491252,NaN,NaN,NaN,-0.14285714285714288,0.5941987438430064,6
max_gap_a,fwd_micro_300ms,345339,0,NaN,-0.04148276024333226,NaN,NaN,NaN,-0.3142857142857143,0.5941987438430064,6
max_gap_a,fwd_mid_500ms,345339,0,NaN,-0.05207980220612614,NaN,NaN,NaN,-0.028571428571428574,0.5941987438430064,6
max_gap_a,fwd_micro_500ms,345339,0,NaN,-0.057907087539548194,NaN,NaN,NaN,-0.14285714285714288,0.5941987438430064,6
max_gap_a,fwd_mid_1s,345339,0,NaN,-0.07839037018456058,NaN,NaN,NaN,-0.028571428571428574,0.5941987438430064,6
max_gap_a,fwd_micro_1s,345339,0,NaN,-0.08284381631120281,NaN,NaN,NaN,-0.028571428571428574,0.5941987438430064,6
max_gap_a,fwd_mid_3s,345339,0,NaN,-0.12297180122383713,NaN,NaN,NaN,-0.14285714285714288,0.5941987438430064,6
max_gap_a,fwd_micro_3s,345339,0,NaN,-0.12830500834505423,NaN,NaN,NaN,-0.028571428571428574,0.5941987438430064,6
max_gap_a,fwd_mid_5s,345339,0,NaN,-0.1438899322016675,NaN,NaN,NaN,-0.08571428571428573,0.5941987438430064,6
max_gap_a,fwd_micro_5s,345339,0,NaN,-0.16476560140255875,NaN,NaN,NaN,-0.08571428571428573,0.5941987438430064,6
max_gap_a,fwd_mid_10s,345339,0,NaN,-0.1770919376316075,NaN,NaN,NaN,-0.14285714285714288,0.5941987438430064,6
max_gap_a,fwd_micro_10s,345339,0,NaN,-0.20208966517666982,NaN,NaN,NaN,-0.08571428571428573,0.5941987438430064,6
max_gap_a,fwd_mid_30s,345339,0,NaN,-0.20828959390738733,NaN,NaN,NaN,-0.14285714285714288,0.5941987438430064,6
max_gap_a,fwd_micro_30s,345339,0,NaN,-0.23618146349863536,NaN,NaN,NaN,-0.08571428571428573,0.5941987438430064,6
max_gap_a,fwd_mid_60s,345339,0,NaN,-0.19580065971474778,NaN,NaN,NaN,-0.3142857142857143,0.5941987438430064,6
max_gap_a,fwd_micro_60s,345339,0,NaN,-0.22325273731493026,NaN,NaN,NaN,-0.08571428571428573,0.5941987438430064,6
mean_gap_a,fwd_mid_100ms,345339,0,NaN,-0.017639546514338154,NaN,NaN,NaN,-0.8499999999999999,0.2367326018781545,9
mean_gap_a,fwd_micro_100ms,345339,0,NaN,-0.02089021645966099,NaN,NaN,NaN,-0.7666666666666667,0.2367326018781545,9
mean_gap_a,fwd_mid_300ms,345339,0,NaN,-0.040588591821621556,NaN,NaN,NaN,-0.7999999999999999,0.2367326018781545,9
mean_gap_a,fwd_micro_300ms,345339,0,NaN,-0.047717730021986815,NaN,NaN,NaN,-0.7666666666666667,0.2367326018781545,9
mean_gap_a,fwd_mid_500ms,345339,0,NaN,-0.05668733872203188,NaN,NaN,NaN,-0.7666666666666667,0.2367326018781545,9
mean_gap_a,fwd_micro_500ms,345339,0,NaN,-0.06497509334483256,NaN,NaN,NaN,-0.8166666666666667,0.2367326018781545,9
mean_gap_a,fwd_mid_1s,345339,0,NaN,-0.08211426889192562,NaN,NaN,NaN,-0.7666666666666667,0.2367326018781545,9
mean_gap_a,fwd_micro_1s,345339,0,NaN,-0.08796479426308644,NaN,NaN,NaN,-0.75,0.2367326018781545,9
mean_gap_a,fwd_mid_3s,345339,0,NaN,-0.1358148275923665,NaN,NaN,NaN,-0.8333333333333333,0.2367326018781545,9
mean_gap_a,fwd_micro_3s,345339,0,NaN,-0.1443418864737823,NaN,NaN,NaN,-0.8333333333333333,0.2367326018781545,9
mean_gap_a,fwd_mid_5s,345339,0,NaN,-0.15300282420878178,NaN,NaN,NaN,-0.7833333333333333,0.2367326018781545,9
mean_gap_a,fwd_micro_5s,345339,0,NaN,-0.18743838046000236,NaN,NaN,NaN,-0.8333333333333333,0.2367326018781545,9
mean_gap_a,fwd_mid_10s,345339,0,NaN,-0.16399142267271458,NaN,NaN,NaN,-0.75,0.2367326018781545,9
mean_gap_a,fwd_micro_10s,345339,0,NaN,-0.20421348990414345,NaN,NaN,NaN,-0.8333333333333333,0.2367326018781545,9
mean_gap_a,fwd_mid_30s,345339,0,NaN,-0.1648114408923356,NaN,NaN,NaN,-0.75,0.2367326018781545,9
mean_gap_a,fwd_micro_30s,345339,0,NaN,-0.20802452652279,NaN,NaN,NaN,-0.7333333333333334,0.2367326018781545,9
mean_gap_a,fwd_mid_60s,345339,0,NaN,-0.14437148412452605,NaN,NaN,NaN,-0.75,0.2367326018781545,9
mean_gap_a,fwd_micro_60s,345339,0,NaN,-0.18322793720947952,NaN,NaN,NaN,-0.8333333333333333,0.2367326018781545,9
empty_lv_a,fwd_mid_100ms,345339,20,-0.03761518948072005,0.048092721374407156,0.08402291607420984,0.011091165852891808,7.575661313576199,0.9393939393939393,0.19805176942077204,10
empty_lv_a,fwd_micro_100ms,345339,20,-0.03456572260998317,0.05051111600774205,0.08703426021779512,0.011866042172699485,7.33473376809979,0.9636363636363635,0.19805176942077204,10
empty_lv_a,fwd_mid_300ms,345339,20,-0.09367669929561315,0.1117740678491903,0.2002345883913633,0.026476709422735865,7.5626689553581565,0.9757575757575757,0.19805176942077204,10
empty_lv_a,fwd_micro_300ms,345339,20,-0.09803394429458458,0.11961811889343077,0.21873992274229317,0.025740289860419086,8.497958800326105,0.9636363636363635,0.19805176942077204,10
empty_lv_a,fwd_mid_500ms,345339,20,-0.12822518698310964,0.14830494476154485,0.2670929456223475,0.035828232935442135,7.454817716062486,0.9878787878787878,0.19805176942077204,10
empty_lv_a,fwd_micro_500ms,345339,20,-0.13373582994214323,0.15748375756915212,0.29450336657726855,0.03429025002292382,8.588545326452456,0.9999999999999999,0.19805176942077204,10
empty_lv_a,fwd_mid_1s,345339,20,-0.18368949198790518,0.21423000437797693,0.3874777953714458,0.050177715504442874,7.722109137015961,0.9878787878787878,0.19805176942077204,10
empty_lv_a,fwd_micro_1s,345339,20,-0.1868755320899945,0.227107334316497,0.4207375750650197,0.04802366053558586,8.76104758306065,0.9999999999999999,0.19805176942077204,10
empty_lv_a,fwd_mid_3s,345339,20,-0.3237168346544478,0.35220951443926757,0.6400722792051827,0.08319932816291983,7.693238555385947,0.9757575757575757,0.19805176942077204,10
empty_lv_a,fwd_micro_3s,345339,20,-0.33673166652017766,0.37248709915961736,0.6946843610676045,0.08128500108056225,8.54627977896066,0.9757575757575757,0.19805176942077204,10
empty_lv_a,fwd_mid_5s,345339,20,-0.37265343744761165,0.4137997330905894,0.753098360915286,0.09290505615301259,8.106107375630337,0.9757575757575757,0.19805176942077204,10
empty_lv_a,fwd_micro_5s,345339,20,-0.41256033461670705,0.4425957201906915,0.8348306901372997,0.09587842497427933,8.707179851580314,0.9757575757575757,0.19805176942077204,10
empty_lv_a,fwd_mid_10s,345339,20,-0.4867640505597513,0.5148772967127021,0.9533542981070363,0.1266094026944631,7.529885441507801,0.9757575757575757,0.19805176942077204,10
empty_lv_a,fwd_micro_10s,345339,20,-0.5334484229646667,0.5501025062147645,1.051354139378302,0.12777368104486475,8.228252726077002,0.9757575757575757,0.19805176942077204,10
empty_lv_a,fwd_mid_30s,345339,20,-0.577296842822313,0.6775665613011084,1.211074479805974,0.16420561059627167,7.375353834794435,0.9757575757575757,0.19805176942077204,10
empty_lv_a,fwd_micro_30s,345339,20,-0.625605948673469,0.7210994984482609,1.315657836394102,0.16993951466307625,7.741918287824572,0.9757575757575757,0.19805176942077204,10
empty_lv_a,fwd_mid_60s,345339,20,-0.48311306414303906,0.7991593215093892,1.245268828603734,0.21357556332911865,5.830577286994122,0.9151515151515152,0.19805176942077204,10
empty_lv_a,fwd_micro_60s,345339,20,-0.5026189678634866,0.8380819537850546,1.315675429135745,0.22035071352987,5.970824455521432,0.9393939393939393,0.19805176942077204,10
wall_dist_a,fwd_mid_100ms,345339,0,NaN,-0.012706088802231286,NaN,NaN,NaN,-0.9285714285714288,0.2915917402899759,7
wall_dist_a,fwd_micro_100ms,345339,0,NaN,-0.04266298885438034,NaN,NaN,NaN,-0.8571428571428573,0.2915917402899759,7
wall_dist_a,fwd_mid_300ms,345339,0,NaN,-0.029509201832197216,NaN,NaN,NaN,-0.9285714285714288,0.2915917402899759,7
wall_dist_a,fwd_micro_300ms,345339,0,NaN,-0.09808724710128727,NaN,NaN,NaN,-0.8571428571428573,0.2915917402899759,7
wall_dist_a,fwd_mid_500ms,345339,0,NaN,-0.039711219639087594,NaN,NaN,NaN,-0.9285714285714288,0.2915917402899759,7
wall_dist_a,fwd_micro_500ms,345339,0,NaN,-0.12862996223298528,NaN,NaN,NaN,-0.8214285714285715,0.2915917402899759,7
wall_dist_a,fwd_mid_1s,345339,0,NaN,-0.05901101420333974,NaN,NaN,NaN,-0.9285714285714288,0.2915917402899759,7
wall_dist_a,fwd_micro_1s,345339,0,NaN,-0.15521624477583426,NaN,NaN,NaN,-0.7500000000000002,0.2915917402899759,7
wall_dist_a,fwd_mid_3s,345339,0,NaN,-0.07573174551716662,NaN,NaN,NaN,-0.7857142857142859,0.2915917402899759,7
wall_dist_a,fwd_micro_3s,345339,0,NaN,-0.20282991502909897,NaN,NaN,NaN,-0.7500000000000002,0.2915917402899759,7
wall_dist_a,fwd_mid_5s,345339,0,NaN,-0.07425305473915964,NaN,NaN,NaN,-0.7142857142857144,0.2915917402899759,7
wall_dist_a,fwd_micro_5s,345339,0,NaN,-0.22533526225484507,NaN,NaN,NaN,-0.7500000000000002,0.2915917402899759,7
wall_dist_a,fwd_mid_10s,345339,0,NaN,-0.10270159703177521,NaN,NaN,NaN,-0.7142857142857144,0.2915917402899759,7
wall_dist_a,fwd_micro_10s,345339,0,NaN,-0.2813837409556096,NaN,NaN,NaN,-0.7500000000000002,0.2915917402899759,7
wall_dist_a,fwd_mid_30s,345339,0,NaN,-0.08941370847974803,NaN,NaN,NaN,-0.6071428571428572,0.2915917402899759,7
wall_dist_a,fwd_micro_30s,345339,0,NaN,-0.2822440256938666,NaN,NaN,NaN,-0.7500000000000002,0.2915917402899759,7
wall_dist_a,fwd_mid_60s,345339,0,NaN,-0.036847042253645906,NaN,NaN,NaN,-0.7142857142857144,0.2915917402899759,7
wall_dist_a,fwd_micro_60s,345339,0,NaN,-0.228309003048648,NaN,NaN,NaN,-0.7500000000000002,0.2915917402899759,7
cliff_a,fwd_mid_100ms,345339,9,-0.14140039994153616,-0.020012115838493327,0.07705816070509183,0.02872460907685449,2.6826530693217756,-0.21428571428571433,0.34142682986862183,7
cliff_a,fwd_micro_100ms,345339,9,-0.16438613745052089,-0.021842342078986554,0.12223201528114488,0.05321965172486164,2.2967458696097407,-0.21428571428571433,0.34142682986862183,7
cliff_a,fwd_mid_300ms,345339,9,-0.3267093131722884,-0.04662636797407186,0.19752149997883262,0.04809747754234873,4.106691453931642,-0.14285714285714288,0.34142682986862183,7
cliff_a,fwd_micro_300ms,345339,9,-0.43019865664160656,-0.049438972193911836,0.2554302225628915,0.09643290638555375,2.648786935256745,-0.10714285714285716,0.34142682986862183,7
cliff_a,fwd_mid_500ms,345339,9,-0.3497982576919684,-0.06758249801148802,0.1787869363708232,0.06946413747024623,2.5738020060697298,-0.21428571428571433,0.34142682986862183,7
cliff_a,fwd_micro_500ms,345339,9,-0.3626693584026866,-0.06555842345550399,0.19549304283616623,0.10920536392509833,1.790141397910187,-0.14285714285714288,0.34142682986862183,7
cliff_a,fwd_mid_1s,345339,9,-0.40791403261036935,-0.10122534958805135,0.1917096756764819,0.06266705713816402,3.0591778907666525,-0.10714285714285716,0.34142682986862183,7
cliff_a,fwd_micro_1s,345339,9,-0.26556213772688064,-0.10338120185790689,0.11207217890534046,0.08578974195366533,1.3063587365243523,-0.10714285714285716,0.34142682986862183,7
cliff_a,fwd_mid_3s,345339,9,-0.5521139683763093,-0.18598024640187413,0.29860987125173094,0.13070950332389583,2.284530685666986,-0.21428571428571433,0.34142682986862183,7
cliff_a,fwd_micro_3s,345339,9,-0.5272955954544578,-0.192746890495196,0.27271380275854673,0.16244901264855013,1.6787655296406674,-0.10714285714285716,0.34142682986862183,7
cliff_a,fwd_mid_5s,345339,9,-0.5996063484879444,-0.20673870607628445,0.39201418084797124,0.1459632717178924,2.6857042613132767,-0.10714285714285716,0.34142682986862183,7
cliff_a,fwd_micro_5s,345339,9,-0.5434897389352313,-0.24472458318529233,0.32882234983682235,0.15849448046943385,2.074661205001626,-0.14285714285714288,0.34142682986862183,7
cliff_a,fwd_mid_10s,345339,9,-0.9234343042121793,-0.23947092312382398,0.5353886930136237,0.2838739713625081,1.8860083946545787,-0.10714285714285716,0.34142682986862183,7
cliff_a,fwd_micro_10s,345339,9,-0.8552255134510006,-0.28508992775427355,0.4218690864783791,0.33335777711581227,1.265514457554764,-0.14285714285714288,0.34142682986862183,7
cliff_a,fwd_mid_30s,345339,9,-0.8816116577422427,-0.2636799081237015,1.1099734482005976,0.4978612699938483,2.2294834225894147,-0.14285714285714288,0.34142682986862183,7
cliff_a,fwd_micro_30s,345339,9,-0.8188628403407021,-0.31171880112184885,1.0831287460442673,0.4605036695051245,2.3520523673747062,-0.14285714285714288,0.34142682986862183,7
cliff_a,fwd_mid_60s,345339,9,0.0740019530037383,-0.20722570342899171,1.280283949367404,1.48353966759326,0.8629927310567996,-0.42857142857142866,0.34142682986862183,7
cliff_a,fwd_micro_60s,345339,9,0.17881203554864955,-0.2533579064372839,1.184309745720845,1.4440287274640236,0.8201427874642825,-0.5714285714285715,0.34142682986862183,7
gap_asym,fwd_mid_100ms,345339,19,0.06790537370850522,-0.062191354849093265,-0.13235604241735607,0.020134529749546763,-6.5735849837931015,-0.9878787878787878,0.2299074242990221,10
gap_asym,fwd_micro_100ms,345339,19,0.07309450703414466,-0.0647442602417222,-0.14129050818450348,0.019230504620209976,-7.347207521326122,-0.9878787878787878,0.2299074242990221,10
gap_asym,fwd_mid_300ms,345339,19,0.14761986196359547,-0.13584931792002897,-0.28887982309602644,0.040432924371484685,-7.14466805422956,-0.9878787878787878,0.2299074242990221,10
gap_asym,fwd_micro_300ms,345339,19,0.15414878070310498,-0.1402506763853813,-0.30387315727039993,0.03742388317432549,-8.119765547976884,-0.9878787878787878,0.2299074242990221,10
gap_asym,fwd_mid_500ms,345339,19,0.19519642422256103,-0.1802094079713565,-0.3813935568237012,0.053379732997728635,-7.144913160954363,-0.9878787878787878,0.2299074242990221,10
gap_asym,fwd_micro_500ms,345339,19,0.21265997729178618,-0.18176988393043356,-0.40485512339094487,0.046024794287930576,-8.79645698920838,-0.9878787878787878,0.2299074242990221,10
gap_asym,fwd_mid_1s,345339,19,0.29412502868965046,-0.2636599613609559,-0.5623084699399143,0.0708753144326017,-7.933770374657554,-0.9878787878787878,0.2299074242990221,10
gap_asym,fwd_micro_1s,345339,19,0.3111880292017604,-0.25358356084564115,-0.5696964045025543,0.05585395975784343,-10.19974961439602,-0.9878787878787878,0.2299074242990221,10
gap_asym,fwd_mid_3s,345339,19,0.490704860614726,-0.43083524466127665,-0.9203082325767413,0.11157623749959564,-8.248245802159055,-0.9878787878787878,0.2299074242990221,10
gap_asym,fwd_micro_3s,345339,19,0.5241475659064385,-0.43981129172352956,-0.9583401494337322,0.09705052532959406,-9.874651849426941,-0.9878787878787878,0.2299074242990221,10
gap_asym,fwd_mid_5s,345339,19,0.5812542789777222,-0.5058274174791909,-1.0710465467808448,0.12232781664182706,-8.755543720009682,-0.9999999999999999,0.2299074242990221,10
gap_asym,fwd_micro_5s,345339,19,0.6189487242129537,-0.5331722596613936,-1.1277792439567447,0.1103331464702467,-10.221581456129963,-0.9999999999999999,0.2299074242990221,10
gap_asym,fwd_mid_10s,345339,19,0.7159954207602282,-0.6035871930950146,-1.3048798463758562,0.1494273767034158,-8.732535330294851,-0.9999999999999999,0.2299074242990221,10
gap_asym,fwd_micro_10s,345339,19,0.7714001730519792,-0.6434736840219004,-1.3981358073532528,0.13767281495905737,-10.155496622692327,-0.9999999999999999,0.2299074242990221,10
gap_asym,fwd_mid_30s,345339,19,0.8294197298803331,-0.7591014850429029,-1.5497028848420582,0.17879012306448508,-8.667720891288383,-0.9999999999999999,0.2299074242990221,10
gap_asym,fwd_micro_30s,345339,19,0.8935107253898696,-0.8194805248772682,-1.6677163472313465,0.17670503836685791,-9.437853966387733,-0.9999999999999999,0.2299074242990221,10
gap_asym,fwd_mid_60s,345339,19,1.0344157488428705,-0.9023866672157617,-1.8805920256451305,0.26404914859295936,-7.122128723634426,-0.9878787878787878,0.2299074242990221,10
gap_asym,fwd_micro_60s,345339,19,1.096336169726272,-0.9527693513882812,-1.9858407794703457,0.260775184020147,-7.615144772812904,-0.9878787878787878,0.2299074242990221,10
med_gap,fwd_mid_100ms,345339,3,0.004729521799985545,-0.0018055637450290945,0.0010437968419075051,0.0014208244402111067,0.7346416716708627,0.17575757575757575,0.15144539134010349,10
med_gap,fwd_micro_100ms,345339,3,0.006074188666849895,0.003424887272486024,0.003553364664544067,0.003090218594743759,1.1498748569399222,0.33333333333333326,0.15144539134010349,10
med_gap,fwd_mid_300ms,345339,3,0.0017278408492354968,-0.0028730973854430844,0.011197272349688918,0.012876118589213403,0.8696155034692761,0.309090909090909,0.15144539134010349,10
med_gap,fwd_micro_300ms,345339,3,0.006053766801963548,0.003523514067835799,0.010612791514818476,0.02436734777071448,0.4355333052525846,0.309090909090909,0.15144539134010349,10
med_gap,fwd_mid_500ms,345339,3,0.004742698201489079,-0.0027253519063750726,0.011716045348915044,0.01609184784677822,0.7280733362924965,0.13939393939393938,0.15144539134010349,10
med_gap,fwd_micro_500ms,345339,3,0.013371650926873457,-0.0013879855703314936,0.0016946253541673662,0.01378896739413483,0.1228971906111098,0.29696969696969694,0.15144539134010349,10
med_gap,fwd_mid_1s,345339,3,0.002724714304025939,-0.003565176856078692,0.003697193037697508,0.010052838691913148,0.3677760233705588,0.17575757575757575,0.15144539134010349,10
med_gap,fwd_micro_1s,345339,3,0.010899245030746426,0.00011219999349505086,-0.012916652248043663,0.005292923217760213,-2.440362672313534,0.07878787878787878,0.15144539134010349,10
med_gap,fwd_mid_3s,345339,3,-0.013626821013128575,-0.012764874446165265,0.011482622919795578,0.035769663280646964,0.3210156838688556,0.11515151515151514,0.15144539134010349,10
med_gap,fwd_micro_3s,345339,3,-0.003344362795875936,0.0016904900573668105,-0.00415069275093594,0.039362543212836734,-0.10544777883107755,0.18787878787878787,0.15144539134010349,10
med_gap,fwd_mid_5s,345339,3,-0.014918463166698577,-0.022348633347559755,0.0017555346626887194,0.04215452898467134,0.04164522069092706,0.12727272727272726,0.15144539134010349,10
med_gap,fwd_micro_5s,345339,3,0.0010307714588307297,-0.033781222820101674,-0.01404692485295187,0.054997012664653136,-0.25541250646837227,-0.0303030303030303,0.15144539134010349,10
med_gap,fwd_mid_10s,345339,3,0.02036447109338461,-0.01758231971848657,-0.0554712254195629,0.043168410173432245,-1.2849957919854633,0.04242424242424241,0.15144539134010349,10
med_gap,fwd_micro_10s,345339,3,0.02611327744732699,-0.03815907980929781,-0.07959394820496994,0.0543300949500497,-1.4650066096543262,-0.11515151515151514,0.15144539134010349,10
med_gap,fwd_mid_30s,345339,3,0.08808434652157464,0.04231967802446225,-0.001102669212316748,0.1454517018626903,-0.007580999040889139,-0.13939393939393938,0.15144539134010349,10
med_gap,fwd_micro_30s,345339,3,0.09558090669104019,0.030331312940243334,-0.015338444210209337,0.1409436656622716,-0.10882677230038297,-0.2121212121212121,0.15144539134010349,10
med_gap,fwd_mid_60s,345339,3,0.09938646440392278,0.11754401968039614,0.053493483958380904,0.5082423069568764,0.10525193047913609,0.4545454545454545,0.15144539134010349,10
med_gap,fwd_micro_60s,345339,3,0.09770911788914106,0.10018869643097149,0.04431050911005149,0.5159875836043957,0.08587514606557678,0.38181818181818183,0.15144539134010349,10
cum_gap,fwd_mid_100ms,345339,20,-0.00017823889176966844,-0.0030406059715983318,-0.00377364384312454,0.0029830629054768344,-1.265023220327073,-0.7454545454545454,0.15763061803039913,10
cum_gap,fwd_micro_100ms,345339,20,0.003138649385171536,-0.0014925624041377573,-0.007203356940745882,0.005988718230739017,-1.202821148567709,-0.6727272727272726,0.15763061803039913,10
cum_gap,fwd_mid_300ms,345339,20,0.0014155006982512143,-0.0004931027424078735,-0.007856110658719124,0.0046531653713274964,-1.68833687002142,-0.35757575757575755,0.15763061803039913,10
cum_gap,fwd_micro_300ms,345339,20,0.004429098957738878,0.002423770513126083,-0.009381706226501165,0.010040092848534727,-0.9344242496592401,-0.10303030303030303,0.15763061803039913,10
cum_gap,fwd_mid_500ms,345339,20,0.000913679931965519,-0.0026465068416170385,-0.013885578968850305,0.007550421845837297,-1.8390467780956783,-0.5393939393939393,0.15763061803039913,10
cum_gap,fwd_micro_500ms,345339,20,0.008509398848077618,0.00033275783176842013,-0.020741742553942195,0.014078243101958304,-1.4733189648541436,-0.09090909090909088,0.15763061803039913,10
cum_gap,fwd_mid_1s,345339,20,0.0070622210719755,-0.008219930748818941,-0.03145019131469437,0.012656785635278105,-2.48484822457873,-0.4787878787878787,0.15763061803039913,10
cum_gap,fwd_micro_1s,345339,20,0.021042287665524583,-0.0011461829641184046,-0.03196175204105202,0.01737638381453215,-1.839378801838038,-0.17575757575757575,0.15763061803039913,10
cum_gap,fwd_mid_3s,345339,20,-0.0003750695873710351,-0.007198498431984026,-0.038369752710731,0.02686587663242301,-1.4281965645753234,0.28484848484848485,0.15763061803039913,10
cum_gap,fwd_micro_3s,345339,20,0.029378385023132857,0.0043004520223281035,-0.05540676663288605,0.027952393446621492,-1.9821832695182986,0.1515151515151515,0.15763061803039913,10
cum_gap,fwd_mid_5s,345339,20,0.016868155377908096,-0.007668978248439854,-0.049449055244529826,0.029619462874477216,-1.669478459284944,-0.33333333333333326,0.15763061803039913,10
cum_gap,fwd_micro_5s,345339,20,0.03276289786327026,0.0041750253598514895,-0.05653701751177044,0.031228190621585748,-1.8104480722841036,0.16363636363636364,0.15763061803039913,10
cum_gap,fwd_mid_10s,345339,20,0.04994052545045137,-0.0001375555329131993,-0.08108298778379161,0.036016876888837444,-2.2512498247431694,-0.006060606060606061,0.15763061803039913,10
cum_gap,fwd_micro_10s,345339,20,0.05660819688346097,0.017537806012388427,-0.06750990759747949,0.04052112285493476,-1.6660423710163295,0.309090909090909,0.15763061803039913,10
cum_gap,fwd_mid_30s,345339,20,0.13295301568511647,0.09034558667854983,-0.10863241233173859,0.08975295722659647,-1.2103491148205596,-0.04242424242424241,0.15763061803039913,10
cum_gap,fwd_micro_30s,345339,20,0.12651288588269302,0.10469655138509186,-0.09233814026164504,0.09719769345214756,-0.9500034103906491,0.04242424242424241,0.15763061803039913,10
cum_gap,fwd_mid_60s,345339,20,0.2427271807126056,0.11290694333266754,-0.2831172485038727,0.19179794070306172,-1.4761224623479663,-0.309090909090909,0.15763061803039913,10
cum_gap,fwd_micro_60s,345339,20,0.24753389607919868,0.1272705325433271,-0.2710586652940524,0.19399473967867156,-1.3972475013653864,-0.309090909090909,0.15763061803039913,10
wgt_gap,fwd_mid_100ms,345339,1,-0.0077656855497525105,-0.0026633111289434863,NaN,NaN,NaN,-0.22424242424242422,0.15127164901734239,10
wgt_gap,fwd_micro_100ms,345339,1,-0.03826089459439127,-0.0029243561984348375,NaN,NaN,NaN,-0.1515151515151515,0.15127164901734239,10
wgt_gap,fwd_mid_300ms,345339,1,0.0006927814215294146,-0.004916315907871525,NaN,NaN,NaN,-0.5030303030303029,0.15127164901734239,10
wgt_gap,fwd_micro_300ms,345339,1,-0.012979605129160418,0.0009658613034926166,NaN,NaN,NaN,0.3939393939393939,0.15127164901734239,10
wgt_gap,fwd_mid_500ms,345339,1,-0.0023121099538763613,-0.009487711672486115,NaN,NaN,NaN,-0.12727272727272726,0.15127164901734239,10
wgt_gap,fwd_micro_500ms,345339,1,-0.04657035938753617,0.013038520757478677,NaN,NaN,NaN,0.5151515151515151,0.15127164901734239,10
wgt_gap,fwd_mid_1s,345339,1,0.01766912507443869,-0.019597740745269838,NaN,NaN,NaN,-0.5636363636363636,0.15127164901734239,10
wgt_gap,fwd_micro_1s,345339,1,-0.033974617906850316,0.018953746886215084,NaN,NaN,NaN,0.5757575757575757,0.15127164901734239,10
wgt_gap,fwd_mid_3s,345339,1,0.01765337180338444,-0.0031751786733173353,NaN,NaN,NaN,-0.13939393939393938,0.15127164901734239,10
wgt_gap,fwd_micro_3s,345339,1,-0.035254856428819745,0.04792841011305975,NaN,NaN,NaN,0.4787878787878787,0.15127164901734239,10
wgt_gap,fwd_mid_5s,345339,1,-0.011926849771327198,0.002813173714772548,NaN,NaN,NaN,0.12727272727272726,0.15127164901734239,10
wgt_gap,fwd_micro_5s,345339,1,-0.09095733197905932,0.06226485832574066,NaN,NaN,NaN,0.6848484848484848,0.15127164901734239,10
wgt_gap,fwd_mid_10s,345339,1,-0.01927966922516421,-0.004347451800944635,NaN,NaN,NaN,-0.22424242424242422,0.15127164901734239,10
wgt_gap,fwd_micro_10s,345339,1,-0.05251843383096695,0.06508615656128483,NaN,NaN,NaN,0.309090909090909,0.15127164901734239,10
wgt_gap,fwd_mid_30s,345339,1,-0.500555325099058,-0.036747140819134376,NaN,NaN,NaN,-0.07878787878787878,0.15127164901734239,10
wgt_gap,fwd_micro_30s,345339,1,-0.5522612073467958,0.0321172148406175,NaN,NaN,NaN,0.006060606060606061,0.15127164901734239,10
wgt_gap,fwd_mid_60s,345339,1,-0.9005932409054527,-0.031107939172232067,NaN,NaN,NaN,-0.29696969696969694,0.15127164901734239,10
wgt_gap,fwd_micro_60s,345339,1,-0.9643899718630812,0.03726014089193769,NaN,NaN,NaN,-0.2606060606060606,0.15127164901734239,10
elast_b,fwd_mid_100ms,345339,9,-0.06477383453450078,0.011337526924616868,0.08256668612823936,0.02213650360035957,3.729888315646117,0.9636363636363635,0.14289147764949803,10
elast_b,fwd_micro_100ms,345339,9,-0.09533119499249831,0.12826591934959572,0.21284133272016562,0.045838383400020576,4.643299281799499,0.9999999999999999,0.14289147764949803,10
elast_b,fwd_mid_300ms,345339,9,-0.1571686935649899,0.032489955035155435,0.20569857984873122,0.051525175205152894,3.9921956408633394,0.9636363636363635,0.14289147764949803,10
elast_b,fwd_micro_300ms,345339,9,-0.217777135689849,0.2724012379736323,0.47188895662003044,0.09725054385998298,4.852301466811694,0.9999999999999999,0.14289147764949803,10
elast_b,fwd_mid_500ms,345339,9,-0.20006941230529765,0.044571403637805006,0.2670543228581702,0.06659199282115513,4.010306818349663,0.9393939393939393,0.14289147764949803,10
elast_b,fwd_micro_500ms,345339,9,-0.27564089084841326,0.3528262196010474,0.5927584110354438,0.1158897372525039,5.114848174553409,0.9999999999999999,0.14289147764949803,10
elast_b,fwd_mid_1s,345339,9,-0.29068160088296247,0.06883632202229098,0.38127043308338626,0.09009339078618002,4.231946758317278,0.9272727272727272,0.14289147764949803,10
elast_b,fwd_micro_1s,345339,9,-0.3720677063094906,0.44846566754185924,0.7644656012611306,0.14463392326406618,5.285520740977228,0.9878787878787878,0.14289147764949803,10
elast_b,fwd_mid_3s,345339,9,-0.387280392086086,0.11086020524929688,0.5306742224344938,0.1335831719136227,3.9726128286401026,0.9515151515151514,0.14289147764949803,10
elast_b,fwd_micro_3s,345339,9,-0.47626650450271923,0.5887675847988135,0.971962493673986,0.18123091218827905,5.3631164901064095,0.9999999999999999,0.14289147764949803,10
elast_b,fwd_mid_5s,345339,9,-0.4412270388887519,0.1287435080097763,0.5773786970918755,0.133087999353069,4.338322763122678,0.9515151515151514,0.14289147764949803,10
elast_b,fwd_micro_5s,345339,9,-0.5379686470007675,0.6330081450110091,1.0523314606038392,0.1748363076238428,6.018952670105065,0.9999999999999999,0.14289147764949803,10
elast_b,fwd_mid_10s,345339,9,-0.4999831422755352,0.16531215975452251,0.6510270246019417,0.1557701919294764,4.179406961870399,0.9515151515151514,0.14289147764949803,10
elast_b,fwd_micro_10s,345339,9,-0.6107099371195154,0.7149603118940886,1.1679157866058265,0.18070575936238256,6.463080040873069,0.9999999999999999,0.14289147764949803,10
elast_b,fwd_mid_30s,345339,9,-0.36127882373874187,0.25099441557359276,0.5380907023140945,0.15461593744920807,3.480176178415368,0.9393939393939393,0.14289147764949803,10
elast_b,fwd_micro_30s,345339,9,-0.5011601511603817,0.8223549786836948,1.1027226723962336,0.18264589907277037,6.0374893605297055,0.9757575757575757,0.14289147764949803,10
elast_b,fwd_mid_60s,345339,9,-0.3016978207022864,0.37221751218906524,0.5830953831356759,0.21632649400710083,2.6954413781445377,0.9272727272727272,0.14289147764949803,10
elast_b,fwd_micro_60s,345339,9,-0.4670545678554299,0.9591973210997905,1.1802576177671107,0.23717379599156874,4.976340716025254,0.9757575757575757,0.14289147764949803,10
local_elast_b,fwd_mid_100ms,345339,0,NaN,0.01893071779225503,NaN,NaN,NaN,0.8571428571428573,0.2939401573526303,7
local_elast_b,fwd_micro_100ms,345339,0,NaN,0.11469236671036752,NaN,NaN,NaN,0.8571428571428573,0.2939401573526303,7
local_elast_b,fwd_mid_300ms,345339,0,NaN,0.04368850978391079,NaN,NaN,NaN,0.9285714285714288,0.2939401573526303,7
local_elast_b,fwd_micro_300ms,345339,0,NaN,0.2340249458091095,NaN,NaN,NaN,0.8571428571428573,0.2939401573526303,7
local_elast_b,fwd_mid_500ms,345339,0,NaN,0.05824398065805221,NaN,NaN,NaN,0.8571428571428573,0.2939401573526303,7
local_elast_b,fwd_micro_500ms,345339,0,NaN,0.2985080550433826,NaN,NaN,NaN,0.8928571428571429,0.2939401573526303,7
local_elast_b,fwd_mid_1s,345339,0,NaN,0.09702591393843794,NaN,NaN,NaN,0.9285714285714288,0.2939401573526303,7
local_elast_b,fwd_micro_1s,345339,0,NaN,0.38968343479092704,NaN,NaN,NaN,0.8928571428571429,0.2939401573526303,7
local_elast_b,fwd_mid_3s,345339,0,NaN,0.17074271611114122,NaN,NaN,NaN,0.9285714285714288,0.2939401573526303,7
local_elast_b,fwd_micro_3s,345339,0,NaN,0.5362645303935741,NaN,NaN,NaN,0.8928571428571429,0.2939401573526303,7
local_elast_b,fwd_mid_5s,345339,0,NaN,0.19357060240820387,NaN,NaN,NaN,0.9285714285714288,0.2939401573526303,7
local_elast_b,fwd_micro_5s,345339,0,NaN,0.5905785397470102,NaN,NaN,NaN,0.8928571428571429,0.2939401573526303,7
local_elast_b,fwd_mid_10s,345339,0,NaN,0.24906869444795143,NaN,NaN,NaN,0.9285714285714288,0.2939401573526303,7
local_elast_b,fwd_micro_10s,345339,0,NaN,0.6782579060638614,NaN,NaN,NaN,0.8928571428571429,0.2939401573526303,7
local_elast_b,fwd_mid_30s,345339,0,NaN,0.37714905717460895,NaN,NaN,NaN,0.9285714285714288,0.2939401573526303,7
local_elast_b,fwd_micro_30s,345339,0,NaN,0.8239327487365502,NaN,NaN,NaN,0.9285714285714288,0.2939401573526303,7
local_elast_b,fwd_mid_60s,345339,0,NaN,0.5679794681041161,NaN,NaN,NaN,0.9285714285714288,0.2939401573526303,7
local_elast_b,fwd_micro_60s,345339,0,NaN,1.00210301728915,NaN,NaN,NaN,0.9285714285714288,0.2939401573526303,7
deep_elast_b,fwd_mid_100ms,345339,0,NaN,0.0012325995430355716,NaN,NaN,NaN,0.6,0.18946600297099372,9
deep_elast_b,fwd_micro_100ms,345339,0,NaN,0.06436876234972087,NaN,NaN,NaN,0.9500000000000001,0.18946600297099372,9
deep_elast_b,fwd_mid_300ms,345339,0,NaN,0.008365316977042547,NaN,NaN,NaN,0.7166666666666667,0.18946600297099372,9
deep_elast_b,fwd_micro_300ms,345339,0,NaN,0.14588837355571693,NaN,NaN,NaN,0.9833333333333333,0.18946600297099372,9
deep_elast_b,fwd_mid_500ms,345339,0,NaN,0.0032954233092928765,NaN,NaN,NaN,0.7,0.18946600297099372,9
deep_elast_b,fwd_micro_500ms,345339,0,NaN,0.183559427448357,NaN,NaN,NaN,0.9666666666666667,0.18946600297099372,9
deep_elast_b,fwd_mid_1s,345339,0,NaN,0.01511484548468167,NaN,NaN,NaN,0.6666666666666667,0.18946600297099372,9
deep_elast_b,fwd_micro_1s,345339,0,NaN,0.23926756592392012,NaN,NaN,NaN,0.9666666666666667,0.18946600297099372,9
deep_elast_b,fwd_mid_3s,345339,0,NaN,0.01815978849851221,NaN,NaN,NaN,0.7166666666666667,0.18946600297099372,9
deep_elast_b,fwd_micro_3s,345339,0,NaN,0.2940470484264316,NaN,NaN,NaN,0.9833333333333333,0.18946600297099372,9
deep_elast_b,fwd_mid_5s,345339,0,NaN,0.036441555924264145,NaN,NaN,NaN,0.7,0.18946600297099372,9
deep_elast_b,fwd_micro_5s,345339,0,NaN,0.3404753045918398,NaN,NaN,NaN,0.9833333333333333,0.18946600297099372,9
deep_elast_b,fwd_mid_10s,345339,0,NaN,0.046203213882356736,NaN,NaN,NaN,0.6333333333333333,0.18946600297099372,9
deep_elast_b,fwd_micro_10s,345339,0,NaN,0.3708575907627502,NaN,NaN,NaN,0.9666666666666667,0.18946600297099372,9
deep_elast_b,fwd_mid_30s,345339,0,NaN,0.08959300514508121,NaN,NaN,NaN,0.5833333333333334,0.18946600297099372,9
deep_elast_b,fwd_micro_30s,345339,0,NaN,0.4302040334959648,NaN,NaN,NaN,0.8166666666666667,0.18946600297099372,9
deep_elast_b,fwd_mid_60s,345339,0,NaN,0.17379325760920233,NaN,NaN,NaN,0.3666666666666667,0.18946600297099372,9
deep_elast_b,fwd_micro_60s,345339,0,NaN,0.5260035226430471,NaN,NaN,NaN,0.75,0.18946600297099372,9
marg_elast_b,fwd_mid_100ms,345339,0,NaN,0.015071649653785428,NaN,NaN,NaN,0.8857142857142858,0.3215478124393712,6
marg_elast_b,fwd_micro_100ms,345339,0,NaN,0.0978854582360053,NaN,NaN,NaN,0.8285714285714287,0.3215478124393712,6
marg_elast_b,fwd_mid_300ms,345339,0,NaN,0.0352970251223862,NaN,NaN,NaN,1.0,0.3215478124393712,6
marg_elast_b,fwd_micro_300ms,345339,0,NaN,0.20851336375564083,NaN,NaN,NaN,0.8285714285714287,0.3215478124393712,6
marg_elast_b,fwd_mid_500ms,345339,0,NaN,0.05008929142450824,NaN,NaN,NaN,0.942857142857143,0.3215478124393712,6
marg_elast_b,fwd_micro_500ms,345339,0,NaN,0.26554660819564857,NaN,NaN,NaN,0.942857142857143,0.3215478124393712,6
marg_elast_b,fwd_mid_1s,345339,0,NaN,0.08802131452258453,NaN,NaN,NaN,0.942857142857143,0.3215478124393712,6
marg_elast_b,fwd_micro_1s,345339,0,NaN,0.3502924061941698,NaN,NaN,NaN,0.942857142857143,0.3215478124393712,6
marg_elast_b,fwd_mid_3s,345339,0,NaN,0.17626329602092616,NaN,NaN,NaN,0.942857142857143,0.3215478124393712,6
marg_elast_b,fwd_micro_3s,345339,0,NaN,0.5058205506447306,NaN,NaN,NaN,0.942857142857143,0.3215478124393712,6
marg_elast_b,fwd_mid_5s,345339,0,NaN,0.2016922324434959,NaN,NaN,NaN,0.942857142857143,0.3215478124393712,6
marg_elast_b,fwd_micro_5s,345339,0,NaN,0.5535692585622035,NaN,NaN,NaN,0.942857142857143,0.3215478124393712,6
marg_elast_b,fwd_mid_10s,345339,0,NaN,0.2494391972581579,NaN,NaN,NaN,0.942857142857143,0.3215478124393712,6
marg_elast_b,fwd_micro_10s,345339,0,NaN,0.6255802864084571,NaN,NaN,NaN,0.942857142857143,0.3215478124393712,6
marg_elast_b,fwd_mid_30s,345339,0,NaN,0.3686206055818482,NaN,NaN,NaN,0.942857142857143,0.3215478124393712,6
marg_elast_b,fwd_micro_30s,345339,0,NaN,0.7638399418293771,NaN,NaN,NaN,0.942857142857143,0.3215478124393712,6
marg_elast_b,fwd_mid_60s,345339,0,NaN,0.4974865968248271,NaN,NaN,NaN,0.942857142857143,0.3215478124393712,6
marg_elast_b,fwd_micro_60s,345339,0,NaN,0.8783413958351874,NaN,NaN,NaN,0.942857142857143,0.3215478124393712,6
elast_a,fwd_mid_100ms,345339,9,0.07133022160608427,-0.013374994659777753,-0.082495627769883,0.021100556636484857,-3.909642252149892,-0.8303030303030302,0.12615430055684415,10
elast_a,fwd_micro_100ms,345339,9,0.09505714698014331,-0.11942921533753259,-0.20093692302263416,0.04274116653687959,-4.701250323836013,-0.9878787878787878,0.12615430055684415,10
elast_a,fwd_mid_300ms,345339,9,0.16185262136266357,-0.029175961805354794,-0.18592540916388764,0.04184803527827266,-4.442870685028776,-0.8909090909090909,0.12615430055684415,10
elast_a,fwd_micro_300ms,345339,9,0.20355695917472288,-0.2615427935170032,-0.4259736736957864,0.08601602038313788,-4.9522597278784595,-0.9999999999999999,0.12615430055684415,10
elast_a,fwd_mid_500ms,345339,9,0.20859337376726228,-0.04758381792353528,-0.24836131660777458,0.05893081189653693,-4.214456047946788,-0.9636363636363635,0.12615430055684415,10
elast_a,fwd_micro_500ms,345339,9,0.26074671286145745,-0.34932181769425547,-0.5631837612517614,0.11383886210276163,-4.9472012531483225,-0.9999999999999999,0.12615430055684415,10
elast_a,fwd_mid_1s,345339,9,0.2823454508391273,-0.07020352451215744,-0.34443945383816305,0.07990818297892739,-4.310440320348609,-0.9515151515151514,0.12615430055684415,10
elast_a,fwd_micro_1s,345339,9,0.3456776409685868,-0.4336238469101725,-0.7070006454366302,0.132799620318613,-5.323815261974345,-0.9999999999999999,0.12615430055684415,10
elast_a,fwd_mid_3s,345339,9,0.4559917251051734,-0.11864282607094115,-0.5325655291064941,0.12410089291208937,-4.291391597671687,-0.9878787878787878,0.12615430055684415,10
elast_a,fwd_micro_3s,345339,9,0.5381564121620379,-0.5696693638064975,-0.9754773170651515,0.16666223335124786,-5.853019592082934,-0.9999999999999999,0.12615430055684415,10
elast_a,fwd_mid_5s,345339,9,0.5042084693217883,-0.13659748263098043,-0.5839066914029787,0.13887312511205654,-4.204605397421748,-0.9757575757575757,0.12615430055684415,10
elast_a,fwd_micro_5s,345339,9,0.5951539821734706,-0.6999683859151695,-1.0602364010615588,0.17861610904546277,-5.935838635874098,-0.9999999999999999,0.12615430055684415,10
elast_a,fwd_mid_10s,345339,9,0.5492087709100654,-0.20731406626738597,-0.6631755086949692,0.1811852375777124,-3.6602071866397266,-0.9878787878787878,0.12615430055684415,10
elast_a,fwd_micro_10s,345339,9,0.6587018968633336,-0.8443286390674286,-1.1824796047950745,0.20692484501275252,-5.714536621845481,-0.9999999999999999,0.12615430055684415,10
elast_a,fwd_mid_30s,345339,9,0.6134813912453337,-0.3235289577124423,-0.8251902311972947,0.2430803470864161,-3.394722120023698,-0.9515151515151514,0.12615430055684415,10
elast_a,fwd_micro_30s,345339,9,0.7441516916994199,-0.9645295868088102,-1.3880284673721313,0.24800387144972294,-5.5968016114358194,-0.9999999999999999,0.12615430055684415,10
elast_a,fwd_mid_60s,345339,9,0.5579055249350222,-0.3363624178656677,-0.7831215599917464,0.3374504766081437,-2.3207007080364197,-0.9515151515151514,0.12615430055684415,10
elast_a,fwd_micro_60s,345339,9,0.6920440229475562,-0.9809245595222528,-1.3389191062513963,0.34039917049281,-3.933379462449887,-0.9757575757575757,0.12615430055684415,10
local_elast_a,fwd_mid_100ms,345339,0,NaN,-0.017327832949550537,NaN,NaN,NaN,-0.9642857142857145,0.2949507585300241,7
local_elast_a,fwd_micro_100ms,345339,0,NaN,-0.09863345699207532,NaN,NaN,NaN,-0.7857142857142859,0.2949507585300241,7
local_elast_a,fwd_mid_300ms,345339,0,NaN,-0.036253027238771766,NaN,NaN,NaN,-0.9285714285714288,0.2949507585300241,7
local_elast_a,fwd_micro_300ms,345339,0,NaN,-0.2191388142049113,NaN,NaN,NaN,-0.7500000000000002,0.2949507585300241,7
local_elast_a,fwd_mid_500ms,345339,0,NaN,-0.05193384010881656,NaN,NaN,NaN,-0.9642857142857145,0.2949507585300241,7
local_elast_a,fwd_micro_500ms,345339,0,NaN,-0.2918433592816732,NaN,NaN,NaN,-0.6785714285714287,0.2949507585300241,7
local_elast_a,fwd_mid_1s,345339,0,NaN,-0.08038880060194803,NaN,NaN,NaN,-0.9642857142857145,0.2949507585300241,7
local_elast_a,fwd_micro_1s,345339,0,NaN,-0.37369460886170036,NaN,NaN,NaN,-0.7500000000000002,0.2949507585300241,7
local_elast_a,fwd_mid_3s,345339,0,NaN,-0.14388966614632803,NaN,NaN,NaN,-0.9642857142857145,0.2949507585300241,7
local_elast_a,fwd_micro_3s,345339,0,NaN,-0.5017266631161659,NaN,NaN,NaN,-0.8571428571428573,0.2949507585300241,7
local_elast_a,fwd_mid_5s,345339,0,NaN,-0.1752682398098266,NaN,NaN,NaN,-0.8214285714285715,0.2949507585300241,7
local_elast_a,fwd_micro_5s,345339,0,NaN,-0.6206374785081379,NaN,NaN,NaN,-0.8571428571428573,0.2949507585300241,7
local_elast_a,fwd_mid_10s,345339,0,NaN,-0.2365138941071046,NaN,NaN,NaN,-0.8571428571428573,0.2949507585300241,7
local_elast_a,fwd_micro_10s,345339,0,NaN,-0.7285254363467845,NaN,NaN,NaN,-0.8571428571428573,0.2949507585300241,7
local_elast_a,fwd_mid_30s,345339,0,NaN,-0.2689544283940963,NaN,NaN,NaN,-0.8928571428571429,0.2949507585300241,7
local_elast_a,fwd_micro_30s,345339,0,NaN,-0.7598742818112708,NaN,NaN,NaN,-0.8928571428571429,0.2949507585300241,7
local_elast_a,fwd_mid_60s,345339,0,NaN,-0.2006780189118537,NaN,NaN,NaN,-0.8928571428571429,0.2949507585300241,7
local_elast_a,fwd_micro_60s,345339,0,NaN,-0.692729604084294,NaN,NaN,NaN,-0.8928571428571429,0.2949507585300241,7
deep_elast_a,fwd_mid_100ms,345339,1,0.007594013230825179,-0.0027480429897836795,NaN,NaN,NaN,-0.7939393939393938,0.16731096111357247,10
deep_elast_a,fwd_micro_100ms,345339,1,0.010197774252078433,-0.06452130934379699,NaN,NaN,NaN,-0.8787878787878788,0.16731096111357247,10
deep_elast_a,fwd_mid_300ms,345339,1,0.02504441361416033,-0.010814036661140933,NaN,NaN,NaN,-0.8303030303030302,0.16731096111357247,10
deep_elast_a,fwd_micro_300ms,345339,1,0.015347197839536874,-0.1491776209503838,NaN,NaN,NaN,-0.7818181818181817,0.16731096111357247,10
deep_elast_a,fwd_mid_500ms,345339,1,0.036485435103775866,-0.015766885398959155,NaN,NaN,NaN,-0.8303030303030302,0.16731096111357247,10
deep_elast_a,fwd_micro_500ms,345339,1,0.04430556731961116,-0.19767363809369443,NaN,NaN,NaN,-0.8666666666666665,0.16731096111357247,10
deep_elast_a,fwd_mid_1s,345339,1,0.045470775424698316,-0.029266164348781373,NaN,NaN,NaN,-0.7818181818181817,0.16731096111357247,10
deep_elast_a,fwd_micro_1s,345339,1,0.060090771542152734,-0.24752810401576886,NaN,NaN,NaN,-0.8666666666666665,0.16731096111357247,10
deep_elast_a,fwd_mid_3s,345339,1,0.08476513875154507,-0.02380988531482715,NaN,NaN,NaN,-0.7696969696969697,0.16731096111357247,10
deep_elast_a,fwd_micro_3s,345339,1,0.10744489936720593,-0.28332313778039164,NaN,NaN,NaN,-0.9151515151515152,0.16731096111357247,10
deep_elast_a,fwd_mid_5s,345339,1,0.10012751926077751,-0.026928956505304656,NaN,NaN,NaN,-0.8424242424242423,0.16731096111357247,10
deep_elast_a,fwd_micro_5s,345339,1,0.12017566671392493,-0.3366449047613285,NaN,NaN,NaN,-0.9636363636363635,0.16731096111357247,10
deep_elast_a,fwd_mid_10s,345339,1,0.1279881844777357,-0.07172416259856401,NaN,NaN,NaN,-0.8666666666666665,0.16731096111357247,10
deep_elast_a,fwd_micro_10s,345339,1,0.1415705272179469,-0.42475027834511225,NaN,NaN,NaN,-0.9030303030303028,0.16731096111357247,10
deep_elast_a,fwd_mid_30s,345339,1,0.26731363423205784,-0.14499499595694154,NaN,NaN,NaN,-0.8909090909090909,0.16731096111357247,10
deep_elast_a,fwd_micro_30s,345339,1,0.2957561103712736,-0.5196780771197865,NaN,NaN,NaN,-0.9515151515151514,0.16731096111357247,10
deep_elast_a,fwd_mid_60s,345339,1,0.4435047984634999,-0.17782110080561844,NaN,NaN,NaN,-0.6848484848484848,0.16731096111357247,10
deep_elast_a,fwd_micro_60s,345339,1,0.452710042884111,-0.5514566209264441,NaN,NaN,NaN,-0.7818181818181817,0.16731096111357247,10
marg_elast_a,fwd_mid_100ms,345339,0,NaN,-0.018182925951862574,NaN,NaN,NaN,-0.942857142857143,0.3975369130043233,6
marg_elast_a,fwd_micro_100ms,345339,0,NaN,-0.09240601444472063,NaN,NaN,NaN,-0.8285714285714287,0.3975369130043233,6
marg_elast_a,fwd_mid_300ms,345339,0,NaN,-0.03822030332160258,NaN,NaN,NaN,-0.8857142857142858,0.3975369130043233,6
marg_elast_a,fwd_micro_300ms,345339,0,NaN,-0.2012276223095925,NaN,NaN,NaN,-0.7714285714285715,0.3975369130043233,6
marg_elast_a,fwd_mid_500ms,345339,0,NaN,-0.05426314013774286,NaN,NaN,NaN,-0.8857142857142858,0.3975369130043233,6
marg_elast_a,fwd_micro_500ms,345339,0,NaN,-0.2630647620463511,NaN,NaN,NaN,-0.7714285714285715,0.3975369130043233,6
marg_elast_a,fwd_mid_1s,345339,0,NaN,-0.07843734963645413,NaN,NaN,NaN,-0.942857142857143,0.3975369130043233,6
marg_elast_a,fwd_micro_1s,345339,0,NaN,-0.33484999222018147,NaN,NaN,NaN,-0.7714285714285715,0.3975369130043233,6
marg_elast_a,fwd_mid_3s,345339,0,NaN,-0.14344767342392362,NaN,NaN,NaN,-0.942857142857143,0.3975369130043233,6
marg_elast_a,fwd_micro_3s,345339,0,NaN,-0.45950957094858846,NaN,NaN,NaN,-0.7714285714285715,0.3975369130043233,6
marg_elast_a,fwd_mid_5s,345339,0,NaN,-0.1858176891588035,NaN,NaN,NaN,-0.942857142857143,0.3975369130043233,6
marg_elast_a,fwd_micro_5s,345339,0,NaN,-0.5643988129077963,NaN,NaN,NaN,-0.8285714285714287,0.3975369130043233,6
marg_elast_a,fwd_mid_10s,345339,0,NaN,-0.2418814961467956,NaN,NaN,NaN,-0.8285714285714287,0.3975369130043233,6
marg_elast_a,fwd_micro_10s,345339,0,NaN,-0.6644441628505777,NaN,NaN,NaN,-0.7714285714285715,0.3975369130043233,6
marg_elast_a,fwd_mid_30s,345339,0,NaN,-0.31385974701898695,NaN,NaN,NaN,-0.8285714285714287,0.3975369130043233,6
marg_elast_a,fwd_micro_30s,345339,0,NaN,-0.7233123222304915,NaN,NaN,NaN,-0.7714285714285715,0.3975369130043233,6
marg_elast_a,fwd_mid_60s,345339,0,NaN,-0.22317075693966637,NaN,NaN,NaN,-0.8285714285714287,0.3975369130043233,6
marg_elast_a,fwd_micro_60s,345339,0,NaN,-0.6387239444355735,NaN,NaN,NaN,-0.8285714285714287,0.3975369130043233,6
elast_asym,fwd_mid_100ms,345339,20,-0.02315123316393051,0.024395272991398213,0.04630644139668318,0.00773488853923838,5.9866979545697205,0.9030303030303028,0.10449152861391271,10
elast_asym,fwd_micro_100ms,345339,20,-0.14495886353714443,0.1550033111823573,0.29723175716759676,0.040330173095459367,7.369959867617355,0.9999999999999999,0.10449152861391271,10
elast_asym,fwd_mid_300ms,345339,20,-0.055352685374637195,0.05808204850631776,0.10880064928347435,0.017796867046271685,6.113472051040989,0.9272727272727272,0.10449152861391271,10
elast_asym,fwd_micro_300ms,345339,20,-0.3275387819326063,0.32917419394337266,0.6477583867736291,0.08284281857130135,7.81912539849323,0.9999999999999999,0.10449152861391271,10
elast_asym,fwd_mid_500ms,345339,20,-0.08079557895059156,0.0778648119959518,0.15093828876539048,0.02429292385442239,6.213261510631748,0.9272727272727272,0.10449152861391271,10
elast_asym,fwd_micro_500ms,345339,20,-0.4370689554634061,0.42819845466108375,0.8577442192812313,0.1042064696194712,8.231199295143956,0.9999999999999999,0.10449152861391271,10
elast_asym,fwd_mid_1s,345339,20,-0.12758810266622359,0.116869932582966,0.2349035417734012,0.034662647869585464,6.7768493237216285,0.9272727272727272,0.10449152861391271,10
elast_asym,fwd_micro_1s,345339,20,-0.5565886392140207,0.542171528238399,1.1040737122392588,0.12235221760371183,9.023732743571982,0.9999999999999999,0.10449152861391271,10
elast_asym,fwd_mid_3s,345339,20,-0.21395183406951115,0.1931448114909055,0.3945904853814787,0.06371520779223278,6.19303458395974,0.9757575757575757,0.10449152861391271,10
elast_asym,fwd_micro_3s,345339,20,-0.7504079393202693,0.7290492452180969,1.4993960925806362,0.17133011953743568,8.75150321863295,0.9999999999999999,0.10449152861391271,10
elast_asym,fwd_mid_5s,345339,20,-0.26234225884828516,0.22639978420203055,0.48280488501962565,0.0833523525702508,5.792336630363365,0.9878787878787878,0.10449152861391271,10
elast_asym,fwd_micro_5s,345339,20,-0.9174330658721839,0.8108455760055042,1.7348154629597485,0.20049692862779872,8.6525787443869,0.9999999999999999,0.10449152861391271,10
elast_asym,fwd_mid_10s,345339,20,-0.339947925037904,0.2911346624356209,0.6251618371217436,0.11249068957842283,5.5574540387710245,0.9878787878787878,0.10449152861391271,10
elast_asym,fwd_micro_10s,345339,20,-1.0725343136667556,0.9351695986412248,2.0214428617107525,0.2323808209821775,8.698836905588639,0.9999999999999999,0.10449152861391271,10
elast_asym,fwd_mid_30s,345339,20,-0.5172593531742435,0.43408391348167646,0.9344418137803763,0.16998140327912986,5.497317916865945,0.9878787878787878,0.10449152861391271,10
elast_asym,fwd_micro_30s,345339,20,-1.2620661881716129,1.1061756234846656,2.369787193781428,0.2684965869707387,8.826135261226588,0.9999999999999999,0.10449152861391271,10
elast_asym,fwd_mid_60s,345339,20,-0.5671103491312091,0.5636367172116535,1.10308540113571,0.2415808101057927,4.566113511469097,0.9393939393939393,0.10449152861391271,10
elast_asym,fwd_micro_60s,345339,20,-1.3213246092321755,1.2466225699169373,2.5629362755441147,0.3374532425487325,7.5949374680375,0.9999999999999999,0.10449152861391271,10
ofi_0.1s,fwd_mid_100ms,345339,20,-0.04273051521984213,0.006044006653995465,0.05842904091859826,0.011938781461227631,4.894053979323797,1.0,0.458529155409612,4
ofi_0.1s,fwd_micro_100ms,345339,20,-0.02208738100576083,0.0029749524951232877,0.027145919796789486,0.011460340147029015,2.368683603499047,0.7999999999999999,0.458529155409612,4
ofi_0.1s,fwd_mid_300ms,345339,20,-0.10483839146710018,0.01801288374025475,0.14389387072147616,0.03130766923779072,4.596122107607595,1.0,0.458529155409612,4
ofi_0.1s,fwd_micro_300ms,345339,20,-0.03688931933085506,0.0061435118569530085,0.028975191168679342,0.028898024642042584,1.0026703045482386,0.7999999999999999,0.458529155409612,4
ofi_0.1s,fwd_mid_500ms,345339,20,-0.18120316559037908,0.032508168901450474,0.2616073014316436,0.039707978988003115,6.5882804438544325,1.0,0.458529155409612,4
ofi_0.1s,fwd_micro_500ms,345339,20,-0.07039747745114978,0.015548675594236188,0.07435798019913624,0.02645881465246446,2.810329229628217,0.7999999999999999,0.458529155409612,4
ofi_0.1s,fwd_mid_1s,345339,20,-0.2789426672305182,0.051631084792916636,0.4035734647475383,0.054485605069795294,7.406974084816832,1.0,0.458529155409612,4
ofi_0.1s,fwd_micro_1s,345339,20,-0.13041162912113294,0.033769829985482586,0.15184793031143504,0.03161701553868359,4.802728142561346,0.7999999999999999,0.458529155409612,4
ofi_0.1s,fwd_mid_3s,345339,20,-0.4194115809150742,0.08821024209000274,0.378255994353233,0.2676865507196799,1.4130556553412386,1.0,0.458529155409612,4
ofi_0.1s,fwd_micro_3s,345339,20,-0.2526974345011845,0.07261394425725587,0.08653607955182092,0.2858483980809116,0.30273417704207745,0.7999999999999999,0.458529155409612,4
ofi_0.1s,fwd_mid_5s,345339,20,-0.4988150963605909,0.10905823689002744,0.489335385614424,0.28115044442377746,1.740475234237403,1.0,0.458529155409612,4
ofi_0.1s,fwd_micro_5s,345339,20,-0.3282003199699199,0.07745567264095851,0.18839055057522014,0.28921034319160477,0.6513963107135816,0.7999999999999999,0.458529155409612,4
ofi_0.1s,fwd_mid_10s,345339,20,-0.5620062344518879,0.14092542220958873,0.5824864557871671,0.32073062651063444,1.8161235867128942,1.0,0.458529155409612,4
ofi_0.1s,fwd_micro_10s,345339,20,-0.3871372480725032,0.10711647259604647,0.2683748123193156,0.33168147787859115,0.8091341549604155,0.7999999999999999,0.458529155409612,4
ofi_0.1s,fwd_mid_30s,345339,20,-0.6050774016725353,0.2197493765278117,0.6961715379738189,0.2631366320263253,2.645665609584039,1.0,0.458529155409612,4
ofi_0.1s,fwd_micro_30s,345339,20,-0.4239050478552363,0.18866851716837316,0.37843951305228807,0.2769899667667447,1.366257115626772,0.7999999999999999,0.458529155409612,4
ofi_0.1s,fwd_mid_60s,345339,20,-0.5139838819236745,0.32801213871952345,0.675909105873244,0.26479241000496356,2.552600000357163,0.7999999999999999,0.458529155409612,4
ofi_0.1s,fwd_micro_60s,345339,20,-0.33890336746713556,0.29597222250688576,0.37459244930019897,0.2693620367896913,1.3906653430626827,0.7999999999999999,0.458529155409612,4
ofi_0.25s,fwd_mid_100ms,345339,20,-0.04761417004539757,0.01928363367331763,0.07804268832574016,0.01236257232476885,6.312819555310417,0.9523809523809524,0.29210717584750057,8
ofi_0.25s,fwd_micro_100ms,345339,20,0.0058952308717276115,-0.006736292064924268,-0.04322848376623151,0.02068192143432883,-2.090158010874117,0.2142857142857143,0.29210717584750057,8
ofi_0.25s,fwd_mid_300ms,345339,20,-0.13630561944280611,0.0600859215652582,0.2277321507318546,0.03948972380866517,5.766871195029318,0.9523809523809524,0.29210717584750057,8
ofi_0.25s,fwd_micro_300ms,345339,20,0.005578438585009785,-0.009639901567181329,-0.11199147337861919,0.06450258267400746,-1.7362323915713265,0.4047619047619048,0.29210717584750057,8
ofi_0.25s,fwd_mid_500ms,345339,20,-0.21720140102209903,0.09766639211353166,0.35009702342566823,0.0616937428465817,5.674757394705,0.9761904761904763,0.29210717584750057,8
ofi_0.25s,fwd_micro_500ms,345339,20,-0.02297124138147436,-0.002594668258986062,-0.1438516901942027,0.11237668882643079,-1.2800847906845345,0.6190476190476191,0.29210717584750057,8
ofi_0.25s,fwd_mid_1s,345339,20,-0.33532748345507507,0.1584996914924535,0.5555438204368393,0.08741733970524052,6.355075804297615,0.9761904761904763,0.29210717584750057,8
ofi_0.25s,fwd_micro_1s,345339,20,-0.09043341588902522,0.038954159185001884,-0.03970510763630975,0.12028500998878686,-0.33009190122702003,0.6904761904761906,0.29210717584750057,8
ofi_0.25s,fwd_mid_3s,345339,20,-0.5307968537938673,0.255599022359231,0.649122091416943,0.3133738165389612,2.0713986209381945,0.9761904761904763,0.29210717584750057,8
ofi_0.25s,fwd_micro_3s,345339,20,-0.2594111608913336,0.12042230057338117,-0.013287156660983096,0.34369538096920704,-0.03865968935489867,0.7857142857142858,0.29210717584750057,8
ofi_0.25s,fwd_mid_5s,345339,20,-0.608081986501823,0.2912947114115367,0.774640640644534,0.325410135840638,2.3805055692054293,1.0,0.29210717584750057,8
ofi_0.25s,fwd_micro_5s,345339,20,-0.3138428104957778,0.15272598414125862,0.07623923227703808,0.35028425747142705,0.21764961071154323,0.880952380952381,0.29210717584750057,8
ofi_0.25s,fwd_mid_10s,345339,20,-0.7121834590876452,0.36553972431475024,0.9954621166729355,0.3283358263100029,3.031841294507581,0.9285714285714287,0.29210717584750057,8
ofi_0.25s,fwd_micro_10s,345339,20,-0.40777527173338407,0.22150934034841388,0.270766997533054,0.35480479861410597,0.7631435611657174,0.7619047619047621,0.29210717584750057,8
ofi_0.25s,fwd_mid_30s,345339,20,-0.7345523398204438,0.4777180115035102,1.209106823573587,0.3624401959551762,3.3360174645836467,0.9285714285714287,0.29210717584750057,8
ofi_0.25s,fwd_micro_30s,345339,20,-0.4227782329157835,0.33466224928311733,0.45374167004796134,0.38258422931965114,1.1859915680655455,0.7619047619047621,0.29210717584750057,8
ofi_0.25s,fwd_mid_60s,345339,20,-0.8565356372265004,0.5928040467967752,1.5025718850602852,0.3665363549875511,4.099380224128976,0.9047619047619048,0.29210717584750057,8
ofi_0.25s,fwd_micro_60s,345339,20,-0.5311027622725802,0.44247539633002075,0.7402087735485825,0.3803353318114696,1.9462003964320107,0.8333333333333335,0.29210717584750057,8
ofi_0.5s,fwd_mid_100ms,345339,20,-0.05609826528153095,0.0482973614350771,0.09903745413350744,0.013731520273575716,7.212417282308529,0.9878787878787878,0.20785373212987818,10
ofi_0.5s,fwd_micro_100ms,345339,20,0.006073298153867577,-0.016828302445617904,-0.054277392361269626,0.02575355515306709,-2.1075689177152506,-0.06666666666666665,0.20785373212987818,10
ofi_0.5s,fwd_mid_300ms,345339,20,-0.152049730803855,0.14033178278281652,0.27789058018136426,0.038364990195177716,7.243337708875361,0.9636363636363635,0.20785373212987818,10
ofi_0.5s,fwd_micro_300ms,345339,20,-0.0076152115583969305,-0.011931582886275037,-0.08639238371480028,0.06122286293259797,-1.4111130969146635,0.41818181818181815,0.20785373212987818,10
ofi_0.5s,fwd_mid_500ms,345339,20,-0.2270121965962465,0.21045747383361535,0.4012951520224771,0.0566571622248826,7.08286713036674,0.9878787878787878,0.20785373212987818,10
ofi_0.5s,fwd_micro_500ms,345339,20,-0.03930576189512363,0.0062452321177515245,-0.046409161300616925,0.06301301756084124,-0.7365011722507541,0.6484848484848483,0.20785373212987818,10
ofi_0.5s,fwd_mid_1s,345339,20,-0.3556961979774208,0.3486372546037625,0.6454321480893801,0.08622042135444216,7.485838481768528,0.9999999999999999,0.20785373212987818,10
ofi_0.5s,fwd_micro_1s,345339,20,-0.11513759681981371,0.10412790483698953,0.10949460669717312,0.07587443487651009,1.4431027641310508,0.7333333333333332,0.20785373212987818,10
ofi_0.5s,fwd_mid_3s,345339,20,-0.5834533890751227,0.5715236776266363,0.7888829552885259,0.3582656985523015,2.2019494427635267,0.9999999999999999,0.20785373212987818,10
ofi_0.5s,fwd_micro_3s,345339,20,-0.3029023667715127,0.2956680515332382,0.17505768915195197,0.35344166311517017,0.4952944358880204,0.9757575757575757,0.20785373212987818,10
ofi_0.5s,fwd_mid_5s,345339,20,-0.6772053341769068,0.6529376917542571,0.9404197566668738,0.3706849825986263,2.536978299132097,0.9636363636363635,0.20785373212987818,10
ofi_0.5s,fwd_micro_5s,345339,20,-0.36350252029488506,0.3571357635617804,0.2625022993055433,0.36733205867758273,0.714618539559458,0.9757575757575757,0.20785373212987818,10
ofi_0.5s,fwd_mid_10s,345339,20,-0.7961632771808145,0.8285801988394633,1.2450606055825169,0.36439590915156905,3.416779865837184,0.8787878787878788,0.20785373212987818,10
ofi_0.5s,fwd_micro_10s,345339,20,-0.4745548614084201,0.5178218043079912,0.5414016059547666,0.3532189986422832,1.5327646815030533,0.8545454545454544,0.20785373212987818,10
ofi_0.5s,fwd_mid_30s,345339,20,-0.8581621468982025,1.04639426055583,1.544928956893708,0.3800330518603151,4.065248928563092,0.9636363636363635,0.20785373212987818,10
ofi_0.5s,fwd_micro_30s,345339,20,-0.522359816925115,0.7132921577758298,0.7310115399974484,0.37365900279812925,1.9563600355492579,0.9878787878787878,0.20785373212987818,10
ofi_0.5s,fwd_mid_60s,345339,20,-0.7993025849454388,1.3473875088935916,1.8030721275032733,0.3858991322747786,4.672392282601454,0.9515151515151514,0.20785373212987818,10
ofi_0.5s,fwd_micro_60s,345339,20,-0.4515739712429723,1.0149660820319926,0.9788457891921896,0.37686960999838404,2.597306238612306,0.8666666666666665,0.20785373212987818,10
ofi_1s,fwd_mid_100ms,345339,20,-0.049001958741264444,0.04363808574424614,0.0849945176756224,0.010710756564252579,7.9354354816814485,0.9999999999999999,0.18219488676344114,10
ofi_1s,fwd_micro_100ms,345339,20,0.003678257925618864,-0.009766575651278689,-0.0364033103844386,0.01941769152819779,-1.874749649389311,0.22424242424242422,0.18219488676344114,10
ofi_1s,fwd_mid_300ms,345339,20,-0.13357111860348153,0.12730643714910406,0.2556699520164026,0.02934561647205251,8.712372843143083,0.9999999999999999,0.18219488676344114,10
ofi_1s,fwd_micro_300ms,345339,20,-0.01843371804493528,0.011464378047668618,-0.02168422962179568,0.03562794028255989,-0.6086298969241917,0.6606060606060605,0.18219488676344114,10
ofi_1s,fwd_mid_500ms,345339,20,-0.20257166314399325,0.18949905751732224,0.36735301601799997,0.04354826446306758,8.43553745590814,0.9999999999999999,0.18219488676344114,10
ofi_1s,fwd_micro_500ms,345339,20,-0.04109178988046051,0.03186397428587239,-0.003871786892296756,0.049184609344843935,-0.0787194804202026,0.7333333333333332,0.18219488676344114,10
ofi_1s,fwd_mid_1s,345339,20,-0.32185662422476874,0.31155937926437816,0.5933326049475336,0.06901220460065682,8.5975025487287,0.9999999999999999,0.18219488676344114,10
ofi_1s,fwd_micro_1s,345339,20,-0.111423403911891,0.11865715013442214,0.17328902616284445,0.06564025100732818,2.639981162526301,0.9151515151515152,0.18219488676344114,10
ofi_1s,fwd_mid_3s,345339,20,-0.533328357923197,0.5389608321417458,1.1362981001637735,0.14299801812325072,7.946250689882936,0.9999999999999999,0.18219488676344114,10
ofi_1s,fwd_micro_3s,345339,20,-0.2725357315549428,0.31064241083710903,0.5891200143016333,0.12160512570068194,4.844532752276327,0.9515151515151514,0.18219488676344114,10
ofi_1s,fwd_mid_5s,345339,20,-0.6166507074298141,0.6368719704068595,1.2784716551972717,0.15345128345539233,8.331449737068626,0.9999999999999999,0.18219488676344114,10
ofi_1s,fwd_micro_5s,345339,20,-0.3283552255006589,0.3862515326687468,0.6763704668195742,0.12957566697138095,5.21988798227805,0.9757575757575757,0.18219488676344114,10
ofi_1s,fwd_mid_10s,345339,20,-0.7475275113977441,0.8362595894951458,1.6234898869807672,0.18009727738840547,9.014516546407748,0.9999999999999999,0.18219488676344114,10
ofi_1s,fwd_micro_10s,345339,20,-0.4364785030197642,0.5650764972464118,0.9788560609927754,0.14723240885890915,6.648373605914443,0.9757575757575757,0.18219488676344114,10
ofi_1s,fwd_mid_30s,345339,20,-0.8175698241326482,1.1434942476975747,1.9818351961966993,0.22150089181253224,8.947301204881965,0.9757575757575757,0.18219488676344114,10
ofi_1s,fwd_micro_30s,345339,20,-0.492378964195103,0.8561852267857314,1.2445322031242012,0.1946994706423453,6.392067728886404,0.9757575757575757,0.18219488676344114,10
ofi_1s,fwd_mid_60s,345339,20,-0.8007964540538126,1.3182374358373428,2.2176884108355983,0.24995812772098755,8.872239646918237,0.9030303030303028,0.18219488676344114,10
ofi_1s,fwd_micro_60s,345339,20,-0.4712241358487191,1.0152640435666753,1.451113333735023,0.20349150475697517,7.131075744257981,0.8181818181818182,0.18219488676344114,10
ofi_2s,fwd_mid_100ms,345339,20,-0.04067617866749952,0.037208512358727304,0.07563190838741632,0.008243582314445573,9.174641011940086,0.9999999999999999,0.1624693417192961,10
ofi_2s,fwd_micro_100ms,345339,20,-0.006715679100654609,0.004251278770181414,-0.004338733151329764,0.014430622129177726,-0.3006615454615185,0.8303030303030302,0.1624693417192961,10
ofi_2s,fwd_mid_300ms,345339,20,-0.10977147367281083,0.10495893987926312,0.21835905397264574,0.022808251173836832,9.57368683413675,0.9999999999999999,0.1624693417192961,10
ofi_2s,fwd_micro_300ms,345339,20,-0.030628832121532643,0.02322455246911225,0.025390547395940148,0.02311980748105521,1.098216212083324,0.8909090909090909,0.1624693417192961,10
ofi_2s,fwd_mid_500ms,345339,20,-0.1669240406209373,0.1563381007807711,0.3201768532648993,0.026461379056889448,12.099779553308599,0.9999999999999999,0.1624693417192961,10
ofi_2s,fwd_micro_500ms,345339,20,-0.05993308908948605,0.0377119857982462,0.07514378779705312,0.034703351157739856,2.1653179099475492,0.9272727272727272,0.1624693417192961,10
ofi_2s,fwd_mid_1s,345339,20,-0.27202124538121175,0.2700784888664741,0.500835187251558,0.049846269632459424,10.047596158036644,0.9999999999999999,0.1624693417192961,10
ofi_2s,fwd_micro_1s,345339,20,-0.12593168902349294,0.12330141556823171,0.19666824041381364,0.0442304445414179,4.446445032440296,0.9757575757575757,0.1624693417192961,10
ofi_2s,fwd_mid_3s,345339,20,-0.4697743816349301,0.49727878672101306,1.0505614714980183,0.12888334483465952,8.151258588499168,0.9999999999999999,0.1624693417192961,10
ofi_2s,fwd_micro_3s,345339,20,-0.27416256633717556,0.3091398912470219,0.643785296085196,0.1206350350095265,5.336636210486916,0.9878787878787878,0.1624693417192961,10
ofi_2s,fwd_mid_5s,345339,20,-0.5836226431361842,0.5896610222128196,1.2149706873283432,0.1496786050605553,8.117196755253056,0.9999999999999999,0.1624693417192961,10
ofi_2s,fwd_micro_5s,345339,20,-0.3567376042588824,0.38282850658194806,0.7369900060631915,0.15391862579582213,4.788179482844603,0.9878787878787878,0.1624693417192961,10
ofi_2s,fwd_mid_10s,345339,20,-0.7331615626349621,0.7947247245072712,1.640587924167192,0.21708692304187202,7.557285815188201,0.9878787878787878,0.1624693417192961,10
ofi_2s,fwd_micro_10s,345339,20,-0.48609880453341714,0.5693177698195074,1.1010540666335344,0.21516986459066761,5.117138818338456,0.9878787878787878,0.1624693417192961,10
ofi_2s,fwd_mid_30s,345339,20,-0.8551056276837525,1.1383625658112997,2.091566696469002,0.2895819247142861,7.222711495313911,0.9878787878787878,0.1624693417192961,10
ofi_2s,fwd_micro_30s,345339,20,-0.5848540117296567,0.8953787322476385,1.4708356875982245,0.2789534109934462,5.272692964606841,0.9878787878787878,0.1624693417192961,10
ofi_2s,fwd_mid_60s,345339,20,-0.8437591501174724,1.3618292856178416,2.560432349418851,0.40190107795525204,6.370802393577883,0.9878787878787878,0.1624693417192961,10
ofi_2s,fwd_micro_60s,345339,20,-0.5598359807678113,1.1047027718660622,1.9131221842354893,0.37089139581446207,5.158173540354994,0.9757575757575757,0.1624693417192961,10
ofi_5s,fwd_mid_100ms,345319,20,-0.029872387834711925,0.026600011133505182,0.056111982017953435,0.007689192622634053,7.297512856262847,0.9878787878787878,0.16704264752301495,10
ofi_5s,fwd_micro_100ms,345319,20,-0.013315954027398125,0.006287425868266434,0.014987468793246528,0.014441161264047757,1.037829889107245,0.7939393939393938,0.16704264752301495,10
ofi_5s,fwd_mid_300ms,345319,20,-0.07762316445411759,0.06992266537605778,0.152281624526229,0.015216587067665181,10.007607083576788,0.9999999999999999,0.16704264752301495,10
ofi_5s,fwd_micro_300ms,345319,20,-0.03056642410690838,0.02135851645081578,0.022358703808734042,0.025386085498011916,0.8807464156096473,0.9878787878787878,0.16704264752301495,10
ofi_5s,fwd_mid_500ms,345319,20,-0.11788067700656987,0.10441007114507206,0.22216502731540455,0.020054540502481323,11.078041268904483,0.9999999999999999,0.16704264752301495,10
ofi_5s,fwd_micro_500ms,345319,20,-0.05846074760222801,0.031009853472205338,0.07921532403779871,0.020727094501181924,3.8218248116387756,0.9515151515151514,0.16704264752301495,10
ofi_5s,fwd_mid_1s,345319,20,-0.1939922164321528,0.19711890485383438,0.3671057847985302,0.033398042193467994,10.99183546963507,0.9999999999999999,0.16704264752301495,10
ofi_5s,fwd_micro_1s,345319,20,-0.10330890042755608,0.10341683520501861,0.19115334160210756,0.026524628924993496,7.206635845600409,0.9878787878787878,0.16704264752301495,10
ofi_5s,fwd_mid_3s,345319,20,-0.3745639500007739,0.3925244936220636,0.7404620008657362,0.07830898450571827,9.455645549990068,0.9999999999999999,0.16704264752301495,10
ofi_5s,fwd_micro_3s,345319,20,-0.23946952674138605,0.263974895058953,0.45027657947160654,0.06803182691584181,6.618616607615394,0.9878787878787878,0.16704264752301495,10
ofi_5s,fwd_mid_5s,345319,20,-0.4969999020807021,0.5035665338851981,0.9190646822124302,0.11145215648482237,8.246270966839381,0.9999999999999999,0.16704264752301495,10
ofi_5s,fwd_micro_5s,345319,20,-0.33237042799173083,0.3559740817740534,0.5630271003842517,0.09887877232559891,5.694114997001116,0.9999999999999999,0.16704264752301495,10
ofi_5s,fwd_mid_10s,345319,20,-0.6458315454606673,0.6851488488989461,1.2923537585188978,0.15146671797456646,8.532262240843586,0.9999999999999999,0.16704264752301495,10
ofi_5s,fwd_micro_10s,345319,20,-0.46103266830478506,0.5208101063362333,0.8920405079614104,0.13041681529439422,6.83991942256662,0.9999999999999999,0.16704264752301495,10
ofi_5s,fwd_mid_30s,345319,20,-0.8194236643987362,1.1239387814410882,1.8428595015786953,0.2290166734083457,8.046835517049034,0.9999999999999999,0.16704264752301495,10
ofi_5s,fwd_micro_30s,345319,20,-0.5989668629557879,0.9274741733413554,1.337081822450594,0.20557109532250958,6.504230667025038,0.9999999999999999,0.16704264752301495,10
ofi_5s,fwd_mid_60s,345319,20,-0.8274852786449407,1.3839799224956655,2.217189481277715,0.3028086158575329,7.3220818866028266,0.9999999999999999,0.16704264752301495,10
ofi_5s,fwd_micro_60s,345319,20,-0.5894302949466934,1.1710577654131145,1.6819505241123323,0.26287644727363907,6.3982549275763745,0.9878787878787878,0.16704264752301495,10
ofi_10s,fwd_mid_100ms,345299,20,-0.024687746766510237,0.0184150415313579,0.04362632938897803,0.008472183515952187,5.149360764770317,0.9999999999999999,0.15205372734934072,10
ofi_10s,fwd_micro_100ms,345299,20,-0.014250093630754026,0.007295498978199086,0.011892949430646388,0.012470673467071775,0.9536733891757458,0.6606060606060605,0.15205372734934072,10
ofi_10s,fwd_mid_300ms,345299,20,-0.06169527254229927,0.0552749390109181,0.113817546011534,0.01641959758598205,6.9318109299282575,0.9999999999999999,0.15205372734934072,10
ofi_10s,fwd_micro_300ms,345299,20,-0.0268792961378675,0.019964022939338313,0.03070038191715325,0.02816852371464342,1.0898825308758955,0.8909090909090909,0.15205372734934072,10
ofi_10s,fwd_mid_500ms,345299,20,-0.0974282194843506,0.08062820086287478,0.18325367108002424,0.02066536750995275,8.867670560021086,0.9999999999999999,0.15205372734934072,10
ofi_10s,fwd_micro_500ms,345299,20,-0.05394142316867395,0.029098413042328804,0.07544253086541355,0.03207091725978895,2.352365860143472,0.8787878787878788,0.15205372734934072,10
ofi_10s,fwd_mid_1s,345299,20,-0.15438148514639355,0.15113506891097436,0.300922093938456,0.03983144880068707,7.554886979990174,0.9999999999999999,0.15205372734934072,10
ofi_10s,fwd_micro_1s,345299,20,-0.09131775761287644,0.08102852705662321,0.1496335552436932,0.051233592567257645,2.920614146807284,0.9636363636363635,0.15205372734934072,10
ofi_10s,fwd_mid_3s,345299,20,-0.310820566062272,0.3142036493128256,0.657192050553818,0.07443883970786619,8.828617602490256,0.9999999999999999,0.15205372734934072,10
ofi_10s,fwd_micro_3s,345299,20,-0.21796465784506275,0.21165333517086712,0.4107209505567875,0.06856026356124398,5.990655945916775,0.9878787878787878,0.15205372734934072,10
ofi_10s,fwd_mid_5s,345299,20,-0.4272335960314098,0.41949931724106243,0.8792195689788471,0.1026754829328445,8.563091634581411,0.9999999999999999,0.15205372734934072,10
ofi_10s,fwd_micro_5s,345299,20,-0.30959699093997506,0.30794602090559575,0.5904730980201383,0.10001191009346135,5.904027804971826,0.9999999999999999,0.15205372734934072,10
ofi_10s,fwd_mid_10s,345299,20,-0.586456039646585,0.6203952977721566,1.2690733730430828,0.16587211550096098,7.650914496449708,0.9999999999999999,0.15205372734934072,10
ofi_10s,fwd_micro_10s,345299,20,-0.45154501021982163,0.4902503307567112,0.9224146050433676,0.1593765236648062,5.787644151301418,0.9878787878787878,0.15205372734934072,10
ofi_10s,fwd_mid_30s,345299,20,-0.7518216804708915,1.1188811959460363,1.908952367185623,0.2350193175011692,8.122533872885263,0.9999999999999999,0.15205372734934072,10
ofi_10s,fwd_micro_30s,345299,20,-0.5725158987483854,0.9573301858571617,1.4652734125030342,0.2035232215675238,7.199539203524714,0.9757575757575757,0.15205372734934072,10
ofi_10s,fwd_mid_60s,345299,20,-0.8366601850571997,1.4145571054433845,2.3187391800374537,0.2866782792896129,8.088297396591313,0.9878787878787878,0.15205372734934072,10
ofi_10s,fwd_micro_60s,345299,20,-0.6403063455069441,1.2236026298074543,1.7874595513702942,0.24191723960924028,7.388723326446307,0.9878787878787878,0.15205372734934072,10
ofi_dollar,fwd_mid_100ms,345339,20,-0.04920939681732398,0.044221909271299785,0.08598701116251668,0.011145451738708003,7.714986631173051,0.9999999999999999,0.1807412426630065,10
ofi_dollar,fwd_micro_100ms,345339,20,0.0020340112777637383,-0.009009585921632701,-0.03339503762189382,0.01955462319274802,-1.7077822105147298,0.28484848484848485,0.1807412426630065,10
ofi_dollar,fwd_mid_300ms,345339,20,-0.13383455425684695,0.1278175308560595,0.2577700286566224,0.030157073647095398,8.54758096468852,0.9999999999999999,0.1807412426630065,10
ofi_dollar,fwd_micro_300ms,345339,20,-0.018697063202688786,0.011681653038755022,-0.016076351793352907,0.035445744680954065,-0.4535481462741325,0.6727272727272726,0.1807412426630065,10
ofi_dollar,fwd_mid_500ms,345339,20,-0.20299414758214585,0.19141621145679946,0.3708621167796583,0.04510770825534477,8.221701592115693,0.9999999999999999,0.1807412426630065,10
ofi_dollar,fwd_micro_500ms,345339,20,-0.04148062118754139,0.0330384626177497,0.001914754410140921,0.048901208292588726,0.03915556439187442,0.7212121212121211,0.1807412426630065,10
ofi_dollar,fwd_mid_1s,345339,20,-0.3217647488922338,0.31387725012025497,0.5971006922616457,0.07128944963858161,8.375723129983275,0.9999999999999999,0.1807412426630065,10
ofi_dollar,fwd_micro_1s,345339,20,-0.11227915214594941,0.12092560599402352,0.17953036786301477,0.06569948339976725,2.732599383934437,0.9151515151515152,0.1807412426630065,10
ofi_dollar,fwd_mid_3s,345339,20,-0.5315730500426707,0.5461063746256534,1.1483777220533706,0.14980922732879062,7.665600727871007,0.9999999999999999,0.1807412426630065,10
ofi_dollar,fwd_micro_3s,345339,20,-0.27265444900786157,0.31706198804864594,0.605115831424164,0.12898699758213628,4.691293252553139,0.9757575757575757,0.1807412426630065,10
ofi_dollar,fwd_mid_5s,345339,20,-0.6163934658046706,0.6446436537678949,1.2921561537809823,0.15943087903149097,8.10480480086768,0.9999999999999999,0.1807412426630065,10
ofi_dollar,fwd_micro_5s,345339,20,-0.32967089823118156,0.39399248005862125,0.6917440309816882,0.1338314575659475,5.168770060214137,0.9757575757575757,0.1807412426630065,10
ofi_dollar,fwd_mid_10s,345339,20,-0.747651129117581,0.846225621886758,1.6334996113102396,0.18485985023409676,8.836421804094625,0.9999999999999999,0.1807412426630065,10
ofi_dollar,fwd_micro_10s,345339,20,-0.43790896835134885,0.5749075306011879,0.9902084746492694,0.15111133410646774,6.552840529828182,0.9757575757575757,0.1807412426630065,10
ofi_dollar,fwd_mid_30s,345339,20,-0.8226138354214537,1.1553122222586283,1.9928217271015378,0.22590814152158134,8.821380733244448,0.9878787878787878,0.1807412426630065,10
ofi_dollar,fwd_micro_30s,345339,20,-0.49856565734280456,0.8683956179096285,1.257129790214892,0.19764549581574695,6.360528404790154,0.9757575757575757,0.1807412426630065,10
ofi_dollar,fwd_mid_60s,345339,20,-0.8175488784234094,1.3192395501349512,2.2209982640751305,0.2482769639336117,8.94564775115027,0.9030303030303028,0.1807412426630065,10
ofi_dollar,fwd_micro_60s,345339,20,-0.4907303976326949,1.0150549880522794,1.4589005771970818,0.201382654619412,7.244420230502082,0.8909090909090909,0.1807412426630065,10
ofi_norm,fwd_mid_100ms,345339,20,-0.05128095782499378,0.04586010969624476,0.08685344921017774,0.011606058973171636,7.4834575122310385,0.9878787878787878,0.17818723051841814,10
ofi_norm,fwd_micro_100ms,345339,20,-0.0074728304018540975,0.004494520620209185,0.009988727049397416,0.01483605599954693,0.6732737494184745,0.11515151515151514,0.17818723051841814,10
ofi_norm,fwd_mid_300ms,345339,20,-0.13271737123027502,0.12642153549413038,0.2332442760619285,0.02856268043482827,8.166049982393076,0.9878787878787878,0.17818723051841814,10
ofi_norm,fwd_micro_300ms,345339,20,-0.05018642065502295,0.03154467546467293,0.07795896883370186,0.032091029023813375,2.4293072302496705,0.33333333333333326,0.17818723051841814,10
ofi_norm,fwd_mid_500ms,345339,20,-0.19878197728246816,0.18987357381458342,0.3578602389009748,0.03804599794960697,9.405989018213456,0.9878787878787878,0.17818723051841814,10
ofi_norm,fwd_micro_500ms,345339,20,-0.08107307480231861,0.048432549813550385,0.1236421875115166,0.0447046720600434,2.765755385599322,0.43030303030303024,0.17818723051841814,10
ofi_norm,fwd_mid_1s,345339,20,-0.31663292723574143,0.3110661086345821,0.5833110908308125,0.06113310739008382,9.541656162000187,0.9878787878787878,0.17818723051841814,10
ofi_norm,fwd_micro_1s,345339,20,-0.13640994425753292,0.12172281621829656,0.22498015254322762,0.06263120449541137,3.5921415587610266,0.6606060606060605,0.17818723051841814,10
ofi_norm,fwd_mid_3s,345339,20,-0.5293130855714269,0.5369320938483416,0.9522230785161779,0.1193940475474029,7.975465260427809,0.9878787878787878,0.17818723051841814,10
ofi_norm,fwd_micro_3s,345339,20,-0.2944048156905205,0.2960390543598191,0.4784409081805114,0.12007949967375442,3.984367935246181,0.8787878787878788,0.17818723051841814,10
ofi_norm,fwd_mid_5s,345339,20,-0.6464943252258321,0.6242892054207272,1.1351116092697322,0.1391765699295299,8.155910221414999,0.9999999999999999,0.17818723051841814,10
ofi_norm,fwd_micro_5s,345339,20,-0.3793691343816596,0.35273866678547217,0.5962009301294405,0.13952163907795048,4.2731789424889435,0.9393939393939393,0.17818723051841814,10
ofi_norm,fwd_mid_10s,345339,20,-0.8001200504710783,0.7791167995918116,1.4301676245656023,0.1631639170525493,8.765219972654839,0.9999999999999999,0.17818723051841814,10
ofi_norm,fwd_micro_10s,345339,20,-0.5093805626862394,0.4771758790646293,0.8337910203318322,0.1619024425415755,5.1499594894482215,0.9515151515151514,0.17818723051841814,10
ofi_norm,fwd_mid_30s,345339,20,-0.9311821502517571,1.0609817438025513,1.7769709468588655,0.21857214018430532,8.129905967706957,0.9272727272727272,0.17818723051841814,10
ofi_norm,fwd_micro_30s,345339,20,-0.6233118503934112,0.7435846380004512,1.1175194493130962,0.22822526597802728,4.89656324651052,0.9515151515151514,0.17818723051841814,10
ofi_norm,fwd_mid_60s,345339,20,-0.8717773150830764,1.241160717489099,1.8879579098226333,0.26175722648035693,7.2126295621653504,0.9393939393939393,0.17818723051841814,10
ofi_norm,fwd_micro_60s,345339,20,-0.5605673090117831,0.9084454669915288,1.2023111622089901,0.26352562980513805,4.562406939689432,0.9272727272727272,0.17818723051841814,10
ofi_per_event,fwd_mid_100ms,238284,20,-0.04927412848476935,0.04617496062466189,0.07893375488856871,0.010302464025834289,7.661638486738292,0.9999999999999999,0.12739839854962987,10
ofi_per_event,fwd_micro_100ms,238284,20,0.004182733122093408,-0.010891361001347489,-0.03807580243995356,0.017557521088133406,-2.1686320209341985,0.09090909090909088,0.12739839854962987,10
ofi_per_event,fwd_mid_300ms,238284,20,-0.1378298380510163,0.13198985110764097,0.22108598650016842,0.028835429355085047,7.667164715242241,0.9999999999999999,0.12739839854962987,10
ofi_per_event,fwd_micro_300ms,238284,20,-0.003977198013307644,-0.002468328757241484,-0.07977560521567664,0.04493914538809365,-1.7751918628344165,0.5757575757575757,0.12739839854962987,10
ofi_per_event,fwd_mid_500ms,238284,20,-0.2083620552464184,0.19648419228572395,0.3405079492394614,0.03635216700085175,9.366923001632426,0.9999999999999999,0.12739839854962987,10
ofi_per_event,fwd_micro_500ms,238284,20,-0.028635092448050004,0.012945547445430623,-0.05740028616205941,0.05171867850172327,-1.1098560099548334,0.5757575757575757,0.12739839854962987,10
ofi_per_event,fwd_mid_1s,238284,20,-0.32882592449222003,0.31753316438716334,0.5555646850185201,0.055642272637093176,9.984579325901946,0.9999999999999999,0.12739839854962987,10
ofi_per_event,fwd_micro_1s,238284,20,-0.08975610778022654,0.0919420589005511,0.08047631665127107,0.0538397978525681,1.4947366049115365,0.7818181818181817,0.12739839854962987,10
ofi_per_event,fwd_mid_3s,238284,20,-0.5632392094478668,0.5585709503283038,0.7590607377215409,0.29235555398527835,2.5963616130233107,0.9999999999999999,0.12739839854962987,10
ofi_per_event,fwd_micro_3s,238284,20,-0.27291244289148403,0.29305895275572935,0.16803631711236114,0.28712391967434975,0.5852397017390422,0.9515151515151514,0.12739839854962987,10
ofi_per_event,fwd_mid_5s,238284,20,-0.6475518141674086,0.6641056103803618,0.9196569305036517,0.30602331067236604,3.0051858745108886,0.9999999999999999,0.12739839854962987,10
ofi_per_event,fwd_micro_5s,238284,20,-0.329277080807446,0.36548352515965393,0.24393343364621697,0.30252043586970684,0.8063370428015553,0.9878787878787878,0.12739839854962987,10
ofi_per_event,fwd_mid_10s,238284,20,-0.7889432643603856,0.8406919893118767,1.2319420330950694,0.31993675585552245,3.850579874140475,0.9999999999999999,0.12739839854962987,10
ofi_per_event,fwd_micro_10s,238284,20,-0.4477886838711738,0.5275715450561373,0.5252984202475549,0.30541234151150914,1.719964614552944,0.9757575757575757,0.12739839854962987,10
ofi_per_event,fwd_mid_30s,238284,20,-0.8957082360886996,1.1602807521379888,1.6107080074934583,0.35976184012930273,4.477150792075531,0.9999999999999999,0.12739839854962987,10
ofi_per_event,fwd_micro_30s,238284,20,-0.5390710707790284,0.8353096856517643,0.8293012594825713,0.34719093081113966,2.3886028864437234,0.9515151515151514,0.12739839854962987,10
ofi_per_event,fwd_mid_60s,238284,20,-0.8778965633456999,1.4234948336382711,1.92476747009039,0.4165640036779161,4.6205803984412555,0.9999999999999999,0.12739839854962987,10
ofi_per_event,fwd_micro_60s,238284,20,-0.5042825623964571,1.0802463147039691,1.104398903158533,0.4092240409936088,2.6987634951187567,0.9515151515151514,0.12739839854962987,10
ofi_per_time,fwd_mid_100ms,345339,20,-0.049001958741264444,0.04363808574424614,0.0849945176756224,0.010710756564252579,7.9354354816814485,0.9999999999999999,0.18219488676344114,10
ofi_per_time,fwd_micro_100ms,345339,20,0.003678257925618864,-0.009766575651278689,-0.0364033103844386,0.01941769152819779,-1.874749649389311,0.22424242424242422,0.18219488676344114,10
ofi_per_time,fwd_mid_300ms,345339,20,-0.13357111860348153,0.12730643714910406,0.2556699520164026,0.02934561647205251,8.712372843143083,0.9999999999999999,0.18219488676344114,10
ofi_per_time,fwd_micro_300ms,345339,20,-0.01843371804493528,0.011464378047668618,-0.02168422962179568,0.03562794028255989,-0.6086298969241917,0.6606060606060605,0.18219488676344114,10
ofi_per_time,fwd_mid_500ms,345339,20,-0.20257166314399325,0.18949905751732224,0.36735301601799997,0.04354826446306758,8.43553745590814,0.9999999999999999,0.18219488676344114,10
ofi_per_time,fwd_micro_500ms,345339,20,-0.04109178988046051,0.03186397428587239,-0.003871786892296756,0.049184609344843935,-0.0787194804202026,0.7333333333333332,0.18219488676344114,10
ofi_per_time,fwd_mid_1s,345339,20,-0.32185662422476874,0.31155937926437816,0.5933326049475336,0.06901220460065682,8.5975025487287,0.9999999999999999,0.18219488676344114,10
ofi_per_time,fwd_micro_1s,345339,20,-0.111423403911891,0.11865715013442214,0.17328902616284445,0.06564025100732818,2.639981162526301,0.9151515151515152,0.18219488676344114,10
ofi_per_time,fwd_mid_3s,345339,20,-0.533328357923197,0.5389608321417458,1.1362981001637735,0.14299801812325072,7.946250689882936,0.9999999999999999,0.18219488676344114,10
ofi_per_time,fwd_micro_3s,345339,20,-0.2725357315549428,0.31064241083710903,0.5891200143016333,0.12160512570068194,4.844532752276327,0.9515151515151514,0.18219488676344114,10
ofi_per_time,fwd_mid_5s,345339,20,-0.6166507074298141,0.6368719704068595,1.2784716551972717,0.15345128345539233,8.331449737068626,0.9999999999999999,0.18219488676344114,10
ofi_per_time,fwd_micro_5s,345339,20,-0.3283552255006589,0.3862515326687468,0.6763704668195742,0.12957566697138095,5.21988798227805,0.9757575757575757,0.18219488676344114,10
ofi_per_time,fwd_mid_10s,345339,20,-0.7475275113977441,0.8362595894951458,1.6234898869807672,0.18009727738840547,9.014516546407748,0.9999999999999999,0.18219488676344114,10
ofi_per_time,fwd_micro_10s,345339,20,-0.4364785030197642,0.5650764972464118,0.9788560609927754,0.14723240885890915,6.648373605914443,0.9757575757575757,0.18219488676344114,10
ofi_per_time,fwd_mid_30s,345339,20,-0.8175698241326482,1.1434942476975747,1.9818351961966993,0.22150089181253224,8.947301204881965,0.9757575757575757,0.18219488676344114,10
ofi_per_time,fwd_micro_30s,345339,20,-0.492378964195103,0.8561852267857314,1.2445322031242012,0.1946994706423453,6.392067728886404,0.9757575757575757,0.18219488676344114,10
ofi_per_time,fwd_mid_60s,345339,20,-0.8007964540538126,1.3182374358373428,2.2176884108355983,0.24995812772098755,8.872239646918237,0.9030303030303028,0.18219488676344114,10
ofi_per_time,fwd_micro_60s,345339,20,-0.4712241358487191,1.0152640435666753,1.451113333735023,0.20349150475697517,7.131075744257981,0.8181818181818182,0.18219488676344114,10
ofi_cum,fwd_mid_100ms,345339,6,-0.0030582406150610913,0.00018617110999368178,-0.0013775772722324758,0.004425319194636229,-0.31129444264770506,0.2606060606060606,0.31647453661474667,10
ofi_cum,fwd_micro_100ms,345339,6,-0.000022070081360378572,0.0004073416440367741,-0.0016929433451239857,0.004941850046843453,-0.34257278733200996,-0.0303030303030303,0.31647453661474667,10
ofi_cum,fwd_mid_300ms,345339,6,-0.0028704446012912006,0.00044846304960700364,-0.00025103467300525403,0.004936983436085073,-0.05084778514151131,0.6363636363636362,0.31647453661474667,10
ofi_cum,fwd_micro_300ms,345339,6,-0.0050181323665496255,0.001333955769132326,0.02391797672366128,0.010535923687411013,2.2701357216776343,0.33333333333333326,0.31647453661474667,10
ofi_cum,fwd_mid_500ms,345339,6,-0.006287272024326034,0.0015806449845828555,0.0011549696610526083,0.006788348107826464,0.1701400167915687,0.49090909090909085,0.31647453661474667,10
ofi_cum,fwd_micro_500ms,345339,6,-0.00539723529966349,-0.00007034854209976387,0.012075493353361486,0.01382996106377968,0.8731400831624103,0.29696969696969694,0.31647453661474667,10
ofi_cum,fwd_mid_1s,345339,6,-0.008081565494376712,-0.001470117070558028,-0.02714453807790027,0.007951341891501332,-3.4138310801241345,0.41818181818181815,0.31647453661474667,10
ofi_cum,fwd_micro_1s,345339,6,-0.0029160785939791383,-0.002040938370987582,-0.024786919289399637,0.015142566068346418,-1.6369034929432136,0.1515151515151515,0.31647453661474667,10
ofi_cum,fwd_mid_3s,345339,6,0.00001133919996076141,0.008655453350739795,-0.037006726554796365,0.01218642371202515,-3.0367175333218865,0.4424242424242424,0.31647453661474667,10
ofi_cum,fwd_micro_3s,345339,6,0.005076633665911434,0.007086371348317492,-0.024531612331863063,0.02103202521287603,-1.166393254266572,-0.04242424242424241,0.31647453661474667,10
ofi_cum,fwd_mid_5s,345339,6,-0.006975633045061312,0.014648002865464504,-0.0748689261855661,0.019263423687571786,-3.886584617555259,0.309090909090909,0.31647453661474667,10
ofi_cum,fwd_micro_5s,345339,6,-0.00653727479527323,0.014040295529484732,-0.07904415501396019,0.019862270572938573,-3.9796132432942586,0.35757575757575755,0.31647453661474667,10
ofi_cum,fwd_mid_10s,345339,6,-0.013083883141879518,0.027748105572703154,-0.16326033600517784,0.0430431460970402,-3.7929461670183118,0.28484848484848485,0.31647453661474667,10
ofi_cum,fwd_micro_10s,345339,6,-0.012237699258893672,0.026479242575263424,-0.17239773126968694,0.04461102297854889,-3.8644648734592795,0.3939393939393939,0.31647453661474667,10
ofi_cum,fwd_mid_30s,345339,6,-0.03213257564194048,0.0798637780460346,-0.532206466856423,0.13693846916310828,-3.88646426463632,0.309090909090909,0.31647453661474667,10
ofi_cum,fwd_micro_30s,345339,6,-0.031009554340412505,0.07773740632768009,-0.5438967508801238,0.13896633291304944,-3.913874241903162,0.309090909090909,0.31647453661474667,10
ofi_cum,fwd_mid_60s,345339,6,-0.05399298072149268,0.15620172506017063,-1.124148523756922,0.27205890480107986,-4.132004150273489,0.32121212121212117,0.31647453661474667,10
ofi_cum,fwd_micro_60s,345339,6,-0.05266999668985903,0.15309355784656548,-1.139246366608173,0.27682194978605573,-4.115448097553859,0.32121212121212117,0.31647453661474667,10
ofi_ewma,fwd_mid_100ms,345339,20,-0.03126182661321329,0.025657144713727376,0.06098426227356183,0.008907268674012333,6.84657267064238,0.9999999999999999,0.140389588201738,10
ofi_ewma,fwd_micro_100ms,345339,20,-0.011919782104517366,0.0015275420410646287,0.001811257210450635,0.014444464249591433,0.12539455802259103,0.4787878787878787,0.140389588201738,10
ofi_ewma,fwd_mid_300ms,345339,20,-0.07890274337461471,0.07689631522922792,0.15707697355114114,0.017941790345501765,8.754810446802614,0.9999999999999999,0.140389588201738,10
ofi_ewma,fwd_micro_300ms,345339,20,-0.02483612266141859,0.01963714371318214,0.015397932392930653,0.034817271130993276,0.44224983442840476,0.9757575757575757,0.140389588201738,10
ofi_ewma,fwd_mid_500ms,345339,20,-0.12400500461108989,0.11466247606225158,0.24034007049520803,0.022756055543202095,10.56158744378723,0.9999999999999999,0.140389588201738,10
ofi_ewma,fwd_micro_500ms,345339,20,-0.04807130535632753,0.030367551110712904,0.06394924612455945,0.02915684757689111,2.193283960342949,0.9151515151515152,0.140389588201738,10
ofi_ewma,fwd_mid_1s,345339,20,-0.2052416002353285,0.21075557673792608,0.4086753506233703,0.04142791387910801,9.864734000749774,0.9999999999999999,0.140389588201738,10
ofi_ewma,fwd_micro_1s,345339,20,-0.10435291972459533,0.10659410210562381,0.21763383685382007,0.044114486115627,4.933387102898293,0.9999999999999999,0.140389588201738,10
ofi_ewma,fwd_mid_3s,345339,20,-0.38790895672877546,0.4129113026786681,0.8800346011299911,0.0991100487740533,8.879368056172135,0.9999999999999999,0.140389588201738,10
ofi_ewma,fwd_micro_3s,345339,20,-0.2438548118626317,0.26692249367584203,0.5696811633058262,0.07496721802032466,7.5990703450057016,0.9999999999999999,0.140389588201738,10
ofi_ewma,fwd_mid_5s,345339,20,-0.5143174115022182,0.5261567684532418,1.0854626103862566,0.12931265662174057,8.394094118423395,0.9999999999999999,0.140389588201738,10
ofi_ewma,fwd_micro_5s,345339,20,-0.33960548676741,0.36141397769164824,0.6976622140242932,0.11330503422081847,6.15738055084675,0.9878787878787878,0.140389588201738,10
ofi_ewma,fwd_mid_10s,345339,20,-0.700123470762725,0.7463914153869121,1.545790352360196,0.17927189284256406,8.622602951583177,0.9999999999999999,0.140389588201738,10
ofi_ewma,fwd_micro_10s,345339,20,-0.5016987317803336,0.5588424804101626,1.0823786485842675,0.14923507483372528,7.252843540905059,0.9999999999999999,0.140389588201738,10
ofi_ewma,fwd_mid_30s,345339,20,-0.9350124884696464,1.2552220918208896,2.2028277600535433,0.2684392538831916,8.206056782634628,0.9999999999999999,0.140389588201738,10
ofi_ewma,fwd_micro_30s,345339,20,-0.6978636333038425,1.0377452573301764,1.6147451861529358,0.24313248611841143,6.641420946794069,0.9999999999999999,0.140389588201738,10
ofi_ewma,fwd_mid_60s,345339,20,-0.993184921739019,1.5654276723699583,2.6569529899349535,0.3471881053833483,7.6527765460204185,0.9999999999999999,0.140389588201738,10
ofi_ewma,fwd_micro_60s,345339,20,-0.7325645907722876,1.3218558072540414,2.0275961283931263,0.2988325993741114,6.785056692743081,0.9757575757575757,0.140389588201738,10
d_ofi,fwd_mid_100ms,345339,20,-0.022612577051088073,0.016426012028568734,0.03862962537384349,0.005879586997942757,6.5701256546352385,0.9878787878787878,0.15542698623671233,10
d_ofi,fwd_micro_100ms,345339,20,0.013844469261897524,-0.01673162277798666,-0.06590261773434755,0.024946209390438345,-2.6417888466697237,-0.7575757575757575,0.15542698623671233,10
d_ofi,fwd_mid_300ms,345339,20,-0.058487705170980585,0.04845657325839031,0.09407882575284651,0.021398052906052976,4.396606839224795,0.9999999999999999,0.15542698623671233,10
d_ofi,fwd_micro_300ms,345339,20,0.021621071070645537,-0.02897062049577976,-0.09666474515711967,0.036198714837966106,-2.670391631023743,-0.8181818181818182,0.15542698623671233,10
d_ofi,fwd_mid_500ms,345339,20,-0.0923091886655731,0.07306870096207928,0.16002841728598557,0.02146892944761692,7.4539542214457715,0.9878787878787878,0.15542698623671233,10
d_ofi,fwd_micro_500ms,345339,20,0.009749299033813644,-0.035384119149141656,-0.08176930988162615,0.0380632918604777,-2.148245879031019,-0.8060606060606059,0.15542698623671233,10
d_ofi,fwd_mid_1s,345339,20,-0.12561421038292306,0.11583904768671904,0.2293526619973636,0.038385796926710375,5.974935532412272,0.9878787878787878,0.15542698623671233,10
d_ofi,fwd_micro_1s,345339,20,-0.0016301644932078755,-0.0071907750634147794,-0.03778288271389765,0.05670464364834415,-0.6663102046493676,-0.2121212121212121,0.15542698623671233,10
d_ofi,fwd_mid_3s,345339,20,-0.16764657942187947,0.1955697203064785,0.4233052356451205,0.05896077358580804,7.179438292631405,0.9757575757575757,0.15542698623671233,10
d_ofi,fwd_micro_3s,345339,20,-0.0218413490536395,0.06782063060347257,0.1234822197379867,0.056151685494455615,2.1990830488993827,0.7939393939393938,0.15542698623671233,10
d_ofi,fwd_mid_5s,345339,20,-0.17469179576557026,0.1792887904487926,0.41424344051935513,0.06286842568021858,6.589053822127058,0.9636363636363635,0.15542698623671233,10
d_ofi,fwd_micro_5s,345339,20,-0.016795973307694965,0.04410166739048917,0.0668638788531682,0.08045096556367544,0.8311134413948915,0.6969696969696969,0.15542698623671233,10
d_ofi,fwd_mid_10s,345339,20,-0.17984677128947682,0.21245457478024507,0.4424797168838537,0.06986813713472899,6.333068763957535,0.9757575757575757,0.15542698623671233,10
d_ofi,fwd_micro_10s,345339,20,-0.018687776503403326,0.07688804396797463,0.11660771801846984,0.08896473252204351,1.3107184691369358,0.8303030303030302,0.15542698623671233,10
d_ofi,fwd_mid_30s,345339,20,-0.15112896618316965,0.3218228285158869,0.45260466367255503,0.14307571289647583,3.16339268566177,0.9878787878787878,0.15542698623671233,10
d_ofi,fwd_micro_30s,345339,20,0.006845940769274711,0.1900352435203579,0.13948210693949759,0.14907553493932268,0.9356472005703025,0.6848484848484848,0.15542698623671233,10
d_ofi,fwd_mid_60s,345339,20,-0.04816895381906667,0.423658631147537,0.2111131525783522,0.29545572593307806,0.7145339692153071,0.6363636363636362,0.15542698623671233,10
d_ofi,fwd_micro_60s,345339,20,0.11229406358318728,0.2954194400383418,-0.09083897995362722,0.282861292714572,-0.32114319736667,0.2727272727272727,0.15542698623671233,10
ofi_vel,fwd_mid_100ms,345339,20,-0.022612577051088073,0.016426012028568734,0.03862962537384349,0.005879586997942757,6.5701256546352385,0.9878787878787878,0.15542698623671233,10
ofi_vel,fwd_micro_100ms,345339,20,0.013844469261897524,-0.01673162277798666,-0.06590261773434755,0.024946209390438345,-2.6417888466697237,-0.7575757575757575,0.15542698623671233,10
ofi_vel,fwd_mid_300ms,345339,20,-0.058487705170980585,0.04845657325839031,0.09407882575284651,0.021398052906052976,4.396606839224795,0.9999999999999999,0.15542698623671233,10
ofi_vel,fwd_micro_300ms,345339,20,0.021621071070645537,-0.02897062049577976,-0.09666474515711967,0.036198714837966106,-2.670391631023743,-0.8181818181818182,0.15542698623671233,10
ofi_vel,fwd_mid_500ms,345339,20,-0.0923091886655731,0.07306870096207928,0.16002841728598557,0.02146892944761692,7.4539542214457715,0.9878787878787878,0.15542698623671233,10
ofi_vel,fwd_micro_500ms,345339,20,0.009749299033813644,-0.035384119149141656,-0.08176930988162615,0.0380632918604777,-2.148245879031019,-0.8060606060606059,0.15542698623671233,10
ofi_vel,fwd_mid_1s,345339,20,-0.12561421038292306,0.11583904768671904,0.2293526619973636,0.038385796926710375,5.974935532412272,0.9878787878787878,0.15542698623671233,10
ofi_vel,fwd_micro_1s,345339,20,-0.0016301644932078755,-0.0071907750634147794,-0.03778288271389765,0.05670464364834415,-0.6663102046493676,-0.2121212121212121,0.15542698623671233,10
ofi_vel,fwd_mid_3s,345339,20,-0.16764657942187947,0.1955697203064785,0.4233052356451205,0.05896077358580804,7.179438292631405,0.9757575757575757,0.15542698623671233,10
ofi_vel,fwd_micro_3s,345339,20,-0.0218413490536395,0.06782063060347257,0.1234822197379867,0.056151685494455615,2.1990830488993827,0.7939393939393938,0.15542698623671233,10
ofi_vel,fwd_mid_5s,345339,20,-0.17469179576557026,0.1792887904487926,0.41424344051935513,0.06286842568021858,6.589053822127058,0.9636363636363635,0.15542698623671233,10
ofi_vel,fwd_micro_5s,345339,20,-0.016795973307694965,0.04410166739048917,0.0668638788531682,0.08045096556367544,0.8311134413948915,0.6969696969696969,0.15542698623671233,10
ofi_vel,fwd_mid_10s,345339,20,-0.17984677128947682,0.21245457478024507,0.4424797168838537,0.06986813713472899,6.333068763957535,0.9757575757575757,0.15542698623671233,10
ofi_vel,fwd_micro_10s,345339,20,-0.018687776503403326,0.07688804396797463,0.11660771801846984,0.08896473252204351,1.3107184691369358,0.8303030303030302,0.15542698623671233,10
ofi_vel,fwd_mid_30s,345339,20,-0.15112896618316965,0.3218228285158869,0.45260466367255503,0.14307571289647583,3.16339268566177,0.9878787878787878,0.15542698623671233,10
ofi_vel,fwd_micro_30s,345339,20,0.006845940769274711,0.1900352435203579,0.13948210693949759,0.14907553493932268,0.9356472005703025,0.6848484848484848,0.15542698623671233,10
ofi_vel,fwd_mid_60s,345339,20,-0.04816895381906667,0.423658631147537,0.2111131525783522,0.29545572593307806,0.7145339692153071,0.6363636363636362,0.15542698623671233,10
ofi_vel,fwd_micro_60s,345339,20,0.11229406358318728,0.2954194400383418,-0.09083897995362722,0.282861292714572,-0.32114319736667,0.2727272727272727,0.15542698623671233,10
ofi_acc,fwd_mid_100ms,345338,20,-0.015689038823632064,0.007751572669429136,0.020275820988843795,0.004759187633437426,4.260353352405891,0.9636363636363635,0.17479686567942132,10
ofi_acc,fwd_micro_100ms,345338,20,0.007366450711693571,-0.01413287094047524,-0.026800547510235112,0.006951160012382588,-3.855550363175847,-0.7212121212121211,0.17479686567942132,10
ofi_acc,fwd_mid_300ms,345338,20,-0.02920068737488394,0.019074080946122413,0.03565063692050713,0.016636017411983922,2.1429790578859236,0.9878787878787878,0.17479686567942132,10
ofi_acc,fwd_micro_300ms,345338,20,0.017315611163305343,-0.03413448565224472,-0.064990696501908,0.020345597056953185,-3.194337149211219,-0.7333333333333332,0.17479686567942132,10
ofi_acc,fwd_mid_500ms,345338,20,-0.048531551200585006,0.02867562474291868,0.06692160985489895,0.00995180856708868,6.724567640520473,0.9878787878787878,0.17479686567942132,10
ofi_acc,fwd_micro_500ms,345338,20,0.008111252599512982,-0.043888519912436204,-0.06015634065397764,0.02242060168296567,-2.6830832421273585,-0.5393939393939393,0.17479686567942132,10
ofi_acc,fwd_mid_1s,345338,20,-0.061165022810027565,0.055471207401887296,0.10058159208552034,0.01943209857351096,5.1760540275680285,0.9757575757575757,0.17479686567942132,10
ofi_acc,fwd_micro_1s,345338,20,0.011702762769408901,-0.023450574630352307,-0.03444010944553873,0.027874116458347687,-1.2355587843296345,-0.04242424242424241,0.17479686567942132,10
ofi_acc,fwd_mid_3s,345338,20,-0.07500762344983951,0.09625852101833332,0.1911892180907297,0.08215664820149593,2.327130211322916,0.9757575757575757,0.17479686567942132,10
ofi_acc,fwd_micro_3s,345338,20,0.012862676704238298,0.017244241380324432,0.012600075220002654,0.07741927995706889,0.1627511290080422,0.6,0.17479686567942132,10
ofi_acc,fwd_mid_5s,345338,20,-0.07110697966935776,0.08324795443422664,0.14529568555768416,0.08293499715694176,1.7519224758968082,0.9393939393939393,0.17479686567942132,10
ofi_acc,fwd_micro_5s,345338,20,0.028922835332076242,-0.007974900027596803,-0.0615057000292798,0.1025236393761728,-0.5999172522895646,0.38181818181818183,0.17479686567942132,10
ofi_acc,fwd_mid_10s,345338,20,-0.05390720053519416,0.08971646429143146,0.17250752875953584,0.06081041368853569,2.8368089985886398,0.9272727272727272,0.17479686567942132,10
ofi_acc,fwd_micro_10s,345338,20,0.042952556240270494,0.014447491601561866,0.0022655940374412637,0.0713426825244122,0.03175650196032393,0.5151515151515151,0.17479686567942132,10
ofi_acc,fwd_mid_30s,345338,20,0.004791089308600006,0.22870712373744545,0.04932733810808477,0.17151138449200642,0.2876038710443956,0.7575757575757575,0.17479686567942132,10
ofi_acc,fwd_micro_30s,345338,20,0.10317356238774729,0.15331040957499945,-0.13431209790202703,0.16939954154004375,-0.7928716729748496,0.4666666666666666,0.17479686567942132,10
ofi_acc,fwd_mid_60s,345338,20,0.049426046144613975,0.4056903056030001,-0.1410397407723794,0.3937566933222436,-0.35819007819875953,0.49090909090909085,0.17479686567942132,10
ofi_acc,fwd_micro_60s,345338,20,0.15336936462213221,0.32341781144638954,-0.32710568853825583,0.39209824389526976,-0.8342442069840701,0.13939393939393938,0.17479686567942132,10
ofi_sign,fwd_mid_100ms,345339,0,NaN,0.02553011819142457,NaN,NaN,NaN,0.8666666666666667,0.3468852345087001,9
ofi_sign,fwd_micro_100ms,345339,0,NaN,0.0028970684771156374,NaN,NaN,NaN,0.5166666666666667,0.3468852345087001,9
ofi_sign,fwd_mid_300ms,345339,0,NaN,0.07066498597263464,NaN,NaN,NaN,0.8333333333333333,0.3468852345087001,9
ofi_sign,fwd_micro_300ms,345339,0,NaN,0.018138935909831393,NaN,NaN,NaN,0.7999999999999999,0.3468852345087001,9
ofi_sign,fwd_mid_500ms,345339,0,NaN,0.1070332765111565,NaN,NaN,NaN,0.8833333333333333,0.3468852345087001,9
ofi_sign,fwd_micro_500ms,345339,0,NaN,0.03886199660041412,NaN,NaN,NaN,0.8499999999999999,0.3468852345087001,9
ofi_sign,fwd_mid_1s,345339,0,NaN,0.1769229808686129,NaN,NaN,NaN,0.8333333333333333,0.3468852345087001,9
ofi_sign,fwd_micro_1s,345339,0,NaN,0.09807327717914914,NaN,NaN,NaN,0.8333333333333333,0.3468852345087001,9
ofi_sign,fwd_mid_3s,345339,0,NaN,0.31990438479938693,NaN,NaN,NaN,0.8499999999999999,0.3468852345087001,9
ofi_sign,fwd_micro_3s,345339,0,NaN,0.22675781828351388,NaN,NaN,NaN,0.7666666666666667,0.3468852345087001,9
ofi_sign,fwd_mid_5s,345339,0,NaN,0.3803284561257699,NaN,NaN,NaN,0.8333333333333333,0.3468852345087001,9
ofi_sign,fwd_micro_5s,345339,0,NaN,0.27542140405285026,NaN,NaN,NaN,0.8499999999999999,0.3468852345087001,9
ofi_sign,fwd_mid_10s,345339,0,NaN,0.4856599954678716,NaN,NaN,NaN,0.8333333333333333,0.3468852345087001,9
ofi_sign,fwd_micro_10s,345339,0,NaN,0.3727460665567212,NaN,NaN,NaN,0.8333333333333333,0.3468852345087001,9
ofi_sign,fwd_mid_30s,345339,0,NaN,0.6200834978688782,NaN,NaN,NaN,0.9,0.3468852345087001,9
ofi_sign,fwd_micro_30s,345339,0,NaN,0.4923335689595516,NaN,NaN,NaN,0.8666666666666667,0.3468852345087001,9
ofi_sign,fwd_mid_60s,345339,0,NaN,0.7223031869447816,NaN,NaN,NaN,0.8666666666666667,0.3468852345087001,9
ofi_sign,fwd_micro_60s,345339,0,NaN,0.5865245705094912,NaN,NaN,NaN,0.7833333333333333,0.3468852345087001,9
ofi_persist,fwd_mid_100ms,345339,0,NaN,0.0018524634558320689,NaN,NaN,NaN,0.6190476190476191,0.26451399928765645,8
ofi_persist,fwd_micro_100ms,345339,0,NaN,0.0015061740580748302,NaN,NaN,NaN,0.07142857142857144,0.26451399928765645,8
ofi_persist,fwd_mid_300ms,345339,0,NaN,0.0010761666438163621,NaN,NaN,NaN,-0.14285714285714288,0.26451399928765645,8
ofi_persist,fwd_micro_300ms,345339,0,NaN,-0.0003352401460121876,NaN,NaN,NaN,-0.523809523809524,0.26451399928765645,8
ofi_persist,fwd_mid_500ms,345339,0,NaN,0.0013383532470775314,NaN,NaN,NaN,0.0,0.26451399928765645,8
ofi_persist,fwd_micro_500ms,345339,0,NaN,-0.0020417838317562066,NaN,NaN,NaN,-0.7142857142857144,0.26451399928765645,8
ofi_persist,fwd_mid_1s,345339,0,NaN,-0.0068469927810756665,NaN,NaN,NaN,-0.523809523809524,0.26451399928765645,8
ofi_persist,fwd_micro_1s,345339,0,NaN,-0.008162433740774303,NaN,NaN,NaN,-0.38095238095238104,0.26451399928765645,8
ofi_persist,fwd_mid_3s,345339,0,NaN,-0.00440025142165678,NaN,NaN,NaN,0.04761904761904763,0.26451399928765645,8
ofi_persist,fwd_micro_3s,345339,0,NaN,-0.0028295490277405536,NaN,NaN,NaN,0.07142857142857144,0.26451399928765645,8
ofi_persist,fwd_mid_5s,345339,0,NaN,0.012119463918697367,NaN,NaN,NaN,0.4047619047619048,0.26451399928765645,8
ofi_persist,fwd_micro_5s,345339,0,NaN,-0.017142657405256775,NaN,NaN,NaN,0.0,0.26451399928765645,8
ofi_persist,fwd_mid_10s,345339,0,NaN,0.007966398664795857,NaN,NaN,NaN,0.3571428571428572,0.26451399928765645,8
ofi_persist,fwd_micro_10s,345339,0,NaN,-0.02876376381104914,NaN,NaN,NaN,0.04761904761904763,0.26451399928765645,8
ofi_persist,fwd_mid_30s,345339,0,NaN,-0.036308188413775554,NaN,NaN,NaN,0.4761904761904762,0.26451399928765645,8
ofi_persist,fwd_micro_30s,345339,0,NaN,-0.04124984396852509,NaN,NaN,NaN,0.4761904761904762,0.26451399928765645,8
ofi_persist,fwd_mid_60s,345339,0,NaN,-0.11562790657289715,NaN,NaN,NaN,0.2380952380952381,0.26451399928765645,8
ofi_persist,fwd_micro_60s,345339,0,NaN,-0.11128979805063133,NaN,NaN,NaN,0.2380952380952381,0.26451399928765645,8
ofi_streak,fwd_mid_100ms,345339,0,NaN,0.0018524634558320689,NaN,NaN,NaN,0.6190476190476191,0.26451399928765645,8
ofi_streak,fwd_micro_100ms,345339,0,NaN,0.0015061740580748302,NaN,NaN,NaN,0.07142857142857144,0.26451399928765645,8
ofi_streak,fwd_mid_300ms,345339,0,NaN,0.0010761666438163621,NaN,NaN,NaN,-0.14285714285714288,0.26451399928765645,8
ofi_streak,fwd_micro_300ms,345339,0,NaN,-0.0003352401460121876,NaN,NaN,NaN,-0.523809523809524,0.26451399928765645,8
ofi_streak,fwd_mid_500ms,345339,0,NaN,0.0013383532470775314,NaN,NaN,NaN,0.0,0.26451399928765645,8
ofi_streak,fwd_micro_500ms,345339,0,NaN,-0.0020417838317562066,NaN,NaN,NaN,-0.7142857142857144,0.26451399928765645,8
ofi_streak,fwd_mid_1s,345339,0,NaN,-0.0068469927810756665,NaN,NaN,NaN,-0.523809523809524,0.26451399928765645,8
ofi_streak,fwd_micro_1s,345339,0,NaN,-0.008162433740774303,NaN,NaN,NaN,-0.38095238095238104,0.26451399928765645,8
ofi_streak,fwd_mid_3s,345339,0,NaN,-0.00440025142165678,NaN,NaN,NaN,0.04761904761904763,0.26451399928765645,8
ofi_streak,fwd_micro_3s,345339,0,NaN,-0.0028295490277405536,NaN,NaN,NaN,0.07142857142857144,0.26451399928765645,8
ofi_streak,fwd_mid_5s,345339,0,NaN,0.012119463918697367,NaN,NaN,NaN,0.4047619047619048,0.26451399928765645,8
ofi_streak,fwd_micro_5s,345339,0,NaN,-0.017142657405256775,NaN,NaN,NaN,0.0,0.26451399928765645,8
ofi_streak,fwd_mid_10s,345339,0,NaN,0.007966398664795857,NaN,NaN,NaN,0.3571428571428572,0.26451399928765645,8
ofi_streak,fwd_micro_10s,345339,0,NaN,-0.02876376381104914,NaN,NaN,NaN,0.04761904761904763,0.26451399928765645,8
ofi_streak,fwd_mid_30s,345339,0,NaN,-0.036308188413775554,NaN,NaN,NaN,0.4761904761904762,0.26451399928765645,8
ofi_streak,fwd_micro_30s,345339,0,NaN,-0.04124984396852509,NaN,NaN,NaN,0.4761904761904762,0.26451399928765645,8
ofi_streak,fwd_mid_60s,345339,0,NaN,-0.11562790657289715,NaN,NaN,NaN,0.2380952380952381,0.26451399928765645,8
ofi_streak,fwd_micro_60s,345339,0,NaN,-0.11128979805063133,NaN,NaN,NaN,0.2380952380952381,0.26451399928765645,8
ofi_reversal,fwd_mid_100ms,345339,0,NaN,-0.0026258115445128125,NaN,NaN,NaN,0.3,0.4268588256756405,5
ofi_reversal,fwd_micro_100ms,345339,0,NaN,-0.0015280443789823619,NaN,NaN,NaN,-0.6,0.4268588256756405,5
ofi_reversal,fwd_mid_300ms,345339,0,NaN,-0.002625166501016966,NaN,NaN,NaN,0.3,0.4268588256756405,5
ofi_reversal,fwd_micro_300ms,345339,0,NaN,-0.0030752896411683885,NaN,NaN,NaN,0.3,0.4268588256756405,5
ofi_reversal,fwd_mid_500ms,345339,0,NaN,-0.003158541920125674,NaN,NaN,NaN,0.49999999999999994,0.4268588256756405,5
ofi_reversal,fwd_micro_500ms,345339,0,NaN,0.0015166907010777657,NaN,NaN,NaN,0.8999999999999998,0.4268588256756405,5
ofi_reversal,fwd_mid_1s,345339,0,NaN,0.00015544921100380107,NaN,NaN,NaN,0.6,0.4268588256756405,5
ofi_reversal,fwd_micro_1s,345339,0,NaN,0.009436049758423798,NaN,NaN,NaN,0.7,0.4268588256756405,5
ofi_reversal,fwd_mid_3s,345339,0,NaN,0.0022974384264517846,NaN,NaN,NaN,0.0,0.4268588256756405,5
ofi_reversal,fwd_micro_3s,345339,0,NaN,0.016452933853405925,NaN,NaN,NaN,0.7,0.4268588256756405,5
ofi_reversal,fwd_mid_5s,345339,0,NaN,0.008914366921908633,NaN,NaN,NaN,0.3,0.4268588256756405,5
ofi_reversal,fwd_micro_5s,345339,0,NaN,0.020041005803608153,NaN,NaN,NaN,0.6,0.4268588256756405,5
ofi_reversal,fwd_mid_10s,345339,0,NaN,0.009402911114210545,NaN,NaN,NaN,0.3,0.4268588256756405,5
ofi_reversal,fwd_micro_10s,345339,0,NaN,0.024181010993025342,NaN,NaN,NaN,0.6,0.4268588256756405,5
ofi_reversal,fwd_mid_30s,345339,0,NaN,0.02620147211411667,NaN,NaN,NaN,-0.49999999999999994,0.4268588256756405,5
ofi_reversal,fwd_micro_30s,345339,0,NaN,0.023474519574731467,NaN,NaN,NaN,-0.49999999999999994,0.4268588256756405,5
ofi_reversal,fwd_mid_60s,345339,0,NaN,0.09892717054242071,NaN,NaN,NaN,-0.49999999999999994,0.4268588256756405,5
ofi_reversal,fwd_micro_60s,345339,0,NaN,0.09835159760758479,NaN,NaN,NaN,-0.49999999999999994,0.4268588256756405,5
ofi_z,fwd_mid_100ms,345339,20,-0.043735679016590465,0.0430613712849476,0.08207808899762808,0.010206870730061898,8.041454738511256,0.9878787878787878,0.10744514810085162,10
ofi_z,fwd_micro_100ms,345339,20,0.009622146647191182,-0.010294353271571518,-0.020593425322287497,0.012623797946316065,-1.6313177230705889,-0.23636363636363633,0.10744514810085162,10
ofi_z,fwd_mid_300ms,345339,20,-0.12296521586042243,0.11701121250126438,0.2266627796452793,0.027548791015664313,8.227685182859686,0.9999999999999999,0.10744514810085162,10
ofi_z,fwd_micro_300ms,345339,20,0.008441217434427557,-0.008657463630868353,-0.029265411027466763,0.03147090178513152,-0.9299196834992907,0.2727272727272727,0.10744514810085162,10
ofi_z,fwd_mid_500ms,345339,20,-0.1865867220300135,0.17801995375650487,0.3422611291706622,0.038350340701141225,8.924591618047275,0.9999999999999999,0.10744514810085162,10
ofi_z,fwd_micro_500ms,345339,20,-0.01265164370184764,0.006415226772506689,0.0018940195044251404,0.03604410129944816,0.052547280585246214,0.9030303030303028,0.10744514810085162,10
ofi_z,fwd_mid_1s,345339,20,-0.29863229026385507,0.29648148130580376,0.5594319542866064,0.0626293603065938,8.93242325241677,0.9999999999999999,0.10744514810085162,10
ofi_z,fwd_micro_1s,345339,20,-0.06749109696063921,0.08589911337644561,0.1316338763306653,0.04530545489730297,2.9054752154911365,0.9878787878787878,0.10744514810085162,10
ofi_z,fwd_mid_3s,345339,20,-0.518124434777034,0.5324198754423882,0.9894035104123274,0.10997894302989186,8.996299502018411,0.9999999999999999,0.10744514810085162,10
ofi_z,fwd_micro_3s,345339,20,-0.22252842928770292,0.284710268482631,0.4562895736465652,0.08180863576747033,5.577523318485653,0.9878787878787878,0.10744514810085162,10
ofi_z,fwd_mid_5s,345339,20,-0.6043461540064001,0.6399829129275295,1.1797111241622882,0.12611307513441877,9.354391865434113,0.9999999999999999,0.10744514810085162,10
ofi_z,fwd_micro_5s,345339,20,-0.2826494896838311,0.36859319363553955,0.5955802258079045,0.09409519059365891,6.329550129505139,0.9999999999999999,0.10744514810085162,10
ofi_z,fwd_mid_10s,345339,20,-0.706857421350365,0.7994793019537401,1.427599004487484,0.15916903487452824,8.96907495614866,0.9878787878787878,0.10744514810085162,10
ofi_z,fwd_micro_10s,345339,20,-0.36551369041025755,0.5052862130280785,0.8003246503887631,0.11868159669122422,6.743460424373801,0.9878787878787878,0.10744514810085162,10
ofi_z,fwd_mid_30s,345339,20,-0.7946963081078231,1.1238512284714852,1.802888274292957,0.2309609708780067,7.806030029399384,0.9151515151515152,0.10744514810085162,10
ofi_z,fwd_micro_30s,345339,20,-0.4286092580677921,0.8003010097563225,1.1129091169860519,0.19739006755582064,5.638121161650286,0.8787878787878788,0.10744514810085162,10
ofi_z,fwd_mid_60s,345339,20,-0.7963683577617786,1.2828349829827863,1.9967501464154238,0.26092734930269607,7.652513819465655,0.7818181818181817,0.10744514810085162,10
ofi_z,fwd_micro_60s,345339,20,-0.4228091976112815,0.9318541660745103,1.2692235254084971,0.22423900744605102,5.660137100427791,0.6363636363636362,0.10744514810085162,10
ofi_shock,fwd_mid_100ms,345339,0,NaN,-0.0012410022304448498,NaN,NaN,NaN,NaN,1.0,1
ofi_shock,fwd_micro_100ms,345339,0,NaN,-0.0010191243300379685,NaN,NaN,NaN,NaN,1.0,1
ofi_shock,fwd_mid_300ms,345339,0,NaN,-0.0010188934148510416,NaN,NaN,NaN,NaN,1.0,1
ofi_shock,fwd_micro_300ms,345339,0,NaN,-0.0022737778801372914,NaN,NaN,NaN,NaN,1.0,1
ofi_shock,fwd_mid_500ms,345339,0,NaN,-0.002028136065409547,NaN,NaN,NaN,NaN,1.0,1
ofi_shock,fwd_micro_500ms,345339,0,NaN,-0.0031333110398524175,NaN,NaN,NaN,NaN,1.0,1
ofi_shock,fwd_mid_1s,345339,0,NaN,-0.0025451876611957323,NaN,NaN,NaN,NaN,1.0,1
ofi_shock,fwd_micro_1s,345339,0,NaN,0.0015989348366379167,NaN,NaN,NaN,NaN,1.0,1
ofi_shock,fwd_mid_3s,345339,0,NaN,0.004302454784443272,NaN,NaN,NaN,NaN,1.0,1
ofi_shock,fwd_micro_3s,345339,0,NaN,0.01173177967076976,NaN,NaN,NaN,NaN,1.0,1
ofi_shock,fwd_mid_5s,345339,0,NaN,0.008517669520975098,NaN,NaN,NaN,NaN,1.0,1
ofi_shock,fwd_micro_5s,345339,0,NaN,0.008504809533569272,NaN,NaN,NaN,NaN,1.0,1
ofi_shock,fwd_mid_10s,345339,0,NaN,0.017035715454763567,NaN,NaN,NaN,NaN,1.0,1
ofi_shock,fwd_micro_10s,345339,0,NaN,0.01703004048521098,NaN,NaN,NaN,NaN,1.0,1
ofi_shock,fwd_mid_30s,345339,0,NaN,0.05129489763897048,NaN,NaN,NaN,NaN,1.0,1
ofi_shock,fwd_micro_30s,345339,0,NaN,0.05125123473583939,NaN,NaN,NaN,NaN,1.0,1
ofi_shock,fwd_mid_60s,345339,0,NaN,0.10092550140282143,NaN,NaN,NaN,NaN,1.0,1
ofi_shock,fwd_micro_60s,345339,0,NaN,0.1008939365834752,NaN,NaN,NaN,NaN,1.0,1
ofi_pct,fwd_mid_100ms,328072,19,-0.04295682079453761,0.0231796312408137,0.08593920586557115,0.011962034775149052,7.18433004760265,0.9999999999999999,0.1843223438757346,10
ofi_pct,fwd_micro_100ms,328072,19,-0.002072025855787115,0.00008233225383599204,-0.025473841441230542,0.020862389992141853,-1.2210413788077812,0.6121212121212121,0.1843223438757346,10
ofi_pct,fwd_mid_300ms,328072,19,-0.10913140395399892,0.06681414110624445,0.2651301812230913,0.036421263236522755,7.279543806630581,0.9999999999999999,0.1843223438757346,10
ofi_pct,fwd_micro_300ms,328072,19,-0.011558134556514835,0.01046741032053672,-0.0404081480621624,0.04288389034658283,-0.9422687105947767,0.6969696969696969,0.1843223438757346,10
ofi_pct,fwd_mid_500ms,328072,19,-0.164592379464438,0.09755107065838668,0.37465733086842506,0.05231154757122448,7.162038751736652,0.9999999999999999,0.1843223438757346,10
ofi_pct,fwd_micro_500ms,328072,19,-0.031013365813728946,0.021308802617284888,0.004189527228600901,0.049950022141235166,0.08387438181218197,0.7575757575757575,0.1843223438757346,10
ofi_pct,fwd_mid_1s,328072,19,-0.26037327233400487,0.16036409552912137,0.6343709464673232,0.09009140722487091,7.041414558925846,0.9999999999999999,0.1843223438757346,10
ofi_pct,fwd_micro_1s,328072,19,-0.08556398976211108,0.06445453465841669,0.22373618041532436,0.06168000258964776,3.6273698284973124,0.8909090909090909,0.1843223438757346,10
ofi_pct,fwd_mid_3s,328072,19,-0.43737983556252963,0.28954294613090986,1.3013782905168376,0.2641109894186974,4.927391674920999,0.9999999999999999,0.1843223438757346,10
ofi_pct,fwd_micro_3s,328072,19,-0.2168022389267626,0.17197461948201084,0.750595653627364,0.20901485237188697,3.5911115650857024,0.9272727272727272,0.1843223438757346,10
ofi_pct,fwd_mid_5s,328072,19,-0.5265607603710056,0.3303468362941741,1.3953851641374018,0.2362386202718653,5.906676742911813,0.9878787878787878,0.1843223438757346,10
ofi_pct,fwd_micro_5s,328072,19,-0.28372548205057596,0.205724789099737,0.8059961692914392,0.19583285335504613,4.115735207259445,0.9272727272727272,0.1843223438757346,10
ofi_pct,fwd_mid_10s,328072,19,-0.6449447771775951,0.41156159533023756,1.8090420350444862,0.35566041356890676,5.0864306682081635,0.9878787878787878,0.1843223438757346,10
ofi_pct,fwd_micro_10s,328072,19,-0.38484577659957414,0.2764871742570909,1.1817440440443314,0.299173060051389,3.9500349524831653,0.9272727272727272,0.1843223438757346,10
ofi_pct,fwd_mid_30s,328072,19,-0.7230533358146892,0.5549966795595485,2.0964234229107013,0.3222108330621209,6.506371629368897,0.9878787878787878,0.1843223438757346,10
ofi_pct,fwd_micro_30s,328072,19,-0.4525518807215188,0.4117209876232621,1.3520806594127217,0.26062658103467345,5.187807989672559,0.9272727272727272,0.1843223438757346,10
ofi_pct,fwd_mid_60s,328072,19,-0.7486191238840283,0.6342211851848281,2.2348368360476623,0.4293583242551189,5.205062321604722,0.9515151515151514,0.1843223438757346,10
ofi_pct,fwd_micro_60s,328072,19,-0.4694197717511252,0.4854066788903706,1.450454256541754,0.3625829578419882,4.000337647347051,0.8787878787878788,0.1843223438757346,10
ofi_lv2,fwd_mid_100ms,345339,20,-0.023373037868871693,0.01685118820768805,0.02711021990680405,0.009729406228850095,2.786420801961742,0.9878787878787878,0.183888874410362,10
ofi_lv2,fwd_micro_100ms,345339,20,0.08036964350513302,-0.0790722427583319,-0.176629557006845,0.023991097916018705,-7.362295699227277,-0.9878787878787878,0.183888874410362,10
ofi_lv2,fwd_mid_300ms,345339,20,-0.05101364728938573,0.04123425530959257,0.07520517363260247,0.018755989211318828,4.009661809104571,0.9636363636363635,0.183888874410362,10
ofi_lv2,fwd_micro_300ms,345339,20,0.17916281853410904,-0.1805537517786799,-0.3779878713492,0.048607972859516915,-7.776252518113272,-0.9878787878787878,0.183888874410362,10
ofi_lv2,fwd_mid_500ms,345339,20,-0.06572908281996394,0.05114784052277744,0.08068376553956946,0.030321317168967757,2.6609584633132286,0.9878787878787878,0.183888874410362,10
ofi_lv2,fwd_micro_500ms,345339,20,0.23803421714954176,-0.23550372124869706,-0.5333988198714791,0.07601674329792506,-7.016859664468665,-0.9636363636363635,0.183888874410362,10
ofi_lv2,fwd_mid_1s,345339,20,-0.08485543137421016,0.07554732936114518,0.11138888855766807,0.04089241286915146,2.7239500127833725,0.9999999999999999,0.183888874410362,10
ofi_lv2,fwd_micro_1s,345339,20,0.2759321336140135,-0.25419588646540553,-0.6067376799651125,0.09363765040928476,-6.47963375109368,-0.9636363636363635,0.183888874410362,10
ofi_lv2,fwd_mid_3s,345339,20,-0.12477646668312993,0.11413709459778167,0.22556383559635412,0.03191008753113898,7.068731333821666,0.9878787878787878,0.183888874410362,10
ofi_lv2,fwd_micro_3s,345339,20,0.2863247739323027,-0.2501717315441066,-0.5943238927203396,0.11386543051899371,-5.2195287894792735,-0.8787878787878788,0.183888874410362,10
ofi_lv2,fwd_mid_5s,345339,20,-0.13481552353998857,0.11810436743566093,0.22880379359774058,0.040047017288354886,5.7133791500690245,0.9515151515151514,0.183888874410362,10
ofi_lv2,fwd_micro_5s,345339,20,0.3054685494963725,-0.2679009813622643,-0.6416267468862757,0.13767650156000738,-4.660394036861967,-0.8666666666666665,0.183888874410362,10
ofi_lv2,fwd_mid_10s,345339,20,-0.10132655082087276,0.15761971179907672,0.25127543619164244,0.05103173592081127,4.923905323964685,0.8909090909090909,0.183888874410362,10
ofi_lv2,fwd_micro_10s,345339,20,0.3551823870603503,-0.2444302215434809,-0.674695169687489,0.1389176196359253,-4.856800537294888,-0.709090909090909,0.183888874410362,10
ofi_lv2,fwd_mid_30s,345339,20,-0.06641543103335326,0.30514932888967844,0.32786353638706417,0.11962624511541785,2.7407324878477524,0.8181818181818182,0.183888874410362,10
ofi_lv2,fwd_micro_30s,345339,20,0.36531034894136377,-0.09618690839352163,-0.5550627787597026,0.1375022633726555,-4.036753760593628,-0.6727272727272726,0.183888874410362,10
ofi_lv2,fwd_mid_60s,345339,20,0.004006366067998624,0.4544919363154714,0.2819732769329149,0.2528165358486845,1.1153276663108826,0.5393939393939393,0.183888874410362,10
ofi_lv2,fwd_micro_60s,345339,20,0.4362867120588025,0.044051255372644475,-0.602914296240071,0.22982290202259065,-2.623386489919125,-0.4787878787878787,0.183888874410362,10
ofi_lv3,fwd_mid_100ms,345339,20,-0.027696669414925924,0.02082158647978771,0.033861468658438844,0.009844116531612695,3.439767149210245,0.9999999999999999,0.17334271541876242,10
ofi_lv3,fwd_micro_100ms,345339,20,0.06221858913099558,-0.06332398949601294,-0.1461639730834474,0.023551015545772186,-6.206270502406693,-0.8181818181818182,0.17334271541876242,10
ofi_lv3,fwd_mid_300ms,345339,20,-0.0584693033365445,0.04987308784309232,0.0882737505137679,0.019126630900246886,4.615227374551807,0.9999999999999999,0.17334271541876242,10
ofi_lv3,fwd_micro_300ms,345339,20,0.14363087593617654,-0.14920625321894163,-0.32268693294011885,0.04412891642126481,-7.312369283208203,-0.9030303030303028,0.17334271541876242,10
ofi_lv3,fwd_mid_500ms,345339,20,-0.07657206838311745,0.06112415699897528,0.09191878668922049,0.036025106433203155,2.5515201977169446,0.9999999999999999,0.17334271541876242,10
ofi_lv3,fwd_micro_500ms,345339,20,0.18681036756433048,-0.19869948457972655,-0.4779435186270744,0.08241023927960683,-5.799564748325466,-0.9030303030303028,0.17334271541876242,10
ofi_lv3,fwd_mid_1s,345339,20,-0.09601464925228219,0.09081962511619408,0.12903615028118004,0.04354732628973731,2.9631245193482676,0.9999999999999999,0.17334271541876242,10
ofi_lv3,fwd_micro_1s,345339,20,0.21295856456904186,-0.20378627409297487,-0.5143677516823575,0.09274711519687354,-5.545916448080496,-0.9030303030303028,0.17334271541876242,10
ofi_lv3,fwd_mid_3s,345339,20,-0.1363498359707917,0.13118943742432956,0.2516189060448107,0.04037492689831555,6.232058492106106,0.9878787878787878,0.17334271541876242,10
ofi_lv3,fwd_micro_3s,345339,20,0.21975830215628453,-0.19562091746649768,-0.4663071121004255,0.10079785165914225,-4.626161216979985,-0.8060606060606059,0.17334271541876242,10
ofi_lv3,fwd_mid_5s,345339,20,-0.15141410137979053,0.13897361700393632,0.2624795970619803,0.037975995616597376,6.911723914020673,0.9878787878787878,0.17334271541876242,10
ofi_lv3,fwd_micro_5s,345339,20,0.2219479671454254,-0.19937411375674155,-0.49407546697081156,0.12619479821534124,-3.915180926298655,-0.5878787878787878,0.17334271541876242,10
ofi_lv3,fwd_mid_10s,345339,20,-0.14272643327044915,0.19443514640088524,0.3138547115323289,0.052984349536583306,5.923536181483674,0.9878787878787878,0.17334271541876242,10
ofi_lv3,fwd_micro_10s,345339,20,0.25107853027185184,-0.16321165160106355,-0.49502763831495156,0.12707910115740287,-3.895429176051535,-0.5636363636363636,0.17334271541876242,10
ofi_lv3,fwd_mid_30s,345339,20,-0.10443179775609711,0.36755511346710307,0.3968638560341208,0.11649861578669558,3.4065971801824926,0.7818181818181817,0.17334271541876242,10
ofi_lv3,fwd_micro_30s,345339,20,0.2670545071460756,0.012780812234911251,-0.3751449664910754,0.12707495324575474,-2.9521550621039325,-0.3696969696969697,0.17334271541876242,10
ofi_lv3,fwd_mid_60s,345339,20,0.006353425337765346,0.5536660469499068,0.41468905446727977,0.2214764853153645,1.8723841218484043,0.7212121212121211,0.17334271541876242,10
ofi_lv3,fwd_micro_60s,345339,20,0.3795573156802946,0.1909193136093323,-0.3543340476479494,0.20792208512746505,-1.7041674405618221,-0.2606060606060606,0.17334271541876242,10
ofi_lv5,fwd_mid_100ms,345339,20,-0.029884372539427273,0.02783456251659928,0.04167011857678986,0.010576222511377657,3.939981267599287,0.9757575757575757,0.17217574615088363,10
ofi_lv5,fwd_micro_100ms,345339,20,0.04867477174949815,-0.040124318998578004,-0.11187133938365097,0.023763591247118604,-4.707678154378946,-0.6606060606060605,0.17217574615088363,10
ofi_lv5,fwd_mid_300ms,345339,20,-0.0674524646215213,0.06280729180563469,0.10372059118054273,0.023050983508112848,4.499616736268022,0.9757575757575757,0.17217574615088363,10
ofi_lv5,fwd_micro_300ms,345339,20,0.10518623428107077,-0.09768088973643645,-0.23018901377388348,0.03864069560288725,-5.957165371440251,-0.9030303030303028,0.17217574615088363,10
ofi_lv5,fwd_mid_500ms,345339,20,-0.08620755971388298,0.07728257516559164,0.11086076929882241,0.04140027646214448,2.677778478126616,0.9999999999999999,0.17217574615088363,10
ofi_lv5,fwd_micro_500ms,345339,20,0.13455174869586167,-0.13439650440878886,-0.3580388550851059,0.07610116083407086,-4.704775211849465,-0.8666666666666665,0.17217574615088363,10
ofi_lv5,fwd_mid_1s,345339,20,-0.11139440312260034,0.1157879636801354,0.15098653103481358,0.055682298712282495,2.711571442389262,0.9999999999999999,0.17217574615088363,10
ofi_lv5,fwd_micro_1s,345339,20,0.14604493131196225,-0.12533127180477793,-0.3705880923786521,0.08542765846068295,-4.338034063630701,-0.7696969696969697,0.17217574615088363,10
ofi_lv5,fwd_mid_3s,345339,20,-0.16211154502224775,0.16951336648417403,0.2728432048829409,0.04952418161378945,5.509292551478948,0.9878787878787878,0.17217574615088363,10
ofi_lv5,fwd_micro_3s,345339,20,0.12908772338866192,-0.09347219563881522,-0.3012391975752058,0.08443935601604768,-3.5675212577172584,-0.5515151515151515,0.17217574615088363,10
ofi_lv5,fwd_mid_5s,345339,20,-0.17083217627986438,0.185314613258464,0.2728849185206741,0.05512822907618707,4.95000334843965,0.9878787878787878,0.17217574615088363,10
ofi_lv5,fwd_micro_5s,345339,20,0.1349704368425061,-0.09091464605913112,-0.3387972190275236,0.10714620471547841,-3.1620085837588303,-0.5151515151515151,0.17217574615088363,10
ofi_lv5,fwd_mid_10s,345339,20,-0.14963023048710938,0.23624726579432717,0.30346402061687916,0.07405658113813196,4.097731976728056,0.9515151515151514,0.17217574615088363,10
ofi_lv5,fwd_micro_10s,345339,20,0.17249930608112626,-0.050384577646517215,-0.3465336406721866,0.10422150463072395,-3.3249725370979752,-0.43030303030303024,0.17217574615088363,10
ofi_lv5,fwd_mid_30s,345339,20,-0.10109280596989888,0.398810114521884,0.2834894318093685,0.1730183285726233,1.6384936448532137,0.8787878787878788,0.17217574615088363,10
ofi_lv5,fwd_micro_30s,345339,20,0.20465197053944376,0.10621149872236631,-0.3373775990040776,0.16249495972266936,-2.0762342387719652,-0.09090909090909088,0.17217574615088363,10
ofi_lv5,fwd_mid_60s,345339,20,0.01817122935830671,0.5766011693028331,0.25098258421299996,0.2948634656075721,0.8511823724782088,0.6727272727272726,0.17217574615088363,10
ofi_lv5,fwd_micro_60s,345339,20,0.32870996218533344,0.2783121189529859,-0.3635578237106384,0.2707103344580234,-1.3429772617971925,-0.06666666666666665,0.17217574615088363,10
ofi_lv10,fwd_mid_100ms,345339,20,-0.03666107431538718,0.03328045066065726,0.05781494645962513,0.00882432351362277,6.551770951095782,0.9999999999999999,0.14689913389452103,10
ofi_lv10,fwd_micro_100ms,345339,20,0.020008108430600136,-0.015481221308688608,-0.05172344316759551,0.019262243795257886,-2.6852241990795043,-0.38181818181818183,0.14689913389452103,10
ofi_lv10,fwd_mid_300ms,345339,20,-0.08155887599592977,0.07852494810506565,0.138768929358004,0.01942902684582882,7.142351001887469,0.9999999999999999,0.14689913389452103,10
ofi_lv10,fwd_micro_300ms,345339,20,0.04319820921776007,-0.044196363141420544,-0.10784679882027026,0.03261095143004306,-3.3070730564737727,-0.6,0.14689913389452103,10
ofi_lv10,fwd_mid_500ms,345339,20,-0.10456805055373193,0.0981936791179088,0.17205639320211985,0.02606805279406266,6.600277917240828,0.9999999999999999,0.14689913389452103,10
ofi_lv10,fwd_micro_500ms,345339,20,0.05250979393876348,-0.060960167704454504,-0.15890153421644482,0.058942497437192265,-2.6958737943835267,-0.7575757575757575,0.14689913389452103,10
ofi_lv10,fwd_mid_1s,345339,20,-0.12938368101871842,0.13494407918596624,0.20796873967767432,0.04228238496748268,4.918566912382378,0.9999999999999999,0.14689913389452103,10
ofi_lv10,fwd_micro_1s,345339,20,0.051256001259857936,-0.04431091261106496,-0.13671751948819658,0.04972122495974083,-2.749681239730044,-0.5636363636363636,0.14689913389452103,10
ofi_lv10,fwd_mid_3s,345339,20,-0.17592467553022992,0.18982767543545737,0.3561626673888759,0.04384964534027915,8.122361415354803,0.9757575757575757,0.14689913389452103,10
ofi_lv10,fwd_micro_3s,345339,20,0.040376476637227224,-0.012057013227872376,-0.06314895463814507,0.0812766577809591,-0.7769629849732717,0.01818181818181818,0.14689913389452103,10
ofi_lv10,fwd_mid_5s,345339,20,-0.1827370479360911,0.2001715693401282,0.33332673187758743,0.053551656524698794,6.224396284059903,0.9999999999999999,0.14689913389452103,10
ofi_lv10,fwd_micro_5s,345339,20,0.04316773942314147,-0.01227278090236129,-0.1227138621125206,0.11188296089693094,-1.096805636253829,0.07878787878787878,0.14689913389452103,10
ofi_lv10,fwd_mid_10s,345339,20,-0.1933959875511136,0.2289376699166568,0.35890867469802257,0.0582695355789154,6.159456586228435,0.9878787878787878,0.14689913389452103,10
ofi_lv10,fwd_micro_10s,345339,20,0.04002980750864878,0.010790762016342671,-0.13713879079189958,0.10326757732951701,-1.3279946556149251,0.28484848484848485,0.14689913389452103,10
ofi_lv10,fwd_mid_30s,345339,20,-0.16143241948976955,0.38414994289467597,0.4147205857000352,0.11217366122665547,3.6971298000344355,0.9878787878787878,0.14689913389452103,10
ofi_lv10,fwd_micro_30s,345339,20,0.061846612058438236,0.15779681913091234,-0.056819471182198225,0.12330884371830637,-0.46078991148436854,0.406060606060606,0.14689913389452103,10
ofi_lv10,fwd_mid_60s,345339,20,-0.06705545775403794,0.5529502024654267,0.41550249303683434,0.23851510296808973,1.7420385035006494,0.9515151515151514,0.14689913389452103,10
ofi_lv10,fwd_micro_60s,345339,20,0.15832979708216205,0.33147682536719525,-0.042466988599348596,0.2280803721125697,-0.18619308713854998,0.1515151515151515,0.14689913389452103,10
add_vol_b,fwd_mid_100ms,345339,12,0.0005499831313027785,-0.0063287109235630225,-0.0066526680291613405,0.007395985915250173,-0.8994971198422449,-0.28484848484848485,0.15056799261015988,10
add_vol_b,fwd_micro_100ms,345339,12,-0.002199701549898554,-0.007912823371637933,-0.023144148395898012,0.01059903381296703,-2.1836092614010805,0.07878787878787878,0.15056799261015988,10
add_vol_b,fwd_mid_300ms,345339,12,-0.0003112010921664701,-0.009467619608838282,-0.030134892111245325,0.014409628088424008,-2.091302560088572,0.01818181818181818,0.15056799261015988,10
add_vol_b,fwd_micro_300ms,345339,12,-0.001631056471579316,-0.01666341823072298,-0.064854680581922,0.015707424257737544,-4.128918880508006,-0.406060606060606,0.15056799261015988,10
add_vol_b,fwd_mid_500ms,345339,12,-0.0013736932272146625,-0.012302094697487156,0.02184202157943325,0.06441306681758617,0.3390930234899156,0.11515151515151514,0.15056799261015988,10
add_vol_b,fwd_micro_500ms,345339,12,0.01834659180813217,-0.027800464017019817,0.003950441669256853,0.0920849899195896,0.04289995223658552,-0.6848484848484848,0.15056799261015988,10
add_vol_b,fwd_mid_1s,345339,12,-0.006332597186977489,-0.004154524708540037,0.06298293565408891,0.08888955575418477,0.7085527103798557,0.5151515151515151,0.15056799261015988,10
add_vol_b,fwd_micro_1s,345339,12,0.03181057281517764,-0.01759969594323394,0.07295284475096861,0.13563138093745367,0.5378758532629758,-0.5151515151515151,0.15056799261015988,10
add_vol_b,fwd_mid_3s,345339,12,-0.016145865991906,0.032596906939550745,-0.48441717369223153,0.48406483897381275,-1.0007278667857094,0.8303030303030302,0.15056799261015988,10
add_vol_b,fwd_micro_3s,345339,12,0.03945412790365952,0.024124735771654044,-0.45341409442816233,0.4221441812408759,-1.0740740120955115,-0.04242424242424241,0.15056799261015988,10
add_vol_b,fwd_mid_5s,345339,12,-0.010653620126746508,0.04282961584239714,-0.38190582776385873,0.44981307418852284,-0.8490322973666985,0.7333333333333332,0.15056799261015988,10
add_vol_b,fwd_micro_5s,345339,12,-0.013916871025466265,0.03335024749228828,-0.29151892395647544,0.34408427609012554,-0.8472311704244174,0.6484848484848483,0.15056799261015988,10
add_vol_b,fwd_mid_10s,345339,12,-0.011010529833219882,0.08992086260856004,-0.45820305267751354,0.5715585735103162,-0.8016729586670145,0.7333333333333332,0.15056799261015988,10
add_vol_b,fwd_micro_10s,345339,12,-0.012694968536015403,0.07801112530773459,-0.38147462100981416,0.4695404554343206,-0.8124424990322796,0.5878787878787878,0.15056799261015988,10
add_vol_b,fwd_mid_30s,345339,12,0.011215890351522987,0.29868977274639424,0.6493233279174841,0.30735794330914407,2.112596541109684,0.38181818181818183,0.15056799261015988,10
add_vol_b,fwd_micro_30s,345339,12,0.02354797567402954,0.2813072203286438,0.7460860876669001,0.42562424289517703,1.7529219731279417,0.309090909090909,0.15056799261015988,10
add_vol_b,fwd_mid_60s,345339,12,0.0642311739103504,0.506858355137333,1.0346770036425246,0.5408428266351722,1.9130826049403633,0.34545454545454546,0.15056799261015988,10
add_vol_b,fwd_micro_60s,345339,12,0.073384446076695,0.4879414967574437,1.1168253684188312,0.6222648786933241,1.7947748726619766,0.34545454545454546,0.15056799261015988,10
add_cnt_b,fwd_mid_100ms,345339,12,0.001074627834186703,0.0028676768626852305,0.03765207995446149,0.027987619766633515,1.3453119725225728,0.28484848484848485,0.1603815381407834,10
add_cnt_b,fwd_micro_100ms,345339,12,-0.001539712272845015,0.0013043341794140074,-0.007969814168858565,0.019950519391354372,-0.39947903172447286,0.6727272727272726,0.1603815381407834,10
add_cnt_b,fwd_mid_300ms,345339,12,-0.00007003906133039437,0.013877375342828383,0.04979654585375828,0.057263120032890635,0.8696093720558061,0.43030303030303024,0.1603815381407834,10
add_cnt_b,fwd_micro_300ms,345339,12,-0.002788865400508896,0.009821391865868424,-0.02197544101132588,0.0208175149069749,-1.055622686450582,0.11515151515151514,0.1603815381407834,10
add_cnt_b,fwd_mid_500ms,345339,12,-0.0010317521315068954,0.021466004635847982,0.12801162332165697,0.15302743479749306,0.8365272768968489,0.6121212121212121,0.1603815381407834,10
add_cnt_b,fwd_micro_500ms,345339,12,0.002841869655078273,0.01050342742997337,0.05770821562082235,0.09621676465961082,0.5997729795319826,-0.23636363636363633,0.1603815381407834,10
add_cnt_b,fwd_mid_1s,345339,12,-0.005603190321882803,0.05471797728540377,0.2565441219929035,0.21052137371015736,1.2186131862606482,0.41818181818181815,0.1603815381407834,10
add_cnt_b,fwd_micro_1s,345339,12,0.01210792645764051,0.043352553817723835,0.25434198723978785,0.18782205554917322,1.3541646453400635,-0.10303030303030303,0.1603815381407834,10
add_cnt_b,fwd_mid_3s,345339,12,-0.016270206692787524,0.11335404657323846,0.07501579446496949,0.11817392491309915,0.634791427297802,0.6848484848484848,0.1603815381407834,10
add_cnt_b,fwd_micro_3s,345339,12,0.0176083564043007,0.10428198705805095,0.11451825821759072,0.09943235864791226,1.1517202224187126,0.2606060606060606,0.1603815381407834,10
add_cnt_b,fwd_mid_5s,345339,12,-0.004239642977188462,0.12362432427872845,0.129268367839837,0.13773474623323562,0.9385312811404762,0.6484848484848483,0.1603815381407834,10
add_cnt_b,fwd_micro_5s,345339,12,-0.041578159275437836,0.11714568445951239,0.18126884212000646,0.09763402463485586,1.8566154862297106,0.7212121212121211,0.1603815381407834,10
add_cnt_b,fwd_mid_10s,345339,12,-0.0026535404618178407,0.17875231767078217,0.07441805959972247,0.1680681292083107,0.44278507739849715,0.6606060606060605,0.1603815381407834,10
add_cnt_b,fwd_micro_10s,345339,12,-0.0409747133808359,0.1624199990547462,0.1017704068626548,0.139844978567523,0.7277372981505789,0.6484848484848483,0.1603815381407834,10
add_cnt_b,fwd_mid_30s,345339,12,0.00954899690079583,0.3499362405609875,0.34122923204408684,0.21048769923388883,1.6211362150190125,0.5272727272727272,0.1603815381407834,10
add_cnt_b,fwd_micro_30s,345339,12,0.011014058893461019,0.3299142571148474,0.29393490296220676,0.23301016186962648,1.2614681720476586,0.5272727272727272,0.1603815381407834,10
add_cnt_b,fwd_mid_60s,345339,12,0.04119783513553394,0.5320071880687723,0.08657802543725972,0.5582741124858832,0.15508156925232489,0.5636363636363636,0.1603815381407834,10
add_cnt_b,fwd_micro_60s,345339,12,0.046235348982995264,0.5150613215756744,0.07299738637480484,0.5518438431564139,0.13227906278210402,0.5636363636363636,0.1603815381407834,10
add_vol_a,fwd_mid_100ms,345339,7,0.0011506209782706622,-0.006985149126892574,-0.007766271721932305,0.005017661267237347,-1.5477871678269552,-0.7696969696969697,0.14729584553149225,10
add_vol_a,fwd_micro_100ms,345339,7,-0.00036185157885938973,-0.00521331293789306,-0.002829021505122157,0.012851659988080627,-0.2201288788954855,-0.18787878787878787,0.14729584553149225,10
add_vol_a,fwd_mid_300ms,345339,7,0.002624660397364254,-0.011659090076016097,-0.018465129652790978,0.013384565159809802,-1.3795838290090086,-0.7575757575757575,0.14729584553149225,10
add_vol_a,fwd_micro_300ms,345339,7,0.003770827865940719,-0.011683472864146562,-0.03826960582783085,0.021668414066273525,-1.7661470613761607,-0.5151515151515151,0.14729584553149225,10
add_vol_a,fwd_mid_500ms,345339,7,0.004351178737869959,-0.015149857010211609,-0.031212982212229363,0.021614271051710807,-1.4440913661883037,-0.8909090909090909,0.14729584553149225,10
add_vol_a,fwd_micro_500ms,345339,7,0.002330010594498248,-0.019648910126639677,-0.04727918001382847,0.02035119084660124,-2.3231652815896204,-0.6,0.14729584553149225,10
add_vol_a,fwd_mid_1s,345339,7,0.007174465937197932,-0.00928357495439229,-0.03769826660569111,0.03211930690806573,-1.1736948967670409,-0.8787878787878788,0.14729584553149225,10
add_vol_a,fwd_micro_1s,345339,7,0.0067647997827825716,-0.007422516810874831,-0.025043568454941403,0.037228684788991835,-0.6726954926526587,-0.5515151515151515,0.14729584553149225,10
add_vol_a,fwd_mid_3s,345339,7,0.030155185241698034,-0.005621372487075291,-0.009469725563174738,0.059260073221781624,-0.15979942393479943,-0.8787878787878788,0.14729584553149225,10
add_vol_a,fwd_micro_3s,345339,7,0.030158050255433583,0.009622538735159683,0.004494882607099046,0.06585249671682682,0.06825682899203578,-0.6848484848484848,0.14729584553149225,10
add_vol_a,fwd_mid_5s,345339,7,0.0371041484615157,-0.029551849562599104,-0.06073149263460055,0.07026939237070465,-0.8642666541673348,-0.9878787878787878,0.14729584553149225,10
add_vol_a,fwd_micro_5s,345339,7,0.03245952996931499,-0.013932964772859529,-0.04761538453065902,0.07400334180137584,-0.6434220857006456,-0.7818181818181817,0.14729584553149225,10
add_vol_a,fwd_mid_10s,345339,7,0.05035654783119252,-0.03836983807982822,-0.058044062668288945,0.09326200789000028,-0.6223762921419209,-0.8787878787878788,0.14729584553149225,10
add_vol_a,fwd_micro_10s,345339,7,0.045122495729836155,-0.02199193764771851,-0.04209891753177552,0.10310091553733543,-0.40832729091072373,-0.5151515151515151,0.14729584553149225,10
add_vol_a,fwd_mid_30s,345339,7,0.07594041063080162,0.04447055731054679,0.047713898067629316,0.21268320186273026,0.22434257924339865,-0.5151515151515151,0.14729584553149225,10
add_vol_a,fwd_micro_30s,345339,7,0.07506523789225449,0.07028502534478526,0.058775394745054166,0.22825817392516815,0.2574952464323272,-0.19999999999999998,0.14729584553149225,10
add_vol_a,fwd_mid_60s,345339,7,0.07455694752931064,0.18274108620736032,0.22849791390222443,0.3666927357323566,0.623131825739252,-0.01818181818181818,0.14729584553149225,10
add_vol_a,fwd_micro_60s,345339,7,0.07631463170476903,0.207682932633389,0.2223377951803704,0.38194822767721687,0.5821150068754012,-0.0303030303030303,0.14729584553149225,10
add_cnt_a,fwd_mid_100ms,345339,8,0.0010373937947431003,-0.01298236911535635,0.024250354592075127,0.044403511678870286,0.5461359625665558,-0.7575757575757575,0.15513741569877715,10
add_cnt_a,fwd_micro_100ms,345339,8,0.001106292266449397,-0.008441120150170001,0.0767982489390994,0.08616247384367219,0.891318987410196,-0.3696969696969697,0.15513741569877715,10
add_cnt_a,fwd_mid_300ms,345339,8,0.0019582524436292724,-0.03040627478174699,-0.007211379635687916,0.05496603006205891,-0.13119702528172347,-0.5515151515151515,0.15513741569877715,10
add_cnt_a,fwd_micro_300ms,345339,8,0.003450461878932556,-0.02824728443475648,0.013965556427262125,0.09086296780484411,0.1536991005759069,-0.17575757575757575,0.15513741569877715,10
add_cnt_a,fwd_mid_500ms,345339,8,0.0031799203714164507,-0.04201458534937784,0.10747025677812996,0.1992725142985553,0.5393129963579182,-0.6606060606060605,0.15513741569877715,10
add_cnt_a,fwd_micro_500ms,345339,8,-0.00030287612043505493,-0.039389261975270505,0.1985710041395583,0.29881825078619845,0.6645210043801305,-0.6969696969696969,0.15513741569877715,10
add_cnt_a,fwd_mid_1s,345339,8,0.005242502866216684,-0.0512000820812317,0.1170073618980827,0.2514164251846372,0.4653926719869392,-0.6606060606060605,0.15513741569877715,10
add_cnt_a,fwd_micro_1s,345339,8,0.003220363928943737,-0.0418274587486049,0.1881293115616401,0.2934601093719244,0.6410728598318944,-0.5515151515151515,0.15513741569877715,10
add_cnt_a,fwd_mid_3s,345339,8,0.01818898368237159,-0.06969924105135442,0.02794742423344411,0.17050126079251116,0.16391329954711767,-0.6969696969696969,0.15513741569877715,10
add_cnt_a,fwd_micro_3s,345339,8,0.011588946570118342,-0.05665848540820286,0.1284632340294498,0.24285498169851608,0.5289709650219407,-0.6848484848484848,0.15513741569877715,10
add_cnt_a,fwd_mid_5s,345339,8,0.027347489032413748,-0.11601367109072218,-0.00298601156922855,0.24053653570970543,-0.012413962645709074,-0.6727272727272726,0.15513741569877715,10
add_cnt_a,fwd_micro_5s,345339,8,0.020243118350727046,-0.09378857375316359,0.12279364599364266,0.3340307906791384,0.36761175741907925,-0.5151515151515151,0.15513741569877715,10
add_cnt_a,fwd_mid_10s,345339,8,0.039568147865392006,-0.11543309892380892,-0.07164994350139993,0.14518745470469485,-0.4934995495797684,-0.6969696969696969,0.15513741569877715,10
add_cnt_a,fwd_micro_10s,345339,8,0.031115502339538848,-0.09757532444237439,0.07980237997712908,0.243730937870364,0.3274199848177439,-0.5878787878787878,0.15513741569877715,10
add_cnt_a,fwd_mid_30s,345339,8,0.07138402883400902,0.008004985763313488,0.4975229089005069,0.5830522686282907,0.8533075603513159,-0.4787878787878787,0.15513741569877715,10
add_cnt_a,fwd_micro_30s,345339,8,0.06932248554260965,0.03562960600271888,0.644322461938587,0.7034037107557053,0.916006629032929,-0.4787878787878787,0.15513741569877715,10
add_cnt_a,fwd_mid_60s,345339,8,0.08240045248929743,0.1640016577897427,0.7542374218511247,0.7762656565083097,0.9716228143387545,-0.2606060606060606,0.15513741569877715,10
add_cnt_a,fwd_micro_60s,345339,8,0.08418716158385797,0.1891860987935827,0.9013167518815758,0.8894990441122023,1.0132858015391895,-0.2606060606060606,0.15513741569877715,10
add_imb,fwd_mid_100ms,345339,15,-0.0019528954132919324,0.0027533503304567083,0.0050439496782619195,0.0011395516257446435,4.426258156549893,0.06666666666666665,0.12067562597911038,10
add_imb,fwd_micro_100ms,345339,15,0.0014262935043818376,0.0016363250888581198,-0.003581943570940375,0.00558562908869762,-0.6412784511933217,-0.309090909090909,0.12067562597911038,10
add_imb,fwd_mid_300ms,345339,15,-0.006761962975715218,0.0073277257724018606,0.014739569881543258,0.0026818889496639246,5.495965775685946,0.29696969696969694,0.12067562597911038,10
add_imb,fwd_micro_300ms,345339,15,0.002579742458191735,0.006801751341610205,-0.0002000638575101018,0.007988228503968995,-0.025044834084390424,-0.3939393939393939,0.12067562597911038,10
add_imb,fwd_mid_500ms,345339,15,-0.012591352970305857,0.010500434064085813,0.024756906081024658,0.005918618043223365,4.182886258282971,0.41818181818181815,0.12067562597911038,10
add_imb,fwd_micro_500ms,345339,15,0.014239700252075788,0.014759334272340394,-0.0011418715068288404,0.0067717726606549905,-0.16862224472822077,-0.3696969696969697,0.12067562597911038,10
add_imb,fwd_mid_1s,345339,15,-0.016864054789587794,0.0077466483642122325,0.0318729321339865,0.007168082764019238,4.446507271648037,0.5030303030303029,0.12067562597911038,10
add_imb,fwd_micro_1s,345339,15,0.015786446683443398,0.01840958282400054,0.009515590413403678,0.011873893954551965,0.8013875186880703,-0.32121212121212117,0.12067562597911038,10
add_imb,fwd_mid_3s,345339,15,-0.04747307910369464,0.03565880682336425,0.09448781239803179,0.01739203582239912,5.432820709599815,0.8545454545454544,0.12067562597911038,10
add_imb,fwd_micro_3s,345339,15,0.002713542517061751,0.049723812908645894,0.0577607983045639,0.017232134805552832,3.3519235403120935,0.6848484848484848,0.12067562597911038,10
add_imb,fwd_mid_5s,345339,15,-0.05351441456622294,0.057049715537526094,0.13342712359736486,0.023041991373510148,5.790607306222551,0.9030303030303028,0.12067562597911038,10
add_imb,fwd_micro_5s,345339,15,-0.01653362731872586,0.05738898965722513,0.09211251757224241,0.017105678999018558,5.384908577877989,0.9151515151515152,0.12067562597911038,10
add_imb,fwd_mid_10s,345339,15,-0.09698197295118818,0.08126019730217571,0.1921216281894607,0.03870123958269002,4.964224150468589,0.8909090909090909,0.12067562597911038,10
add_imb,fwd_micro_10s,345339,15,-0.0443453512527712,0.07921158703090755,0.13265689682250387,0.03548365500420694,3.7385353004580857,0.8545454545454544,0.12067562597911038,10
add_imb,fwd_mid_30s,345339,15,-0.18531467904536242,0.11840929757353348,0.3250364975831111,0.09171705441652597,3.543904671283737,0.8666666666666665,0.12067562597911038,10
add_imb,fwd_micro_30s,345339,15,-0.14510197327491403,0.10195713355566653,0.2593035719094029,0.08721434515064193,2.9731757024778203,0.8060606060606059,0.12067562597911038,10
add_imb,fwd_mid_60s,345339,15,-0.17194355090701366,0.1663476478923451,0.29709604223447733,0.1554953989149102,1.9106420145399508,0.8909090909090909,0.12067562597911038,10
add_imb,fwd_micro_60s,345339,15,-0.13474674215253213,0.1521645204306054,0.24034717458085647,0.1518200500344722,1.5831056209392853,0.8060606060606059,0.12067562597911038,10
cancel_vol_b,fwd_mid_100ms,345339,12,0.0007766179704034315,-0.008265620385790708,-0.01216117010732567,0.007276213838819615,-1.67135963520535,-0.0303030303030303,0.1509936613009246,10
cancel_vol_b,fwd_micro_100ms,345339,12,-0.0036704528821857475,-0.010905321774196355,-0.02675529123353589,0.0112123191435468,-2.3862406065149133,0.406060606060606,0.1509936613009246,10
cancel_vol_b,fwd_mid_300ms,345339,12,-0.0013738998851382611,-0.01711713884256421,-0.04517534850869554,0.014791369220306676,-3.054169484639428,0.19999999999999998,0.1509936613009246,10
cancel_vol_b,fwd_micro_300ms,345339,12,-0.004404166805650934,-0.024514738990497578,-0.07780012954651784,0.018860555530557363,-4.125017920096159,0.01818181818181818,0.1509936613009246,10
cancel_vol_b,fwd_mid_500ms,345339,12,-0.0028541389937620887,-0.02135290957892365,0.007780036893027639,0.0706113604148537,0.11018109334416736,0.2727272727272727,0.1509936613009246,10
cancel_vol_b,fwd_micro_500ms,345339,12,0.01724067221301876,-0.0344627301417615,-0.04017945732661108,0.06922054903993376,-0.5804556289120346,-0.35757575757575755,0.1509936613009246,10
cancel_vol_b,fwd_mid_1s,345339,12,-0.009486851167517366,-0.008506954824750886,0.04522352248609812,0.09041430029857954,0.5001810812753545,0.19999999999999998,0.1509936613009246,10
cancel_vol_b,fwd_micro_1s,345339,12,0.0305231002449486,-0.014989321960296014,0.027391746688768117,0.09834079983030355,0.27853898621970935,-0.4545454545454545,0.1509936613009246,10
cancel_vol_b,fwd_mid_3s,345339,12,-0.020130986421562934,0.013403432641902573,-0.363952947253892,0.3167956038254633,-1.1488573163862772,0.709090909090909,0.1509936613009246,10
cancel_vol_b,fwd_micro_3s,345339,12,0.036189151558482416,0.008832726552916673,-0.3451805524956271,0.274974321930611,-1.2553192242537194,0.0303030303030303,0.1509936613009246,10
cancel_vol_b,fwd_mid_5s,345339,12,-0.009095140527357753,0.0240982319984025,-0.3035854538559632,0.3067913850759626,-0.9895501263205105,0.7454545454545454,0.1509936613009246,10
cancel_vol_b,fwd_micro_5s,345339,12,-0.0121515657427775,0.014595673414640199,-0.25561063619178503,0.2437329753750141,-1.0487322685758693,0.6606060606060605,0.1509936613009246,10
cancel_vol_b,fwd_mid_10s,345339,12,-0.01046249887797824,0.08398672318106995,-0.41409000546028163,0.5055510729667875,-0.8190863942395105,0.6121212121212121,0.1509936613009246,10
cancel_vol_b,fwd_micro_10s,345339,12,-0.010233848788745665,0.0772793736907181,-0.34395473519354924,0.422728107075433,-0.8136547568912251,0.6242424242424242,0.1509936613009246,10
cancel_vol_b,fwd_mid_30s,345339,12,0.007318223377936475,0.2926847193970073,0.1425199254018545,0.31180996368759406,0.4570730316515698,0.34545454545454546,0.1509936613009246,10
cancel_vol_b,fwd_micro_30s,345339,12,0.010074909440499031,0.28108098107985374,0.21501853842619756,0.24214151354460414,0.8879870918399527,0.3696969696969697,0.1509936613009246,10
cancel_vol_b,fwd_mid_60s,345339,12,0.03437256055850404,0.46698012317405013,-0.5084830762281997,1.2000863243335336,-0.42370541678373436,0.11515151515151514,0.1509936613009246,10
cancel_vol_b,fwd_micro_60s,345339,12,0.03577108757220946,0.4522950983830906,-0.4415061982820992,1.1327809624556247,-0.38975425339512154,0.17575757575757575,0.1509936613009246,10
cancel_cnt_b,fwd_mid_100ms,345339,12,0.0003100472417045127,-0.009442632770133233,0.06416693534511488,0.08247019728190297,0.7780621055843586,-0.17575757575757575,0.15767115790571004,10
cancel_cnt_b,fwd_micro_100ms,345339,12,-0.0027711551814591493,-0.009156170392899083,-0.0011961151702332019,0.025908989147768496,-0.04616602999875129,0.06666666666666665,0.15767115790571004,10
cancel_cnt_b,fwd_mid_300ms,345339,12,-0.0021527233867314785,-0.020809451842318884,0.043854214711661864,0.08746530102598693,0.5013898562886359,0.32121212121212117,0.15767115790571004,10
cancel_cnt_b,fwd_micro_300ms,345339,12,-0.002818862542630206,-0.02360901888291271,0.0005079477977897017,0.06987695975872449,0.0072691742677926385,0.32121212121212117,0.15767115790571004,10
cancel_cnt_b,fwd_mid_500ms,345339,12,-0.0031246058102590347,-0.025447417074351816,0.1779135270461911,0.24261670050381348,0.7333111310010361,0.38181818181818183,0.15767115790571004,10
cancel_cnt_b,fwd_micro_500ms,345339,12,0.012248558616391802,-0.037020878961603776,0.14148025301085534,0.23159564700320343,0.6108934034019146,-0.5272727272727272,0.15767115790571004,10
cancel_cnt_b,fwd_mid_1s,345339,12,-0.008158631587909356,-0.012461319770324325,0.24252121951518427,0.3168129092828464,0.7655029590308282,0.4424242424242424,0.15767115790571004,10
cancel_cnt_b,fwd_micro_1s,345339,12,0.02384019282940253,-0.01712320728678703,0.23735624529741042,0.31648582893408056,0.7499743230109943,-0.3696969696969697,0.15767115790571004,10
cancel_cnt_b,fwd_mid_3s,345339,12,-0.02084500708202643,0.01574941213459778,-0.030560052265228812,0.11830743644776644,-0.25831049326067756,0.8666666666666665,0.15767115790571004,10
cancel_cnt_b,fwd_micro_3s,345339,12,0.03197163392467098,0.009946097117237564,0.008261809598718974,0.13215219080914883,0.06251738656872129,-0.006060606060606061,0.15767115790571004,10
cancel_cnt_b,fwd_mid_5s,345339,12,-0.00722961114118162,0.024870897027258785,0.030362601326126126,0.1576477832619061,0.19259770545383192,0.7575757575757575,0.15767115790571004,10
cancel_cnt_b,fwd_micro_5s,345339,12,-0.024450863980720834,0.02015376242888327,0.06898409672945412,0.15569853917293866,0.4430619394112078,0.6484848484848483,0.15767115790571004,10
cancel_cnt_b,fwd_mid_10s,345339,12,-0.007205489210314475,0.057858815778909924,-0.03554212288871917,0.09438985488961903,-0.3765460062448733,0.7939393939393938,0.15767115790571004,10
cancel_cnt_b,fwd_micro_10s,345339,12,-0.02743826481158165,0.04826013541775555,0.016729757523167018,0.08389275808192688,0.19941837538383578,0.6848484848484848,0.15767115790571004,10
cancel_cnt_b,fwd_mid_30s,345339,12,0.0031461088806652277,0.22168220585644954,0.6145855920748855,0.446137482734535,1.377569955135516,0.49090909090909085,0.15767115790571004,10
cancel_cnt_b,fwd_micro_30s,345339,12,0.011919116534928931,0.21194155508647403,0.6486582819383157,0.4892003775535961,1.3259562169230943,0.4545454545454545,0.15767115790571004,10
cancel_cnt_b,fwd_mid_60s,345339,12,0.031036341170920773,0.40660061496872224,0.9133515142913198,0.5169198663786408,1.7669112249253254,0.5151515151515151,0.15767115790571004,10
cancel_cnt_b,fwd_micro_60s,345339,12,0.03663554439213929,0.3962157829224825,0.955263807612047,0.5583012613169435,1.7110185374805214,0.5757575757575757,0.15767115790571004,10
cancel_vol_a,fwd_mid_100ms,345339,8,0.0015848309277034232,-0.0018356981941843235,0.014535435092531964,0.003792088297603416,3.8330951053324096,-0.8181818181818182,0.14857285160378642,10
cancel_vol_a,fwd_micro_100ms,345339,8,0.0007224689703403054,-0.0013649805594664925,0.010007827944881451,0.008989275064036484,1.1133075663598175,-0.05454545454545454,0.14857285160378642,10
cancel_vol_a,fwd_mid_300ms,345339,8,0.002170208972565191,-0.0034265976283421183,0.011970426151902643,0.009320987064943421,1.2842444763091518,-0.7818181818181817,0.14857285160378642,10
cancel_vol_a,fwd_micro_300ms,345339,8,0.004113697289349921,-0.00904202262485148,-0.020949028733697334,0.01658304840106721,-1.263279719568879,-0.6606060606060605,0.14857285160378642,10
cancel_vol_a,fwd_mid_500ms,345339,8,0.004894197978283782,-0.004033483299817411,0.007078168772410468,0.015135467632125168,0.46765444877216683,-0.709090909090909,0.14857285160378642,10
cancel_vol_a,fwd_micro_500ms,345339,8,0.007289809134520794,-0.016496779564512135,-0.026692423809640778,0.018798945543917745,-1.4198894159931703,-0.6969696969696969,0.14857285160378642,10
cancel_vol_a,fwd_mid_1s,345339,8,0.00789754289752303,0.004048749375611801,0.011436623069939623,0.022570050074444015,0.5067167787496081,-0.5030303030303029,0.14857285160378642,10
cancel_vol_a,fwd_micro_1s,345339,8,0.007524981491818778,-0.004800949939057048,0.004356724484891146,0.028662703582560654,0.15199977463193395,-0.709090909090909,0.14857285160378642,10
cancel_vol_a,fwd_mid_3s,345339,8,0.037541718754083776,0.005795140087124669,-0.009855862859778085,0.05329927124573003,-0.18491552753768034,-0.5515151515151515,0.14857285160378642,10
cancel_vol_a,fwd_micro_3s,345339,8,0.035488128697841896,0.007888959627012906,-0.009367350133735776,0.051808877677302245,-0.18080588798084818,-0.5878787878787878,0.14857285160378642,10
cancel_vol_a,fwd_mid_5s,345339,8,0.035292604552776635,-0.02615785638267268,-0.02507692259398412,0.060725729254348194,-0.4129538319572921,-0.9515151515151514,0.14857285160378642,10
cancel_vol_a,fwd_micro_5s,345339,8,0.03658276630179586,-0.024408719229861053,-0.044008457722767916,0.056617169144456254,-0.7772988015434371,-0.8424242424242423,0.14857285160378642,10
cancel_vol_a,fwd_mid_10s,345339,8,0.043195382110056184,-0.034225844972421114,0.006725767519954361,0.10165886731529354,0.0661601658327993,-0.8060606060606059,0.14857285160378642,10
cancel_vol_a,fwd_micro_10s,345339,8,0.0400239465434201,-0.029483071368381537,0.014269784152963129,0.10803781129676257,0.13208138874422692,-0.7939393939393938,0.14857285160378642,10
cancel_vol_a,fwd_mid_30s,345339,8,0.05495962748068879,0.06405132552087818,0.04858021199791714,0.23630311699832374,0.20558430466349606,-0.43030303030303024,0.14857285160378642,10
cancel_vol_a,fwd_micro_30s,345339,8,0.056426243038220185,0.07916016856433562,0.04010316811048516,0.2479267691929924,0.16175408666446925,-0.19999999999999998,0.14857285160378642,10
cancel_vol_a,fwd_mid_60s,345339,8,0.07387171487388032,0.19749138725811577,0.17764680233778968,0.33044433592917766,0.5375997801211027,-0.19999999999999998,0.14857285160378642,10
cancel_vol_a,fwd_micro_60s,345339,8,0.0804674646639166,0.2097105676972263,0.14699269902315293,0.34225453813167456,0.42948356455861186,-0.07878787878787878,0.14857285160378642,10
cancel_cnt_a,fwd_mid_100ms,345339,9,0.0007381476927331545,-0.0016265684042267002,0.043632403227373044,0.028387642948177482,1.537020995615076,-0.8787878787878788,0.15691827450707854,10
cancel_cnt_a,fwd_micro_100ms,345339,9,-0.0004000300299730327,0.0005557861360344942,0.04883239436512691,0.029888653628323717,1.6338104409912706,0.006060606060606061,0.15691827450707854,10
cancel_cnt_a,fwd_mid_300ms,345339,9,0.0017290816002055091,-0.0007670668829559098,0.05063701675776186,0.028090361430476222,1.802647391458053,-0.8060606060606059,0.15691827450707854,10
cancel_cnt_a,fwd_micro_300ms,345339,9,0.003854894902711914,-0.0038173996815463575,0.03468859282676987,0.03369519628949783,1.0294818444960852,-0.5272727272727272,0.15691827450707854,10
cancel_cnt_a,fwd_mid_500ms,345339,9,0.0034236233270010037,0.0007063435497795065,0.27342491735493607,0.25097635395937634,1.0894449339207204,-0.7333333333333332,0.15691827450707854,10
cancel_cnt_a,fwd_micro_500ms,345339,9,0.004044966853132114,-0.0018900046232881568,0.3253532879257681,0.3200276895710582,1.0166410549094922,-0.7333333333333332,0.15691827450707854,10
cancel_cnt_a,fwd_mid_1s,345339,9,0.0066460463368856445,0.011781100947388224,0.30123587370900234,0.2750427889616072,1.095232763041286,-0.4424242424242424,0.15691827450707854,10
cancel_cnt_a,fwd_micro_1s,345339,9,0.0052446175500007715,0.012019868732199996,0.3360916837670571,0.3107023454632962,1.0817159531444869,-0.5636363636363636,0.15691827450707854,10
cancel_cnt_a,fwd_mid_3s,345339,9,0.030635743489187395,0.01931938024156737,0.18089757064009654,0.16420375646579605,1.1016652391736108,-0.5757575757575757,0.15691827450707854,10
cancel_cnt_a,fwd_micro_3s,345339,9,0.025445649448225565,0.026000166677405494,0.24192912927067858,0.22403847809925767,1.0798552611283794,-0.5393939393939393,0.15691827450707854,10
cancel_cnt_a,fwd_mid_5s,345339,9,0.02621422231746693,-0.014690423581872603,0.2220212839207124,0.2458166526529032,0.9031987114160642,-0.8181818181818182,0.15691827450707854,10
cancel_cnt_a,fwd_micro_5s,345339,9,0.026063416090875487,-0.009117750573070878,0.2753644345910276,0.32313402163242305,0.8521678813017866,-0.7818181818181817,0.15691827450707854,10
cancel_cnt_a,fwd_mid_10s,345339,9,0.0410295978481605,-0.013958119926142985,0.14747341491663046,0.16471106520028383,0.8953461307369186,-0.8787878787878788,0.15691827450707854,10
cancel_cnt_a,fwd_micro_10s,345339,9,0.03430932193236667,-0.0030857947580296007,0.1945519439446576,0.20647307058303385,0.9422630437726642,-0.7818181818181817,0.15691827450707854,10
cancel_cnt_a,fwd_mid_30s,345339,9,0.05941554542132256,0.12677601524126994,0.7702252404245978,0.650584335586243,1.1838976106465062,-0.4424242424242424,0.15691827450707854,10
cancel_cnt_a,fwd_micro_30s,345339,9,0.0571367881037869,0.1446152915191314,0.8715042023374321,0.7592776955077372,1.1478069321589222,-0.32121212121212117,0.15691827450707854,10
cancel_cnt_a,fwd_mid_60s,345339,9,0.10126634861900692,0.2804854953683193,1.014521308419737,0.8559123038145292,1.185309878007756,-0.33333333333333326,0.15691827450707854,10
cancel_cnt_a,fwd_micro_60s,345339,9,0.10878067549714808,0.2950233521166732,1.1170903396861211,0.9782502110708813,1.1419270111511173,-0.2121212121212121,0.15691827450707854,10
cancel_imb,fwd_mid_100ms,345339,15,-0.0016994951913222665,0.001576864525974083,0.003305876251892288,0.001718235037640712,1.9239953670317114,-0.34545454545454546,0.14988750184601218,10
cancel_imb,fwd_micro_100ms,345339,15,-0.0019137248451711983,0.0014890786382296085,0.0018428960219347673,0.004744986609076872,0.3883880343117131,-0.406060606060606,0.14988750184601218,10
cancel_imb,fwd_mid_300ms,345339,15,-0.005480850225372389,0.006851554724612753,0.01277734969508248,0.003138824198100741,4.070743975662568,-0.19999999999999998,0.14988750184601218,10
cancel_imb,fwd_micro_300ms,345339,15,-0.0010666191601476564,0.003884570212647271,0.005113307001361382,0.009410919581973091,0.543337657581952,-0.309090909090909,0.14988750184601218,10
cancel_imb,fwd_mid_500ms,345339,15,-0.008521587049156468,0.009414840022563938,0.020723098988495302,0.0051185792122296556,4.048603749060339,-0.19999999999999998,0.14988750184601218,10
cancel_imb,fwd_micro_500ms,345339,15,0.013310046809224752,0.009079376954411189,0.002301438839672128,0.010539899782007336,0.21835490728298143,-0.5151515151515151,0.14988750184601218,10
cancel_imb,fwd_mid_1s,345339,15,-0.019226053936053273,0.017551104057745133,0.040129013101527514,0.008547168804401796,4.695006500966852,-0.0303030303030303,0.14988750184601218,10
cancel_imb,fwd_micro_1s,345339,15,0.013680422741971935,0.016731481564949597,0.01302932328577946,0.01344158248710404,0.9693295635599376,-0.2606060606060606,0.14988750184601218,10
cancel_imb,fwd_mid_3s,345339,15,-0.04605787888496982,0.052469717291663324,0.12023425654184212,0.020406500703047895,5.891958562198959,0.6242424242424242,0.14988750184601218,10
cancel_imb,fwd_micro_3s,345339,15,0.0038216523294573564,0.05222108228829552,0.08009925603713794,0.02508729393260169,3.1928216830531313,0.309090909090909,0.14988750184601218,10
cancel_imb,fwd_mid_5s,345339,15,-0.06658348081295881,0.07841373874195104,0.1680336803949343,0.025556303376122136,6.575038569620839,0.8424242424242423,0.14988750184601218,10
cancel_imb,fwd_micro_5s,345339,15,-0.031931896650193074,0.06500127338702213,0.12444828009137496,0.026598015697740587,4.678855802838948,0.8181818181818182,0.14988750184601218,10
cancel_imb,fwd_mid_10s,345339,15,-0.11585621750949048,0.102155704542294,0.22504448070296487,0.047122629376998515,4.775719939193663,0.9393939393939393,0.14988750184601218,10
cancel_imb,fwd_micro_10s,345339,15,-0.07302230318285732,0.08934526858185841,0.17566924485262875,0.05056796201147433,3.473923762495467,0.9030303030303028,0.14988750184601218,10
cancel_imb,fwd_mid_30s,345339,15,-0.15920784936981136,0.1472477296133807,0.30175579055810403,0.09351006356224295,3.226987332301906,0.9393939393939393,0.14988750184601218,10
cancel_imb,fwd_micro_30s,345339,15,-0.1223873117876903,0.13612367773827058,0.25065890242758826,0.08835632344246336,2.8369096026365845,0.9030303030303028,0.14988750184601218,10
cancel_imb,fwd_mid_60s,345339,15,-0.1608979809943685,0.17718013991913545,0.27819750584877123,0.16314027560663372,1.7052656360564526,0.8181818181818182,0.14988750184601218,10
cancel_imb,fwd_micro_60s,345339,15,-0.12389356899768196,0.1623761124578679,0.2285297562245317,0.15416241780981668,1.4823960305712038,0.7696969696969697,0.14988750184601218,10
exec_vol_b,fwd_mid_100ms,345339,0,NaN,-0.0012410022304448498,NaN,NaN,NaN,NaN,1.0,1
exec_vol_b,fwd_micro_100ms,345339,0,NaN,-0.0010191243300379685,NaN,NaN,NaN,NaN,1.0,1
exec_vol_b,fwd_mid_300ms,345339,0,NaN,-0.0010188934148510416,NaN,NaN,NaN,NaN,1.0,1
exec_vol_b,fwd_micro_300ms,345339,0,NaN,-0.0022737778801372914,NaN,NaN,NaN,NaN,1.0,1
exec_vol_b,fwd_mid_500ms,345339,0,NaN,-0.002028136065409547,NaN,NaN,NaN,NaN,1.0,1
exec_vol_b,fwd_micro_500ms,345339,0,NaN,-0.0031333110398524175,NaN,NaN,NaN,NaN,1.0,1
exec_vol_b,fwd_mid_1s,345339,0,NaN,-0.0025451876611957323,NaN,NaN,NaN,NaN,1.0,1
exec_vol_b,fwd_micro_1s,345339,0,NaN,0.0015989348366379167,NaN,NaN,NaN,NaN,1.0,1
exec_vol_b,fwd_mid_3s,345339,0,NaN,0.004302454784443272,NaN,NaN,NaN,NaN,1.0,1
exec_vol_b,fwd_micro_3s,345339,0,NaN,0.01173177967076976,NaN,NaN,NaN,NaN,1.0,1
exec_vol_b,fwd_mid_5s,345339,0,NaN,0.008517669520975098,NaN,NaN,NaN,NaN,1.0,1
exec_vol_b,fwd_micro_5s,345339,0,NaN,0.008504809533569272,NaN,NaN,NaN,NaN,1.0,1
exec_vol_b,fwd_mid_10s,345339,0,NaN,0.017035715454763567,NaN,NaN,NaN,NaN,1.0,1
exec_vol_b,fwd_micro_10s,345339,0,NaN,0.01703004048521098,NaN,NaN,NaN,NaN,1.0,1
exec_vol_b,fwd_mid_30s,345339,0,NaN,0.05129489763897048,NaN,NaN,NaN,NaN,1.0,1
exec_vol_b,fwd_micro_30s,345339,0,NaN,0.05125123473583939,NaN,NaN,NaN,NaN,1.0,1
exec_vol_b,fwd_mid_60s,345339,0,NaN,0.10092550140282143,NaN,NaN,NaN,NaN,1.0,1
exec_vol_b,fwd_micro_60s,345339,0,NaN,0.1008939365834752,NaN,NaN,NaN,NaN,1.0,1
exec_cnt_b,fwd_mid_100ms,345339,0,NaN,-0.0024189365691967783,NaN,NaN,NaN,NaN,0.7270566023530501,2
exec_cnt_b,fwd_micro_100ms,345339,0,NaN,-0.002139157621145812,NaN,NaN,NaN,NaN,0.7270566023530501,2
exec_cnt_b,fwd_mid_300ms,345339,0,NaN,-0.003617591873406943,NaN,NaN,NaN,NaN,0.7270566023530501,2
exec_cnt_b,fwd_micro_300ms,345339,0,NaN,-0.004119659642662323,NaN,NaN,NaN,NaN,0.7270566023530501,2
exec_cnt_b,fwd_mid_500ms,345339,0,NaN,-0.00554615481173397,NaN,NaN,NaN,NaN,0.7270566023530501,2
exec_cnt_b,fwd_micro_500ms,345339,0,NaN,-0.004916177226588572,NaN,NaN,NaN,NaN,0.7270566023530501,2
exec_cnt_b,fwd_mid_1s,345339,0,NaN,-0.008047239774457987,NaN,NaN,NaN,NaN,0.7270566023530501,2
exec_cnt_b,fwd_micro_1s,345339,0,NaN,-0.0017952178298939613,NaN,NaN,NaN,NaN,0.7270566023530501,2
exec_cnt_b,fwd_mid_3s,345339,0,NaN,-0.005959121267527911,NaN,NaN,NaN,NaN,0.7270566023530501,2
exec_cnt_b,fwd_micro_3s,345339,0,NaN,0.004571545196102334,NaN,NaN,NaN,NaN,0.7270566023530501,2
exec_cnt_b,fwd_mid_5s,345339,0,NaN,0.0005000543532292551,NaN,NaN,NaN,NaN,0.7270566023530501,2
exec_cnt_b,fwd_micro_5s,345339,0,NaN,0.000751517921889089,NaN,NaN,NaN,NaN,0.7270566023530501,2
exec_cnt_b,fwd_mid_10s,345339,0,NaN,0.009752298480463956,NaN,NaN,NaN,NaN,0.7270566023530501,2
exec_cnt_b,fwd_micro_10s,345339,0,NaN,0.010710225749343431,NaN,NaN,NaN,NaN,0.7270566023530501,2
exec_cnt_b,fwd_mid_30s,345339,0,NaN,0.05549949538145134,NaN,NaN,NaN,NaN,0.7270566023530501,2
exec_cnt_b,fwd_micro_30s,345339,0,NaN,0.056852473613229135,NaN,NaN,NaN,NaN,0.7270566023530501,2
exec_cnt_b,fwd_mid_60s,345339,0,NaN,0.12454309781488308,NaN,NaN,NaN,NaN,0.7270566023530501,2
exec_cnt_b,fwd_micro_60s,345339,0,NaN,0.12520586500092465,NaN,NaN,NaN,NaN,0.7270566023530501,2
exec_vol_a,fwd_mid_100ms,345339,0,NaN,-0.0012410022304448498,NaN,NaN,NaN,NaN,1.0,1
exec_vol_a,fwd_micro_100ms,345339,0,NaN,-0.0010191243300379685,NaN,NaN,NaN,NaN,1.0,1
exec_vol_a,fwd_mid_300ms,345339,0,NaN,-0.0010188934148510416,NaN,NaN,NaN,NaN,1.0,1
exec_vol_a,fwd_micro_300ms,345339,0,NaN,-0.0022737778801372914,NaN,NaN,NaN,NaN,1.0,1
exec_vol_a,fwd_mid_500ms,345339,0,NaN,-0.002028136065409547,NaN,NaN,NaN,NaN,1.0,1
exec_vol_a,fwd_micro_500ms,345339,0,NaN,-0.0031333110398524175,NaN,NaN,NaN,NaN,1.0,1
exec_vol_a,fwd_mid_1s,345339,0,NaN,-0.0025451876611957323,NaN,NaN,NaN,NaN,1.0,1
exec_vol_a,fwd_micro_1s,345339,0,NaN,0.0015989348366379167,NaN,NaN,NaN,NaN,1.0,1
exec_vol_a,fwd_mid_3s,345339,0,NaN,0.004302454784443272,NaN,NaN,NaN,NaN,1.0,1
exec_vol_a,fwd_micro_3s,345339,0,NaN,0.01173177967076976,NaN,NaN,NaN,NaN,1.0,1
exec_vol_a,fwd_mid_5s,345339,0,NaN,0.008517669520975098,NaN,NaN,NaN,NaN,1.0,1
exec_vol_a,fwd_micro_5s,345339,0,NaN,0.008504809533569272,NaN,NaN,NaN,NaN,1.0,1
exec_vol_a,fwd_mid_10s,345339,0,NaN,0.017035715454763567,NaN,NaN,NaN,NaN,1.0,1
exec_vol_a,fwd_micro_10s,345339,0,NaN,0.01703004048521098,NaN,NaN,NaN,NaN,1.0,1
exec_vol_a,fwd_mid_30s,345339,0,NaN,0.05129489763897048,NaN,NaN,NaN,NaN,1.0,1
exec_vol_a,fwd_micro_30s,345339,0,NaN,0.05125123473583939,NaN,NaN,NaN,NaN,1.0,1
exec_vol_a,fwd_mid_60s,345339,0,NaN,0.10092550140282143,NaN,NaN,NaN,NaN,1.0,1
exec_vol_a,fwd_micro_60s,345339,0,NaN,0.1008939365834752,NaN,NaN,NaN,NaN,1.0,1
exec_cnt_a,fwd_mid_100ms,345339,0,NaN,-0.0010793764958224987,NaN,NaN,NaN,NaN,0.6777514268588257,2
exec_cnt_a,fwd_micro_100ms,345339,0,NaN,-0.0009696899482187643,NaN,NaN,NaN,NaN,0.6777514268588257,2
exec_cnt_a,fwd_mid_300ms,345339,0,NaN,0.0008197163582180612,NaN,NaN,NaN,NaN,0.6777514268588257,2
exec_cnt_a,fwd_micro_300ms,345339,0,NaN,-0.0006600076004108641,NaN,NaN,NaN,NaN,0.6777514268588257,2
exec_cnt_a,fwd_mid_500ms,345339,0,NaN,0.002171148034642064,NaN,NaN,NaN,NaN,0.6777514268588257,2
exec_cnt_a,fwd_micro_500ms,345339,0,NaN,0.001674000731998983,NaN,NaN,NaN,NaN,0.6777514268588257,2
exec_cnt_a,fwd_mid_1s,345339,0,NaN,0.004747109897537611,NaN,NaN,NaN,NaN,0.6777514268588257,2
exec_cnt_a,fwd_micro_1s,345339,0,NaN,0.009550233976713559,NaN,NaN,NaN,NaN,0.6777514268588257,2
exec_cnt_a,fwd_mid_3s,345339,0,NaN,0.01333812642328974,NaN,NaN,NaN,NaN,0.6777514268588257,2
exec_cnt_a,fwd_micro_3s,345339,0,NaN,0.02239883424284926,NaN,NaN,NaN,NaN,0.6777514268588257,2
exec_cnt_a,fwd_mid_5s,345339,0,NaN,0.024331965467918448,NaN,NaN,NaN,NaN,0.6777514268588257,2
exec_cnt_a,fwd_micro_5s,345339,0,NaN,0.023404716401864152,NaN,NaN,NaN,NaN,0.6777514268588257,2
exec_cnt_a,fwd_mid_10s,345339,0,NaN,0.04174270008513483,NaN,NaN,NaN,NaN,0.6777514268588257,2
exec_cnt_a,fwd_micro_10s,345339,0,NaN,0.04109057503769932,NaN,NaN,NaN,NaN,0.6777514268588257,2
exec_cnt_a,fwd_mid_30s,345339,0,NaN,0.1104640721890335,NaN,NaN,NaN,NaN,0.6777514268588257,2
exec_cnt_a,fwd_micro_30s,345339,0,NaN,0.10785872058547692,NaN,NaN,NaN,NaN,0.6777514268588257,2
exec_cnt_a,fwd_mid_60s,345339,0,NaN,0.20319869140043995,NaN,NaN,NaN,NaN,0.6777514268588257,2
exec_cnt_a,fwd_micro_60s,345339,0,NaN,0.20046542776458195,NaN,NaN,NaN,NaN,0.6777514268588257,2
exec_imb,fwd_mid_100ms,345339,12,-0.13323395627068405,-0.0012280057188467897,0.10167158892559686,0.03738624061586376,2.7194921781586,NaN,0.999901546017102,2
exec_imb,fwd_micro_100ms,345339,12,-0.1656616718394598,-0.0010029130194130992,0.05911236367607578,0.11631900117446221,0.5081918094139711,NaN,0.999901546017102,2
exec_imb,fwd_mid_300ms,345339,12,-0.0037109706969249323,-0.0010186283430229748,0.07995538881450234,0.1804497976908856,0.44308937908297163,NaN,0.999901546017102,2
exec_imb,fwd_micro_300ms,345339,12,-0.1914229709260239,-0.002255153555081009,0.22843540481804694,0.1814110449389896,1.2592144259731932,NaN,0.999901546017102,2
exec_imb,fwd_mid_500ms,345339,12,-0.26029098317657373,-0.002002706555840384,0.20422990215336298,0.19314767295751914,1.0573769749650634,NaN,0.999901546017102,2
exec_imb,fwd_micro_500ms,345339,12,-0.7044414120753708,-0.003064257665487122,0.5277144165464566,0.25495328444440085,2.06984749263561,NaN,0.999901546017102,2
exec_imb,fwd_mid_1s,345339,12,0.6395111885884882,-0.002608406892867702,-0.5557479716088904,0.7528803525060002,-0.7381624049014632,NaN,0.999901546017102,2
exec_imb,fwd_micro_1s,345339,12,0.5013825725871798,0.001549724301941002,-0.5701006797796225,0.8253549098187783,-0.6907339775864404,NaN,0.999901546017102,2
exec_imb,fwd_mid_3s,345339,12,1.9122831618685818,0.00411458798830403,-2.275764177523301,1.4981046823814967,-1.5190955640733863,NaN,0.999901546017102,2
exec_imb,fwd_micro_3s,345339,12,1.805119685846488,0.011555196103170165,-2.2618975066815215,1.7242779099263061,-1.311794052258196,NaN,0.999901546017102,2
exec_imb,fwd_mid_5s,345339,12,2.4163518750278024,0.008280585311400275,-3.125079046174898,1.765585253244073,-1.7699961190958644,NaN,0.999901546017102,2
exec_imb,fwd_micro_5s,345339,12,2.3093813912198264,0.008278256764923208,-2.841785093443198,1.7158961700427977,-1.6561521279998652,NaN,0.999901546017102,2
exec_imb,fwd_mid_10s,345339,12,2.2787290733750365,0.016813020810407756,-3.0493179161177157,2.0427290953932675,-1.4927666732678808,NaN,0.999901546017102,2
exec_imb,fwd_micro_10s,345339,12,2.2819590744895795,0.016807027244290187,-3.124809486062356,2.201619145243212,-1.4193233615422431,NaN,0.999901546017102,2
exec_imb,fwd_mid_30s,345339,12,4.461890709484161,0.05086061415740279,-5.795570051275113,4.459838983292917,-1.2995020835922557,NaN,0.999901546017102,2
exec_imb,fwd_micro_30s,345339,12,4.469887246737165,0.05081615958660022,-5.921999340306738,4.339216136888598,-1.3647624717198492,NaN,0.999901546017102,2
exec_imb,fwd_mid_60s,345339,12,6.315751780380351,0.1003135667552338,-11.56640134724367,7.643656562673738,-1.5132026475032732,NaN,0.999901546017102,2
exec_imb,fwd_micro_60s,345339,12,5.812491709489383,0.10033155166498636,-10.79864865811055,7.371257210197314,-1.464967013113017,NaN,0.999901546017102,2
cancel_bbo_b,fwd_mid_100ms,345339,0,NaN,0.0001934268349582481,NaN,NaN,NaN,0.08571428571428573,0.22113633270496527,6
cancel_bbo_b,fwd_micro_100ms,345339,0,NaN,0.003371285368546401,NaN,NaN,NaN,0.942857142857143,0.22113633270496527,6
cancel_bbo_b,fwd_mid_300ms,345339,0,NaN,0.005381506148120928,NaN,NaN,NaN,0.7714285714285715,0.22113633270496527,6
cancel_bbo_b,fwd_micro_300ms,345339,0,NaN,0.008110259724023076,NaN,NaN,NaN,0.6,0.22113633270496527,6
cancel_bbo_b,fwd_mid_500ms,345339,0,NaN,0.007878300424163664,NaN,NaN,NaN,0.942857142857143,0.22113633270496527,6
cancel_bbo_b,fwd_micro_500ms,345339,0,NaN,-0.001212544486315423,NaN,NaN,NaN,0.3142857142857143,0.22113633270496527,6
cancel_bbo_b,fwd_mid_1s,345339,0,NaN,0.030405282354108477,NaN,NaN,NaN,0.7714285714285715,0.22113633270496527,6
cancel_bbo_b,fwd_micro_1s,345339,0,NaN,0.017086620323686085,NaN,NaN,NaN,0.6,0.22113633270496527,6
cancel_bbo_b,fwd_mid_3s,345339,0,NaN,0.08475154991966168,NaN,NaN,NaN,0.942857142857143,0.22113633270496527,6
cancel_bbo_b,fwd_micro_3s,345339,0,NaN,0.05298752244005031,NaN,NaN,NaN,0.8285714285714287,0.22113633270496527,6
cancel_bbo_b,fwd_mid_5s,345339,0,NaN,0.12098780625302231,NaN,NaN,NaN,0.7714285714285715,0.22113633270496527,6
cancel_bbo_b,fwd_micro_5s,345339,0,NaN,0.08205708668996331,NaN,NaN,NaN,0.8285714285714287,0.22113633270496527,6
cancel_bbo_b,fwd_mid_10s,345339,0,NaN,0.18693947938839842,NaN,NaN,NaN,0.7714285714285715,0.22113633270496527,6
cancel_bbo_b,fwd_micro_10s,345339,0,NaN,0.13045210972356383,NaN,NaN,NaN,0.8285714285714287,0.22113633270496527,6
cancel_bbo_b,fwd_mid_30s,345339,0,NaN,0.3723226500652055,NaN,NaN,NaN,0.6571428571428573,0.22113633270496527,6
cancel_bbo_b,fwd_micro_30s,345339,0,NaN,0.28563245252608827,NaN,NaN,NaN,0.6571428571428573,0.22113633270496527,6
cancel_bbo_b,fwd_mid_60s,345339,0,NaN,0.5002027611325794,NaN,NaN,NaN,0.6,0.22113633270496527,6
cancel_bbo_b,fwd_micro_60s,345339,0,NaN,0.40433708525196943,NaN,NaN,NaN,0.6,0.22113633270496527,6
add_bbo_b,fwd_mid_100ms,345339,0,NaN,0.009023294198687823,NaN,NaN,NaN,1.0,0.35774702538664904,4
add_bbo_b,fwd_micro_100ms,345339,0,NaN,0.004829005361404989,NaN,NaN,NaN,0.7999999999999999,0.35774702538664904,4
add_bbo_b,fwd_mid_300ms,345339,0,NaN,0.02617879139900524,NaN,NaN,NaN,1.0,0.35774702538664904,4
add_bbo_b,fwd_micro_300ms,345339,0,NaN,0.020006941660993014,NaN,NaN,NaN,0.7999999999999999,0.35774702538664904,4
add_bbo_b,fwd_mid_500ms,345339,0,NaN,0.0355173433016706,NaN,NaN,NaN,1.0,0.35774702538664904,4
add_bbo_b,fwd_micro_500ms,345339,0,NaN,0.019742908624525324,NaN,NaN,NaN,0.7999999999999999,0.35774702538664904,4
add_bbo_b,fwd_mid_1s,345339,0,NaN,0.057531172250721185,NaN,NaN,NaN,0.7999999999999999,0.35774702538664904,4
add_bbo_b,fwd_micro_1s,345339,0,NaN,0.03441090164863234,NaN,NaN,NaN,1.0,0.35774702538664904,4
add_bbo_b,fwd_mid_3s,345339,0,NaN,0.11524566749950041,NaN,NaN,NaN,1.0,0.35774702538664904,4
add_bbo_b,fwd_micro_3s,345339,0,NaN,0.08806458501876438,NaN,NaN,NaN,1.0,0.35774702538664904,4
add_bbo_b,fwd_mid_5s,345339,0,NaN,0.1337786043776271,NaN,NaN,NaN,1.0,0.35774702538664904,4
add_bbo_b,fwd_micro_5s,345339,0,NaN,0.1027916674081658,NaN,NaN,NaN,1.0,0.35774702538664904,4
add_bbo_b,fwd_mid_10s,345339,0,NaN,0.1648901410663093,NaN,NaN,NaN,0.7999999999999999,0.35774702538664904,4
add_bbo_b,fwd_micro_10s,345339,0,NaN,0.13019416060327244,NaN,NaN,NaN,0.7999999999999999,0.35774702538664904,4
add_bbo_b,fwd_mid_30s,345339,0,NaN,0.22043884670875902,NaN,NaN,NaN,0.7999999999999999,0.35774702538664904,4
add_bbo_b,fwd_micro_30s,345339,0,NaN,0.1809486911347491,NaN,NaN,NaN,0.7999999999999999,0.35774702538664904,4
add_bbo_b,fwd_mid_60s,345339,0,NaN,0.27537655565219465,NaN,NaN,NaN,0.7999999999999999,0.35774702538664904,4
add_bbo_b,fwd_micro_60s,345339,0,NaN,0.22877639143287024,NaN,NaN,NaN,0.7999999999999999,0.35774702538664904,4
cancel_deep_b,fwd_mid_100ms,345339,12,0.0009464675834636614,-0.009045885980336394,-0.01523742370332721,0.008282850265365689,-1.8396352964439924,-0.09090909090909088,0.1508604588534744,10
cancel_deep_b,fwd_micro_100ms,345339,12,-0.003020772630354798,-0.011844150583119864,-0.029618246947078777,0.011986767099709094,-2.4709120232925508,0.41818181818181815,0.1508604588534744,10
cancel_deep_b,fwd_mid_300ms,345339,12,-0.0003819754623585481,-0.018731850587949656,-0.05200060238492705,0.015878146057524724,-3.2749794715664384,0.22424242424242422,0.1508604588534744,10
cancel_deep_b,fwd_micro_300ms,345339,12,-0.0029439014639624783,-0.026241693680361097,-0.08407710747600135,0.01905875122254351,-4.41146990661966,-0.13939393939393938,0.1508604588534744,10
cancel_deep_b,fwd_mid_500ms,345339,12,-0.0014718263673068994,-0.023225920585846275,0.0007695596141094307,0.07136631905175762,0.010783232543510003,0.2606060606060606,0.1508604588534744,10
cancel_deep_b,fwd_micro_500ms,345339,12,0.01932497442825529,-0.03651926869130713,-0.04484818466668692,0.06977850562105321,-0.6427220569933724,-0.41818181818181815,0.1508604588534744,10
cancel_deep_b,fwd_mid_1s,345339,12,-0.0073852288098077085,-0.011499864195358716,0.03532839872382676,0.09139197765112383,0.38655907916434423,0.12727272727272726,0.1508604588534744,10
cancel_deep_b,fwd_micro_1s,345339,12,0.032347561587888804,-0.01705759596452802,0.02461619317008315,0.09819575758230331,0.25068489490954793,-0.4545454545454545,0.1508604588534744,10
cancel_deep_b,fwd_mid_3s,345339,12,-0.0165722216061702,0.0081970062593653,-0.38253723473727413,0.3155873005259036,-1.2121439427372498,0.6606060606060605,0.1508604588534744,10
cancel_deep_b,fwd_micro_3s,345339,12,0.03959826702141731,0.00428344205755675,-0.35607893934015333,0.27421795787402364,-1.2985252391958109,0.01818181818181818,0.1508604588534744,10
cancel_deep_b,fwd_mid_5s,345339,12,-0.007546954220976722,0.019212894109739597,-0.3186885856989411,0.3051729326651852,-1.0442885052606692,0.7454545454545454,0.1508604588534744,10
cancel_deep_b,fwd_micro_5s,345339,12,-0.01135659716249352,0.011993109666797872,-0.2673697245150493,0.24177530175654313,-1.105860369411424,0.5878787878787878,0.1508604588534744,10
cancel_deep_b,fwd_mid_10s,345339,12,-0.009968602069021351,0.08303944526403279,-0.4334333627931866,0.5030648029887049,-0.8615855456755505,0.6484848484848483,0.1508604588534744,10
cancel_deep_b,fwd_micro_10s,345339,12,-0.012274828143468981,0.07885371690948638,-0.35357928871410743,0.4210116196096857,-0.8398326132706411,0.6606060606060605,0.1508604588534744,10
cancel_deep_b,fwd_mid_30s,345339,12,0.015372774927145288,0.2733340290092598,0.08050487430433942,0.3044062227640883,0.2644652713513346,0.49090909090909085,0.1508604588534744,10
cancel_deep_b,fwd_micro_30s,345339,12,0.01755766397661273,0.2635673630408319,0.15578746832589793,0.23503368559571094,0.6628303850617949,0.5151515151515151,0.1508604588534744,10
cancel_deep_b,fwd_mid_60s,345339,12,0.04138446296561692,0.43433041909662873,-0.5704677531195678,1.1900654478127892,-0.4793583026614422,0.2606060606060606,0.1508604588534744,10
cancel_deep_b,fwd_micro_60s,345339,12,0.04413528684677639,0.4219812354864431,-0.5050790120637534,1.1221408730537632,-0.4501030344695005,0.2606060606060606,0.1508604588534744,10
add_deep_b,fwd_mid_100ms,345339,12,0.00067163225855943,-0.00716102137876938,-0.009138788331035807,0.007659119098294984,-1.1931905240995946,-0.28484848484848485,0.15027552636684532,10
add_deep_b,fwd_micro_100ms,345339,12,-0.002744199962977008,-0.008401484063673963,-0.025506615252804964,0.010880492716092871,-2.3442518568188757,0.06666666666666665,0.15027552636684532,10
add_deep_b,fwd_mid_300ms,345339,12,2.6929796798030473e-6,-0.010842864967007152,-0.034364936669824105,0.014584736554407254,-2.356226082084398,-0.06666666666666665,0.15027552636684532,10
add_deep_b,fwd_micro_300ms,345339,12,-0.0025094217243991804,-0.01680451397078964,-0.06676081632315668,0.01555985675208654,-4.290580394591629,-0.43030303030303024,0.15027552636684532,10
add_deep_b,fwd_mid_500ms,345339,12,-0.0009487249758600494,-0.014688212365389364,0.015048087637675662,0.0650826949103956,0.23121488221090924,0.10303030303030303,0.15027552636684532,10
add_deep_b,fwd_micro_500ms,345339,12,0.017416586978058535,-0.029212789862724124,0.0005657099812330693,0.09250409296877916,0.006115512979777021,-0.6121212121212121,0.15027552636684532,10
add_deep_b,fwd_mid_1s,345339,12,-0.005903166107872671,-0.006577538214927947,0.05572423849500813,0.08960143031415646,0.6219123768407528,0.2727272727272727,0.15027552636684532,10
add_deep_b,fwd_micro_1s,345339,12,0.030321057432987616,-0.01879744145778757,0.06863355223741435,0.13609422117851527,0.504309085595835,-0.6242424242424242,0.15027552636684532,10
add_deep_b,fwd_mid_3s,345339,12,-0.014220454521883492,0.027132938532927052,-0.4997500714775189,0.4827078576397398,-1.0353054411028424,0.8666666666666665,0.15027552636684532,10
add_deep_b,fwd_micro_3s,345339,12,0.040074117805698285,0.02038901269725769,-0.4641184796380928,0.42109869554760915,-1.1021608106254983,0.04242424242424241,0.15027552636684532,10
add_deep_b,fwd_mid_5s,345339,12,-0.009168167621808384,0.03752912022564361,-0.3965361135339313,0.4483557143452322,-0.8844230169186603,0.8060606060606059,0.15027552636684532,10
add_deep_b,fwd_micro_5s,345339,12,-0.013391881381163252,0.030435340584115313,-0.30079015084430866,0.3431939820155504,-0.8764435468180197,0.6,0.15027552636684532,10
add_deep_b,fwd_mid_10s,345339,12,-0.009114160883987303,0.08445947990158222,-0.47856555196772815,0.5694260690082702,-0.8404349186211522,0.6121212121212121,0.15027552636684532,10
add_deep_b,fwd_micro_10s,345339,12,-0.012409170551904606,0.07451016962840794,-0.3953406915251851,0.4681450085504211,-0.8444834064328282,0.6,0.15027552636684532,10
add_deep_b,fwd_mid_30s,345339,12,0.014200551741067545,0.2924704608347842,0.6175966161954735,0.31144336472955686,1.98301420462679,0.5030303030303029,0.15027552636684532,10
add_deep_b,fwd_micro_30s,345339,12,0.02584798992687528,0.2784393467456816,0.7198629440456704,0.42938321906487875,1.6765046049386967,0.5030303030303029,0.15027552636684532,10
add_deep_b,fwd_mid_60s,345339,12,0.06941183580622626,0.49876349228077266,1.0232843509604994,0.5507724949749584,1.8579075031824608,0.3696969696969697,0.15027552636684532,10
add_deep_b,fwd_micro_60s,345339,12,0.07767487886078431,0.4825277011480227,1.1111207676655583,0.6308065057928007,1.7614288335043347,0.3939393939393939,0.15027552636684532,10
cancel_bbo_a,fwd_mid_100ms,345339,0,NaN,-0.006375134042560848,NaN,NaN,NaN,-0.7714285714285715,0.2610159871893994,6
cancel_bbo_a,fwd_micro_100ms,345339,0,NaN,-0.002940717987333575,NaN,NaN,NaN,-0.2,0.2610159871893994,6
cancel_bbo_a,fwd_mid_300ms,345339,0,NaN,-0.003727258804439987,NaN,NaN,NaN,-0.6,0.2610159871893994,6
cancel_bbo_a,fwd_micro_300ms,345339,0,NaN,-0.007351050033218375,NaN,NaN,NaN,-0.8285714285714287,0.2610159871893994,6
cancel_bbo_a,fwd_mid_500ms,345339,0,NaN,-0.010405581205810173,NaN,NaN,NaN,-0.8857142857142858,0.2610159871893994,6
cancel_bbo_a,fwd_micro_500ms,345339,0,NaN,-0.013822903997719157,NaN,NaN,NaN,-0.8857142857142858,0.2610159871893994,6
cancel_bbo_a,fwd_mid_1s,345339,0,NaN,-0.006624825918144464,NaN,NaN,NaN,-0.8285714285714287,0.2610159871893994,6
cancel_bbo_a,fwd_micro_1s,345339,0,NaN,-0.002679590308534564,NaN,NaN,NaN,-0.7142857142857143,0.2610159871893994,6
cancel_bbo_a,fwd_mid_3s,345339,0,NaN,-0.020820652741710986,NaN,NaN,NaN,-0.7714285714285715,0.2610159871893994,6
cancel_bbo_a,fwd_micro_3s,345339,0,NaN,0.00357581749218689,NaN,NaN,NaN,-0.6,0.2610159871893994,6
cancel_bbo_a,fwd_mid_5s,345339,0,NaN,-0.048612994469339886,NaN,NaN,NaN,-0.942857142857143,0.2610159871893994,6
cancel_bbo_a,fwd_micro_5s,345339,0,NaN,-0.015369025723859566,NaN,NaN,NaN,-0.7714285714285715,0.2610159871893994,6
cancel_bbo_a,fwd_mid_10s,345339,0,NaN,-0.047133853665548425,NaN,NaN,NaN,-0.942857142857143,0.2610159871893994,6
cancel_bbo_a,fwd_micro_10s,345339,0,NaN,-0.0053447190839909006,NaN,NaN,NaN,-0.7714285714285715,0.2610159871893994,6
cancel_bbo_a,fwd_mid_30s,345339,0,NaN,-0.07700068112821128,NaN,NaN,NaN,-0.7142857142857143,0.2610159871893994,6
cancel_bbo_a,fwd_micro_30s,345339,0,NaN,-0.007395194968553133,NaN,NaN,NaN,-0.7714285714285715,0.2610159871893994,6
cancel_bbo_a,fwd_mid_60s,345339,0,NaN,-0.000022770566456992732,NaN,NaN,NaN,-0.4285714285714286,0.2610159871893994,6
cancel_bbo_a,fwd_micro_60s,345339,0,NaN,0.07184960442062063,NaN,NaN,NaN,-0.2,0.2610159871893994,6
add_bbo_a,fwd_mid_100ms,345339,0,NaN,-0.010389316187727853,NaN,NaN,NaN,-1.0,0.31315316254463005,4
add_bbo_a,fwd_micro_100ms,345339,0,NaN,-0.006776295265483809,NaN,NaN,NaN,-1.0,0.31315316254463005,4
add_bbo_a,fwd_mid_300ms,345339,0,NaN,-0.022485132966170034,NaN,NaN,NaN,-1.0,0.31315316254463005,4
add_bbo_a,fwd_micro_300ms,345339,0,NaN,-0.016656936426354445,NaN,NaN,NaN,-1.0,0.31315316254463005,4
add_bbo_a,fwd_mid_500ms,345339,0,NaN,-0.03256423014631518,NaN,NaN,NaN,-1.0,0.31315316254463005,4
add_bbo_a,fwd_micro_500ms,345339,0,NaN,-0.027076205835764325,NaN,NaN,NaN,-1.0,0.31315316254463005,4
add_bbo_a,fwd_mid_1s,345339,0,NaN,-0.046648764531281986,NaN,NaN,NaN,-1.0,0.31315316254463005,4
add_bbo_a,fwd_micro_1s,345339,0,NaN,-0.03690731389217711,NaN,NaN,NaN,-1.0,0.31315316254463005,4
add_bbo_a,fwd_mid_3s,345339,0,NaN,-0.05907024778575292,NaN,NaN,NaN,-1.0,0.31315316254463005,4
add_bbo_a,fwd_micro_3s,345339,0,NaN,-0.04365203086411783,NaN,NaN,NaN,-1.0,0.31315316254463005,4
add_bbo_a,fwd_mid_5s,345339,0,NaN,-0.07486410495988426,NaN,NaN,NaN,-1.0,0.31315316254463005,4
add_bbo_a,fwd_micro_5s,345339,0,NaN,-0.04947454502869711,NaN,NaN,NaN,-1.0,0.31315316254463005,4
add_bbo_a,fwd_mid_10s,345339,0,NaN,-0.07608526960293541,NaN,NaN,NaN,-1.0,0.31315316254463005,4
add_bbo_a,fwd_micro_10s,345339,0,NaN,-0.048203893453689264,NaN,NaN,NaN,-1.0,0.31315316254463005,4
add_bbo_a,fwd_mid_30s,345339,0,NaN,-0.047446061112584245,NaN,NaN,NaN,-1.0,0.31315316254463005,4
add_bbo_a,fwd_micro_30s,345339,0,NaN,-0.015338691859439233,NaN,NaN,NaN,-1.0,0.31315316254463005,4
add_bbo_a,fwd_mid_60s,345339,0,NaN,0.04739075260021928,NaN,NaN,NaN,-0.7999999999999999,0.31315316254463005,4
add_bbo_a,fwd_micro_60s,345339,0,NaN,0.08186901830710448,NaN,NaN,NaN,-0.39999999999999997,0.31315316254463005,4
cancel_deep_a,fwd_mid_100ms,345339,7,0.001294462173455579,-0.0016539807220681498,0.014005016524911498,0.0037228331457992885,3.7619243131307822,-0.6363636363636362,0.14812691297536623,10
cancel_deep_a,fwd_micro_100ms,345339,7,0.0009000827488508453,-0.0014490779461124534,0.007416852510210009,0.011530152566607534,0.6432571006640406,-0.17575757575757575,0.14812691297536623,10
cancel_deep_a,fwd_mid_300ms,345339,7,0.0008992793710163957,-0.003108555724682395,0.01822134795955942,0.009274437410004352,1.964684988860243,-0.6848484848484848,0.14812691297536623,10
cancel_deep_a,fwd_micro_300ms,345339,7,0.00249511387938566,-0.009111477137719004,-0.016189779284951054,0.018834532700074354,-0.8595795575478834,-0.7939393939393938,0.14812691297536623,10
cancel_deep_a,fwd_mid_500ms,345339,7,0.003547998464485681,-0.0029496596772185155,0.013527783337890065,0.017871475590730126,0.7569483151635716,-0.8303030303030302,0.14812691297536623,10
cancel_deep_a,fwd_micro_500ms,345339,7,0.004721402520473805,-0.016217029715516484,-0.023112529780572242,0.020042881765601,-1.1531540249985202,-0.6727272727272726,0.14812691297536623,10
cancel_deep_a,fwd_mid_1s,345339,7,0.007051681643418338,0.0059414002254413656,0.015725221061140646,0.028023764137999414,0.561138788626104,-0.41818181818181815,0.14812691297536623,10
cancel_deep_a,fwd_micro_1s,345339,7,0.0076008465695608695,-0.004150417099290388,0.003884737243386897,0.03233813264193434,0.120128681714583,-0.8787878787878788,0.14812691297536623,10
cancel_deep_a,fwd_mid_3s,345339,7,0.03391728630832276,0.009424292047498213,0.019467388074984455,0.05412437369746927,0.35967876845648755,-0.35757575757575755,0.14812691297536623,10
cancel_deep_a,fwd_micro_3s,345339,7,0.034728565569761824,0.01034892381996738,0.008246036775490944,0.05433498206943556,0.15176294279352479,-0.5757575757575757,0.14812691297536623,10
cancel_deep_a,fwd_mid_5s,345339,7,0.02917797759323925,-0.021414095039270966,0.0017629424754452203,0.07624469305060301,0.023122166342451782,-0.8181818181818182,0.14812691297536623,10
cancel_deep_a,fwd_micro_5s,345339,7,0.0330817144604381,-0.02195221255218082,-0.029128388430031096,0.07417219660370392,-0.3927130348540402,-0.7212121212121211,0.14812691297536623,10
cancel_deep_a,fwd_mid_10s,345339,7,0.03236488436115626,-0.025640458368481882,0.08720660164369551,0.10925102759589476,0.7982222553206666,-0.709090909090909,0.14812691297536623,10
cancel_deep_a,fwd_micro_10s,345339,7,0.032624262204819385,-0.023526281401018097,0.07909682007049204,0.11964436413010705,0.6610994228234465,-0.5757575757575757,0.14812691297536623,10
cancel_deep_a,fwd_mid_30s,345339,7,0.05817661111252819,0.06618342644911929,0.055106880792083236,0.2761186412328342,0.1995768215649552,-0.29696969696969694,0.14812691297536623,10
cancel_deep_a,fwd_micro_30s,345339,7,0.05735256408950375,0.07774436987098098,0.04349429981626161,0.286836971196031,0.15163421798418236,-0.2727272727272727,0.14812691297536623,10
cancel_deep_a,fwd_mid_60s,345339,7,0.07995848509298235,0.2082476449750917,0.19990746932932063,0.3844110361296042,0.5200357183864041,-0.1515151515151515,0.14812691297536623,10
cancel_deep_a,fwd_micro_60s,345339,7,0.08484446358934686,0.21551946719879747,0.1686692447719471,0.3974641117015827,0.4243634577468079,-0.07878787878787878,0.14812691297536623,10
add_deep_a,fwd_mid_100ms,345339,7,0.0009253708040242923,-0.0067880576633905,-0.0063478067215174865,0.004033076452851868,-1.5739366202762726,-0.5757575757575757,0.14694546518059068,10
add_deep_a,fwd_micro_100ms,345339,7,-0.0008880727246983328,-0.005086621098405628,-0.0021737225958497093,0.012516847669205914,-0.17366374132662216,-0.17575757575757575,0.14694546518059068,10
add_deep_a,fwd_mid_300ms,345339,7,0.002201924033521221,-0.011139365233664234,-0.015060230436053175,0.012250580028901626,-1.2293483574265878,-0.6848484848484848,0.14694546518059068,10
add_deep_a,fwd_micro_300ms,345339,7,0.002641819535137241,-0.011703317712042666,-0.03271606675024113,0.02209302119725703,-1.4808326329901411,-0.3939393939393939,0.14694546518059068,10
add_deep_a,fwd_mid_500ms,345339,7,0.0038331688774936564,-0.01335259957072065,-0.022305314439270304,0.02053093680085405,-1.0864245823572183,-0.8545454545454544,0.14694546518059068,10
add_deep_a,fwd_micro_500ms,345339,7,0.0013336537113526675,-0.01795596180018892,-0.0380328518435132,0.0224460247679463,-1.6944136984926361,-0.5515151515151515,0.14694546518059068,10
add_deep_a,fwd_mid_1s,345339,7,0.00591605331855011,-0.007794717249501238,-0.03088369231765436,0.03282969703968092,-0.9407242558566883,-0.7696969696969697,0.14694546518059068,10
add_deep_a,fwd_micro_1s,345339,7,0.006049379866351812,-0.0066082971815693324,-0.017942816859106765,0.03788973866308561,-0.473553460440932,-0.5515151515151515,0.14694546518059068,10
add_deep_a,fwd_mid_3s,345339,7,0.02359914471921162,-0.003417237780934342,0.014821368595040208,0.0633073623318649,0.23411761364096625,-0.6363636363636362,0.14694546518059068,10
add_deep_a,fwd_micro_3s,345339,7,0.02489996892101738,0.011037060384601184,0.02570734060836723,0.06865788737621731,0.37442661856898474,-0.6727272727272726,0.14694546518059068,10
add_deep_a,fwd_mid_5s,345339,7,0.030388439242230395,-0.026369673514440094,-0.03394733613394949,0.07441997319225524,-0.45615894064152035,-0.8909090909090909,0.14694546518059068,10
add_deep_a,fwd_micro_5s,345339,7,0.027845107547203516,-0.011524087399968772,-0.023929089029299043,0.0763196325649624,-0.3135377913269024,-0.6363636363636362,0.14694546518059068,10
add_deep_a,fwd_mid_10s,345339,7,0.04592403903323476,-0.03367589964222757,-0.029524207961343092,0.09359813815760555,-0.3154358467219578,-0.9151515151515152,0.14694546518059068,10
add_deep_a,fwd_micro_10s,345339,7,0.04353199712392083,-0.01758128190685478,-0.019737482438767048,0.10281592161751453,-0.1919691243170727,-0.6969696969696969,0.14694546518059068,10
add_deep_a,fwd_mid_30s,345339,7,0.06473205187530331,0.04497215697740736,0.09662250782397763,0.22325848510942906,0.4327831382382559,-0.5515151515151515,0.14694546518059068,10
add_deep_a,fwd_micro_30s,345339,7,0.0671496490531135,0.06897572700077512,0.09901947369580363,0.2364344180532762,0.4188031273580964,-0.17575757575757575,0.14694546518059068,10
add_deep_a,fwd_mid_60s,345339,7,0.07024325336247636,0.18607087599068955,0.27703043743953576,0.384760152238262,0.7200081292929347,-0.04242424242424241,0.14694546518059068,10
add_deep_a,fwd_micro_60s,345339,7,0.07458301647700588,0.2095369458587624,0.26340718974242466,0.40056091785271236,0.6575958312520155,0.006060606060606061,0.14694546518059068,10
net_lof,fwd_mid_100ms,345339,20,-0.019045227575560302,0.013796093116238316,0.0576036937676057,0.01514093420503794,3.8045006330216307,0.9515151515151514,0.14981221350614904,10
net_lof,fwd_micro_100ms,345339,20,-0.012744508801855285,0.00922131498886678,0.03550609268460557,0.012525628644028685,2.834675503614927,0.24848484848484845,0.14981221350614904,10
net_lof,fwd_mid_300ms,345339,20,-0.05230901380269019,0.04103008804407326,0.1229387054104157,0.026889076763941887,4.572068668987396,0.9999999999999999,0.14981221350614904,10
net_lof,fwd_micro_300ms,345339,20,-0.03575209922991105,0.029921286196421894,0.06556742478554028,0.025165870957552232,2.605410513950983,0.11515151515151514,0.14981221350614904,10
net_lof,fwd_mid_500ms,345339,20,-0.06389830217665621,0.05270607942710447,0.19880258271428206,0.04790467981720457,4.14996162113756,0.9636363636363635,0.14981221350614904,10
net_lof,fwd_micro_500ms,345339,20,-0.04315342884036147,0.025260027404446456,0.10937469475319628,0.039311609524833986,2.7822492153139122,0.1515151515151515,0.14981221350614904,10
net_lof,fwd_mid_1s,345339,20,-0.07964514513880097,0.06793085821284321,0.24390789493350482,0.06222806167246604,3.919580465438575,0.9878787878787878,0.14981221350614904,10
net_lof,fwd_micro_1s,345339,20,-0.0501922224361561,0.04490581316326647,0.14215984554497024,0.05497676427935088,2.5858168884334485,0.5878787878787878,0.14981221350614904,10
net_lof,fwd_mid_3s,345339,20,-0.09123250602894892,0.11167472357163079,0.28890311150663,0.06926079107567586,4.171236092163142,0.9757575757575757,0.14981221350614904,10
net_lof,fwd_micro_3s,345339,20,-0.055875016201497894,0.0889981363852917,0.2047101829917887,0.07107910794368227,2.880033091495543,0.8303030303030302,0.14981221350614904,10
net_lof,fwd_mid_5s,345339,20,-0.0628295833388466,0.07968770792745203,0.22036754088394486,0.06952650249457527,3.1695473377384227,0.9878787878787878,0.14981221350614904,10
net_lof,fwd_micro_5s,345339,20,-0.0279460704555126,0.06390818157529979,0.1570069639322865,0.08461283948710008,1.8555926604522415,0.9393939393939393,0.14981221350614904,10
net_lof,fwd_mid_10s,345339,20,-0.010524475215231708,0.059650831770866525,0.16335827841978498,0.09304292926741746,1.7557301742969857,0.9515151515151514,0.14981221350614904,10
net_lof,fwd_micro_10s,345339,20,0.02074344718696214,0.03757287338492765,0.04089997453826717,0.07637714455483967,0.5355001784454055,0.5636363636363636,0.14981221350614904,10
net_lof,fwd_mid_30s,345339,20,0.03434805908982776,0.1169055854740785,0.208672117020923,0.1284480936288021,1.6245637527634909,0.7939393939393938,0.14981221350614904,10
net_lof,fwd_micro_30s,345339,20,0.06599318420684301,0.07789272537482451,0.12099561717204763,0.12176742099721403,0.9936616558119921,0.6484848484848483,0.14981221350614904,10
net_lof,fwd_mid_60s,345339,20,0.11097963352384294,0.25281359078069193,0.28042765351670046,0.19526750976982912,1.4361203963078832,0.49090909090909085,0.14981221350614904,10
net_lof,fwd_micro_60s,345339,20,0.15231034128125925,0.22446856957153882,0.17370646570997686,0.20939757042243853,0.8295533962478243,0.3696969696969697,0.14981221350614904,10
repl_b,fwd_mid_100ms,345339,12,0.0005499831313027785,-0.0063287109235630225,-0.0066526680291613405,0.007395985915250173,-0.8994971198422449,-0.28484848484848485,0.15056799261015988,10
repl_b,fwd_micro_100ms,345339,12,-0.002199701549898554,-0.007912823371637933,-0.023144148395898012,0.01059903381296703,-2.1836092614010805,0.07878787878787878,0.15056799261015988,10
repl_b,fwd_mid_300ms,345339,12,-0.0003112010921664701,-0.009467619608838282,-0.030134892111245325,0.014409628088424008,-2.091302560088572,0.01818181818181818,0.15056799261015988,10
repl_b,fwd_micro_300ms,345339,12,-0.001631056471579316,-0.01666341823072298,-0.064854680581922,0.015707424257737544,-4.128918880508006,-0.406060606060606,0.15056799261015988,10
repl_b,fwd_mid_500ms,345339,12,-0.0013736932272146625,-0.012302094697487156,0.02184202157943325,0.06441306681758617,0.3390930234899156,0.11515151515151514,0.15056799261015988,10
repl_b,fwd_micro_500ms,345339,12,0.01834659180813217,-0.027800464017019817,0.003950441669256853,0.0920849899195896,0.04289995223658552,-0.6848484848484848,0.15056799261015988,10
repl_b,fwd_mid_1s,345339,12,-0.006332597186977489,-0.004154524708540037,0.06298293565408891,0.08888955575418477,0.7085527103798557,0.5151515151515151,0.15056799261015988,10
repl_b,fwd_micro_1s,345339,12,0.03181057281517764,-0.01759969594323394,0.07295284475096861,0.13563138093745367,0.5378758532629758,-0.5151515151515151,0.15056799261015988,10
repl_b,fwd_mid_3s,345339,12,-0.016145865991906,0.032596906939550745,-0.48441717369223153,0.48406483897381275,-1.0007278667857094,0.8303030303030302,0.15056799261015988,10
repl_b,fwd_micro_3s,345339,12,0.03945412790365952,0.024124735771654044,-0.45341409442816233,0.4221441812408759,-1.0740740120955115,-0.04242424242424241,0.15056799261015988,10
repl_b,fwd_mid_5s,345339,12,-0.010653620126746508,0.04282961584239714,-0.38190582776385873,0.44981307418852284,-0.8490322973666985,0.7333333333333332,0.15056799261015988,10
repl_b,fwd_micro_5s,345339,12,-0.013916871025466265,0.03335024749228828,-0.29151892395647544,0.34408427609012554,-0.8472311704244174,0.6484848484848483,0.15056799261015988,10
repl_b,fwd_mid_10s,345339,12,-0.011010529833219882,0.08992086260856004,-0.45820305267751354,0.5715585735103162,-0.8016729586670145,0.7333333333333332,0.15056799261015988,10
repl_b,fwd_micro_10s,345339,12,-0.012694968536015403,0.07801112530773459,-0.38147462100981416,0.4695404554343206,-0.8124424990322796,0.5878787878787878,0.15056799261015988,10
repl_b,fwd_mid_30s,345339,12,0.011215890351522987,0.29868977274639424,0.6493233279174841,0.30735794330914407,2.112596541109684,0.38181818181818183,0.15056799261015988,10
repl_b,fwd_micro_30s,345339,12,0.02354797567402954,0.2813072203286438,0.7460860876669001,0.42562424289517703,1.7529219731279417,0.309090909090909,0.15056799261015988,10
repl_b,fwd_mid_60s,345339,12,0.0642311739103504,0.506858355137333,1.0346770036425246,0.5408428266351722,1.9130826049403633,0.34545454545454546,0.15056799261015988,10
repl_b,fwd_micro_60s,345339,12,0.073384446076695,0.4879414967574437,1.1168253684188312,0.6222648786933241,1.7947748726619766,0.34545454545454546,0.15056799261015988,10
repl_a,fwd_mid_100ms,345339,7,0.0011506209782706622,-0.006985149126892574,-0.007766271721932305,0.005017661267237347,-1.5477871678269552,-0.7696969696969697,0.14729584553149225,10
repl_a,fwd_micro_100ms,345339,7,-0.00036185157885938973,-0.00521331293789306,-0.002829021505122157,0.012851659988080627,-0.2201288788954855,-0.18787878787878787,0.14729584553149225,10
repl_a,fwd_mid_300ms,345339,7,0.002624660397364254,-0.011659090076016097,-0.018465129652790978,0.013384565159809802,-1.3795838290090086,-0.7575757575757575,0.14729584553149225,10
repl_a,fwd_micro_300ms,345339,7,0.003770827865940719,-0.011683472864146562,-0.03826960582783085,0.021668414066273525,-1.7661470613761607,-0.5151515151515151,0.14729584553149225,10
repl_a,fwd_mid_500ms,345339,7,0.004351178737869959,-0.015149857010211609,-0.031212982212229363,0.021614271051710807,-1.4440913661883037,-0.8909090909090909,0.14729584553149225,10
repl_a,fwd_micro_500ms,345339,7,0.002330010594498248,-0.019648910126639677,-0.04727918001382847,0.02035119084660124,-2.3231652815896204,-0.6,0.14729584553149225,10
repl_a,fwd_mid_1s,345339,7,0.007174465937197932,-0.00928357495439229,-0.03769826660569111,0.03211930690806573,-1.1736948967670409,-0.8787878787878788,0.14729584553149225,10
repl_a,fwd_micro_1s,345339,7,0.0067647997827825716,-0.007422516810874831,-0.025043568454941403,0.037228684788991835,-0.6726954926526587,-0.5515151515151515,0.14729584553149225,10
repl_a,fwd_mid_3s,345339,7,0.030155185241698034,-0.005621372487075291,-0.009469725563174738,0.059260073221781624,-0.15979942393479943,-0.8787878787878788,0.14729584553149225,10
repl_a,fwd_micro_3s,345339,7,0.030158050255433583,0.009622538735159683,0.004494882607099046,0.06585249671682682,0.06825682899203578,-0.6848484848484848,0.14729584553149225,10
repl_a,fwd_mid_5s,345339,7,0.0371041484615157,-0.029551849562599104,-0.06073149263460055,0.07026939237070465,-0.8642666541673348,-0.9878787878787878,0.14729584553149225,10
repl_a,fwd_micro_5s,345339,7,0.03245952996931499,-0.013932964772859529,-0.04761538453065902,0.07400334180137584,-0.6434220857006456,-0.7818181818181817,0.14729584553149225,10
repl_a,fwd_mid_10s,345339,7,0.05035654783119252,-0.03836983807982822,-0.058044062668288945,0.09326200789000028,-0.6223762921419209,-0.8787878787878788,0.14729584553149225,10
repl_a,fwd_micro_10s,345339,7,0.045122495729836155,-0.02199193764771851,-0.04209891753177552,0.10310091553733543,-0.40832729091072373,-0.5151515151515151,0.14729584553149225,10
repl_a,fwd_mid_30s,345339,7,0.07594041063080162,0.04447055731054679,0.047713898067629316,0.21268320186273026,0.22434257924339865,-0.5151515151515151,0.14729584553149225,10
repl_a,fwd_micro_30s,345339,7,0.07506523789225449,0.07028502534478526,0.058775394745054166,0.22825817392516815,0.2574952464323272,-0.19999999999999998,0.14729584553149225,10
repl_a,fwd_mid_60s,345339,7,0.07455694752931064,0.18274108620736032,0.22849791390222443,0.3666927357323566,0.623131825739252,-0.01818181818181818,0.14729584553149225,10
repl_a,fwd_micro_60s,345339,7,0.07631463170476903,0.207682932633389,0.2223377951803704,0.38194822767721687,0.5821150068754012,-0.0303030303030303,0.14729584553149225,10
depl_b,fwd_mid_100ms,345339,12,0.0007766351025639928,-0.00828329461184029,-0.012204316621365209,0.007286520166170124,-1.6749170170457284,-0.0303030303030303,0.15097918277402783,10
depl_b,fwd_micro_100ms,345339,12,-0.003670533852225724,-0.010920460788651989,-0.02678768396951182,0.011213602839478467,-2.388856137761848,0.406060606060606,0.15097918277402783,10
depl_b,fwd_mid_300ms,345339,12,-0.001373930193313354,-0.017176543462241633,-0.04531051104454198,0.014773548131420955,-3.067002634808752,0.19999999999999998,0.15097918277402783,10
depl_b,fwd_micro_300ms,345339,12,-0.0044042639613899575,-0.024653558917276667,-0.07799267321282648,0.018854485728937553,-4.136557970028565,0.01818181818181818,0.15097918277402783,10
depl_b,fwd_mid_500ms,345339,12,-0.0028542019559511813,-0.02145148866652266,0.00754103895841825,0.07065479536240761,0.10673074516369647,0.2727272727272727,0.15097918277402783,10
depl_b,fwd_micro_500ms,345339,12,0.017241052541540368,-0.03444152940582031,-0.04024411250893862,0.06923219415332912,-0.5812918830769633,-0.35757575757575755,0.15097918277402783,10
depl_b,fwd_mid_1s,345339,12,-0.009485385831732272,-0.008633850610802404,0.04480144888518256,0.09048499158353523,0.4951257451775537,0.19999999999999998,0.15097918277402783,10
depl_b,fwd_micro_1s,345339,12,0.03052710702505687,-0.015122346169330059,0.02691858513638518,0.09840059322502279,0.2735612078560103,-0.4545454545454545,0.15097918277402783,10
depl_b,fwd_mid_3s,345339,12,-0.020210123094858437,0.013163646384398294,-0.3644397236403176,0.31678194875681825,-1.1504434677244961,0.709090909090909,0.15097918277402783,10
depl_b,fwd_micro_3s,345339,12,0.036205919575097084,0.008518216695486757,-0.34583224670228585,0.2749319858604251,-1.2578829110042318,0.0303030303030303,0.15097918277402783,10
depl_b,fwd_mid_5s,345339,12,-0.009142225234632411,0.02402910894559302,-0.30419205786812825,0.30676426738682167,-0.9916150288930167,0.7454545454545454,0.15097918277402783,10
depl_b,fwd_micro_5s,345339,12,-0.012233267621409723,0.014413089924683207,-0.2560483554152862,0.2437343014539101,-1.050522449601558,0.6606060606060605,0.15097918277402783,10
depl_b,fwd_mid_10s,345339,12,-0.010491196196112901,0.08373385241283639,-0.4152171582649244,0.5054980440160244,-0.8214021066553562,0.6121212121212121,0.15097918277402783,10
depl_b,fwd_micro_10s,345339,12,-0.010217383532376596,0.07694089031771657,-0.34530142094807514,0.4226776049542041,-0.8169380560994888,0.6242424242424242,0.15097918277402783,10
depl_b,fwd_mid_30s,345339,12,0.007289918301805213,0.29304327710704553,0.14282309919976735,0.31181161222046777,0.4580429130996688,0.34545454545454546,0.15097918277402783,10
depl_b,fwd_micro_30s,345339,12,0.01004167444046469,0.2814632569225258,0.21523617738687287,0.24214833620952225,0.8888608559368202,0.3696969696969697,0.15097918277402783,10
depl_b,fwd_mid_60s,345339,12,0.034361596864383365,0.46834930615498815,-0.5064914132865493,1.20010795837909,-0.42203820893799865,0.11515151515151514,0.15097918277402783,10
depl_b,fwd_micro_60s,345339,12,0.03578157608218988,0.45377461656510804,-0.4393071739543275,1.1328129745877054,-0.3878020324707317,0.17575757575757575,0.15097918277402783,10
depl_a,fwd_mid_100ms,345339,8,0.0015848309277034232,-0.0018356981941843235,0.014535435092531964,0.003792088297603416,3.8330951053324096,-0.8181818181818182,0.14857285160378642,10
depl_a,fwd_micro_100ms,345339,8,0.0007224689703403054,-0.0013649805594664925,0.010007827944881451,0.008989275064036484,1.1133075663598175,-0.05454545454545454,0.14857285160378642,10
depl_a,fwd_mid_300ms,345339,8,0.002170208972565191,-0.0034265976283421183,0.011970426151902643,0.009320987064943421,1.2842444763091518,-0.7818181818181817,0.14857285160378642,10
depl_a,fwd_micro_300ms,345339,8,0.004113697289349921,-0.00904202262485148,-0.020949028733697334,0.01658304840106721,-1.263279719568879,-0.6606060606060605,0.14857285160378642,10
depl_a,fwd_mid_500ms,345339,8,0.004894197978283782,-0.004033483299817411,0.007078168772410468,0.015135467632125168,0.46765444877216683,-0.709090909090909,0.14857285160378642,10
depl_a,fwd_micro_500ms,345339,8,0.007289809134520794,-0.016496779564512135,-0.026692423809640778,0.018798945543917745,-1.4198894159931703,-0.6969696969696969,0.14857285160378642,10
depl_a,fwd_mid_1s,345339,8,0.00789754289752303,0.004048749375611801,0.011436623069939623,0.022570050074444015,0.5067167787496081,-0.5030303030303029,0.14857285160378642,10
depl_a,fwd_micro_1s,345339,8,0.007524981491818778,-0.004800949939057048,0.004356724484891146,0.028662703582560654,0.15199977463193395,-0.709090909090909,0.14857285160378642,10
depl_a,fwd_mid_3s,345339,8,0.037541718754083776,0.005795140087124669,-0.009855862859778085,0.05329927124573003,-0.18491552753768034,-0.5515151515151515,0.14857285160378642,10
depl_a,fwd_micro_3s,345339,8,0.035488128697841896,0.007888959627012906,-0.009367350133735776,0.051808877677302245,-0.18080588798084818,-0.5878787878787878,0.14857285160378642,10
depl_a,fwd_mid_5s,345339,8,0.035292604552776635,-0.02615785638267268,-0.02507692259398412,0.060725729254348194,-0.4129538319572921,-0.9515151515151514,0.14857285160378642,10
depl_a,fwd_micro_5s,345339,8,0.03658276630179586,-0.024408719229861053,-0.044008457722767916,0.056617169144456254,-0.7772988015434371,-0.8424242424242423,0.14857285160378642,10
depl_a,fwd_mid_10s,345339,8,0.043195382110056184,-0.034225844972421114,0.006725767519954361,0.10165886731529354,0.0661601658327993,-0.8060606060606059,0.14857285160378642,10
depl_a,fwd_micro_10s,345339,8,0.0400239465434201,-0.029483071368381537,0.014269784152963129,0.10803781129676257,0.13208138874422692,-0.7939393939393938,0.14857285160378642,10
depl_a,fwd_mid_30s,345339,8,0.05495962748068879,0.06405132552087818,0.04858021199791714,0.23630311699832374,0.20558430466349606,-0.43030303030303024,0.14857285160378642,10
depl_a,fwd_micro_30s,345339,8,0.056426243038220185,0.07916016856433562,0.04010316811048516,0.2479267691929924,0.16175408666446925,-0.19999999999999998,0.14857285160378642,10
depl_a,fwd_mid_60s,345339,8,0.07387171487388032,0.19749138725811577,0.17764680233778968,0.33044433592917766,0.5375997801211027,-0.19999999999999998,0.14857285160378642,10
depl_a,fwd_micro_60s,345339,8,0.0804674646639166,0.2097105676972263,0.14699269902315293,0.34225453813167456,0.42948356455861186,-0.07878787878787878,0.14857285160378642,10
repl_depl_ratio,fwd_mid_100ms,302087,18,0.0011688569416419242,-0.0011991532679258396,-0.0016358014268449497,0.002328820810206547,-0.7024161840514761,-0.35757575757575755,0.10810130856342709,10
repl_depl_ratio,fwd_micro_100ms,302087,18,-0.002703939699426975,-0.0062442552716680385,-0.0026407147866977874,0.004456336513261321,-0.5925752641972744,0.29696969696969694,0.10810130856342709,10
repl_depl_ratio,fwd_mid_300ms,302087,18,-0.0007620541911509547,-0.0025470637974792463,-0.0018879744950605264,0.0042955699828412415,-0.4395166421690454,0.006060606060606061,0.10810130856342709,10
repl_depl_ratio,fwd_micro_300ms,302087,18,-0.008665095111612361,-0.005705341537326926,0.004925589647113137,0.005982076642930886,0.8233912637902732,0.6242424242424242,0.10810130856342709,10
repl_depl_ratio,fwd_mid_500ms,302087,18,0.00023617641755114313,-0.004658756280383698,-0.005948661265028317,0.006194978348433471,-0.9602392341746537,0.0303030303030303,0.10810130856342709,10
repl_depl_ratio,fwd_micro_500ms,302087,18,-0.0037271050821346863,-0.004539629471852367,0.0052949321435430555,0.010584023035945543,0.5002759466377166,0.2727272727272727,0.10810130856342709,10
repl_depl_ratio,fwd_mid_1s,302087,18,-0.0015967707873362819,-0.019615188925322855,-0.043093200755369765,0.04029762113977276,-1.0693733162535948,0.18787878787878787,0.10810130856342709,10
repl_depl_ratio,fwd_micro_1s,302087,18,0.0020506252651776155,-0.007875560701703522,-0.02652254878171588,0.04421432273561731,-0.5998632827717242,0.35757575757575755,0.10810130856342709,10
repl_depl_ratio,fwd_mid_3s,302087,18,0.0059298405306824845,-0.014810178070169877,-0.051955860482623746,0.049762277157220314,-1.044081248904124,0.49090909090909085,0.10810130856342709,10
repl_depl_ratio,fwd_micro_3s,302087,18,0.01622013335694402,-0.0055458752083072235,-0.04537167811268085,0.05136179070051082,-0.8833741482504348,0.5515151515151515,0.10810130856342709,10
repl_depl_ratio,fwd_mid_5s,302087,18,0.010385699444106769,-0.018752825345174952,-0.06696632246822849,0.06014988544818006,-1.113324189551797,0.22424242424242422,0.10810130856342709,10
repl_depl_ratio,fwd_micro_5s,302087,18,0.0030984302540324354,-0.009225378370049032,-0.04956218615143085,0.06821767530566582,-0.7265299781816877,0.4424242424242424,0.10810130856342709,10
repl_depl_ratio,fwd_mid_10s,302087,18,0.041371187876062705,-0.013038122054599479,-0.11178575323520357,0.07436909134486104,-1.5031211382808976,-0.09090909090909088,0.10810130856342709,10
repl_depl_ratio,fwd_micro_10s,302087,18,0.03382367249594816,0.010043598180019916,-0.07386532767279748,0.07425106808032478,-0.9948049177271092,0.19999999999999998,0.10810130856342709,10
repl_depl_ratio,fwd_mid_30s,302087,18,0.07354914083167219,-0.008279245923323252,-0.13349208085000525,0.07627607585485209,-1.750117312065596,0.13939393939393938,0.10810130856342709,10
repl_depl_ratio,fwd_micro_30s,302087,18,0.054404769722172334,-0.02184899915985037,-0.12417554557446496,0.07630542726886065,-1.6273488009828567,0.13939393939393938,0.10810130856342709,10
repl_depl_ratio,fwd_mid_60s,302087,18,0.13646944795782573,0.056681613738503,-0.14315660112044556,0.1006177917376187,-1.4227762172892389,0.18787878787878787,0.10810130856342709,10
repl_depl_ratio,fwd_micro_60s,302087,18,0.11831064776370175,0.06078328387288538,-0.1178637755847139,0.09915315312318701,-1.1887042607538763,0.309090909090909,0.10810130856342709,10
add_cancel_ratio,fwd_mid_100ms,302078,18,0.0011688569416419242,-0.0012234224166241712,-0.0016346802406794097,0.002328581449323987,-0.70200689830024,-0.35757575757575755,0.10810783969703189,10
add_cancel_ratio,fwd_micro_100ms,302078,18,-0.002703939699426975,-0.006331559825502193,-0.002642787457009113,0.004456402512893417,-0.5930315875558614,0.29696969696969694,0.10810783969703189,10
add_cancel_ratio,fwd_mid_300ms,302078,18,-0.0007620541911509547,-0.0026626241061117484,-0.0018927954995179967,0.00429250971533248,-0.4409531078653339,0.10303030303030303,0.10810783969703189,10
add_cancel_ratio,fwd_micro_300ms,302078,18,-0.008665095111612361,-0.005895846596404658,0.0048872340506905905,0.005978368734448534,0.8174862186953088,0.6242424242424242,0.10810783969703189,10
add_cancel_ratio,fwd_mid_500ms,302078,18,0.00023617641755114313,-0.004772042827849101,-0.0059558417994872,0.006193331142048489,-0.9616540215411867,0.0303030303030303,0.10810783969703189,10
add_cancel_ratio,fwd_micro_500ms,302078,18,-0.0037271050821346863,-0.00473595701262704,0.005259327297601631,0.010581725967599974,0.4970197974985447,0.28484848484848485,0.10810783969703189,10
add_cancel_ratio,fwd_mid_1s,302078,18,-0.0015967707873362819,-0.019593546737113,-0.04300585595555051,0.04029154627078173,-1.0673667291527384,0.11515151515151514,0.10810783969703189,10
add_cancel_ratio,fwd_micro_1s,302078,18,0.0020506252651776155,-0.007899494667086117,-0.026509237150471224,0.04420721596094349,-0.5996585981323003,0.35757575757575755,0.10810783969703189,10
add_cancel_ratio,fwd_mid_3s,302078,18,0.0059298405306824845,-0.014097325624877428,-0.051759065854786825,0.04974118321494995,-1.0405676445434935,0.49090909090909085,0.10810783969703189,10
add_cancel_ratio,fwd_micro_3s,302078,18,0.01622013335694402,-0.004967702969086387,-0.04527313200548148,0.05133938235412287,-0.8818402156302093,0.5515151515151515,0.10810783969703189,10
add_cancel_ratio,fwd_mid_5s,302078,18,0.010385699444106769,-0.01824219353931869,-0.06691956169671763,0.06011152423134148,-1.1132567765071995,0.22424242424242422,0.10810783969703189,10
add_cancel_ratio,fwd_micro_5s,302078,18,0.0030984302540324354,-0.008944906188677383,-0.04962300991898337,0.06819594708858462,-0.7276533582637172,0.4424242424242424,0.10810783969703189,10
add_cancel_ratio,fwd_mid_10s,302078,18,0.041371187876062705,-0.013183826988029142,-0.11192653974693743,0.0742915177675905,-1.5065857194771852,-0.09090909090909088,0.10810783969703189,10
add_cancel_ratio,fwd_micro_10s,302078,18,0.03382367249594816,0.009545733747680973,-0.07415380419253552,0.07417817164830728,-0.9996715009924039,0.19999999999999998,0.10810783969703189,10
add_cancel_ratio,fwd_mid_30s,302078,18,0.07354914083167219,-0.008122941166418762,-0.13363878926876888,0.07629743628273387,-1.7515501932928166,0.13939393939393938,0.10810783969703189,10
add_cancel_ratio,fwd_micro_30s,302078,18,0.054404769722172334,-0.021889081553810988,-0.12429811821183365,0.07636185668613567,-1.6277513880094188,0.13939393939393938,0.10810783969703189,10
add_cancel_ratio,fwd_mid_60s,302078,18,0.13646944795782573,0.05715296675623923,-0.14286197594927247,0.10066065601146149,-1.4192434423734117,0.18787878787878787,0.10810783969703189,10
add_cancel_ratio,fwd_micro_60s,302078,18,0.11831064776370175,0.06113088623065949,-0.11762994835153595,0.09921529723542086,-1.185602942582738,0.309090909090909,0.10810783969703189,10
cancel_add_ratio,fwd_mid_100ms,303293,16,-0.0008037800383074394,-0.0012513415185812459,-0.00006968047818405889,0.0024085918723741623,-0.028929964840981738,-0.09090909090909088,0.10785280240559458,10
cancel_add_ratio,fwd_micro_100ms,303293,16,-0.005935470514210587,-0.006513795382419047,-0.004597597244517896,0.004304966036119876,-1.0679752652965813,-0.35757575757575755,0.10785280240559458,10
cancel_add_ratio,fwd_mid_300ms,303293,16,-0.0023566598020721926,-0.004192137536792192,-0.0004419759119254894,0.006183818918290472,-0.07147297127640899,-0.34545454545454546,0.10785280240559458,10
cancel_add_ratio,fwd_micro_300ms,303293,16,-0.002669460942366311,-0.011345679976503676,-0.011579381905493997,0.007068872561426477,-1.6380804442112213,-0.6484848484848483,0.10785280240559458,10
cancel_add_ratio,fwd_mid_500ms,303293,16,-0.005533103956314457,-0.003389799082922827,0.004043075608492303,0.008182086260675217,0.4941374949716862,-0.07878787878787878,0.10785280240559458,10
cancel_add_ratio,fwd_micro_500ms,303293,16,0.0014117189554217005,-0.003424729835879441,0.002212603128375755,0.013929268493711284,0.1588456083946325,-0.6848484848484848,0.10785280240559458,10
cancel_add_ratio,fwd_mid_1s,303293,16,-0.006879684568621129,-0.00575321434902833,0.001623297208835332,0.016473998563279548,0.09853692791097193,-0.17575757575757575,0.10785280240559458,10
cancel_add_ratio,fwd_micro_1s,303293,16,0.00986333972007919,-0.001726455085677858,-0.007948659130810932,0.019850509347595045,-0.40042595339116266,-0.709090909090909,0.10785280240559458,10
cancel_add_ratio,fwd_mid_3s,303293,16,0.006448488855392423,-0.00019380742356276754,-0.0015717169340136328,0.02678445144932244,-0.058680198733485435,-0.406060606060606,0.10785280240559458,10
cancel_add_ratio,fwd_micro_3s,303293,16,0.028741258678143738,0.008020972347686539,0.005825236360603752,0.026358807914854173,0.22099771656672734,-0.5878787878787878,0.10785280240559458,10
cancel_add_ratio,fwd_mid_5s,303293,16,0.007268731931036386,-0.0014893752528703555,0.010211782587465211,0.035938181252136395,0.28414856377458325,-0.3939393939393939,0.10785280240559458,10
cancel_add_ratio,fwd_micro_5s,303293,16,0.02152227314185353,-0.007844602752778084,-0.009135730384761977,0.03819869099292892,-0.239163441136062,-0.5393939393939393,0.10785280240559458,10
cancel_add_ratio,fwd_mid_10s,303293,16,0.014366470732826686,0.029317926812056822,0.04245420676469565,0.050461068344528334,0.8413259599427229,0.12727272727272726,0.10785280240559458,10
cancel_add_ratio,fwd_micro_10s,303293,16,0.040844010903703515,0.03246326403996132,0.024939947481581848,0.04638973553374307,0.5376177983045618,-0.24848484848484845,0.10785280240559458,10
cancel_add_ratio,fwd_mid_30s,303293,16,0.059225740960271556,0.022332335402501357,-0.07806791877773475,0.08834394258201186,-0.8836816254296368,-0.22424242424242422,0.10785280240559458,10
cancel_add_ratio,fwd_micro_30s,303293,16,0.050208804989257685,0.0008947963489248857,-0.0890355453418149,0.08449352991439464,-1.053755777892367,-0.309090909090909,0.10785280240559458,10
cancel_add_ratio,fwd_mid_60s,303293,16,0.1371197660584721,0.07780345067170458,-0.11538671810959916,0.14177722054273934,-0.8138593609600024,-0.5636363636363636,0.10785280240559458,10
cancel_add_ratio,fwd_micro_60s,303293,16,0.13885074298438038,0.05928162579533521,-0.1350086168203797,0.13957460957197085,-0.9672863655818668,-0.5757575757575757,0.10785280240559458,10
cancel_intensity,fwd_mid_100ms,345339,19,0.001018845946964208,-0.003941996035339456,-0.004646205742948674,0.004845440058004714,-0.9588821009710145,-0.6606060606060605,0.1810308132009417,10
cancel_intensity,fwd_micro_100ms,345339,19,-0.003530528348358658,-0.003539627291941107,0.06224570619342665,0.061094506970109964,1.0188429251729603,0.29696969696969694,0.1810308132009417,10
cancel_intensity,fwd_mid_300ms,345339,19,-0.0001110843060344389,-0.005119661559830979,-0.0123998389711782,0.006899583157199873,-1.7971866834069077,-0.4787878787878787,0.1810308132009417,10
cancel_intensity,fwd_micro_300ms,345339,19,-0.0020902506696280163,-0.005276266661964576,0.04131713414564095,0.06275280386759564,0.6584109649158854,-0.29696969696969694,0.1810308132009417,10
cancel_intensity,fwd_mid_500ms,345339,19,-0.00046532149480931406,-0.007356371824046394,-0.028659662629514856,0.01458288778205791,-1.965294052716797,-0.6484848484848483,0.1810308132009417,10
cancel_intensity,fwd_micro_500ms,345339,19,0.0180857449743404,-0.013589563367906019,-0.06869272490182103,0.03300563753910028,-2.0812421762931823,-0.5515151515151515,0.1810308132009417,10
cancel_intensity,fwd_mid_1s,345339,19,-0.0099492224035546,0.0041407263111382904,0.005751874745835566,0.03505245358268615,0.1640933560404643,0.24848484848484845,0.1810308132009417,10
cancel_intensity,fwd_micro_1s,345339,19,0.02115907653486447,0.00654061285660863,0.069334780339658,0.05306143911512278,1.3066886517952965,-0.23636363636363633,0.1810308132009417,10
cancel_intensity,fwd_mid_3s,345339,19,-0.012366721894253916,0.025784146529934576,-0.08437637566478623,0.10653876794440759,-0.7919781436632927,0.12727272727272726,0.1810308132009417,10
cancel_intensity,fwd_micro_3s,345339,19,0.03543500719303868,0.03037544101678857,-0.014008280241195556,0.09874930577046231,-0.1418569997216698,-0.29696969696969694,0.1810308132009417,10
cancel_intensity,fwd_mid_5s,345339,19,-0.0023517711858105214,0.026283626154693093,-0.05200987874231117,0.11323833210347042,-0.45929569763344497,-0.05454545454545454,0.1810308132009417,10
cancel_intensity,fwd_micro_5s,345339,19,-0.004218781486641634,0.02794329137751032,-0.007221113602714322,0.10502609504506107,-0.06875542311285714,0.16363636363636364,0.1810308132009417,10
cancel_intensity,fwd_mid_10s,345339,19,-0.0017769547840236822,0.0679184474002176,-0.10274124279068651,0.22963445012252506,-0.44741214889955455,-0.006060606060606061,0.1810308132009417,10
cancel_intensity,fwd_micro_10s,345339,19,-0.003309581286098063,0.069926331941954,-0.23101311962480223,0.2467418168087235,-0.9362544323157258,-0.12727272727272726,0.1810308132009417,10
cancel_intensity,fwd_mid_30s,345339,19,-0.006630691449209187,0.2085720346023619,0.2844784221241338,0.3088602675552161,0.9210586534031171,0.3696969696969697,0.1810308132009417,10
cancel_intensity,fwd_micro_30s,345339,19,-0.00851174012111676,0.21068728352451868,0.3816430104032838,0.31721865505446134,1.2030913198902562,0.4545454545454545,0.1810308132009417,10
cancel_intensity,fwd_mid_60s,345339,19,-0.017007436254048002,0.3403431028776687,0.11380291198635034,0.709709418019291,0.16035141861856622,0.3939393939393939,0.1810308132009417,10
cancel_intensity,fwd_micro_60s,345339,19,-0.01824034675728739,0.3411743677920101,0.15948183227889534,0.6840335675899671,0.23314913161468437,0.4666666666666666,0.1810308132009417,10
cancel_int_b,fwd_mid_100ms,345339,19,0.0009211164132206688,-0.004285247863425272,-0.004579441327687619,0.005583521440966631,-0.8201708144412205,-0.5393939393939393,0.17925285009801964,10
cancel_int_b,fwd_micro_100ms,345339,19,-0.003075979552136477,-0.0047471477415683095,0.011391314106487865,0.0207196339487996,0.549783559624509,0.18787878787878787,0.17925285009801964,10
cancel_int_b,fwd_mid_300ms,345339,19,-0.000010781486399625613,-0.0048307746686023735,-0.011295973134007558,0.007033130465742086,-1.6061088570771576,-0.4666666666666666,0.17925285009801964,10
cancel_int_b,fwd_micro_300ms,345339,19,-0.0018404408593888405,-0.006042304025661093,-0.016741089079443956,0.013683671137475662,-1.2234355028889068,-0.5878787878787878,0.17925285009801964,10
cancel_int_b,fwd_mid_500ms,345339,19,-0.0002867531337660195,-0.0066907644430441605,-0.020291438634415807,0.011709370626625158,-1.7329230819867,-0.28484848484848485,0.17925285009801964,10
cancel_int_b,fwd_micro_500ms,345339,19,0.019233736901377696,-0.01222115934356172,-0.0635162386916638,0.03414794767087285,-1.8600309249577889,-0.6121212121212121,0.17925285009801964,10
cancel_int_b,fwd_mid_1s,345339,19,-0.009000355569075193,0.009967956465876674,0.019192110697281578,0.03387200616017618,0.5666068495182912,0.0303030303030303,0.17925285009801964,10
cancel_int_b,fwd_micro_1s,345339,19,0.02621887640843703,0.009204935028221468,0.037782534797848634,0.03624153105721751,1.04252038188448,-0.32121212121212117,0.17925285009801964,10
cancel_int_b,fwd_mid_3s,345339,19,-0.013763014260587021,0.04118889643071809,0.016680988641274794,0.05568252108671995,0.2995731571725322,0.24848484848484845,0.17925285009801964,10
cancel_int_b,fwd_micro_3s,345339,19,0.03708410511483381,0.04090851008213113,0.1361313960097239,0.08231165941376847,1.653853135500666,-0.24848484848484845,0.17925285009801964,10
cancel_int_b,fwd_mid_5s,345339,19,-0.0023063765814526796,0.04555191132716629,-0.04414569566641524,0.1061495700432946,-0.4158820016737684,0.28484848484848485,0.17925285009801964,10
cancel_int_b,fwd_micro_5s,345339,19,3.846885646175356e-6,0.045859615425801935,-0.0037639613850348665,0.09794914869336295,-0.038427709022956655,0.23636363636363633,0.17925285009801964,10
cancel_int_b,fwd_mid_10s,345339,19,-0.0020991647500739393,0.10012777957012639,-0.0904099240836815,0.22367875633490347,-0.40419539863819276,0.41818181818181815,0.17925285009801964,10
cancel_int_b,fwd_micro_10s,345339,19,0.0005974952442132497,0.09698126939703694,-0.08877055408416239,0.18974837341519812,-0.46783301741364075,0.33333333333333326,0.17925285009801964,10
cancel_int_b,fwd_mid_30s,345339,19,-0.0046800722110336805,0.2833064932424305,0.31515362100571653,0.3186942608839736,0.9888901674337144,0.4545454545454545,0.17925285009801964,10
cancel_int_b,fwd_micro_30s,345339,19,-0.00234566839915587,0.2774021489981986,0.4187672634496093,0.31133187864397077,1.3450831481619594,0.5151515151515151,0.17925285009801964,10
cancel_int_b,fwd_mid_60s,345339,19,0.014323899648218133,0.40244812721320405,0.26400899416852625,0.6855059821405914,0.3851301097973209,0.43030303030303024,0.17925285009801964,10
cancel_int_b,fwd_micro_60s,345339,19,0.01629815327370145,0.39479253442369666,0.329726552042547,0.6736761247060118,0.48944372518239043,0.43030303030303024,0.17925285009801964,10
cancel_int_a,fwd_mid_100ms,345339,19,0.0003845529371140947,-0.002974034820381526,-0.0019609337636162607,0.004898908913888236,-0.4002796945371002,-0.406060606060606,0.1750656601194768,10
cancel_int_a,fwd_micro_100ms,345339,19,-0.0029928730066531165,-0.0010413468409803603,0.0785175499212502,0.06105341099363425,1.2860468996472096,0.34545454545454546,0.1750656601194768,10
cancel_int_a,fwd_mid_300ms,345339,19,0.0006843505709404991,-0.006025970782714414,-0.012339235835176845,0.006173158014301096,-1.9988530678448626,-0.2727272727272727,0.1750656601194768,10
cancel_int_a,fwd_micro_300ms,345339,19,-0.00021768032800066476,-0.005981187031646239,0.05503285765364336,0.06299509340020693,0.8736054616828711,-0.4424242424242424,0.1750656601194768,10
cancel_int_a,fwd_mid_500ms,345339,19,-0.000227954956318291,-0.006436025722374171,-0.025860171254258057,0.014433052315162322,-1.7917326626115828,-0.29696969696969694,0.1750656601194768,10
cancel_int_a,fwd_micro_500ms,345339,19,0.018994774781659233,-0.01185778907427029,-0.05854067884982321,0.0336551872667122,-1.7394251407932249,-0.6484848484848483,0.1750656601194768,10
cancel_int_a,fwd_mid_1s,345339,19,-0.009655640838775358,0.00664599841984671,0.016705874781212764,0.0331854105616801,0.5034102184802678,0.2727272727272727,0.1750656601194768,10
cancel_int_a,fwd_micro_1s,345339,19,0.022532248450939603,0.008589906055231784,0.05754937917511951,0.05638931239906637,1.0205724582673283,-0.3939393939393939,0.1750656601194768,10
cancel_int_a,fwd_mid_3s,345339,19,-0.005361091956084988,0.015033158572104008,-0.09541821638543059,0.10968864453114335,-0.8699005880990622,0.22424242424242422,0.1750656601194768,10
cancel_int_a,fwd_micro_3s,345339,19,0.04045938266122703,0.01723338519601509,-0.0750689864604871,0.0938486442765087,-0.7998942024064769,-0.2727272727272727,0.1750656601194768,10
cancel_int_a,fwd_mid_5s,345339,19,0.0043134219893530825,0.001685326139112398,-0.10516981664509466,0.10966680779139365,-0.9589940544740475,-0.41818181818181815,0.1750656601194768,10
cancel_int_a,fwd_micro_5s,345339,19,0.0009085219196988903,0.005127781897865085,-0.0845262407978966,0.0940385376226018,-0.8988468231728547,-0.2727272727272727,0.1750656601194768,10
cancel_int_a,fwd_mid_10s,345339,19,0.004983907566632073,0.023644963642290982,-0.21123458782326243,0.22243461070993073,-0.9496480208231899,-0.29696969696969694,0.1750656601194768,10
cancel_int_a,fwd_micro_10s,345339,19,-0.0005971957874060883,0.02892601474923844,-0.21429267560112872,0.2129305507841915,-1.0063970379634144,-0.309090909090909,0.1750656601194768,10
cancel_int_a,fwd_mid_30s,345339,19,-0.00009902764409150355,0.1340609938855537,0.27304542990295794,0.2951098538061354,0.925233184800152,0.10303030303030303,0.1750656601194768,10
cancel_int_a,fwd_micro_30s,345339,19,-0.0038338219340063842,0.1416091399506196,0.32371513527640294,0.2936384929242261,1.102427451022023,0.17575757575757575,0.1750656601194768,10
cancel_int_a,fwd_mid_60s,345339,19,-0.032935540334699316,0.26050214019988516,-0.0022366234125525963,0.6679288568331585,-0.0033485952727915764,0.17575757575757575,0.1750656601194768,10
cancel_int_a,fwd_micro_60s,345339,19,-0.035272472198196334,0.26590351887760505,-0.012240602922615414,0.6432762860281428,-0.019028531267947128,0.33333333333333326,0.1750656601194768,10
cancel_rate,fwd_mid_100ms,345339,14,0.00019618465965411848,-0.008521282768268997,-0.0044172506591918514,0.004661176199918135,-0.9476686719694124,-0.6121212121212121,0.14004210355621577,10
cancel_rate,fwd_micro_100ms,345339,14,-0.0030888040697561524,-0.006876036704078012,-0.01335069409172821,0.006640814937330404,-2.010399961107057,-0.3939393939393939,0.14004210355621577,10
cancel_rate,fwd_mid_300ms,345339,14,0.0004814420716185797,-0.009232461954203838,-0.019868623253592156,0.007043892006365713,-2.820688226854765,-0.38181818181818183,0.14004210355621577,10
cancel_rate,fwd_micro_300ms,345339,14,-0.0016595315216387297,-0.020596038154353336,-0.05145409019474578,0.008887918277827558,-5.789217293222292,-0.5636363636363636,0.14004210355621577,10
cancel_rate,fwd_mid_500ms,345339,14,0.0010619070095464758,-0.0038087953645584032,-0.017560725802985844,0.009552990927095623,-1.8382437434518528,-0.7454545454545454,0.14004210355621577,10
cancel_rate,fwd_micro_500ms,345339,14,0.013789269497110589,-0.019512500309029807,-0.05620608068074911,0.012741291709815167,-4.411333007739799,-0.8545454545454544,0.14004210355621577,10
cancel_rate,fwd_mid_1s,345339,14,-0.0006095994311370406,-0.0006398849398387774,-0.0253505033813801,0.010486361618437367,-2.4174736961968057,-0.22424242424242422,0.14004210355621577,10
cancel_rate,fwd_micro_1s,345339,14,0.024185691703286966,-0.010143630849994659,-0.044233511796155235,0.01815006334597621,-2.4370995821324013,-0.8303030303030302,0.14004210355621577,10
cancel_rate,fwd_mid_3s,345339,14,0.00811391035171068,0.017416753827048912,-0.04219355135523291,0.03296457119682609,-1.279966637615338,0.4666666666666666,0.14004210355621577,10
cancel_rate,fwd_micro_3s,345339,14,0.05037939533743255,0.006120844487617133,-0.06613720543812605,0.03634279838188164,-1.8198159850865567,-0.3696969696969697,0.14004210355621577,10
cancel_rate,fwd_mid_5s,345339,14,0.01787697090133282,0.005217929659970873,-0.010900853993997478,0.044835022052529185,-0.24313256679624073,-0.2727272727272727,0.14004210355621577,10
cancel_rate,fwd_micro_5s,345339,14,0.007976458376319828,-0.005066168846828738,-0.053478847886831785,0.03850994788160327,-1.388702162133524,-0.29696969696969694,0.14004210355621577,10
cancel_rate,fwd_mid_10s,345339,14,0.01715893798532777,0.023513342363571235,0.01690494300148548,0.06353272783186505,0.2660824362244171,0.1515151515151515,0.14004210355621577,10
cancel_rate,fwd_micro_10s,345339,14,0.005301686332295782,0.010404473388991316,-0.03192571861436134,0.05785236745191139,-0.5518480923170335,-0.04242424242424241,0.14004210355621577,10
cancel_rate,fwd_mid_30s,345339,14,0.026699976117716295,0.05046059829025806,0.1082454505032787,0.11839103630502755,0.9143044429849457,0.3939393939393939,0.14004210355621577,10
cancel_rate,fwd_micro_30s,345339,14,0.029125797523555035,0.03634421437279383,0.06429318323748906,0.11316723666992912,0.5681254144696554,0.34545454545454546,0.14004210355621577,10
cancel_rate,fwd_mid_60s,345339,14,0.0718161183081233,0.04561019275060301,0.1574907509147018,0.19875356999769941,0.792392060764115,0.23636363636363633,0.14004210355621577,10
cancel_rate,fwd_micro_60s,345339,14,0.0758921002603528,0.03716993785921041,0.1118665157637724,0.18653514851881955,0.5997074366522734,0.12727272727272726,0.14004210355621577,10
cancel_to_depth,fwd_mid_100ms,345339,14,0.001038162375963464,-0.004715774190705949,-0.0029984698954281077,0.004470865247623063,-0.6706688145034667,-0.6727272727272726,0.13843498707067547,10
cancel_to_depth,fwd_micro_100ms,345339,14,-0.0006969800340108522,0.002860634055326505,0.0012865568982035227,0.00591688037617184,0.21743838245989888,-0.2606060606060606,0.13843498707067547,10
cancel_to_depth,fwd_mid_300ms,345339,14,0.0008359421068192977,-0.00014568540492917073,-0.00953167713588443,0.0067609505995381465,-1.4098131609681568,-0.35757575757575755,0.13843498707067547,10
cancel_to_depth,fwd_micro_300ms,345339,14,0.002692891140616473,-0.0019704705245696293,-0.039699083744285366,0.017410057478542074,-2.2802385226593627,-0.7454545454545454,0.13843498707067547,10
cancel_to_depth,fwd_mid_500ms,345339,14,0.0005930555031063657,0.0034297125159626256,-0.006709308502874051,0.01086347308891937,-0.617602533550479,-0.1515151515151515,0.13843498707067547,10
cancel_to_depth,fwd_micro_500ms,345339,14,0.0218253448746877,-0.0061244014276666285,-0.055395593021237075,0.031133130914643852,-1.7793132715470346,-0.7939393939393938,0.13843498707067547,10
cancel_to_depth,fwd_mid_1s,345339,14,-0.0010008843375428813,-0.007973406279190045,-0.030575342991670272,0.014832204928646274,-2.061415894586137,0.24848484848484845,0.13843498707067547,10
cancel_to_depth,fwd_micro_1s,345339,14,0.034679900067241275,-0.012026495410661642,-0.06450661512732843,0.03607766683855005,-1.7879929823621856,-0.7818181818181817,0.13843498707067547,10
cancel_to_depth,fwd_mid_3s,345339,14,-0.002353241307675434,-0.0017169593988186544,-0.04690644201674791,0.025337474417560586,-1.8512674642993845,0.5757575757575757,0.13843498707067547,10
cancel_to_depth,fwd_micro_3s,345339,14,0.04982553105447402,-0.0031713261023812245,-0.07367151098836003,0.05156564140768331,-1.4286937770424577,-0.5757575757575757,0.13843498707067547,10
cancel_to_depth,fwd_mid_5s,345339,14,0.013447714307478377,-0.007747515946524017,-0.038031407319131974,0.04022171001936752,-0.9455442670343733,0.05454545454545454,0.13843498707067547,10
cancel_to_depth,fwd_micro_5s,345339,14,0.02508633978643529,-0.004750913255595502,-0.0756902040075685,0.05943103998592423,-1.2735803382457236,-0.38181818181818183,0.13843498707067547,10
cancel_to_depth,fwd_mid_10s,345339,14,0.018553140068832026,-0.036492770220625255,-0.06470823490515949,0.06460930012987431,-1.001531277619264,-0.07878787878787878,0.13843498707067547,10
cancel_to_depth,fwd_micro_10s,345339,14,0.031748184410102055,-0.04619992460679318,-0.12788578317450056,0.08564096235863819,-1.4932782123460262,-0.5393939393939393,0.13843498707067547,10
cancel_to_depth,fwd_mid_30s,345339,14,0.030329859259747287,0.015615058858933654,-0.02360347349956556,0.11768440632644166,-0.2005658543587543,0.10303030303030303,0.13843498707067547,10
cancel_to_depth,fwd_micro_30s,345339,14,0.058052233316576815,0.01338874600844867,-0.07574214706758646,0.12930644764986857,-0.5857569243003131,-0.09090909090909088,0.13843498707067547,10
cancel_to_depth,fwd_mid_60s,345339,14,0.0413327299413421,0.08036830933015444,0.16348055961442917,0.218895634130456,0.7468424862096568,0.24848484848484845,0.13843498707067547,10
cancel_to_depth,fwd_micro_60s,345339,14,0.06958035342122952,0.06797111833053648,0.10151324204389937,0.23016366159500756,0.44104808439535736,0.006060606060606061,0.13843498707067547,10
cancel_z,fwd_mid_100ms,345339,20,0.0006435649588689918,-0.006398078776562302,-0.004680235943834426,0.003897881934848982,-1.2007125977805573,-0.7212121212121211,0.12422286506881644,10
cancel_z,fwd_micro_100ms,345339,20,0.0029435526099097285,-0.010201909098022275,-0.013808968539057855,0.006296502461167254,-2.19311730984346,-0.6484848484848483,0.12422286506881644,10
cancel_z,fwd_mid_300ms,345339,20,0.0006372376847883571,-0.013413520867067872,-0.012354941548537836,0.007538160409495722,-1.638986288083559,-0.7333333333333332,0.12422286506881644,10
cancel_z,fwd_micro_300ms,345339,20,0.009340218998037875,-0.02281338572680377,-0.038291735963435033,0.011236954582676841,-3.4076613624893075,-0.7939393939393938,0.12422286506881644,10
cancel_z,fwd_mid_500ms,345339,20,-0.0025631609714832876,-0.01564162676125941,-0.014071232479746001,0.010932601302802632,-1.2870891464905763,-0.5515151515151515,0.12422286506881644,10
cancel_z,fwd_micro_500ms,345339,20,-0.0023875099247878603,-0.023308668097966008,-0.02626008627805885,0.013468299889209773,-1.949769940829526,-0.10303030303030303,0.12422286506881644,10
cancel_z,fwd_mid_1s,345339,20,-0.0004385911420032052,-0.03261791624752775,-0.021008398491405875,0.019797347967168248,-1.0611723613812327,-0.5030303030303029,0.12422286506881644,10
cancel_z,fwd_micro_1s,345339,20,0.0025103301288004923,-0.030585736040743234,-0.03582693693354007,0.01953145379136293,-1.834320031485993,-0.35757575757575755,0.12422286506881644,10
cancel_z,fwd_mid_3s,345339,20,0.006751495055175041,-0.040292522009012344,-0.02782454565600568,0.039996565198315036,-0.6956733789024929,-0.29696969696969694,0.12422286506881644,10
cancel_z,fwd_micro_3s,345339,20,-0.00013506560544413292,-0.037691262816765964,-0.03517697315806152,0.037109938750518406,-0.9479124553276208,0.07878787878787878,0.12422286506881644,10
cancel_z,fwd_mid_5s,345339,20,0.003856657090251547,-0.0603641505074235,-0.06015443977834486,0.05622951840777946,-1.069801795955314,-0.28484848484848485,0.12422286506881644,10
cancel_z,fwd_micro_5s,345339,20,0.008707356084181783,-0.04856753701349128,-0.03843369677325822,0.05675172498009247,-0.6772251730980882,-0.24848484848484845,0.12422286506881644,10
cancel_z,fwd_mid_10s,345339,20,0.009285656823470783,-0.056079743013692784,-0.06255610115419502,0.08429482997167151,-0.7421107697259476,-0.10303030303030303,0.12422286506881644,10
cancel_z,fwd_micro_10s,345339,20,0.008714204625152499,-0.050537723255112445,-0.04351835995644438,0.08209329559925095,-0.5301085751129408,-0.09090909090909088,0.12422286506881644,10
cancel_z,fwd_mid_30s,345339,20,-0.10416868839113258,0.04638328996893381,0.15191349256575395,0.14885058813308233,1.0205770395071143,0.22424242424242422,0.12422286506881644,10
cancel_z,fwd_micro_30s,345339,20,-0.10244519581790482,0.04277053402789311,0.13526721465903238,0.14939736638766585,0.905419003893498,0.16363636363636364,0.12422286506881644,10
cancel_z,fwd_mid_60s,345339,20,-0.13399721555080943,0.1570015946460529,0.2447630185814072,0.2521495850998489,0.9707056170030314,-0.06666666666666665,0.12422286506881644,10
cancel_z,fwd_micro_60s,345339,20,-0.13079592410083193,0.15032885068283042,0.21622153765118104,0.24598053343093654,0.8790188989157922,0.0303030303030303,0.12422286506881644,10
cancel_burst,fwd_mid_100ms,345339,0,NaN,-0.0012410022304448498,NaN,NaN,NaN,NaN,1.0,1
cancel_burst,fwd_micro_100ms,345339,0,NaN,-0.0010191243300379685,NaN,NaN,NaN,NaN,1.0,1
cancel_burst,fwd_mid_300ms,345339,0,NaN,-0.0010188934148510416,NaN,NaN,NaN,NaN,1.0,1
cancel_burst,fwd_micro_300ms,345339,0,NaN,-0.0022737778801372914,NaN,NaN,NaN,NaN,1.0,1
cancel_burst,fwd_mid_500ms,345339,0,NaN,-0.002028136065409547,NaN,NaN,NaN,NaN,1.0,1
cancel_burst,fwd_micro_500ms,345339,0,NaN,-0.0031333110398524175,NaN,NaN,NaN,NaN,1.0,1
cancel_burst,fwd_mid_1s,345339,0,NaN,-0.0025451876611957323,NaN,NaN,NaN,NaN,1.0,1
cancel_burst,fwd_micro_1s,345339,0,NaN,0.0015989348366379167,NaN,NaN,NaN,NaN,1.0,1
cancel_burst,fwd_mid_3s,345339,0,NaN,0.004302454784443272,NaN,NaN,NaN,NaN,1.0,1
cancel_burst,fwd_micro_3s,345339,0,NaN,0.01173177967076976,NaN,NaN,NaN,NaN,1.0,1
cancel_burst,fwd_mid_5s,345339,0,NaN,0.008517669520975098,NaN,NaN,NaN,NaN,1.0,1
cancel_burst,fwd_micro_5s,345339,0,NaN,0.008504809533569272,NaN,NaN,NaN,NaN,1.0,1
cancel_burst,fwd_mid_10s,345339,0,NaN,0.017035715454763567,NaN,NaN,NaN,NaN,1.0,1
cancel_burst,fwd_micro_10s,345339,0,NaN,0.01703004048521098,NaN,NaN,NaN,NaN,1.0,1
cancel_burst,fwd_mid_30s,345339,0,NaN,0.05129489763897048,NaN,NaN,NaN,NaN,1.0,1
cancel_burst,fwd_micro_30s,345339,0,NaN,0.05125123473583939,NaN,NaN,NaN,NaN,1.0,1
cancel_burst,fwd_mid_60s,345339,0,NaN,0.10092550140282143,NaN,NaN,NaN,NaN,1.0,1
cancel_burst,fwd_micro_60s,345339,0,NaN,0.1008939365834752,NaN,NaN,NaN,NaN,1.0,1
cancel_shock_b,fwd_mid_100ms,345339,20,0.0002661828094217848,-0.013801266336571376,-0.012388248876781412,0.005014219418927512,-2.4706236089347535,-0.1515151515151515,0.13275650882176643,10
cancel_shock_b,fwd_micro_100ms,345339,20,-0.0011726784589047511,-0.013636243741955264,-0.011089669872830006,0.008730715240871241,-1.270190307079969,-0.4545454545454545,0.13275650882176643,10
cancel_shock_b,fwd_mid_300ms,345339,20,-0.0009134176830794954,-0.027906686193253448,-0.027967710906008074,0.012658155923033326,-2.209461715913676,0.34545454545454546,0.13275650882176643,10
cancel_shock_b,fwd_micro_300ms,345339,20,0.006361368222175159,-0.03935480683148401,-0.05181195443992774,0.017428550562445248,-2.972820617198729,-0.5030303030303029,0.13275650882176643,10
cancel_shock_b,fwd_mid_500ms,345339,20,-0.002542788045186448,-0.03395809402250483,-0.03457129726807091,0.01859409214876962,-1.8592624469895673,0.38181818181818183,0.13275650882176643,10
cancel_shock_b,fwd_micro_500ms,345339,20,-0.00188980622122961,-0.0445464313674809,-0.04963833450440503,0.020239069704928322,-2.4525996119435187,0.309090909090909,0.13275650882176643,10
cancel_shock_b,fwd_mid_1s,345339,20,-0.004081322045373184,-0.03761040820031009,-0.03271432555764195,0.026536188666599615,-1.2328193007920007,0.19999999999999998,0.13275650882176643,10
cancel_shock_b,fwd_micro_1s,345339,20,-0.0010734466649068401,-0.037773633732489126,-0.05179083006125299,0.024308274158594254,-2.130584414317304,0.10303030303030303,0.13275650882176643,10
cancel_shock_b,fwd_mid_3s,345339,20,-0.03151828639463396,-0.012311584144426357,-0.0007791690348325109,0.0412638992402074,-0.018882583788235197,0.5151515151515151,0.13275650882176643,10
cancel_shock_b,fwd_micro_3s,345339,20,-0.028041649401233677,-0.02181904106649667,-0.022630445811690717,0.038892630558571,-0.5818697652145186,0.4545454545454545,0.13275650882176643,10
cancel_shock_b,fwd_mid_5s,345339,20,-0.060903076512776766,0.0058911456026413435,0.045072119698038086,0.06019867532685445,0.7487227825747778,0.5515151515151515,0.13275650882176643,10
cancel_shock_b,fwd_micro_5s,345339,20,-0.04401049680018081,-0.0025021055077215273,0.027250220478691255,0.05620935045736513,0.4847987079900627,0.41818181818181815,0.13275650882176643,10
cancel_shock_b,fwd_mid_10s,345339,20,-0.08637978124107307,0.06385288040669246,0.12896778720913604,0.08897064762407726,1.4495543266590176,0.9030303030303028,0.13275650882176643,10
cancel_shock_b,fwd_micro_10s,345339,20,-0.07165556939158292,0.05265584457100168,0.10862550851630806,0.08343683695959422,1.3018890992825136,0.7333333333333332,0.13275650882176643,10
cancel_shock_b,fwd_mid_30s,345339,20,-0.24912680548191782,0.3000416539845325,0.4834913509625413,0.17091269735982978,2.8288790618325237,0.5151515151515151,0.13275650882176643,10
cancel_shock_b,fwd_micro_30s,345339,20,-0.2319560717276087,0.2727338244477986,0.4365183526561007,0.16110142478546624,2.7095871637224724,0.41818181818181815,0.13275650882176643,10
cancel_shock_b,fwd_mid_60s,345339,20,-0.2437953918041422,0.4086186371858452,0.5554057416107062,0.23152381162254024,2.398914123425887,0.49090909090909085,0.13275650882176643,10
cancel_shock_b,fwd_micro_60s,345339,20,-0.23264908084559274,0.3863358761263214,0.5142194674562687,0.2176586132124372,2.3625045655987194,0.4424242424242424,0.13275650882176643,10
cancel_shock_a,fwd_mid_100ms,345339,20,0.002080060350994666,0.002826131058461516,0.006379779188059251,0.005892760744747388,1.082646905993252,-0.34545454545454546,0.12771508575631482,10
cancel_shock_a,fwd_micro_100ms,345339,20,0.0041220245685221315,-0.002803423782262842,-0.0061655462842570095,0.008779482382307954,-0.7022676298868781,-0.6969696969696969,0.12771508575631482,10
cancel_shock_a,fwd_mid_300ms,345339,20,0.0074759327381134786,0.006486315414992437,0.003431203379060299,0.008898448091012062,0.38559570657337533,-0.4424242424242424,0.12771508575631482,10
cancel_shock_a,fwd_micro_300ms,345339,20,0.01699580497440674,0.00020054117148561771,-0.017617010653781164,0.009201658260628758,-1.9145473733967358,-0.4424242424242424,0.12771508575631482,10
cancel_shock_a,fwd_mid_500ms,345339,20,0.008841423215133879,0.007042578686503883,0.0027698904853014255,0.012105410837693543,0.2288142486396749,-0.49090909090909085,0.12771508575631482,10
cancel_shock_a,fwd_micro_500ms,345339,20,0.006163695743549175,-0.004862274528353445,-0.00817552273198503,0.01643394632366931,-0.4974777555534591,-0.6121212121212121,0.12771508575631482,10
cancel_shock_a,fwd_mid_1s,345339,20,0.018848539236899876,-0.004728911301022883,-0.014643169260058153,0.020385508670742108,-0.7183126747813003,-0.8303030303030302,0.12771508575631482,10
cancel_shock_a,fwd_micro_1s,345339,20,0.027490574608239268,-0.009374207956760689,-0.027686253191429783,0.020891670417762718,-1.3252292726143196,-0.6848484848484848,0.12771508575631482,10
cancel_shock_a,fwd_mid_3s,345339,20,0.043825142909255044,-0.03258325294737553,-0.054670707650525084,0.042243804487037614,-1.2941710225768284,-0.9636363636363635,0.12771508575631482,10
cancel_shock_a,fwd_micro_3s,345339,20,0.02996520216718693,-0.024939034622620725,-0.036237311281373454,0.038586675498413915,-0.9391146247585639,-0.7454545454545454,0.12771508575631482,10
cancel_shock_a,fwd_mid_5s,345339,20,0.061014780473333786,-0.08334370210086493,-0.12376444097276758,0.04823845010570673,-2.5656802965592367,-0.9272727272727272,0.12771508575631482,10
cancel_shock_a,fwd_micro_5s,345339,20,0.05100599784655649,-0.0753359676777418,-0.09542337222526724,0.042796782998905505,-2.229685633794195,-0.8424242424242423,0.12771508575631482,10
cancel_shock_a,fwd_mid_10s,345339,20,0.09319941516449623,-0.11080990784234925,-0.19421839509313926,0.07010129420036204,-2.77053936462326,-0.9757575757575757,0.12771508575631482,10
cancel_shock_a,fwd_micro_10s,345339,20,0.07365735331971263,-0.10631755189747737,-0.15993945853477545,0.06361590471194035,-2.5141426386844374,-0.9515151515151514,0.12771508575631482,10
cancel_shock_a,fwd_mid_30s,345339,20,0.09739647785389266,-0.08025436109983176,-0.22304184312251038,0.10649440865543414,-2.094399564620984,-0.709090909090909,0.12771508575631482,10
cancel_shock_a,fwd_micro_30s,345339,20,0.07297207670172963,-0.07224182324813452,-0.18593097625726726,0.10282285472197404,-1.8082650667501101,-0.6484848484848483,0.12771508575631482,10
cancel_shock_a,fwd_mid_60s,345339,20,0.15229530691523152,0.045453974395323726,-0.2432586366982688,0.1786617770517069,-1.361559482462031,-0.6121212121212121,0.12771508575631482,10
cancel_shock_a,fwd_micro_60s,345339,20,0.12714176596442908,0.052009581303628274,-0.19454217527838763,0.1735843735297528,-1.1207355323665849,-0.5030303030303029,0.12771508575631482,10
bbo_cancel_rate,fwd_mid_100ms,302078,0,NaN,0.001492805800397224,NaN,NaN,NaN,-0.35,0.1613093307026662,9
bbo_cancel_rate,fwd_micro_100ms,302078,0,NaN,0.0023692025695827837,NaN,NaN,NaN,-0.13333333333333333,0.1613093307026662,9
bbo_cancel_rate,fwd_mid_300ms,302078,0,NaN,0.0021470026053854586,NaN,NaN,NaN,0.049999999999999996,0.1613093307026662,9
bbo_cancel_rate,fwd_micro_300ms,302078,0,NaN,-0.0032893232977979463,NaN,NaN,NaN,-0.26666666666666666,0.1613093307026662,9
bbo_cancel_rate,fwd_mid_500ms,302078,0,NaN,-0.0013208613642692784,NaN,NaN,NaN,-0.19999999999999998,0.1613093307026662,9
bbo_cancel_rate,fwd_micro_500ms,302078,0,NaN,0.0005290458748309186,NaN,NaN,NaN,0.03333333333333333,0.1613093307026662,9
bbo_cancel_rate,fwd_mid_1s,302078,0,NaN,0.004873278815367008,NaN,NaN,NaN,-0.08333333333333334,0.1613093307026662,9
bbo_cancel_rate,fwd_micro_1s,302078,0,NaN,0.017835067006010282,NaN,NaN,NaN,0.15,0.1613093307026662,9
bbo_cancel_rate,fwd_mid_3s,302078,0,NaN,0.009161640329857966,NaN,NaN,NaN,-0.09999999999999999,0.1613093307026662,9
bbo_cancel_rate,fwd_micro_3s,302078,0,NaN,0.0420835072029026,NaN,NaN,NaN,0.39999999999999997,0.1613093307026662,9
bbo_cancel_rate,fwd_mid_5s,302078,0,NaN,0.0027236634166470405,NaN,NaN,NaN,0.33333333333333337,0.1613093307026662,9
bbo_cancel_rate,fwd_micro_5s,302078,0,NaN,0.03370243986350666,NaN,NaN,NaN,0.6333333333333333,0.1613093307026662,9
bbo_cancel_rate,fwd_mid_10s,302078,0,NaN,0.025286558911529696,NaN,NaN,NaN,0.16666666666666669,0.1613093307026662,9
bbo_cancel_rate,fwd_micro_10s,302078,0,NaN,0.057399216504159266,NaN,NaN,NaN,0.2833333333333333,0.1613093307026662,9
bbo_cancel_rate,fwd_mid_30s,302078,0,NaN,0.035645361437467965,NaN,NaN,NaN,-0.35,0.1613093307026662,9
bbo_cancel_rate,fwd_micro_30s,302078,0,NaN,0.050078556339086804,NaN,NaN,NaN,-0.049999999999999996,0.1613093307026662,9
bbo_cancel_rate,fwd_mid_60s,302078,0,NaN,0.1363585064452779,NaN,NaN,NaN,0.31666666666666665,0.1613093307026662,9
bbo_cancel_rate,fwd_micro_60s,302078,0,NaN,0.15458860374542238,NaN,NaN,NaN,0.31666666666666665,0.1613093307026662,9
deep_cancel_rate,fwd_mid_100ms,302078,20,0.001492805800397224,0.0001418876234144246,-0.0004323192663712786,0.0021902575487025237,-0.19738284505736697,0.28484848484848485,0.39479207357040236,10
deep_cancel_rate,fwd_micro_100ms,302078,20,0.0023692025695827837,-0.0016834258521059668,-0.0069725747350247395,0.005754288277638593,-1.2117180090056416,-0.2121212121212121,0.39479207357040236,10
deep_cancel_rate,fwd_mid_300ms,302078,20,0.0021470026053854586,0.001104985088238102,-0.00014185597234595075,0.0031811035038872525,-0.04459332183709371,-0.006060606060606061,0.39479207357040236,10
deep_cancel_rate,fwd_micro_300ms,302078,20,-0.0032893232977979463,-0.0010048371893529038,-0.0011890582720150273,0.0072681611665528474,-0.16359822584657616,-0.4666666666666666,0.39479207357040236,10
deep_cancel_rate,fwd_mid_500ms,302078,20,-0.0013208613642692784,0.0022591601748506974,0.003677077878224999,0.005143377353851385,0.7149150500247831,0.04242424242424241,0.39479207357040236,10
deep_cancel_rate,fwd_micro_500ms,302078,20,0.0005290458748309186,0.004128694375559965,0.0037552630315551526,0.008936385659552272,0.4202216840922796,-0.35757575757575755,0.39479207357040236,10
deep_cancel_rate,fwd_mid_1s,302078,20,0.004873278815367008,-0.0025322990615529793,-0.007767208507567724,0.009290897968388482,-0.8360019164988157,-0.07878787878787878,0.39479207357040236,10
deep_cancel_rate,fwd_micro_1s,302078,20,0.017835067006010282,0.004660009011362675,-0.011973456031665018,0.013200500741750191,-0.907045593641436,-0.6121212121212121,0.39479207357040236,10
deep_cancel_rate,fwd_mid_3s,302078,20,0.009161640329857966,0.002197293791860282,-0.015289665970355564,0.013245196184221918,-1.1543555684414157,-0.4424242424242424,0.39479207357040236,10
deep_cancel_rate,fwd_micro_3s,302078,20,0.0420835072029026,0.007435097836713752,-0.03999644408673239,0.013740473719098693,-2.9108489928654335,-0.4545454545454545,0.39479207357040236,10
deep_cancel_rate,fwd_mid_5s,302078,20,0.0027236634166470405,0.006711786812564207,-0.0011238070619400398,0.021816725518232168,-0.051511261898623505,-0.41818181818181815,0.39479207357040236,10
deep_cancel_rate,fwd_micro_5s,302078,20,0.03370243986350666,0.007898225992453012,-0.026231138059829656,0.025707152626414022,-1.020382865462791,-0.8424242424242423,0.39479207357040236,10
deep_cancel_rate,fwd_mid_10s,302078,20,0.025286558911529696,0.007501164346378378,-0.04597645766716038,0.0445133870687864,-1.0328681031644054,-0.6484848484848483,0.39479207357040236,10
deep_cancel_rate,fwd_micro_10s,302078,20,0.057399216504159266,0.012873481986334166,-0.07560305353784492,0.04555634696513628,-1.6595503936192035,-0.709090909090909,0.39479207357040236,10
deep_cancel_rate,fwd_mid_30s,302078,20,0.035645361437467965,0.04812126710103296,-0.05496018257477524,0.09293800250960049,-0.591363931768362,-0.01818181818181818,0.39479207357040236,10
deep_cancel_rate,fwd_micro_30s,302078,20,0.050078556339086804,0.04628084961372579,-0.07349917648655652,0.09423255111541894,-0.7799765114767238,-0.24848484848484845,0.39479207357040236,10
deep_cancel_rate,fwd_mid_60s,302078,20,0.1363585064452779,0.1160898945365125,-0.11828009483937896,0.10444025686376733,-1.132514400014014,-0.3939393939393939,0.39479207357040236,10
deep_cancel_rate,fwd_micro_60s,302078,20,0.15458860374542238,0.11264463812525849,-0.14353326265799565,0.10770059855178862,-1.3327062670777696,-0.4545454545454545,0.39479207357040236,10
cancel_persist,fwd_mid_100ms,345339,0,NaN,-0.0014208017310369469,NaN,NaN,NaN,0.09999999999999999,0.7226406516495386,5
cancel_persist,fwd_micro_100ms,345339,0,NaN,-0.0007414914686474594,NaN,NaN,NaN,0.19999999999999998,0.7226406516495386,5
cancel_persist,fwd_mid_300ms,345339,0,NaN,-0.0017953076629257665,NaN,NaN,NaN,-0.9999999999999999,0.7226406516495386,5
cancel_persist,fwd_micro_300ms,345339,0,NaN,-0.00409098956405297,NaN,NaN,NaN,-0.49999999999999994,0.7226406516495386,5
cancel_persist,fwd_mid_500ms,345339,0,NaN,-0.002971819239572881,NaN,NaN,NaN,-0.49999999999999994,0.7226406516495386,5
cancel_persist,fwd_micro_500ms,345339,0,NaN,-0.0029128159896561483,NaN,NaN,NaN,-0.19999999999999998,0.7226406516495386,5
cancel_persist,fwd_mid_1s,345339,0,NaN,-0.004191577698177852,NaN,NaN,NaN,-0.49999999999999994,0.7226406516495386,5
cancel_persist,fwd_micro_1s,345339,0,NaN,0.003757829321637012,NaN,NaN,NaN,-0.3,0.7226406516495386,5
cancel_persist,fwd_mid_3s,345339,0,NaN,-0.0007210307347578441,NaN,NaN,NaN,0.09999999999999999,0.7226406516495386,5
cancel_persist,fwd_micro_3s,345339,0,NaN,0.01243172389558321,NaN,NaN,NaN,0.19999999999999998,0.7226406516495386,5
cancel_persist,fwd_mid_5s,345339,0,NaN,0.005479346859222922,NaN,NaN,NaN,0.09999999999999999,0.7226406516495386,5
cancel_persist,fwd_micro_5s,345339,0,NaN,0.005221861155790921,NaN,NaN,NaN,0.09999999999999999,0.7226406516495386,5
cancel_persist,fwd_mid_10s,345339,0,NaN,0.009538657916049211,NaN,NaN,NaN,0.09999999999999999,0.7226406516495386,5
cancel_persist,fwd_micro_10s,345339,0,NaN,0.009524218854813186,NaN,NaN,NaN,0.09999999999999999,0.7226406516495386,5
cancel_persist,fwd_mid_30s,345339,0,NaN,0.02563915853828222,NaN,NaN,NaN,0.09999999999999999,0.7226406516495386,5
cancel_persist,fwd_micro_30s,345339,0,NaN,0.025355899594343735,NaN,NaN,NaN,0.09999999999999999,0.7226406516495386,5
cancel_persist,fwd_mid_60s,345339,0,NaN,0.04691105896474091,NaN,NaN,NaN,-0.19999999999999998,0.7226406516495386,5
cancel_persist,fwd_micro_60s,345339,0,NaN,0.046752268061884594,NaN,NaN,NaN,-0.19999999999999998,0.7226406516495386,5
t_since_cancel,fwd_mid_100ms,345339,0,NaN,-0.0014208017310369469,NaN,NaN,NaN,0.09999999999999999,0.7226406516495386,5
t_since_cancel,fwd_micro_100ms,345339,0,NaN,-0.0007414914686474594,NaN,NaN,NaN,0.19999999999999998,0.7226406516495386,5
t_since_cancel,fwd_mid_300ms,345339,0,NaN,-0.0017953076629257665,NaN,NaN,NaN,-0.9999999999999999,0.7226406516495386,5
t_since_cancel,fwd_micro_300ms,345339,0,NaN,-0.00409098956405297,NaN,NaN,NaN,-0.49999999999999994,0.7226406516495386,5
t_since_cancel,fwd_mid_500ms,345339,0,NaN,-0.002971819239572881,NaN,NaN,NaN,-0.49999999999999994,0.7226406516495386,5
t_since_cancel,fwd_micro_500ms,345339,0,NaN,-0.0029128159896561483,NaN,NaN,NaN,-0.19999999999999998,0.7226406516495386,5
t_since_cancel,fwd_mid_1s,345339,0,NaN,-0.004191577698177852,NaN,NaN,NaN,-0.49999999999999994,0.7226406516495386,5
t_since_cancel,fwd_micro_1s,345339,0,NaN,0.003757829321637012,NaN,NaN,NaN,-0.3,0.7226406516495386,5
t_since_cancel,fwd_mid_3s,345339,0,NaN,-0.0007210307347578441,NaN,NaN,NaN,0.09999999999999999,0.7226406516495386,5
t_since_cancel,fwd_micro_3s,345339,0,NaN,0.01243172389558321,NaN,NaN,NaN,0.19999999999999998,0.7226406516495386,5
t_since_cancel,fwd_mid_5s,345339,0,NaN,0.005479346859222922,NaN,NaN,NaN,0.09999999999999999,0.7226406516495386,5
t_since_cancel,fwd_micro_5s,345339,0,NaN,0.005221861155790921,NaN,NaN,NaN,0.09999999999999999,0.7226406516495386,5
t_since_cancel,fwd_mid_10s,345339,0,NaN,0.009538657916049211,NaN,NaN,NaN,0.09999999999999999,0.7226406516495386,5
t_since_cancel,fwd_micro_10s,345339,0,NaN,0.009524218854813186,NaN,NaN,NaN,0.09999999999999999,0.7226406516495386,5
t_since_cancel,fwd_mid_30s,345339,0,NaN,0.02563915853828222,NaN,NaN,NaN,0.09999999999999999,0.7226406516495386,5
t_since_cancel,fwd_micro_30s,345339,0,NaN,0.025355899594343735,NaN,NaN,NaN,0.09999999999999999,0.7226406516495386,5
t_since_cancel,fwd_mid_60s,345339,0,NaN,0.04691105896474091,NaN,NaN,NaN,-0.19999999999999998,0.7226406516495386,5
t_since_cancel,fwd_micro_60s,345339,0,NaN,0.046752268061884594,NaN,NaN,NaN,-0.19999999999999998,0.7226406516495386,5
add_intensity,fwd_mid_100ms,345339,18,0.0007119787622420677,-0.0035928863298635484,-0.003602781155636844,0.005350953735775011,-0.6732970108767034,-0.8060606060606059,0.1804169236605191,10
add_intensity,fwd_micro_100ms,345339,18,-0.004337547088717771,-0.0029844027417494437,0.06867888565395033,0.06440617166248554,1.0663401329589275,0.23636363636363633,0.1804169236605191,10
add_intensity,fwd_mid_300ms,345339,18,-0.000014583121868615569,-0.004651942283961626,-0.014538530970182028,0.006902950436007691,-2.1061328927330907,-0.6121212121212121,0.1804169236605191,10
add_intensity,fwd_micro_300ms,345339,18,-0.002327283984159617,-0.005319107743194316,0.10553474342139829,0.08969675851393255,1.176572544759303,-0.5757575757575757,0.1804169236605191,10
add_intensity,fwd_mid_500ms,345339,18,-0.0006861534097768813,-0.007097861635842326,-0.031075728262711187,0.015146814672071893,-2.051634547295905,-0.4666666666666666,0.1804169236605191,10
add_intensity,fwd_micro_500ms,345339,18,0.017087153439429247,-0.014260837611766546,-0.008214768249189442,0.07148252088109862,-0.11491995732570182,-0.6484848484848483,0.1804169236605191,10
add_intensity,fwd_mid_1s,345339,18,-0.009630384372172538,0.005809163901187739,0.007946639905756586,0.036548691297906166,0.2174261135914281,0.28484848484848485,0.1804169236605191,10
add_intensity,fwd_micro_1s,345339,18,0.020937932251639695,0.006762368976726419,0.13855684113410477,0.07479017803948403,1.852607451488568,-0.32121212121212117,0.1804169236605191,10
add_intensity,fwd_mid_3s,345339,18,-0.010724712388352202,0.02859341450840751,-0.09635949651158135,0.11182810632175917,-0.8616751162210462,0.22424242424242422,0.1804169236605191,10
add_intensity,fwd_micro_3s,345339,18,0.03596780610943847,0.031361027103788845,-0.02024011436740643,0.1014721631401259,-0.1994646979138137,-0.29696969696969694,0.1804169236605191,10
add_intensity,fwd_mid_5s,345339,18,-0.0010925838449718616,0.02943909087344306,0.013567911730908166,0.15161483811139936,0.08948933956542637,0.01818181818181818,0.1804169236605191,10
add_intensity,fwd_micro_5s,345339,18,-0.0032359423926571606,0.03077921758542302,0.11782035258097813,0.2054768297087697,0.5733997003358943,-0.01818181818181818,0.1804169236605191,10
add_intensity,fwd_mid_10s,345339,18,-0.0019112742758435495,0.06922031404279334,-0.06652503730208487,0.25952765009775436,-0.2563312127899566,0.04242424242424241,0.1804169236605191,10
add_intensity,fwd_micro_10s,345339,18,-0.005587361084477409,0.07027374964171394,-0.05300851680326706,0.24516220039571038,-0.21621814748646936,0.01818181818181818,0.1804169236605191,10
add_intensity,fwd_mid_30s,345339,18,-0.0036199812214934264,0.22004189766615945,0.22811453525430903,0.3273907148232689,0.6967654393541647,0.29696969696969694,0.1804169236605191,10
add_intensity,fwd_micro_30s,345339,18,-0.006343827801792375,0.22037646371764574,0.38226378532443406,0.3292915602216709,1.1608672419879318,0.34545454545454546,0.1804169236605191,10
add_intensity,fwd_mid_60s,345339,18,-0.013315318058797466,0.3354088637479231,0.05448711628644249,0.7444775579936471,0.07318839325833304,0.49090909090909085,0.1804169236605191,10
add_intensity,fwd_micro_60s,345339,18,-0.014896973048111956,0.3342778100287555,0.21359143367333402,0.707760565475019,0.30178487484673644,0.49090909090909085,0.1804169236605191,10
bbo_add_int,fwd_mid_100ms,345339,9,-0.0015578191769512434,-0.0005697203541841789,0.010727226316270516,0.006070296178895474,1.7671668729387102,-0.32121212121212117,0.166928728003498,10
bbo_add_int,fwd_micro_100ms,345339,9,-0.0012083147294927351,-0.0006066566976760053,0.007704514880850331,0.010433266474613172,0.7384566376788518,0.10303030303030303,0.166928728003498,10
bbo_add_int,fwd_mid_300ms,345339,9,-0.001602742451623242,-0.0005050217394092169,0.025187681010593856,0.01598680815719321,1.5755290714025827,-0.05454545454545454,0.166928728003498,10
bbo_add_int,fwd_micro_300ms,345339,9,-0.0004919192676777699,0.0006182036959586417,0.03963880891953184,0.03348829571800894,1.183661576967482,-0.10303030303030303,0.166928728003498,10
bbo_add_int,fwd_mid_500ms,345339,9,-0.0015521711650525946,-0.0017799076400082752,0.01571272544083675,0.01432299360022566,1.0970280291537096,-0.17575757575757575,0.166928728003498,10
bbo_add_int,fwd_micro_500ms,345339,9,-0.0012577905919617931,-0.00486084660549898,0.04764165487113467,0.047952344422543196,0.9935208683715062,-0.5636363636363636,0.166928728003498,10
bbo_add_int,fwd_mid_1s,345339,9,-0.0041108661918179,0.009645230446117979,0.03508157874879208,0.02207910771300212,1.588903827310601,0.49090909090909085,0.166928728003498,10
bbo_add_int,fwd_micro_1s,345339,9,-0.0012096347980827757,0.008463451004099159,0.0010696340388867687,0.020673345597195556,0.05173976480284207,-0.2121212121212121,0.166928728003498,10
bbo_add_int,fwd_mid_3s,345339,9,0.001930929575427278,0.027052261722126932,0.05844197627178178,0.027296272231850032,2.1410240847316175,0.7212121212121211,0.166928728003498,10
bbo_add_int,fwd_micro_3s,345339,9,0.0024704423616723125,0.021930932755544415,0.05933482070130425,0.03260553946266243,1.819777304075901,0.32121212121212117,0.166928728003498,10
bbo_add_int,fwd_mid_5s,345339,9,0.0035729538619107045,0.01621673318799558,0.06774046832809065,0.03751662276415391,1.805612108369594,0.5151515151515151,0.166928728003498,10
bbo_add_int,fwd_micro_5s,345339,9,0.005433437185650117,0.019062775210618707,0.0682572735306246,0.04028182731952509,1.6944929779175997,0.5030303030303029,0.166928728003498,10
bbo_add_int,fwd_mid_10s,345339,9,0.003931438262298877,0.03614100196642622,0.07296610787341541,0.07421082961756122,0.9832272223533901,0.5393939393939393,0.166928728003498,10
bbo_add_int,fwd_micro_10s,345339,9,0.009360079462854089,0.03611940600830489,0.04271499589488086,0.08076452180024597,0.5288831648199119,0.4787878787878787,0.166928728003498,10
bbo_add_int,fwd_mid_30s,345339,9,0.027886195760698156,0.14652390397679532,-0.08158210797998128,0.28118769163506846,-0.2901339937946513,0.4787878787878787,0.166928728003498,10
bbo_add_int,fwd_micro_30s,345339,9,0.02953985721166414,0.15018663955059028,-0.1311068193658819,0.2899393352665324,-0.4521870730142889,0.5393939393939393,0.166928728003498,10
bbo_add_int,fwd_mid_60s,345339,9,0.08319986403735867,0.2899923219065929,-0.22120407139719692,0.6434206579211946,-0.34379385969962084,0.6727272727272726,0.166928728003498,10
bbo_add_int,fwd_micro_60s,345339,9,0.08607831461120954,0.28783227825987423,-0.3162003800184975,0.6507683821051646,-0.4858877424186218,0.6606060606060605,0.166928728003498,10
deep_add_int,fwd_mid_100ms,345339,18,0.00006256803120557167,-0.0025651611776750234,-0.006308382020733315,0.007144951548257434,-0.8829145975485099,-0.41818181818181815,0.20368391638361147,10
deep_add_int,fwd_micro_100ms,345339,18,-0.004533124211820503,-0.0022101469193413536,0.011806463231004684,0.011717805127766158,1.00756610152429,0.29696969696969694,0.20368391638361147,10
deep_add_int,fwd_mid_300ms,345339,18,0.00021461419908867373,-0.0032718600164601103,-0.015607414815450825,0.00991990979747204,-1.5733424127937303,-0.28484848484848485,0.20368391638361147,10
deep_add_int,fwd_micro_300ms,345339,18,-0.0038757318725020956,-0.004250754377516794,-0.011848480920827216,0.017326949124885697,-0.6838180706498369,-0.2121212121212121,0.20368391638361147,10
deep_add_int,fwd_mid_500ms,345339,18,-0.0009594229176747738,-0.004283455104717803,-0.013330789719958585,0.011397119248479418,-1.1696630902354692,-0.309090909090909,0.20368391638361147,10
deep_add_int,fwd_micro_500ms,345339,18,0.013384789810318376,-0.012180611704757146,0.0015019302741580232,0.027884833363617575,0.053861906025145914,-0.6121212121212121,0.20368391638361147,10
deep_add_int,fwd_mid_1s,345339,18,-0.002848958385442266,0.011747128527006719,0.003484232586891277,0.01526918777355465,0.22818715956363878,0.43030303030303024,0.20368391638361147,10
deep_add_int,fwd_micro_1s,345339,18,0.022833101897254317,0.010450223982345675,0.044240304225292945,0.02512379957646607,1.7608922603702688,0.09090909090909088,0.20368391638361147,10
deep_add_int,fwd_mid_3s,345339,18,-0.003930766691159513,0.040152212207703195,0.01806788635566227,0.036024813811316135,0.501540034330081,0.34545454545454546,0.20368391638361147,10
deep_add_int,fwd_micro_3s,345339,18,0.03645983143635912,0.03585621097117182,0.05023035236115678,0.04217982345467263,1.1908620816095976,-0.07878787878787878,0.20368391638361147,10
deep_add_int,fwd_mid_5s,345339,18,0.005199728387770408,0.04611072242929273,0.05285172052631135,0.04641105726225621,1.138774327584496,0.05454545454545454,0.20368391638361147,10
deep_add_int,fwd_micro_5s,345339,18,0.002571681448207636,0.0489546821285586,0.09461492416644476,0.051413958310586066,1.840257534634591,0.12727272727272726,0.20368391638361147,10
deep_add_int,fwd_mid_10s,345339,18,0.004836342646880777,0.11254063376634867,0.16451699752777427,0.07512306456119515,2.1899665367586136,0.11515151515151514,0.20368391638361147,10
deep_add_int,fwd_micro_10s,345339,18,-0.00026042155041607225,0.11187155634466014,0.21830792813175137,0.08350244500825837,2.614389651825893,0.05454545454545454,0.20368391638361147,10
deep_add_int,fwd_mid_30s,345339,18,0.01043400581258363,0.28233465343824243,0.28111432234538963,0.3175243546722703,0.8853315287752936,-0.0303030303030303,0.20368391638361147,10
deep_add_int,fwd_micro_30s,345339,18,0.003890572089127757,0.28389911833866743,0.323920959860549,0.3163858299571025,1.0238162685872123,-0.05454545454545454,0.20368391638361147,10
deep_add_int,fwd_mid_60s,345339,18,0.018492097802610602,0.4642305183139537,0.6007018286486833,0.5649881643498945,1.0632113494623074,-0.09090909090909088,0.20368391638361147,10
deep_add_int,fwd_micro_60s,345339,18,0.01125267065531625,0.4600376638498703,0.5885487923278188,0.5768460083836116,1.0202875356232415,-0.04242424242424241,0.20368391638361147,10
repl_intensity,fwd_mid_100ms,345339,18,0.000020334638995091224,-0.00235386357802596,-0.005991988842736728,0.006798639885663788,-0.8813511148563647,-0.24848484848484845,0.20372445625892238,10
repl_intensity,fwd_micro_100ms,345339,18,-0.004521866173829001,-0.0020147582040119343,0.01223305180747575,0.011401880908057549,1.0728977004864892,0.16363636363636364,0.20372445625892238,10
repl_intensity,fwd_mid_300ms,345339,18,0.00024141405508274714,-0.002972392798540648,-0.014666701003090818,0.009383852491447867,-1.5629722458294784,-0.2727272727272727,0.20372445625892238,10
repl_intensity,fwd_micro_300ms,345339,18,-0.0038886454872515256,-0.003999536868569455,-0.009420202358806954,0.01669954657556043,-0.5640992895336032,-0.28484848484848485,0.20372445625892238,10
repl_intensity,fwd_mid_500ms,345339,18,-0.0008666151992690943,-0.003768956809774989,-0.01272958463319012,0.011318511465979036,-1.1246695001769853,-0.2727272727272727,0.20372445625892238,10
repl_intensity,fwd_micro_500ms,345339,18,0.013506063547741828,-0.012045612262316863,0.006189870565861637,0.029444022794619266,0.21022502967878431,-0.6969696969696969,0.20372445625892238,10
repl_intensity,fwd_mid_1s,345339,18,-0.00267274437515103,0.01170524494113123,0.002407292273731541,0.015078731596457175,0.159648194434149,0.38181818181818183,0.20372445625892238,10
repl_intensity,fwd_micro_1s,345339,18,0.022758620019441005,0.009957511988418752,0.04840670857094328,0.027921852843085754,1.7336495841797317,0.2121212121212121,0.20372445625892238,10
repl_intensity,fwd_mid_3s,345339,18,-0.004221048483928752,0.039934279217423194,0.01581444417322282,0.0347331328010122,0.45531292163665554,0.24848484848484845,0.20372445625892238,10
repl_intensity,fwd_micro_3s,345339,18,0.03576049561105082,0.03537466865302709,0.05449432965501318,0.04237156354520752,1.2861061781888579,-0.22424242424242422,0.20372445625892238,10
repl_intensity,fwd_mid_5s,345339,18,0.005152635891685821,0.04529346707940055,0.04934038964012619,0.04632556927832982,1.0650789706151897,0.01818181818181818,0.20372445625892238,10
repl_intensity,fwd_micro_5s,345339,18,0.0018935237902286356,0.04734871436317372,0.09643056249726745,0.05178099495939226,1.8622771264416669,0.07878787878787878,0.20372445625892238,10
repl_intensity,fwd_mid_10s,345339,18,0.00435853634418293,0.11085985832599256,0.15760827023963664,0.07317787905901199,2.1537693120695454,-0.0303030303030303,0.20372445625892238,10
repl_intensity,fwd_micro_10s,345339,18,-0.0007693188958177945,0.11025505107453996,0.21715870576134605,0.08262308405292415,2.6283054941672863,-0.09090909090909088,0.20372445625892238,10
repl_intensity,fwd_mid_30s,345339,18,0.011961216258121361,0.28060125400346386,0.267700493407972,0.3165232252106901,0.8457530825100754,0.01818181818181818,0.20372445625892238,10
repl_intensity,fwd_micro_30s,345339,18,0.005322897109570216,0.2812860499024707,0.3133749657491082,0.31553125757403766,0.9931661546259851,-0.10303030303030303,0.20372445625892238,10
repl_intensity,fwd_mid_60s,345339,18,0.01769930017852861,0.47154836953248797,0.6000552385537143,0.5703484438020768,1.052085343748122,0.01818181818181818,0.20372445625892238,10
repl_intensity,fwd_micro_60s,345339,18,0.010440001991317404,0.46603989487918845,0.5900375280457985,0.5820455321146812,1.0137308775519345,0.006060606060606061,0.20372445625892238,10
arrival_acc,fwd_mid_100ms,345339,20,-0.0011485230207452294,-0.007333365970184285,-0.007183775019548198,0.004750101573210255,-1.5123413486699815,-0.19999999999999998,0.12514369937945033,10
arrival_acc,fwd_micro_100ms,345339,20,0.003364871375351099,-0.011764318304856221,-0.01832907975797688,0.013704361700478439,-1.3374632221898366,-0.3939393939393939,0.12514369937945033,10
arrival_acc,fwd_mid_300ms,345339,20,-0.004517081687367254,-0.008528253134951456,-0.006694354959744309,0.008381002328348177,-0.7987535019649264,-0.43030303030303024,0.12514369937945033,10
arrival_acc,fwd_micro_300ms,345339,20,0.0005775314005378978,-0.009162308919477214,-0.009382998128023236,0.018984771281340643,-0.49423814429860435,-0.5636363636363636,0.12514369937945033,10
arrival_acc,fwd_mid_500ms,345339,20,-0.009029594570588188,-0.00903579603429463,0.002280726586656403,0.023648263217421285,0.09644372466965055,-0.28484848484848485,0.12514369937945033,10
arrival_acc,fwd_micro_500ms,345339,20,-0.009625211179459647,-0.013797407264148867,0.014975854942701186,0.03836488818576364,0.39035314973909907,-0.07878787878787878,0.12514369937945033,10
arrival_acc,fwd_mid_1s,345339,20,0.0023491680897902,-0.011671112360197727,-0.0009938752218774383,0.03010330316077364,-0.03301548725631265,-0.49090909090909085,0.12514369937945033,10
arrival_acc,fwd_micro_1s,345339,20,0.00935102004928807,-0.0227625230279888,0.008522007885234311,0.04346814139021181,0.19605181203246255,-0.4424242424242424,0.12514369937945033,10
arrival_acc,fwd_mid_3s,345339,20,0.032557170672145586,-0.028916575429026294,-0.0695066168807196,0.039784779200874865,-1.7470655430756081,-0.709090909090909,0.12514369937945033,10
arrival_acc,fwd_micro_3s,345339,20,0.040700400184590195,-0.026963828050864058,-0.03906668044882772,0.053082215276207184,-0.7359655252809015,-0.6,0.12514369937945033,10
arrival_acc,fwd_mid_5s,345339,20,0.03075941968727558,-0.014679683590952066,-0.0860412917663598,0.0421806825288429,-2.0398269209495434,-0.7333333333333332,0.12514369937945033,10
arrival_acc,fwd_micro_5s,345339,20,0.02790247490926781,-0.013082483970284574,-0.06122230933795998,0.04699518730902171,-1.302735723455816,-0.6121212121212121,0.12514369937945033,10
arrival_acc,fwd_mid_10s,345339,20,0.0754270637306376,0.0051620753880244185,-0.115581539022371,0.05721982491469537,-2.01995618117816,-0.5151515151515151,0.12514369937945033,10
arrival_acc,fwd_micro_10s,345339,20,0.07751132268529373,0.00940227213860042,-0.08618762598477282,0.06774103186029876,-1.2723104980525863,-0.41818181818181815,0.12514369937945033,10
arrival_acc,fwd_mid_30s,345339,20,0.17600222391365977,0.1403672475243808,-0.060390710203482946,0.05800948539449885,-1.0410488869671979,-0.309090909090909,0.12514369937945033,10
arrival_acc,fwd_micro_30s,345339,20,0.18516391184860784,0.1410909148117534,-0.07284874543226519,0.062292369387076135,-1.1694649946543725,-0.38181818181818183,0.12514369937945033,10
arrival_acc,fwd_mid_60s,345339,20,0.19464553327322417,0.25639600280633407,-0.0021147509769321184,0.08199122316658083,-0.025792406738896892,-0.01818181818181818,0.12514369937945033,10
arrival_acc,fwd_micro_60s,345339,20,0.19357685621293103,0.2612986128695579,0.04037241810706406,0.07831154850444784,0.5155359442901456,-0.0303030303030303,0.12514369937945033,10
arrival_burst,fwd_mid_100ms,345339,0,NaN,-0.0012410022304448498,NaN,NaN,NaN,NaN,1.0,1
arrival_burst,fwd_micro_100ms,345339,0,NaN,-0.0010191243300379685,NaN,NaN,NaN,NaN,1.0,1
arrival_burst,fwd_mid_300ms,345339,0,NaN,-0.0010188934148510416,NaN,NaN,NaN,NaN,1.0,1
arrival_burst,fwd_micro_300ms,345339,0,NaN,-0.0022737778801372914,NaN,NaN,NaN,NaN,1.0,1
arrival_burst,fwd_mid_500ms,345339,0,NaN,-0.002028136065409547,NaN,NaN,NaN,NaN,1.0,1
arrival_burst,fwd_micro_500ms,345339,0,NaN,-0.0031333110398524175,NaN,NaN,NaN,NaN,1.0,1
arrival_burst,fwd_mid_1s,345339,0,NaN,-0.0025451876611957323,NaN,NaN,NaN,NaN,1.0,1
arrival_burst,fwd_micro_1s,345339,0,NaN,0.0015989348366379167,NaN,NaN,NaN,NaN,1.0,1
arrival_burst,fwd_mid_3s,345339,0,NaN,0.004302454784443272,NaN,NaN,NaN,NaN,1.0,1
arrival_burst,fwd_micro_3s,345339,0,NaN,0.01173177967076976,NaN,NaN,NaN,NaN,1.0,1
arrival_burst,fwd_mid_5s,345339,0,NaN,0.008517669520975098,NaN,NaN,NaN,NaN,1.0,1
arrival_burst,fwd_micro_5s,345339,0,NaN,0.008504809533569272,NaN,NaN,NaN,NaN,1.0,1
arrival_burst,fwd_mid_10s,345339,0,NaN,0.017035715454763567,NaN,NaN,NaN,NaN,1.0,1
arrival_burst,fwd_micro_10s,345339,0,NaN,0.01703004048521098,NaN,NaN,NaN,NaN,1.0,1
arrival_burst,fwd_mid_30s,345339,0,NaN,0.05129489763897048,NaN,NaN,NaN,NaN,1.0,1
arrival_burst,fwd_micro_30s,345339,0,NaN,0.05125123473583939,NaN,NaN,NaN,NaN,1.0,1
arrival_burst,fwd_mid_60s,345339,0,NaN,0.10092550140282143,NaN,NaN,NaN,NaN,1.0,1
arrival_burst,fwd_micro_60s,345339,0,NaN,0.1008939365834752,NaN,NaN,NaN,NaN,1.0,1
trade_buy_vol,fwd_mid_100ms,345339,0,NaN,-0.0003278094633022568,NaN,NaN,NaN,NaN,0.43990687411500007,3
trade_buy_vol,fwd_micro_100ms,345339,0,NaN,-0.0008250880832853168,NaN,NaN,NaN,NaN,0.43990687411500007,3
trade_buy_vol,fwd_mid_300ms,345339,0,NaN,0.006160967003202971,NaN,NaN,NaN,NaN,0.43990687411500007,3
trade_buy_vol,fwd_micro_300ms,345339,0,NaN,0.005513481635537722,NaN,NaN,NaN,NaN,0.43990687411500007,3
trade_buy_vol,fwd_mid_500ms,345339,0,NaN,0.00869684517466809,NaN,NaN,NaN,NaN,0.43990687411500007,3
trade_buy_vol,fwd_micro_500ms,345339,0,NaN,0.012238559864676953,NaN,NaN,NaN,NaN,0.43990687411500007,3
trade_buy_vol,fwd_mid_1s,345339,0,NaN,0.015423633244116011,NaN,NaN,NaN,NaN,0.43990687411500007,3
trade_buy_vol,fwd_micro_1s,345339,0,NaN,0.027206075950845215,NaN,NaN,NaN,NaN,0.43990687411500007,3
trade_buy_vol,fwd_mid_3s,345339,0,NaN,0.037363165690721845,NaN,NaN,NaN,NaN,0.43990687411500007,3
trade_buy_vol,fwd_micro_3s,345339,0,NaN,0.06140241442584024,NaN,NaN,NaN,NaN,0.43990687411500007,3
trade_buy_vol,fwd_mid_5s,345339,0,NaN,0.04949146521955129,NaN,NaN,NaN,NaN,0.43990687411500007,3
trade_buy_vol,fwd_micro_5s,345339,0,NaN,0.050067804213498074,NaN,NaN,NaN,NaN,0.43990687411500007,3
trade_buy_vol,fwd_mid_10s,345339,0,NaN,0.0680877014856973,NaN,NaN,NaN,NaN,0.43990687411500007,3
trade_buy_vol,fwd_micro_10s,345339,0,NaN,0.06992375494715755,NaN,NaN,NaN,NaN,0.43990687411500007,3
trade_buy_vol,fwd_mid_30s,345339,0,NaN,0.09820023565722506,NaN,NaN,NaN,NaN,0.43990687411500007,3
trade_buy_vol,fwd_micro_30s,345339,0,NaN,0.10195944150621329,NaN,NaN,NaN,NaN,0.43990687411500007,3
trade_buy_vol,fwd_mid_60s,345339,0,NaN,0.12641500147694457,NaN,NaN,NaN,NaN,0.43990687411500007,3
trade_buy_vol,fwd_micro_60s,345339,0,NaN,0.12800558800170664,NaN,NaN,NaN,NaN,0.43990687411500007,3
trade_buy_cnt,fwd_mid_100ms,345339,0,NaN,0.0008241324798067685,NaN,NaN,NaN,NaN,0.4114565687628678,3
trade_buy_cnt,fwd_micro_100ms,345339,0,NaN,-0.00024624224807317944,NaN,NaN,NaN,NaN,0.4114565687628678,3
trade_buy_cnt,fwd_mid_300ms,345339,0,NaN,0.008553837764890795,NaN,NaN,NaN,NaN,0.4114565687628678,3
trade_buy_cnt,fwd_micro_300ms,345339,0,NaN,0.005732088044938594,NaN,NaN,NaN,NaN,0.4114565687628678,3
trade_buy_cnt,fwd_mid_500ms,345339,0,NaN,0.01263390172171656,NaN,NaN,NaN,NaN,0.4114565687628678,3
trade_buy_cnt,fwd_micro_500ms,345339,0,NaN,0.01388699827761812,NaN,NaN,NaN,NaN,0.4114565687628678,3
trade_buy_cnt,fwd_mid_1s,345339,0,NaN,0.021611362509493512,NaN,NaN,NaN,NaN,0.4114565687628678,3
trade_buy_cnt,fwd_micro_1s,345339,0,NaN,0.029471733223067807,NaN,NaN,NaN,NaN,0.4114565687628678,3
trade_buy_cnt,fwd_mid_3s,345339,0,NaN,0.044412853311211184,NaN,NaN,NaN,NaN,0.4114565687628678,3
trade_buy_cnt,fwd_micro_3s,345339,0,NaN,0.06195637773462475,NaN,NaN,NaN,NaN,0.4114565687628678,3
trade_buy_cnt,fwd_mid_5s,345339,0,NaN,0.058258258356649155,NaN,NaN,NaN,NaN,0.4114565687628678,3
trade_buy_cnt,fwd_micro_5s,345339,0,NaN,0.05684186688390958,NaN,NaN,NaN,NaN,0.4114565687628678,3
trade_buy_cnt,fwd_mid_10s,345339,0,NaN,0.07854481307455875,NaN,NaN,NaN,NaN,0.4114565687628678,3
trade_buy_cnt,fwd_micro_10s,345339,0,NaN,0.0782991023599615,NaN,NaN,NaN,NaN,0.4114565687628678,3
trade_buy_cnt,fwd_mid_30s,345339,0,NaN,0.11903313787200741,NaN,NaN,NaN,NaN,0.4114565687628678,3
trade_buy_cnt,fwd_micro_30s,345339,0,NaN,0.11943970659457406,NaN,NaN,NaN,NaN,0.4114565687628678,3
trade_buy_cnt,fwd_mid_60s,345339,0,NaN,0.14785321487331268,NaN,NaN,NaN,NaN,0.4114565687628678,3
trade_buy_cnt,fwd_micro_60s,345339,0,NaN,0.14584607070581745,NaN,NaN,NaN,NaN,0.4114565687628678,3
trade_sell_vol,fwd_mid_100ms,345339,0,NaN,-0.003049826084457919,NaN,NaN,NaN,NaN,0.45987565841101063,3
trade_sell_vol,fwd_micro_100ms,345339,0,NaN,-0.00016795237374195272,NaN,NaN,NaN,NaN,0.45987565841101063,3
trade_sell_vol,fwd_mid_300ms,345339,0,NaN,-0.005581452335148128,NaN,NaN,NaN,NaN,0.45987565841101063,3
trade_sell_vol,fwd_micro_300ms,345339,0,NaN,-0.0024149165380855015,NaN,NaN,NaN,NaN,0.45987565841101063,3
trade_sell_vol,fwd_mid_500ms,345339,0,NaN,-0.008895813064486863,NaN,NaN,NaN,NaN,0.45987565841101063,3
trade_sell_vol,fwd_micro_500ms,345339,0,NaN,-0.011514893316863077,NaN,NaN,NaN,NaN,0.45987565841101063,3
trade_sell_vol,fwd_mid_1s,345339,0,NaN,-0.012577446507565466,NaN,NaN,NaN,NaN,0.45987565841101063,3
trade_sell_vol,fwd_micro_1s,345339,0,NaN,-0.012745848870299982,NaN,NaN,NaN,NaN,0.45987565841101063,3
trade_sell_vol,fwd_mid_3s,345339,0,NaN,-0.005058567586436569,NaN,NaN,NaN,NaN,0.45987565841101063,3
trade_sell_vol,fwd_micro_3s,345339,0,NaN,-0.012052592598040136,NaN,NaN,NaN,NaN,0.45987565841101063,3
trade_sell_vol,fwd_mid_5s,345339,0,NaN,-0.0043889513007614655,NaN,NaN,NaN,NaN,0.45987565841101063,3
trade_sell_vol,fwd_micro_5s,345339,0,NaN,-0.005310573035807868,NaN,NaN,NaN,NaN,0.45987565841101063,3
trade_sell_vol,fwd_mid_10s,345339,0,NaN,0.010400416962966107,NaN,NaN,NaN,NaN,0.45987565841101063,3
trade_sell_vol,fwd_micro_10s,345339,0,NaN,0.005906356358014563,NaN,NaN,NaN,NaN,0.45987565841101063,3
trade_sell_vol,fwd_mid_30s,345339,0,NaN,0.09639056977944147,NaN,NaN,NaN,NaN,0.45987565841101063,3
trade_sell_vol,fwd_micro_30s,345339,0,NaN,0.09468734670703659,NaN,NaN,NaN,NaN,0.45987565841101063,3
trade_sell_vol,fwd_mid_60s,345339,0,NaN,0.22060087797806396,NaN,NaN,NaN,NaN,0.45987565841101063,3
trade_sell_vol,fwd_micro_60s,345339,0,NaN,0.21936939961061333,NaN,NaN,NaN,NaN,0.45987565841101063,3
trade_sell_cnt,fwd_mid_100ms,345339,0,NaN,-0.003660416092870982,NaN,NaN,NaN,NaN,0.48096218498345106,3
trade_sell_cnt,fwd_micro_100ms,345339,0,NaN,-0.0012167227733093562,NaN,NaN,NaN,NaN,0.48096218498345106,3
trade_sell_cnt,fwd_mid_300ms,345339,0,NaN,-0.007268947890922026,NaN,NaN,NaN,NaN,0.48096218498345106,3
trade_sell_cnt,fwd_micro_300ms,345339,0,NaN,-0.003892736527948308,NaN,NaN,NaN,NaN,0.48096218498345106,3
trade_sell_cnt,fwd_mid_500ms,345339,0,NaN,-0.011444273615087229,NaN,NaN,NaN,NaN,0.48096218498345106,3
trade_sell_cnt,fwd_micro_500ms,345339,0,NaN,-0.012967540628958885,NaN,NaN,NaN,NaN,0.48096218498345106,3
trade_sell_cnt,fwd_mid_1s,345339,0,NaN,-0.01645313478198326,NaN,NaN,NaN,NaN,0.48096218498345106,3
trade_sell_cnt,fwd_micro_1s,345339,0,NaN,-0.01570397482216306,NaN,NaN,NaN,NaN,0.48096218498345106,3
trade_sell_cnt,fwd_mid_3s,345339,0,NaN,-0.013954624379617591,NaN,NaN,NaN,NaN,0.48096218498345106,3
trade_sell_cnt,fwd_micro_3s,345339,0,NaN,-0.019066137035903017,NaN,NaN,NaN,NaN,0.48096218498345106,3
trade_sell_cnt,fwd_mid_5s,345339,0,NaN,-0.01504069846394527,NaN,NaN,NaN,NaN,0.48096218498345106,3
trade_sell_cnt,fwd_micro_5s,345339,0,NaN,-0.014408680770252383,NaN,NaN,NaN,NaN,0.48096218498345106,3
trade_sell_cnt,fwd_mid_10s,345339,0,NaN,-0.002612805114491837,NaN,NaN,NaN,NaN,0.48096218498345106,3
trade_sell_cnt,fwd_micro_10s,345339,0,NaN,-0.005540902586472536,NaN,NaN,NaN,NaN,0.48096218498345106,3
trade_sell_cnt,fwd_mid_30s,345339,0,NaN,0.07295859101451722,NaN,NaN,NaN,NaN,0.48096218498345106,3
trade_sell_cnt,fwd_micro_30s,345339,0,NaN,0.07191273797154035,NaN,NaN,NaN,NaN,0.48096218498345106,3
trade_sell_cnt,fwd_mid_60s,345339,0,NaN,0.19042762931026772,NaN,NaN,NaN,NaN,0.48096218498345106,3
trade_sell_cnt,fwd_micro_60s,345339,0,NaN,0.19036380472605083,NaN,NaN,NaN,NaN,0.48096218498345106,3
trade_dollar_imb,fwd_mid_100ms,345339,20,-0.019391410431711255,0.0017444936335075554,0.013501730356866956,0.011532580057356752,1.1707467270737968,0.6571428571428573,0.49761828232548305,6
trade_dollar_imb,fwd_micro_100ms,345339,20,-0.009011579229270051,-0.0010102421959575913,0.005756095732508458,0.009497691364439433,0.6060520932550003,0.5428571428571429,0.49761828232548305,6
trade_dollar_imb,fwd_mid_300ms,345339,20,-0.050799295561432804,0.01235380866286637,0.07468429776266869,0.013837060127830618,5.397410799166465,0.7142857142857143,0.49761828232548305,6
trade_dollar_imb,fwd_micro_300ms,345339,20,-0.046083724957450986,0.008695130549523906,0.04653063102162597,0.02124362514400116,2.190333839267797,0.8857142857142858,0.49761828232548305,6
trade_dollar_imb,fwd_mid_500ms,345339,20,-0.08791085460735867,0.020236952552212997,0.1524655210685391,0.017302637463338693,8.811692517489734,0.942857142857143,0.49761828232548305,6
trade_dollar_imb,fwd_micro_500ms,345339,20,-0.09427742462142497,0.024774339664039392,0.1366242363724945,0.02080446152530756,6.567064290815607,0.8285714285714287,0.49761828232548305,6
trade_dollar_imb,fwd_mid_1s,345339,20,-0.1377885252644229,0.03351847624531689,0.27035911334654084,0.04022934861848371,6.720444715883918,0.7714285714285715,0.49761828232548305,6
trade_dollar_imb,fwd_micro_1s,345339,20,-0.1325738374554373,0.0470402671186751,0.2547210199272546,0.03791605921021468,6.718024637397763,0.8285714285714287,0.49761828232548305,6
trade_dollar_imb,fwd_mid_3s,345339,20,-0.2316208032600241,0.07375953887970704,0.4491511432281962,0.04749113652202287,9.457578321376099,0.7714285714285715,0.49761828232548305,6
trade_dollar_imb,fwd_micro_3s,345339,20,-0.2571546852641272,0.10377174073613465,0.4944601870954183,0.05414536758179869,9.132086624925494,0.8285714285714287,0.49761828232548305,6
trade_dollar_imb,fwd_mid_5s,345339,20,-0.28094767117015723,0.09808510469623462,0.5362718161155772,0.06035249279312091,8.885661408449767,0.7714285714285715,0.49761828232548305,6
trade_dollar_imb,fwd_micro_5s,345339,20,-0.2924919974686026,0.10035349211045855,0.5532711174926993,0.062127231701176594,8.905452606577692,0.8285714285714287,0.49761828232548305,6
trade_dollar_imb,fwd_mid_10s,345339,20,-0.35770658145506656,0.13379996177921552,0.728822326631557,0.09877185397313548,7.378846273653891,0.942857142857143,0.49761828232548305,6
trade_dollar_imb,fwd_micro_10s,345339,20,-0.38766733388126867,0.14357078304997686,0.7732784134780953,0.09899959433184606,7.8109250719358565,1.0,0.49761828232548305,6
trade_dollar_imb,fwd_mid_30s,345339,20,-0.33403279852044543,0.18459106899509464,0.7450906610581155,0.11979287633670156,6.219824449025591,0.6,0.49761828232548305,6
trade_dollar_imb,fwd_micro_30s,345339,20,-0.3483456989856493,0.1903340171100992,0.7991499708192034,0.11181498615043962,7.147073914975943,0.6,0.49761828232548305,6
trade_dollar_imb,fwd_mid_60s,345339,20,-0.22481824937206601,0.19851050375943993,0.7327176933883762,0.15375611228854968,4.765454084929684,0.6,0.49761828232548305,6
trade_dollar_imb,fwd_micro_60s,345339,20,-0.24335059084687757,0.20236657550912637,0.7909259641535457,0.1401738234639593,5.642465508953633,0.6,0.49761828232548305,6
trade_imb,fwd_mid_100ms,345339,10,-0.017173922405787346,0.0035452335897231983,0.021281853094645448,0.00435453880980243,4.887280610919857,0.7142857142857143,0.4703001977766774,6
trade_imb,fwd_micro_100ms,345339,10,-0.004969936959283516,0.000017259045090037646,0.016857227411443194,0.008204321955589206,2.0546764866972564,0.6571428571428573,0.4703001977766774,6
trade_imb,fwd_mid_300ms,345339,10,-0.03758966091507872,0.01552544800985906,0.055689799149317876,0.010596479032762493,5.25550033904041,0.7142857142857143,0.4703001977766774,6
trade_imb,fwd_micro_300ms,345339,10,-0.022570274018761858,0.011076063207972405,0.039523703718802934,0.016676250194529816,2.370059411303843,0.8285714285714287,0.4703001977766774,6
trade_imb,fwd_mid_500ms,345339,10,-0.06786746438540998,0.02535049429186503,0.11351771923487657,0.017213744320393215,6.594597730860421,0.7714285714285715,0.4703001977766774,6
trade_imb,fwd_micro_500ms,345339,10,-0.07698339567275816,0.028064586699142385,0.12569312811617142,0.021117888381987117,5.9519742619429525,0.8857142857142858,0.4703001977766774,6
trade_imb,fwd_mid_1s,345339,10,-0.10669576079784404,0.04063292297023222,0.1879302480995932,0.02904833769042104,6.46956979440393,0.942857142857143,0.4703001977766774,6
trade_imb,fwd_micro_1s,345339,10,-0.12249135078914694,0.05156955715616174,0.21127972975320133,0.028687581097847824,7.3648499339336695,0.942857142857143,0.4703001977766774,6
trade_imb,fwd_mid_3s,345339,10,-0.2023831942687722,0.07538463392724062,0.33577544457213737,0.04265495313263255,7.871898101213883,0.942857142857143,0.4703001977766774,6
trade_imb,fwd_micro_3s,345339,10,-0.2540424292164459,0.09990509951927212,0.40693052546882474,0.0492840056447702,8.256847635354623,0.942857142857143,0.4703001977766774,6
trade_imb,fwd_mid_5s,345339,10,-0.26278900522412973,0.09959535519837581,0.42261037315084027,0.06977574909063702,6.056694176108085,0.942857142857143,0.4703001977766774,6
trade_imb,fwd_micro_5s,345339,10,-0.2929797769934137,0.09964922251255234,0.4822807664103804,0.07344383775563988,6.566660745793411,1.0,0.4703001977766774,6
trade_imb,fwd_mid_10s,345339,10,-0.3230275271517623,0.13410248609981312,0.5781212504681013,0.12388679325886053,4.666528491540832,0.942857142857143,0.4703001977766774,6
trade_imb,fwd_micro_10s,345339,10,-0.3780748169065634,0.1404890053444383,0.6567743753012568,0.11997001184323884,5.474487875848873,0.942857142857143,0.4703001977766774,6
trade_imb,fwd_mid_30s,345339,10,-0.28121668453881776,0.17719627259904408,0.6508887495638825,0.1389481451434665,4.684400420688077,0.6,0.4703001977766774,6
trade_imb,fwd_micro_30s,345339,10,-0.2993047729777299,0.17948085104861847,0.6891782573992556,0.14292002361187034,4.822125269660362,0.6,0.4703001977766774,6
trade_imb,fwd_mid_60s,345339,10,-0.02183917000175336,0.1857799884432014,0.4870062146212826,0.10043390841380465,4.849021832494408,0.6,0.4703001977766774,6
trade_imb,fwd_micro_60s,345339,10,-0.04194767680378752,0.1865650291774406,0.5210228414188387,0.09884445962224833,5.2711385484833455,0.6,0.4703001977766774,6
signed_vol,fwd_mid_100ms,345339,20,-0.01960789201916846,0.0017225865381089605,0.013693814405847177,0.011325818256531084,1.2090794762621744,0.6571428571428573,0.49810765653459355,6
signed_vol,fwd_micro_100ms,345339,20,-0.009149648418386865,-0.0011563860636695717,0.005557134214484202,0.009300795336359934,0.5974902159990014,0.5428571428571429,0.49810765653459355,6
signed_vol,fwd_mid_300ms,345339,20,-0.05132916929220188,0.012192006180994152,0.0745881243623585,0.013775156518013584,5.414684346041414,0.7142857142857143,0.49810765653459355,6
signed_vol,fwd_micro_300ms,345339,20,-0.046602969321149344,0.008332190660579879,0.04592314181888757,0.021120332097850098,2.1743569942994516,0.942857142857143,0.49810765653459355,6
signed_vol,fwd_mid_500ms,345339,20,-0.08771195011588324,0.020223938850448618,0.15149277563137398,0.01781715814133333,8.502634058117932,0.8285714285714287,0.49810765653459355,6
signed_vol,fwd_micro_500ms,345339,20,-0.09467102944507438,0.024629512241051654,0.13551157849899192,0.02114115924092085,6.409846165705785,0.8285714285714287,0.49810765653459355,6
signed_vol,fwd_mid_1s,345339,20,-0.13763576525574456,0.03360755065336299,0.2699531856911953,0.040570116576748624,6.653990879728203,0.7714285714285715,0.49810765653459355,6
signed_vol,fwd_micro_1s,345339,20,-0.13255604130662485,0.04696059255002472,0.2537533035667724,0.03837035499759019,6.613264422044286,0.8285714285714287,0.49810765653459355,6
signed_vol,fwd_mid_3s,345339,20,-0.23168338120775372,0.07335444037220099,0.4474659525718415,0.04685374540511024,9.550270713748262,0.7714285714285715,0.49810765653459355,6
signed_vol,fwd_micro_3s,345339,20,-0.25785651858577713,0.10301402239818844,0.4914599009742934,0.05345536834437845,9.193836207584134,0.8285714285714287,0.49810765653459355,6
signed_vol,fwd_mid_5s,345339,20,-0.28129676293332057,0.0981506254206277,0.537094211593342,0.06081594906263015,8.831469702794998,0.7714285714285715,0.49810765653459355,6
signed_vol,fwd_micro_5s,345339,20,-0.293342491329553,0.10020891443593957,0.5535506890567085,0.06273718236517901,8.82332722299536,0.8285714285714287,0.49810765653459355,6
signed_vol,fwd_mid_10s,345339,20,-0.3588790848422901,0.13304953154299376,0.7273689812013742,0.09874427709527697,7.366188731115486,0.942857142857143,0.49810765653459355,6
signed_vol,fwd_micro_10s,345339,20,-0.3890850552893541,0.14290217179322004,0.7720657756120867,0.09881299178662437,7.813403497378934,1.0,0.49810765653459355,6
signed_vol,fwd_mid_30s,345339,20,-0.33423402555289905,0.1836807946186849,0.73880681438527,0.11861837914235919,6.228434579253482,0.6,0.49810765653459355,6
signed_vol,fwd_micro_30s,345339,20,-0.34848307073196483,0.18932091228923836,0.7910670308438351,0.1105784543935826,7.153898426072995,0.6,0.49810765653459355,6
signed_vol,fwd_mid_60s,345339,20,-0.22357619933825534,0.2001291383112155,0.736174902872867,0.1586032017870095,4.641614384692478,0.6,0.49810765653459355,6
signed_vol,fwd_micro_60s,345339,20,-0.24188540198494005,0.20392214658316635,0.7916253875997636,0.14646511912044022,5.404873135349035,0.6,0.49810765653459355,6
signed_cnt,fwd_mid_100ms,345339,20,-0.020884781137342233,0.003618737457848302,0.03180944592895153,0.006577249562425696,4.836283864105071,0.8857142857142858,0.47190441855683835,6
signed_cnt,fwd_micro_100ms,345339,20,-0.010295500165834885,0.0007885633453893046,0.01986250290602781,0.008316528548225432,2.3883165663233417,0.7714285714285715,0.47190441855683835,6
signed_cnt,fwd_mid_300ms,345339,20,-0.05679047290128864,0.01600203534697913,0.09227512460089418,0.01406646573504091,6.559936684808326,0.8857142857142858,0.47190441855683835,6
signed_cnt,fwd_micro_300ms,345339,20,-0.043766663591860704,0.011302522402869965,0.06308025576201698,0.016695878632925692,3.778193238516801,0.942857142857143,0.47190441855683835,6
signed_cnt,fwd_mid_500ms,345339,20,-0.10007740538532557,0.02595896100282675,0.16704536019713434,0.020823193944199066,8.022081561780292,1.0,0.47190441855683835,6
signed_cnt,fwd_micro_500ms,345339,20,-0.10038716432672666,0.02736375230418609,0.14701319424207038,0.01738667466575323,8.455509582384046,1.0,0.47190441855683835,6
signed_cnt,fwd_mid_1s,345339,20,-0.1600795703953347,0.04257546203603704,0.27226723021119126,0.03322000277746194,8.195882222981346,0.8285714285714287,0.47190441855683835,6
signed_cnt,fwd_micro_1s,345339,20,-0.15155592493116132,0.05159830696459985,0.2501256925814647,0.027963537421310865,8.944708561472815,0.6571428571428573,0.47190441855683835,6
signed_cnt,fwd_mid_3s,345339,20,-0.28368173560090204,0.08141630748600279,0.46261178135026515,0.054836958139904364,8.436131343573317,0.8285714285714287,0.47190441855683835,6
signed_cnt,fwd_micro_3s,345339,20,-0.30842578279194455,0.10446569869640386,0.47545014644489997,0.05166731252933008,9.202145866886347,0.8285714285714287,0.47190441855683835,6
signed_cnt,fwd_mid_5s,345339,20,-0.3501124503166563,0.10671136834490791,0.5593902416288352,0.07346986285698802,7.613873496915468,1.0,0.47190441855683835,6
signed_cnt,fwd_micro_5s,345339,20,-0.35940585813372616,0.10498075262888523,0.5579405398557497,0.07430244739342182,7.509046598445498,1.0,0.47190441855683835,6
signed_cnt,fwd_mid_10s,345339,20,-0.4432746856191747,0.1410107906133396,0.7392373533481513,0.1122318985519611,6.586695608698978,0.6571428571428573,0.47190441855683835,6
signed_cnt,fwd_micro_10s,345339,20,-0.46844154274082445,0.14579825029311463,0.7470187147714334,0.10963156625824134,6.813901691523792,0.7714285714285715,0.47190441855683835,6
signed_cnt,fwd_mid_30s,345339,20,-0.43589460947850567,0.19028797195869493,0.8364184048785221,0.13142432261733786,6.36425882379385,0.6571428571428573,0.47190441855683835,6
signed_cnt,fwd_micro_30s,345339,20,-0.4371743490798191,0.19145185350608857,0.8346956763762433,0.12993868594521102,6.42376571922695,0.8285714285714287,0.47190441855683835,6
signed_cnt,fwd_mid_60s,345339,20,-0.29652659235400697,0.2102195953548265,0.8213142090977005,0.10941876422674739,7.506155044812053,0.6,0.47190441855683835,6
signed_cnt,fwd_micro_60s,345339,20,-0.3027732244750865,0.20864805584129978,0.8191589632544212,0.10768694660996452,7.60685476784261,0.6,0.47190441855683835,6
aggr_buy_int,fwd_mid_100ms,345339,1,-0.008447570300685695,-0.0007659093974021143,NaN,NaN,NaN,0.22424242424242422,0.1520158452998358,10
aggr_buy_int,fwd_micro_100ms,345339,1,-0.013435742148005601,0.004970201044466301,NaN,NaN,NaN,0.41818181818181815,0.1520158452998358,10
aggr_buy_int,fwd_mid_300ms,345339,1,-0.02475735791282517,0.008652310956578927,NaN,NaN,NaN,0.8666666666666665,0.1520158452998358,10
aggr_buy_int,fwd_micro_300ms,345339,1,-0.03106912076650758,0.013448599594247877,NaN,NaN,NaN,0.8303030303030302,0.1520158452998358,10
aggr_buy_int,fwd_mid_500ms,345339,1,-0.04676959997042632,0.018737069461900884,NaN,NaN,NaN,0.9757575757575757,0.1520158452998358,10
aggr_buy_int,fwd_micro_500ms,345339,1,-0.05820460375473743,0.020624025567416358,NaN,NaN,NaN,0.7575757575757575,0.1520158452998358,10
aggr_buy_int,fwd_mid_1s,345339,1,-0.08186286980708783,0.04527356354690388,NaN,NaN,NaN,0.9272727272727272,0.1520158452998358,10
aggr_buy_int,fwd_micro_1s,345339,1,-0.1081601836909862,0.0534169744699675,NaN,NaN,NaN,0.6969696969696969,0.1520158452998358,10
aggr_buy_int,fwd_mid_3s,345339,1,-0.22591256067810295,0.10329345083203703,NaN,NaN,NaN,0.9757575757575757,0.1520158452998358,10
aggr_buy_int,fwd_micro_3s,345339,1,-0.25281802703679146,0.1257559701018787,NaN,NaN,NaN,0.8303030303030302,0.1520158452998358,10
aggr_buy_int,fwd_mid_5s,345339,1,-0.2857042687762932,0.11620262787347838,NaN,NaN,NaN,0.9636363636363635,0.1520158452998358,10
aggr_buy_int,fwd_micro_5s,345339,1,-0.27785628103427845,0.14391845128766076,NaN,NaN,NaN,0.8666666666666665,0.1520158452998358,10
aggr_buy_int,fwd_mid_10s,345339,1,-0.4921072537357003,0.17769953177043055,NaN,NaN,NaN,0.8545454545454544,0.1520158452998358,10
aggr_buy_int,fwd_micro_10s,345339,1,-0.4963670798146788,0.2122834526229331,NaN,NaN,NaN,0.8303030303030302,0.1520158452998358,10
aggr_buy_int,fwd_mid_30s,345339,1,-0.9201584410509188,0.37658615623655134,NaN,NaN,NaN,0.9393939393939393,0.1520158452998358,10
aggr_buy_int,fwd_micro_30s,345339,1,-0.9581893050419937,0.4067087687678591,NaN,NaN,NaN,0.9393939393939393,0.1520158452998358,10
aggr_buy_int,fwd_mid_60s,345339,1,-1.695256196860448,0.5239939171858621,NaN,NaN,NaN,0.8303030303030302,0.1520158452998358,10
aggr_buy_int,fwd_micro_60s,345339,1,-1.7260763367019842,0.5468255782916097,NaN,NaN,NaN,0.8787878787878788,0.1520158452998358,10
aggr_sell_int,fwd_mid_100ms,345339,0,NaN,-0.011485459330109497,NaN,NaN,NaN,-0.9666666666666667,0.17437648223919106,9
aggr_sell_int,fwd_micro_100ms,345339,0,NaN,-0.008008004973228195,NaN,NaN,NaN,0.16666666666666669,0.17437648223919106,9
aggr_sell_int,fwd_mid_300ms,345339,0,NaN,-0.021480114674470942,NaN,NaN,NaN,-0.9833333333333333,0.17437648223919106,9
aggr_sell_int,fwd_micro_300ms,345339,0,NaN,-0.022416559519109057,NaN,NaN,NaN,-0.65,0.17437648223919106,9
aggr_sell_int,fwd_mid_500ms,345339,0,NaN,-0.032281222099569046,NaN,NaN,NaN,-0.9666666666666667,0.17437648223919106,9
aggr_sell_int,fwd_micro_500ms,345339,0,NaN,-0.04013062933605613,NaN,NaN,NaN,-0.8166666666666667,0.17437648223919106,9
aggr_sell_int,fwd_mid_1s,345339,0,NaN,-0.03588729485164855,NaN,NaN,NaN,-0.8666666666666667,0.17437648223919106,9
aggr_sell_int,fwd_micro_1s,345339,0,NaN,-0.04253051588904324,NaN,NaN,NaN,-0.7666666666666667,0.17437648223919106,9
aggr_sell_int,fwd_mid_3s,345339,0,NaN,-0.06751509597581647,NaN,NaN,NaN,-0.9500000000000001,0.17437648223919106,9
aggr_sell_int,fwd_micro_3s,345339,0,NaN,-0.07447804048774927,NaN,NaN,NaN,-0.9333333333333332,0.17437648223919106,9
aggr_sell_int,fwd_mid_5s,345339,0,NaN,-0.09225269098040939,NaN,NaN,NaN,-0.9,0.17437648223919106,9
aggr_sell_int,fwd_micro_5s,345339,0,NaN,-0.11323554447102295,NaN,NaN,NaN,-0.8833333333333333,0.17437648223919106,9
aggr_sell_int,fwd_mid_10s,345339,0,NaN,-0.11312527372881412,NaN,NaN,NaN,-0.8666666666666667,0.17437648223919106,9
aggr_sell_int,fwd_micro_10s,345339,0,NaN,-0.14319760966089104,NaN,NaN,NaN,-0.8166666666666667,0.17437648223919106,9
aggr_sell_int,fwd_mid_30s,345339,0,NaN,-0.0922492529641832,NaN,NaN,NaN,-0.11666666666666665,0.17437648223919106,9
aggr_sell_int,fwd_micro_30s,345339,0,NaN,-0.10904276969717965,NaN,NaN,NaN,-0.08333333333333334,0.17437648223919106,9
aggr_sell_int,fwd_mid_60s,345339,0,NaN,-0.011865421057480867,NaN,NaN,NaN,0.11666666666666665,0.17437648223919106,9
aggr_sell_int,fwd_micro_60s,345339,0,NaN,-0.02248437154024926,NaN,NaN,NaN,-0.11666666666666665,0.17437648223919106,9
aggr_imb,fwd_mid_100ms,345339,4,-0.004266067836245577,0.003287255754865051,0.012564196787052381,0.005683780041200775,2.2105353648411112,0.7696969696969697,0.24644769342588008,10
aggr_imb,fwd_micro_100ms,345339,4,-0.0009370996862813603,-0.0007105722610551714,0.006055334177099489,0.007481841525151552,0.8093374013260501,0.34545454545454546,0.24644769342588008,10
aggr_imb,fwd_mid_300ms,345339,4,-0.015506602917356897,0.009960540513114862,0.033808610887047875,0.007361760244377205,4.592462911688866,0.9636363636363635,0.24644769342588008,10
aggr_imb,fwd_micro_300ms,345339,4,-0.0070357534596051435,0.007674070244955746,0.02113848169293888,0.010388753033815968,2.0347467712565646,0.7939393939393938,0.24644769342588008,10
aggr_imb,fwd_mid_500ms,345339,4,-0.029470073371389478,0.017235326529925883,0.059128389142535154,0.01600490426502635,3.6943919290877316,0.9636363636363635,0.24644769342588008,10
aggr_imb,fwd_micro_500ms,345339,4,-0.02336714756346951,0.024292794902565997,0.046979643065526475,0.015281362749551523,3.0743097873849785,0.9272727272727272,0.24644769342588008,10
aggr_imb,fwd_mid_1s,345339,4,-0.05671004993530949,0.02387595207027698,0.10121147399830185,0.03198881180413683,3.1639647829999444,0.9515151515151514,0.24644769342588008,10
aggr_imb,fwd_micro_1s,345339,4,-0.05044200556495273,0.03758776442076565,0.09049290725862644,0.0361655914151338,2.5021824258280736,0.9515151515151514,0.24644769342588008,10
aggr_imb,fwd_mid_3s,345339,4,-0.12865939418431532,0.06716688926619915,0.21517176296335064,0.08921932922977582,2.41171688714669,0.9515151515151514,0.24644769342588008,10
aggr_imb,fwd_micro_3s,345339,4,-0.11883897394344849,0.09696495957749976,0.21139113426857073,0.0970318309890103,2.1785751347154587,0.9757575757575757,0.24644769342588008,10
aggr_imb,fwd_mid_5s,345339,4,-0.15364008382365085,0.08917295368101441,0.2646780900772917,0.12618576630665845,2.097527302992853,0.9878787878787878,0.24644769342588008,10
aggr_imb,fwd_micro_5s,345339,4,-0.15457617237536228,0.11995521135657101,0.26667596966148993,0.12489043687311137,2.135279340342388,0.9757575757575757,0.24644769342588008,10
aggr_imb,fwd_mid_10s,345339,4,-0.21363973943569833,0.11362728171974883,0.31852243063683333,0.20087998954559352,1.585635440131973,0.9515151515151514,0.24644769342588008,10
aggr_imb,fwd_micro_10s,345339,4,-0.21744924644549632,0.1580487127245437,0.32963674129059106,0.2154476283316532,1.5300086793397363,0.9878787878787878,0.24644769342588008,10
aggr_imb,fwd_mid_30s,345339,4,-0.42424437944985044,0.2258200688243081,0.5596006174620236,0.27639525087096567,2.0246390475184812,0.5757575757575757,0.24644769342588008,10
aggr_imb,fwd_micro_30s,345339,4,-0.43272854773730113,0.23757139989293632,0.5667946892394049,0.29338997877700723,1.931881557788995,0.6606060606060605,0.24644769342588008,10
aggr_imb,fwd_mid_60s,345339,4,-0.802644607505153,0.33226608397392665,1.0085183316094835,0.4845725380801376,2.081253584045856,0.4424242424242424,0.24644769342588008,10
aggr_imb,fwd_micro_60s,345339,4,-0.8241628168061385,0.3406644362606171,1.0418156019050047,0.501753376970673,2.0763499554202256,0.5151515151515151,0.24644769342588008,10
aggr_mom,fwd_mid_100ms,345339,20,-0.00897482003968953,0.003188911753033707,0.010571015074613976,0.003712391294737349,2.8474948450610116,0.9030303030303028,0.18927199071057715,10
aggr_mom,fwd_micro_100ms,345339,20,-0.0033391912210279594,0.005794620624601299,0.0025727087773248594,0.00815406851243235,0.3155122836412645,0.4424242424242424,0.18927199071057715,10
aggr_mom,fwd_mid_300ms,345339,20,-0.018098499854869964,0.0240948388593989,0.030545278163700458,0.010964419224669427,2.7858546392475603,0.9030303030303028,0.18927199071057715,10
aggr_mom,fwd_micro_300ms,345339,20,-0.023345509515998956,0.025609869329812046,0.02732881265682955,0.0224510773905766,1.21726063214678,0.8181818181818182,0.18927199071057715,10
aggr_mom,fwd_mid_500ms,345339,20,-0.027586263851326256,0.03634706049420315,0.06520174970719038,0.014450955284353374,4.511933531327643,0.9151515151515152,0.18927199071057715,10
aggr_mom,fwd_micro_500ms,345339,20,-0.04263117097883973,0.034120013193930356,0.0702550787109891,0.014437927324724023,4.866008612654657,0.9636363636363635,0.18927199071057715,10
aggr_mom,fwd_mid_1s,345339,20,-0.029674985056041735,0.050348076087162186,0.06972374157375019,0.02603165457093809,2.6784214343252017,0.9515151515151514,0.18927199071057715,10
aggr_mom,fwd_micro_1s,345339,20,-0.0408317388568505,0.05912136814956823,0.09422826771570812,0.02701217945231591,3.4883622731015653,0.9151515151515152,0.18927199071057715,10
aggr_mom,fwd_mid_3s,345339,20,-0.06880780273419075,0.11104834747481544,0.15213999835032135,0.056320830022058996,2.701309591686294,0.9757575757575757,0.18927199071057715,10
aggr_mom,fwd_micro_3s,345339,20,-0.08269656390585364,0.12781014342531485,0.18287025170460675,0.03994426509668781,4.57813534087952,0.9757575757575757,0.18927199071057715,10
aggr_mom,fwd_mid_5s,345339,20,-0.11364865029992986,0.13061716352418482,0.19680025270624787,0.0818224415543877,2.4052111983902846,0.9757575757575757,0.18927199071057715,10
aggr_mom,fwd_micro_5s,345339,20,-0.14251795807574347,0.15620382752742284,0.26962120952921403,0.06441358953555966,4.1857814705446446,0.9757575757575757,0.18927199071057715,10
aggr_mom,fwd_mid_10s,345339,20,-0.16680441264279766,0.21283737456710297,0.3446945414817383,0.12847123422325657,2.683048415980266,0.9757575757575757,0.18927199071057715,10
aggr_mom,fwd_micro_10s,345339,20,-0.21467621039464221,0.25492845142277093,0.4678761105889862,0.09889743666042418,4.730922523255007,0.9878787878787878,0.18927199071057715,10
aggr_mom,fwd_mid_30s,345339,20,-0.10477847965715031,0.406258857367638,0.5771912472422116,0.2184709216793895,2.64195913490607,0.7696969696969697,0.18927199071057715,10
aggr_mom,fwd_micro_30s,345339,20,-0.14783250130146922,0.4656748031397521,0.720333537356606,0.19351354137972052,3.7223934419304374,0.8787878787878788,0.18927199071057715,10
aggr_mom,fwd_mid_60s,345339,20,0.00391087437484764,0.43658402332400836,0.5645469905194446,0.3164498366567098,1.7840015229076414,0.7333333333333332,0.18927199071057715,10
aggr_mom,fwd_micro_60s,345339,20,-0.04268597977028162,0.4972275159661587,0.6933436494606993,0.2860732993848326,2.4236573317106287,0.7333333333333332,0.18927199071057715,10
aggr_acc,fwd_mid_100ms,345339,20,-0.014155752586976843,0.002624845940023614,0.009510498456427798,0.007216169903522574,1.3179427014024776,0.6904761904761906,0.30875458607339457,8
aggr_acc,fwd_micro_100ms,345339,20,-0.011401206244223914,0.0030160223828466694,0.0005912189429694986,0.011567649124807676,0.05110968845878858,0.261904761904762,0.30875458607339457,8
aggr_acc,fwd_mid_300ms,345339,20,-0.03379389593180831,0.01703850490645087,0.04379518783766808,0.013170167189011407,3.325332716672633,0.7619047619047621,0.30875458607339457,8
aggr_acc,fwd_micro_300ms,345339,20,-0.03705176119332324,0.021978074267501348,0.031087567884799123,0.020724245218519417,1.5000579059457821,0.7619047619047621,0.30875458607339457,8
aggr_acc,fwd_mid_500ms,345339,20,-0.053738385097551106,0.0237087987155926,0.0975446899516871,0.018771996100524706,5.196287567360009,0.8333333333333335,0.30875458607339457,8
aggr_acc,fwd_micro_500ms,345339,20,-0.061993526765289436,0.05292692332697335,0.13484471043215956,0.03371801958314403,3.9991883301346016,0.7380952380952381,0.30875458607339457,8
aggr_acc,fwd_mid_1s,345339,20,-0.08296437525184629,0.055123115784499785,0.27942917207553797,0.11392584740166496,2.45272849356444,0.8333333333333335,0.30875458607339457,8
aggr_acc,fwd_micro_1s,345339,20,-0.07883325925500556,0.10034784682167457,0.33601704841731783,0.11552145007092417,2.9086983258175936,0.7857142857142858,0.30875458607339457,8
aggr_acc,fwd_mid_3s,345339,20,-0.10904693779305027,0.09390101478942316,0.25174404198416217,0.04131331525711458,6.093532809396342,0.8571428571428572,0.30875458607339457,8
aggr_acc,fwd_micro_3s,345339,20,-0.11864758371136289,0.1586233599286158,0.357744911136488,0.06304669781278262,5.674284673858934,0.8333333333333335,0.30875458607339457,8
aggr_acc,fwd_mid_5s,345339,20,-0.15477243382482667,0.10903913507999426,0.3138077047675941,0.044065004430855016,7.121472216348195,0.8571428571428572,0.30875458607339457,8
aggr_acc,fwd_micro_5s,345339,20,-0.15525993764474658,0.16682559773125616,0.39926396772927963,0.05872098543859012,6.799340384824201,0.8571428571428572,0.30875458607339457,8
aggr_acc,fwd_mid_10s,345339,20,-0.19188833783844528,0.14437851039402483,0.37945808511673473,0.06541420636918076,5.800851316228956,0.8333333333333335,0.30875458607339457,8
aggr_acc,fwd_micro_10s,345339,20,-0.20027122346992374,0.21734785161782247,0.48034476621080585,0.07836156331264003,6.129851752629906,0.8571428571428572,0.30875458607339457,8
aggr_acc,fwd_mid_30s,345339,20,-0.10084769586232324,0.23134953308423398,0.3493750250497397,0.08590829596533683,4.06683686509984,0.6190476190476191,0.30875458607339457,8
aggr_acc,fwd_micro_30s,345339,20,-0.10503076334822249,0.25866466818818395,0.4029706210098059,0.08640469441877338,4.663758418689013,0.6190476190476191,0.30875458607339457,8
aggr_acc,fwd_mid_60s,345339,20,-0.047940378566254715,0.3427062386192869,0.46149815076931144,0.09694860758967215,4.760234955849685,0.6190476190476191,0.30875458607339457,8
aggr_acc,fwd_micro_60s,345339,20,-0.05930209352732705,0.35921448302836556,0.5066731988313677,0.09957850640603415,5.08817833404122,0.6190476190476191,0.30875458607339457,8
aggr_shock,fwd_mid_100ms,345339,0,NaN,-0.0012410022304448498,NaN,NaN,NaN,NaN,1.0,1
aggr_shock,fwd_micro_100ms,345339,0,NaN,-0.0010191243300379685,NaN,NaN,NaN,NaN,1.0,1
aggr_shock,fwd_mid_300ms,345339,0,NaN,-0.0010188934148510416,NaN,NaN,NaN,NaN,1.0,1
aggr_shock,fwd_micro_300ms,345339,0,NaN,-0.0022737778801372914,NaN,NaN,NaN,NaN,1.0,1
aggr_shock,fwd_mid_500ms,345339,0,NaN,-0.002028136065409547,NaN,NaN,NaN,NaN,1.0,1
aggr_shock,fwd_micro_500ms,345339,0,NaN,-0.0031333110398524175,NaN,NaN,NaN,NaN,1.0,1
aggr_shock,fwd_mid_1s,345339,0,NaN,-0.0025451876611957323,NaN,NaN,NaN,NaN,1.0,1
aggr_shock,fwd_micro_1s,345339,0,NaN,0.0015989348366379167,NaN,NaN,NaN,NaN,1.0,1
aggr_shock,fwd_mid_3s,345339,0,NaN,0.004302454784443272,NaN,NaN,NaN,NaN,1.0,1
aggr_shock,fwd_micro_3s,345339,0,NaN,0.01173177967076976,NaN,NaN,NaN,NaN,1.0,1
aggr_shock,fwd_mid_5s,345339,0,NaN,0.008517669520975098,NaN,NaN,NaN,NaN,1.0,1
aggr_shock,fwd_micro_5s,345339,0,NaN,0.008504809533569272,NaN,NaN,NaN,NaN,1.0,1
aggr_shock,fwd_mid_10s,345339,0,NaN,0.017035715454763567,NaN,NaN,NaN,NaN,1.0,1
aggr_shock,fwd_micro_10s,345339,0,NaN,0.01703004048521098,NaN,NaN,NaN,NaN,1.0,1
aggr_shock,fwd_mid_30s,345339,0,NaN,0.05129489763897048,NaN,NaN,NaN,NaN,1.0,1
aggr_shock,fwd_micro_30s,345339,0,NaN,0.05125123473583939,NaN,NaN,NaN,NaN,1.0,1
aggr_shock,fwd_mid_60s,345339,0,NaN,0.10092550140282143,NaN,NaN,NaN,NaN,1.0,1
aggr_shock,fwd_micro_60s,345339,0,NaN,0.1008939365834752,NaN,NaN,NaN,NaN,1.0,1
size_wgt_imb,fwd_mid_100ms,345339,10,-0.017173922405787346,0.003545143540609921,0.021281853094645448,0.00435453880980243,4.887280610919857,0.7142857142857143,0.47029151066053937,6
size_wgt_imb,fwd_micro_100ms,345339,10,-0.004969936959283516,0.000018819474494588695,0.016857227411443194,0.008204321955589206,2.0546764866972564,0.6571428571428573,0.47029151066053937,6
size_wgt_imb,fwd_mid_300ms,345339,10,-0.03758966091507872,0.015536906453219016,0.055689799149317876,0.010596479032762493,5.25550033904041,0.7142857142857143,0.47029151066053937,6
size_wgt_imb,fwd_micro_300ms,345339,10,-0.022570274018761858,0.011086421914291355,0.039523703718802934,0.016676250194529816,2.370059411303843,0.8285714285714287,0.47029151066053937,6
size_wgt_imb,fwd_mid_500ms,345339,10,-0.06786746438540998,0.0253574206949307,0.11351771923487657,0.017213744320393215,6.594597730860421,0.7714285714285715,0.47029151066053937,6
size_wgt_imb,fwd_micro_500ms,345339,10,-0.07698339567275816,0.028084396543357055,0.12569312811617142,0.021117888381987117,5.9519742619429525,0.8857142857142858,0.47029151066053937,6
size_wgt_imb,fwd_mid_1s,345339,10,-0.10669576079784404,0.04064002577802353,0.1879302480995932,0.02904833769042104,6.46956979440393,0.942857142857143,0.47029151066053937,6
size_wgt_imb,fwd_micro_1s,345339,10,-0.12249135078914694,0.0515850973304524,0.21127972975320133,0.028687581097847824,7.3648499339336695,0.942857142857143,0.47029151066053937,6
size_wgt_imb,fwd_mid_3s,345339,10,-0.2023831942687722,0.07544213084328309,0.33577544457213737,0.04265495313263255,7.871898101213883,0.942857142857143,0.47029151066053937,6
size_wgt_imb,fwd_micro_3s,345339,10,-0.2540424292164459,0.10000561337608219,0.40693052546882474,0.0492840056447702,8.256847635354623,0.942857142857143,0.47029151066053937,6
size_wgt_imb,fwd_mid_5s,345339,10,-0.26278900522412973,0.09966978978626347,0.42261037315084027,0.06977574909063702,6.056694176108085,0.942857142857143,0.47029151066053937,6
size_wgt_imb,fwd_micro_5s,345339,10,-0.2929797769934137,0.099757894344204,0.4822807664103804,0.07344383775563988,6.566660745793411,1.0,0.47029151066053937,6
size_wgt_imb,fwd_mid_10s,345339,10,-0.3230275271517623,0.13434757356823074,0.5781212504681013,0.12388679325886053,4.666528491540832,0.942857142857143,0.47029151066053937,6
size_wgt_imb,fwd_micro_10s,345339,10,-0.3780748169065634,0.14076698423119471,0.6567743753012568,0.11997001184323884,5.474487875848873,0.942857142857143,0.47029151066053937,6
size_wgt_imb,fwd_mid_30s,345339,10,-0.28121668453881776,0.17739595147462292,0.6508887495638825,0.1389481451434665,4.684400420688077,0.6,0.47029151066053937,6
size_wgt_imb,fwd_micro_30s,345339,10,-0.2993047729777299,0.17969721444604084,0.6891782573992556,0.14292002361187034,4.822125269660362,0.6,0.47029151066053937,6
size_wgt_imb,fwd_mid_60s,345339,10,-0.02183917000175336,0.18595534030301075,0.4870062146212826,0.10043390841380465,4.849021832494408,0.6,0.47029151066053937,6
size_wgt_imb,fwd_micro_60s,345339,10,-0.04194767680378752,0.1867652372918568,0.5210228414188387,0.09884445962224833,5.2711385484833455,0.6,0.47029151066053937,6
d_depth,fwd_mid_100ms,345339,20,-0.0034613711230767896,-0.0018247915130634245,0.005134648562165789,0.00584567732176079,0.8783667451249549,0.309090909090909,0.19248622368165774,10
d_depth,fwd_micro_100ms,345339,20,-0.0009994867507559914,0.0006794972397288279,0.0288894693367023,0.024760046424567726,1.1667776724375292,-0.3696969696969697,0.19248622368165774,10
d_depth,fwd_mid_300ms,345339,20,-0.0018925199700910345,-0.010646780009221016,0.002892379278560414,0.01111499903034642,0.2602230797019033,-0.406060606060606,0.19248622368165774,10
d_depth,fwd_micro_300ms,345339,20,-0.013819882403913405,0.004354409549427356,0.05944254104408718,0.03881369177942569,1.531483822304077,-0.13939393939393938,0.19248622368165774,10
d_depth,fwd_mid_500ms,345339,20,-0.005772902002365267,-0.012889602110842231,0.004463974396109881,0.014811737330694363,0.3013808776408144,-0.19999999999999998,0.19248622368165774,10
d_depth,fwd_micro_500ms,345339,20,-0.026545480305697408,0.03187156549466193,0.13403742713419964,0.09837518731110213,1.3625125481115383,0.10303030303030303,0.19248622368165774,10
d_depth,fwd_mid_1s,345339,20,-0.0022222403795552964,-0.015487146088877477,0.008800061138629207,0.026470466704444796,0.332448280451041,-0.19999999999999998,0.19248622368165774,10
d_depth,fwd_micro_1s,345339,20,-0.012341547309292477,0.043200220232594,0.15464118985740377,0.11413040104144845,1.3549517783718565,0.29696969696969694,0.19248622368165774,10
d_depth,fwd_mid_3s,345339,20,0.000695828440040139,-0.019655425956882515,-0.02623203436041361,0.02857625093140527,-0.9179662658821571,-0.07878787878787878,0.19248622368165774,10
d_depth,fwd_micro_3s,345339,20,-0.020394418117744548,0.06046412722644917,0.1616941783263795,0.12476864484504593,1.2959520280691719,0.2606060606060606,0.19248622368165774,10
d_depth,fwd_mid_5s,345339,20,-0.0020533021539669264,-0.024761163035483227,-0.01565901343746055,0.03425589332799165,-0.45711881711941926,-0.1515151515151515,0.19248622368165774,10
d_depth,fwd_micro_5s,345339,20,-0.019061518407797427,0.062300219005951785,0.18444715258556163,0.14203166365431505,1.2986340358195048,0.2727272727272727,0.19248622368165774,10
d_depth,fwd_mid_10s,345339,20,-0.00852723411418595,0.01685613164118625,-0.007646449873778769,0.05436569675825777,-0.1406484296114043,0.19999999999999998,0.19248622368165774,10
d_depth,fwd_micro_10s,345339,20,-0.03607973858693234,0.1207155198762564,0.2157423003352891,0.1427278972850929,1.5115636427008594,0.5151515151515151,0.19248622368165774,10
d_depth,fwd_mid_30s,345339,20,0.024653333294167547,0.15935753345037362,0.09202314945266324,0.06445969452228441,1.4276075947094327,0.24848484848484845,0.19248622368165774,10
d_depth,fwd_micro_30s,345339,20,0.01029929299290356,0.21525972127452772,0.24912100998854458,0.09041391889700363,2.755339144986454,0.1515151515151515,0.19248622368165774,10
d_depth,fwd_mid_60s,345339,20,0.25067163252689323,0.25999160644254093,0.004331190653825779,0.08493060771783645,0.050996816933363075,0.09090909090909088,0.19248622368165774,10
d_depth,fwd_micro_60s,345339,20,0.22546211266570457,0.32088434530336724,0.16829577138041088,0.11423202715139173,1.47328009120742,0.10303030303030303,0.19248622368165774,10
depth_vol,fwd_mid_100ms,345339,16,-0.000014900086679154554,-0.0012898031518010047,-0.001017255460723225,0.0037000109607773597,-0.27493309384940395,-0.006060606060606061,0.16234482638798398,10
depth_vol,fwd_micro_100ms,345339,16,-0.0017727590672526698,0.003182617309219927,0.015645698741283947,0.021013264490753927,0.7445629758369162,0.16363636363636364,0.16234482638798398,10
depth_vol,fwd_mid_300ms,345339,16,0.002198066423991971,-0.0023041787418240783,-0.004799537288254101,0.0051808796332158385,-0.926394285920703,0.0303030303030303,0.16234482638798398,10
depth_vol,fwd_micro_300ms,345339,16,0.0031221254436911254,-0.002028262951179356,-0.006962951919995155,0.016189571975070673,-0.43008869726247095,0.006060606060606061,0.16234482638798398,10
depth_vol,fwd_mid_500ms,345339,16,0.0023999020294662742,-0.006363661167965258,-0.004303347254662837,0.00940243513516202,-0.4576843331329914,-0.16363636363636364,0.16234482638798398,10
depth_vol,fwd_micro_500ms,345339,16,0.0014066282824084203,-0.00462472456613239,0.009612141695157143,0.019499326788087395,0.492947361702222,-0.13939393939393938,0.16234482638798398,10
depth_vol,fwd_mid_1s,345339,16,-0.00004526669195843821,-0.003860486398083324,0.027506000301744018,0.014771989978068965,1.8620375685727129,0.23636363636363633,0.16234482638798398,10
depth_vol,fwd_micro_1s,345339,16,-0.0015941330940338156,0.004173122530180673,0.06189222688100241,0.033099795934237855,1.8698673249819695,0.43030303030303024,0.16234482638798398,10
depth_vol,fwd_mid_3s,345339,16,0.0045618973779527104,0.014742534165922166,0.07203554207442059,0.028763941212578317,2.5043696738929446,0.33333333333333326,0.16234482638798398,10
depth_vol,fwd_micro_3s,345339,16,-0.0007977952474305058,0.027065385850266018,0.12753442738659881,0.04482856170321586,2.8449368559029606,0.16363636363636364,0.16234482638798398,10
depth_vol,fwd_mid_5s,345339,16,0.02094756828141977,0.015040584354756326,0.04598518948661736,0.03538847339704052,1.2994397630744654,0.23636363636363633,0.16234482638798398,10
depth_vol,fwd_micro_5s,345339,16,0.014075836390771012,0.017602578621125256,0.06025085933074699,0.03037646646984025,1.9834716256602127,0.34545454545454546,0.16234482638798398,10
depth_vol,fwd_mid_10s,345339,16,0.041082152331243765,0.02782988100117741,0.061854467131904234,0.08046870855915161,0.7686772689589735,0.22424242424242422,0.16234482638798398,10
depth_vol,fwd_micro_10s,345339,16,0.030581983234856076,0.032204795834250434,0.08973307511202921,0.07290318419653084,1.2308526177694614,0.406060606060606,0.16234482638798398,10
depth_vol,fwd_mid_30s,345339,16,0.115930109285275,0.06897489581236801,0.11725129883783837,0.2744322959995793,0.4272503657441911,0.23636363636363633,0.16234482638798398,10
depth_vol,fwd_micro_30s,345339,16,0.10539637619308347,0.07211098821707335,0.13019540982613162,0.26411847408346695,0.49294321526705154,0.23636363636363633,0.16234482638798398,10
depth_vol,fwd_mid_60s,345339,16,0.24182020913346297,0.1523846775593075,0.3206381794493057,0.5337441930879574,0.6007338039487893,0.29696969696969694,0.16234482638798398,10
depth_vol,fwd_micro_60s,345339,16,0.2287488738931385,0.16259162565795013,0.34852366423463366,0.5175968103362043,0.6733497140530108,0.35757575757575755,0.16234482638798398,10
depl_rate,fwd_mid_100ms,345339,14,0.00019617654681565789,-0.008521282768268997,-0.004417943560568878,0.004660647971792568,-0.9479247493712036,-0.6121212121212121,0.14004789496697448,10
depl_rate,fwd_micro_100ms,345339,14,-0.0030888415240933648,-0.006876036704078012,-0.01335072626868594,0.006640800994859631,-2.010409027317666,-0.3939393939393939,0.14004789496697448,10
depl_rate,fwd_mid_300ms,345339,14,0.00048142216250967153,-0.009232461954203838,-0.019868650639561763,0.0070439043323847145,-2.8206871788724635,-0.38181818181818183,0.14004789496697448,10
depl_rate,fwd_micro_300ms,345339,14,-0.0016596280807872944,-0.020596038154353336,-0.05145494700294949,0.008887622094085192,-5.789506625984166,-0.5636363636363636,0.14004789496697448,10
depl_rate,fwd_mid_500ms,345339,14,0.0010618630964288865,-0.0038087953645584032,-0.017560592497050814,0.009552973658819512,-1.8382331119314346,-0.7454545454545454,0.14004789496697448,10
depl_rate,fwd_micro_500ms,345339,14,0.013788534082572947,-0.019512500309029807,-0.056206592115793076,0.012741055740262153,-4.411454848139343,-0.8545454545454544,0.14004789496697448,10
depl_rate,fwd_mid_1s,345339,14,-0.000608224380721106,-0.0006398849398387774,-0.025353568077386677,0.01048710678114472,-2.4175941569481387,-0.309090909090909,0.14004789496697448,10
depl_rate,fwd_micro_1s,345339,14,0.024187514792041894,-0.010143630849994659,-0.04424103074233461,0.01814807323909373,-2.4377811440077646,-0.8303030303030302,0.14004789496697448,10
depl_rate,fwd_mid_3s,345339,14,0.008112239127344312,0.017416753827048912,-0.04218644403672401,0.032962100473339535,-1.2798469585045202,0.4666666666666666,0.14004789496697448,10
depl_rate,fwd_micro_3s,345339,14,0.05037241533484607,0.006120844487617133,-0.06612301413490307,0.03633854513957893,-1.8196384550047306,-0.3696969696969697,0.14004789496697448,10
depl_rate,fwd_mid_5s,345339,14,0.017861425489938847,0.005217929659970873,-0.010867166431654503,0.044824453605177415,-0.24243834687589585,-0.2727272727272727,0.14004789496697448,10
depl_rate,fwd_micro_5s,345339,14,0.007947882402107061,-0.005066168846828738,-0.053420179383782136,0.03849462185381289,-1.3877309819187345,-0.29696969696969694,0.14004789496697448,10
depl_rate,fwd_mid_10s,345339,14,0.017172920422744195,0.023513342363571235,0.016882815577589222,0.06354473775449059,0.2656839287435118,0.17575757575757575,0.14004789496697448,10
depl_rate,fwd_micro_10s,345339,14,0.0053219118311681754,0.010404473388991316,-0.03195804216274723,0.057868839162002444,-0.5522495806988879,-0.09090909090909088,0.14004789496697448,10
depl_rate,fwd_mid_30s,345339,14,0.026757204767908768,0.05046059829025806,0.10812783353546616,0.11841435217257792,0.9131311496589525,0.3939393939393939,0.14004789496697448,10
depl_rate,fwd_micro_30s,345339,14,0.02917620104905057,0.03634421437279383,0.06418909570451178,0.11318444865435306,0.5671193919982317,0.34545454545454546,0.14004789496697448,10
depl_rate,fwd_mid_60s,345339,14,0.07197155476217432,0.04561019275060301,0.15716461620278885,0.19878051391565876,0.790643977656043,0.23636363636363633,0.14004789496697448,10
depl_rate,fwd_micro_60s,345339,14,0.07605011471830654,0.03716993785921041,0.11153451020679617,0.1865571473141988,0.597857073891413,0.12727272727272726,0.14004789496697448,10
repl_rate,fwd_mid_100ms,345339,14,0.00016528984183531383,-0.00885991925232217,-0.0024172149662613765,0.004964390468537233,-0.48691072581436434,-0.24848484848484845,0.13823228769412085,10
repl_rate,fwd_micro_100ms,345339,14,-0.0012772762547715237,-0.006536381161796122,-0.00948769949785007,0.008242337490468897,-1.1510933043959022,-0.5151515151515151,0.13823228769412085,10
repl_rate,fwd_mid_300ms,345339,14,-0.0003518441838851244,-0.006124174726037521,-0.009248555747962616,0.006108118646356353,-1.5141414703002885,-0.6848484848484848,0.13823228769412085,10
repl_rate,fwd_micro_300ms,345339,14,-0.002033098558875698,-0.014881463048692258,-0.03675623429160863,0.012084759293721957,-3.041536318452245,-0.5515151515151515,0.13823228769412085,10
repl_rate,fwd_mid_500ms,345339,14,-0.00033431219586108394,-0.0015641571320898393,-0.008660162868620303,0.008922001887764092,-0.9706524362539216,-0.5515151515151515,0.13823228769412085,10
repl_rate,fwd_micro_500ms,345339,14,0.012408944825519606,-0.01485714971178509,-0.044108184266646824,0.01628660546287619,-2.7082490803370503,-0.8787878787878788,0.13823228769412085,10
repl_rate,fwd_mid_1s,345339,14,-0.002982046702483182,0.004464462949300341,-0.011125118255363877,0.013124703893947607,-0.8476471808628133,-0.11515151515151514,0.13823228769412085,10
repl_rate,fwd_micro_1s,345339,14,0.024187218944207074,0.0004829778019906408,-0.029824263006995255,0.02213385798482002,-1.3474498222338607,-0.7818181818181817,0.13823228769412085,10
repl_rate,fwd_mid_3s,345339,14,-0.006126159858353562,0.0374234237795441,0.001252489737404176,0.03325987372638615,0.037657681676961235,0.28484848484848485,0.13823228769412085,10
repl_rate,fwd_micro_3s,345339,14,0.03384971424884296,0.028140014607886663,-0.022003657968785173,0.04108888352332811,-0.5355136494836287,-0.5151515151515151,0.13823228769412085,10
repl_rate,fwd_mid_5s,345339,14,0.007827641412422188,0.017541002760472428,0.026427046128898932,0.046606541025264556,0.567024403604063,0.06666666666666665,0.13823228769412085,10
repl_rate,fwd_micro_5s,345339,14,-0.0033019340899622563,0.014393202621473778,-0.00963395710032541,0.04784213833137671,-0.20136970119513012,-0.28484848484848485,0.13823228769412085,10
repl_rate,fwd_mid_10s,345339,14,0.01064663515224842,0.02144674576642481,0.03878439421461969,0.054852584215682905,0.7070659435500368,-0.10303030303030303,0.13823228769412085,10
repl_rate,fwd_micro_10s,345339,14,-0.005858642723935269,0.01611037446945975,-0.0022903642141538167,0.051534948887350544,-0.04444293171145447,-0.16363636363636364,0.13823228769412085,10
repl_rate,fwd_mid_30s,345339,14,0.01311048101034993,0.0744078796724562,0.17668714706652927,0.13243777979356242,1.334114384444836,0.24848484848484845,0.13823228769412085,10
repl_rate,fwd_micro_30s,345339,14,0.016221522899833498,0.06967218614479011,0.14394745494477285,0.13281012931314867,1.08385900751112,0.23636363636363633,0.13823228769412085,10
repl_rate,fwd_mid_60s,345339,14,0.06019213190990567,0.09097411762466531,0.2958848612366389,0.20568803867727928,1.4385127260651103,0.13939393939393938,0.13823228769412085,10
repl_rate,fwd_micro_60s,345339,14,0.06059127407258716,0.08739080265372025,0.2658601444950636,0.19282957930937375,1.3787311337153332,0.16363636363636364,0.13823228769412085,10
d_micro,fwd_mid_100ms,345339,20,-0.043633559744120864,0.0328720230743767,0.0709372286220144,0.014661268226172586,4.838410124397063,0.9636363636363635,0.175198862566927,10
d_micro,fwd_micro_100ms,345339,20,0.12440499659973765,-0.11994338804854698,-0.28906067206452934,0.03604919210097587,-8.018506247098513,-0.6242424242424242,0.175198862566927,10
d_micro,fwd_mid_300ms,345339,20,-0.10601379503272576,0.09762715963237412,0.20057699727666187,0.03579420456168015,5.6036165556083235,0.9515151515151514,0.175198862566927,10
d_micro,fwd_micro_300ms,345339,20,0.24303848511517956,-0.24806393063508897,-0.5684754853981799,0.06897177836013983,-8.242146264952815,-0.5757575757575757,0.175198862566927,10
d_micro,fwd_mid_500ms,345339,20,-0.16155656727715959,0.15303368517562954,0.3139088002396754,0.050467942595343006,6.2199642802288855,0.9272727272727272,0.175198862566927,10
d_micro,fwd_micro_500ms,345339,20,0.31388819830240233,-0.30239035543002196,-0.7102307234478734,0.11382624209066527,-6.239604421642577,-0.5757575757575757,0.175198862566927,10
d_micro,fwd_mid_1s,345339,20,-0.2548029562027261,0.2568866511728827,0.5052788341742204,0.08028167136127207,6.293825547059639,0.9636363636363635,0.175198862566927,10
d_micro,fwd_micro_1s,345339,20,0.32394171580796954,-0.270144752948859,-0.7053949877984483,0.14166600966459134,-4.979281829625488,-0.5878787878787878,0.175198862566927,10
d_micro,fwd_mid_3s,345339,20,-0.3958403740178704,0.4150893386572077,0.7026555686633431,0.16940159721429693,4.147868616459783,0.9878787878787878,0.175198862566927,10
d_micro,fwd_micro_3s,345339,20,0.24856473323613243,-0.16796929398731839,-0.6478878416218741,0.21987658148070902,-2.9465977561540218,-0.2606060606060606,0.175198862566927,10
d_micro,fwd_mid_5s,345339,20,-0.4701036772860894,0.47474202217408784,0.8075209429323106,0.18678411378292956,4.3232849227786465,0.9878787878787878,0.175198862566927,10
d_micro,fwd_micro_5s,345339,20,0.2064033380599085,-0.14166283732028134,-0.6135302860151214,0.2370050461155753,-2.5886802668156434,-0.2121212121212121,0.175198862566927,10
d_micro,fwd_mid_10s,345339,20,-0.5680137814433452,0.5923952567309368,1.0296560184351624,0.20810297506803338,4.9478197901714065,0.9878787878787878,0.175198862566927,10
d_micro,fwd_micro_10s,345339,20,0.14118053254397908,-0.050388670447255604,-0.45843168669584794,0.25623863230381866,-1.789081070930365,0.006060606060606061,0.175198862566927,10
d_micro,fwd_mid_30s,345339,20,-0.5174928352200426,0.7571132289954833,1.168015759146241,0.26300853908684524,4.440980369692723,0.9636363636363635,0.175198862566927,10
d_micro,fwd_micro_30s,345339,20,0.13492715075917597,0.10116700085265479,-0.28182798351194344,0.27946112752763946,-1.0084693567411085,0.1515151515151515,0.175198862566927,10
d_micro,fwd_mid_60s,345339,20,-0.396959806122748,0.8799134546354276,1.1767950697376734,0.27018553686483116,4.355507268793601,0.9393939393939393,0.175198862566927,10
d_micro,fwd_micro_60s,345339,20,0.26406976190529485,0.2179072776824439,-0.3110818726737618,0.3042358890973923,-1.0225022221956792,0.12727272727272726,0.175198862566927,10
micro_ret,fwd_mid_100ms,345339,20,-0.044012627807372307,0.03311691550446337,0.07117055699125513,0.014052495854340399,5.064620386938072,0.9636363636363635,0.17517859262927152,10
micro_ret,fwd_micro_100ms,345339,20,0.12401107850047725,-0.12077072006886909,-0.2897114582190696,0.035674931785188393,-8.120869297340962,-0.6242424242424242,0.17517859262927152,10
micro_ret,fwd_mid_300ms,345339,20,-0.10600620543641068,0.09765666513739074,0.19849694481741487,0.03521082070680978,5.637384782088465,0.9515151515151514,0.17517859262927152,10
micro_ret,fwd_micro_300ms,345339,20,0.24338473457764334,-0.24869097460591671,-0.5730524863510394,0.07055607445703442,-8.121944010646503,-0.6363636363636362,0.17517859262927152,10
micro_ret,fwd_mid_500ms,345339,20,-0.1616061965096202,0.15337617841666293,0.31247064768428917,0.04967889819864079,6.2898063164540625,0.9272727272727272,0.17517859262927152,10
micro_ret,fwd_micro_500ms,345339,20,0.31552275686907755,-0.3033245363840166,-0.7215224643988992,0.11818699653508144,-6.104922584987848,-0.5757575757575757,0.17517859262927152,10
micro_ret,fwd_mid_1s,345339,20,-0.25576868310779466,0.25796611977755707,0.5066729496055501,0.07889206955287854,6.422355915836956,0.9636363636363635,0.17517859262927152,10
micro_ret,fwd_micro_1s,345339,20,0.3260093365516534,-0.27031775977790967,-0.7170745196836905,0.14491843712825378,-4.948124847972759,-0.5636363636363636,0.17517859262927152,10
micro_ret,fwd_mid_3s,345339,20,-0.3983250460178993,0.41776133313052227,0.7171920220645067,0.16365000611188663,4.3824747649209765,0.9636363636363635,0.17517859262927152,10
micro_ret,fwd_micro_3s,345339,20,0.24873927471725354,-0.16513733878454473,-0.6455126572789638,0.21633445147396113,-2.9838643493020354,-0.2606060606060606,0.17517859262927152,10
micro_ret,fwd_mid_5s,345339,20,-0.47287971592197875,0.4768359155668805,0.8240201143713437,0.18154425252885725,4.538949060039023,0.9636363636363635,0.17517859262927152,10
micro_ret,fwd_micro_5s,345339,20,0.20473610014377996,-0.14058916100087354,-0.6118736618563707,0.2344958057578842,-2.6093160168848706,-0.2121212121212121,0.17517859262927152,10
micro_ret,fwd_mid_10s,345339,20,-0.5676562266125988,0.5910868588847149,1.0402861069702296,0.20361759558429673,5.109018717095871,0.9878787878787878,0.17517859262927152,10
micro_ret,fwd_micro_10s,345339,20,0.14290100272298764,-0.05004324028481124,-0.4592663290727608,0.2544426888965857,-1.8049892927339033,0.006060606060606061,0.17517859262927152,10
micro_ret,fwd_mid_30s,345339,20,-0.5071440037932293,0.7375187996242739,1.149584973776344,0.25681039457059823,4.476395808271375,0.9757575757575757,0.17517859262927152,10
micro_ret,fwd_micro_30s,345339,20,0.14785868120882656,0.08504440140955873,-0.31430762764726744,0.27531653665983186,-1.141622771594033,0.19999999999999998,0.17517859262927152,10
micro_ret,fwd_mid_60s,345339,20,-0.37864927915317825,0.8625224471373808,1.1380132638367233,0.26099344944409114,4.360313510782206,0.9393939393939393,0.17517859262927152,10
micro_ret,fwd_micro_60s,345339,20,0.28442106958336805,0.20211154873581122,-0.3644311224377105,0.30131443596364416,-1.2094711667969398,0.22424242424242422,0.17517859262927152,10
micro_mom,fwd_mid_100ms,345339,20,-0.030705229985245004,0.02065732297454018,0.044815746312357865,0.013315597071399963,3.3656580378671723,0.9878787878787878,0.12613692632456802,10
micro_mom,fwd_micro_100ms,345339,20,0.03453569867607287,-0.041477696532291546,-0.09660758890015342,0.017817794907176086,-5.421972213926701,-0.9878787878787878,0.12613692632456802,10
micro_mom,fwd_mid_300ms,345339,20,-0.07558720223920633,0.06497789638271136,0.1286364007392201,0.022308647136510547,5.766212534183327,0.9999999999999999,0.12613692632456802,10
micro_mom,fwd_micro_300ms,345339,20,0.06582267690357806,-0.08054620612596115,-0.20037828597984877,0.04291146996758015,-4.669574035362472,-0.9878787878787878,0.12613692632456802,10
micro_mom,fwd_mid_500ms,345339,20,-0.11804074025506225,0.09916790762948931,0.1881026776606947,0.03437021959960367,5.472838982467942,0.9999999999999999,0.12613692632456802,10
micro_mom,fwd_micro_500ms,345339,20,0.07091780358409061,-0.098483110252146,-0.2625330468811234,0.08249434382673647,-3.182436936919259,-0.9878787878787878,0.12613692632456802,10
micro_mom,fwd_mid_1s,345339,20,-0.1798584119920696,0.16289533647095572,0.06573936639925951,0.25967922902353935,0.25315604427222166,0.9999999999999999,0.12613692632456802,10
micro_mom,fwd_micro_1s,345339,20,0.06246364298642995,-0.06886404276737605,-0.4832450243901335,0.2850041743017518,-1.6955717423229446,-0.9757575757575757,0.12613692632456802,10
micro_mom,fwd_mid_3s,345339,20,-0.34523963096451743,0.3315146956714985,0.16375065165481875,0.4632902467057386,0.3534515410569951,0.9999999999999999,0.12613692632456802,10
micro_mom,fwd_micro_3s,345339,20,-0.04195798597180313,0.035773729456636864,-0.5337146776925044,0.4952664139127028,-1.0776314781292207,0.0303030303030303,0.12613692632456802,10
micro_mom,fwd_mid_5s,345339,20,-0.4610741947065194,0.44187379921278874,0.333708829280216,0.48760072620616607,0.6843895247586611,0.9999999999999999,0.12613692632456802,10
micro_mom,fwd_micro_5s,345339,20,-0.12412473702623375,0.12264368027811352,-0.4090855687400453,0.5085435694029306,-0.8044258021399098,0.5757575757575757,0.12613692632456802,10
micro_mom,fwd_mid_10s,345339,20,-0.5908755336193547,0.6068951024336013,0.5734780887866723,0.5076968641400524,1.1295679160005083,0.9999999999999999,0.12613692632456802,10
micro_mom,fwd_micro_10s,345339,20,-0.23070254936024864,0.25844272271128715,-0.2429811775853244,0.5314559979446342,-0.4571990503918211,0.9151515151515152,0.12613692632456802,10
micro_mom,fwd_mid_30s,345339,20,-0.7061293693887415,1.0184905458364246,1.0487061514607632,0.5452491831933408,1.9233520815544272,0.9999999999999999,0.12613692632456802,10
micro_mom,fwd_micro_30s,345339,20,-0.3355675101290099,0.6296694986661712,0.1812593029404445,0.5697637913396707,0.3181306107821528,0.9636363636363635,0.12613692632456802,10
micro_mom,fwd_mid_60s,345339,20,-0.7490077801110605,1.317294285174907,1.1949315452194038,0.6046104960987282,1.9763658635265915,0.9878787878787878,0.12613692632456802,10
micro_mom,fwd_micro_60s,345339,20,-0.3650958946418171,0.9355154101401945,0.2895481357535582,0.6523155415865473,0.44387741406455794,0.9757575757575757,0.12613692632456802,10
micro_persist,fwd_mid_100ms,345339,0,NaN,0.0024978048616876394,NaN,NaN,NaN,0.07142857142857144,0.34301078071112734,7
micro_persist,fwd_micro_100ms,345339,0,NaN,-0.002088651800238207,NaN,NaN,NaN,-0.39285714285714296,0.34301078071112734,7
micro_persist,fwd_mid_300ms,345339,0,NaN,0.0008342737812999229,NaN,NaN,NaN,-0.5,0.34301078071112734,7
micro_persist,fwd_micro_300ms,345339,0,NaN,-0.007709114048204125,NaN,NaN,NaN,-0.642857142857143,0.34301078071112734,7
micro_persist,fwd_mid_500ms,345339,0,NaN,0.0017570946040779917,NaN,NaN,NaN,-0.28571428571428575,0.34301078071112734,7
micro_persist,fwd_micro_500ms,345339,0,NaN,-0.007241108159136687,NaN,NaN,NaN,-0.28571428571428575,0.34301078071112734,7
micro_persist,fwd_mid_1s,345339,0,NaN,-0.00934536111880447,NaN,NaN,NaN,-0.7857142857142859,0.34301078071112734,7
micro_persist,fwd_micro_1s,345339,0,NaN,-0.013790233094113683,NaN,NaN,NaN,-0.8571428571428573,0.34301078071112734,7
micro_persist,fwd_mid_3s,345339,0,NaN,0.006424538825148331,NaN,NaN,NaN,-0.8571428571428573,0.34301078071112734,7
micro_persist,fwd_micro_3s,345339,0,NaN,0.009050557833250287,NaN,NaN,NaN,-0.3214285714285715,0.34301078071112734,7
micro_persist,fwd_mid_5s,345339,0,NaN,0.019438086598238875,NaN,NaN,NaN,-0.25,0.34301078071112734,7
micro_persist,fwd_micro_5s,345339,0,NaN,-0.01492103258399191,NaN,NaN,NaN,-0.8571428571428573,0.34301078071112734,7
micro_persist,fwd_mid_10s,345339,0,NaN,0.03682100686147978,NaN,NaN,NaN,-0.1785714285714286,0.34301078071112734,7
micro_persist,fwd_micro_10s,345339,0,NaN,0.0013551942826568635,NaN,NaN,NaN,-0.4642857142857144,0.34301078071112734,7
micro_persist,fwd_mid_30s,345339,0,NaN,0.028184736066861456,NaN,NaN,NaN,-0.5714285714285715,0.34301078071112734,7
micro_persist,fwd_micro_30s,345339,0,NaN,0.0266112080386251,NaN,NaN,NaN,-0.5357142857142858,0.34301078071112734,7
micro_persist,fwd_mid_60s,345339,0,NaN,-0.04803580617667104,NaN,NaN,NaN,-0.7857142857142859,0.34301078071112734,7
micro_persist,fwd_micro_60s,345339,0,NaN,-0.039521905148065375,NaN,NaN,NaN,-0.7857142857142859,0.34301078071112734,7
micro_minus_bid,fwd_mid_100ms,345339,20,-0.02502674394022674,0.018811789874130843,0.04959329245302252,0.009901741749656074,5.00854230567517,0.9030303030303028,0.10788529531851311,10
micro_minus_bid,fwd_micro_100ms,345339,20,0.013459300849950465,-0.2541398253799481,-0.3221803287766728,0.0449365937477567,-7.169665119371815,-0.7696969696969697,0.10788529531851311,10
micro_minus_bid,fwd_mid_300ms,345339,20,-0.060113304336787673,0.043380190348335596,0.11504479647584284,0.022403262426436577,5.135180505678774,0.9515151515151514,0.10788529531851311,10
micro_minus_bid,fwd_micro_300ms,345339,20,0.04665931798695906,-0.5465540568712778,-0.7015554675924988,0.09329679244300404,-7.5196097231433345,-0.7696969696969697,0.10788529531851311,10
micro_minus_bid,fwd_mid_500ms,345339,20,-0.08823870141530973,0.05682229318665625,0.16046873131018255,0.026526135568550338,6.049457558395198,0.9393939393939393,0.10788529531851311,10
micro_minus_bid,fwd_micro_500ms,345339,20,0.08542150399618083,-0.6942443322403924,-0.8892774948028285,0.10579855831779711,-8.40538386290314,-0.8424242424242423,0.10788529531851311,10
micro_minus_bid,fwd_mid_1s,345339,20,-0.1212409688295158,0.07183738731640466,0.19373930286244753,0.05537581361994855,3.4986267505179374,0.9515151515151514,0.10788529531851311,10
micro_minus_bid,fwd_micro_1s,345339,20,0.11443131904045205,-0.8162656065295427,-1.0660547475182995,0.10670022176370306,-9.991120261016615,-0.8424242424242423,0.10788529531851311,10
micro_minus_bid,fwd_mid_3s,345339,20,-0.1827990480706729,0.1383566287437789,0.33172032927685624,0.0785792711987668,4.221473732401607,0.9878787878787878,0.10788529531851311,10
micro_minus_bid,fwd_micro_3s,345339,20,0.145287455199454,-0.9121748759713826,-1.1963423986530661,0.1195199730252552,-10.00956048074302,-0.8424242424242423,0.10788529531851311,10
micro_minus_bid,fwd_mid_5s,345339,20,-0.2416377386187447,0.17930560017060174,0.43422461675673774,0.08081420608240213,5.373122348241361,0.9636363636363635,0.10788529531851311,10
micro_minus_bid,fwd_micro_5s,345339,20,0.1274303927696912,-1.023139197312242,-1.2643763990136865,0.11965319404853379,-10.567009172365507,-0.8424242424242423,0.10788529531851311,10
micro_minus_bid,fwd_mid_10s,345339,20,-0.33002040109625247,0.25950906107795,0.6225223103987712,0.11661212289065769,5.338401316838081,0.9636363636363635,0.10788529531851311,10
micro_minus_bid,fwd_micro_10s,345339,20,0.11437259707713815,-1.0745404944734605,-1.291467801179064,0.13511826409665256,-9.558055010647957,-0.7696969696969697,0.10788529531851311,10
micro_minus_bid,fwd_mid_30s,345339,20,-0.4334355594710487,0.48296618777974837,0.9896126839688726,0.18467447331676887,5.358686916471706,0.9878787878787878,0.10788529531851311,10
micro_minus_bid,fwd_micro_30s,345339,20,0.08192455804699686,-0.9093054668020073,-1.076600948949967,0.15338032779697158,-7.019159265163756,-0.7696969696969697,0.10788529531851311,10
micro_minus_bid,fwd_mid_60s,345339,20,-0.530345640622458,0.6563772150154626,1.289855563879339,0.20432502696724794,6.312763458419095,0.9878787878787878,0.10788529531851311,10
micro_minus_bid,fwd_micro_60s,345339,20,0.02383228181256222,-0.7668842264842152,-0.8361767538629099,0.1774883950065922,-4.711162968327327,-0.7818181818181817,0.10788529531851311,10
micro_minus_ask,fwd_mid_100ms,345339,20,-0.02089151686625446,0.02149464981143158,0.05609210584706613,0.009129915484858373,6.143770546407884,0.9393939393939393,0.10773761434416616,10
micro_minus_ask,fwd_micro_100ms,345339,20,0.2478699795160773,-0.018022243497792412,-0.33489146623138416,0.04551325185429677,-7.358108959199057,-0.7696969696969697,0.10773761434416616,10
micro_minus_ask,fwd_mid_300ms,345339,20,-0.04440017419620018,0.05814706233149403,0.1282514344114935,0.019156118745401268,6.695063656476983,0.8787878787878788,0.10773761434416616,10
micro_minus_ask,fwd_micro_300ms,345339,20,0.5080148954226693,-0.04538715389259999,-0.7238031938830625,0.09308906819104756,-7.775383382263473,-0.7696969696969697,0.10773761434416616,10
micro_minus_ask,fwd_mid_500ms,345339,20,-0.05968928481110954,0.07789088803921314,0.1637071312644774,0.024892775980315827,6.576491565019915,0.9757575757575757,0.10773761434416616,10
micro_minus_ask,fwd_micro_500ms,345339,20,0.6738207580147125,-0.06731818243976957,-0.9237199550205002,0.11491740074694227,-8.038120850423764,-0.7696969696969697,0.10773761434416616,10
micro_minus_ask,fwd_mid_1s,345339,20,-0.09088710168638113,0.11995211781077339,0.2196291351976921,0.05027319819206775,4.36871221835944,0.9999999999999999,0.10773761434416616,10
micro_minus_ask,fwd_micro_1s,345339,20,0.7925661095086755,-0.06891569571680366,-1.0745071737293286,0.140044102756874,-7.672634210058423,-0.7696969696969697,0.10773761434416616,10
micro_minus_ask,fwd_mid_3s,345339,20,-0.16189501946779974,0.2112964323859372,0.3991313805848586,0.06745203216573853,5.917262501508334,0.9999999999999999,0.10773761434416616,10
micro_minus_ask,fwd_micro_3s,345339,20,0.9159223797953374,-0.05909269944561869,-1.2016469685768099,0.17038033274359998,-7.052732843203978,-0.7696969696969697,0.10773761434416616,10
micro_minus_ask,fwd_mid_5s,345339,20,-0.19891363752291527,0.26420443319616244,0.4971676833758834,0.06832248608223945,7.2767797526782765,0.9878787878787878,0.10773761434416616,10
micro_minus_ask,fwd_micro_5s,345339,20,0.9202645367571596,-0.05405425953700749,-1.249141123853153,0.18054223889424473,-6.918830360716063,-0.7818181818181817,0.10773761434416616,10
micro_minus_ask,fwd_mid_10s,345339,20,-0.23120668417211612,0.37926622940724947,0.6697937535054577,0.08701504383818093,7.697447751115905,0.9878787878787878,0.10773761434416616,10
micro_minus_ask,fwd_micro_10s,345339,20,1.002560976277058,-0.002892357043801502,-1.242956752399047,0.17935045056536048,-6.930324113939584,-0.7818181818181817,0.10773761434416616,10
micro_minus_ask,fwd_mid_30s,345339,20,-0.23483979804300423,0.6240821045320888,0.9378712758874123,0.14355598069882206,6.5331396945073985,0.9515151515151514,0.10773761434416616,10
micro_minus_ask,fwd_micro_30s,345339,20,1.0715065514575883,0.17895536368819387,-1.159404306546506,0.2191115972415261,-5.291387225243482,-0.709090909090909,0.10773761434416616,10
micro_minus_ask,fwd_mid_60s,345339,20,-0.16984322270918845,0.7797777442929489,0.9582637566751669,0.23082491718173487,4.151474495800206,0.9151515151515152,0.10773761434416616,10
micro_minus_ask,fwd_micro_60s,345339,20,1.174687138569361,0.30135210072696184,-1.2082533373542756,0.30457742678428734,-3.9669825505814784,-0.6606060606060605,0.10773761434416616,10
