feature,target,n,n_days,d1,d10,spread_bp,se_bp,t,monotone_rho,max_dec_share,n_dec_pop
iid0,fwd_mid_100ms,345339,20,0.0012611403359227484,-0.003891512820544799,-0.005097538826564623,0.0027521261004851733,-1.8522184814373062,-0.5878787878787878,0.1002493202331622,10
iid0,fwd_micro_100ms,345339,20,-0.00008705426543109785,-0.0026552805926360664,-0.0023380981759630317,0.006232679308912316,-0.3751353246459684,-0.34545454545454546,0.1002493202331622,10
iid0,fwd_mid_300ms,345339,20,0.005343512840855909,-0.002313658608354853,-0.007694724717621665,0.005472256022863237,-1.4061339026304494,-0.29696969696969694,0.1002493202331622,10
iid0,fwd_micro_300ms,345339,20,0.0025673676435886577,0.00003705851735885964,-0.002455444681839257,0.007021114963788032,-0.34972289935479073,-0.35757575757575755,0.1002493202331622,10
iid0,fwd_mid_500ms,345339,20,0.004850363361230574,-0.006789805238663685,-0.011688296042527597,0.007135785862661255,-1.6379830151136998,-0.7696969696969697,0.1002493202331622,10
iid0,fwd_micro_500ms,345339,20,0.002908390832874094,-0.007694517793004584,-0.01002271489280143,0.010428782278271112,-0.961062818780315,-0.7333333333333332,0.1002493202331622,10
iid0,fwd_mid_1s,345339,20,-0.0054312670333630485,-0.007643477907375116,-0.002800371760340812,0.013622416540422698,-0.2055708509595991,-0.41818181818181815,0.1002493202331622,10
iid0,fwd_micro_1s,345339,20,0.0010119138211424365,-0.0013696602049121222,-0.0025027285598002227,0.014442761242383612,-0.17328601628168827,-0.4424242424242424,0.1002493202331622,10
iid0,fwd_mid_3s,345339,20,0.034888474722064446,0.015154205320189542,-0.020873541474559915,0.022340588653623466,-0.934332653368755,-0.406060606060606,0.1002493202331622,10
iid0,fwd_micro_3s,345339,20,0.03944861815682863,0.020322451878091372,-0.019658905621556904,0.022061461675676686,-0.8910971498879124,-0.5636363636363636,0.1002493202331622,10
iid0,fwd_mid_5s,345339,20,0.05423406985799209,0.030713515145360575,-0.0249166601971664,0.0316620149485895,-0.7869575021559518,-0.33333333333333326,0.1002493202331622,10
iid0,fwd_micro_5s,345339,20,0.051917809139949,0.031398506939752165,-0.021791421337056843,0.030529591429133234,-0.7137803133605684,-0.49090909090909085,0.1002493202331622,10
iid0,fwd_mid_10s,345339,20,0.07252444200563547,0.039803575673001405,-0.03459407102228328,0.04160759705233776,-0.8314364076052688,-0.3939393939393939,0.1002493202331622,10
iid0,fwd_micro_10s,345339,20,0.08218957352812545,0.043393710030346824,-0.04062810689590662,0.04413665818277987,-0.920507092486623,-0.32121212121212117,0.1002493202331622,10
iid0,fwd_mid_30s,345339,20,0.08995242651534961,0.07215855712599958,-0.021737448292724525,0.06966526680889172,-0.31202705865399866,-0.38181818181818183,0.1002493202331622,10
iid0,fwd_micro_30s,345339,20,0.10188304119437094,0.0713455335231906,-0.03404674890056535,0.06890232050179307,-0.49413065703178083,-0.4424242424242424,0.1002493202331622,10
iid0,fwd_mid_60s,345339,20,0.12956456152209492,0.054068363941505965,-0.07979092161301697,0.11987502205500286,-0.6656175760819139,-0.49090909090909085,0.1002493202331622,10
iid0,fwd_micro_60s,345339,20,0.13017099718619374,0.055204540562550204,-0.07908282499149202,0.116896114870497,-0.6765222700438221,-0.49090909090909085,0.1002493202331622,10
iid1,fwd_mid_100ms,345339,20,-0.0005872307499688329,-0.0008134555437253791,-0.00022494637960507246,0.003464212204791035,-0.06493435341344554,0.18787878787878787,0.1003159214568873,10
iid1,fwd_micro_100ms,345339,20,-0.0001982067216083606,0.0022109652205021635,0.002461111657683343,0.006011646259143903,0.40939063138319465,0.38181818181818183,0.1003159214568873,10
iid1,fwd_mid_300ms,345339,20,0.0035931053988459655,-0.0033991447745403314,-0.0069657542865085645,0.007228837924135717,-0.9636063720907664,0.05454545454545454,0.1003159214568873,10
iid1,fwd_micro_300ms,345339,20,-0.0023233267338558456,-0.006126609757624647,-0.0034365026846007265,0.010057939153524037,-0.3416706575915869,0.10303030303030303,0.1003159214568873,10
iid1,fwd_mid_500ms,345339,20,-0.00005267772514071437,-0.0025178400558416598,-0.002381908153191117,0.009637622229271713,-0.24714686844195916,-0.309090909090909,0.1003159214568873,10
iid1,fwd_micro_500ms,345339,20,-0.00017670875317786285,-0.0016186711964873896,-0.0013182010649725841,0.013777198510716604,-0.0956799064735273,0.17575757575757575,0.1003159214568873,10
iid1,fwd_mid_1s,345339,20,-0.0012339130891765343,-0.006799063397843738,-0.005398224998463494,0.014450277108924568,-0.37357242063749224,-0.2606060606060606,0.1003159214568873,10
iid1,fwd_micro_1s,345339,20,0.001968897880978438,-0.0009539084558464853,-0.0027878483544098807,0.01590727048488363,-0.17525623626373354,-0.709090909090909,0.1003159214568873,10
iid1,fwd_mid_3s,345339,20,0.0149657657296837,0.000986630784199094,-0.01283635769159323,0.022642784228748082,-0.5669072125545291,-0.28484848484848485,0.1003159214568873,10
iid1,fwd_micro_3s,345339,20,0.018433322151525364,0.0006295168204565265,-0.016934114735438113,0.024770323597204037,-0.6836452769373412,-0.41818181818181815,0.1003159214568873,10
iid1,fwd_mid_5s,345339,20,0.018246792816584874,-0.007826946801515985,-0.025616549299902664,0.02954485915228614,-0.8670391409843796,-0.5030303030303029,0.1003159214568873,10
iid1,fwd_micro_5s,345339,20,0.013207387514164483,-0.015318549891807417,-0.028054231374868278,0.03190241557427532,-0.879376400497082,-0.3696969696969697,0.1003159214568873,10
iid1,fwd_mid_10s,345339,20,0.030990737744252112,-0.0005641370445494727,-0.029923788102867065,0.03658073285339256,-0.8180204651119197,-0.11515151515151514,0.1003159214568873,10
iid1,fwd_micro_10s,345339,20,0.032449589126724174,-0.010030165665094322,-0.04052400775819379,0.0385891072846384,-1.0501411048274143,-0.2121212121212121,0.1003159214568873,10
iid1,fwd_mid_30s,345339,20,0.06837369699933468,0.0734706126018322,0.008103746619240732,0.0709479736973791,0.11422097343902148,0.6484848484848483,0.1003159214568873,10
iid1,fwd_micro_30s,345339,20,0.06521448314954506,0.0678659476552495,0.0061465371349756145,0.0737845879524778,0.08330380782141651,0.6363636363636362,0.1003159214568873,10
iid1,fwd_mid_60s,345339,20,0.16553795154090303,0.08329012742736178,-0.07482627155372824,0.08906230497083514,-0.8401564677472841,0.13939393939393938,0.1003159214568873,10
iid1,fwd_micro_60s,345339,20,0.16639539525619668,0.08747817076228565,-0.07126534550537407,0.09010541131228693,-0.7909108284116584,0.13939393939393938,0.1003159214568873,10
iid2,fwd_mid_100ms,345339,20,-0.001143866815093632,5.331834857138056e-6,0.0011259273872842085,0.0036500277351480775,0.3084709128213051,-0.2121212121212121,0.10021746747398932,10
iid2,fwd_micro_100ms,345339,20,0.0005202928623820236,0.00282776961588651,0.0024841568097728486,0.005452668399623863,0.4555855276187731,-0.18787878787878787,0.10021746747398932,10
iid2,fwd_mid_300ms,345339,20,-0.0040472983236484175,-0.0009247843471928489,0.003130640072271991,0.004698072529599907,0.6663669095246173,0.33333333333333326,0.10021746747398932,10
iid2,fwd_micro_300ms,345339,20,-0.0073769687822173285,0.0035084619345944566,0.011150372407515015,0.008497844583214976,1.312141249269178,0.38181818181818183,0.10021746747398932,10
iid2,fwd_mid_500ms,345339,20,-0.003481540010179149,-0.007451965891928567,-0.004081816960230087,0.005679645530421576,-0.7186745965689008,-0.2727272727272727,0.10021746747398932,10
iid2,fwd_micro_500ms,345339,20,-0.009756805260974681,-0.005151978155825147,0.004530830451006192,0.00897123428996696,0.5050398088558757,-0.06666666666666665,0.10021746747398932,10
iid2,fwd_mid_1s,345339,20,-0.0009492959275376377,-0.004381808957549882,-0.0034726333013261656,0.008576774026217973,-0.40488804889936725,-0.13939393939393938,0.10021746747398932,10
iid2,fwd_micro_1s,345339,20,0.012740004689084134,0.00810500209678719,-0.004648131502854515,0.009644708756314261,-0.48193591121260615,-0.04242424242424241,0.10021746747398932,10
iid2,fwd_mid_3s,345339,20,-0.0003718732196822384,-0.005737184371918377,-0.005008161928694344,0.015038753437192767,-0.3330170914504468,0.10303030303030303,0.10021746747398932,10
iid2,fwd_micro_3s,345339,20,0.00620976581561785,0.007209718135077244,0.000618588965870373,0.01533435530069385,0.04034006997623064,0.3939393939393939,0.10021746747398932,10
iid2,fwd_mid_5s,345339,20,0.0023787088648348433,-0.007612807354420908,-0.010123255687471315,0.025779839443283156,-0.39268109911013793,0.11515151515151514,0.10021746747398932,10
iid2,fwd_micro_5s,345339,20,0.008141750773191654,-0.001983702696351931,-0.010248470011253156,0.02859589079936543,-0.35838960510649936,-0.12727272727272726,0.10021746747398932,10
iid2,fwd_mid_10s,345339,20,-0.015624449719873507,-0.01729231835958225,-0.0008938286150692615,0.05445603131578124,-0.016413767097460733,0.16363636363636364,0.10021746747398932,10
iid2,fwd_micro_10s,345339,20,-0.011365236203118991,-0.010890726039763321,0.0016464900780339693,0.054547966090584994,0.03018426159647691,0.18787878787878787,0.10021746747398932,10
iid2,fwd_mid_30s,345339,20,0.028751246014211196,-0.005086772066696374,-0.032682933415382906,0.07589707906668959,-0.4306217553730219,-0.22424242424242422,0.10021746747398932,10
iid2,fwd_micro_30s,345339,20,0.03516911399365826,-0.014039541790791643,-0.04765142851882045,0.08041480392032857,-0.5925703501811852,-0.11515151515151514,0.10021746747398932,10
iid2,fwd_mid_60s,345339,20,0.12131856369845492,-0.010409348093278814,-0.13103471861483276,0.12115318328882875,-1.0815623251305455,-0.4424242424242424,0.10021746747398932,10
iid2,fwd_micro_60s,345339,20,0.13235628192992005,-0.0020671849615838903,-0.1337669297294531,0.12075458227076986,-1.1077586226045273,-0.49090909090909085,0.10021746747398932,10
iid3,fwd_mid_100ms,345339,20,-0.001855354164626518,-0.0031191678632404617,-0.0012512999706926736,0.003409371273649964,-0.3670178077593385,-0.7454545454545454,0.10034198280530146,10
iid3,fwd_micro_100ms,345339,20,-0.003463681549606202,-0.0003134068238960371,0.0030438085904179353,0.00445577624478563,0.6831152246435065,0.23636363636363633,0.10034198280530146,10
iid3,fwd_mid_300ms,345339,20,0.005096397343315156,-0.004164770808282255,-0.009117027130743515,0.0058707637220437115,-1.5529541917196634,-0.7939393939393938,0.10034198280530146,10
iid3,fwd_micro_300ms,345339,20,0.005714043851363251,-0.003948862107622423,-0.009443285620342409,0.008776354803869239,-1.0759917792041793,-0.4424242424242424,0.10034198280530146,10
iid3,fwd_mid_500ms,345339,20,0.005787969503620577,-0.01035372978370842,-0.01598012677786541,0.005981105906134987,-2.6717679018982343,-0.7818181818181817,0.10034198280530146,10
iid3,fwd_micro_500ms,345339,20,0.003590034872402724,-0.012058597157435229,-0.015274671537461208,0.010716077821948092,-1.425397593341143,-0.709090909090909,0.10034198280530146,10
iid3,fwd_mid_1s,345339,20,0.013316962060612144,-0.014878967965546035,-0.028167689598888684,0.013227001999924251,-2.1295596386127404,-0.9393939393939393,0.10034198280530146,10
iid3,fwd_micro_1s,345339,20,0.014094908489215316,-0.0046289502832880716,-0.018374077875046125,0.013765956053017206,-1.3347476778424638,-0.7696969696969697,0.10034198280530146,10
iid3,fwd_mid_3s,345339,20,0.004913637056231016,-0.016832548176977102,-0.022069672009862942,0.023011454231746515,-0.9590733287692746,-0.2606060606060606,0.10034198280530146,10
iid3,fwd_micro_3s,345339,20,0.006852546557040569,0.0021057412228003055,-0.0047530347742909766,0.024083753815470305,-0.19735439959687032,-0.09090909090909088,0.10034198280530146,10
iid3,fwd_mid_5s,345339,20,0.009558685586086912,0.003769116721095661,-0.005359598731123817,0.022361215680540936,-0.2396827975586238,-0.05454545454545454,0.10034198280530146,10
iid3,fwd_micro_5s,345339,20,0.007871649991878565,0.01034835908094797,0.003097822244481587,0.022019424743159807,0.14068588442320254,0.1515151515151515,0.10034198280530146,10
iid3,fwd_mid_10s,345339,20,0.01711086022396916,0.03447069705843984,0.02010713448514196,0.031093802437183328,0.6466605210399411,0.19999999999999998,0.10034198280530146,10
iid3,fwd_micro_10s,345339,20,0.01623170051952835,0.03432623814728571,0.02089890229127566,0.03105885482762017,0.6728806457052815,0.32121212121212117,0.10034198280530146,10
iid3,fwd_mid_30s,345339,20,0.012605278229918394,0.13549064363702165,0.1230105309834971,0.04829736467187005,2.5469408490344074,0.5757575757575757,0.10034198280530146,10
iid3,fwd_micro_30s,345339,20,0.00554426110459124,0.13585668423286917,0.1302144140899592,0.04945689987780795,2.6328867036081323,0.5151515151515151,0.10034198280530146,10
iid3,fwd_mid_60s,345339,20,0.022413903339231996,0.1886023096077346,0.16113658798259373,0.10195992077118672,1.5803914593481128,0.3939393939393939,0.10034198280530146,10
iid3,fwd_micro_60s,345339,20,0.011951622817794653,0.18817379600974618,0.17102736207590874,0.10585307913264963,1.6157051214503269,0.49090909090909085,0.10034198280530146,10
iid4,fwd_mid_100ms,345339,20,0.001301488838668551,-0.0021867804009744695,-0.0033955196274593432,0.00420635960700111,-0.8072347456474726,-0.2727272727272727,0.10053599506571803,10
iid4,fwd_micro_100ms,345339,20,-0.0007656020215519671,0.0002877458985052179,0.0011263088360287856,0.006175491879147196,0.18238366401743583,0.05454545454545454,0.10053599506571803,10
iid4,fwd_mid_300ms,345339,20,0.0011912135777039157,-0.0008553236992915664,-0.0021596911084715443,0.0052413282052001815,-0.4120503475300035,0.18787878787878787,0.10053599506571803,10
iid4,fwd_micro_300ms,345339,20,0.00012578137057358331,-0.005668816266791138,-0.006252984685601426,0.010680018994803545,-0.585484416146064,-0.0303030303030303,0.10053599506571803,10
iid4,fwd_mid_500ms,345339,20,0.0014720392795622805,-0.006638575050509609,-0.008235584467272544,0.0069591498117362715,-1.183418189012633,-0.3939393939393939,0.10053599506571803,10
iid4,fwd_micro_500ms,345339,20,0.004574825374761222,-0.005050640396599537,-0.00967484712901182,0.010941905109981723,-0.884201337131499,-0.38181818181818183,0.10053599506571803,10
iid4,fwd_mid_1s,345339,20,0.0038869636444831125,-0.010578201407700496,-0.014442820671193225,0.011186592358507285,-1.2910831295474543,-0.28484848484848485,0.10053599506571803,10
iid4,fwd_micro_1s,345339,20,0.009482956378821612,-0.003739413466475847,-0.012826874303331029,0.013760831319171924,-0.9321293173225891,-0.2606060606060606,0.10053599506571803,10
iid4,fwd_mid_3s,345339,20,-0.00649943491086453,0.0003551190426797599,0.007350519591800117,0.021328631648943885,0.3446315597167757,0.2121212121212121,0.10053599506571803,10
iid4,fwd_micro_3s,345339,20,0.001102054514803372,0.010437802304023316,0.011042606468406567,0.023898505287312802,0.46206264097482475,0.04242424242424241,0.10053599506571803,10
iid4,fwd_mid_5s,345339,20,0.010247841985793493,0.0037966053944778117,-0.006430032326553934,0.03470528282944337,-0.18527531840480504,-0.006060606060606061,0.10053599506571803,10
iid4,fwd_micro_5s,345339,20,0.007130013921036882,-0.00021251755870635197,-0.007431254687067618,0.03217893225096587,-0.2309354029869827,-0.22424242424242422,0.10053599506571803,10
iid4,fwd_mid_10s,345339,20,-0.004713807229301169,-0.007309470917780896,-0.0006848488655348151,0.049633528796758516,-0.013798109506562859,0.2606060606060606,0.10053599506571803,10
iid4,fwd_micro_10s,345339,20,-0.0062242463242421974,-0.003728866789715263,0.004222039896854255,0.051710291662197774,0.0816479613852329,0.29696969696969694,0.10053599506571803,10
iid4,fwd_mid_30s,345339,20,0.07479014576889614,0.0023881275446076444,-0.07075104445784249,0.0730192866129396,-0.968936396665711,-0.12727272727272726,0.10053599506571803,10
iid4,fwd_micro_30s,345339,20,0.07601157820559498,0.0034288796378011363,-0.0708845768998205,0.07432713442607046,-0.953683704439405,-0.04242424242424241,0.10053599506571803,10
iid4,fwd_mid_60s,345339,20,0.16036810901873083,0.1673447574540707,0.012549207323526856,0.09349785967228509,0.13421919354638157,0.24848484848484845,0.10053599506571803,10
iid4,fwd_micro_60s,345339,20,0.16761704166383318,0.16836822440845348,0.0062205443035310394,0.09003109367901307,0.0690932882111716,0.16363636363636364,0.10053599506571803,10
iid5,fwd_mid_100ms,345339,20,-0.001655660610791953,-0.0033756741429104074,-0.0017836808568934507,0.003461812507976346,-0.5152447894805625,0.05454545454545454,0.10069815456696174,10
iid5,fwd_micro_100ms,345339,20,-0.0004580091066689914,0.00007021816837486727,0.0003313701681530782,0.0057237874345957545,0.05789351403062392,0.41818181818181815,0.10069815456696174,10
iid5,fwd_mid_300ms,345339,20,0.0010260004689280114,-0.0067101256436207755,-0.007907868301584034,0.0049214613024252995,-1.606813061333436,-0.28484848484848485,0.10069815456696174,10
iid5,fwd_micro_300ms,345339,20,0.005337729707006431,-0.008403903269740855,-0.013904104925548366,0.007348533665432244,-1.892092430759861,-0.5393939393939393,0.10069815456696174,10
iid5,fwd_mid_500ms,345339,20,0.00003952627858048319,-0.013681439012397,-0.014245228584358421,0.008108035442591808,-1.7569272711275672,-0.49090909090909085,0.10069815456696174,10
iid5,fwd_micro_500ms,345339,20,0.002458505118046073,-0.01310587918715032,-0.015920355461403156,0.011439413387150774,-1.3917108266482932,-0.4424242424242424,0.10069815456696174,10
iid5,fwd_mid_1s,345339,20,-0.006714744663639309,-0.015206102309815945,-0.008907384317996113,0.007253911484372309,-1.2279422401536075,-0.5393939393939393,0.10069815456696174,10
iid5,fwd_micro_1s,345339,20,0.006415230401728713,-0.012682890661328532,-0.01930250847752627,0.01078658284191182,-1.7894924426413699,-0.6121212121212121,0.10069815456696174,10
iid5,fwd_mid_3s,345339,20,0.0031381421473521166,-0.008607650818514966,-0.012469627148973622,0.02146076780374202,-0.581042918082332,-0.43030303030303024,0.10069815456696174,10
iid5,fwd_micro_3s,345339,20,0.011965362468311693,0.005334296436528406,-0.006931181184094688,0.023992820458547483,-0.28888563543705603,-0.29696969696969694,0.10069815456696174,10
iid5,fwd_mid_5s,345339,20,0.016083054420823854,-0.00553115780998719,-0.022347366671497747,0.027713307900927114,-0.8063767324849064,-0.2121212121212121,0.10069815456696174,10
iid5,fwd_micro_5s,345339,20,0.017197730351439556,-0.011378888373628061,-0.029446404464294768,0.03005090078462379,-0.9798842528993897,-0.2606060606060606,0.10069815456696174,10
iid5,fwd_mid_10s,345339,20,0.028939397591783923,0.005415698007383952,-0.023975180048918392,0.0538640280364232,-0.44510559129937743,-0.34545454545454546,0.10069815456696174,10
iid5,fwd_micro_10s,345339,20,0.03373931095787076,0.004285413685314492,-0.029889409052798167,0.05828959939020707,-0.5127743090617248,-0.309090909090909,0.10069815456696174,10
iid5,fwd_mid_30s,345339,20,0.03345834728623257,-0.02890763756677015,-0.0664307096209318,0.08668018243125583,-0.7663886687550127,-0.4545454545454545,0.10069815456696174,10
iid5,fwd_micro_30s,345339,20,0.04677212286680033,-0.029178680152101743,-0.08016789910201674,0.0857083495529696,-0.9353569345361301,-0.4666666666666666,0.10069815456696174,10
iid5,fwd_mid_60s,345339,20,0.11058088121860701,-0.05410495842940888,-0.1717823579104171,0.11327833729344025,-1.5164625648187786,-0.5272727272727272,0.10069815456696174,10
iid5,fwd_micro_60s,345339,20,0.126176603259065,-0.06158858843309149,-0.19486733028738545,0.10776662794317231,-1.8082344600235913,-0.5272727272727272,0.10069815456696174,10
iid6,fwd_mid_100ms,345339,20,-0.004162302131479857,-0.0017639037573382436,0.0025160422171782992,0.003191448946317135,0.7883698782278059,0.13939393939393938,0.1002377374116448,10
iid6,fwd_micro_100ms,345339,20,-0.009722005726934414,0.0005838568500824002,0.010543453972189804,0.005070100839468122,2.0795353595562536,0.09090909090909088,0.1002377374116448,10
iid6,fwd_mid_300ms,345339,20,-0.0042206785378349,-0.0034513104450214546,0.0011742035985781566,0.005843112723915205,0.20095515080040696,0.16363636363636364,0.1002377374116448,10
iid6,fwd_micro_300ms,345339,20,-0.007832139211638644,-0.009618773069085377,-0.0012338264153846923,0.0076364502832322,-0.1615706734965429,-0.34545454545454546,0.1002377374116448,10
iid6,fwd_mid_500ms,345339,20,-0.005211009485882534,-0.0019208318691258123,0.003853459959578803,0.005986334738325805,0.6437094028351141,0.29696969696969694,0.1002377374116448,10
iid6,fwd_micro_500ms,345339,20,-0.007624188569378045,-0.009358983867060843,-0.0011978684908935658,0.007422301471312473,-0.16138774415501458,0.16363636363636364,0.1002377374116448,10
iid6,fwd_mid_1s,345339,20,-0.013796519392131475,-0.011710755016676466,0.0026127824227390175,0.0156826999655725,0.16660284443844092,0.04242424242424241,0.1002377374116448,10
iid6,fwd_micro_1s,345339,20,-0.01701107334462209,-0.009224946984670506,0.008073732213261265,0.014863588028788052,0.5431886431206194,0.04242424242424241,0.1002377374116448,10
iid6,fwd_mid_3s,345339,20,0.017690552133723277,-0.010155944662403939,-0.02609261021179409,0.01796385355468337,-1.4525062861577085,-0.8181818181818182,0.1002377374116448,10
iid6,fwd_micro_3s,345339,20,0.02838759269245054,0.007079877957664728,-0.02014404424949413,0.019189884215943743,-1.0497220318170357,-0.7818181818181817,0.1002377374116448,10
iid6,fwd_mid_5s,345339,20,0.014132034404747848,-0.004368388513632561,-0.01692078342150356,0.021948928389050833,-0.7709161523322683,-0.1515151515151515,0.1002377374116448,10
iid6,fwd_micro_5s,345339,20,0.010568591139165586,-0.007666589263724161,-0.016467453943914905,0.021013261586062672,-0.7836695829664617,-0.01818181818181818,0.1002377374116448,10
iid6,fwd_mid_10s,345339,20,0.030742325036347704,0.04029927978897094,0.010828185559210618,0.027665828745765484,0.39139205475158495,0.006060606060606061,0.1002377374116448,10
iid6,fwd_micro_10s,345339,20,0.026238113534123208,0.04545720457449734,0.020061937266454933,0.027552905392879926,0.7281242025256339,-0.07878787878787878,0.1002377374116448,10
iid6,fwd_mid_30s,345339,20,0.08286503449431083,0.0616860817031054,-0.019132777590217285,0.06510980422010247,-0.2938540181374112,-0.11515151515151514,0.1002377374116448,10
iid6,fwd_micro_30s,345339,20,0.06829363046604374,0.06748521772324347,0.001071611227008174,0.06380172292417932,0.016795960640148468,-0.01818181818181818,0.1002377374116448,10
iid6,fwd_mid_60s,345339,20,0.1371070468080455,0.036766258423684625,-0.09483545215743865,0.09352370585734532,-1.014025816107995,-0.4424242424242424,0.1002377374116448,10
iid6,fwd_micro_60s,345339,20,0.13137846782622298,0.03399513108856479,-0.09171713700453123,0.09630464001904285,-0.952364673045821,-0.4424242424242424,0.1002377374116448,10
iid7,fwd_mid_100ms,345339,20,-0.0006831898338042728,-0.0027430396773055546,-0.0020317073729002187,0.0028820092983565023,-0.7049621158609107,-0.07878787878787878,0.10028986010847313,10
iid7,fwd_micro_100ms,345339,20,0.001608620777860784,0.001092462328545836,-0.0006348145308508342,0.003983110402775781,-0.15937658429162288,-0.23636363636363633,0.10028986010847313,10
iid7,fwd_mid_300ms,345339,20,0.000012066411763957687,-0.005273157351009145,-0.005433408691311915,0.005479214178635319,-0.9916401356417112,-0.32121212121212117,0.10028986010847313,10
iid7,fwd_micro_300ms,345339,20,0.004310508136415565,-0.005967763876779064,-0.010684505301662593,0.0076963598255210515,-1.3882543882931357,-0.6121212121212121,0.10028986010847313,10
iid7,fwd_mid_500ms,345339,20,-0.003772650615850854,-0.007499031682170547,-0.0036711219927660125,0.005051649218327884,-0.7267175201807002,0.0303030303030303,0.10028986010847313,10
iid7,fwd_micro_500ms,345339,20,-0.006434488564282043,-0.005372746390746117,0.000715729549840385,0.009176893198785575,0.07799257704503973,0.07878787878787878,0.10028986010847313,10
iid7,fwd_mid_1s,345339,20,-0.005853949780410009,-0.018605515529416,-0.01261770071533648,0.013736421419300997,-0.9185580676498024,0.18787878787878787,0.10028986010847313,10
iid7,fwd_micro_1s,345339,20,-0.000013895074460614454,-0.009594906494539234,-0.009665177272006945,0.0170111633121263,-0.568166744076649,0.23636363636363633,0.10028986010847313,10
iid7,fwd_mid_3s,345339,20,-0.0030051847474543212,-0.025531279216566574,-0.02313464070589626,0.014073112288218177,-1.6438894419441443,0.10303030303030303,0.10028986010847313,10
iid7,fwd_micro_3s,345339,20,0.01767997510054817,-0.028078256952334603,-0.04641184229704941,0.01904308687554359,-2.4372016259955527,0.0303030303030303,0.10028986010847313,10
iid7,fwd_mid_5s,345339,20,-0.0008265662940122291,-0.013405811486655239,-0.01342628293751839,0.021426588555077085,-0.6266178539344285,0.24848484848484845,0.10028986010847313,10
iid7,fwd_micro_5s,345339,20,0.007623579494308745,-0.010961376441008678,-0.01934779252231831,0.02099587945441605,-0.9215042677456838,0.23636363636363633,0.10028986010847313,10
iid7,fwd_mid_10s,345339,20,0.015827710173587625,-0.03204764032044885,-0.04888006701102323,0.033451417833205196,-1.461225567620125,-0.10303030303030303,0.10028986010847313,10
iid7,fwd_micro_10s,345339,20,0.03231086301439987,-0.034051993601981134,-0.06737062449971087,0.038525574718668416,-1.7487247105768666,-0.13939393939393938,0.10028986010847313,10
iid7,fwd_mid_30s,345339,20,0.04600393685785939,0.02778077302873224,-0.01933887463257771,0.07442590070972985,-0.2598406528931601,-0.17575757575757575,0.10028986010847313,10
iid7,fwd_micro_30s,345339,20,0.05244529353886644,0.03245397016940513,-0.021414368336820217,0.07452516153210029,-0.28734413849739043,-0.11515151515151514,0.10028986010847313,10
iid7,fwd_mid_60s,345339,20,0.13225942356676168,0.07513004325195066,-0.060972256649465616,0.09685423464665781,-0.6295259765554259,-0.13939393939393938,0.10028986010847313,10
iid7,fwd_micro_60s,345339,20,0.1355605331134683,0.06962349357855312,-0.07013776585182756,0.0975914952011734,-0.7186872760505083,-0.10303030303030303,0.10028986010847313,10
iid8,fwd_mid_100ms,345339,20,-0.0026519204775840937,0.0004756864965664791,0.00319331050204886,0.0029839894192082647,1.0701480646992823,0.6484848484848483,0.10038831409137108,10
iid8,fwd_micro_100ms,345339,20,-0.0007105830620150025,-0.0016628996673853525,-0.0007910112326395168,0.004185283525769888,-0.18899824295511958,-0.16363636363636364,0.10038831409137108,10
iid8,fwd_mid_300ms,345339,20,-0.007467317915347791,-0.0016154218962800362,0.0060055137998238275,0.005636360584661339,1.0654949607317696,0.23636363636363633,0.10038831409137108,10
iid8,fwd_micro_300ms,345339,20,-0.010630439899488133,-0.004042814892634581,0.007055450322141189,0.009082065274461414,0.7768552756365862,0.16363636363636364,0.10038831409137108,10
iid8,fwd_mid_500ms,345339,20,-0.008814131243356128,-0.003572099898104512,0.005426281803847336,0.009533603578891884,0.5691742643738127,0.17575757575757575,0.10038831409137108,10
iid8,fwd_micro_500ms,345339,20,-0.009956587219449324,-0.0038035504368567324,0.006609508001639228,0.011529643172437943,0.573262147213672,0.23636363636363633,0.10038831409137108,10
iid8,fwd_mid_1s,345339,20,-0.014010650813703795,0.0018077382447773407,0.015828609683677487,0.013222357901597653,1.1971094566850986,0.2606060606060606,0.10038831409137108,10
iid8,fwd_micro_1s,345339,20,-0.003955150952207542,-0.01080436715743784,-0.006905165846877584,0.014948744307017219,-0.4619228013443357,-0.22424242424242422,0.10038831409137108,10
iid8,fwd_mid_3s,345339,20,-0.03320645493456802,0.015483160433415166,0.04910009748730872,0.02136742498686109,2.2978949273251486,0.7333333333333332,0.10038831409137108,10
iid8,fwd_micro_3s,345339,20,-0.022424437670216783,0.012460427113491462,0.03544082449202684,0.02287814360874091,1.549112773227203,0.49090909090909085,0.10038831409137108,10
iid8,fwd_mid_5s,345339,20,-0.029173997005425382,0.023239356527970365,0.05324740441325312,0.023160322868523524,2.2990786750050023,0.7575757575757575,0.10038831409137108,10
iid8,fwd_micro_5s,345339,20,-0.030891896899020672,0.015740770110022714,0.0476174133713256,0.028633624767003606,1.6629893615913502,0.5515151515151515,0.10038831409137108,10
iid8,fwd_mid_10s,345339,20,-0.00853525442690767,0.005406613797435851,0.015058534249290056,0.03694831536748858,0.40755672077380567,0.6363636363636362,0.10038831409137108,10
iid8,fwd_micro_10s,345339,20,-0.005034808855185095,-0.005178013358803832,0.0011048979853417844,0.038482076707434136,0.02871201556355547,0.35757575757575755,0.10038831409137108,10
iid8,fwd_mid_30s,345339,20,0.09241902820036524,0.033768545461484854,-0.054861300829629166,0.04373676426442051,-1.2543520709020162,0.16363636363636364,0.10038831409137108,10
iid8,fwd_micro_30s,345339,20,0.09123279367973107,0.022638225101774403,-0.06448648893676653,0.04588063412868796,-1.4055274117592202,0.17575757575757575,0.10038831409137108,10
iid8,fwd_mid_60s,345339,20,0.1008586006735461,0.07426653625316813,-0.021158852295508478,0.06349673785605803,-0.33322739104288923,0.12727272727272726,0.10038831409137108,10
iid8,fwd_micro_60s,345339,20,0.10393017345711815,0.07004585410921407,-0.02843661747135351,0.06629741324133917,-0.42892499241014287,0.05454545454545454,0.10038831409137108,10
iid9,fwd_mid_100ms,345339,20,-0.004411552507265822,0.002108000370479581,0.006628626207458974,0.003680690051275889,1.8009194241066837,0.12727272727272726,0.10039700120750915,10
iid9,fwd_micro_100ms,345339,20,-0.005444628909455378,0.002789489264747741,0.00812463428890101,0.006911024324224938,1.175604933182199,0.3939393939393939,0.10039700120750915,10
iid9,fwd_mid_300ms,345339,20,-0.006644118167660131,0.007637619150404836,0.01436430761967188,0.005918662461392806,2.4269516488513534,0.17575757575757575,0.10039700120750915,10
iid9,fwd_micro_300ms,345339,20,-0.012870291187276214,0.004421183804602937,0.016763530166430413,0.009906831816205578,1.6921181743500135,0.7818181818181817,0.10039700120750915,10
iid9,fwd_mid_500ms,345339,20,-0.007858320221349125,0.01165763445562082,0.019533121042909336,0.008009461313251384,2.4387559011730846,0.38181818181818183,0.10039700120750915,10
iid9,fwd_micro_500ms,345339,20,-0.003495306651084682,0.006517807112802975,0.009358317707224935,0.011168372584158063,0.8379302925924386,0.33333333333333326,0.10039700120750915,10
iid9,fwd_mid_1s,345339,20,-0.0033817386647620818,0.01771762344641384,0.02132232837442228,0.013253815577267661,1.6087690559836492,0.6,0.10039700120750915,10
iid9,fwd_micro_1s,345339,20,0.004988131127342891,0.027290114407446907,0.02186113136666818,0.017922061847054117,1.2197888587390147,0.35757575757575755,0.10039700120750915,10
iid9,fwd_mid_3s,345339,20,0.0013452412914592698,0.04076246693489819,0.03983749708206647,0.024953744412289827,1.5964536794103867,0.7333333333333332,0.10039700120750915,10
iid9,fwd_micro_3s,345339,20,0.0025913063897846475,0.0594098581868677,0.05616046926809618,0.029140104983519495,1.9272569299204085,0.7818181818181817,0.10039700120750915,10
iid9,fwd_mid_5s,345339,20,0.0205461461697861,0.062494127279322596,0.0421543649948055,0.03114396909530386,1.3535321996309675,0.24848484848484845,0.10039700120750915,10
iid9,fwd_micro_5s,345339,20,0.027018652424981436,0.06715750410452904,0.040305890480809244,0.032052348174781316,1.2575019546468607,0.309090909090909,0.10039700120750915,10
iid9,fwd_mid_10s,345339,20,0.037852234429465635,0.07125444540308609,0.03433401560543026,0.046872307347681434,0.7325010768245999,0.12727272727272726,0.10039700120750915,10
iid9,fwd_micro_10s,345339,20,0.028306485252585008,0.0745467043020689,0.04712733867192645,0.051052229446823943,0.9231200905929943,0.17575757575757575,0.10039700120750915,10
iid9,fwd_mid_30s,345339,20,0.14916951746500576,0.11478485209934058,-0.03044743461275466,0.07441043767469425,-0.40918230780826764,0.13939393939393938,0.10039700120750915,10
iid9,fwd_micro_30s,345339,20,0.14416229894068994,0.11282385216552893,-0.0276203140951942,0.07707335566941431,-0.35836397488211363,0.309090909090909,0.10039700120750915,10
iid9,fwd_mid_60s,345339,20,0.23008865758777247,0.12885744679834724,-0.09444379873629975,0.09767807725383341,-0.9668883887924121,-0.2727272727272727,0.10039700120750915,10
iid9,fwd_micro_60s,345339,20,0.23412081033552193,0.12694192800010315,-0.10054497329478548,0.0993839757934595,-1.0116819385827225,-0.11515151515151514,0.10039700120750915,10
iid10,fwd_mid_100ms,345339,20,-0.0027604692433902812,-0.0017372327261161889,0.0010737441831838287,0.0023011453536623517,0.46661293319647457,0.05454545454545454,0.10024642452778285,10
iid10,fwd_micro_100ms,345339,20,-0.005963102549339888,-0.0011722186687842424,0.004845362841387925,0.004115841766350832,1.1772471140657814,-0.06666666666666665,0.10024642452778285,10
iid10,fwd_mid_300ms,345339,20,-0.005120422950411762,0.0012699670080906368,0.0063695259656862315,0.005099066995579026,1.249155182940078,0.16363636363636364,0.10024642452778285,10
iid10,fwd_micro_300ms,345339,20,-0.011066457162036997,0.002125876147777432,0.01315390936587627,0.008831283248488076,1.4894674981836,0.4787878787878787,0.10024642452778285,10
iid10,fwd_mid_500ms,345339,20,-0.006695547031983764,-0.0032269019368928865,0.0033337531792391427,0.005973572237208106,0.5580836803937693,0.05454545454545454,0.10024642452778285,10
iid10,fwd_micro_500ms,345339,20,-0.015269224353045275,-0.007148821460776069,0.007775753878334601,0.008467177441371883,0.9183407259591746,-0.19999999999999998,0.10024642452778285,10
iid10,fwd_mid_1s,345339,20,-0.007764593672095291,-0.007062089582915765,0.0003241732346940734,0.008631484697986934,0.03755706532963886,-0.04242424242424241,0.10024642452778285,10
iid10,fwd_micro_1s,345339,20,-0.015045781299328969,-0.001598916254617867,0.012828250307624505,0.014389320528865926,0.8915118877149334,0.10303030303030303,0.10024642452778285,10
iid10,fwd_mid_3s,345339,20,-0.009373472175542184,-0.006995722644141011,0.002198396459428742,0.011410420932514879,0.1926656757389415,0.13939393939393938,0.10024642452778285,10
iid10,fwd_micro_3s,345339,20,-0.007014530966701295,-0.0031712708761424658,0.0034568745931243027,0.01502829047293475,0.23002447280014798,0.19999999999999998,0.10024642452778285,10
iid10,fwd_mid_5s,345339,20,-0.0019922913823052957,0.003403994936385549,0.005230604216856542,0.022881770927138757,0.2285926309424251,0.19999999999999998,0.10024642452778285,10
iid10,fwd_micro_5s,345339,20,-0.00018975044792945268,-0.00035840511164913,-0.00013547146448082483,0.027248537913033995,-0.004971696643438024,0.12727272727272726,0.10024642452778285,10
iid10,fwd_mid_10s,345339,20,-0.00222711952115283,0.04118530348188793,0.04193876328039681,0.04023835124376367,1.0422584918137439,0.8060606060606059,0.10024642452778285,10
iid10,fwd_micro_10s,345339,20,-0.006939266089177756,0.040268808417726766,0.04574957232580764,0.04338108645164521,1.0545972004828066,0.7212121212121211,0.10024642452778285,10
iid10,fwd_mid_30s,345339,20,0.05958895733346416,0.060372300885458904,-0.002023158473310366,0.07402884518738924,-0.027329326402284734,0.5030303030303029,0.10024642452778285,10
iid10,fwd_micro_30s,345339,20,0.06458486454282474,0.0656090138332907,-0.0016375117084851843,0.07757096058090222,-0.021109854721695114,0.43030303030303024,0.10024642452778285,10
iid10,fwd_mid_60s,345339,20,0.0876237940173821,0.12206588971861683,0.030774016598113574,0.10193907798604593,0.30188635414503273,0.13939393939393938,0.10024642452778285,10
iid10,fwd_micro_60s,345339,20,0.08860585947223293,0.1304549448976461,0.03864818507098381,0.10448142633806148,0.3699048378793493,0.06666666666666665,0.10024642452778285,10
iid11,fwd_mid_100ms,345339,20,-0.004944750325312115,0.0016787157410233975,0.0066459490319608515,0.0028344386583305336,2.3447143625522218,0.18787878787878787,0.10013928342874683,10
iid11,fwd_micro_100ms,345339,20,-0.005856237317006408,-0.000124024287444004,0.005570705306559053,0.0058218327272323185,0.9568645420713331,-0.05454545454545454,0.10013928342874683,10
iid11,fwd_mid_300ms,345339,20,-0.0039841434847401064,-0.002682859446550427,0.0013853831623879583,0.004112011841749584,0.3369112774243626,0.01818181818181818,0.10013928342874683,10
iid11,fwd_micro_300ms,345339,20,-0.00483521724836389,-0.001726454891793449,0.0030914634405921682,0.007838127958042939,0.3944134947962829,0.1515151515151515,0.10013928342874683,10
iid11,fwd_mid_500ms,345339,20,-0.004058652929416861,-0.0039557104114426615,0.0002210860671277284,0.004391366047126778,0.050345624745261795,0.006060606060606061,0.10013928342874683,10
iid11,fwd_micro_500ms,345339,20,-0.007912195533910411,-0.009439693146015388,-0.0014492592427728312,0.00817380396810265,-0.1773053584877252,-0.24848484848484845,0.10013928342874683,10
iid11,fwd_mid_1s,345339,20,-0.019525448017230718,0.0008148042821033995,0.02071646821808123,0.016788386444996896,1.2339761349879421,0.309090909090909,0.10013928342874683,10
iid11,fwd_micro_1s,345339,20,-0.02201769064358395,0.010387699666983235,0.032935127743227315,0.019017028241107525,1.731875628813244,0.13939393939393938,0.10013928342874683,10
iid11,fwd_mid_3s,345339,20,-0.0013487825840736583,0.018180945999647775,0.019710660865533212,0.023702249701832035,0.8315945158576953,0.18787878787878787,0.10013928342874683,10
iid11,fwd_micro_3s,345339,20,-0.004826964116565664,0.029479070845879366,0.03411676858214332,0.026573735422936624,1.2838529487539063,0.28484848484848485,0.10013928342874683,10
iid11,fwd_mid_5s,345339,20,-0.014550961966706797,0.0372015747431941,0.0516788551941831,0.031737508590701416,1.6283211092796421,0.38181818181818183,0.10013928342874683,10
iid11,fwd_micro_5s,345339,20,-0.02238916014631073,0.042404600212552525,0.06484554155105346,0.03350454794887231,1.935425054831579,0.33333333333333326,0.10013928342874683,10
iid11,fwd_mid_10s,345339,20,-0.00458384065696645,0.049884228249351646,0.055787365546653735,0.04334794776034873,1.286966706130517,0.16363636363636364,0.10013928342874683,10
iid11,fwd_micro_10s,345339,20,-0.002718736811309247,0.04903213128648026,0.05276922236325279,0.04643514823255017,1.1364068894317119,0.10303030303030303,0.10013928342874683,10
iid11,fwd_mid_30s,345339,20,-0.02397390416181823,0.11805637696287923,0.1447104216759258,0.08159793867876015,1.7734568301489917,0.2727272727272727,0.10013928342874683,10
iid11,fwd_micro_30s,345339,20,-0.02736469190686992,0.11546250135161819,0.14533925960544816,0.08520144116033034,1.7058310003460118,0.19999999999999998,0.10013928342874683,10
iid11,fwd_mid_60s,345339,20,0.005043979977816655,0.2140462700940955,0.21382728718838256,0.11090384585207647,1.9280421300590906,0.19999999999999998,0.10013928342874683,10
iid11,fwd_micro_60s,345339,20,0.0010250010238135434,0.21648640750725193,0.2199119660977697,0.11662985685007607,1.8855546258661662,0.19999999999999998,0.10013928342874683,10
iid12,fwd_mid_100ms,345339,20,-0.003733649580108816,0.002010114120858246,0.005800444237833576,0.0027145878507923707,2.1367679208246892,0.41818181818181815,0.10034198280530146,10
iid12,fwd_micro_100ms,345339,20,-0.005761352560830899,0.0005122480416308053,0.006555774952174273,0.004510711027304133,1.4533795032514842,0.12727272727272726,0.10034198280530146,10
iid12,fwd_mid_300ms,345339,20,-0.0035202568550544823,0.004764800359746638,0.008511020703176681,0.005911046686116506,1.4398500223601398,0.5757575757575757,0.10034198280530146,10
iid12,fwd_micro_300ms,345339,20,-0.0018734898884012554,0.003867835650384155,0.0060901476111203225,0.008861098730579256,0.687290345846559,-0.0303030303030303,0.10034198280530146,10
iid12,fwd_mid_500ms,345339,20,-0.005799680895492545,0.00259111701158764,0.008548685079232402,0.00775192167178021,1.1027826958511073,0.43030303030303024,0.10034198280530146,10
iid12,fwd_micro_500ms,345339,20,0.0007819197861266881,0.00491360330452939,0.004352186664654884,0.009379300799059158,0.46402037400180773,-0.09090909090909088,0.10034198280530146,10
iid12,fwd_mid_1s,345339,20,-0.008171167191225319,0.006604253008743317,0.014635684351225387,0.009583946790114926,1.5271040910119538,0.6121212121212121,0.10034198280530146,10
iid12,fwd_micro_1s,345339,20,-0.000762416732550159,0.01034272399557739,0.011219685204059353,0.013495221414654788,0.8313820766123647,0.3696969696969697,0.10034198280530146,10
iid12,fwd_mid_3s,345339,20,0.00726114578855088,0.026364019774805774,0.018348950107977657,0.02568295614311647,0.7144407367177447,0.32121212121212117,0.10034198280530146,10
iid12,fwd_micro_3s,345339,20,0.019753414136063525,0.023932857054195743,0.0035682119563075253,0.028103584866663298,0.12696643411282976,0.01818181818181818,0.10034198280530146,10
iid12,fwd_mid_5s,345339,20,0.0023917434043682025,0.04831402074460145,0.04491668572776941,0.03450204142577209,1.3018558865394518,0.43030303030303024,0.10034198280530146,10
iid12,fwd_micro_5s,345339,20,0.0029018617965670917,0.04132700038536198,0.0375630958441849,0.03767613206215788,0.9969997923941213,0.38181818181818183,0.10034198280530146,10
iid12,fwd_mid_10s,345339,20,0.004578221352427295,0.023200209648359973,0.016021120764873626,0.048124732346781336,0.33290825701486,0.12727272727272726,0.10034198280530146,10
iid12,fwd_micro_10s,345339,20,0.013774566313300308,0.021647747830105396,0.005071551587417539,0.05446667971175307,0.09311291994035716,0.10303030303030303,0.10034198280530146,10
iid12,fwd_mid_30s,345339,20,-0.034337370876696624,0.0716471097827223,0.10485957518380533,0.06362056531184607,1.6482025060579053,0.32121212121212117,0.10034198280530146,10
iid12,fwd_micro_30s,345339,20,-0.036230400193523554,0.0755081927685184,0.11036807038340006,0.06461136192078913,1.7081836244019553,0.32121212121212117,0.10034198280530146,10
iid12,fwd_mid_60s,345339,20,-0.002274636010074955,0.12513093568042707,0.1248655082286884,0.07221703064177047,1.7290313257004222,0.32121212121212117,0.10034198280530146,10
iid12,fwd_micro_60s,345339,20,-0.0005880586655210728,0.11488326420851183,0.1130208738637803,0.07744840166696569,1.4593054398950553,0.2606060606060606,0.10034198280530146,10
iid13,fwd_mid_100ms,345339,20,-0.0031618742971492946,-0.0011454206450077407,0.0019925751343749473,0.002928607558273144,0.6803831154317825,-0.05454545454545454,0.10046360243123424,10
iid13,fwd_micro_100ms,345339,20,-0.007101705336550631,0.0014797876192447245,0.008555266410371335,0.004482902663835115,1.9084211842003993,0.22424242424242422,0.10046360243123424,10
iid13,fwd_mid_300ms,345339,20,-0.004674511654695927,0.0031388134631198305,0.0077606619127148085,0.004766062997912813,1.6283171070364388,0.2727272727272727,0.10046360243123424,10
iid13,fwd_micro_300ms,345339,20,-0.014742275814579594,-0.001274148425648199,0.013759812603882695,0.00635594736622929,2.1648720184487305,-0.0303030303030303,0.10046360243123424,10
iid13,fwd_mid_500ms,345339,20,-0.00710694098903759,0.005073504079173138,0.012405528553332783,0.006282268411764714,1.9746893542627257,0.5151515151515151,0.10046360243123424,10
iid13,fwd_micro_500ms,345339,20,-0.01732811168537841,-0.00008118128658023168,0.017605530816538324,0.009842904522799626,1.7886519955321853,0.29696969696969694,0.10046360243123424,10
iid13,fwd_mid_1s,345339,20,-0.011168296698686407,0.010485926024667361,0.02197288132418834,0.017107992635850076,1.2843635014282044,0.13939393939393938,0.10046360243123424,10
iid13,fwd_micro_1s,345339,20,-0.006954138990645167,0.008509247280723276,0.01568178937043481,0.018500773863252485,0.8476288336015534,0.2606060606060606,0.10046360243123424,10
iid13,fwd_mid_3s,345339,20,0.007690734695994608,0.010155789881796535,0.003458686142659211,0.019906521939532573,0.1737463808677984,0.07878787878787878,0.10046360243123424,10
iid13,fwd_micro_3s,345339,20,0.015386507861608575,0.019652889307775912,0.0049560478256682975,0.02253710725601761,0.21990612057565587,0.06666666666666665,0.10046360243123424,10
iid13,fwd_mid_5s,345339,20,0.014910589506804923,0.01611642809082667,0.0021122571646586515,0.03081618429262611,0.06854376079143859,0.09090909090909088,0.10046360243123424,10
iid13,fwd_micro_5s,345339,20,0.01353012614763104,0.00764565431505678,-0.004796040716281242,0.03231877630220574,-0.14839796752929396,0.07878787878787878,0.10046360243123424,10
iid13,fwd_mid_10s,345339,20,0.04836898786021091,0.03677577473443601,-0.01040394729634828,0.023638712210773707,-0.44012326913504707,0.06666666666666665,0.10046360243123424,10
iid13,fwd_micro_10s,345339,20,0.04527933740821564,0.029880477677668,-0.014316876662142649,0.024547976494985614,-0.5832202367094144,-0.05454545454545454,0.10046360243123424,10
iid13,fwd_mid_30s,345339,20,0.13265180525255693,0.07768936850485385,-0.05319406559082333,0.06887389514474021,-0.7723400205409419,-0.2121212121212121,0.10046360243123424,10
iid13,fwd_micro_30s,345339,20,0.13233059372652603,0.08430269388381983,-0.04629350178031892,0.07305066198507457,-0.6337177586395786,-0.1515151515151515,0.10046360243123424,10
iid13,fwd_mid_60s,345339,20,0.1999507278890534,0.11440190036902888,-0.08682868677489375,0.1157366744305865,-0.7502262113723475,-0.4424242424242424,0.10046360243123424,10
iid13,fwd_micro_60s,345339,20,0.19240205790682485,0.11549355743821392,-0.07774722723944434,0.11683397701221265,-0.6654504898974501,-0.4424242424242424,0.10046360243123424,10
iid14,fwd_mid_100ms,345339,20,-0.0006188180655650139,-0.000258275989597995,0.000424474960439091,0.0021844817954005894,0.1943138007983495,-0.1515151515151515,0.1002666944654383,10
iid14,fwd_micro_100ms,345339,20,9.441247896964707e-6,-0.002455391025876525,-0.0023167733913363924,0.005948847819766279,-0.3894490935939616,-0.5757575757575757,0.1002666944654383,10
iid14,fwd_mid_300ms,345339,20,-0.004931772732583794,-0.0009547656241698656,0.004178133926112199,0.00653265505446521,0.6395766945105045,0.07878787878787878,0.1002666944654383,10
iid14,fwd_micro_300ms,345339,20,-0.008949495039855149,-0.0017183222558393933,0.007328510368990694,0.008916338291119472,0.8219192823010957,0.13939393939393938,0.1002666944654383,10
iid14,fwd_mid_500ms,345339,20,-0.00869411744219356,-0.0022066121767019696,0.0066730354053324056,0.006586695278229782,1.0131082619516334,-0.10303030303030303,0.1002666944654383,10
iid14,fwd_micro_500ms,345339,20,-0.01142614420359201,-0.005738101101996606,0.005517292996719868,0.009664959990878299,0.5708552339509981,-0.23636363636363633,0.1002666944654383,10
iid14,fwd_mid_1s,345339,20,0.007862206594511105,-0.0019395503128365203,-0.009683388353881165,0.010984924117233145,-0.8815161807708684,-0.29696969696969694,0.1002666944654383,10
iid14,fwd_micro_1s,345339,20,0.009904829744985055,0.006150887085265462,-0.0043554081194980875,0.014200632598080373,-0.30670521819477586,-0.13939393939393938,0.1002666944654383,10
iid14,fwd_mid_3s,345339,20,0.0077109880650602985,0.006020084203679068,-0.0020755610313128265,0.02876535503980544,-0.07215489009055058,-0.18787878787878787,0.1002666944654383,10
iid14,fwd_micro_3s,345339,20,0.012157411393258854,0.017141852255425364,0.003625329838885128,0.030723152805056747,0.11799992864952429,-0.05454545454545454,0.1002666944654383,10
iid14,fwd_mid_5s,345339,20,-0.0010868554149351566,0.024790819141092973,0.025689151059125608,0.032231771737000155,0.7970133093749852,0.309090909090909,0.1002666944654383,10
iid14,fwd_micro_5s,345339,20,-0.008132081176651538,0.029875175244040222,0.037714259567544976,0.03111825656915857,1.2119656987764453,0.406060606060606,0.1002666944654383,10
iid14,fwd_mid_10s,345339,20,-0.01894533699219325,0.020622909374324174,0.040110600911672886,0.04116573061862282,0.9743687360556015,0.4424242424242424,0.1002666944654383,10
iid14,fwd_micro_10s,345339,20,-0.02081071978110446,0.024141769000695923,0.045226079018228685,0.04341580128387189,1.0416962875456426,0.3939393939393939,0.1002666944654383,10
iid14,fwd_mid_30s,345339,20,0.021674414259639188,0.00020074221458211966,-0.01965513476446232,0.05358500266027392,-0.36680290731858006,-0.10303030303030303,0.1002666944654383,10
iid14,fwd_micro_30s,345339,20,0.01003250912807583,0.016181776301907744,0.007636033416879612,0.05387350427922613,0.1417400542073908,-0.11515151515151514,0.1002666944654383,10
iid14,fwd_mid_60s,345339,20,0.05163469813512181,0.1334014096405526,0.08201350142377203,0.130852284692651,0.6267640004636321,0.4666666666666666,0.1002666944654383,10
iid14,fwd_micro_60s,345339,20,0.044873870441020494,0.1431950743627797,0.09835543489766338,0.13552643159428202,0.7257288024236085,0.49090909090909085,0.1002666944654383,10
iid15,fwd_mid_100ms,345339,20,-0.0012821696964698199,-0.004202555574015203,-0.0028942661737440417,0.003282903647761919,-0.8816177641147567,-0.13939393939393938,0.10022905029550673,10
iid15,fwd_micro_100ms,345339,20,-0.002118307491454767,-0.00269636196223813,-0.0006937024053798625,0.006400257129113671,-0.10838664625274654,0.0303030303030303,0.10022905029550673,10
iid15,fwd_mid_300ms,345339,20,-0.0014092076017635004,-0.005071249240273594,-0.003664170706108575,0.006372905969747129,-0.574960735887645,-0.309090909090909,0.10022905029550673,10
iid15,fwd_micro_300ms,345339,20,0.0012131297340901566,-0.0001997622835452953,-0.0014844525472747733,0.009143305348373891,-0.16235403836084056,-0.19999999999999998,0.10022905029550673,10
iid15,fwd_mid_500ms,345339,20,-0.0015512480923684693,-0.0036918104908810817,-0.0020868543930279717,0.008624557147867282,-0.24196655634011516,-0.4424242424242424,0.10022905029550673,10
iid15,fwd_micro_500ms,345339,20,0.0021330210023882846,-0.0021170621648377865,-0.004283002060494409,0.013690015170812272,-0.31285590315677386,-0.22424242424242422,0.10022905029550673,10
iid15,fwd_mid_1s,345339,20,0.0003219606824919121,0.0021313713661616322,0.0020615984046587392,0.0184155650428391,0.11194869122196133,-0.22424242424242422,0.10022905029550673,10
iid15,fwd_micro_1s,345339,20,0.007083020569303191,0.013931722548222713,0.007197584146924438,0.020287614550682856,0.3547772523449375,0.12727272727272726,0.10022905029550673,10
iid15,fwd_mid_3s,345339,20,0.003885056523270634,0.029276047853497914,0.027074159729034354,0.030775944107098583,0.8797182512035301,0.23636363636363633,0.10022905029550673,10
iid15,fwd_micro_3s,345339,20,0.01650212603222997,0.0355312445010537,0.020496798478171645,0.029432953003335736,0.6963894678134631,0.22424242424242422,0.10022905029550673,10
iid15,fwd_mid_5s,345339,20,0.0044189873005709675,0.03593808809519095,0.03326150634818279,0.0392348692038989,0.8477537206846986,-0.16363636363636364,0.10022905029550673,10
iid15,fwd_micro_5s,345339,20,0.013581565511217515,0.04610610728247725,0.03394743145480985,0.041733814050340594,0.8134274862551845,-0.23636363636363633,0.10022905029550673,10
iid15,fwd_mid_10s,345339,20,-0.0011715356250038757,0.005075752951726674,0.00921328303519291,0.04671700523008223,0.19721476130195628,-0.3696969696969697,0.10022905029550673,10
iid15,fwd_micro_10s,345339,20,-0.0028213624792801746,-0.006127330887333705,-0.00033945754892369603,0.04614008172149981,-0.007357107665579179,-0.43030303030303024,0.10022905029550673,10
iid15,fwd_mid_30s,345339,20,0.027496810176920492,0.07312068426952827,0.04986928086629513,0.051301060201425,0.9720906482340087,-0.07878787878787878,0.10022905029550673,10
iid15,fwd_micro_30s,345339,20,0.035872867919180824,0.06878863525308333,0.03679463148077675,0.05117288305061179,0.7190259623321509,-0.07878787878787878,0.10022905029550673,10
iid15,fwd_mid_60s,345339,20,0.10153449289615041,0.04617468421344244,-0.05015174584351121,0.0986430836774527,-0.508416241401166,-0.5030303030303029,0.10022905029550673,10
iid15,fwd_micro_60s,345339,20,0.1073615577186937,0.0502705792417335,-0.05217608330143223,0.09813533715691328,-0.5316747749896187,-0.43030303030303024,0.10022905029550673,10
iid16,fwd_mid_100ms,345339,20,-0.0047456163971846994,0.0009626500061517477,0.00565728319587967,0.004046253525242132,1.3981534178684791,0.6727272727272726,0.10047228954737229,10
iid16,fwd_micro_100ms,345339,20,-0.0057287297696351856,0.0005855744747614121,0.006462771396452382,0.005190192598122543,1.2451891282011713,0.6727272727272726,0.10047228954737229,10
iid16,fwd_mid_300ms,345339,20,-0.0035466143130515075,0.0018024519146040508,0.005061690236986103,0.004519915289608049,1.1198639604206024,0.7454545454545454,0.10047228954737229,10
iid16,fwd_micro_300ms,345339,20,-0.006883149598981088,-0.002722076669836802,0.003954846191024691,0.006553230928000461,0.6034956244448118,0.41818181818181815,0.10047228954737229,10
iid16,fwd_mid_500ms,345339,20,-0.010358111440698953,0.0033667006063083454,0.013688089881679178,0.008359915600666248,1.6373478555917835,0.8666666666666665,0.10047228954737229,10
iid16,fwd_micro_500ms,345339,20,-0.010104767682095407,0.0006385147454901794,0.010827918454398008,0.010757434507395094,1.0065521149075516,0.5515151515151515,0.10047228954737229,10
iid16,fwd_mid_1s,345339,20,-0.009637395913287534,0.013831108069190077,0.023607593525138873,0.011568506920504332,2.040677650742996,0.33333333333333326,0.10047228954737229,10
iid16,fwd_micro_1s,345339,20,-0.002418220487289367,0.01295923651526063,0.016017989072629087,0.014243781965133935,1.124560114149323,0.3939393939393939,0.10047228954737229,10
iid16,fwd_mid_3s,345339,20,0.0010719930251713932,-0.0039624601745277925,-0.004295247072393741,0.023889945342875186,-0.1797930891321496,0.01818181818181818,0.10047228954737229,10
iid16,fwd_micro_3s,345339,20,0.017445372807857372,0.011544754947093904,-0.0050627461179232145,0.029962781858966607,-0.16896782621030718,-0.09090909090909088,0.10047228954737229,10
iid16,fwd_mid_5s,345339,20,0.004675011743254802,-0.005378790342287587,-0.009198668080605116,0.033454482278040626,-0.2749607064355344,-0.23636363636363633,0.10047228954737229,10
iid16,fwd_micro_5s,345339,20,0.016633239708822883,0.0021899701982977028,-0.013349316230513103,0.03594706529149154,-0.37136039123819126,-0.24848484848484845,0.10047228954737229,10
iid16,fwd_mid_10s,345339,20,0.0022641082691930003,-0.01825451666845335,-0.01921410585680237,0.04597541729289691,-0.417921293338014,-0.3939393939393939,0.10047228954737229,10
iid16,fwd_micro_10s,345339,20,0.010757165172100496,-0.02224984353955636,-0.03152237844896857,0.04536919130220474,-0.6947970096931554,-0.43030303030303024,0.10047228954737229,10
iid16,fwd_mid_30s,345339,20,0.06646208004383686,-0.02214436623499037,-0.08914969318829537,0.08413368276040432,-1.0596195276768714,-0.41818181818181815,0.10047228954737229,10
iid16,fwd_micro_30s,345339,20,0.07789057745249627,-0.025046574448380435,-0.1033579625875725,0.0825245747904429,-1.252450713621154,-0.3939393939393939,0.10047228954737229,10
iid16,fwd_mid_60s,345339,20,0.04990052778998778,0.012269584009742596,-0.03676219135749729,0.10311851506968503,-0.3565042740642093,-0.5272727272727272,0.10047228954737229,10
iid16,fwd_micro_60s,345339,20,0.06470207288323948,0.018678150300730226,-0.04514457955878153,0.10097869885425724,-0.44707032345444253,-0.6363636363636362,0.10047228954737229,10
iid17,fwd_mid_100ms,345339,20,-0.0026993902486169108,-0.00122643056485591,0.0012400026210391871,0.0038070443899578827,0.32571267734887255,0.49090909090909085,0.1003275042784047,10
iid17,fwd_micro_100ms,345339,20,0.0006612088683379489,-0.002448008481007237,-0.0029969862986195333,0.005549620794802494,-0.5400344292760265,-0.41818181818181815,0.1003275042784047,10
iid17,fwd_mid_300ms,345339,20,-0.0016312824539660513,-0.0036994785865141094,-0.0023671246901815894,0.005661674687965219,-0.41809620309222034,-0.13939393939393938,0.1003275042784047,10
iid17,fwd_micro_300ms,345339,20,0.003754552513125886,-0.014223101048777635,-0.01822009979553059,0.007995171142541634,-2.2788880276224446,-0.5636363636363636,0.1003275042784047,10
iid17,fwd_mid_500ms,345339,20,-0.004159588303672128,-0.0033207572561775203,0.0007689161837493597,0.006659048026228762,0.11546938552188551,0.10303030303030303,0.1003275042784047,10
iid17,fwd_micro_500ms,345339,20,0.003341878536864286,-0.007787001981573828,-0.011326255255697311,0.011011939716392942,-1.0285431583716775,-0.7939393939393938,0.1003275042784047,10
iid17,fwd_mid_1s,345339,20,-0.0065502699066112965,-0.009356372283288722,-0.0028076256507558795,0.011817241948611305,-0.23758721899451468,-0.4666666666666666,0.1003275042784047,10
iid17,fwd_micro_1s,345339,20,0.008888994195258603,-0.00721729639189157,-0.016366872920599945,0.01591888143100374,-1.0281421462643534,-0.7333333333333332,0.1003275042784047,10
iid17,fwd_mid_3s,345339,20,0.001904284767324915,0.005135494206855439,0.0035567564206286503,0.022661551865096052,0.15695114093694812,0.1515151515151515,0.1003275042784047,10
iid17,fwd_micro_3s,345339,20,0.016425010919581796,0.010229892694713603,-0.006300598872112198,0.02421937203479237,-0.2601470782587205,-0.29696969696969694,0.1003275042784047,10
iid17,fwd_mid_5s,345339,20,-0.005797192380917638,0.028327392069739787,0.03474702675326634,0.03241011871026774,1.0721042728627295,0.35757575757575755,0.1003275042784047,10
iid17,fwd_micro_5s,345339,20,0.0005262757469291897,0.02464605556962485,0.02505653864184801,0.02874947328529431,0.8715477460473935,0.19999999999999998,0.1003275042784047,10
iid17,fwd_mid_10s,345339,20,0.005849907674001195,0.0676833622413905,0.06277467305943646,0.046324655328276614,1.3551028629266182,0.16363636363636364,0.1003275042784047,10
iid17,fwd_micro_10s,345339,20,0.012351241284851856,0.06651599284913348,0.055510774392887444,0.04910027231685293,1.1305593996437817,-0.12727272727272726,0.1003275042784047,10
iid17,fwd_mid_30s,345339,20,0.013839050769624085,0.07144198337434893,0.052966227703009884,0.07081096394526068,0.7479947278214516,0.5878787878787878,0.1003275042784047,10
iid17,fwd_micro_30s,345339,20,0.027575549448074044,0.0600373434649872,0.02755078316822418,0.07512525901393798,0.366731290245704,0.3696969696969697,0.1003275042784047,10
iid17,fwd_mid_60s,345339,20,0.09926601651423708,0.004485537679729805,-0.10214603219404514,0.11442843181281935,-0.8926630434045831,-0.16363636363636364,0.1003275042784047,10
iid17,fwd_micro_60s,345339,20,0.1034478795808076,-0.008104006083535368,-0.11933479616479728,0.1171630712487842,-1.0185359165892949,-0.16363636363636364,0.1003275042784047,10
iid18,fwd_mid_100ms,345339,20,-0.002982042867983808,-0.003070575414074973,-0.00006485876892250429,0.002512165782701933,-0.025817869731808118,-0.11515151515151514,0.10035935703757756,10
iid18,fwd_micro_100ms,345339,20,-0.0037241873891222985,-0.003566790344114973,0.00017175181304201472,0.0059266052107300495,0.028979796516741166,0.0303030303030303,0.10035935703757756,10
iid18,fwd_mid_300ms,345339,20,-0.001777156005096209,-0.0026905603836401455,-0.0008695782043970698,0.004202033225612763,-0.2069422485992512,0.06666666666666665,0.10035935703757756,10
iid18,fwd_micro_300ms,345339,20,-0.00422675702012562,-0.002431120450734892,0.0015834426245745256,0.007369229497189149,0.2148722095272646,-0.10303030303030303,0.10035935703757756,10
iid18,fwd_mid_500ms,345339,20,-0.006687229225232904,-0.004350266725634562,0.002120864383440348,0.006364685753628803,0.33322373885170137,0.3939393939393939,0.10035935703757756,10
iid18,fwd_micro_500ms,345339,20,-0.01019176624105413,-0.001850886667161658,0.007903816144577299,0.011839254838932159,0.6675940548712932,0.2121212121212121,0.10035935703757756,10
iid18,fwd_mid_1s,345339,20,0.00177571297572711,-0.010968039290846828,-0.013324004902437328,0.014022685228067986,-0.9501749975652188,-0.32121212121212117,0.10035935703757756,10
iid18,fwd_micro_1s,345339,20,0.00423176303323314,-0.00012022508166346461,-0.005410893041592485,0.016901038018758606,-0.3201515217933294,0.06666666666666665,0.10035935703757756,10
iid18,fwd_mid_3s,345339,20,0.022992474902061164,0.021337343721591816,-0.0015767489176210486,0.029296983661716174,-0.05381949677234059,-0.17575757575757575,0.10035935703757756,10
iid18,fwd_micro_3s,345339,20,0.024779415505652852,0.03256809041791317,0.007529790389022792,0.031018252940381564,0.2427535297843943,-0.006060606060606061,0.10035935703757756,10
iid18,fwd_mid_5s,345339,20,0.02319931969528272,0.024358949003665625,0.001153948427922089,0.029874947322994314,0.03862595690784404,0.12727272727272726,0.10035935703757756,10
iid18,fwd_micro_5s,345339,20,0.014954723498345486,0.0288254949438832,0.01427903536653682,0.03443340106025135,0.41468559383812986,0.18787878787878787,0.10035935703757756,10
iid18,fwd_mid_10s,345339,20,0.02151354489812801,0.030805818697595494,0.009030498602487388,0.03523892238395876,0.2562648909660811,-0.04242424242424241,0.10035935703757756,10
iid18,fwd_micro_10s,345339,20,0.012493189118537452,0.04447475897140451,0.0317247140628482,0.039799245149622256,0.7971184866341443,0.309090909090909,0.10035935703757756,10
iid18,fwd_mid_30s,345339,20,0.058015769830852264,0.1186659093193973,0.060867695290001377,0.07192777866556159,0.8462334916946951,0.006060606060606061,0.10035935703757756,10
iid18,fwd_micro_30s,345339,20,0.05849403521373959,0.1251398814633574,0.06725310600202702,0.06786543885064929,0.9909772505859747,0.006060606060606061,0.10035935703757756,10
iid18,fwd_mid_60s,345339,20,0.08932741353722545,0.19630445536681665,0.10549591762387053,0.1263541230042297,0.834922637390622,0.17575757575757575,0.10035935703757756,10
iid18,fwd_micro_60s,345339,20,0.08255758812051177,0.19172574341787885,0.10820170965341139,0.12567290591254326,0.8609788153439356,0.17575757575757575,0.10035935703757756,10
iid19,fwd_mid_100ms,345339,20,-0.0012727028288083623,-0.0006142388684432477,0.0007819024111374483,0.0036532537106042625,0.2140290472758101,0.1515151515151515,0.10043174967206137,10
iid19,fwd_micro_100ms,345339,20,-0.0008183605402747845,0.000547393430590828,0.001429325408130606,0.007049065057168234,0.2027680829356394,-0.07878787878787878,0.10043174967206137,10
iid19,fwd_mid_300ms,345339,20,-0.002280816069400161,0.00068255037605122,0.002970633647707404,0.004891987101328642,0.6072447833929474,0.2606060606060606,0.10043174967206137,10
iid19,fwd_micro_300ms,345339,20,0.00015976341401848374,-0.00012455257117613834,-0.00045343941481177947,0.008669375572813394,-0.05230358415128956,0.3939393939393939,0.10043174967206137,10
iid19,fwd_mid_500ms,345339,20,-0.004072319295682823,0.0016366827127219982,0.005778043549293756,0.005172373324866098,1.1170971595410388,0.709090909090909,0.10043174967206137,10
iid19,fwd_micro_500ms,345339,20,0.0018447888283636077,0.008196951965658788,0.005809506253136529,0.010490265511741382,0.5537997342997806,0.5151515151515151,0.10043174967206137,10
iid19,fwd_mid_1s,345339,20,-0.0034784583221869753,0.0011793163075011458,0.005281713603796878,0.010731853802475997,0.4921529589397043,0.24848484848484845,0.10043174967206137,10
iid19,fwd_micro_1s,345339,20,0.005432695038953026,0.007806245720281013,0.002135310668729355,0.015657132631638766,0.13637942009985138,0.4666666666666666,0.10043174967206137,10
iid19,fwd_mid_3s,345339,20,-0.005360722910090962,0.011097560676041751,0.016993052989858776,0.017767537683756777,0.9564101279714161,0.23636363636363633,0.10043174967206137,10
iid19,fwd_micro_3s,345339,20,0.006191847621403859,0.025438700074192744,0.019294689051807555,0.020748990837563836,0.9299097581592536,0.43030303030303024,0.10043174967206137,10
iid19,fwd_mid_5s,345339,20,0.0109666385212216,0.033202137183938864,0.022709561307784308,0.032394598075612874,0.7010292658911054,0.5272727272727272,0.10043174967206137,10
iid19,fwd_micro_5s,345339,20,0.023067273115741985,0.03997897081061283,0.01754879515520839,0.031916048085561206,0.5498423585577767,0.35757575757575755,0.10043174967206137,10
iid19,fwd_mid_10s,345339,20,-0.011172863182667726,0.029287138062236664,0.04017516365828906,0.03931133800404901,1.0219739570846222,0.49090909090909085,0.10043174967206137,10
iid19,fwd_micro_10s,345339,20,-0.00887443970373362,0.03825670559895162,0.04680530037760587,0.03875436778103893,1.2077425863854747,0.4787878787878787,0.10043174967206137,10
iid19,fwd_mid_30s,345339,20,0.029207861864389135,0.006771769986717342,-0.024291126783715745,0.09260017318374181,-0.26232269280443027,0.32121212121212117,0.10043174967206137,10
iid19,fwd_micro_30s,345339,20,0.03890067179211887,0.012402419265468331,-0.028587876926080065,0.09296214762991908,-0.3075216919459302,0.38181818181818183,0.10043174967206137,10
iid19,fwd_mid_60s,345339,20,0.013912873945486086,0.03479860492679318,0.020108888105761693,0.12584889427005527,0.1597859736662497,0.04242424242424241,0.10043174967206137,10
iid19,fwd_micro_60s,345339,20,0.022850269388981652,0.04630774350075646,0.022717825884408082,0.12222378976243053,0.18587073701908027,0.09090909090909088,0.10043174967206137,10
iid20,fwd_mid_100ms,345339,20,-0.0033130595635873237,-0.0015726180137691015,0.0016291269810064066,0.0032885925112322244,0.49538730488563276,0.41818181818181815,0.10019140612557516,10
iid20,fwd_micro_100ms,345339,20,-0.001929618076143341,0.005216520396286312,0.006839673427938918,0.004936314347179065,1.385583037645801,0.5151515151515151,0.10019140612557516,10
iid20,fwd_mid_300ms,345339,20,-0.00472614578985241,0.005376685502022559,0.009869104331298685,0.008787242693861217,1.1231173048393506,0.34545454545454546,0.10019140612557516,10
iid20,fwd_micro_300ms,345339,20,-0.006332707263174592,0.008732561171821446,0.014736718719725279,0.010057813360481496,1.4652010523110155,0.5515151515151515,0.10019140612557516,10
iid20,fwd_mid_500ms,345339,20,-0.005447681847213438,0.002761432714241102,0.007840566757888285,0.010978251318902808,0.714190860650828,0.5757575757575757,0.10019140612557516,10
iid20,fwd_micro_500ms,345339,20,-0.012650044665505336,-0.0003242588889154075,0.011648540226470836,0.012403510183333723,0.9391325563728468,0.6727272727272726,0.10019140612557516,10
iid20,fwd_mid_1s,345339,20,-0.006707153854285755,0.007632443697626978,0.013579098333267883,0.012349383411588406,1.09957702993702,0.6,0.10019140612557516,10
iid20,fwd_micro_1s,345339,20,-0.012582609544305054,0.013165670756675022,0.02504349825940766,0.01326555699208279,1.887858781531317,0.5393939393939393,0.10019140612557516,10
iid20,fwd_mid_3s,345339,20,0.005010801600656906,0.02430071813512952,0.019015061349508523,0.020415198052955972,0.931416942426149,0.10303030303030303,0.10019140612557516,10
iid20,fwd_micro_3s,345339,20,0.003954878631658329,0.03210100614660753,0.02797729113197463,0.02250300931463995,1.243268877544002,0.41818181818181815,0.10019140612557516,10
iid20,fwd_mid_5s,345339,20,0.0033894931255206164,0.0378531500544862,0.0342758230894241,0.028777413559863827,1.1910668419912818,0.6484848484848483,0.10019140612557516,10
iid20,fwd_micro_5s,345339,20,-0.004430881129899313,0.03661531432622603,0.040978919876840186,0.031054475902944745,1.3195817570682091,0.6606060606060605,0.10019140612557516,10
iid20,fwd_mid_10s,345339,20,0.039083406261892675,0.037380070085236146,-0.0017566050403680985,0.02968009120329443,-0.05918462407464297,-0.006060606060606061,0.10019140612557516,10
iid20,fwd_micro_10s,345339,20,0.031039307124880226,0.04358120741487032,0.012375091951816297,0.03453376285130063,0.3583476264982291,0.24848484848484845,0.10019140612557516,10
iid20,fwd_mid_30s,345339,20,0.15549395909465338,0.056001715293349026,-0.10273289420337313,0.07495145134930763,-1.370659171422731,-0.2727272727272727,0.10019140612557516,10
iid20,fwd_micro_30s,345339,20,0.14239587591892666,0.04502389369759857,-0.10055350067519438,0.07755856393866763,-1.296484818294352,-0.06666666666666665,0.10019140612557516,10
iid20,fwd_mid_60s,345339,20,0.2653730319570524,0.04166496397804113,-0.2310394082612353,0.09531151559530125,-2.4240450570762437,-0.34545454545454546,0.10019140612557516,10
iid20,fwd_micro_60s,345339,20,0.2637457617728823,0.045770300406097676,-0.22573910926371044,0.10019668071184296,-2.252959954960152,-0.22424242424242422,0.10019140612557516,10
iid21,fwd_mid_100ms,345339,20,0.00002129062716162448,0.0010705523412263148,0.0008523505535144905,0.003056095581508905,0.2789017983179879,-0.2606060606060606,0.10021457176860997,10
iid21,fwd_micro_100ms,345339,20,-0.0023243958452636784,0.0034120088811570326,0.005006717457848723,0.006021386706871966,0.8314891073404668,-0.04242424242424241,0.10021457176860997,10
iid21,fwd_mid_300ms,345339,20,-0.0016607068260226499,0.005773300330051621,0.007161876801550758,0.005891116590458862,1.215707869905341,0.2606060606060606,0.10021457176860997,10
iid21,fwd_micro_300ms,345339,20,-0.013531177739310951,0.009699516172511611,0.022409070483631017,0.01078434489601853,2.0779259843501685,0.09090909090909088,0.10021457176860997,10
iid21,fwd_mid_500ms,345339,20,0.0008994066861606017,0.0039359193926766164,0.0027634777568050634,0.007154865405548097,0.386237560061183,0.1515151515151515,0.10021457176860997,10
iid21,fwd_micro_500ms,345339,20,-0.01490266046356498,0.0013295172417311031,0.015587200914600526,0.01185166507914209,1.3151908031920898,0.2606060606060606,0.10021457176860997,10
iid21,fwd_mid_1s,345339,20,-0.008718103886905913,0.00012790832250300798,0.00826546956798524,0.011691305527512451,0.7069757563459961,0.2727272727272727,0.10021457176860997,10
iid21,fwd_micro_1s,345339,20,-0.023129449371407266,0.0034063588805444607,0.02516686881476001,0.017771137773043844,1.4161653089502455,0.18787878787878787,0.10021457176860997,10
iid21,fwd_mid_3s,345339,20,-0.015755554499447513,0.021112829493273033,0.03614846507003701,0.024627671615137132,1.4677987279893219,0.5515151515151515,0.10021457176860997,10
iid21,fwd_micro_3s,345339,20,-0.030779251822822123,0.026861284426511048,0.05613049194468994,0.0275768840623921,2.0354182081520134,0.41818181818181815,0.10021457176860997,10
iid21,fwd_mid_5s,345339,20,-0.009610803750287352,0.036141630258606346,0.04468253318884571,0.024300884673457625,1.8387204329910558,0.5151515151515151,0.10021457176860997,10
iid21,fwd_micro_5s,345339,20,-0.01810762732284599,0.030065820773986042,0.04613507712383814,0.027134543800710488,1.7002341171709745,0.41818181818181815,0.10021457176860997,10
iid21,fwd_mid_10s,345339,20,-0.0110134877991952,0.06422738770908712,0.07284218071376547,0.03792956331202374,1.920459250071945,0.8181818181818182,0.10021457176860997,10
iid21,fwd_micro_10s,345339,20,-0.021792717637767557,0.06128644762044646,0.08034343683805185,0.041613841171509215,1.9306902361385168,0.8181818181818182,0.10021457176860997,10
iid21,fwd_mid_30s,345339,20,0.030911766741572567,0.12929065119043454,0.09630916539388226,0.06501124218751413,1.4814232454764436,0.43030303030303024,0.10021457176860997,10
iid21,fwd_micro_30s,345339,20,0.02261213474904777,0.1295473617332237,0.103806373363366,0.06588977054070459,1.575455074611889,0.41818181818181815,0.10021457176860997,10
iid21,fwd_mid_60s,345339,20,0.059148938625760795,0.1876146092910088,0.12445615182527776,0.09549580467431967,1.303263030765853,0.19999999999999998,0.10021457176860997,10
iid21,fwd_micro_60s,345339,20,0.05371718377589033,0.19120437050333194,0.13311945011478976,0.09474714086160889,1.4049970152579998,0.2727272727272727,0.10021457176860997,10
iid22,fwd_mid_100ms,345339,20,-0.0028747520862174897,-0.00025139227824131423,0.002523277789919928,0.002589229947782291,0.9745282731961091,0.6969696969696969,0.100478080958131,10
iid22,fwd_micro_100ms,345339,20,-0.004914586160725381,0.0014245790603017562,0.006399890637673107,0.0030717567036902217,2.0834627397360825,0.34545454545454546,0.100478080958131,10
iid22,fwd_mid_300ms,345339,20,-0.007248754108553084,-0.000958327044517856,0.006269058060535496,0.0051853471986947584,1.2089948503570844,0.01818181818181818,0.100478080958131,10
iid22,fwd_micro_300ms,345339,20,-0.018029891263758233,0.004476847448353953,0.022500348890223256,0.008938115307314533,2.51734824586678,0.6363636363636362,0.100478080958131,10
iid22,fwd_mid_500ms,345339,20,-0.010446188519735831,-0.0047108238491264925,0.005793695228188811,0.006636755456655954,0.8729710271874423,0.0303030303030303,0.100478080958131,10
iid22,fwd_micro_500ms,345339,20,-0.010961072557251714,0.004867161375393144,0.0161335467563179,0.007737891951699646,2.0850054326196847,0.49090909090909085,0.100478080958131,10
iid22,fwd_mid_1s,345339,20,-0.01829106450998973,-0.012162135597152507,0.006328501713732412,0.013652433745628316,0.46354385098253115,-0.11515151515151514,0.100478080958131,10
iid22,fwd_micro_1s,345339,20,-0.013574486581631337,0.005376688215404264,0.019373361826120348,0.013460096248797609,1.439318223883501,0.2121212121212121,0.100478080958131,10
iid22,fwd_mid_3s,345339,20,0.0005468067944716244,0.012969915566497792,0.012268642081906655,0.021315599564189533,0.5755710527851219,0.2606060606060606,0.100478080958131,10
iid22,fwd_micro_3s,345339,20,0.01545468274353131,0.03338738452798478,0.018095503198574916,0.023007304884353673,0.7865112097888931,0.07878787878787878,0.100478080958131,10
iid22,fwd_mid_5s,345339,20,-0.008882793532718527,0.03828805750639393,0.04707060926905845,0.03520225888278601,1.3371474093691211,0.17575757575757575,0.100478080958131,10
iid22,fwd_micro_5s,345339,20,-0.012099944415504802,0.05002180414174085,0.06194261665164412,0.032094303790734774,1.9300190169423828,0.32121212121212117,0.100478080958131,10
iid22,fwd_mid_10s,345339,20,0.010301441938919678,0.05419841421878387,0.04342038405455744,0.03858215487109284,1.1254006988367977,0.1515151515151515,0.100478080958131,10
iid22,fwd_micro_10s,345339,20,-0.0002686631967005835,0.0735721853259522,0.07303817024588315,0.03928190381261648,1.8593337684011357,0.3696969696969697,0.100478080958131,10
iid22,fwd_mid_30s,345339,20,0.0482569064955008,0.08251705624214091,0.03493913469948849,0.06764039747184916,0.5165424214727536,0.09090909090909088,0.100478080958131,10
iid22,fwd_micro_30s,345339,20,0.047770976562711974,0.085929148303978,0.039058713599632165,0.06589369569182636,0.5927534218493852,0.16363636363636364,0.100478080958131,10
iid22,fwd_mid_60s,345339,20,0.11701896747045142,0.16011193595818213,0.04142530670300379,0.10216055783269783,0.405492174101511,0.35757575757575755,0.100478080958131,10
iid22,fwd_micro_60s,345339,20,0.10874649581868762,0.18267776819702033,0.07182307077549235,0.09985380905109617,0.7192822332770479,0.32121212121212117,0.100478080958131,10
iid23,fwd_mid_100ms,345339,20,-0.0032625964127613784,-0.000328361877189332,0.002813868844351894,0.00313014604774819,0.8989576848582437,0.3696969696969697,0.10023484170626544,10
iid23,fwd_micro_100ms,345339,20,0.002040500576875267,-0.003945953452716057,-0.006213522661502659,0.004053373915494302,-1.5329260983673476,-0.09090909090909088,0.10023484170626544,10
iid23,fwd_mid_300ms,345339,20,-0.0068174875598809165,-0.00146139923809014,0.005088213688046578,0.007746270114131348,0.6568598322906741,0.06666666666666665,0.10023484170626544,10
iid23,fwd_micro_300ms,345339,20,-0.008094586810328812,-0.009507242299786809,-0.001624605475866033,0.01113657546325521,-0.1458801658756203,0.38181818181818183,0.10023484170626544,10
iid23,fwd_mid_500ms,345339,20,-0.006706602146758484,-0.0030702565034405253,0.003478601344552623,0.006255789825218969,0.5560610956796112,0.22424242424242422,0.10023484170626544,10
iid23,fwd_micro_500ms,345339,20,-0.009603404693634797,-0.006763716558973664,0.002741306032877846,0.01086556165433616,0.2522930815807265,0.7333333333333332,0.10023484170626544,10
iid23,fwd_mid_1s,345339,20,0.0085722729974432,-0.009850098686151781,-0.018588830037295785,0.014933575296013975,-1.2447675569197056,-0.06666666666666665,0.10023484170626544,10
iid23,fwd_micro_1s,345339,20,0.016299517502994507,-0.00835620669667606,-0.025067653356984226,0.01783549066460161,-1.4054927800072474,0.11515151515151514,0.10023484170626544,10
iid23,fwd_mid_3s,345339,20,0.03142617570790006,-0.006106198729987962,-0.03832798593115764,0.02184955806996148,-1.7541767118782376,-0.0303030303030303,0.10023484170626544,10
iid23,fwd_micro_3s,345339,20,0.03674098139760928,-0.003001534342309918,-0.04049258240688442,0.02874443051140587,-1.408710546233186,0.09090909090909088,0.10023484170626544,10
iid23,fwd_mid_5s,345339,20,0.05723400592373521,-0.00130445483366157,-0.05896251834868656,0.026278060386969723,-2.24379263463158,-0.006060606060606061,0.10023484170626544,10
iid23,fwd_micro_5s,345339,20,0.049189914249070925,-0.005521675117962862,-0.054803824524228814,0.029616086342499792,-1.8504749037547212,0.006060606060606061,0.10023484170626544,10
iid23,fwd_mid_10s,345339,20,0.06575614674607172,-0.026156956713407713,-0.09273508175908324,0.029968827172324675,-3.094384749387902,-0.2727272727272727,0.10023484170626544,10
iid23,fwd_micro_10s,345339,20,0.05978461960258582,-0.0233895224795452,-0.08377402251985679,0.03302076205686036,-2.5370105746076197,-0.2727272727272727,0.10023484170626544,10
iid23,fwd_mid_30s,345339,20,0.06668801796648739,-0.00420423005888308,-0.07333368838747598,0.06787293188567173,-1.0804555859028249,0.04242424242424241,0.10023484170626544,10
iid23,fwd_micro_30s,345339,20,0.06520295095436301,-0.009032860134158101,-0.07694706025020218,0.06785331231552325,-1.134020692938206,-0.0303030303030303,0.10023484170626544,10
iid23,fwd_mid_60s,345339,20,0.1515219295508018,-0.01825682616409503,-0.17524507187456062,0.10000753022488262,-1.752318765201926,-0.3939393939393939,0.10023484170626544,10
iid23,fwd_micro_60s,345339,20,0.13837240636876824,-0.01686277313829663,-0.16085523716864814,0.09783092748648926,-1.6442166225078743,-0.38181818181818183,0.10023484170626544,10
iid24,fwd_mid_100ms,345339,20,-0.001478194807509844,-0.0011991495980390734,0.0004110260295495446,0.003055803362057062,0.13450670113565683,-0.10303030303030303,0.10035646133219822,10
iid24,fwd_micro_100ms,345339,20,-0.005841475219101821,0.000873192317615004,0.006931765151244945,0.00610482060088298,1.1354576333074158,0.0303030303030303,0.10035646133219822,10
iid24,fwd_mid_300ms,345339,20,-0.000925066909791547,-0.0006772264757965702,0.000575815845348804,0.005733241262717467,0.10043460914391666,0.19999999999999998,0.10035646133219822,10
iid24,fwd_micro_300ms,345339,20,-0.005958467549205154,-0.005305599636669175,0.0009413383999732579,0.008655083790806517,0.10876132718358583,0.18787878787878787,0.10035646133219822,10
iid24,fwd_mid_500ms,345339,20,-0.0009468708910973177,-0.0018114707688497034,-0.00042257180719272125,0.00668223696095117,-0.06323807576146942,0.13939393939393938,0.10035646133219822,10
iid24,fwd_micro_500ms,345339,20,-0.006386334464436579,-0.004676170377694429,0.0021443505074265853,0.006098226549477759,0.3516351007999569,0.2121212121212121,0.10035646133219822,10
iid24,fwd_mid_1s,345339,20,-0.00045573627931113736,0.002903464690571478,0.0038207685694834305,0.007511458763992115,0.5086586626554024,0.4787878787878787,0.10035646133219822,10
iid24,fwd_micro_1s,345339,20,-0.002091564531315196,0.0051560245201886165,0.007617110552768064,0.008938874839618754,0.8521330356934426,0.3939393939393939,0.10035646133219822,10
iid24,fwd_mid_3s,345339,20,0.008905403865653645,0.01710014711533697,0.008871960499379168,0.01437234421805768,0.6172939059052226,0.4666666666666666,0.10035646133219822,10
iid24,fwd_micro_3s,345339,20,0.00860066500520775,0.01680671111716999,0.00873205060339011,0.016122847860027836,0.5415948025558702,0.32121212121212117,0.10035646133219822,10
iid24,fwd_mid_5s,345339,20,0.025736380542312885,0.03041461192546198,0.005638105713428229,0.027424938805539048,0.2055831647759044,0.38181818181818183,0.10035646133219822,10
iid24,fwd_micro_5s,345339,20,0.02161229231265762,0.011839828987936521,-0.00859395667388083,0.029778533171969095,-0.28859570161670783,-0.07878787878787878,0.10035646133219822,10
iid24,fwd_mid_10s,345339,20,0.0088885326155243,0.0409143626972502,0.03200388473345977,0.047156565994988235,0.678672928322667,0.8545454545454544,0.10035646133219822,10
iid24,fwd_micro_10s,345339,20,-0.0011192788221117385,0.029288163922212326,0.03047422473345764,0.04794899272991172,0.6355550554547332,0.6969696969696969,0.10035646133219822,10
iid24,fwd_mid_30s,345339,20,-0.006388774752296837,0.12822143196144883,0.13700335472278433,0.09658291572694706,1.4185050605648652,0.7454545454545454,0.10035646133219822,10
iid24,fwd_micro_30s,345339,20,-0.02906569811608812,0.11979228091925802,0.15105536679677775,0.09998819622341656,1.5107319913968165,0.7818181818181817,0.10035646133219822,10
iid24,fwd_mid_60s,345339,20,0.05147781965213394,0.12943787810398374,0.08465840726692288,0.11155565361778158,0.7588894378852765,0.6121212121212121,0.10035646133219822,10
iid24,fwd_micro_60s,345339,20,0.03679713627020365,0.12321754067105062,0.09328723368071318,0.11452657635697562,0.8145466026150987,0.5878787878787878,0.10035646133219822,10
iid25,fwd_mid_100ms,345339,20,-0.0013984434789429654,0.0011593385532407648,0.002559645766408585,0.002704759891929052,0.9463486108495307,0.3696969696969697,0.10042306255592331,10
iid25,fwd_micro_100ms,345339,20,-0.0019820997053537825,0.005409939747696149,0.00733918856013224,0.005724698034822672,1.2820219539072297,0.4545454545454545,0.10042306255592331,10
iid25,fwd_mid_300ms,345339,20,0.0011076882089438283,0.004708674442531026,0.0038388956364528103,0.004697375780966015,0.8172426085237195,0.2727272727272727,0.10042306255592331,10
iid25,fwd_micro_300ms,345339,20,-0.00346403520107625,0.006275836355543196,0.010126278678126375,0.008325770824671673,1.2162571960447526,0.3939393939393939,0.10042306255592331,10
iid25,fwd_mid_500ms,345339,20,0.0004832925327398835,0.003692325609446399,0.003342710505984228,0.007319294584022679,0.4566984519629864,0.06666666666666665,0.10042306255592331,10
iid25,fwd_micro_500ms,345339,20,-0.010611790069818303,0.006298592885721482,0.016920291279986267,0.010413016994732077,1.6249172827189475,0.3939393939393939,0.10042306255592331,10
iid25,fwd_mid_1s,345339,20,0.0006343115966204308,0.006362537647868747,0.006091157048443384,0.012026518339543211,0.5064771762261111,-0.11515151515151514,0.10042306255592331,10
iid25,fwd_micro_1s,345339,20,-0.0031066602598455277,0.02172041882686755,0.02463269984214008,0.019270885960372998,1.2782339064634942,0.24848484848484845,0.10042306255592331,10
iid25,fwd_mid_3s,345339,20,0.01002561405748876,0.01964036031885368,0.009692403060790195,0.023149207398325405,0.4186926530146054,0.19999999999999998,0.10042306255592331,10
iid25,fwd_micro_3s,345339,20,0.01357827273834271,0.03420768792722451,0.019525148484639317,0.026263042980649208,0.7434457804080655,0.4424242424242424,0.10042306255592331,10
iid25,fwd_mid_5s,345339,20,0.013978193939218906,0.01642636569487446,0.0035969526907697245,0.026959394367077873,0.13342112370158551,0.0303030303030303,0.10042306255592331,10
iid25,fwd_micro_5s,345339,20,0.01521561049414605,0.015974065877186378,0.0013754733108398642,0.030975453809911683,0.04440526745082693,0.4424242424242424,0.10042306255592331,10
iid25,fwd_mid_10s,345339,20,0.009951039650618776,0.020663929743832302,0.01349875694643263,0.04784851949586559,0.28211441207912413,0.0303030303030303,0.10042306255592331,10
iid25,fwd_micro_10s,345339,20,0.00581976909110913,0.021801556756931625,0.01824666069778013,0.051202615753073694,0.3563618856070802,0.16363636363636364,0.10042306255592331,10
iid25,fwd_mid_30s,345339,20,-0.013123451741617264,0.08632716020174407,0.1008860591752206,0.07332760811038275,1.3758264012014834,0.19999999999999998,0.10042306255592331,10
iid25,fwd_micro_30s,345339,20,-0.011919599113443166,0.08188085587252632,0.09477330824408065,0.07552920643675466,1.254790202561446,0.3696969696969697,0.10042306255592331,10
iid25,fwd_mid_60s,345339,20,0.009926885318873415,0.06990299480400347,0.06833414429675325,0.09703065760962555,0.7042531296827408,0.006060606060606061,0.10042306255592331,10
iid25,fwd_micro_60s,345339,20,0.014207000178874494,0.07792880099855302,0.07150360760165153,0.10069191096147316,0.7101226594955607,0.06666666666666665,0.10042306255592331,10
iid26,fwd_mid_100ms,345339,20,-0.0017498104182236329,-0.005083460739209552,-0.0033438095207922866,0.0025390701792533904,-1.3169425359386988,-0.2121212121212121,0.1003941055021298,10
iid26,fwd_micro_100ms,345339,20,-0.002539676453152907,-0.00484219363356973,-0.002718032901657449,0.005258861786845475,-0.5168481340308925,-0.22424242424242422,0.1003941055021298,10
iid26,fwd_mid_300ms,345339,20,-0.0009451509050647594,-0.0032349975349590123,-0.002479132292810827,0.006614880631778682,-0.3747811080521661,-0.1515151515151515,0.1003941055021298,10
iid26,fwd_micro_300ms,345339,20,0.0010795641473313397,-0.012068279291097063,-0.013578132671467394,0.006084719799051358,-2.2315132199816827,-0.33333333333333326,0.1003941055021298,10
iid26,fwd_mid_500ms,345339,20,-0.001534632278864913,0.0012193423736648738,0.002617294983985657,0.006569119886866629,0.3984239942428676,0.0303030303030303,0.1003941055021298,10
iid26,fwd_micro_500ms,345339,20,-0.000324110418204004,-0.005027460508635444,-0.0048211999378352105,0.01266301094851101,-0.3807309302217823,-0.01818181818181818,0.1003941055021298,10
iid26,fwd_mid_1s,345339,20,0.008123989320386807,0.009434638277247427,0.0017288570013191326,0.011630067654357359,0.1486540794688665,0.33333333333333326,0.1003941055021298,10
iid26,fwd_micro_1s,345339,20,0.01420122798238874,0.012637091121083945,-0.0010022547496456083,0.016567902715032466,-0.06049376115277632,0.06666666666666665,0.1003941055021298,10
iid26,fwd_mid_3s,345339,20,0.001973724559391074,0.00037734508614587663,-0.0013739002638993264,0.016107567758370654,-0.08529532729641001,0.22424242424242422,0.1003941055021298,10
iid26,fwd_micro_3s,345339,20,0.007625474674272596,0.0018002764198798546,-0.0051573341044864815,0.018810555038521075,-0.27417235131685735,0.23636363636363633,0.1003941055021298,10
iid26,fwd_mid_5s,345339,20,0.003195754657374171,0.008525360594145976,0.006081191488323019,0.026144381492877032,0.23260031949808502,0.5757575757575757,0.1003941055021298,10
iid26,fwd_micro_5s,345339,20,-0.0072690255899440686,0.011029146255852482,0.019001927833841657,0.029170906746315138,0.6513999718655292,0.6363636363636362,0.1003941055021298,10
iid26,fwd_mid_10s,345339,20,-0.004915709740375353,0.028897795019218457,0.034211868622348,0.02288681560483606,1.4948286914636966,0.6363636363636362,0.1003941055021298,10
iid26,fwd_micro_10s,345339,20,-0.005458792374708951,0.0306197788317337,0.03612574198094053,0.026165931965850785,1.3806403696259824,0.709090909090909,0.1003941055021298,10
iid26,fwd_mid_30s,345339,20,0.05801598592406103,0.0345375595232412,-0.021540141733931466,0.06665726766103833,-0.32314768501262525,0.11515151515151514,0.1003941055021298,10
iid26,fwd_micro_30s,345339,20,0.05524214031157382,0.029343431468184467,-0.02392796756856111,0.06756745446193362,-0.35413451282291136,0.0303030303030303,0.1003941055021298,10
iid26,fwd_mid_60s,345339,20,0.07400506663579792,0.08724134036100852,0.017298118390433458,0.09101888677233178,0.19004976883206395,-0.04242424242424241,0.1003941055021298,10
iid26,fwd_micro_60s,345339,20,0.06139063405386663,0.09357643920281777,0.036026910605064445,0.09413531215945369,0.3827140929223167,0.0303030303030303,0.1003941055021298,10
iid27,fwd_mid_100ms,345339,20,0.0005059739565012223,-0.00016476205380494847,-0.0006161486997356164,0.0021357475070815585,-0.2884932313827523,0.006060606060606061,0.10042306255592331,10
iid27,fwd_micro_100ms,345339,20,-0.0006590990004210748,-0.0005303224499801856,0.00009927730049210329,0.005809165209508303,0.017089770545621354,0.07878787878787878,0.10042306255592331,10
iid27,fwd_mid_300ms,345339,20,-0.0010382643252583818,-0.0025959518359271573,-0.001576753721547762,0.004430811329212769,-0.35586117403647316,-0.5515151515151515,0.10042306255592331,10
iid27,fwd_micro_300ms,345339,20,-0.0004549773094521343,-0.008784255661721772,-0.008454423479612169,0.009256157645381687,-0.9133836958611504,-0.5515151515151515,0.10042306255592331,10
iid27,fwd_mid_500ms,345339,20,-0.003197251040495462,-0.003553650572492137,-0.0005301985960493781,0.006736098958474435,-0.07871003667224262,-0.309090909090909,0.10042306255592331,10
iid27,fwd_micro_500ms,345339,20,-0.004671139790274908,-0.0014775775753578975,0.003224130744593936,0.01120304802382366,0.287790495741669,-0.16363636363636364,0.10042306255592331,10
iid27,fwd_mid_1s,345339,20,-0.0052489925972801,-0.0020868797933185665,0.0029601266867426796,0.011895897675433729,0.24883592373660463,-0.10303030303030303,0.10042306255592331,10
iid27,fwd_micro_1s,345339,20,0.0006181219462615195,0.008716134777132643,0.0080096659600318,0.012149421790451307,0.659263140104898,-0.19999999999999998,0.10042306255592331,10
iid27,fwd_mid_3s,345339,20,-0.011085747605627192,-0.006074290775664506,0.0046440686952193225,0.019550459842673874,0.2375426835271903,0.24848484848484845,0.10042306255592331,10
iid27,fwd_micro_3s,345339,20,0.00645695932985222,0.005355456239158374,-0.0015597364380264054,0.020436752300860266,-0.07632017137873466,0.24848484848484845,0.10042306255592331,10
iid27,fwd_mid_5s,345339,20,-0.00686548232017797,0.006748188589230431,0.013071180062607591,0.035754116873059204,0.3655853145251855,0.04242424242424241,0.10042306255592331,10
iid27,fwd_micro_5s,345339,20,-0.003701212588534946,0.014843832591570556,0.01789864592881154,0.036527750753907254,0.4900013156954916,0.09090909090909088,0.10042306255592331,10
iid27,fwd_mid_10s,345339,20,0.0014654329656407456,-0.0008736739699668129,-0.001703902337360922,0.041157708223556196,-0.04139934925690811,0.29696969696969694,0.10042306255592331,10
iid27,fwd_micro_10s,345339,20,-0.00020811136501834584,0.003168638077373756,0.003727133390434819,0.04151299632563298,0.08978232650803455,0.309090909090909,0.10042306255592331,10
iid27,fwd_mid_30s,345339,20,-0.01241033504178072,0.07027708962003587,0.08569004160344236,0.06699954390509419,1.2789645512337149,0.7212121212121211,0.10042306255592331,10
iid27,fwd_micro_30s,345339,20,-0.0009960249028259011,0.0724586862970482,0.07647662316231511,0.07155450268546243,1.0687884101226897,0.7212121212121211,0.10042306255592331,10
iid27,fwd_mid_60s,345339,20,0.061666985359724445,0.1064787691114806,0.051378545062384914,0.05929272998624658,0.8665235193977842,0.13939393939393938,0.10042306255592331,10
iid27,fwd_micro_60s,345339,20,0.0577451893834378,0.10479491777177213,0.05394214941650159,0.06109558167225816,0.8829140821650487,0.09090909090909088,0.10042306255592331,10
iid28,fwd_mid_100ms,345339,20,-0.0019144288412641642,-0.0026193385096182128,-0.0006603700826204692,0.002775159731984854,-0.2379575038544388,0.35757575757575755,0.10026379876005896,10
iid28,fwd_micro_100ms,345339,20,-0.0009569431248907143,-0.0041559288441139555,-0.003310653044949993,0.006514623374581563,-0.5081879418950506,-0.406060606060606,0.10026379876005896,10
iid28,fwd_mid_300ms,345339,20,0.003433811611728851,-0.0029244618185341083,-0.006325946222152087,0.007201330654185047,-0.8784412945232238,-0.29696969696969694,0.10026379876005896,10
iid28,fwd_micro_300ms,345339,20,-0.002700188242738527,-0.0004058960400347209,0.0020404438076320076,0.01213254623106733,0.16817935565801712,-0.10303030303030303,0.10026379876005896,10
iid28,fwd_mid_500ms,345339,20,0.002515656670651333,-0.0047307686806164215,-0.006830811374884421,0.009633146723599013,-0.7090945016077136,-0.1515151515151515,0.10026379876005896,10
iid28,fwd_micro_500ms,345339,20,-0.005907243104118803,-0.009556750762291965,-0.0036748183976218368,0.013733754921852536,-0.2675756498155235,0.06666666666666665,0.10026379876005896,10
iid28,fwd_mid_1s,345339,20,0.007478096827928942,-0.003757474841416611,-0.010798001515813452,0.012704503460132266,-0.8499349502086746,-0.11515151515151514,0.10026379876005896,10
iid28,fwd_micro_1s,345339,20,0.007248244970255552,-0.007008380041947767,-0.014548702458209222,0.013892785167713436,-1.0472128002108696,-0.5030303030303029,0.10026379876005896,10
iid28,fwd_mid_3s,345339,20,0.005753396108943964,0.014896293283776636,0.00987712891372732,0.018032174078364733,0.5477503084654692,0.309090909090909,0.10026379876005896,10
iid28,fwd_micro_3s,345339,20,0.01187746945182919,0.015933643713067352,0.00427074692116156,0.020619333400471576,0.20712342335295308,0.06666666666666665,0.10026379876005896,10
iid28,fwd_mid_5s,345339,20,0.0013151147924827485,0.029572346969633546,0.028336487997682413,0.025014626272832168,1.13279677611886,0.6606060606060605,0.10026379876005896,10
iid28,fwd_micro_5s,345339,20,-0.007034133845309824,0.02212016717246191,0.02871724907580685,0.02641877041348565,1.0870017274213462,0.6969696969696969,0.10026379876005896,10
iid28,fwd_mid_10s,345339,20,-0.022789582048786845,0.04360146352013577,0.06636805701781893,0.045888740848639344,1.4462819373651832,0.709090909090909,0.10026379876005896,10
iid28,fwd_micro_10s,345339,20,-0.030332968723812408,0.045179215414361526,0.07509470445758255,0.048894214747849656,1.535860732089683,0.6,0.10026379876005896,10
iid28,fwd_mid_30s,345339,20,0.03677350774303422,0.07273297486454,0.03747056004026278,0.0948615745558374,0.3950025098751325,0.4545454545454545,0.10026379876005896,10
iid28,fwd_micro_30s,345339,20,0.03426666412248972,0.0597660603616221,0.02648940345658448,0.09369738166965333,0.2827123126020485,0.23636363636363633,0.10026379876005896,10
iid28,fwd_mid_60s,345339,20,0.08610160992347994,0.22813438076835404,0.14413259066531178,0.09028663589997339,1.5963889808121012,0.5515151515151515,0.10026379876005896,10
iid28,fwd_micro_60s,345339,20,0.08822802961108007,0.21566919970126927,0.12855056798608291,0.09375841593245038,1.37108297647327,0.4787878787878787,0.10026379876005896,10
iid29,fwd_mid_100ms,345339,20,-0.0038224587804574738,-0.0009088999904840996,0.0029107654828634034,0.003503727725057608,0.830762465372661,0.6,0.10009005643729785,10
iid29,fwd_micro_100ms,345339,20,-0.002229312448721922,0.0002738700366900083,0.0024666641027805978,0.004555845892011119,0.5414283453059737,0.5878787878787878,0.10009005643729785,10
iid29,fwd_mid_300ms,345339,20,-0.005222025645577713,-0.00279879113504633,0.0024391261492538226,0.005422888928109356,0.449783534494077,0.05454545454545454,0.10009005643729785,10
iid29,fwd_micro_300ms,345339,20,-0.008188057798170858,0.00028720195823392185,0.008493893445748461,0.012167243824253266,0.6980951124540937,0.19999999999999998,0.10009005643729785,10
iid29,fwd_mid_500ms,345339,20,-0.008575147581654067,-0.0026290142118195127,0.006025433355041242,0.007670570056998871,0.785526148678278,0.01818181818181818,0.10009005643729785,10
iid29,fwd_micro_500ms,345339,20,-0.009576995688496783,-0.011708754625397435,-0.001960264738687879,0.010781913979218533,-0.1818104598558444,-0.38181818181818183,0.10009005643729785,10
iid29,fwd_mid_1s,345339,20,-0.011473374312547656,0.0056553941262013265,0.016708535225660858,0.017225526389741706,0.9699869163714654,0.16363636363636364,0.10009005643729785,10
iid29,fwd_micro_1s,345339,20,0.0010175887697473655,0.0016196621112726532,0.0006236800553628824,0.01970172368399398,0.031656116254922956,-0.4424242424242424,0.10009005643729785,10
iid29,fwd_mid_3s,345339,20,0.006114436996673927,0.008492159859606852,0.0023289213162996382,0.02549625363281723,0.09134366757718444,-0.10303030303030303,0.10009005643729785,10
iid29,fwd_micro_3s,345339,20,0.020117620488242182,0.011111175346039679,-0.008548763666868136,0.03055150941566455,-0.27981477283361206,-0.2121212121212121,0.10009005643729785,10
iid29,fwd_mid_5s,345339,20,0.01141815902042188,0.005052705532747597,-0.005525961522245911,0.027093560603584987,-0.2039584830911712,-0.16363636363636364,0.10009005643729785,10
iid29,fwd_micro_5s,345339,20,0.0036273067569070104,0.01576593667220983,0.012699101018860844,0.03277867113280462,0.3874196414921681,0.04242424242424241,0.10009005643729785,10
iid29,fwd_mid_10s,345339,20,0.007445899184903525,0.04411525989742764,0.03750322861322324,0.034082755434265435,1.1003578829051774,0.05454545454545454,0.10009005643729785,10
iid29,fwd_micro_10s,345339,20,0.0012466160071271059,0.048069691034417404,0.047775248980921496,0.03408612922108547,1.4016038216321736,-0.07878787878787878,0.10009005643729785,10
iid29,fwd_mid_30s,345339,20,0.027660327271548605,0.14972888067233933,0.12486002605737914,0.08084029329167919,1.5445271284070274,0.5151515151515151,0.10009005643729785,10
iid29,fwd_micro_30s,345339,20,0.020177477153734892,0.1506739499484566,0.13334840446879798,0.08493487860058628,1.5700075948289813,0.5515151515151515,0.10009005643729785,10
iid29,fwd_mid_60s,345339,20,0.141351499205646,0.2620053520852666,0.12042188392526473,0.11392367245520711,1.0570400455850175,0.24848484848484845,0.10009005643729785,10
iid29,fwd_micro_60s,345339,20,0.1416984878264223,0.25982315398914696,0.11818274253082658,0.11039605575553445,1.0705341030709947,0.29696969696969694,0.10009005643729785,10
iid30,fwd_mid_100ms,345339,20,0.0013414871925232998,0.0006559929310301586,-0.0006424361679887982,0.002441430359067613,-0.26313925588856274,-0.0303030303030303,0.10035066992143951,10
iid30,fwd_micro_100ms,345339,20,0.006252490115095954,0.006246743641779027,0.000015206382910004819,0.0053556699877101285,0.0028393054360891386,-0.07878787878787878,0.10035066992143951,10
iid30,fwd_mid_300ms,345339,20,0.008818383686701414,0.00450155630091491,-0.004294995102462961,0.0059346022949071505,-0.7237207969519309,-0.16363636363636364,0.10035066992143951,10
iid30,fwd_micro_300ms,345339,20,0.008386962739351422,0.008464548306635627,-0.00014563955095784213,0.008818767088779295,-0.016514729269032292,-0.13939393939393938,0.10035066992143951,10
iid30,fwd_mid_500ms,345339,20,0.003663449983348357,0.0054784906355381914,0.0016860212542628649,0.0049878673081123846,0.3380244802263846,0.05454545454545454,0.10035066992143951,10
iid30,fwd_micro_500ms,345339,20,0.009411530600376437,0.0013703574485683856,-0.00839611417027683,0.009564281870396303,-0.8778614311090909,-0.41818181818181815,0.10035066992143951,10
iid30,fwd_mid_1s,345339,20,0.0069671590976184885,0.005605658164589377,-0.0017819114215004695,0.01050042639042171,-0.16969895842762112,-0.04242424242424241,0.10035066992143951,10
iid30,fwd_micro_1s,345339,20,0.022014748002752646,0.010502705460325844,-0.011956243685578056,0.01158881860991936,-1.0317051364790715,-0.35757575757575755,0.10035066992143951,10
iid30,fwd_mid_3s,345339,20,0.005886457616190801,0.006550890213233954,0.00018214837687065348,0.016785050155829945,0.010851822018976092,0.41818181818181815,0.10035066992143951,10
iid30,fwd_micro_3s,345339,20,0.02004058454943487,0.010684707845202758,-0.009755813685436427,0.020590878880052007,-0.4737929712600877,-0.16363636363636364,0.10035066992143951,10
iid30,fwd_mid_5s,345339,20,0.010404445722708426,0.015017843989416135,0.003131662359746128,0.02029126463228203,0.15433549443556444,0.23636363636363633,0.10035066992143951,10
iid30,fwd_micro_5s,345339,20,0.026831866274509147,0.008385117226239169,-0.019982534298069732,0.01961218093934485,-1.0188838436617675,0.16363636363636364,0.10035066992143951,10
iid30,fwd_mid_10s,345339,20,0.024053764740135656,0.035564853118997763,0.010106763391662821,0.033338389023523714,0.3031569217256252,0.0303030303030303,0.10035066992143951,10
iid30,fwd_micro_10s,345339,20,0.031013729966474293,0.030936555830705953,-0.0018506602879434157,0.03719800057876928,-0.04975160651510066,-0.13939393939393938,0.10035066992143951,10
iid30,fwd_mid_30s,345339,20,0.10802121875358334,0.07933007314727636,-0.03083854523111934,0.07067254950477918,-0.43635818216850814,0.11515151515151514,0.10035066992143951,10
iid30,fwd_micro_30s,345339,20,0.11187988003013372,0.06216703639190687,-0.051771697405515495,0.06725551645752725,-0.7697762225677057,0.12727272727272726,0.10035066992143951,10
iid30,fwd_mid_60s,345339,20,0.1342867848804683,0.10191638079687383,-0.03388776032113326,0.11064038834573509,-0.30628743108925965,-0.10303030303030303,0.10035066992143951,10
iid30,fwd_micro_60s,345339,20,0.14733277906158526,0.09352900550432156,-0.055423274849673444,0.10935081930244528,-0.5068391366724225,-0.06666666666666665,0.10035066992143951,10
iid31,fwd_mid_100ms,345339,20,-0.0013100262489492503,0.0008026207919400082,0.0021893042155794605,0.0036938117119867746,0.5926951307439298,0.17575757575757575,0.10022036317936868,10
iid31,fwd_micro_100ms,345339,20,-0.0011058309007238904,-0.004506143314238445,-0.0034508863912722882,0.0055491267083666125,-0.6218791843533265,-0.07878787878787878,0.10022036317936868,10
iid31,fwd_mid_300ms,345339,20,-0.0004256871677288469,0.0014556820417456,0.002041803130325337,0.004910453539752032,0.4158074429981154,0.32121212121212117,0.10022036317936868,10
iid31,fwd_micro_300ms,345339,20,0.00399211378292478,-0.008474013486649178,-0.01243341677937691,0.00834761924538757,-1.489456623964602,-0.28484848484848485,0.10022036317936868,10
iid31,fwd_mid_500ms,345339,20,-0.0003576865198859745,-0.0016551076486918854,-0.0013187444055214764,0.005971104325764487,-0.22085435684506083,0.2606060606060606,0.10022036317936868,10
iid31,fwd_micro_500ms,345339,20,-0.002998071788253138,-0.005919624030968381,-0.003047127174311159,0.007837334205301973,-0.38879638082165374,0.28484848484848485,0.10022036317936868,10
iid31,fwd_mid_1s,345339,20,-0.0005240254905012523,-0.0023236295347030356,-0.0021218176745238467,0.008512909316832655,-0.24924706649093006,0.06666666666666665,0.10022036317936868,10
iid31,fwd_micro_1s,345339,20,0.005027864004727562,0.0001502746527715001,-0.00496620040508287,0.012866903265717359,-0.3859670273821704,0.01818181818181818,0.10022036317936868,10
iid31,fwd_mid_3s,345339,20,0.0039498954331582655,-0.007285093202360116,-0.012425030035370262,0.014328207195268196,-0.8671726941158104,-0.12727272727272726,0.10022036317936868,10
iid31,fwd_micro_3s,345339,20,0.014394809837524787,-0.00041882304226542925,-0.015225825441346135,0.020821965448493195,-0.7312386277371318,0.0303030303030303,0.10022036317936868,10
iid31,fwd_mid_5s,345339,20,0.014543856624821057,-0.007981948632768408,-0.0233258399402504,0.017358179964339148,-1.3437952589598265,-0.13939393939393938,0.10022036317936868,10
iid31,fwd_micro_5s,345339,20,0.014829602911705075,-0.007344700981002224,-0.023310115109736497,0.019199016947997298,-1.2141306595475472,-0.23636363636363633,0.10022036317936868,10
iid31,fwd_mid_10s,345339,20,0.046657594561679026,-0.0023144215327446723,-0.05124017825257447,0.026320072358290595,-1.9468099310309934,0.01818181818181818,0.10022036317936868,10
iid31,fwd_micro_10s,345339,20,0.048551359578929934,-0.002739626628066933,-0.053909918049053505,0.030097907859767074,-1.7911516740709004,0.0303030303030303,0.10022036317936868,10
iid31,fwd_mid_30s,345339,20,0.09082992366220016,0.0006482983878919587,-0.09395858585594727,0.07955784403098737,-1.1810097043272174,-0.0303030303030303,0.10022036317936868,10
iid31,fwd_micro_30s,345339,20,0.09131808131070275,-0.00407999217717925,-0.09943696564545282,0.08517517052104207,-1.1674407581125705,0.12727272727272726,0.10022036317936868,10
iid31,fwd_mid_60s,345339,20,0.18636355252108713,0.04448641087680934,-0.14616765793746245,0.12212372761419665,-1.1968817263687153,-0.17575757575757575,0.10022036317936868,10
iid31,fwd_micro_60s,345339,20,0.1805322852641078,0.0488533715190685,-0.13652478397802542,0.12126398136529608,-1.1258477780533829,-0.07878787878787878,0.10022036317936868,10
iid32,fwd_mid_100ms,345339,20,-0.0017172431259964548,-0.0001487709318098915,0.0014976480663216915,0.0028546399732502117,0.524636409619288,-0.4424242424242424,0.10038252268061239,10
iid32,fwd_micro_100ms,345339,20,-0.004923480301982029,-0.004644842124271124,0.0003924669361787838,0.004867691400828515,0.08062691404635536,-0.38181818181818183,0.10038252268061239,10
iid32,fwd_mid_300ms,345339,20,-0.006537910207238715,-0.00417800174502585,0.0022730140320149214,0.006000679122526501,0.3787927975488716,0.006060606060606061,0.10038252268061239,10
iid32,fwd_micro_300ms,345339,20,-0.02169977442198684,0.0024261232902754747,0.02416654785887717,0.006923750667828518,3.4903839000396117,-0.07878787878787878,0.10038252268061239,10
iid32,fwd_mid_500ms,345339,20,-0.012042584043927296,-0.00632784622534283,0.005544913839771152,0.009075396904657375,0.6109830675202288,0.006060606060606061,0.10038252268061239,10
iid32,fwd_micro_500ms,345339,20,-0.013139136272974774,-0.010967867136053334,0.0015918815093223019,0.010908322141291633,0.14593275562485455,-0.04242424242424241,0.10038252268061239,10
iid32,fwd_mid_1s,345339,20,-0.010021726943502195,-0.007290142875796696,0.002527957260317791,0.011176775369643044,0.22617948171204297,-0.2606060606060606,0.10038252268061239,10
iid32,fwd_micro_1s,345339,20,-0.009079535837735514,-0.0058386053537132256,0.002353455502702067,0.013983707456283986,0.1682998239243394,-0.17575757575757575,0.10038252268061239,10
iid32,fwd_mid_3s,345339,20,0.01430390583281038,0.02294990965527953,0.009040626726118571,0.024783360155319272,0.36478615770663264,-0.13939393939393938,0.10038252268061239,10
iid32,fwd_micro_3s,345339,20,0.021932385993229473,0.025012337544750685,0.002505431290454923,0.02681757223342897,0.09342498525395308,-0.17575757575757575,0.10038252268061239,10
iid32,fwd_mid_5s,345339,20,0.009326511704364436,0.013035197030528642,0.0036292722627299457,0.026360326166938897,0.13767933825044154,0.11515151515151514,0.10038252268061239,10
iid32,fwd_micro_5s,345339,20,0.00099075382320615,0.002204786557784152,0.0012614090462183015,0.03384602568257814,0.03726904476313736,0.0303030303030303,0.10038252268061239,10
iid32,fwd_mid_10s,345339,20,-0.010393375086221589,0.029034116461485092,0.03917069496457559,0.04076085855751118,0.9609879759845598,0.38181818181818183,0.10038252268061239,10
iid32,fwd_micro_10s,345339,20,-0.013638060323112364,0.028107802864860677,0.041426966384952066,0.04867326908560272,0.8511235666561368,0.35757575757575755,0.10038252268061239,10
iid32,fwd_mid_30s,345339,20,-0.01112238483359485,0.09068811594617021,0.10023520730031918,0.07890648838516114,1.2703037399288073,0.5757575757575757,0.10038252268061239,10
iid32,fwd_micro_30s,345339,20,-0.014395596681818366,0.09777145913824137,0.11067061849589258,0.08283967265494623,1.3359615622441092,0.6121212121212121,0.10038252268061239,10
iid32,fwd_mid_60s,345339,20,-0.055621384498735764,0.15034930137368135,0.20088254918426615,0.10345941732553451,1.9416555242350753,0.41818181818181815,0.10038252268061239,10
iid32,fwd_micro_60s,345339,20,-0.06520817595966184,0.1586798646410252,0.21894584444716117,0.10404651606782617,2.104307311014951,0.309090909090909,0.10038252268061239,10
iid33,fwd_mid_100ms,345339,20,-0.0044694929697134626,-0.004086518007107373,0.0005992579003152221,0.0021224530133522905,0.28234212797423924,0.32121212121212117,0.10015376195564359,10
iid33,fwd_micro_100ms,345339,20,0.0004365067581879882,-0.0052168921902313705,-0.005438486784936221,0.005545043714904061,-0.9807833922604733,0.05454545454545454,0.10015376195564359,10
iid33,fwd_mid_300ms,345339,20,-0.008537554994243428,-0.0019603698466322383,0.006960088031916359,0.00506892908753091,1.3730884594612938,-0.12727272727272726,0.10015376195564359,10
iid33,fwd_micro_300ms,345339,20,-0.005802968281464185,-0.004380559653025208,0.0019019239231401787,0.00969321906830813,0.19621179607489708,0.6969696969696969,0.10015376195564359,10
iid33,fwd_mid_500ms,345339,20,-0.013267872294638121,-0.001983235478740931,0.011847650935504288,0.004754445771988751,2.491909994074556,-0.2121212121212121,0.10015376195564359,10
iid33,fwd_micro_500ms,345339,20,-0.009772906154529398,-0.0032217684394813214,0.007278462223607974,0.006779237458308016,1.0736402535491882,0.01818181818181818,0.10015376195564359,10
iid33,fwd_mid_1s,345339,20,-0.028527851988436118,-0.013736554186113413,0.014809775840577197,0.009503496195395396,1.5583502677417582,0.11515151515151514,0.10015376195564359,10
iid33,fwd_micro_1s,345339,20,-0.02264745283054803,-0.006404654210222094,0.01606962035045309,0.009914317235405054,1.6208499253046706,-0.0303030303030303,0.10015376195564359,10
iid33,fwd_mid_3s,345339,20,-0.023109057953639746,0.0012076029752543657,0.024403555531569733,0.024501012087580452,0.996022345703012,0.5272727272727272,0.10015376195564359,10
iid33,fwd_micro_3s,345339,20,-0.007518757720989431,0.012153555505575555,0.01993821456872698,0.02628377671041106,0.7585749486613699,0.22424242424242422,0.10015376195564359,10
iid33,fwd_mid_5s,345339,20,0.005480186113400363,0.012715621309559633,0.007068959055792029,0.03067873274341115,0.23041887404264522,0.17575757575757575,0.10015376195564359,10
iid33,fwd_micro_5s,345339,20,0.01143781828110658,0.008515773538853235,-0.0029147179749120177,0.029687463480641958,-0.09818009466563528,-0.10303030303030303,0.10015376195564359,10
iid33,fwd_mid_10s,345339,20,0.0033453161948994413,0.04232945895828024,0.03939937278151155,0.025830781835734163,1.525287659973446,0.4424242424242424,0.10015376195564359,10
iid33,fwd_micro_10s,345339,20,-0.004222736138017771,0.04424269954025526,0.049418604479747275,0.02530135901142534,1.9531996070816318,0.3696969696969697,0.10015376195564359,10
iid33,fwd_mid_30s,345339,20,0.07192576239063654,0.04858960711165289,-0.02790852171947355,0.0608862443197729,-0.4583715423946787,0.34545454545454546,0.10015376195564359,10
iid33,fwd_micro_30s,345339,20,0.07335684893743041,0.05352113360459127,-0.024008590953588396,0.05685460808618603,-0.42228047579175493,0.29696969696969694,0.10015376195564359,10
iid33,fwd_mid_60s,345339,20,0.17753923346940007,0.10294150631186622,-0.07976568122017338,0.07906893726191427,-1.008811854343649,0.1515151515151515,0.10015376195564359,10
iid33,fwd_micro_60s,345339,20,0.1646599902549911,0.09679072252504757,-0.07215483430530381,0.07997972637514708,-0.902164055511513,0.18787878787878787,0.10015376195564359,10
iid34,fwd_mid_100ms,345339,20,-0.0015115642192471744,-0.00014886176288509304,0.0014724035382586455,0.0026023909156356454,0.5657887634836769,0.4787878787878787,0.10029275581385247,10
iid34,fwd_micro_100ms,345339,20,0.003896125798437483,0.0017572006253760702,-0.002234489198100332,0.004373257152130638,-0.510943930432194,0.33333333333333326,0.10029275581385247,10
iid34,fwd_mid_300ms,345339,20,0.0036063987255725827,-0.0020685698057732954,-0.005689431955156625,0.0055205528928433546,-1.0305909689828712,-0.32121212121212117,0.10029275581385247,10
iid34,fwd_micro_300ms,345339,20,0.013221090266207214,-0.0018799667024739103,-0.015020675878985448,0.010154154109269951,-1.4792641235642408,0.07878787878787878,0.10029275581385247,10
iid34,fwd_mid_500ms,345339,20,0.004517212442046443,-0.001282430603419114,-0.005697999667316498,0.004915299463577956,-1.159237541789325,-0.17575757575757575,0.10029275581385247,10
iid34,fwd_micro_500ms,345339,20,0.008153365271622845,0.004742966038293553,-0.003396743360455999,0.010308669710065086,-0.3295035592361173,0.01818181818181818,0.10029275581385247,10
iid34,fwd_mid_1s,345339,20,0.011772722773516991,0.001981950190175478,-0.010000808038172188,0.010104212359085228,-0.989766216579953,-0.28484848484848485,0.10029275581385247,10
iid34,fwd_micro_1s,345339,20,0.011333914711391039,0.00751333316601432,-0.004537471913453639,0.01389844626454049,-0.3264733213402582,-0.33333333333333326,0.10029275581385247,10
iid34,fwd_mid_3s,345339,20,0.019469782482675856,0.023455315380145197,0.004987176337829929,0.020459271683165837,0.2437611863736794,0.07878787878787878,0.10029275581385247,10
iid34,fwd_micro_3s,345339,20,0.03160253706771704,0.03842229578402012,0.007423425509702583,0.025913163519482262,0.28647314729139256,0.2606060606060606,0.10029275581385247,10
iid34,fwd_mid_5s,345339,20,0.009119142862624932,0.03810870543783955,0.03057883134788536,0.03707432047724184,0.8247981609442108,0.3939393939393939,0.10029275581385247,10
iid34,fwd_micro_5s,345339,20,0.02050963755118994,0.04472556624907648,0.026287700498533857,0.04366277192293069,0.6020621078509254,0.24848484848484845,0.10029275581385247,10
iid34,fwd_mid_10s,345339,20,-0.0043375748642168034,0.043208103218020585,0.05027204397867816,0.047599535066651995,1.0561456936141067,0.5636363636363636,0.10029275581385247,10
iid34,fwd_micro_10s,345339,20,0.001056206082956842,0.04289781068891899,0.044728011561452,0.04615914479009902,0.9689956727934441,0.5151515151515151,0.10029275581385247,10
iid34,fwd_mid_30s,345339,20,0.013709806716788954,0.11092432189806047,0.10112377132958277,0.06599232924539304,1.5323564493920674,0.11515151515151514,0.10029275581385247,10
iid34,fwd_micro_30s,345339,20,0.01766202687169383,0.10851447621117546,0.09492746701410816,0.0682517547189356,1.390842878765895,0.006060606060606061,0.10029275581385247,10
iid34,fwd_mid_60s,345339,20,0.02964375898628556,0.24508587663866765,0.22039972343070885,0.0897858334522696,2.454727154121412,0.49090909090909085,0.10029275581385247,10
iid34,fwd_micro_60s,345339,20,0.03530201025148076,0.24404414565540272,0.21419331889062776,0.09236315816748067,2.3190341597266992,0.49090909090909085,0.10029275581385247,10
iid35,fwd_mid_100ms,345339,20,-0.0037456732930919675,-0.002703800320971686,0.0010919621667927527,0.0031019817583289857,0.35202082148316194,0.35757575757575755,0.10016244907178164,10
iid35,fwd_micro_100ms,345339,20,0.0010444026864141844,-0.011516635034404468,-0.012426034995477127,0.006328321772531827,-1.9635592882480333,-0.28484848484848485,0.10016244907178164,10
iid35,fwd_mid_300ms,345339,20,-0.007115563047080356,0.004227778342292191,0.011315546789347887,0.006208482792894729,1.8225945318392305,0.6969696969696969,0.10016244907178164,10
iid35,fwd_micro_300ms,345339,20,-0.003166617857576147,0.0014861659273773867,0.004901141054462203,0.009027693628693951,0.5429006849417484,0.43030303030303024,0.10016244907178164,10
iid35,fwd_mid_500ms,345339,20,-0.008716763897457298,0.004275264094140936,0.013072165355094353,0.008436908249949564,1.5494023364746794,0.6363636363636362,0.10016244907178164,10
iid35,fwd_micro_500ms,345339,20,-0.004375617283067191,0.0029272900590328562,0.007057365362606575,0.01109470510857093,0.6361021129939352,-0.006060606060606061,0.10016244907178164,10
iid35,fwd_mid_1s,345339,20,-0.00846839702328478,0.004696402452062571,0.01348689884463336,0.012441253570111641,1.084046617057443,0.38181818181818183,0.10016244907178164,10
iid35,fwd_micro_1s,345339,20,-0.0019348088605255884,0.0060891016597507805,0.00797635238314568,0.014029169718111866,0.5685548427608007,0.19999999999999998,0.10016244907178164,10
iid35,fwd_mid_3s,345339,20,-0.0017917698587115193,-0.0007149558760160891,0.0021113434319832,0.018198334678725524,0.1160184967062636,0.0303030303030303,0.10016244907178164,10
iid35,fwd_micro_3s,345339,20,0.0015952674437659322,0.0015131918723482313,-0.00004242220628336429,0.02094352877870126,-0.002025551984654372,0.0303030303030303,0.10016244907178164,10
iid35,fwd_mid_5s,345339,20,0.008569295586584837,0.029869714334442694,0.022067477630210296,0.025475117361894943,0.8662365443394694,0.22424242424242422,0.10016244907178164,10
iid35,fwd_micro_5s,345339,20,0.012077159223363295,0.018597310075370417,0.007162607201261567,0.025608091025011822,0.2797009427319567,0.309090909090909,0.10016244907178164,10
iid35,fwd_mid_10s,345339,20,-0.0009695466231212129,0.05628075678664683,0.0596026007521549,0.04972196938703867,1.1987176189302726,0.22424242424242422,0.10016244907178164,10
iid35,fwd_micro_10s,345339,20,0.007677402928736015,0.05385049900622305,0.048297687017399726,0.05222614886462112,0.9247797907250519,0.1515151515151515,0.10016244907178164,10
iid35,fwd_mid_30s,345339,20,0.03869395679163018,0.1785046285720849,0.14354941793432424,0.07314725121854142,1.9624718023298355,0.18787878787878787,0.10016244907178164,10
iid35,fwd_micro_30s,345339,20,0.03463695179287769,0.1858026131351467,0.1549768684332228,0.07131669830670678,2.1730796869861324,0.29696969696969694,0.10016244907178164,10
iid35,fwd_mid_60s,345339,20,0.0680994695279792,0.29483584402420615,0.23161707175993845,0.07510759495800381,3.083803600547274,0.2727272727272727,0.10016244907178164,10
iid35,fwd_micro_60s,345339,20,0.07054422076136431,0.2904697910081776,0.22456589471921456,0.0751696599867131,2.9874539110448093,0.28484848484848485,0.10016244907178164,10
iid36,fwd_mid_100ms,345339,20,0.0011495473039431143,0.0039037043345773845,0.0027854030381048774,0.0026782831542752294,1.039995727732767,-0.12727272727272726,0.1002551116439209,10
iid36,fwd_micro_100ms,345339,20,-0.0014867812717917965,0.00048588379415430763,0.001992613555291288,0.004773201941561994,0.4174584649228607,0.01818181818181818,0.1002551116439209,10
iid36,fwd_mid_300ms,345339,20,0.005120864889508067,0.006193264560925952,0.0011895682975277158,0.004455856129298672,0.2669673936970105,0.05454545454545454,0.1002551116439209,10
iid36,fwd_micro_300ms,345339,20,0.004736959062159979,-0.0072314346648520884,-0.011764204219601546,0.009701758502612552,-1.212584730534532,-0.32121212121212117,0.1002551116439209,10
iid36,fwd_mid_500ms,345339,20,0.007623545096225664,0.006829202471134304,-0.000421176275512723,0.005943225541108037,-0.07086661487092077,-0.23636363636363633,0.1002551116439209,10
iid36,fwd_micro_500ms,345339,20,0.0029594720387980354,0.0014519044886629599,-0.0014887017532832086,0.010409744650678543,-0.1430104006620537,0.0303030303030303,0.1002551116439209,10
iid36,fwd_mid_1s,345339,20,0.006509134130646154,0.020762860001450105,0.014869545931611664,0.011234506036459072,1.3235602778934725,-0.04242424242424241,0.1002551116439209,10
iid36,fwd_micro_1s,345339,20,0.011278825206334187,0.021572902073094372,0.01042693464981794,0.01306005672129,0.7983835654266611,0.05454545454545454,0.1002551116439209,10
iid36,fwd_mid_3s,345339,20,0.014458445917019972,0.03374794278724399,0.02084196511507398,0.0224730244498259,0.9274214586295011,0.16363636363636364,0.1002551116439209,10
iid36,fwd_micro_3s,345339,20,0.016633557384564755,0.04140042473757044,0.02563031869038158,0.022664221991331838,1.1308713222180826,0.2727272727272727,0.1002551116439209,10
iid36,fwd_mid_5s,345339,20,0.010041448176713303,0.06992347647785112,0.06112711304588812,0.027441416183544308,2.227549505354756,0.2606060606060606,0.1002551116439209,10
iid36,fwd_micro_5s,345339,20,0.01137143498490975,0.06824556989602906,0.05806160136915121,0.030756007357900222,1.8878133528029952,0.29696969696969694,0.1002551116439209,10
iid36,fwd_mid_10s,345339,20,0.0033749952669471558,0.09995036914388115,0.09925244478461524,0.04630849226145287,2.143288194835763,0.23636363636363633,0.1002551116439209,10
iid36,fwd_micro_10s,345339,20,-0.010654235970447306,0.10288376288558575,0.11616288936670587,0.04946408492601506,2.3484289568978025,0.18787878787878787,0.1002551116439209,10
iid36,fwd_mid_30s,345339,20,0.029300057310712845,0.11658616371283503,0.0893865795651155,0.08935571507727129,1.0003454114582098,0.8060606060606059,0.1002551116439209,10
iid36,fwd_micro_30s,345339,20,0.028511800814143864,0.12257501005503432,0.09647192129343266,0.09084586342905691,1.0619297087617998,0.7575757575757575,0.1002551116439209,10
iid36,fwd_mid_60s,345339,20,0.07066364736170228,0.16886767794545293,0.1054050294904312,0.090985291778877,1.1584842717941568,0.38181818181818183,0.1002551116439209,10
iid36,fwd_micro_60s,345339,20,0.07518692144816547,0.17500968481116314,0.10736628835857953,0.09231104169361498,1.1630925877202607,0.5636363636363636,0.1002551116439209,10
iid37,fwd_mid_100ms,345339,20,0.000809439337765958,-0.00003532415511733214,-0.0008663844119877303,0.0026765634530199803,-0.32369283493361023,-0.4787878787878787,0.10034777421606016,10
iid37,fwd_micro_100ms,345339,20,-0.007750447074246238,-0.0010496516996747265,0.0067908393953866495,0.006473656561377932,1.0489959315885,0.06666666666666665,0.10034777421606016,10
iid37,fwd_mid_300ms,345339,20,0.0021985820926706096,-0.002289596704619982,-0.004556976982096123,0.00455700570428305,-0.9999936971360602,-0.43030303030303024,0.10034777421606016,10
iid37,fwd_micro_300ms,345339,20,-0.005116419125419037,0.0013960167376903694,0.006480289410237493,0.007992882936406353,0.8107574528235326,-0.05454545454545454,0.10034777421606016,10
iid37,fwd_mid_500ms,345339,20,-0.001957357037708076,-0.009728713559119693,-0.007932738505904348,0.005538588840743947,-1.4322670871591214,-0.406060606060606,0.10034777421606016,10
iid37,fwd_micro_500ms,345339,20,-0.010807074206019987,-0.00896773224177251,0.00170630174582469,0.008987019110114553,0.18986292617363093,-0.2727272727272727,0.10034777421606016,10
iid37,fwd_mid_1s,345339,20,0.006513628191310577,-0.01898558945101926,-0.02555884473214622,0.012005709572796688,-2.1288908062593066,-0.8787878787878788,0.10034777421606016,10
iid37,fwd_micro_1s,345339,20,0.007046300635664118,-0.017174780242851174,-0.023894630570161644,0.014960898888985719,-1.5971386978460886,-0.3939393939393939,0.10034777421606016,10
iid37,fwd_mid_3s,345339,20,-0.007018786976803505,-0.03547967255839041,-0.029183034431768368,0.024139680208306848,-1.2089238208601463,-0.17575757575757575,0.10034777421606016,10
iid37,fwd_micro_3s,345339,20,-0.017478835930601053,-0.024312674336170726,-0.007153032052047583,0.023190332958361846,-0.3084488724198495,-0.07878787878787878,0.10034777421606016,10
iid37,fwd_mid_5s,345339,20,-0.015325570895466647,-0.04584877128462053,-0.03197324356975188,0.03328936114732611,-0.9604643185626305,0.1515151515151515,0.10034777421606016,10
iid37,fwd_micro_5s,345339,20,-0.027081720669887215,-0.037887575353192364,-0.012313518441259944,0.035933030440961584,-0.34267965407179357,-0.05454545454545454,0.10034777421606016,10
iid37,fwd_mid_10s,345339,20,-0.006149741010299911,-0.06244584987645645,-0.05990888613198512,0.05502439907104838,-1.088769475785275,0.006060606060606061,0.10034777421606016,10
iid37,fwd_micro_10s,345339,20,-0.01162164167273978,-0.059880660210112825,-0.05158911912421873,0.058166031997768174,-0.8869286308923084,-0.006060606060606061,0.10034777421606016,10
iid37,fwd_mid_30s,345339,20,0.009727218691452637,-0.0686792879403864,-0.08508456907213759,0.09701062513659338,-0.8770644344610334,0.06666666666666665,0.10034777421606016,10
iid37,fwd_micro_30s,345339,20,-0.0023662637662662657,-0.057801262509297194,-0.06177879290383966,0.09618121430484972,-0.6423166244088957,0.09090909090909088,0.10034777421606016,10
iid37,fwd_mid_60s,345339,20,-0.04871088507732859,0.002093506124394593,0.04167237250898457,0.10560361723818809,0.3946112225965979,0.17575757575757575,0.10034777421606016,10
iid37,fwd_micro_60s,345339,20,-0.05348581579169129,0.010781661008598484,0.05585026649098814,0.10663863969605993,0.5237338609173171,0.18787878787878787,0.10034777421606016,10
iid38,fwd_mid_100ms,345339,20,-0.00449214085175104,-0.002667400589563808,0.0017284295820336089,0.0033826697686096243,0.5109661008216134,0.19999999999999998,0.10027248587619701,10
iid38,fwd_micro_100ms,345339,20,-0.007371907933194428,0.0037452532808919417,0.011070242241782472,0.006137533828905484,1.8036955152321572,0.43030303030303024,0.10027248587619701,10
iid38,fwd_mid_300ms,345339,20,-0.003973349599765042,-0.001619271884095056,0.002181056900328928,0.004516097707654545,0.482951663475339,0.12727272727272726,0.10027248587619701,10
iid38,fwd_micro_300ms,345339,20,-0.0093782059064446,0.004708452872521707,0.014036307944737213,0.008424152810376178,1.666198163861468,0.33333333333333326,0.10027248587619701,10
iid38,fwd_mid_500ms,345339,20,-0.004055139744978273,0.0014464401796019644,0.0051870579407728235,0.006065597488269448,0.8551602625799561,0.22424242424242422,0.10027248587619701,10
iid38,fwd_micro_500ms,345339,20,-0.013114478895732527,0.0016881477557446748,0.015011566975462886,0.009617859834744884,1.560801179617219,0.16363636363636364,0.10027248587619701,10
iid38,fwd_mid_1s,345339,20,-0.008861625370176486,0.0015948628923305025,0.009722201668993137,0.011952919968316648,0.8133746143004028,-0.12727272727272726,0.10027248587619701,10
iid38,fwd_micro_1s,345339,20,-0.007911066236355874,0.009070832365195191,0.016837796332397396,0.01444570364710915,1.1655919810986117,-0.24848484848484845,0.10027248587619701,10
iid38,fwd_mid_3s,345339,20,-0.006217172318140882,0.039021528674354336,0.04393565216420989,0.02441190003309696,1.7997637260779857,0.6,0.10027248587619701,10
iid38,fwd_micro_3s,345339,20,0.007239543946508987,0.04907968632212203,0.041465523230822046,0.024636267589704188,1.6831089806863042,0.5151515151515151,0.10027248587619701,10
iid38,fwd_mid_5s,345339,20,-0.020099543709999973,0.03378704190920428,0.05337758562443305,0.023854980913934055,2.237586599503603,0.8424242424242423,0.10027248587619701,10
iid38,fwd_micro_5s,345339,20,-0.013723172953910658,0.030574668266759933,0.04408162572473637,0.024139379165778525,1.826129223208408,0.8666666666666665,0.10027248587619701,10
iid38,fwd_mid_10s,345339,20,-0.016117238796317532,0.01796378265641581,0.03361283853649655,0.038363591728899867,0.876165057068301,0.5636363636363636,0.10027248587619701,10
iid38,fwd_micro_10s,345339,20,-0.010537578955431486,0.014351487614005395,0.024765302982944926,0.04035599752123055,0.6136709412254363,0.4666666666666666,0.10027248587619701,10
iid38,fwd_mid_30s,345339,20,0.06554806627155768,0.0826648951447295,0.015236077478229798,0.07368796876752534,0.2067647912279598,0.41818181818181815,0.10027248587619701,10
iid38,fwd_micro_30s,345339,20,0.06414652114133483,0.09016665904985507,0.024155449800570016,0.07585131721052558,0.3184578816677169,0.3939393939393939,0.10027248587619701,10
iid38,fwd_mid_60s,345339,20,0.10973787389371724,0.11036191347530099,-0.0003114671085273281,0.11106767002916104,-0.0028043003733269254,0.6606060606060605,0.10027248587619701,10
iid38,fwd_micro_60s,345339,20,0.1160080441018307,0.11590047705998728,-0.0010724441611645187,0.10808356548148995,-0.00992236105819605,0.6,0.10027248587619701,10
iid39,fwd_mid_100ms,345339,20,-0.0016817340575189955,-0.0027045662321090254,-0.0011054954932573234,0.003042941875008645,-0.3632982615726706,-0.2606060606060606,0.10026959017081766,10
iid39,fwd_micro_100ms,345339,20,-0.0030706275122482215,-0.0006143247122538741,0.0023497125957846103,0.004607034002854431,0.510027187628477,0.2606060606060606,0.10026959017081766,10
iid39,fwd_mid_300ms,345339,20,0.00014367452321943576,-0.004788018173919829,-0.0049739541193031325,0.0038342280328275786,-1.2972504704252175,-0.35757575757575755,0.10026959017081766,10
iid39,fwd_micro_300ms,345339,20,-0.0040494958127444015,-0.000998130712260888,0.003116612914195223,0.006838713241975798,0.4557308961378224,0.006060606060606061,0.10026959017081766,10
iid39,fwd_mid_500ms,345339,20,-0.000045741258122697724,-0.010250014128631779,-0.010277286234279912,0.0054921923647948,-1.871253873072214,-0.4666666666666666,0.10026959017081766,10
iid39,fwd_micro_500ms,345339,20,0.004038027075599207,-0.0106624230350568,-0.01465497174263295,0.011585841268926398,-1.2649035492949536,-0.4545454545454545,0.10026959017081766,10
iid39,fwd_mid_1s,345339,20,0.008302704830927385,-0.004403788360542527,-0.013099065852536135,0.009651411703173367,-1.3572176025015268,-0.33333333333333326,0.10026959017081766,10
iid39,fwd_micro_1s,345339,20,0.00812038006746369,-0.0054014451667465935,-0.014007019144577425,0.016418992254405164,-0.8530985901902345,-0.24848484848484845,0.10026959017081766,10
iid39,fwd_mid_3s,345339,20,0.03038952458515189,0.014352247172582643,-0.01601969878324014,0.01857462418044728,-0.8624507622664794,0.16363636363636364,0.10026959017081766,10
iid39,fwd_micro_3s,345339,20,0.03841158684092384,0.019893506568379855,-0.018058581211298705,0.019909027428539623,-0.9070549164753121,0.11515151515151514,0.10026959017081766,10
iid39,fwd_mid_5s,345339,20,0.02974182582143462,0.019933419603981817,-0.00976567961107535,0.026193857816548958,-0.37282326564762497,0.2727272727272727,0.10026959017081766,10
iid39,fwd_micro_5s,345339,20,0.029073977315212936,0.01921001800963333,-0.00936426296339024,0.02602817247283591,-0.3597741244861958,0.2121212121212121,0.10026959017081766,10
iid39,fwd_mid_10s,345339,20,0.053072373746516285,0.011189141789354875,-0.04161625333698592,0.05116817927410072,-0.8133229270100372,0.13939393939393938,0.10026959017081766,10
iid39,fwd_micro_10s,345339,20,0.048406109717223665,0.005272952635474557,-0.04313294138313218,0.05125056202516194,-0.8416091390755024,0.13939393939393938,0.10026959017081766,10
iid39,fwd_mid_30s,345339,20,0.07009744543929915,0.057180315777848975,-0.013225419060422064,0.0848611882777263,-0.15584767699857163,0.2727272727272727,0.10026959017081766,10
iid39,fwd_micro_30s,345339,20,0.06278599929456564,0.05317403642195858,-0.009936150638776035,0.08371118917476997,-0.11869560971152383,0.29696969696969694,0.10026959017081766,10
iid39,fwd_mid_60s,345339,20,0.05049873802337296,0.20653830702286383,0.15495793679907496,0.12262007651898399,1.263724026261592,0.5878787878787878,0.10026959017081766,10
iid39,fwd_micro_60s,345339,20,0.050485477703207146,0.20966057533631088,0.15812695056794743,0.12424692936675666,1.2726829658798446,0.6121212121212121,0.10026959017081766,10
tod0,fwd_mid_100ms,345339,20,-0.0013657475041040405,-0.0029704766936200335,-0.0017068812723039593,0.0025268649099240786,-0.6754936781939972,-0.13939393939393938,0.10013638772336747,10
tod0,fwd_micro_100ms,345339,20,-0.00346979763535049,-0.0013003742378308277,0.0022392293968780605,0.004869397218092656,0.45985761616612725,0.12727272727272726,0.10013638772336747,10
tod0,fwd_mid_300ms,345339,20,0.0009662304359531761,-0.0032910728327539703,-0.004389071836926475,0.005062591717628286,-0.8669614461785315,-0.6848484848484848,0.10013638772336747,10
tod0,fwd_micro_300ms,345339,20,0.0018271090849310053,-0.0004846575124623695,-0.002106472737511648,0.008069313949122725,-0.2610473146531445,-0.24848484848484845,0.10013638772336747,10
tod0,fwd_mid_500ms,345339,20,-0.0011894774514968783,-0.0003400186965493906,0.0007311376581992608,0.006760804494184282,0.10814358835966836,-0.33333333333333326,0.10013638772336747,10
tod0,fwd_micro_500ms,345339,20,0.00023950618326068295,-0.0024881756923904744,-0.0027338006049094825,0.011626365026713081,-0.23513803313660125,-0.3939393939393939,0.10013638772336747,10
tod0,fwd_mid_1s,345339,20,0.002768433275044137,6.285541252009005e-6,-0.0032345138350208433,0.01031183396479495,-0.31367008488146864,-0.5393939393939393,0.10013638772336747,10
tod0,fwd_micro_1s,345339,20,0.013413363498474355,0.0035774630305754978,-0.01031634399483349,0.01603213369632707,-0.643479164423195,-0.3696969696969697,0.10013638772336747,10
tod0,fwd_mid_3s,345339,20,0.03313167238998128,0.0011576282650990674,-0.032326918709209174,0.01660360546114824,-1.9469818639603815,-0.28484848484848485,0.10013638772336747,10
tod0,fwd_micro_3s,345339,20,0.04437262158487643,0.011679953797805544,-0.033239261316993715,0.014379294918825789,-2.311605784889766,-0.18787878787878787,0.10013638772336747,10
tod0,fwd_mid_5s,345339,20,0.06635012202911464,-0.004223553231013217,-0.07140150616687013,0.0273320470021875,-2.6123731662379903,-0.16363636363636364,0.10013638772336747,10
tod0,fwd_micro_5s,345339,20,0.06542892463961685,0.00499408413739978,-0.061466523734186165,0.02468963903282096,-2.4895675328617064,-0.11515151515151514,0.10013638772336747,10
tod0,fwd_mid_10s,345339,20,0.08036173288287624,0.03458199561327085,-0.04749927653339299,0.05166335874109018,-0.919399700113084,0.10303030303030303,0.10013638772336747,10
tod0,fwd_micro_10s,345339,20,0.06935773501375218,0.03157599321158371,-0.03960574551749262,0.05334680964862506,-0.7424201330568867,0.06666666666666665,0.10013638772336747,10
tod0,fwd_mid_30s,345339,20,0.10979631404555848,0.1533884211433366,0.039649028050490365,0.06800015106721112,0.5830726465784083,0.24848484848484845,0.10013638772336747,10
tod0,fwd_micro_30s,345339,20,0.11335282046787547,0.15415735413782264,0.03689814141825275,0.07111319274652765,0.5188649249622451,0.09090909090909088,0.10013638772336747,10
tod0,fwd_mid_60s,345339,20,0.15511474253045068,0.22838793953798617,0.06588341978695891,0.1017216382030325,0.6476834324616177,-0.04242424242424241,0.10013638772336747,10
tod0,fwd_micro_60s,345339,20,0.1582376461602875,0.23200598190827135,0.06621579551002957,0.10239984750162032,0.6466395910304633,-0.05454545454545454,0.10013638772336747,10
tod1,fwd_mid_100ms,345339,20,-0.0019218073304713885,-0.0021691442073023585,-0.00023191407226816116,0.0033434568457766396,-0.069363560819129,0.6363636363636362,0.1001885104201958,10
tod1,fwd_micro_100ms,345339,20,-0.0035096995922383203,-0.0006963377635405623,0.0028495753971807826,0.005451199312895317,0.5227428376063682,0.5636363636363636,0.1001885104201958,10
tod1,fwd_mid_300ms,345339,20,-0.0013725590597670433,-0.002306884496084947,-0.0010850613926926115,0.006159034519649868,-0.17617394239808476,0.16363636363636364,0.1001885104201958,10
tod1,fwd_micro_300ms,345339,20,-0.006288204604696588,-0.00915441878153262,-0.003018309312334975,0.00967178310526223,-0.31207371789518024,0.05454545454545454,0.1001885104201958,10
tod1,fwd_mid_500ms,345339,20,-0.004759572141693006,-0.0018124512219573146,0.002746191922497276,0.008629711840919678,0.3182252169157726,0.23636363636363633,0.1001885104201958,10
tod1,fwd_micro_500ms,345339,20,-0.012817770467939534,-0.007213218432146561,0.0054908156240158264,0.009141398403032791,0.6006537929901588,0.01818181818181818,0.1001885104201958,10
tod1,fwd_mid_1s,345339,20,0.009470519354899502,0.0014049184252295462,-0.00825323362447098,0.012160488451126982,-0.6786926082484874,-0.0303030303030303,0.1001885104201958,10
tod1,fwd_micro_1s,345339,20,0.009820234601970559,0.0004232163788561376,-0.009655108089093622,0.01504293766394491,-0.6418366082999266,-0.29696969696969694,0.1001885104201958,10
tod1,fwd_mid_3s,345339,20,0.01967089803743321,0.014487811096001512,-0.005013007855212889,0.02668494122176825,-0.18785905554566207,-0.2727272727272727,0.1001885104201958,10
tod1,fwd_micro_3s,345339,20,0.02573357062292869,0.017023896462705922,-0.008637304029799186,0.03094572032678539,-0.2791114227941586,-0.34545454545454546,0.1001885104201958,10
tod1,fwd_mid_5s,345339,20,0.010150082650815186,0.016867099768743798,0.007132382988911008,0.019018594644255232,0.37502155770828316,0.22424242424242422,0.1001885104201958,10
tod1,fwd_micro_5s,345339,20,0.005192944958792205,0.007631632473450726,0.002713982918428248,0.02434370912907762,0.11148600667375294,0.006060606060606061,0.1001885104201958,10
tod1,fwd_mid_10s,345339,20,0.016738804339188857,0.030166851162676443,0.014311518739697457,0.028934763996036294,0.4946132873818483,0.28484848484848485,0.1001885104201958,10
tod1,fwd_micro_10s,345339,20,0.015387224717284776,0.026279814194532212,0.011527166531893437,0.03533362375619779,0.3262378807062347,0.04242424242424241,0.1001885104201958,10
tod1,fwd_mid_30s,345339,20,0.09254190094273233,0.013165117507037414,-0.07650556927924833,0.07833275339912707,-0.9766740725866135,-0.4666666666666666,0.1001885104201958,10
tod1,fwd_micro_30s,345339,20,0.09089627183849776,0.010220150301544124,-0.07797881320811248,0.07835669946548107,-0.9951773586694388,-0.41818181818181815,0.1001885104201958,10
tod1,fwd_mid_60s,345339,20,0.13693727247516385,0.06525515956131231,-0.06653881201922815,0.09700646812536921,-0.6859213958107899,-0.2121212121212121,0.1001885104201958,10
tod1,fwd_micro_60s,345339,20,0.13425289292305076,0.055628170776596327,-0.07374006039329825,0.09781798186300172,-0.7538497420297872,-0.3939393939393939,0.1001885104201958,10
tod2,fwd_mid_100ms,345339,20,-0.002641844849054279,0.0014169186433556484,0.004087714215691051,0.003079369579416562,1.327451645627264,0.07878787878787878,0.10028406869771442,10
tod2,fwd_micro_100ms,345339,20,-0.008425942782297219,0.0023699226629436557,0.010800941401742632,0.004913090769671387,2.19840054012783,0.29696969696969694,0.10028406869771442,10
tod2,fwd_mid_300ms,345339,20,0.00004378102323283818,-0.003652027919287688,-0.003813924068165838,0.0066322823985372325,-0.575054534620994,-0.3696969696969697,0.10028406869771442,10
tod2,fwd_micro_300ms,345339,20,-0.004055866769970995,-0.004956022787109764,-0.0011307089673196834,0.010404998701658957,-0.108669784566086,-0.38181818181818183,0.10028406869771442,10
tod2,fwd_mid_500ms,345339,20,-0.0005272487264542483,-0.007283998498810387,-0.006841471755878688,0.008309122724792433,-0.823368721641982,-0.7454545454545454,0.10028406869771442,10
tod2,fwd_micro_500ms,345339,20,-0.002864012620690775,-0.012281012243953445,-0.009611562632788225,0.012794393903564514,-0.7512323526408271,-0.5151515151515151,0.10028406869771442,10
tod2,fwd_mid_1s,345339,20,0.0019611783808386077,-0.005930140764549335,-0.007788902674090385,0.00917620782383554,-0.8488149814848811,-0.7212121212121211,0.10028406869771442,10
tod2,fwd_micro_1s,345339,20,0.003538190625755395,0.0009080545385619523,-0.002686196807254494,0.010970202214369514,-0.2448630166302615,-0.4424242424242424,0.10028406869771442,10
tod2,fwd_mid_3s,345339,20,0.0019810185410072977,-0.00036912258793698094,-0.002153620770400208,0.019166237050246795,-0.11236534144674354,-0.6848484848484848,0.10028406869771442,10
tod2,fwd_micro_3s,345339,20,0.0022300237456814296,0.016469191731561406,0.0145271451134746,0.021537325680618016,0.674510165695639,-0.33333333333333326,0.10028406869771442,10
tod2,fwd_mid_5s,345339,20,0.003812865589392327,0.01783400907688192,0.014254424457773165,0.026610301298257484,0.535673170251048,-0.07878787878787878,0.10028406869771442,10
tod2,fwd_micro_5s,345339,20,-0.0019498929345818919,0.008885014914469793,0.011005528917777995,0.025888458568418305,0.4251133333679354,-0.10303030303030303,0.10028406869771442,10
tod2,fwd_mid_10s,345339,20,0.022688247401673522,0.01302478223771981,-0.009265396589994337,0.031212277727420933,-0.2968510235270143,-0.38181818181818183,0.10028406869771442,10
tod2,fwd_micro_10s,345339,20,0.011707329354268685,0.010505332559587023,-0.00035937766547228104,0.03134084283014924,-0.011466751785199828,-0.09090909090909088,0.10028406869771442,10
tod2,fwd_mid_30s,345339,20,0.06582690406349954,0.04724082911560622,-0.01592288944174431,0.07598031589273696,-0.20956598106571436,0.0303030303030303,0.10028406869771442,10
tod2,fwd_micro_30s,345339,20,0.0556354577009475,0.04645001911431331,-0.006431305705500059,0.07409343525354438,-0.08679993960993201,0.0303030303030303,0.10028406869771442,10
tod2,fwd_mid_60s,345339,20,0.07803091664733983,0.10741843170705097,0.031323565257146024,0.09621973184326368,0.32554201365027996,0.13939393939393938,0.10028406869771442,10
tod2,fwd_micro_60s,345339,20,0.06327430223122135,0.10574863103724566,0.044487912711429003,0.09441235944680285,0.47120856815887496,0.16363636363636364,0.10028406869771442,10
tod3,fwd_mid_100ms,345339,20,-0.0030318361911369192,-0.001031576481560836,0.001985435936818976,0.0028483336188107203,0.6970517511386062,0.28484848484848485,0.1003275042784047,10
tod3,fwd_micro_100ms,345339,20,-0.0028169373947992005,0.0007315058218540223,0.003504215834191942,0.005584658506143519,0.6274718195100125,-0.1515151515151515,0.1003275042784047,10
tod3,fwd_mid_300ms,345339,20,-0.0039185510835278705,-0.005234196844301598,-0.0013535203368018453,0.006136219083764986,-0.2205788806307367,0.28484848484848485,0.1003275042784047,10
tod3,fwd_micro_300ms,345339,20,-0.009899594602172566,-0.006268684710761707,0.0035467784816722,0.008734413381274005,0.4060694550221603,0.28484848484848485,0.1003275042784047,10
tod3,fwd_mid_500ms,345339,20,-0.002112326457413622,-0.0029522337288766364,-0.0007756400087209614,0.008177462211496591,-0.0948509438087649,0.3696969696969697,0.1003275042784047,10
tod3,fwd_micro_500ms,345339,20,-0.0046847829046857805,-0.0019408280415780207,0.0027783401667822493,0.013625083509032953,0.203913624818542,0.6242424242424242,0.1003275042784047,10
tod3,fwd_mid_1s,345339,20,-0.003038518049461111,-0.013258616180938296,-0.010239141715616218,0.01462302735044541,-0.7002066993538337,0.33333333333333326,0.1003275042784047,10
tod3,fwd_micro_1s,345339,20,0.005557277520928446,-0.012060373318668835,-0.017533082445298716,0.014999518400354725,-1.1689096927861413,0.23636363636363633,0.1003275042784047,10
tod3,fwd_mid_3s,345339,20,0.007200549121781347,-0.008244809146432434,-0.015494999280236465,0.028841914796547637,-0.5372389243064822,0.32121212121212117,0.1003275042784047,10
tod3,fwd_micro_3s,345339,20,0.02090518575332014,-0.00331884306027233,-0.0240148561647441,0.03162966372942788,-0.7592510742503074,0.38181818181818183,0.1003275042784047,10
tod3,fwd_mid_5s,345339,20,-0.0024873614685793754,-0.00696779280221498,-0.004212258357830512,0.03315342747814802,-0.12705348068783784,0.23636363636363633,0.1003275042784047,10
tod3,fwd_micro_5s,345339,20,-0.002296364981728197,-0.010971589021115296,-0.008228903202338997,0.032289166979872726,-0.2548502786543994,0.32121212121212117,0.1003275042784047,10
tod3,fwd_mid_10s,345339,20,-0.013191336992886162,0.01670309228673431,0.030576935675997945,0.054061870142060195,0.5655915268127037,0.309090909090909,0.1003275042784047,10
tod3,fwd_micro_10s,345339,20,-0.005264591124603973,0.012570338802923384,0.018860899190959634,0.05437816847363124,0.3468469005186439,0.28484848484848485,0.1003275042784047,10
tod3,fwd_mid_30s,345339,20,-0.03361736428950801,0.14863052140589375,0.1822754223490771,0.07575948620028203,2.4059749015087504,0.4424242424242424,0.1003275042784047,10
tod3,fwd_micro_30s,345339,20,-0.028408156409087663,0.1533408250385586,0.18187662852314357,0.07789200575093276,2.334984531078988,0.49090909090909085,0.1003275042784047,10
tod3,fwd_mid_60s,345339,20,0.04092683881066666,0.2243400467306825,0.18088871746943586,0.10393053352772229,1.7404771372715588,0.406060606060606,0.1003275042784047,10
tod3,fwd_micro_60s,345339,20,0.04630511951045556,0.23149060469896232,0.18298660149580645,0.10501090218590055,1.74254860863747,0.4424242424242424,0.1003275042784047,10
tod4,fwd_mid_100ms,345339,20,-0.0012114433172271302,-0.0006620539126017484,0.000583769283639544,0.0035623334051024342,0.16387272533317465,-0.35757575757575755,0.10015086625026423,10
tod4,fwd_micro_100ms,345339,20,-0.0012204169198195417,-0.004420932417702543,-0.0030985576796680606,0.00602724635386864,-0.5140917589471392,-0.406060606060606,0.10015086625026423,10
tod4,fwd_mid_300ms,345339,20,-0.0006134149260248413,-0.00030265049662043413,0.0005674912884179837,0.005395813462336217,0.10517251798624591,-0.309090909090909,0.10015086625026423,10
tod4,fwd_micro_300ms,345339,20,0.0008286862664941802,-0.009014460360888616,-0.009576887352902857,0.010521787804824847,-0.9101958270353353,-0.49090909090909085,0.10015086625026423,10
tod4,fwd_mid_500ms,345339,20,-0.003108332452518316,-0.0011561661000564283,0.002313723370948239,0.007370067677812452,0.313935159362741,-0.22424242424242422,0.10015086625026423,10
tod4,fwd_micro_500ms,345339,20,-0.009544380731563941,-0.00449462475031049,0.005261174072382797,0.011741637087744257,0.4480784096005089,0.10303030303030303,0.10015086625026423,10
tod4,fwd_mid_1s,345339,20,-0.0033602530278197106,-0.009553100975736858,-0.005536284935312591,0.013128691674319713,-0.4216935756166628,-0.43030303030303024,0.10015086625026423,10
tod4,fwd_micro_1s,345339,20,-0.009813270309147193,-0.006440644882819209,0.0038860669567952573,0.01668882581637528,0.2328544260424961,0.13939393939393938,0.10015086625026423,10
tod4,fwd_mid_3s,345339,20,0.009218428390491924,-0.028552721414184294,-0.036903515413253284,0.019902304747194656,-1.8542332600175386,-0.309090909090909,0.10015086625026423,10
tod4,fwd_micro_3s,345339,20,0.006730174169667353,-0.015241023660740245,-0.02132154149429998,0.01764063544974448,-1.2086606264860382,-0.09090909090909088,0.10015086625026423,10
tod4,fwd_mid_5s,345339,20,0.026742186860130558,-0.006323371621162373,-0.032384755029380936,0.02307801144002507,-1.4032732028728796,-0.5757575757575757,0.10015086625026423,10
tod4,fwd_micro_5s,345339,20,0.02014470893602211,-0.008161074042852483,-0.028087019645048523,0.021026684995405057,-1.3357797318591282,-0.5151515151515151,0.10015086625026423,10
tod4,fwd_mid_10s,345339,20,0.017926975558612068,0.01735940697096644,0.0008499008700156241,0.046958058592498395,0.018099148378152855,0.06666666666666665,0.10015086625026423,10
tod4,fwd_micro_10s,345339,20,0.010122123543242838,0.014966609169942576,0.006122573648174361,0.04378876735975466,0.13982064390790525,0.16363636363636364,0.10015086625026423,10
tod4,fwd_mid_30s,345339,20,0.04637506884726741,0.037052751238227946,-0.007336450487792104,0.06895047927133091,-0.10640173303106458,0.11515151515151514,0.10015086625026423,10
tod4,fwd_micro_30s,345339,20,0.05130172551745804,0.04170265368397145,-0.007890999975770311,0.06796135662657865,-0.11611010090820142,0.01818181818181818,0.10015086625026423,10
tod4,fwd_mid_60s,345339,20,0.09759361682159155,0.08619219438669114,-0.011255334435701612,0.1405895620016278,-0.08005810869210399,0.309090909090909,0.10015086625026423,10
tod4,fwd_micro_60s,345339,20,0.09507424885173757,0.09132450406481318,-0.003796056627973013,0.14009580352001103,-0.02709614801153406,0.34545454545454546,0.10015086625026423,10
tod5,fwd_mid_100ms,345339,20,0.000734984510344111,-0.00061903658681128,-0.0014354144525424563,0.0037788243121658293,-0.3798574196532969,0.06666666666666665,0.10020878035785127,10
tod5,fwd_micro_100ms,345339,20,-0.002276061486447779,0.00034697082010444615,0.002427366227837863,0.00552496298845709,0.43934524682051,0.4666666666666666,0.10020878035785127,10
tod5,fwd_mid_300ms,345339,20,0.0024862284499344404,-0.004469095818391388,-0.007022247639270407,0.004749462494609764,-1.478535233669086,-0.09090909090909088,0.10020878035785127,10
tod5,fwd_micro_300ms,345339,20,-0.004828831319619472,-0.008598021382498973,-0.003667901354879828,0.008969465731306765,-0.40893197708281454,0.19999999999999998,0.10020878035785127,10
tod5,fwd_mid_500ms,345339,20,0.008551806741800835,-0.009449471485906932,-0.018037646161095454,0.007170728240503871,-2.515455272619283,-0.19999999999999998,0.10020878035785127,10
tod5,fwd_micro_500ms,345339,20,-0.0022270921250375094,-0.0016176953924693569,0.0009090748526175507,0.011917201596280506,0.07628257735450941,0.5030303030303029,0.10020878035785127,10
tod5,fwd_mid_1s,345339,20,0.014749344744577429,-0.0029942445033952353,-0.01736607059745298,0.0129007844355485,-1.3461251665906648,-0.09090909090909088,0.10020878035785127,10
tod5,fwd_micro_1s,345339,20,0.016320379904099454,0.00398226004829564,-0.011946013421545386,0.016642367378386168,-0.717807337738497,0.05454545454545454,0.10020878035785127,10
tod5,fwd_mid_3s,345339,20,0.027171899411918818,-0.015023134302854233,-0.04242723240948547,0.022877791817900388,-1.854516062878451,-0.16363636363636364,0.10020878035785127,10
tod5,fwd_micro_3s,345339,20,0.03330636750939148,-0.0008214832502419374,-0.03438115259559944,0.026274145716925726,-1.30855453745357,0.05454545454545454,0.10020878035785127,10
tod5,fwd_mid_5s,345339,20,0.038821727975135514,-0.01345745860156817,-0.05237891251828778,0.021251062736418944,-2.464766735101844,0.006060606060606061,0.10020878035785127,10
tod5,fwd_micro_5s,345339,20,0.031696855728228564,-0.01316082096345035,-0.04486559411698372,0.026175794822613396,-1.7140107653282841,0.11515151515151514,0.10020878035785127,10
tod5,fwd_mid_10s,345339,20,0.06296587710562204,-0.0028485862369871536,-0.0651303305789023,0.04484633334221113,-1.4523000148509149,-0.0303030303030303,0.10020878035785127,10
tod5,fwd_micro_10s,345339,20,0.05139286649245735,0.00047148909297924714,-0.05018548640527366,0.04939485275689406,-1.016006397514147,0.10303030303030303,0.10020878035785127,10
tod5,fwd_mid_30s,345339,20,0.06655244854900909,0.04453597356513528,-0.021786029712671656,0.09001320606613311,-0.24203148254340992,-0.41818181818181815,0.10020878035785127,10
tod5,fwd_micro_30s,345339,20,0.06856425590543054,0.050289574409731884,-0.017819879228499428,0.08851244632819116,-0.20132625373866553,-0.32121212121212117,0.10020878035785127,10
tod5,fwd_mid_60s,345339,20,0.21937334539002343,0.11549298296988961,-0.10491095350152291,0.10742551132162888,-0.9765925450186832,-0.5272727272727272,0.10020878035785127,10
tod5,fwd_micro_60s,345339,20,0.20522865170307525,0.11820839795203371,-0.08821887489769445,0.10716706050399236,-0.8231902086593854,-0.4424242424242424,0.10020878035785127,10
tod6,fwd_mid_100ms,345339,20,0.001013522556851878,-0.0028318834207131825,-0.003954985299335509,0.001964597934492466,-2.0131270780131607,-0.7454545454545454,0.10029854722461118,10
tod6,fwd_micro_100ms,345339,20,0.0019388267723318745,0.005171315279566125,0.0033505898378328215,0.0048516378811133696,0.690610041379246,-0.07878787878787878,0.10029854722461118,10
tod6,fwd_mid_300ms,345339,20,0.0015670331016321636,-0.003354105309612107,-0.00499543624187885,0.003920566416139047,-1.2741618714365077,-0.06666666666666665,0.10029854722461118,10
tod6,fwd_micro_300ms,345339,20,0.004005666764899689,0.0006320541548013572,-0.003369154190518419,0.0062493080805477545,-0.5391243553835341,0.12727272727272726,0.10029854722461118,10
tod6,fwd_mid_500ms,345339,20,0.0005480657476537608,-0.003999445110095682,-0.00476513113309241,0.00673915195813765,-0.7070817163186871,0.09090909090909088,0.10029854722461118,10
tod6,fwd_micro_500ms,345339,20,0.006088749126861024,0.0027963985419122476,-0.0035034135679846575,0.008033827120673525,-0.436082767946212,0.006060606060606061,0.10029854722461118,10
tod6,fwd_mid_1s,345339,20,0.011820225177489013,-0.005558876910366413,-0.017600158907744096,0.008287576607415066,-2.1236797849924995,-0.5393939393939393,0.10029854722461118,10
tod6,fwd_micro_1s,345339,20,0.021373407741604986,-0.00047601379687621574,-0.021943671432234114,0.01517325775355211,-1.4462069905256192,-0.43030303030303024,0.10029854722461118,10
tod6,fwd_mid_3s,345339,20,0.010455573182270509,-0.007613785900073963,-0.018464695469349927,0.019968896334236205,-0.924672809167357,-0.4666666666666666,0.10029854722461118,10
tod6,fwd_micro_3s,345339,20,0.01889011235786988,0.0028950056628692295,-0.01630526993556572,0.023592311046421743,-0.6911264396049385,-0.18787878787878787,0.10029854722461118,10
tod6,fwd_mid_5s,345339,20,0.012418672220256896,-0.008353203710814324,-0.021174111543537287,0.02372846294015487,-0.8923507433642092,-0.6363636363636362,0.10029854722461118,10
tod6,fwd_micro_5s,345339,20,0.012694259313592018,-0.008152944489405957,-0.021185918616549376,0.024965345696338216,-0.8486130684606067,-0.6484848484848483,0.10029854722461118,10
tod6,fwd_mid_10s,345339,20,0.016292056702435526,0.004468578656822376,-0.011893934985562493,0.04824729064219506,-0.24652026729891763,-0.49090909090909085,0.10029854722461118,10
tod6,fwd_micro_10s,345339,20,0.013466769323352314,0.009263199027990629,-0.004126047831991374,0.047307172955705065,-0.08721822874207047,-0.4545454545454545,0.10029854722461118,10
tod6,fwd_mid_30s,345339,20,0.049021055463610616,0.00034187854614012384,-0.048262870161605645,0.09138421404299037,-0.5281313700296321,-0.406060606060606,0.10029854722461118,10
tod6,fwd_micro_30s,345339,20,0.05576320009615459,0.01500863440749486,-0.04021888440838202,0.09423678078484883,-0.42678542362567967,-0.24848484848484845,0.10029854722461118,10
tod6,fwd_mid_60s,345339,20,0.08664181389187431,0.04053331474772757,-0.04649484129106641,0.11612285831869494,-0.40039353116389037,-0.13939393939393938,0.10029854722461118,10
tod6,fwd_micro_60s,345339,20,0.0898980724512061,0.04031626400891978,-0.049781497201847234,0.11310846128040486,-0.4401217790279628,-0.06666666666666665,0.10029854722461118,10
tod7,fwd_mid_100ms,345339,20,-0.0022048740697609487,-0.001485116607977541,0.0007501757570272388,0.002622568507610144,0.2860462004521087,0.18787878787878787,0.10013638772336747,10
tod7,fwd_micro_100ms,345339,20,-0.0030563914025592987,0.003571980843209179,0.0066803625862349985,0.005365672424745816,1.2450187147888483,0.35757575757575755,0.10013638772336747,10
tod7,fwd_mid_300ms,345339,20,-0.0006947362669826348,-0.0037656829353772863,-0.003161997012931991,0.003664097745766024,-0.8629674294540244,0.13939393939393938,0.10013638772336747,10
tod7,fwd_micro_300ms,345339,20,0.007397409486185396,-0.005393479883621252,-0.012740895129524619,0.007959271820614204,-1.6007614033894655,-0.2727272727272727,0.10013638772336747,10
tod7,fwd_mid_500ms,345339,20,-0.002782300789389507,-0.005187656347658141,-0.002480938451189384,0.0066749448193511056,-0.3716792450473867,-0.2606060606060606,0.10013638772336747,10
tod7,fwd_micro_500ms,345339,20,-0.0012814500748157662,-0.014085696540448828,-0.012908714941755436,0.011030820661636229,-1.1702406681898365,-0.6969696969696969,0.10013638772336747,10
tod7,fwd_mid_1s,345339,20,0.001342275841749469,-0.009753246205972394,-0.011438061737866862,0.006541581975517259,-1.7485161510893434,-0.10303030303030303,0.10013638772336747,10
tod7,fwd_micro_1s,345339,20,0.01147109375746499,-0.018609916337846394,-0.03025249410215572,0.012498327870954683,-2.420523322360632,-0.33333333333333326,0.10013638772336747,10
tod7,fwd_mid_3s,345339,20,0.012437706989407753,-0.010157106046892805,-0.023386663354135757,0.01732100889642631,-1.3501905976713007,-0.04242424242424241,0.10013638772336747,10
tod7,fwd_micro_3s,345339,20,0.03399481045962229,-0.0019649249916564426,-0.03688778120775096,0.01974776930128804,-1.867946735905253,-0.18787878787878787,0.10013638772336747,10
tod7,fwd_mid_5s,345339,20,0.025045906028867443,-0.022689537625934692,-0.04834197458096069,0.02336047081109057,-2.0693921356246787,-0.34545454545454546,0.10013638772336747,10
tod7,fwd_micro_5s,345339,20,0.025734711877696825,-0.021852969948427538,-0.04788974562018737,0.022958514441259462,-2.0859252780799795,-0.309090909090909,0.10013638772336747,10
tod7,fwd_mid_10s,345339,20,0.015121186426389625,-0.0134540300499048,-0.029162535014359912,0.029120920545642002,-1.0014290231193992,-0.13939393939393938,0.10013638772336747,10
tod7,fwd_micro_10s,345339,20,0.01887672725584515,-0.02364826220383207,-0.04312373071642721,0.030401603253756,-1.4184689654845566,-0.05454545454545454,0.10013638772336747,10
tod7,fwd_mid_30s,345339,20,0.11160386592563998,0.006847236752921404,-0.10447864993417397,0.05446557791630753,-1.9182510115786733,-0.23636363636363633,0.10013638772336747,10
tod7,fwd_micro_30s,345339,20,0.12015760244132656,0.013006524555683546,-0.10665396091250656,0.058152823382149436,-1.8340289380557404,-0.2121212121212121,0.10013638772336747,10
tod7,fwd_mid_60s,345339,20,0.2358556618135919,0.050592693291328525,-0.18493842385929546,0.07712320707660596,-2.3979607548684716,-0.2606060606060606,0.10013638772336747,10
tod7,fwd_micro_60s,345339,20,0.24095962882963856,0.054960738709964096,-0.18561484992544264,0.07757656956196828,-2.3926663807578294,-0.19999999999999998,0.10013638772336747,10
tod8,fwd_mid_100ms,345339,20,-0.005046948906742802,-0.0010222933361749694,0.004015658917574697,0.0026131263042172416,1.5367259175700587,0.6,0.1003159214568873,10
tod8,fwd_micro_100ms,345339,20,-0.0008302328300156546,-0.004489587124659504,-0.0037154505350234907,0.006170268885272633,-0.6021537479333566,-0.24848484848484845,0.1003159214568873,10
tod8,fwd_mid_300ms,345339,20,-0.0061919683995322735,0.00038697872545074305,0.006545640661252751,0.004862848450318187,1.346050720709681,0.6969696969696969,0.1003159214568873,10
tod8,fwd_micro_300ms,345339,20,-0.013101312548342386,-0.000734388100442193,0.012474713103790676,0.008030875021940356,1.5533441959574457,0.07878787878787878,0.1003159214568873,10
tod8,fwd_mid_500ms,345339,20,-0.010965421672829226,-0.0008989170312452335,0.009990915921658117,0.007202249572972797,1.3871937955538345,0.4787878787878787,0.1003159214568873,10
tod8,fwd_micro_500ms,345339,20,-0.009354754964538277,-0.005270427935596195,0.003979485500496364,0.01071287169909171,0.3714676710665511,0.19999999999999998,0.1003159214568873,10
tod8,fwd_mid_1s,345339,20,-0.013418407851553769,-0.0030432011706623984,0.010151196491050781,0.010052274019603248,1.0098408052998378,0.2727272727272727,0.1003159214568873,10
tod8,fwd_micro_1s,345339,20,-0.01075224841080129,-0.009768291866957993,0.0005764221863804027,0.013668124947482546,0.04217273317263394,-0.13939393939393938,0.1003159214568873,10
tod8,fwd_mid_3s,345339,20,-0.010453029812345622,0.0002781854007571279,0.010205886238508452,0.029069558508952244,0.35108500995518915,0.04242424242424241,0.1003159214568873,10
tod8,fwd_micro_3s,345339,20,-0.00521463213038086,0.008860118442131347,0.013507933857452317,0.03125991775368783,0.4321167433608728,0.07878787878787878,0.1003159214568873,10
tod8,fwd_mid_5s,345339,20,0.0034296859898717167,-0.0029627930229171634,-0.007292794328359523,0.03323947417104173,-0.21940161540560754,-0.24848484848484845,0.1003159214568873,10
tod8,fwd_micro_5s,345339,20,0.006139321249676789,-0.006497793859789053,-0.013494970794296318,0.03269749381852797,-0.4127218700367005,-0.17575757575757575,0.1003159214568873,10
tod8,fwd_mid_10s,345339,20,0.011796640716087284,0.001631132999643449,-0.010942222830887378,0.04702591684850067,-0.23268494405199988,-0.406060606060606,0.1003159214568873,10
tod8,fwd_micro_10s,345339,20,0.006363297696926812,-0.012751724644448036,-0.01990552580556368,0.046724670979940264,-0.4260174633248777,-0.34545454545454546,0.1003159214568873,10
tod8,fwd_mid_30s,345339,20,0.049922975896089926,-0.032723304126267755,-0.08439675629282312,0.08964747492593195,-0.941429263485145,-0.5393939393939393,0.1003159214568873,10
tod8,fwd_micro_30s,345339,20,0.046052422752443214,-0.04260300852084537,-0.09053773989229655,0.09079132797584365,-0.9972069129376038,-0.5393939393939393,0.1003159214568873,10
tod8,fwd_mid_60s,345339,20,0.07522896273777507,-0.01580406309890535,-0.09433600106420473,0.09491099394680834,-0.993941767347565,-0.29696969696969694,0.1003159214568873,10
tod8,fwd_micro_60s,345339,20,0.08013369897961185,-0.029158387049781104,-0.1125956246632677,0.09430101108177949,-1.1940023057188942,-0.309090909090909,0.1003159214568873,10
tod9,fwd_mid_100ms,345339,20,-0.004763951946339025,-0.00319731479195583,0.001507762284855664,0.002471901801801607,0.6099604295594407,0.10303030303030303,0.10022905029550673,10
tod9,fwd_micro_100ms,345339,20,-0.008657699747452499,0.000982863760672497,0.009645846867851231,0.005365707358430448,1.7976841119924198,0.5878787878787878,0.10022905029550673,10
tod9,fwd_mid_300ms,345339,20,-0.008279665435782506,-0.0008189236862235067,0.007427024020407333,0.004301652330472141,1.726551438803088,0.18787878787878787,0.10022905029550673,10
tod9,fwd_micro_300ms,345339,20,-0.007997048083529645,-0.0040233042925080795,0.0042361214236254175,0.00846605754230113,0.5003653001954451,0.34545454545454546,0.10022905029550673,10
tod9,fwd_mid_500ms,345339,20,-0.01464531386317787,-0.0033641022086024733,0.0111863484572874,0.007346165387858906,1.522746612235985,-0.01818181818181818,0.10022905029550673,10
tod9,fwd_micro_500ms,345339,20,-0.011262838395058688,0.003605910590246574,0.014690474846356041,0.010318781060546161,1.4236637796808231,0.5515151515151515,0.10022905029550673,10
tod9,fwd_mid_1s,345339,20,-0.02230483916707034,-0.0018208649663359311,0.020411385921195346,0.007972296072035945,2.5602894996325367,-0.06666666666666665,0.10022905029550673,10
tod9,fwd_micro_1s,345339,20,-0.015310691295099035,0.0052446628517962,0.020193232830187126,0.011637063917726218,1.7352515181623847,0.43030303030303024,0.10022905029550673,10
tod9,fwd_mid_3s,345339,20,-0.024007386592039475,0.0030317847192898387,0.027266529473070282,0.01989165259887987,1.370752346368934,0.35757575757575755,0.10022905029550673,10
tod9,fwd_micro_3s,345339,20,-0.015194861163308936,0.018824021308264667,0.03381307795687526,0.022311301173532177,1.5155134921932572,0.32121212121212117,0.10022905029550673,10
tod9,fwd_mid_5s,345339,20,-0.02804338926407058,0.01616864576760288,0.04368795948059495,0.029651356470058624,1.4733882250786814,0.5515151515151515,0.10022905029550673,10
tod9,fwd_micro_5s,345339,20,-0.030033042117880732,0.020073448488996136,0.0495299833978036,0.030996809478580755,1.5979058564730522,0.41818181818181815,0.10022905029550673,10
tod9,fwd_mid_10s,345339,20,-0.06468619395055103,0.05068424912803802,0.11529213364401063,0.054722291519869744,2.1068586574476305,0.5515151515151515,0.10022905029550673,10
tod9,fwd_micro_10s,345339,20,-0.06185211465719957,0.05542392738290923,0.11709777250233185,0.05762957060488873,2.031904303177272,0.6727272727272726,0.10022905029550673,10
tod9,fwd_mid_30s,345339,20,-0.09514386345144846,0.07034282023791313,0.16439283847261965,0.04626594940931003,3.553214417329975,0.28484848484848485,0.10022905029550673,10
tod9,fwd_micro_30s,345339,20,-0.0819745046185655,0.06952804253304805,0.15046373564474338,0.045331028297964045,3.3192217625361295,0.18787878787878787,0.10022905029550673,10
tod9,fwd_mid_60s,345339,20,-0.059004450435166535,0.1400500184811247,0.19897413743531198,0.07124783390351783,2.7927043747710023,0.10303030303030303,0.10022905029550673,10
tod9,fwd_micro_60s,345339,20,-0.06100918371771148,0.13824038103099298,0.19939601506120577,0.0740565527578738,2.6924830772656465,0.07878787878787878,0.10022905029550673,10
tod10,fwd_mid_100ms,345339,20,-0.0021526126169891884,-0.0006192162589674011,0.001519023502421073,0.002908313599952353,0.522303888564823,0.4545454545454545,0.1003941055021298,10
tod10,fwd_micro_100ms,345339,20,-0.007813588876654566,0.003803719490325635,0.011824741138906799,0.005229626661285706,2.2611061754071144,0.6484848484848483,0.1003941055021298,10
tod10,fwd_mid_300ms,345339,20,0.0014630322748041995,0.0026640872744923077,0.0012998520541449622,0.004296389143165931,0.30254523294580454,0.23636363636363633,0.1003941055021298,10
tod10,fwd_micro_300ms,345339,20,-0.007905823834089077,-0.00033310068509471096,0.007788247012701312,0.008256380892404522,0.9433003532899177,0.6484848484848483,0.1003941055021298,10
tod10,fwd_mid_500ms,345339,20,-0.002792929948181536,0.001226584444444787,0.00405960652934023,0.006345807875079457,0.6397304502839836,0.22424242424242422,0.1003941055021298,10
tod10,fwd_micro_500ms,345339,20,-0.010341227015216396,-0.0032027675739434948,0.007356153810300134,0.011575923551847412,0.6354701443347178,0.5757575757575757,0.1003941055021298,10
tod10,fwd_mid_1s,345339,20,-0.004597799270791108,-0.0026817762027492357,0.0019813771840214212,0.01566213365427911,0.1265074879168894,0.09090909090909088,0.1003941055021298,10
tod10,fwd_micro_1s,345339,20,-0.0001446178922773844,-0.00036853144386697596,0.00004715284031097441,0.019595424019018346,0.0024063189582021905,0.0303030303030303,0.1003941055021298,10
tod10,fwd_mid_3s,345339,20,0.005273996092880893,0.009535761184065045,0.004552767793908183,0.026723596317914603,0.17036508633593453,-0.17575757575757575,0.1003941055021298,10
tod10,fwd_micro_3s,345339,20,0.012872411085062945,0.01569059888793364,0.0031583790662325652,0.0290681068917352,0.1086544465381257,-0.0303030303030303,0.1003941055021298,10
tod10,fwd_mid_5s,345339,20,0.01933938262282346,0.007413653480602013,-0.011825267606036692,0.03675128339043429,-0.3217647525505082,-0.1515151515151515,0.1003941055021298,10
tod10,fwd_micro_5s,345339,20,0.02296300243387252,0.008134665015677722,-0.014257975745194496,0.04015000938464167,-0.3551176192414169,-0.19999999999999998,0.1003941055021298,10
tod10,fwd_mid_10s,345339,20,0.011381332507390393,0.043017433003746317,0.0313396865469381,0.044787501694022736,0.6997417887035355,0.7818181818181817,0.1003941055021298,10
tod10,fwd_micro_10s,345339,20,0.017217842643909458,0.03836431711796639,0.021414901057051523,0.04639364752257666,0.46159123502049143,0.7333333333333332,0.1003941055021298,10
tod10,fwd_mid_30s,345339,20,0.07841177454121571,0.06216641564563714,-0.01754770547453095,0.08601077267104043,-0.20401753093934488,0.19999999999999998,0.1003941055021298,10
tod10,fwd_micro_30s,345339,20,0.08121282375961128,0.06116928204325552,-0.021143233825807684,0.08885778350554531,-0.23794464583384758,0.17575757575757575,0.1003941055021298,10
tod10,fwd_mid_60s,345339,20,0.1854138648873284,0.10156597289567625,-0.08744614602810188,0.0993117845465839,-0.8805213442427244,0.05454545454545454,0.1003941055021298,10
tod10,fwd_micro_60s,345339,20,0.19535979506664577,0.09509137592214986,-0.10345842688214535,0.10095102870693097,-1.0248377674535003,-0.16363636363636364,0.1003941055021298,10
tod11,fwd_mid_100ms,345339,20,-0.005264811924480667,-0.0003603143264585354,0.0048479215274754486,0.0031423609974022687,1.5427640336304884,-0.006060606060606061,0.10028696440309377,10
tod11,fwd_micro_100ms,345339,20,-0.0014023598319863044,0.00249414009099911,0.0036441812875688353,0.0064676608035783255,0.5634465687428506,-0.24848484848484845,0.10028696440309377,10
tod11,fwd_mid_300ms,345339,20,-0.008483622818353886,0.002474011427494115,0.0109191608316858,0.004383745757128333,2.4908289478080117,0.24848484848484845,0.10028696440309377,10
tod11,fwd_micro_300ms,345339,20,-0.009244570756403536,-0.0010013787280044098,0.008096282550928393,0.006885266632806748,1.1758851156687855,-0.35757575757575755,0.10028696440309377,10
tod11,fwd_mid_500ms,345339,20,-0.00921667716270733,0.0057937773584719856,0.015117737524265174,0.0064039011296970075,2.3607075153236243,0.5151515151515151,0.10028696440309377,10
tod11,fwd_micro_500ms,345339,20,-0.014725691082422412,0.01024167088205199,0.025121828680538222,0.008979616339017008,2.797650560122738,0.19999999999999998,0.10028696440309377,10
tod11,fwd_mid_1s,345339,20,-0.0019540832011211797,-0.00405941208568246,-0.002360499935645584,0.012576324450187897,-0.187693943885991,-0.43030303030303024,0.10028696440309377,10
tod11,fwd_micro_1s,345339,20,0.004683641291968402,0.007721242403221229,0.002650413729169358,0.018117134151900676,0.14629321099834666,-0.24848484848484845,0.10028696440309377,10
tod11,fwd_mid_3s,345339,20,-0.012054419871501503,0.01863191941124283,0.0303466170217783,0.021159091626228067,1.4342117118185593,0.34545454545454546,0.10028696440309377,10
tod11,fwd_micro_3s,345339,20,0.0020705442895611104,0.023717545240556734,0.020989587330209315,0.02192797491069053,0.9572059169028088,0.1515151515151515,0.10028696440309377,10
tod11,fwd_mid_5s,345339,20,0.009321045952409426,0.034399892855311275,0.024686728020888254,0.01900264698002994,1.299120488152612,0.2121212121212121,0.10028696440309377,10
tod11,fwd_micro_5s,345339,20,0.013097658668627781,0.035916557299602074,0.02218339902426541,0.02072977790982502,1.0701223679657192,0.10303030303030303,0.10028696440309377,10
tod11,fwd_mid_10s,345339,20,0.033718037555482826,0.05665869279422233,0.021976713992259606,0.036851245403179,0.5963628569894619,0.05454545454545454,0.10028696440309377,10
tod11,fwd_micro_10s,345339,20,0.03624522508298573,0.05854129106557006,0.02127460929447554,0.037168552123931366,0.5723819755889189,0.06666666666666665,0.10028696440309377,10
tod11,fwd_mid_30s,345339,20,0.08107660315202397,0.1851128428717707,0.10406474742882219,0.07250871481311204,1.435203308968369,0.17575757575757575,0.10028696440309377,10
tod11,fwd_micro_30s,345339,20,0.07248652870028333,0.19993273557235544,0.1274981796804888,0.07257338958155281,1.7568172082856268,0.24848484848484845,0.10028696440309377,10
tod11,fwd_mid_60s,345339,20,0.05982348259098124,0.2704156540543822,0.20834174124781116,0.0988146346906383,2.108409770476533,0.23636363636363633,0.10028696440309377,10
tod11,fwd_micro_60s,345339,20,0.06032367747732244,0.27283494488019583,0.21021221339678237,0.09919208596584873,2.119243802062568,0.23636363636363633,0.10028696440309377,10
tod12,fwd_mid_100ms,345339,20,-0.004079113437280692,-0.0027876812235051365,0.00130239057256581,0.0022994231950474926,0.5663988148727491,0.43030303030303024,0.10029854722461118,10
tod12,fwd_micro_100ms,345339,20,-0.00296296606320884,0.0021124693519788992,0.005098197787994219,0.003695474327962773,1.3795787321311832,0.38181818181818183,0.10029854722461118,10
tod12,fwd_mid_300ms,345339,20,-0.0031835499307773557,-0.0035715734468218232,-0.00036606672804631775,0.004888612018818044,-0.0748815260113083,0.34545454545454546,0.10029854722461118,10
tod12,fwd_micro_300ms,345339,20,-0.0021557328859685347,-0.007271777642851245,-0.005148627020055479,0.007922780317654327,-0.649851038855993,-0.06666666666666665,0.10029854722461118,10
tod12,fwd_mid_500ms,345339,20,-0.010127604878740685,-0.004491439434884525,0.005718757199782436,0.007909754285543037,0.7230006133357175,0.6363636363636362,0.10029854722461118,10
tod12,fwd_micro_500ms,345339,20,-0.01540855612951458,-0.014674343753613185,0.0006978302824389229,0.010186851967547001,0.06850303554641335,0.2606060606060606,0.10029854722461118,10
tod12,fwd_mid_1s,345339,20,-0.017782829787845032,-0.007795632313071113,0.010138598267651426,0.011981588615119042,0.8461814700312755,0.4545454545454545,0.10029854722461118,10
tod12,fwd_micro_1s,345339,20,-0.014559714549541442,-0.006133272028282224,0.008538009523604551,0.01671535077253164,0.5107885344311813,0.32121212121212117,0.10029854722461118,10
tod12,fwd_mid_3s,345339,20,-0.028590777079235043,-0.02639764103564226,0.00266828027499964,0.02009527584632307,0.13278147040155552,0.34545454545454546,0.10029854722461118,10
tod12,fwd_micro_3s,345339,20,-0.026873496904448672,-0.023013850920645857,0.004438448272439744,0.024187357095734587,0.18350282153077646,0.38181818181818183,0.10029854722461118,10
tod12,fwd_mid_5s,345339,20,-0.019133209821354902,-0.013762145357315994,0.00599236526429682,0.02049394514100871,0.29239686273513055,0.406060606060606,0.10029854722461118,10
tod12,fwd_micro_5s,345339,20,-0.030683770967895554,-0.018612371723547554,0.012754054738366643,0.027088741281859195,0.47082493075851356,0.38181818181818183,0.10029854722461118,10
tod12,fwd_mid_10s,345339,20,0.010804914495193066,-0.005867162276893095,-0.015956915428449642,0.036700562208304345,-0.4347866754160791,-0.16363636363636364,0.10029854722461118,10
tod12,fwd_micro_10s,345339,20,-0.001194976916424883,-0.010704010202035137,-0.008721747276655704,0.040286406964294356,-0.21649355040239118,-0.07878787878787878,0.10029854722461118,10
tod12,fwd_mid_30s,345339,20,0.09438491344289349,0.026705740703362253,-0.06729497383231872,0.06496769158111106,-1.035822147817921,-0.34545454545454546,0.10029854722461118,10
tod12,fwd_micro_30s,345339,20,0.08819181132316425,0.017101163866963025,-0.07077618819811453,0.07196179472963991,-0.9835245002437794,-0.35757575757575755,0.10029854722461118,10
tod12,fwd_mid_60s,345339,20,0.2026449119737495,0.02327655875689449,-0.17953521191574445,0.10273642809953704,-1.7475321581338246,-0.7212121212121211,0.10029854722461118,10
tod12,fwd_micro_60s,345339,20,0.19298401701341397,0.016083181865832935,-0.17680736000906686,0.10814483176331466,-1.6349127103551904,-0.6363636363636362,0.10029854722461118,10
tod13,fwd_mid_100ms,345339,20,-0.0006679549028475288,-0.0017898111811092627,-0.001074820162694043,0.0025533069775969027,-0.42095218950352453,-0.3696969696969697,0.10020009324171321,10
tod13,fwd_micro_100ms,345339,20,-0.0021499165599866907,0.005077483327786464,0.0072608245220474234,0.004649174935500915,1.5617447445575892,0.709090909090909,0.10020009324171321,10
tod13,fwd_mid_300ms,345339,20,-0.002149049909596566,-0.001620377555919901,0.0005483500390839177,0.003515573088871504,0.15597742536478956,0.2606060606060606,0.10020009324171321,10
tod13,fwd_micro_300ms,345339,20,-0.005366065482890847,0.0023767081427409596,0.007655678055185927,0.00617938896441775,1.2389053512036492,0.6363636363636362,0.10020009324171321,10
tod13,fwd_mid_500ms,345339,20,-0.0016087753363059714,-0.002215885761072923,-0.0006817143622592714,0.005503745085602859,-0.12386372400178107,0.12727272727272726,0.10020009324171321,10
tod13,fwd_micro_500ms,345339,20,-0.002298945581370209,-0.0028348192683378356,-0.00039314127978321836,0.00797172478949585,-0.04931696592201115,0.309090909090909,0.10020009324171321,10
tod13,fwd_mid_1s,345339,20,-0.0026260191298274954,-0.012039393077939373,-0.009359363401483547,0.015999873592199634,-0.5849648341000948,-0.0303030303030303,0.10020009324171321,10
tod13,fwd_micro_1s,345339,20,0.004383585451736004,-0.004669067253173359,-0.008609963013576138,0.01873392243412188,-0.4595921139234564,0.06666666666666665,0.10020009324171321,10
tod13,fwd_mid_3s,345339,20,0.014035342219830452,0.005812119961065548,-0.008550775354800514,0.03225828826952794,-0.26507219736385734,-0.11515151515151514,0.10020009324171321,10
tod13,fwd_micro_3s,345339,20,0.02614177765192318,0.01684690631021351,-0.00910462367967601,0.034692359450450454,-0.26243887195622245,-0.18787878787878787,0.10020009324171321,10
tod13,fwd_mid_5s,345339,20,0.0401500677892072,-0.004126887842741554,-0.04423999319333034,0.03473506664258881,-1.2736406596982746,-0.4787878787878787,0.10020009324171321,10
tod13,fwd_micro_5s,345339,20,0.03903634672371794,-0.0047382517816269565,-0.04380220823770278,0.0382329250505086,-1.1456672012365452,-0.28484848484848485,0.10020009324171321,10
tod13,fwd_mid_10s,345339,20,0.03729648823037225,-0.013264467632500101,-0.05072543443803233,0.05522307174089614,-0.9185551045771866,-0.32121212121212117,0.10020009324171321,10
tod13,fwd_micro_10s,345339,20,0.031998840066826066,-0.009129360107934012,-0.0409949483767089,0.05827429721608513,-0.7034825014653853,-0.2121212121212121,0.10020009324171321,10
tod13,fwd_mid_30s,345339,20,0.11659382715299954,0.020626137046560307,-0.09598799847554443,0.07352767158165507,-1.3054676751044179,-0.6848484848484848,0.10020009324171321,10
tod13,fwd_micro_30s,345339,20,0.11764590850762084,0.03164265402884743,-0.08602854744042851,0.07554583314498994,-1.138759662300895,-0.6606060606060605,0.10020009324171321,10
tod13,fwd_mid_60s,345339,20,0.11543198333867812,0.09601378851997915,-0.017679744556015103,0.07068950665059825,-0.25010422895440415,-0.2727272727272727,0.10020009324171321,10
tod13,fwd_micro_60s,345339,20,0.11216368482327103,0.09433053091689174,-0.016075734781635244,0.0703766852686243,-0.22842415382700912,-0.16363636363636364,0.10020009324171321,10
tod14,fwd_mid_100ms,345339,20,0.0006755979610837269,-0.0014624200990212633,-0.0021536932574501076,0.0015701178905895312,-1.3716761463315736,-0.5878787878787878,0.10019430183095451,10
tod14,fwd_micro_100ms,345339,20,-0.0033551089499492944,0.003001996066333418,0.0062859165631215545,0.003829249746064219,1.6415530404049379,0.33333333333333326,0.10019430183095451,10
tod14,fwd_mid_300ms,345339,20,0.0015256650192325587,-0.0006417711637646626,-0.0021457923271090244,0.004018455705204132,-0.5339843174904478,-0.5272727272727272,0.10019430183095451,10
tod14,fwd_micro_300ms,345339,20,-0.004305597308947453,-0.0008487043269095607,0.0034817400779127332,0.006108485399216817,0.5699841859913646,-0.2121212121212121,0.10019430183095451,10
tod14,fwd_mid_500ms,345339,20,-0.00009736783572199849,0.0008165365241774635,0.0009352371930651079,0.004147354961410499,0.22550208548993778,-0.4666666666666666,0.10019430183095451,10
tod14,fwd_micro_500ms,345339,20,-0.01088825086781842,0.004783646366907212,0.01581135524872216,0.006718766926410099,2.353312061856314,-0.06666666666666665,0.10019430183095451,10
tod14,fwd_mid_1s,345339,20,-0.0015159831509482513,0.005305087710309729,0.00685467553485908,0.010628188872307353,0.6449523636825384,-0.10303030303030303,0.10019430183095451,10
tod14,fwd_micro_1s,345339,20,0.003748324334101038,0.017881152527397453,0.014224507756458943,0.009502630393869659,1.496902138342186,-0.2121212121212121,0.10019430183095451,10
tod14,fwd_mid_3s,345339,20,0.004605645615008537,0.017526833196031353,0.012632945114202565,0.023159681055583244,0.5454714632677148,-0.38181818181818183,0.10019430183095451,10
tod14,fwd_micro_3s,345339,20,0.002970613020250243,0.032025700154254516,0.028874555444703093,0.021543721232355272,1.3402770641748774,-0.18787878787878787,0.10019430183095451,10
tod14,fwd_mid_5s,345339,20,0.024764479779617817,0.015351572966888981,-0.009761145622869798,0.03785310469659636,-0.2578690889719144,-0.17575757575757575,0.10019430183095451,10
tod14,fwd_micro_5s,345339,20,0.013741207292447828,0.021324563262137473,0.00705366774588659,0.038648498853271006,0.1825081945010551,0.11515151515151514,0.10019430183095451,10
tod14,fwd_mid_10s,345339,20,0.025840869097874305,0.009671542531903094,-0.016889399378128715,0.03489497718987076,-0.4840066031919154,-0.2606060606060606,0.10019430183095451,10
tod14,fwd_micro_10s,345339,20,0.01207613653826536,0.017672248318139364,0.0046914993755089495,0.036091024664164945,0.12999075030882054,0.04242424242424241,0.10019430183095451,10
tod14,fwd_mid_30s,345339,20,0.042095940214437265,0.029346515317370925,-0.012290983314832091,0.06351050555881141,-0.19352677492781897,0.07878787878787878,0.10019430183095451,10
tod14,fwd_micro_30s,345339,20,0.0421179920732602,0.032892689426478466,-0.008862896447564021,0.060092156258386126,-0.1474884077957706,0.06666666666666665,0.10019430183095451,10
tod14,fwd_mid_60s,345339,20,0.10193264357080184,0.0878223851186075,-0.014329617047194595,0.0832161227775345,-0.17219760509033352,0.01818181818181818,0.10019430183095451,10
tod14,fwd_micro_60s,345339,20,0.09700130766716467,0.09940373827093682,0.0019347155142416307,0.08178843260491628,0.0236551239903005,0.09090909090909088,0.10019430183095451,10
tod15,fwd_mid_100ms,345339,20,0.00028578867496973373,-0.0028842495715190783,-0.003145411589072894,0.0029296207122135065,-1.0736582984820395,-0.309090909090909,0.10020009324171321,10
tod15,fwd_micro_100ms,345339,20,-0.0009692951958117109,-0.001036753360886016,0.00001273057760751966,0.005893036141432348,0.0021602748230261817,-0.09090909090909088,0.10020009324171321,10
tod15,fwd_mid_300ms,345339,20,0.0055122250229748815,-0.00039662050676863143,-0.005837619454290398,0.005121115347153633,-1.1399117298802897,-0.38181818181818183,0.10020009324171321,10
tod15,fwd_micro_300ms,345339,20,0.009087855398686139,0.001750166232144575,-0.007102503939936243,0.008069979171864668,-0.8801142839003291,-0.19999999999999998,0.10020009324171321,10
tod15,fwd_mid_500ms,345339,20,0.006968105195028684,0.002384832833973849,-0.004481464870230937,0.006778067596414081,-0.6611714631765909,-0.3939393939393939,0.10020009324171321,10
tod15,fwd_micro_500ms,345339,20,0.00806854196943348,0.00855214396313301,0.0007898710942658576,0.01225205059567351,0.06446848126343682,-0.04242424242424241,0.10020009324171321,10
tod15,fwd_mid_1s,345339,20,0.01704907862471213,0.0016394513140392335,-0.01516151708243838,0.017609090145076903,-0.8610051375469386,-0.23636363636363633,0.10020009324171321,10
tod15,fwd_micro_1s,345339,20,0.016041275324117886,0.014244943658212144,-0.0012696843643212187,0.022270415994491987,-0.05701215301210549,-0.12727272727272726,0.10020009324171321,10
tod15,fwd_mid_3s,345339,20,0.02532562574228289,0.004299878372511073,-0.020589850557048425,0.03114291165429087,-0.6611408331247524,-0.24848484848484845,0.10020009324171321,10
tod15,fwd_micro_3s,345339,20,0.03649269676226335,0.017400643535578422,-0.018215820291986498,0.03176608261822219,-0.5734361555030785,0.01818181818181818,0.10020009324171321,10
tod15,fwd_mid_5s,345339,20,0.009417214350430159,0.014814986932890723,0.005615463011610646,0.029380549391613664,0.19112859112204056,0.0303030303030303,0.10020009324171321,10
tod15,fwd_micro_5s,345339,20,0.009651859472516133,0.011334258275185157,0.0017264562084974284,0.03003428948170354,0.05748283839207053,0.19999999999999998,0.10020009324171321,10
tod15,fwd_mid_10s,345339,20,-0.01609411497761698,0.029223564934009936,0.045005947277484463,0.037531575568400144,1.199148892522844,0.709090909090909,0.10020009324171321,10
tod15,fwd_micro_10s,345339,20,-0.010644450051790932,0.028510033039528607,0.03865825956699589,0.03978585589457173,0.9716583619423985,0.6484848484848483,0.10020009324171321,10
tod15,fwd_mid_30s,345339,20,0.019735358937407754,0.07219703705797403,0.05079555617695124,0.058974103486459206,0.8613196839628803,0.22424242424242422,0.10020009324171321,10
tod15,fwd_micro_30s,345339,20,0.012954655653068647,0.07973760613718944,0.06518707132258542,0.06277298969951768,1.038457330686709,0.32121212121212117,0.10020009324171321,10
tod15,fwd_mid_60s,345339,20,0.1836403870801061,0.17469609283136323,-0.011882288374975788,0.0923544734025081,-0.1286595866687395,-0.12727272727272726,0.10020009324171321,10
tod15,fwd_micro_60s,345339,20,0.18140405241336205,0.1751603214021514,-0.00895195356037636,0.0934420528042966,-0.09580219282131114,0.04242424242424241,0.10020009324171321,10
tod16,fwd_mid_100ms,345339,20,-0.002624864213126125,-0.00032596966687844896,0.0022504734245969264,0.0029159585786810802,0.7717782553738607,0.7454545454545454,0.100478080958131,10
tod16,fwd_micro_100ms,345339,20,-0.0017723477728307682,0.004679244624751992,0.006601427184066709,0.005540942243847672,1.1913907226512848,0.6969696969696969,0.100478080958131,10
tod16,fwd_mid_300ms,345339,20,-0.002790442701427988,0.00038278393196036715,0.003161269561121014,0.003387879259293192,0.93311163685938,0.41818181818181815,0.100478080958131,10
tod16,fwd_micro_300ms,345339,20,-0.009020877194752416,0.0026632303420892492,0.01177948171438148,0.008777694665270288,1.3419789778047333,0.7575757575757575,0.100478080958131,10
tod16,fwd_mid_500ms,345339,20,-0.004635822368103888,-0.0006854448439045433,0.004050430225225631,0.0060719513993028155,0.667072240678788,0.19999999999999998,0.100478080958131,10
tod16,fwd_micro_500ms,345339,20,-0.0078064153075711575,-0.0012311530207011693,0.006749257080279789,0.009233398124706518,0.730961341547732,0.5878787878787878,0.100478080958131,10
tod16,fwd_mid_1s,345339,20,-0.0026726413000361755,-0.003656260385618184,-0.0010628260178262138,0.012104221882337477,-0.08780622399008509,0.4666666666666666,0.100478080958131,10
tod16,fwd_micro_1s,345339,20,0.0026952032065716293,0.010696429739110037,0.007770413110071266,0.014813999960131613,0.5245317355868435,0.6,0.100478080958131,10
tod16,fwd_mid_3s,345339,20,-0.0021961854953295515,0.03108683100507454,0.03368501760478281,0.024939701782361927,1.3506583959478546,0.19999999999999998,0.100478080958131,10
tod16,fwd_micro_3s,345339,20,0.003629072043627688,0.03721844663564847,0.03393666892120941,0.022976090446956594,1.4770427980146053,0.3939393939393939,0.100478080958131,10
tod16,fwd_mid_5s,345339,20,-0.00428572475797247,-0.000566330978909099,0.004047929433297245,0.02010283896351048,0.2013610834094037,0.01818181818181818,0.100478080958131,10
tod16,fwd_micro_5s,345339,20,-0.007521579531334217,0.005976230584924311,0.014086181280609632,0.018963412840513696,0.7428083435759897,0.13939393939393938,0.100478080958131,10
tod16,fwd_mid_10s,345339,20,-0.013779096870403905,0.003609055937663129,0.019143377898071617,0.03878646191917772,0.49355824044900304,-0.05454545454545454,0.100478080958131,10
tod16,fwd_micro_10s,345339,20,-0.02031380862396395,-0.0016786095505347703,0.02045399949768886,0.036735307867984186,0.5567940133017116,0.01818181818181818,0.100478080958131,10
tod16,fwd_mid_30s,345339,20,-0.0361795462472267,0.06889375584089036,0.10742203222781029,0.08293082764756185,1.2953208749384582,0.5030303030303029,0.100478080958131,10
tod16,fwd_micro_30s,345339,20,-0.04137174399943334,0.08288282690453666,0.1268075099152572,0.08426236016317364,1.5049128658358855,0.6727272727272726,0.100478080958131,10
tod16,fwd_mid_60s,345339,20,0.018168850469633152,0.09204235925311322,0.0801951638413848,0.10132495981818693,0.7914650445979301,0.2606060606060606,0.100478080958131,10
tod16,fwd_micro_60s,345339,20,0.016511844755734206,0.09191332887501844,0.08191379440297195,0.10345974236334866,0.7917455865615076,0.24848484848484845,0.100478080958131,10
tod17,fwd_mid_100ms,345339,20,-0.00045443098611786274,-0.0024597962467689063,-0.0019742842276862997,0.003087052388898068,-0.6395370013111523,-0.12727272727272726,0.1003159214568873,10
tod17,fwd_micro_100ms,345339,20,0.004592964241220949,0.004670206256110531,0.0002613168740149082,0.007846591538858482,0.03330323398647617,-0.0303030303030303,0.1003159214568873,10
tod17,fwd_mid_300ms,345339,20,-0.0024378247112753233,-0.004914730968065274,-0.0024030989852031294,0.004704229373868911,-0.51083797030644,-0.12727272727272726,0.1003159214568873,10
tod17,fwd_micro_300ms,345339,20,0.0013935376164917886,0.002520214624623084,0.0012914321602596364,0.007350723549406845,0.17568776074619846,0.18787878787878787,0.1003159214568873,10
tod17,fwd_mid_500ms,345339,20,-0.0026476551962144232,-0.004076193311387435,-0.0012082811697988155,0.004312163292190457,-0.28020301828251104,-0.3696969696969697,0.1003159214568873,10
tod17,fwd_micro_500ms,345339,20,-0.0015385556561988824,0.0026202464568505076,0.004399642195546773,0.007673728980594758,0.5733382305620306,0.28484848484848485,0.1003159214568873,10
tod17,fwd_mid_1s,345339,20,-0.004711700383109525,-0.0018536729524240877,0.003024352248195094,0.007739444808663079,0.39077121459795305,0.05454545454545454,0.1003159214568873,10
tod17,fwd_micro_1s,345339,20,-0.0029005327806568386,0.009817954111457604,0.012926167984594361,0.015164206606749555,0.8524130750659222,-0.13939393939393938,0.1003159214568873,10
tod17,fwd_mid_3s,345339,20,-0.008800571550415914,0.016168943090980603,0.025084531910236917,0.02123161822820247,1.1814705615286794,0.5878787878787878,0.1003159214568873,10
tod17,fwd_micro_3s,345339,20,0.003203884490076532,0.034332805762791276,0.031309158180586105,0.025269291467530142,1.23902002637537,0.32121212121212117,0.1003159214568873,10
tod17,fwd_mid_5s,345339,20,-0.0014283882722622284,0.011664885419608433,0.012952621599564344,0.019431047677474122,0.6665940928434837,0.01818181818181818,0.1003159214568873,10
tod17,fwd_micro_5s,345339,20,-0.008819576456638495,0.016650706718298405,0.02540199633510662,0.022024591692533124,1.1533469809439654,0.28484848484848485,0.1003159214568873,10
tod17,fwd_mid_10s,345339,20,-0.004353401129513042,0.01758454179768226,0.021733300603233516,0.0287643134709045,0.7555647252007961,-0.2121212121212121,0.1003159214568873,10
tod17,fwd_micro_10s,345339,20,-0.000047779717037857994,0.024720677541297646,0.02453390437663308,0.030606597729559464,0.8015887487206246,-0.2121212121212121,0.1003159214568873,10
tod17,fwd_mid_30s,345339,20,0.012922955443540248,0.03155691744800167,0.019193706547991917,0.0513292515178472,0.3739331079339479,-0.24848484848484845,0.1003159214568873,10
tod17,fwd_micro_30s,345339,20,0.001099121330719146,0.036233648078608884,0.03552485185705632,0.05448704265936452,0.6519871537008582,-0.24848484848484845,0.1003159214568873,10
tod17,fwd_mid_60s,345339,20,0.03244232322714116,0.12439072877452945,0.09581664722099384,0.07369202526552872,1.3002308848989452,0.23636363636363633,0.1003159214568873,10
tod17,fwd_micro_60s,345339,20,0.03179237279485114,0.12798687506720818,0.0999385621746152,0.0728082508717701,1.3726268792066851,0.23636363636363633,0.1003159214568873,10
tod18,fwd_mid_100ms,345339,20,-0.00012018189688378858,-0.002244280300231449,-0.0020512645207461802,0.003310372478561459,-0.6196476481213283,0.06666666666666665,0.10019719753633387,10
tod18,fwd_micro_100ms,345339,20,-0.002623964005312639,-0.000393018922475899,0.0022802082892753725,0.0052779931527956415,0.4320218354333397,0.3939393939393939,0.10019719753633387,10
tod18,fwd_mid_300ms,345339,20,0.0009577374333858057,-0.0010658675136099355,-0.0020285161734904162,0.00583374388447451,-0.34772115705815565,0.04242424242424241,0.10019719753633387,10
tod18,fwd_micro_300ms,345339,20,0.00048743185303229435,-0.004466685045506081,-0.005085742455411459,0.007772421615528348,-0.6543317780459527,0.11515151515151514,0.10019719753633387,10
tod18,fwd_mid_500ms,345339,20,0.0026312804160253207,0.001790355343318814,-0.0007795117476175343,0.006559685647479186,-0.11883370477015037,-0.07878787878787878,0.10019719753633387,10
tod18,fwd_micro_500ms,345339,20,0.004964941741135684,-0.0020190215385171746,-0.0071919707472229075,0.0089168562751942,-0.8065590074867809,-0.12727272727272726,0.10019719753633387,10
tod18,fwd_mid_1s,345339,20,0.002301003679674754,-0.005998364808838811,-0.008473091923774295,0.014059760527246796,-0.6026483813400704,-0.17575757575757575,0.10019719753633387,10
tod18,fwd_micro_1s,345339,20,0.002016093374285787,-0.014381687190484849,-0.016899121621506294,0.016449242815964226,-1.027349514538472,0.05454545454545454,0.10019719753633387,10
tod18,fwd_mid_3s,345339,20,0.011826299420802672,-0.01252614381772226,-0.02462138730499843,0.019202812499552937,-1.2821761034000434,-0.18787878787878787,0.10019719753633387,10
tod18,fwd_micro_3s,345339,20,0.017189067966945522,-0.009987495984121466,-0.027690810666992673,0.02197351075946723,-1.260190552620826,-0.05454545454545454,0.10019719753633387,10
tod18,fwd_mid_5s,345339,20,0.010814297603129653,-0.009818119132977263,-0.021519921469728098,0.023762555548985424,-0.9056231946671629,-0.23636363636363633,0.10019719753633387,10
tod18,fwd_micro_5s,345339,20,-0.0001507031252020734,-0.008778643037676672,-0.009427409927318315,0.026702630419772496,-0.3530517323243781,0.10303030303030303,0.10019719753633387,10
tod18,fwd_mid_10s,345339,20,0.013699302737436055,0.01084954733109915,-0.0040893770011200155,0.0438961586671941,-0.09316024739486421,-0.07878787878787878,0.10019719753633387,10
tod18,fwd_micro_10s,345339,20,0.02000556374169756,0.006520158878705849,-0.014798489101931855,0.04543176206946222,-0.3257300273607245,0.06666666666666665,0.10019719753633387,10
tod18,fwd_mid_30s,345339,20,0.013833484737409259,0.05984330702402174,0.04165781064425346,0.07809603876364851,0.5334177162343346,0.19999999999999998,0.10019719753633387,10
tod18,fwd_micro_30s,345339,20,0.0004885751323414359,0.05445581728809109,0.04944007385956588,0.08077340802014443,0.6120835442183621,0.16363636363636364,0.10019719753633387,10
tod18,fwd_mid_60s,345339,20,0.044887037209759346,0.22890543534874883,0.17605343708098758,0.11359027672519136,1.5498988307503923,0.6969696969696969,0.10019719753633387,10
tod18,fwd_micro_60s,345339,20,0.03055563849966441,0.22145755898366765,0.18292424813202474,0.11592554617349737,1.5779459676494019,0.7333333333333332,0.10019719753633387,10
tod19,fwd_mid_100ms,345339,20,-0.004183552396292284,-0.00018287185247678836,0.0039794724886423926,0.0037585830108426968,1.0587693492900057,0.7212121212121211,0.10022325888474803,10
tod19,fwd_micro_100ms,345339,20,-0.007217729006627009,0.0035735797118335287,0.010883410597157833,0.006166347498724339,1.7649687435567547,0.7575757575757575,0.10022325888474803,10
tod19,fwd_mid_300ms,345339,20,-0.004949909491339923,0.00018161758982937766,0.0050793564062909715,0.004535888552657061,1.1198150808435439,0.7333333333333332,0.10022325888474803,10
tod19,fwd_micro_300ms,345339,20,-0.0029465347644085822,0.0027441513381772815,0.005668769886096915,0.006900418945020586,0.821510973647123,0.5151515151515151,0.10022325888474803,10
tod19,fwd_mid_500ms,345339,20,-0.005158735329456172,0.00047526687694331767,0.0055279719497228885,0.005949507669760777,0.9291477978622662,0.6484848484848483,0.10022325888474803,10
tod19,fwd_micro_500ms,345339,20,-0.002153833761346205,0.004553320130196553,0.006735348059419338,0.011568789325019811,0.5821999061606911,0.5636363636363636,0.10022325888474803,10
tod19,fwd_mid_1s,345339,20,-0.005862031681073748,-0.000015461545664627537,0.005644903704808032,0.007491659472779595,0.75349176311582,0.18787878787878787,0.10022325888474803,10
tod19,fwd_micro_1s,345339,20,-0.00464771663721977,0.0063593110067389795,0.010870817797473106,0.011797951716807586,0.9214156879440634,0.1515151515151515,0.10022325888474803,10
tod19,fwd_mid_3s,345339,20,-0.009889937319764267,-0.015561809231029917,-0.005667256744440805,0.017642195151304076,-0.3212330832890652,-0.0303030303030303,0.10022325888474803,10
tod19,fwd_micro_3s,345339,20,-0.011516248173193442,-0.0030418085739831397,0.008502129794063677,0.020197756306135833,0.42094427050200783,0.07878787878787878,0.10022325888474803,10
tod19,fwd_mid_5s,345339,20,-0.012454943354334076,-0.016710584731374,-0.004370754471163977,0.024015045890624302,-0.18200067120714353,-0.17575757575757575,0.10022325888474803,10
tod19,fwd_micro_5s,345339,20,-0.014535091804565541,-0.014142358716443874,0.00027989157768360423,0.024821384666570242,0.011276227391961971,0.06666666666666665,0.10022325888474803,10
tod19,fwd_mid_10s,345339,20,-0.007934859843164872,0.028725991418549632,0.035660102393664045,0.041550198273248885,0.8582414495148862,0.0303030303030303,0.10022325888474803,10
tod19,fwd_micro_10s,345339,20,-0.011114662366629282,0.03436555223706276,0.04459942781365203,0.04217287014957793,1.057538357134993,0.0303030303030303,0.10022325888474803,10
tod19,fwd_mid_30s,345339,20,-0.0504511504124448,0.09733204384233753,0.14657389431356718,0.055769951381161406,2.6281875935627683,0.05454545454545454,0.10022325888474803,10
tod19,fwd_micro_30s,345339,20,-0.05369712641293542,0.10176894403160067,0.15421968647225723,0.053999673256544374,2.8559374005761584,0.05454545454545454,0.10022325888474803,10
tod19,fwd_mid_60s,345339,20,0.013260324817344933,0.16623470297076046,0.14849644031035106,0.0671527198263565,2.2113242873011423,-0.0303030303030303,0.10022325888474803,10
tod19,fwd_micro_60s,345339,20,0.016306540736706548,0.1683054811671504,0.14747718131669155,0.06590779570556218,2.237628792435027,-0.0303030303030303,0.10022325888474803,10
tod20,fwd_mid_100ms,345339,20,0.002209413839126194,-0.0014620593693925818,-0.0036799224399156165,0.0027429801240643585,-1.341578237345359,0.10303030303030303,0.10030433863536989,10
tod20,fwd_micro_100ms,345339,20,-0.001944445534061466,-0.0070833282606390935,-0.005277070584297934,0.004318028911511831,-1.2221017256807394,0.1515151515151515,0.10030433863536989,10
tod20,fwd_mid_300ms,345339,20,0.0037856251804775456,0.0006618767959321543,-0.003155306707549467,0.003755931595693359,-0.840086308059342,-0.28484848484848485,0.10030433863536989,10
tod20,fwd_micro_300ms,345339,20,0.002926220469475703,-0.006031463170860134,-0.00897176772439067,0.006763943663208508,-1.3264107702716834,-0.22424242424242422,0.10030433863536989,10
tod20,fwd_mid_500ms,345339,20,-0.0017167444586760605,-0.0004928678006231585,0.0012184574365990983,0.006590763390335564,0.18487349104138626,0.006060606060606061,0.10030433863536989,10
tod20,fwd_micro_500ms,345339,20,-0.00029965542174636495,0.0007863733506496103,0.0011476591467075169,0.008611119025474555,0.1332764235765827,0.09090909090909088,0.10030433863536989,10
tod20,fwd_mid_1s,345339,20,0.004447230319440622,0.01055138247399407,0.005918690064256809,0.01223715266638012,0.48366562268341956,0.0303030303030303,0.10030433863536989,10
tod20,fwd_micro_1s,345339,20,0.0033746965572223338,0.01404452911169131,0.010769421944484272,0.013609356035960224,0.7913248735669823,0.24848484848484845,0.10030433863536989,10
tod20,fwd_mid_3s,345339,20,0.0016565437594981878,0.02050622570138359,0.019108154406315966,0.03332926162032391,0.5733146633726794,-0.06666666666666665,0.10030433863536989,10
tod20,fwd_micro_3s,345339,20,0.00012092328646939087,0.026293719948389017,0.026902509830216487,0.03595943001911896,0.7481350459646586,0.006060606060606061,0.10030433863536989,10
tod20,fwd_mid_5s,345339,20,-0.008403570877977749,-0.0019762955664772465,0.007166702206232939,0.03360410902415276,0.21326862738964192,-0.18787878787878787,0.10030433863536989,10
tod20,fwd_micro_5s,345339,20,-0.022601183330697612,-0.013774624045039291,0.009435806861987243,0.03315999669835211,0.2845539143993991,-0.11515151515151514,0.10030433863536989,10
tod20,fwd_mid_10s,345339,20,-0.010958205295711442,-0.008631475777149728,0.003011473109453712,0.04520965813779855,0.06661127806529248,-0.1515151515151515,0.10030433863536989,10
tod20,fwd_micro_10s,345339,20,-0.020523623383197572,-0.01756295922625954,0.0035488283405072873,0.04638432077580609,0.07650922296911901,-0.16363636363636364,0.10030433863536989,10
tod20,fwd_mid_30s,345339,20,-0.025754486909209975,-0.006380543500695194,0.0205318797426591,0.06886101291714232,0.2981640680680124,0.09090909090909088,0.10030433863536989,10
tod20,fwd_micro_30s,345339,20,-0.02753944579500349,-0.01785642379983196,0.01100058392954108,0.06972212841834659,0.15777751166079437,0.09090909090909088,0.10030433863536989,10
tod20,fwd_mid_60s,345339,20,0.041997376982105816,0.044649147730870115,0.005833667041790265,0.10448307824798239,0.055833606164861584,0.13939393939393938,0.10030433863536989,10
tod20,fwd_micro_60s,345339,20,0.04950662113920689,0.03650747274196958,-0.00964081061892429,0.11042268046900647,-0.08730824662085866,0.0303030303030303,0.10030433863536989,10
tod21,fwd_mid_100ms,345339,20,0.00010606408753383786,-0.0011239042566971581,-0.0013227776842924858,0.0038622003931288082,-0.34249328094052883,0.006060606060606061,0.1001711361879197,10
tod21,fwd_micro_100ms,345339,20,-0.004312015510403003,-0.001172164744098064,0.002912793006199457,0.004707464039632549,0.6187605431876696,0.32121212121212117,0.1001711361879197,10
tod21,fwd_mid_300ms,345339,20,0.002221599974822029,-0.0014019605205127293,-0.0037370901760635706,0.005828098056787073,-0.64121950928941,0.10303030303030303,0.1001711361879197,10
tod21,fwd_micro_300ms,345339,20,-0.00255616329397915,-0.008324198359558084,-0.006056856899282447,0.008089718689054828,-0.7487104474321477,-0.29696969696969694,0.1001711361879197,10
tod21,fwd_mid_500ms,345339,20,0.0006618261595836642,-0.0008463513193023225,-0.0015671378311123627,0.006255916724283904,-0.2505049060242643,0.1515151515151515,0.1001711361879197,10
tod21,fwd_micro_500ms,345339,20,0.002810449408814838,-0.008738626426524825,-0.012261654330553675,0.008654818046536656,-1.4167431671726876,-0.18787878787878787,0.1001711361879197,10
tod21,fwd_mid_1s,345339,20,0.006094022832121067,0.0030684763589822212,-0.0030873846674702213,0.014098474916768182,-0.21898713766538005,-0.12727272727272726,0.1001711361879197,10
tod21,fwd_micro_1s,345339,20,0.011535175016998786,0.002662611322772102,-0.009634595962981031,0.017307274527362273,-0.5566789818783442,-0.04242424242424241,0.1001711361879197,10
tod21,fwd_mid_3s,345339,20,0.024272275086717032,-0.0066180343064084724,-0.030159662544735965,0.01967140924019685,-1.5331724421200725,-0.34545454545454546,0.1001711361879197,10
tod21,fwd_micro_3s,345339,20,0.027924902305336573,-0.008702938596964487,-0.03677628707091888,0.027067839603214076,-1.3586709397580443,-0.28484848484848485,0.1001711361879197,10
tod21,fwd_mid_5s,345339,20,0.013761709400231832,-0.008677521687437063,-0.02189552153783678,0.023885142718646838,-0.91670046923116,-0.11515151515151514,0.1001711361879197,10
tod21,fwd_micro_5s,345339,20,0.016971020896572278,-0.011842624822318718,-0.028383321173760422,0.025934522773691633,-1.0944223428145317,-0.11515151515151514,0.1001711361879197,10
tod21,fwd_mid_10s,345339,20,-0.002159445471003086,-0.007145575262181012,-0.0037414479856297507,0.03645104057466497,-0.10264310501550446,-0.06666666666666665,0.1001711361879197,10
tod21,fwd_micro_10s,345339,20,0.002031231080333039,-0.005510110911643008,-0.006514461023354465,0.03971790529993911,-0.1640182425069746,-0.06666666666666665,0.1001711361879197,10
tod21,fwd_mid_30s,345339,20,0.03613062731974324,0.020105142518419702,-0.014277993285057985,0.05105320735826506,-0.27966887927064793,-0.5636363636363636,0.1001711361879197,10
tod21,fwd_micro_30s,345339,20,0.028249208492332197,0.018256033527062704,-0.008443987384272376,0.05653214267611521,-0.14936613021462486,-0.6121212121212121,0.1001711361879197,10
tod21,fwd_mid_60s,345339,20,0.02907194097706735,0.026873362625536162,0.0031397146586647695,0.1359680130187853,0.023091568295779887,-0.43030303030303024,0.1001711361879197,10
tod21,fwd_micro_60s,345339,20,0.02594934607535732,0.029703072316683263,0.008914528238449307,0.1410744693924359,0.06319023049912165,-0.406060606060606,0.1001711361879197,10
tod22,fwd_mid_100ms,345339,20,-0.005065303233088301,-0.005693300339607842,-0.0007512447352384856,0.0025191500610005687,-0.2982135708660811,-0.09090909090909088,0.10027248587619701,10
tod22,fwd_micro_100ms,345339,20,-0.0012352625217055577,-0.0013374959436670756,-0.00019756201233302653,0.004453622513425926,-0.04435984678482618,-0.406060606060606,0.10027248587619701,10
tod22,fwd_mid_300ms,345339,20,-0.003722196011321648,-0.007880625413165443,-0.004226062974962376,0.005077936898714472,-0.8322401517104799,-0.10303030303030303,0.10027248587619701,10
tod22,fwd_micro_300ms,345339,20,-0.00576586311855442,-0.005018651882466335,0.0006800888853404531,0.011426343572587224,0.05951938002039817,0.04242424242424241,0.10027248587619701,10
tod22,fwd_mid_500ms,345339,20,-0.003053874762888614,-0.006250102034500134,-0.003330074542652506,0.007476809634529003,-0.44538709762968065,0.17575757575757575,0.10027248587619701,10
tod22,fwd_micro_500ms,345339,20,-0.011035228832289022,-0.011954785954036748,-0.001006305400260081,0.011962671051291951,-0.08412046071862868,0.16363636363636364,0.10027248587619701,10
tod22,fwd_mid_1s,345339,20,-0.005761089252443415,-0.018676279063788565,-0.013181001345978615,0.014988648872113524,-0.8793989010244914,0.05454545454545454,0.10027248587619701,10
tod22,fwd_micro_1s,345339,20,-0.011992367475813346,-0.016998799499843658,-0.005486035726404676,0.01806759695029591,-0.3036394790904845,0.24848484848484845,0.10027248587619701,10
tod22,fwd_mid_3s,345339,20,-0.0007679070191629793,-0.02011664762438335,-0.019763131691384106,0.033433874102946064,-0.5911110280110391,-0.12727272727272726,0.10027248587619701,10
tod22,fwd_micro_3s,345339,20,0.00761296277528774,-0.014382223858710989,-0.02283242552659673,0.034226638819490084,-0.6670951724770295,0.09090909090909088,0.10027248587619701,10
tod22,fwd_mid_5s,345339,20,0.016239121402007308,-0.035451485726880554,-0.05275205865754814,0.04088268077845653,-1.2903277782445781,-0.01818181818181818,0.10027248587619701,10
tod22,fwd_micro_5s,345339,20,0.018933675513360042,-0.03992766764811149,-0.059696055595379494,0.04145548527330174,-1.4400037824144127,0.01818181818181818,0.10027248587619701,10
tod22,fwd_mid_10s,345339,20,0.024267122711547063,-0.02931872162472984,-0.05480190067809483,0.044908370577905234,-1.2203048111715988,-0.04242424242424241,0.10027248587619701,10
tod22,fwd_micro_10s,345339,20,0.017332830307709633,-0.04141105876407795,-0.059576376611823946,0.04568758345631839,-1.303994917323315,-0.01818181818181818,0.10027248587619701,10
tod22,fwd_mid_30s,345339,20,0.024705387870415964,0.012926792580792193,-0.012929908213720798,0.08536041394580175,-0.15147429137270163,0.33333333333333326,0.10027248587619701,10
tod22,fwd_micro_30s,345339,20,0.026473701890678956,0.012050198886708897,-0.015603131226784214,0.08090054291413483,-0.19286806571057086,0.33333333333333326,0.10027248587619701,10
tod22,fwd_mid_60s,345339,20,0.06636839065472125,-0.0033971680162083666,-0.06919526972981224,0.1002753029654026,-0.6900529610335486,0.04242424242424241,0.10027248587619701,10
tod22,fwd_micro_60s,345339,20,0.08407737218071314,-0.00853867665519901,-0.091969209693748,0.10321941585570638,-0.8910068801621064,-0.07878787878787878,0.10027248587619701,10
tod23,fwd_mid_100ms,345339,20,-0.002904069104502336,0.0012494075131136034,0.004096506067596271,0.0026861860328969587,1.5250269405869596,0.22424242424242422,0.10046939384199294,10
tod23,fwd_micro_100ms,345339,20,-0.006709891133872195,-0.0005155974676493612,0.0061246422498904786,0.005278673386715073,1.160261641742122,0.23636363636363633,0.10046939384199294,10
tod23,fwd_mid_300ms,345339,20,-0.0014141781993125514,0.003866680190241064,0.0052347306533815936,0.003685604314869848,1.420318136773847,-0.01818181818181818,0.10046939384199294,10
tod23,fwd_micro_300ms,345339,20,-0.003799142283727563,-0.00126782852573828,0.00248281025629169,0.008547251337530499,0.29048054845302257,-0.006060606060606061,0.10046939384199294,10
tod23,fwd_mid_500ms,345339,20,-0.0027700063379009028,0.00471414207811467,0.007344276186650155,0.004465957453201139,1.6445020499212044,0.32121212121212117,0.10046939384199294,10
tod23,fwd_micro_500ms,345339,20,-0.006901139987518759,0.002750809987342587,0.009350610306035354,0.00728876626174618,1.2828797042251723,0.07878787878787878,0.10046939384199294,10
tod23,fwd_mid_1s,345339,20,-0.0004699648594346043,0.007597030453556402,0.007906808020488527,0.009707128522283863,0.8145362454342201,-0.29696969696969694,0.10046939384199294,10
tod23,fwd_micro_1s,345339,20,0.0052528569158681315,0.00491800946189808,-0.0008321028685562174,0.008582986122127866,-0.09694794523912445,-0.2606060606060606,0.10046939384199294,10
tod23,fwd_mid_3s,345339,20,0.028163171534449773,0.03027274921342588,0.002398102116770551,0.021891775193690576,0.10954352013726633,0.05454545454545454,0.10046939384199294,10
tod23,fwd_micro_3s,345339,20,0.03985083888109805,0.04596621321552644,0.005900496906978185,0.02554113915226833,0.23101933205881137,-0.05454545454545454,0.10046939384199294,10
tod23,fwd_mid_5s,345339,20,0.029535119507345917,0.0479927110443684,0.018040167760452454,0.025461953012502377,0.7085146905893015,0.2727272727272727,0.10046939384199294,10
tod23,fwd_micro_5s,345339,20,0.03242731168804492,0.04702680279595055,0.014098782746755734,0.028011862229428607,0.5033147254288536,0.01818181818181818,0.10046939384199294,10
tod23,fwd_mid_10s,345339,20,0.05735587000982547,0.06868241571630064,0.009921827681243204,0.040667600162137385,0.24397376884020533,0.22424242424242422,0.10046939384199294,10
tod23,fwd_micro_10s,345339,20,0.0587096915261744,0.06866390649512606,0.008502024502829133,0.04006652262361236,0.2121977138544747,0.23636363636363633,0.10046939384199294,10
tod23,fwd_mid_30s,345339,20,0.0686469012750215,0.10922577198813785,0.03835171371594474,0.06829979257668346,0.5615202077354103,0.5393939393939393,0.10046939384199294,10
tod23,fwd_micro_30s,345339,20,0.06802553400631163,0.10489178327410183,0.0344520769441902,0.06928705901794746,0.4972368207353997,0.6484848484848483,0.10046939384199294,10
tod23,fwd_mid_60s,345339,20,0.0784897665228748,0.14975483821468843,0.06791309712530358,0.09695297656124682,0.7004745963874738,0.7333333333333332,0.10046939384199294,10
tod23,fwd_micro_60s,345339,20,0.07476152643230902,0.15196338554266514,0.07373611647333352,0.1001580514819,0.7361975935270535,0.7575757575757575,0.10046939384199294,10
tod24,fwd_mid_100ms,345339,20,-0.0025869238012749206,0.00039397860543351475,0.002957476881071063,0.0038456766171590623,0.7690394111338088,-0.05454545454545454,0.1002666944654383,10
tod24,fwd_micro_100ms,345339,20,-0.0035112367728324678,-0.00335965048577676,0.00017599972400303144,0.006544330264975107,0.026893466080856618,-0.06666666666666665,0.1002666944654383,10
tod24,fwd_mid_300ms,345339,20,0.00043932375784534034,-0.0036295182794588575,-0.003996528987948033,0.006576683200113719,-0.607681541947912,-0.5393939393939393,0.1002666944654383,10
tod24,fwd_micro_300ms,345339,20,-0.005468038807967515,-0.004903982231281665,0.0006253603797831388,0.008392208368626303,0.07451678417816766,-0.09090909090909088,0.1002666944654383,10
tod24,fwd_mid_500ms,345339,20,0.007077840206279164,-0.005094726851676884,-0.012105845465972478,0.007500529688506686,-1.613998739918685,-0.7212121212121211,0.1002666944654383,10
tod24,fwd_micro_500ms,345339,20,0.008228780869667692,-0.0004137945011813069,-0.00845541226364687,0.009088045514085466,-0.930388415258475,-0.5393939393939393,0.1002666944654383,10
tod24,fwd_mid_1s,345339,20,0.004113894397003175,-0.0061740219801591145,-0.010252915141263572,0.009860456579938942,-1.0398012564776244,-0.41818181818181815,0.1002666944654383,10
tod24,fwd_micro_1s,345339,20,0.007709188893345672,-0.003625500711643638,-0.01126035839098203,0.011421619103680265,-0.9858810987098778,-0.6606060606060605,0.1002666944654383,10
tod24,fwd_mid_3s,345339,20,-0.006180236552625506,0.003944027230560219,0.010069343837569581,0.0261992826484876,0.3843366237415226,-0.4424242424242424,0.1002666944654383,10
tod24,fwd_micro_3s,345339,20,0.0023311148411009107,0.016117595005266015,0.013796656080464898,0.024475834743170593,0.5636848027957261,-0.33333333333333326,0.1002666944654383,10
tod24,fwd_mid_5s,345339,20,0.0007512259812916054,-0.00553065302739211,-0.00660043973059885,0.02953698726639425,-0.22346353983462997,-0.4787878787878787,0.1002666944654383,10
tod24,fwd_micro_5s,345339,20,-0.007405839436615044,-0.0008489244534571473,0.0061348814106493964,0.029512989705890495,0.20787055028264168,-0.3939393939393939,0.1002666944654383,10
tod24,fwd_mid_10s,345339,20,0.014311294772557177,-0.008461355492055282,-0.023082325603963998,0.03821494814274757,-0.604013003438932,-0.5030303030303029,0.1002666944654383,10
tod24,fwd_micro_10s,345339,20,0.010291820698956587,-0.008735548653122092,-0.019391271693913154,0.03775898604288786,-0.5135538245621302,-0.4666666666666666,0.1002666944654383,10
tod24,fwd_mid_30s,345339,20,0.0628423225280054,0.058625524550089736,-0.006276608597462445,0.05977276762769265,-0.10500782959486889,-0.5636363636363636,0.1002666944654383,10
tod24,fwd_micro_30s,345339,20,0.0560632709999905,0.06773359464871888,0.009454772480244622,0.06334292816397895,0.14926326828100822,-0.34545454545454546,0.1002666944654383,10
tod24,fwd_mid_60s,345339,20,0.19125457784446268,0.09733303748721463,-0.09720319884237309,0.09938161627266424,-0.9780802777013162,-0.35757575757575755,0.1002666944654383,10
tod24,fwd_micro_60s,345339,20,0.18378264306475425,0.10356614448106966,-0.08356161435201256,0.10330177629075273,-0.8089078170042344,-0.35757575757575755,0.1002666944654383,10
tod25,fwd_mid_100ms,345339,20,-0.0019092762542711524,0.002335148366729805,0.0042390926881168845,0.002441663026340578,1.7361497644784298,0.13939393939393938,0.10033619139454275,10
tod25,fwd_micro_100ms,345339,20,0.001301757840535099,0.0018140238259849507,0.0004929566663981896,0.004180905959698006,0.11790666213257679,0.4787878787878787,0.10033619139454275,10
tod25,fwd_mid_300ms,345339,20,-0.002348658766402563,0.002869311489028644,0.005308656613078345,0.004900868272395995,1.0832073661271835,0.33333333333333326,0.10033619139454275,10
tod25,fwd_micro_300ms,345339,20,-0.005975779327441914,-0.0006840443686641592,0.00537412511701658,0.00537431852232396,0.9999640130545713,0.709090909090909,0.10033619139454275,10
tod25,fwd_mid_500ms,345339,20,-0.006736946940004068,0.003537712631471414,0.01040729469386699,0.008433692874219977,1.2340139543947466,0.5636363636363636,0.10033619139454275,10
tod25,fwd_micro_500ms,345339,20,-0.005903789747771168,0.007372643347067672,0.013563123666508511,0.009562012930798731,1.418438122251688,0.5393939393939393,0.10033619139454275,10
tod25,fwd_mid_1s,345339,20,-0.012762750188043782,0.006538470435707168,0.019532245018631024,0.013946255009608721,1.400536918704961,0.3696969696969697,0.10033619139454275,10
tod25,fwd_micro_1s,345339,20,-0.011065781280783586,0.012058065601443768,0.02355915841795991,0.01292777096032417,1.822368178571842,0.6606060606060605,0.10033619139454275,10
tod25,fwd_mid_3s,345339,20,-0.01878795363751268,0.017755440230547582,0.037282061861274904,0.029298909067023555,1.2724726977372864,0.3696969696969697,0.10033619139454275,10
tod25,fwd_micro_3s,345339,20,-0.014179556418954511,0.026480618918620608,0.04145722877341658,0.028184999500911148,1.4708969135187095,0.5515151515151515,0.10033619139454275,10
tod25,fwd_mid_5s,345339,20,-0.009213584652076093,0.033253633271766316,0.04295740269515377,0.03147853702200932,1.3646568982897331,0.2121212121212121,0.10033619139454275,10
tod25,fwd_micro_5s,345339,20,-0.008169163789015806,0.03980594584041485,0.048611344860382655,0.030661747281152864,1.5854068724342736,0.4424242424242424,0.10033619139454275,10
tod25,fwd_mid_10s,345339,20,-0.009083688481656351,0.036102628959822566,0.045675372414907794,0.03925190678579599,1.1636472251950893,-0.04242424242424241,0.10033619139454275,10
tod25,fwd_micro_10s,345339,20,-0.014215417128766545,0.04083694902960368,0.055744502920757354,0.03652840718894669,1.5260589554976642,0.07878787878787878,0.10033619139454275,10
tod25,fwd_mid_30s,345339,20,-0.00010710175674393048,0.07991593938339764,0.08175188094061792,0.06790905929327079,1.2038435194274415,0.07878787878787878,0.10033619139454275,10
tod25,fwd_micro_30s,345339,20,-0.0047053246253880784,0.08556965040933395,0.09210917500108015,0.06629777378493383,1.3893253082656594,0.16363636363636364,0.10033619139454275,10
tod25,fwd_mid_60s,345339,20,-0.01750668798825986,0.13866110276821877,0.15850100956678037,0.07047859379320513,2.248924120589669,0.05454545454545454,0.10033619139454275,10
tod25,fwd_micro_60s,345339,20,-0.014232267919021623,0.13113065285122777,0.14777138245055568,0.07381228758242049,2.0019889274607667,0.10303030303030303,0.10033619139454275,10
tod26,fwd_mid_100ms,345339,20,-0.0010168431689951945,-0.0007464645423386282,0.00035129891200700404,0.0025953346844721737,0.13535784579492469,-0.32121212121212117,0.10034487851068082,10
tod26,fwd_micro_100ms,345339,20,-0.0012443834589167012,0.0009108035710802305,0.0023646802970740143,0.004531880245360292,0.52178790458882,0.1515151515151515,0.10034487851068082,10
tod26,fwd_mid_300ms,345339,20,-0.00550283314567352,0.002984969007265384,0.008545509974109414,0.004730220488625483,1.8065775146546257,0.29696969696969694,0.10034487851068082,10
tod26,fwd_micro_300ms,345339,20,-0.004713519322979102,0.008397781232175001,0.013235655592408435,0.005958958870410403,2.2211355842932465,0.23636363636363633,0.10034487851068082,10
tod26,fwd_mid_500ms,345339,20,-0.007763898599721071,0.004144141116010672,0.011822405811807074,0.005426752876340701,2.178541400576731,0.1515151515151515,0.10034487851068082,10
tod26,fwd_micro_500ms,345339,20,-0.00847319149147542,0.012879404205597921,0.021367899550506705,0.008948007052169797,2.3880065612292087,0.3939393939393939,0.10034487851068082,10
tod26,fwd_mid_1s,345339,20,-0.019522454069843344,0.006610358999903731,0.02592386278503877,0.00991796235581784,2.6138295201162896,0.29696969696969694,0.10034487851068082,10
tod26,fwd_micro_1s,345339,20,-0.015230888332580203,0.018715634878593124,0.03380579991447422,0.015953546228006297,2.1190147589335635,0.5393939393939393,0.10034487851068082,10
tod26,fwd_mid_3s,345339,20,-0.03086735843039789,0.013871749416601391,0.044473601842109814,0.028941576225696812,1.5366682690427322,0.2606060606060606,0.10034487851068082,10
tod26,fwd_micro_3s,345339,20,-0.02361898070066079,0.033963040244405336,0.05750352402662488,0.03714012942697684,1.5482855044887656,0.32121212121212117,0.10034487851068082,10
tod26,fwd_mid_5s,345339,20,-0.03459137776606124,-0.010815665754590469,0.024093255868123074,0.02707754936629269,0.8897871643478714,-0.1515151515151515,0.10034487851068082,10
tod26,fwd_micro_5s,345339,20,-0.03913899268364569,0.0062241172319143796,0.04583699779082118,0.031848221488227246,1.4392325740313288,0.0303030303030303,0.10034487851068082,10
tod26,fwd_mid_10s,345339,20,-0.03169388723311595,-0.04234080586120249,-0.009363334067281098,0.03791925854334744,-0.24692819498507315,-0.3939393939393939,0.10034487851068082,10
tod26,fwd_micro_10s,345339,20,-0.03556902453237554,-0.028216702763817925,0.008794511161313617,0.044127029982830517,0.19929986597184293,-0.07878787878787878,0.10034487851068082,10
tod26,fwd_mid_30s,345339,20,-0.022602711868670463,-0.09546130377077396,-0.06984670504860316,0.080675576668424,-0.8657726158645581,-0.23636363636363633,0.10034487851068082,10
tod26,fwd_micro_30s,345339,20,-0.02017852726777819,-0.08921142728204502,-0.06602176973738219,0.08195072895594278,-0.805627607935933,-0.23636363636363633,0.10034487851068082,10
tod26,fwd_mid_60s,345339,20,-0.029422108205517262,-0.08525616626961464,-0.049838089290337464,0.12066321796389778,-0.41303464412203006,-0.24848484848484845,0.10034487851068082,10
tod26,fwd_micro_60s,345339,20,-0.024788581627638574,-0.06752081048143276,-0.03663948745097532,0.12464056158112198,-0.2939611871624038,-0.19999999999999998,0.10034487851068082,10
tod27,fwd_mid_100ms,345339,20,-0.000555598080968202,0.0005913746319456716,0.0011984334544628587,0.0024562836801228765,0.48790514880712255,0.6121212121212121,0.10022615459012738,10
tod27,fwd_micro_100ms,345339,20,-0.00010059525376728821,0.00612207723715304,0.0063406560165504165,0.0050979848662591086,1.2437573242941338,0.41818181818181815,0.10022615459012738,10
tod27,fwd_mid_300ms,345339,20,-0.00017315254131348046,-0.0009346667283177252,-0.0008367782860225671,0.004821786029304164,-0.17354114864016962,0.11515151515151514,0.10022615459012738,10
tod27,fwd_micro_300ms,345339,20,0.0026125972270633806,0.0038926771860006396,0.0010899436570088919,0.010951647310237938,0.09952326130791109,-0.10303030303030303,0.10022615459012738,10
tod27,fwd_mid_500ms,345339,20,0.000564955149466715,0.0030642280346122783,0.0022522725821945014,0.007309058378811558,0.3081481177826791,0.49090909090909085,0.10022615459012738,10
tod27,fwd_micro_500ms,345339,20,-0.001444197437009677,0.0031928529417885074,0.004139798635689187,0.01299135127824237,0.31865804772921746,0.4545454545454545,0.10022615459012738,10
tod27,fwd_mid_1s,345339,20,-0.012576875860777144,0.002804085133952361,0.014942212634628254,0.01608340367736627,0.9290454268492941,0.8303030303030302,0.10022615459012738,10
tod27,fwd_micro_1s,345339,20,-0.00868682179549846,0.0031670587272874763,0.011292782870099712,0.023143571741598493,0.4879446870252075,0.5757575757575757,0.10022615459012738,10
tod27,fwd_mid_3s,345339,20,-0.011667067025214833,0.013046397635384767,0.023807375415012398,0.02461057043568776,0.9673638194297745,0.7818181818181817,0.10022615459012738,10
tod27,fwd_micro_3s,345339,20,0.004578447795156681,0.014216022950149988,0.008760183935929668,0.0294135479502578,0.29782819640610164,0.5151515151515151,0.10022615459012738,10
tod27,fwd_mid_5s,345339,20,0.015483644849817272,0.022407817275141118,0.006068388130789362,0.03060721853364099,0.1982665665656446,0.2121212121212121,0.10022615459012738,10
tod27,fwd_micro_5s,345339,20,0.0217502591593325,0.016786970875129467,-0.005976636705470684,0.03499213989578582,-0.17079940590288004,-0.2727272727272727,0.10022615459012738,10
tod27,fwd_mid_10s,345339,20,0.0030100148863497363,0.034063841725920585,0.02941959779075206,0.036989824078644123,0.7953430037461926,0.5272727272727272,0.10022615459012738,10
tod27,fwd_micro_10s,345339,20,0.003554815758303071,0.024929954047276912,0.019550226137473987,0.044777871873790245,0.436604629013584,0.17575757575757575,0.10022615459012738,10
tod27,fwd_mid_30s,345339,20,-0.03222032673461438,0.042908477904066884,0.07265413342671861,0.06863547327470781,1.0585507749895808,0.2727272727272727,0.10022615459012738,10
tod27,fwd_micro_30s,345339,20,-0.02478150403028643,0.03645747239980064,0.0585713495866665,0.07482229236367605,0.7828061361977345,0.2121212121212121,0.10022615459012738,10
tod27,fwd_mid_60s,345339,20,-0.05114169703160505,0.07657116825825434,0.12402481686524143,0.09323296401324653,1.3302678744356984,0.34545454545454546,0.10022615459012738,10
tod27,fwd_micro_60s,345339,20,-0.04682956553873199,0.07388725270996956,0.11711897439709426,0.09630672895695264,1.2161037516853503,0.32121212121212117,0.10022615459012738,10
tod28,fwd_mid_100ms,345339,20,0.0004197039189342249,-0.0012702114182431882,-0.001605704833289582,0.002892888909970022,-0.5550523657357522,-0.23636363636363633,0.10028117299233506,10
tod28,fwd_micro_100ms,345339,20,0.00013953379067988922,0.0024280368361986205,0.0027055694432202935,0.0069348852311273655,0.39013903663124705,-0.2727272727272727,0.10028117299233506,10
tod28,fwd_mid_300ms,345339,20,0.0023609973886032872,0.00020325519853128346,-0.0018366657827696496,0.00472471979696597,-0.3887353878528594,-0.19999999999999998,0.10028117299233506,10
tod28,fwd_micro_300ms,345339,20,0.0019817626054023894,-0.003354392557883064,-0.004874244975133819,0.00772891919864599,-0.6306502694435886,-0.7575757575757575,0.10028117299233506,10
tod28,fwd_mid_500ms,345339,20,0.004193649950707984,0.0026137486661233387,-0.0011862074982949093,0.0073411448426102584,-0.16158344832127502,0.01818181818181818,0.10028117299233506,10
tod28,fwd_micro_500ms,345339,20,-0.0008743433911925684,0.004328817781393657,0.005751948989714533,0.00947331842679609,0.6071736144163227,-0.04242424242424241,0.10028117299233506,10
tod28,fwd_mid_1s,345339,20,0.0024281902727266683,0.01152037219813836,0.009604365452526202,0.011440745309976089,0.8394877424770044,-0.2606060606060606,0.10028117299233506,10
tod28,fwd_micro_1s,345339,20,0.003373093485320656,0.011012740123563694,0.008338008179970002,0.013747722712729398,0.6065010441510875,-0.13939393939393938,0.10028117299233506,10
tod28,fwd_mid_3s,345339,20,0.004711213099170913,0.004104379862745648,-0.00022117148002109686,0.022125710929097882,-0.009996129874870174,-0.41818181818181815,0.10028117299233506,10
tod28,fwd_micro_3s,345339,20,0.005580206076801805,0.005142391799145804,-0.00023188962355958492,0.02213614833891634,-0.0104756084938188,-0.32121212121212117,0.10028117299233506,10
tod28,fwd_mid_5s,345339,20,0.0021818224337781774,0.010376196253950826,0.008307923444099414,0.024075494948805055,0.34507799161619157,0.09090909090909088,0.10028117299233506,10
tod28,fwd_micro_5s,345339,20,0.00931845727870467,0.010393840284474347,0.0011363989528917029,0.028248002925065734,0.040229355537319225,-0.09090909090909088,0.10028117299233506,10
tod28,fwd_mid_10s,345339,20,0.025357195726036983,0.037087272796604384,0.012168772205454606,0.03159828305141051,0.3851086524434246,0.04242424242424241,0.10028117299233506,10
tod28,fwd_micro_10s,345339,20,0.024753274426334314,0.04153375853242916,0.017189869987719035,0.03337203111184804,0.5150981050600822,0.11515151515151514,0.10028117299233506,10
tod28,fwd_mid_30s,345339,20,0.05604855646401057,0.0670369787440601,0.011831838095203082,0.06213955544891713,0.19040751112115123,0.41818181818181815,0.10028117299233506,10
tod28,fwd_micro_30s,345339,20,0.04376154906482587,0.06247788440504771,0.019370250415626615,0.06153733628697168,0.3147723249718817,0.3939393939393939,0.10028117299233506,10
tod28,fwd_mid_60s,345339,20,0.1473852824756623,0.14175234391364588,-0.005983539979054327,0.1259262950301943,-0.0475162076166825,-0.006060606060606061,0.10028117299233506,10
tod28,fwd_micro_60s,345339,20,0.1545939676397132,0.13681768468487815,-0.017867385833805434,0.12967658728407838,-0.1377842076817145,-0.01818181818181818,0.10028117299233506,10
tod29,fwd_mid_100ms,345339,20,-0.0018326771816169157,-0.003954659126480819,-0.002163205708721393,0.0026303133644615707,-0.8224136857412822,-0.2121212121212121,0.10034198280530146,10
tod29,fwd_micro_100ms,345339,20,-0.002380279340503833,0.0036436656762994218,0.0060379303614130865,0.004033844502391797,1.4968178267241092,0.18787878787878787,0.10034198280530146,10
tod29,fwd_mid_300ms,345339,20,-0.00007458810203685363,-0.003158613487701091,-0.0031299578858773255,0.0042303096318853295,-0.7398886034926933,-0.18787878787878787,0.10034198280530146,10
tod29,fwd_micro_300ms,345339,20,-0.0003186840504637512,0.0010102824830348937,0.0014437250473937665,0.005359074788062633,0.2693981898908505,0.19999999999999998,0.10034198280530146,10
tod29,fwd_mid_500ms,345339,20,0.001905886074769299,-0.008615835664554131,-0.010653620322724716,0.007377503160873169,-1.4440685541453295,-0.24848484848484845,0.10034198280530146,10
tod29,fwd_micro_500ms,345339,20,0.007243639150710724,-0.01566883797090747,-0.023077787009084492,0.00891741234353928,-2.5879466060358296,-0.43030303030303024,0.10034198280530146,10
tod29,fwd_mid_1s,345339,20,-0.014312915435062946,-0.00892784334745386,0.005389108511812473,0.014037505293608617,0.38390785250611265,0.32121212121212117,0.10034198280530146,10
tod29,fwd_micro_1s,345339,20,-0.0015597281153700967,-0.008553885302210396,-0.007120886677300318,0.013921713563671828,-0.5114949854938832,0.23636363636363633,0.10034198280530146,10
tod29,fwd_mid_3s,345339,20,-0.0212280736418722,0.012788608298176391,0.0339003949413154,0.021689960697102342,1.562953267400079,0.6,0.10034198280530146,10
tod29,fwd_micro_3s,345339,20,-0.005555795588028228,0.023549385672076983,0.02878643560340638,0.020558505345151058,1.4002202553210399,0.4545454545454545,0.10034198280530146,10
tod29,fwd_mid_5s,345339,20,-0.0008219731490035946,0.008549857118429177,0.009394380026402789,0.02687178711244643,0.34960012101508187,0.4666666666666666,0.10034198280530146,10
tod29,fwd_micro_5s,345339,20,-0.0033792460707949704,0.019512390389566557,0.02296568555945675,0.02694188615944004,0.8524156558136861,0.5272727272727272,0.10034198280530146,10
tod29,fwd_mid_10s,345339,20,0.020119186322716136,0.02086812990127082,0.0005074377979727596,0.035355020335753655,0.014352637706153441,0.3939393939393939,0.10034198280530146,10
tod29,fwd_micro_10s,345339,20,0.030797605311699693,0.0186106794344091,-0.012472477000974893,0.03512072349573569,-0.3551315508203948,0.17575757575757575,0.10034198280530146,10
tod29,fwd_mid_30s,345339,20,0.04031997440052094,0.06780875206147756,0.027419955955425103,0.07569011899657689,0.36226599084439515,0.38181818181818183,0.10034198280530146,10
tod29,fwd_micro_30s,345339,20,0.05802344872570085,0.06733446568228192,0.00911440032808216,0.0772559465063795,0.11797668322307757,0.34545454545454546,0.10034198280530146,10
tod29,fwd_mid_60s,345339,20,0.06852771921149955,0.18350316886788362,0.11680588814367618,0.1125199034393634,1.0380909027941219,0.49090909090909085,0.10034198280530146,10
tod29,fwd_micro_60s,345339,20,0.07611196778402292,0.18485726373920622,0.11069066063296337,0.1171113891481433,0.9451741751004434,0.4666666666666666,0.10034198280530146,10
tod30,fwd_mid_100ms,345339,20,-0.0020932676468554943,0.00020478884706229055,0.002269433829337823,0.0029159909266976464,0.7782719104369615,-0.28484848484848485,0.10018561471481646,10
tod30,fwd_micro_100ms,345339,20,0.0012426710817010284,0.0027087930463806915,0.0014162769730457357,0.00656509631341163,0.21572828568447164,-0.13939393939393938,0.10018561471481646,10
tod30,fwd_mid_300ms,345339,20,-0.0030813367007428774,-0.0001999269197679638,0.002913816096348233,0.0061498951367259394,0.4737993139017132,-0.28484848484848485,0.10018561471481646,10
tod30,fwd_micro_300ms,345339,20,-0.01153001054792289,0.005073066657346971,0.016715555105355252,0.00811620256551891,2.059529067986802,0.3696969696969697,0.10018561471481646,10
tod30,fwd_mid_500ms,345339,20,-0.004330159442720544,0.0009739479026898577,0.005241277795486459,0.0077727453597456145,0.6743148724041044,0.01818181818181818,0.10018561471481646,10
tod30,fwd_micro_500ms,345339,20,-0.013098375743965779,-0.00125864079564424,0.01186972861654529,0.00908265288155152,1.3068570131811177,-0.18787878787878787,0.10018561471481646,10
tod30,fwd_mid_1s,345339,20,-0.008713275542266141,-0.015594215705842414,-0.006957325819717178,0.01750671219332647,-0.39740904762056345,-0.28484848484848485,0.10018561471481646,10
tod30,fwd_micro_1s,345339,20,-0.005238231127939255,-0.013398979069145129,-0.008278732688821849,0.020622110120472735,-0.40144934928861054,-0.406060606060606,0.10018561471481646,10
tod30,fwd_mid_3s,345339,20,-0.0007067417590817175,-0.017900968809532274,-0.017581247352323446,0.020240683552886943,-0.8686093681759982,-0.3939393939393939,0.10018561471481646,10
tod30,fwd_micro_3s,345339,20,0.002364537139908799,-0.0010252527347818768,-0.0036744014806009222,0.025777229323611497,-0.14254446955768182,-0.2606060606060606,0.10018561471481646,10
tod30,fwd_mid_5s,345339,20,0.002417927735151312,-0.005409600695392295,-0.007825609093529634,0.024690204593804943,-0.31695197436691835,-0.32121212121212117,0.10018561471481646,10
tod30,fwd_micro_5s,345339,20,-0.005915448574603192,0.004867805203057778,0.01091572669505006,0.02852291270303612,0.38270028060241323,-0.35757575757575755,0.10018561471481646,10
tod30,fwd_mid_10s,345339,20,0.033419920797630676,-0.0008481424374998191,-0.03323440344025734,0.039868353682133775,-0.8336036071424411,-0.5393939393939393,0.10018561471481646,10
tod30,fwd_micro_10s,345339,20,0.031429959211803825,0.018104796125080164,-0.012430689622603356,0.04435052940757997,-0.28028277877735597,-0.38181818181818183,0.10018561471481646,10
tod30,fwd_mid_30s,345339,20,0.07190561339099817,0.01019074915946664,-0.061716357329539714,0.05008920981292202,-1.2321287870190782,-0.13939393939393938,0.10018561471481646,10
tod30,fwd_micro_30s,345339,20,0.057358951904891736,0.014002705154550182,-0.04355722435287525,0.051564220376288515,-0.8447179853591806,-0.17575757575757575,0.10018561471481646,10
tod30,fwd_mid_60s,345339,20,0.11228266807934087,0.04312327152164894,-0.06804159783613767,0.12770360085381288,-0.5328087648368462,-0.18787878787878787,0.10018561471481646,10
tod30,fwd_micro_60s,345339,20,0.0979641615495489,0.04922267108181971,-0.0476493732807907,0.12635046236398725,-0.3771206878810113,-0.18787878787878787,0.10018561471481646,10
tod31,fwd_mid_100ms,345339,20,-0.0005870360900588315,-0.004139877507189863,-0.0035520429010080985,0.002967547874169907,-1.1969622906257875,-0.22424242424242422,0.10030723434074923,10
tod31,fwd_micro_100ms,345339,20,-0.005642928926108089,0.00045103812243432344,0.00588311203545726,0.005959548896303553,0.9871740525707065,0.6606060606060605,0.10030723434074923,10
tod31,fwd_mid_300ms,345339,20,0.000616900528554449,0.0009768540091436948,0.0003463806063157343,0.0049413026880237056,0.07009904638209295,0.13939393939393938,0.10030723434074923,10
tod31,fwd_micro_300ms,345339,20,-0.006282736836618796,0.0022082935294314467,0.008300497031016877,0.010524503176919072,0.7886830277385837,0.6242424242424242,0.10030723434074923,10
tod31,fwd_mid_500ms,345339,20,0.00534409347794797,-0.003059809530507693,-0.008347201405413274,0.008835359948714932,-0.9447494447158705,-0.07878787878787878,0.10030723434074923,10
tod31,fwd_micro_500ms,345339,20,0.001764196722183396,-0.001990449717381786,-0.0035618867758935406,0.01246383307048935,-0.28577779851103985,0.1515151515151515,0.10030723434074923,10
tod31,fwd_mid_1s,345339,20,0.007933194644222106,-0.016250019002137843,-0.02438535930116925,0.01615205780709076,-1.509737000226935,-0.406060606060606,0.10030723434074923,10
tod31,fwd_micro_1s,345339,20,0.01329525194380338,-0.007438756927872681,-0.02071090659557864,0.020339272533354397,-1.0182717479995806,-0.10303030303030303,0.10030723434074923,10
tod31,fwd_mid_3s,345339,20,0.005194700070503034,-0.007334950158243748,-0.012863662001962298,0.024572502758418883,-0.5234982422600412,-0.23636363636363633,0.10030723434074923,10
tod31,fwd_micro_3s,345339,20,0.006378602524242287,0.011781916387103573,0.005426185741449615,0.029285094201611194,0.18528831439275614,0.2606060606060606,0.10030723434074923,10
tod31,fwd_mid_5s,345339,20,0.007122386575722479,0.012105116494764881,0.004598522526813977,0.029064888506143624,0.15821572912078982,-0.09090909090909088,0.10030723434074923,10
tod31,fwd_micro_5s,345339,20,0.0010961950607731137,0.021605515003550613,0.020208683588491202,0.035056037059838015,0.5764680004758239,0.23636363636363633,0.10030723434074923,10
tod31,fwd_mid_10s,345339,20,0.011914671210468504,0.03538794729567895,0.02306714554022617,0.04075910739942361,0.5659384371246651,0.5878787878787878,0.10030723434074923,10
tod31,fwd_micro_10s,345339,20,0.009687264735585907,0.044144849147609154,0.03406134536827908,0.048319697801673084,0.7049163574673618,0.5151515151515151,0.10030723434074923,10
tod31,fwd_mid_30s,345339,20,0.030456148174824733,0.1396516871256889,0.10814116992816077,0.1083908256171591,0.9976967083000168,0.33333333333333326,0.10030723434074923,10
tod31,fwd_micro_30s,345339,20,0.03510282209831972,0.12894553230348266,0.0927047930736621,0.11009281620216418,0.8420603293808713,0.2606060606060606,0.10030723434074923,10
tod31,fwd_mid_60s,345339,20,0.02489511142921915,0.21212691497951652,0.18675692523484794,0.13038916693101815,1.4323039991017883,0.6484848484848483,0.10030723434074923,10
tod31,fwd_micro_60s,345339,20,0.011666211223550455,0.2068046634492667,0.1945084052774402,0.13133029525565582,1.4810627273684103,0.6121212121212121,0.10030723434074923,10
tod32,fwd_mid_100ms,345339,20,-0.00038349363087881083,-0.00016826750699053863,0.00019808507332543418,0.0031634607162948254,0.06261657440698032,0.2606060606060606,0.10025800734930025,10
tod32,fwd_micro_100ms,345339,20,0.0018062399107208718,-0.0008918961816292474,-0.0028740162452063596,0.005011538524796588,-0.5734798268008948,0.11515151515151514,0.10025800734930025,10
tod32,fwd_mid_300ms,345339,20,-0.003040325422545466,0.005495630432046367,0.008564118362591586,0.005210406636513897,1.6436564283822466,0.22424242424242422,0.10025800734930025,10
tod32,fwd_micro_300ms,345339,20,-0.00813258128208683,0.00467825563299528,0.01274177866532191,0.008719038445347797,1.4613742954787083,0.2727272727272727,0.10025800734930025,10
tod32,fwd_mid_500ms,345339,20,-0.003687923049473154,0.007527822672896127,0.011270437994580084,0.006741003319146141,1.6719229261568842,0.16363636363636364,0.10025800734930025,10
tod32,fwd_micro_500ms,345339,20,-0.004701924843228744,0.001522688695503811,0.006204185955837539,0.009218192380167774,0.6730371530524102,0.13939393939393938,0.10025800734930025,10
tod32,fwd_mid_1s,345339,20,0.003174613080295052,0.011435171072333656,0.008170089758096088,0.01262846963687222,0.6469580236580139,-0.06666666666666665,0.10025800734930025,10
tod32,fwd_micro_1s,345339,20,0.006101209560661523,0.011075332774786475,0.004947648290564068,0.014568713717606157,0.3396077640392426,-0.0303030303030303,0.10025800734930025,10
tod32,fwd_mid_3s,345339,20,0.01319755399188954,0.009963269558542993,-0.0032176663763857074,0.019869958049241788,-0.16193624407317203,-0.43030303030303024,0.10025800734930025,10
tod32,fwd_micro_3s,345339,20,0.021748267208628134,0.02019474966643482,-0.0017471980048210552,0.023587016989020982,-0.07407456422464617,-0.2727272727272727,0.10025800734930025,10
tod32,fwd_mid_5s,345339,20,0.013104684591464575,0.011484711625656114,-0.0013225569846424656,0.026243251326629073,-0.05039607966946019,-0.11515151515151514,0.10025800734930025,10
tod32,fwd_micro_5s,345339,20,0.011100972688169005,0.020508918341052635,0.009593334525721914,0.03054936454146953,0.3140273020310897,0.1515151515151515,0.10025800734930025,10
tod32,fwd_mid_10s,345339,20,0.025916866977346593,0.026391453057607425,0.0010239993043200044,0.03963083759352143,0.02583844719162334,0.11515151515151514,0.10025800734930025,10
tod32,fwd_micro_10s,345339,20,0.021139416504548342,0.026039095043145825,0.005198804931508353,0.040459755447474356,0.12849323664987403,0.34545454545454546,0.10025800734930025,10
tod32,fwd_mid_30s,345339,20,0.006720760137813161,0.06917762975402675,0.06646997913436248,0.07045796617627663,0.9433990610524191,0.11515151515151514,0.10025800734930025,10
tod32,fwd_micro_30s,345339,20,0.0029706613858525325,0.07308445415827362,0.07413793840822638,0.07217884307856465,1.0271422378927482,0.10303030303030303,0.10025800734930025,10
tod32,fwd_mid_60s,345339,20,0.13076281261918116,0.09089443400925971,-0.031857742234091525,0.12498510067933945,-0.25489231965196746,-0.34545454545454546,0.10025800734930025,10
tod32,fwd_micro_60s,345339,20,0.1348060278337402,0.09062535954683429,-0.036349484519677136,0.12163287209897307,-0.2988458949657905,-0.34545454545454546,0.10025800734930025,10
tod33,fwd_mid_100ms,345339,20,-0.001409511747221371,-0.004718968289036409,-0.003263121329731951,0.0037046657443311776,-0.8808139667458876,-0.16363636363636364,0.10024352882240349,10
tod33,fwd_micro_100ms,345339,20,-0.002406839284836152,-0.006398210640518467,-0.0038439187375618007,0.005964756494404673,-0.6444385015830311,-0.13939393939393938,0.10024352882240349,10
tod33,fwd_mid_300ms,345339,20,-0.0015133326999042982,-0.00806329579920578,-0.006405435311318423,0.006276236429474867,-1.0205854070819902,0.17575757575757575,0.10024352882240349,10
tod33,fwd_micro_300ms,345339,20,-0.0030205101647660893,-0.010190995969868843,-0.006835933330470774,0.00780106447609194,-0.8762821216798015,0.12727272727272726,0.10024352882240349,10
tod33,fwd_mid_500ms,345339,20,-0.00039604844016629884,-0.010622421558721522,-0.01010886804115762,0.009158184915744364,-1.1038069370906547,-0.09090909090909088,0.10024352882240349,10
tod33,fwd_micro_500ms,345339,20,-0.0046141158621534105,-0.01543653979284566,-0.010746469567788975,0.01205959138309693,-0.8911139048087098,0.06666666666666665,0.10024352882240349,10
tod33,fwd_mid_1s,345339,20,-0.008802356660077174,0.007763475101246147,0.016686594114865512,0.014601672531017481,1.1427864910282814,0.2606060606060606,0.10024352882240349,10
tod33,fwd_micro_1s,345339,20,-0.0020406851317763793,0.010645378104139363,0.012743165588459265,0.014560128212395827,0.8752097098712577,0.309090909090909,0.10024352882240349,10
tod33,fwd_mid_3s,345339,20,-0.01587253721694758,0.020222478026818314,0.03645337016178192,0.022108390470572854,1.6488477625860103,0.4666666666666666,0.10024352882240349,10
tod33,fwd_micro_3s,345339,20,-0.01722072836053913,0.03594748806145677,0.05329875740473522,0.020851255484982744,2.556141400843774,0.6242424242424242,0.10024352882240349,10
tod33,fwd_mid_5s,345339,20,0.0004869064429414289,0.026657005659424658,0.026653061617027313,0.029836903436324176,0.8932918147457362,0.19999999999999998,0.10024352882240349,10
tod33,fwd_micro_5s,345339,20,0.006560302916483159,0.029707840721794436,0.023620124581143032,0.031143792874807393,0.7584215794168618,0.17575757575757575,0.10024352882240349,10
tod33,fwd_mid_10s,345339,20,0.008752294424522107,0.047731615002434606,0.04046476499216164,0.05296520961273019,0.7639876305225823,0.24848484848484845,0.10024352882240349,10
tod33,fwd_micro_10s,345339,20,0.012894812239382365,0.04490313343383649,0.033333792338092846,0.04987760658975608,0.6683117859335892,0.2606060606060606,0.10024352882240349,10
tod33,fwd_mid_30s,345339,20,0.1329689754926181,0.0889498811558111,-0.041228835946515094,0.10962057334326691,-0.3761049106850657,-0.01818181818181818,0.10024352882240349,10
tod33,fwd_micro_30s,345339,20,0.1313936609089036,0.08993150267588662,-0.0386634053130806,0.11288325387674655,-0.3425078918729246,0.06666666666666665,0.10024352882240349,10
tod33,fwd_mid_60s,345339,20,0.16176913521924305,0.12415348863685911,-0.03343797571202027,0.11886956835795869,-0.2812997150904645,0.11515151515151514,0.10024352882240349,10
tod33,fwd_micro_60s,345339,20,0.16650988885979795,0.1313090575025402,-0.031065166420534873,0.1210302864646189,-0.25667266704864183,0.06666666666666665,0.10024352882240349,10
tod34,fwd_mid_100ms,345339,20,-0.001629517756303043,-0.0014368702093017923,0.000276956589919476,0.003475444486897835,0.07968954502469586,0.309090909090909,0.10019719753633387,10
tod34,fwd_micro_100ms,345339,20,-0.0012175894230582887,-0.006182340331190904,-0.00489932697637193,0.004917633709438847,-0.9962773288641285,-0.5757575757575757,0.10019719753633387,10
tod34,fwd_mid_300ms,345339,20,0.0010721156929698616,-0.0033840860042247236,-0.004389894255507048,0.006132119110091533,-0.7158853532839352,-0.6969696969696969,0.10019719753633387,10
tod34,fwd_micro_300ms,345339,20,0.0004924078161905184,-0.0033198053432276363,-0.0038595704996840707,0.010314478197498523,-0.37418960278767155,-0.4666666666666666,0.10019719753633387,10
tod34,fwd_mid_500ms,345339,20,-0.0021954681222009233,-0.00924162244339384,-0.007053989890659172,0.004931531733161029,-1.4303851769271054,-0.4787878787878787,0.10019719753633387,10
tod34,fwd_micro_500ms,345339,20,0.0024796707145167203,-0.009001541878945293,-0.011697547673210679,0.009748172427952636,-1.1999734062631329,-0.49090909090909085,0.10019719753633387,10
tod34,fwd_mid_1s,345339,20,0.004090830576372892,-0.00889460610273881,-0.01300467398750848,0.00990292846003289,-1.3132149787806595,-0.5636363636363636,0.10019719753633387,10
tod34,fwd_micro_1s,345339,20,0.007267313292465256,-0.008224858672816231,-0.015747711339124257,0.015177073974277155,-1.0375986415968088,-0.7696969696969697,0.10019719753633387,10
tod34,fwd_mid_3s,345339,20,0.02385307728801287,-0.039086218753566694,-0.06281606536424805,0.02124089755191231,-2.9573169029569915,-0.5636363636363636,0.10019719753633387,10
tod34,fwd_micro_3s,345339,20,0.035820851767004204,-0.028873396995406947,-0.064842288402431,0.023134065274913483,-2.8028920828171864,-0.6,0.10019719753633387,10
tod34,fwd_mid_5s,345339,20,0.0398506368249543,-0.03886961596127181,-0.07887316415102381,0.028763909556335742,-2.742087753980253,-0.7939393939393938,0.10019719753633387,10
tod34,fwd_micro_5s,345339,20,0.03536460527879225,-0.03295634912639972,-0.06856785396989266,0.0304515512228394,-2.251703155222684,-0.7696969696969697,0.10019719753633387,10
tod34,fwd_mid_10s,345339,20,0.07709557303766618,-0.04881120969814014,-0.12511858927862518,0.0460609342630513,-2.7163710697677175,-0.38181818181818183,0.10019719753633387,10
tod34,fwd_micro_10s,345339,20,0.08157354289209098,-0.04394500379093453,-0.12473235281614006,0.04578880437664825,-2.7240797071292846,-0.4666666666666666,0.10019719753633387,10
tod34,fwd_mid_30s,345339,20,0.07091046798231482,-0.030580190919508518,-0.09909775341941332,0.07292758488442798,-1.3588514356598882,-0.6121212121212121,0.10019719753633387,10
tod34,fwd_micro_30s,345339,20,0.06491976246839525,-0.03214932560322073,-0.09459711343708412,0.07273185791894665,-1.3006283098460705,-0.5757575757575757,0.10019719753633387,10
tod34,fwd_mid_60s,345339,20,0.1093157886172135,0.04456215853375189,-0.06155817681661718,0.06520777931339074,-0.9440311794819228,-0.6242424242424242,0.10019719753633387,10
tod34,fwd_micro_60s,345339,20,0.0999170933967921,0.05254116330780906,-0.04401261383736001,0.06941608615112492,-0.6340405556939739,-0.7333333333333332,0.10019719753633387,10
tod35,fwd_mid_100ms,345339,20,-0.0011552796856687598,-0.0019587142419250623,-0.0008253168241191763,0.0031532144170290924,-0.261738250231894,-0.28484848484848485,0.10028696440309377,10
tod35,fwd_micro_100ms,345339,20,0.0010429975512258494,-0.0026266510762549774,-0.0037199290718178584,0.005608055400211425,-0.6633188879834562,-0.2121212121212121,0.10028696440309377,10
tod35,fwd_mid_300ms,345339,20,-0.005713779029750709,-0.0068359422269515975,-0.0011946474314029724,0.00573307555515454,-0.20837810698812073,-0.07878787878787878,0.10028696440309377,10
tod35,fwd_micro_300ms,345339,20,0.0019724891801307033,-0.004787340063644041,-0.006735644764029001,0.00782791567789042,-0.8604646551129201,-0.01818181818181818,0.10028696440309377,10
tod35,fwd_mid_500ms,345339,20,-0.006860721204453754,-0.006381482055733724,0.0003368635103109453,0.006669495906154042,0.050508091623553804,0.5151515151515151,0.10028696440309377,10
tod35,fwd_micro_500ms,345339,20,-0.004724194298899195,-0.007146911057185216,-0.002490659781825556,0.009272976800236176,-0.2685933369058057,0.1515151515151515,0.10028696440309377,10
tod35,fwd_mid_1s,345339,20,-0.0018812549828870157,0.0007739467316603531,0.0023182852037181723,0.01048640396978796,0.2210753286252665,0.5272727272727272,0.10028696440309377,10
tod35,fwd_micro_1s,345339,20,0.011993736559829207,-0.0003250998506102464,-0.01277067430726978,0.010723179452054345,-1.1909410230771786,0.04242424242424241,0.10028696440309377,10
tod35,fwd_mid_3s,345339,20,0.0053997722505205676,0.010248061271649206,0.004458917840693728,0.020397482264572674,0.21860138338927204,0.49090909090909085,0.10028696440309377,10
tod35,fwd_micro_3s,345339,20,0.01898428975891641,0.015059603027130893,-0.0044633656342859635,0.020392369985262667,-0.2188742964898924,-0.17575757575757575,0.10028696440309377,10
tod35,fwd_mid_5s,345339,20,0.022990764077523977,0.013788701446737824,-0.00943726801245115,0.026130718855511076,-0.36115608088067547,-0.12727272727272726,0.10028696440309377,10
tod35,fwd_micro_5s,345339,20,0.027725247296464528,0.0068510023122866125,-0.021245419219776573,0.028550790503281957,-0.7441271798528444,-0.23636363636363633,0.10028696440309377,10
tod35,fwd_mid_10s,345339,20,0.015707387354025604,0.036674926276432464,0.0197637390769544,0.045212105281720844,0.437133793124755,0.33333333333333326,0.10028696440309377,10
tod35,fwd_micro_10s,345339,20,0.02263782125900396,0.039482214022828796,0.015365744136522095,0.04357822863179621,0.35260139337813073,0.41818181818181815,0.10028696440309377,10
tod35,fwd_mid_30s,345339,20,0.010615960995481916,0.08587274915799921,0.07335551201569199,0.10051892748594592,0.729768152629247,0.5151515151515151,0.10028696440309377,10
tod35,fwd_micro_30s,345339,20,0.01548492935230969,0.09394268335245332,0.07666937452388013,0.09880542915904579,0.7759631750646663,0.5272727272727272,0.10028696440309377,10
tod35,fwd_mid_60s,345339,20,-0.00868160727514637,0.07092809260338943,0.07897646090115086,0.1005488500340982,0.7854536464053871,-0.01818181818181818,0.10028696440309377,10
tod35,fwd_micro_60s,345339,20,-0.005907146236062045,0.06539449254685487,0.07044827998867444,0.09953193948285209,0.7077957121574191,-0.01818181818181818,0.10028696440309377,10
tod36,fwd_mid_100ms,345339,20,-0.00006476679277014385,-0.0004140164474164469,-0.00034082781016374033,0.0037530758581211707,-0.09081292866122943,0.16363636363636364,0.100478080958131,10
tod36,fwd_micro_100ms,345339,20,-0.0007193409673273239,-0.004071525991974756,-0.003227700916720586,0.004158659284808769,-0.776139783442011,-0.2606060606060606,0.100478080958131,10
tod36,fwd_mid_300ms,345339,20,0.0012632361265395202,-0.002276757426430486,-0.0034393647869935032,0.005747883704803158,-0.5983706288489161,0.0303030303030303,0.100478080958131,10
tod36,fwd_micro_300ms,345339,20,-0.001309878078629338,-0.005680409108018893,-0.004148368030170139,0.007468989280798287,-0.5554122350710833,-0.43030303030303024,0.100478080958131,10
tod36,fwd_mid_500ms,345339,20,-0.0022577076318470463,-0.00039518970512057434,0.0018526895633122456,0.008128471921898136,0.22792593504827058,0.32121212121212117,0.100478080958131,10
tod36,fwd_micro_500ms,345339,20,-0.0030238716394458787,0.00024667940066510664,0.0034811053578443106,0.009378243009073885,0.3711895026047181,-0.07878787878787878,0.100478080958131,10
tod36,fwd_mid_1s,345339,20,-0.004328698705203926,0.0037384949002855668,0.0077994289171521795,0.0152161531569342,0.5125756054576697,0.35757575757575755,0.100478080958131,10
tod36,fwd_micro_1s,345339,20,-0.003765321333676474,0.011432113619387858,0.015203986221990318,0.015421037931996437,0.9859249610199214,0.38181818181818183,0.100478080958131,10
tod36,fwd_mid_3s,345339,20,-0.009481173281337449,0.020117796544639598,0.029297073647615985,0.01664402503520892,1.7602156681235877,0.2606060606060606,0.100478080958131,10
tod36,fwd_micro_3s,345339,20,-0.002735378787942806,0.031709213437717765,0.03439776683552313,0.017345960339300217,1.9830419396030299,0.29696969696969694,0.100478080958131,10
tod36,fwd_mid_5s,345339,20,-0.0003594439500241754,0.02370842618080112,0.02404324620322344,0.02272993469383574,1.0577789389665015,0.309090909090909,0.100478080958131,10
tod36,fwd_micro_5s,345339,20,-0.003991733522162322,0.025944601660461853,0.02983694412080943,0.023196882621665842,1.2862480104521365,0.05454545454545454,0.100478080958131,10
tod36,fwd_mid_10s,345339,20,0.017903672097368144,0.03951747810568095,0.02105225453034081,0.030878953581143637,0.6817670966413983,-0.05454545454545454,0.100478080958131,10
tod36,fwd_micro_10s,345339,20,0.014450351945212924,0.048060219665766346,0.033177991530912394,0.031207211091503845,1.0631514438643668,-0.10303030303030303,0.100478080958131,10
tod36,fwd_mid_30s,345339,20,0.0834788593153339,0.08254473331820937,-0.0010787841342972892,0.07304615742680196,-0.014768526809617828,0.0303030303030303,0.100478080958131,10
tod36,fwd_micro_30s,345339,20,0.06770402893089754,0.08598648027127449,0.017868885508650064,0.07160223288789,0.24955765746339187,0.13939393939393938,0.100478080958131,10
tod36,fwd_mid_60s,345339,20,0.14916973662088734,0.08557345151239337,-0.06553210567520054,0.0798032995653757,-0.8211703780683398,-0.006060606060606061,0.100478080958131,10
tod36,fwd_micro_60s,345339,20,0.1446118307029216,0.08406396924835845,-0.0624513123138862,0.08108540712139466,-0.7701917586772307,-0.006060606060606061,0.100478080958131,10
tod37,fwd_mid_100ms,345339,20,0.0003923604643857086,-0.0014585002809220642,-0.001943372011660721,0.002729593909878233,-0.7119637850259619,-0.1515151515151515,0.10049255948502775,10
tod37,fwd_micro_100ms,345339,20,0.00046883823797778175,0.0005545659350428984,0.000022539440763220954,0.005691037230543406,0.003960515429815382,-0.35757575757575755,0.10049255948502775,10
tod37,fwd_mid_300ms,345339,20,0.002879470317029988,-0.0038792493757546227,-0.0069026069666368334,0.005002655570106384,-1.3797885682723598,-0.309090909090909,0.10049255948502775,10
tod37,fwd_micro_300ms,345339,20,0.002365554577688281,-0.007796719503865744,-0.010370236373015903,0.010754447804755407,-0.9642741832296017,-0.4424242424242424,0.10049255948502775,10
tod37,fwd_mid_500ms,345339,20,0.003598046972717405,-0.005968028546393266,-0.009752383908088441,0.004538754270367351,-2.1486917614729375,-0.38181818181818183,0.10049255948502775,10
tod37,fwd_micro_500ms,345339,20,0.008245348462901914,-0.012159910257850081,-0.020389443848108216,0.010334684098778375,-1.9729140874773694,-0.43030303030303024,0.10049255948502775,10
tod37,fwd_mid_1s,345339,20,0.0009677164581847567,0.011358768103665196,0.010320542402444653,0.010304764064726912,1.0015311692357662,0.06666666666666665,0.10049255948502775,10
tod37,fwd_micro_1s,345339,20,0.00840455950242329,0.011725649258736247,0.0035884557769531346,0.018310459042415513,0.19597847157412096,-0.0303030303030303,0.10049255948502775,10
tod37,fwd_mid_3s,345339,20,0.0016852003957876466,0.0027044127008308363,0.0004488264641437778,0.013983481448851183,0.032096904178369065,0.3696969696969697,0.10049255948502775,10
tod37,fwd_micro_3s,345339,20,0.009266113856011688,0.011986748771818401,0.0026628088529951953,0.014783362041477701,0.18012200780337712,0.309090909090909,0.10049255948502775,10
tod37,fwd_mid_5s,345339,20,-0.0025779199109178686,0.008369234719330196,0.01051356298055661,0.02179569140259517,0.48236886760585995,0.10303030303030303,0.10049255948502775,10
tod37,fwd_micro_5s,345339,20,-0.003005814095754207,0.013480368046436356,0.016169685526139947,0.022006356349070347,0.734773411356807,0.38181818181818183,0.10049255948502775,10
tod37,fwd_mid_10s,345339,20,0.009773125092355242,0.007420277199317433,-0.0030688102093040766,0.042761355282031836,-0.07176597161300871,0.23636363636363633,0.10049255948502775,10
tod37,fwd_micro_10s,345339,20,0.018111557053445818,0.008249198423183638,-0.010316933874377035,0.0411779890364516,-0.2505448691349224,0.18787878787878787,0.10049255948502775,10
tod37,fwd_mid_30s,345339,20,-0.021387939766185648,0.03805867795825848,0.05845713605338878,0.05897402034834839,0.9912353898902183,0.3939393939393939,0.10049255948502775,10
tod37,fwd_micro_30s,345339,20,-0.02272006669895261,0.046890849259457947,0.06886432473175677,0.06095971323232404,1.1296694337997852,0.3939393939393939,0.10049255948502775,10
tod37,fwd_mid_60s,345339,20,0.032841352550974166,0.11515729927333296,0.08033129530553054,0.0798139674727883,1.0064816704284074,0.6848484848484848,0.10049255948502775,10
tod37,fwd_micro_60s,345339,20,0.029629098720785233,0.12818361078937898,0.09667435632539281,0.08253496334906117,1.17131397898043,0.6969696969696969,0.10049255948502775,10
tod38,fwd_mid_100ms,345339,20,-0.000031503897200069494,-0.005047877937696644,-0.005013062592524321,0.002191182784354991,-2.287834053971903,-0.406060606060606,0.10019140612557516,10
tod38,fwd_micro_100ms,345339,20,-0.001100917839999876,-0.0021182143817840317,-0.0011360698617039204,0.004035993911137878,-0.2814845331081348,-0.0303030303030303,0.10019140612557516,10
tod38,fwd_mid_300ms,345339,20,0.005000451909256734,-0.0035194728361455808,-0.008623301627286886,0.0062091977233808115,-1.388794818824296,-0.35757575757575755,0.10019140612557516,10
tod38,fwd_micro_300ms,345339,20,0.0031594792643096416,-0.0034731313376025717,-0.006889231572025789,0.008459138006811745,-0.8144129539532533,-0.41818181818181815,0.10019140612557516,10
tod38,fwd_mid_500ms,345339,20,0.004168325632666895,-0.0030837313578956694,-0.007479409080017267,0.008264059969805455,-0.9050526142531539,-0.5272727272727272,0.10019140612557516,10
tod38,fwd_micro_500ms,345339,20,0.006217427882334113,0.0011767668965319141,-0.005510642566096722,0.012424852350921218,-0.4435177505902632,-0.28484848484848485,0.10019140612557516,10
tod38,fwd_mid_1s,345339,20,0.008292593591761793,-0.0029255649325442474,-0.011293626192505754,0.010522901949819419,-1.0732425566979231,-0.1515151515151515,0.10019140612557516,10
tod38,fwd_micro_1s,345339,20,0.004277964960781073,0.003535257391118511,-0.001139020725134101,0.012750752334772216,-0.08932968778853227,-0.2727272727272727,0.10019140612557516,10
tod38,fwd_mid_3s,345339,20,0.027009939782935616,0.020395419820861762,-0.006884159474427632,0.018112571703980788,-0.38007631312314577,-0.2727272727272727,0.10019140612557516,10
tod38,fwd_micro_3s,345339,20,0.033896774335229085,0.03202601411144977,-0.0025120520143410824,0.018965990365395858,-0.1324503474874907,-0.22424242424242422,0.10019140612557516,10
tod38,fwd_mid_5s,345339,20,0.02900910372114566,0.017282300951909635,-0.012259878221966765,0.024183239761649454,-0.5069576426814767,-0.2121212121212121,0.10019140612557516,10
tod38,fwd_micro_5s,345339,20,0.021956079193147352,0.01637556612039586,-0.006278966064629053,0.025468467844375398,-0.24653882216223447,-0.41818181818181815,0.10019140612557516,10
tod38,fwd_mid_10s,345339,20,0.026451493584295594,0.024359487704110287,-0.0027531992004063846,0.04098683635705879,-0.06717276679814362,-0.10303030303030303,0.10019140612557516,10
tod38,fwd_micro_10s,345339,20,0.032679312141279324,0.03246460185309932,-0.0009634202501470404,0.03939586338765733,-0.02445485813236114,-0.17575757575757575,0.10019140612557516,10
tod38,fwd_mid_30s,345339,20,0.09279508246623332,0.019805218500032924,-0.0733151679375678,0.06490313939061858,-1.129608962307995,-0.9151515151515152,0.10019140612557516,10
tod38,fwd_micro_30s,345339,20,0.09665618664515246,0.034494266967121205,-0.062263575116672486,0.06374696885822052,-0.9767299721364439,-0.8545454545454544,0.10019140612557516,10
tod38,fwd_mid_60s,345339,20,0.1405605204293362,0.07379627202306305,-0.06763662263039355,0.08168825501574496,-0.8279846670412652,-0.33333333333333326,0.10019140612557516,10
tod38,fwd_micro_60s,345339,20,0.13346332229466124,0.08096591297722631,-0.052870114687564695,0.08216358256307191,-0.6434738242697678,-0.24848484848484845,0.10019140612557516,10
tod39,fwd_mid_100ms,345339,20,-0.0017118292498651258,-0.003089009012054906,-0.0013205654409502881,0.0019313004056073157,-0.6837700841962097,-0.006060606060606061,0.10017982330405775,10
tod39,fwd_micro_100ms,345339,20,-0.0033132577567580542,-0.0004011759030561956,0.00292038247888026,0.004672325691168098,0.6250382939700752,0.22424242424242422,0.10017982330405775,10
tod39,fwd_mid_300ms,345339,20,0.00041548117081210024,0.0009209104486969307,0.0005988497569722961,0.005748526834013879,0.10417447361103338,0.05454545454545454,0.10017982330405775,10
tod39,fwd_micro_300ms,345339,20,-0.0035663704834751823,0.00042519382680173404,0.0042218883223719755,0.009692978344848724,0.4355615139298927,0.24848484848484845,0.10017982330405775,10
tod39,fwd_mid_500ms,345339,20,-0.0032886247701338946,0.0004592902212812635,0.003765624591950658,0.009665091710838567,0.38961084949952773,-0.05454545454545454,0.10017982330405775,10
tod39,fwd_micro_500ms,345339,20,-0.005292375859636185,-0.0039925195678293945,0.001762420106388747,0.010586804961473741,0.1664732761963916,-0.11515151515151514,0.10017982330405775,10
tod39,fwd_mid_1s,345339,20,-0.009909902261442952,0.002559162921216212,0.01237550937328927,0.016056841537991036,0.7707312390178599,0.2727272727272727,0.10017982330405775,10
tod39,fwd_micro_1s,345339,20,-0.0009940194395134047,0.012587092059068607,0.014048369591129442,0.017198032603509328,0.8168591091205872,0.006060606060606061,0.10017982330405775,10
tod39,fwd_mid_3s,345339,20,-0.0008996462194520482,0.02058449771475847,0.020716846697751104,0.02264192381520474,0.9149773167171914,0.6727272727272726,0.10017982330405775,10
tod39,fwd_micro_3s,345339,20,0.005495275396525178,0.02200969067576312,0.016618140338374866,0.023073197716153435,0.7202356839659284,0.4666666666666666,0.10017982330405775,10
tod39,fwd_mid_5s,345339,20,0.012913246284783667,0.023044975430627106,0.009955177680483696,0.022128284544558653,0.4498847463949335,0.06666666666666665,0.10017982330405775,10
tod39,fwd_micro_5s,345339,20,0.011761369164329098,0.02673336595555008,0.014833989511198223,0.02246369882572351,0.6603538280263802,-0.04242424242424241,0.10017982330405775,10
tod39,fwd_mid_10s,345339,20,0.016768681796854458,0.04812285440391941,0.031465440558499584,0.026286044198983262,1.1970397797518981,0.06666666666666665,0.10017982330405775,10
tod39,fwd_micro_10s,345339,20,0.012942549539164672,0.04632180467457114,0.033457218302513754,0.031718121419392106,1.0548297567856078,0.11515151515151514,0.10017982330405775,10
tod39,fwd_mid_30s,345339,20,0.07891953018900805,0.05432603648314726,-0.023678879055746532,0.0428056799740371,-0.553171426551534,-0.4545454545454545,0.10017982330405775,10
tod39,fwd_micro_30s,345339,20,0.06960431857942204,0.05873394347419109,-0.00971511280600323,0.042412626984013886,-0.2290618029782743,-0.41818181818181815,0.10017982330405775,10
tod39,fwd_mid_60s,345339,20,0.13788838135459217,0.15945143262985137,0.024233352889938248,0.09793173065598747,0.24745149225499408,-0.38181818181818183,0.10017982330405775,10
tod39,fwd_micro_60s,345339,20,0.13387528230041093,0.16234022180951252,0.031015806912865172,0.1001223702677542,0.3097789917470047,-0.22424242424242422,0.10017982330405775,10
