feature,target,n,n_days,d1,d10,spread_bp,se_bp,t,monotone_rho,max_dec_share,n_dec_pop
best_bid,fwd_mid_100ms,1657037,36,0.0004744071273851947,-0.00024189134150075887,0.00872207183392901,0.012360658805456398,0.7056316310647458,-0.32121212121212117,0.33046697207123316,10
best_bid,fwd_micro_100ms,1657037,36,-0.00011837934008570591,0.0006224956256362337,0.0005102348011974605,0.026341905093096113,0.01936970008031753,-0.17575757575757575,0.33046697207123316,10
best_bid,fwd_mid_300ms,1657037,36,0.006015417076376139,0.0016023064853752196,-0.007903901488671037,0.018964786061293825,-0.4167672370848677,-0.3939393939393939,0.33046697207123316,10
best_bid,fwd_micro_300ms,1657037,36,0.002965170076438207,0.002045910053290473,-0.04708526062044432,0.04936969181028821,-0.9537280646064751,0.10303030303030303,0.33046697207123316,10
best_bid,fwd_mid_500ms,1657037,36,0.005899050105547462,-0.00018382653779343421,-0.018708592836087893,0.02182585941192104,-0.857175540399086,-0.2606060606060606,0.33046697207123316,10
best_bid,fwd_micro_500ms,1657037,36,0.0006196874224332063,-0.004003322612256362,-0.04454495156038781,0.04379684915933046,-1.0170811922642151,-0.006060606060606061,0.33046697207123316,10
best_bid,fwd_mid_1s,1657037,36,0.013200119782807093,-0.005895962409340935,-0.016042358649288782,0.03835852344311865,-0.4182214853258829,-0.5878787878787878,0.33046697207123316,10
best_bid,fwd_micro_1s,1657037,36,0.0024052749323038563,-0.00961366247183973,-0.027047875995141517,0.0538374644947209,-0.5023987709858388,-0.7454545454545454,0.33046697207123316,10
best_bid,fwd_mid_3s,1657037,36,0.01114308427603766,-0.005479854874172517,-0.018664245369953605,0.03651004805439319,-0.511208458070155,-0.5757575757575757,0.33046697207123316,10
best_bid,fwd_micro_3s,1657037,36,0.006046297361154589,-0.008507740968324311,-0.07675557475294217,0.05594575041285791,-1.3719643437886853,-0.28484848484848485,0.33046697207123316,10
best_bid,fwd_mid_5s,1657037,36,0.009056089344754695,-0.006747907403385635,-0.13324250398882875,0.06785064929583562,-1.9637616643560492,-0.5515151515151515,0.33046697207123316,10
best_bid,fwd_micro_5s,1657037,36,0.008956026393765162,-0.006817963185265551,-0.1364803984697943,0.06608677170557331,-2.0651696995858018,-0.49090909090909085,0.33046697207123316,10
best_bid,fwd_mid_10s,1657037,36,0.019841534520476135,-0.013224788155431306,-0.248948612083506,0.13871131890397329,-1.794724569347131,-0.6727272727272726,0.33046697207123316,10
best_bid,fwd_micro_10s,1657037,36,0.019719591997779822,-0.013258818170789046,-0.2535575299818277,0.13541574069808687,-1.872437640371079,-0.5757575757575757,0.33046697207123316,10
best_bid,fwd_mid_30s,1657037,36,0.05922895776373588,-0.039642365166191906,-0.7355827713095144,0.489613247166434,-1.5023751411273971,-0.6121212121212121,0.33046697207123316,10
best_bid,fwd_micro_30s,1657037,36,0.058371087879878825,-0.03925395437936065,-0.7181832480452696,0.4802870666534735,-1.4953208152145347,-0.5151515151515151,0.33046697207123316,10
best_bid,fwd_mid_60s,1657037,36,0.11839931344416066,-0.08188224208213392,-1.3744107927431726,1.1631041904980448,-1.1816746977367913,-0.5272727272727272,0.33046697207123316,10
best_bid,fwd_micro_60s,1657037,36,0.11768666849722177,-0.08023501304982872,-1.3399310384589684,1.1564461044155512,-1.158662762875705,-0.406060606060606,0.33046697207123316,10
best_ask,fwd_mid_100ms,1657037,36,0.0007034185913744581,-0.0002211264889115747,0.009769041268635467,0.012676826978959702,0.7706219612249645,-0.309090909090909,0.32970054380197905,10
best_ask,fwd_micro_100ms,1657037,36,-0.0008141031403172046,0.00003601885635866959,0.013353421028095147,0.029656511982474903,0.4502694395074566,-0.19999999999999998,0.32970054380197905,10
best_ask,fwd_mid_300ms,1657037,36,0.005945431118966861,0.0019210631315109764,-0.00481074477140021,0.02144406553058194,-0.2243392123820682,-0.3696969696969697,0.32970054380197905,10
best_ask,fwd_micro_300ms,1657037,36,0.0013250824448689613,0.002556433446095458,-0.020576055300001443,0.05348862875847026,-0.3846809270978571,-0.12727272727272726,0.32970054380197905,10
best_ask,fwd_mid_500ms,1657037,36,0.005417734879827849,-0.00036131198832450043,-0.006175977650501728,0.022641141831092716,-0.27277677497785724,-0.5030303030303029,0.32970054380197905,10
best_ask,fwd_micro_500ms,1657037,36,-0.0014810249436014446,-0.004098895225172591,-0.014205952998575374,0.037391469324477664,-0.3799249736697482,-0.2727272727272727,0.32970054380197905,10
best_ask,fwd_mid_1s,1657037,36,0.012308556746143956,-0.0055244332882362695,0.0038992324857286455,0.03972568595391861,0.09815393723475828,-0.8060606060606059,0.32970054380197905,10
best_ask,fwd_micro_1s,1657037,36,-0.0000509142292817555,-0.010254672404344259,0.025064929316542764,0.05941078832781293,0.42189188229991414,-0.6484848484848483,0.32970054380197905,10
best_ask,fwd_mid_3s,1657037,36,0.010494922634527323,-0.004692836660022095,-0.015000633375003347,0.03630143963440311,-0.4132242006398873,-0.6242424242424242,0.32970054380197905,10
best_ask,fwd_micro_3s,1657037,36,0.004713524569020664,-0.006751572379432082,-0.01928698262488453,0.06350895101365787,-0.303689201554231,-0.18787878787878787,0.32970054380197905,10
best_ask,fwd_mid_5s,1657037,36,0.00927399291416285,-0.006875965402627272,-0.1307526431951943,0.0699440083009319,-1.8693901932619468,-0.49090909090909085,0.32970054380197905,10
best_ask,fwd_micro_5s,1657037,36,0.009181119616580403,-0.007105445853736374,-0.12332350032873661,0.07500529399410355,-1.6441972794404558,-0.5151515151515151,0.32970054380197905,10
best_ask,fwd_mid_10s,1657037,36,0.019432814623607908,-0.013554025805223033,-0.23649672197003094,0.13515073989229795,-1.7498736755603108,-0.5757575757575757,0.32970054380197905,10
best_ask,fwd_micro_10s,1657037,36,0.019012288211186616,-0.014477622413263037,-0.2280687400609376,0.1361153799489431,-1.6755545196030472,-0.5515151515151515,0.32970054380197905,10
best_ask,fwd_mid_30s,1657037,36,0.059248680382019185,-0.039236741033603646,-0.6742977938349702,0.4904028745690269,-1.374987441555176,-0.5272727272727272,0.32970054380197905,10
best_ask,fwd_micro_30s,1657037,36,0.057766316442785674,-0.040837955535583594,-0.6482491117811047,0.4917889613949446,-1.3181449008988846,-0.41818181818181815,0.32970054380197905,10
best_ask,fwd_mid_60s,1657037,36,0.11711687261506563,-0.07873930221583765,-1.1764412837574831,1.1894976383986924,-0.9890236397116469,-0.4666666666666666,0.32970054380197905,10
best_ask,fwd_micro_60s,1657037,36,0.11610190340416007,-0.0808461413480824,-1.1493015324622864,1.1859127452627571,-0.9691282407186214,-0.4666666666666666,0.32970054380197905,10
mid,fwd_mid_100ms,1657037,36,0.0006347667435163137,-0.0002111852142917735,0.009590441429557301,0.012340699842509281,0.7771391859416006,-0.3696969696969697,0.3301266055012652,10
mid,fwd_micro_100ms,1657037,36,-0.00113168217623184,0.0006912541203804954,0.007620471630663476,0.028547318907931645,0.2669417627357709,-0.28484848484848485,0.3301266055012652,10
mid,fwd_mid_300ms,1657037,36,0.00600138691655787,0.0016533724366166592,-0.007334294274548622,0.01921736061606293,-0.3816494065484838,-0.23636363636363633,0.3301266055012652,10
mid,fwd_micro_300ms,1657037,36,0.0011342929750451371,0.002592732225105361,-0.04650925186359936,0.059825590119167,-0.7774140091381843,-0.04242424242424241,0.3301266055012652,10
mid,fwd_mid_500ms,1657037,36,0.005787153398171115,-0.00023516995700095073,-0.019261316464906246,0.02162231277797914,-0.8908074109686633,-0.29696969696969694,0.3301266055012652,10
mid,fwd_micro_500ms,1657037,36,-0.001747712530067052,-0.0037189633930659383,-0.03853205659838216,0.044072355940359104,-0.8742908287118948,-0.3696969696969697,0.3301266055012652,10
mid,fwd_mid_1s,1657037,36,0.0129178444903217,-0.005755347340685602,-0.010149489435319082,0.03746599122691067,-0.2708987298333913,-0.6969696969696969,0.3301266055012652,10
mid,fwd_micro_1s,1657037,36,0.0011959833018797513,-0.010048866238401146,-0.01824102896667883,0.05606505095414057,-0.3253547202088412,-0.6727272727272726,0.3301266055012652,10
mid,fwd_mid_3s,1657037,36,0.011591913555229887,-0.005229072338916817,-0.024144369513967666,0.03251211914744857,-0.7426267541795234,-0.49090909090909085,0.3301266055012652,10
mid,fwd_micro_3s,1657037,36,0.007974854329742974,-0.008444687429490678,-0.09613599662636382,0.06822832615644293,-1.409033491543241,-0.32121212121212117,0.3301266055012652,10
mid,fwd_mid_5s,1657037,36,0.008836584124874657,-0.0070677395381349255,-0.14080839676508133,0.06296070689306037,-2.2364487902628913,-0.8181818181818182,0.3301266055012652,10
mid,fwd_micro_5s,1657037,36,0.009246193004024307,-0.007540739364316662,-0.1467886822247224,0.06486547470260035,-2.262970908603216,-0.5878787878787878,0.3301266055012652,10
mid,fwd_mid_10s,1657037,36,0.01873134698056007,-0.013889132307808296,-0.2559153075974067,0.1268765559512763,-2.017041727517292,-0.8181818181818182,0.3301266055012652,10
mid,fwd_micro_10s,1657037,36,0.019205771895745953,-0.01550743219603317,-0.27020512462453716,0.1262455501441471,-2.1403140492161277,-0.7333333333333332,0.3301266055012652,10
mid,fwd_mid_30s,1657037,36,0.05707607370099017,-0.04137383175320482,-0.7419608285086536,0.4663527165193191,-1.5909863976913647,-0.8060606060606059,0.3301266055012652,10
mid,fwd_micro_30s,1657037,36,0.05706643997031628,-0.04279382806363166,-0.7350511304766314,0.4658378725829008,-1.5779119168672169,-0.7939393939393938,0.3301266055012652,10
mid,fwd_mid_60s,1657037,36,0.11508860656959219,-0.08617811880562429,-1.3273722325249149,1.1410922950955777,-1.1632470381492974,-0.7212121212121211,0.3301266055012652,10
mid,fwd_micro_60s,1657037,36,0.11545587442312927,-0.0868781749631367,-1.310023355082222,1.13973248745972,-1.1494130153313897,-0.6969696969696969,0.3301266055012652,10
log_mid,fwd_mid_100ms,1657037,36,0.0006347667435163137,-0.0002111852142917735,0.009590441429557301,0.012340699842509281,0.7771391859416006,-0.3696969696969697,0.3301266055012652,10
log_mid,fwd_micro_100ms,1657037,36,-0.00113168217623184,0.0006912541203804954,0.007620471630663476,0.028547318907931645,0.2669417627357709,-0.28484848484848485,0.3301266055012652,10
log_mid,fwd_mid_300ms,1657037,36,0.00600138691655787,0.0016533724366166592,-0.007334294274548622,0.01921736061606293,-0.3816494065484838,-0.23636363636363633,0.3301266055012652,10
log_mid,fwd_micro_300ms,1657037,36,0.0011342929750451371,0.002592732225105361,-0.04650925186359936,0.059825590119167,-0.7774140091381843,-0.04242424242424241,0.3301266055012652,10
log_mid,fwd_mid_500ms,1657037,36,0.005787153398171115,-0.00023516995700095073,-0.019261316464906246,0.02162231277797914,-0.8908074109686633,-0.29696969696969694,0.3301266055012652,10
log_mid,fwd_micro_500ms,1657037,36,-0.001747712530067052,-0.0037189633930659383,-0.03853205659838216,0.044072355940359104,-0.8742908287118948,-0.3696969696969697,0.3301266055012652,10
log_mid,fwd_mid_1s,1657037,36,0.0129178444903217,-0.005755347340685602,-0.010149489435319082,0.03746599122691067,-0.2708987298333913,-0.6969696969696969,0.3301266055012652,10
log_mid,fwd_micro_1s,1657037,36,0.0011959833018797513,-0.010048866238401146,-0.01824102896667883,0.05606505095414057,-0.3253547202088412,-0.6727272727272726,0.3301266055012652,10
log_mid,fwd_mid_3s,1657037,36,0.011591913555229887,-0.005229072338916817,-0.024144369513967666,0.03251211914744857,-0.7426267541795234,-0.49090909090909085,0.3301266055012652,10
log_mid,fwd_micro_3s,1657037,36,0.007974854329742974,-0.008444687429490678,-0.09613599662636382,0.06822832615644293,-1.409033491543241,-0.32121212121212117,0.3301266055012652,10
log_mid,fwd_mid_5s,1657037,36,0.008836584124874657,-0.0070677395381349255,-0.14080839676508133,0.06296070689306037,-2.2364487902628913,-0.8181818181818182,0.3301266055012652,10
log_mid,fwd_micro_5s,1657037,36,0.009246193004024307,-0.007540739364316662,-0.1467886822247224,0.06486547470260035,-2.262970908603216,-0.5878787878787878,0.3301266055012652,10
log_mid,fwd_mid_10s,1657037,36,0.01873134698056007,-0.013889132307808296,-0.2559153075974067,0.1268765559512763,-2.017041727517292,-0.8181818181818182,0.3301266055012652,10
log_mid,fwd_micro_10s,1657037,36,0.019205771895745953,-0.01550743219603317,-0.27020512462453716,0.1262455501441471,-2.1403140492161277,-0.7333333333333332,0.3301266055012652,10
log_mid,fwd_mid_30s,1657037,36,0.05707607370099017,-0.04137383175320482,-0.7419608285086536,0.4663527165193191,-1.5909863976913647,-0.8060606060606059,0.3301266055012652,10
log_mid,fwd_micro_30s,1657037,36,0.05706643997031628,-0.04279382806363166,-0.7350511304766314,0.4658378725829008,-1.5779119168672169,-0.7939393939393938,0.3301266055012652,10
log_mid,fwd_mid_60s,1657037,36,0.11508860656959219,-0.08617811880562429,-1.3273722325249149,1.1410922950955777,-1.1632470381492974,-0.7212121212121211,0.3301266055012652,10
log_mid,fwd_micro_60s,1657037,36,0.11545587442312927,-0.0868781749631367,-1.310023355082222,1.13973248745972,-1.1494130153313897,-0.6969696969696969,0.3301266055012652,10
spread_abs,fwd_mid_100ms,1657037,67,-0.0020292545067783483,-0.0034885510751840984,0.002904787239763224,0.0042548616322102845,0.6826984026397742,-0.11515151515151514,0.13721962756414008,10
spread_abs,fwd_micro_100ms,1657037,67,-0.0018326740929986585,-0.007154139832121521,0.005367770836372866,0.007838167338557986,0.6848247306442928,-0.12727272727272726,0.13721962756414008,10
spread_abs,fwd_mid_300ms,1657037,67,-0.0003830304960738819,-0.00003315187997945697,-0.0009178413420393029,0.007414617702370377,-0.1237880871114742,0.3696969696969697,0.13721962756414008,10
spread_abs,fwd_micro_300ms,1657037,67,0.00021751143110455685,-0.0063459421049161645,-0.004755943739078107,0.01501750410972884,-0.31669335359109696,-0.09090909090909088,0.13721962756414008,10
spread_abs,fwd_mid_500ms,1657037,67,-0.0019132440380838175,-0.0011808291320566913,-0.007086018389046895,0.010948597799790627,-0.6472078451162397,0.19999999999999998,0.13721962756414008,10
spread_abs,fwd_micro_500ms,1657037,67,0.0018380334617023333,-0.013873112119492813,-0.016144969415387813,0.014059657591904088,-1.1483188199892223,-0.34545454545454546,0.13721962756414008,10
spread_abs,fwd_mid_1s,1657037,67,0.00026202137783284127,0.010288404278576297,-0.006967910549005272,0.013601043599726565,-0.5123070518754425,0.2606060606060606,0.13721962756414008,10
spread_abs,fwd_micro_1s,1657037,67,0.0030435831321335262,-0.005972666923994044,-0.010945638978930033,0.026329301055062513,-0.4157208334562091,-0.5030303030303029,0.13721962756414008,10
spread_abs,fwd_mid_3s,1657037,67,-0.007853331581692125,0.009849662988896772,0.016829230152512583,0.018028655277770755,0.93347118202781,0.5030303030303029,0.13721962756414008,10
spread_abs,fwd_micro_3s,1657037,67,-0.026803567537439267,0.004297456413677068,0.037892787257024135,0.030475281364455434,1.2433941726037694,0.18787878787878787,0.13721962756414008,10
spread_abs,fwd_mid_5s,1657037,67,-0.014489057815102617,0.0022545017206822004,0.02353993546189601,0.023641975858960926,0.9956839310862319,0.16363636363636364,0.13721962756414008,10
spread_abs,fwd_micro_5s,1657037,67,-0.01412465861905286,-0.00010746915921098983,0.010653634317987359,0.026332596053047507,0.40457971923943287,-0.006060606060606061,0.13721962756414008,10
spread_abs,fwd_mid_10s,1657037,67,-0.01898476809310462,0.006684751650358379,0.007979376974328788,0.042093322143252114,0.18956396330927147,0.18787878787878787,0.13721962756414008,10
spread_abs,fwd_micro_10s,1657037,67,-0.018380110900166113,0.0052340469244757494,-0.01157698745295263,0.04573885826811317,-0.25311054738381006,0.06666666666666665,0.13721962756414008,10
spread_abs,fwd_mid_30s,1657037,67,-0.05345075478502635,0.014023539260714969,0.058561794095486244,0.08912715294865715,0.6570589563117933,0.4787878787878787,0.13721962756414008,10
spread_abs,fwd_micro_30s,1657037,67,-0.05595208048142463,0.020151827059010457,0.07972846583755261,0.089519054849293,0.8906312289799861,0.4787878787878787,0.13721962756414008,10
spread_abs,fwd_mid_60s,1657037,67,-0.0944749214631172,0.03291098677487571,0.10587157956888384,0.16394918634623726,0.6457584933986692,0.43030303030303024,0.13721962756414008,10
spread_abs,fwd_micro_60s,1657037,67,-0.0758996880112337,0.024149872898624917,0.09286869286987165,0.16919364222950248,0.5488899680042353,0.41818181818181815,0.13721962756414008,10
tick,fwd_mid_100ms,1691793,0,NaN,-0.00004947306414836512,NaN,NaN,NaN,NaN,1.0,1
tick,fwd_micro_100ms,1691793,0,NaN,-0.0002112778935740462,NaN,NaN,NaN,NaN,1.0,1
tick,fwd_mid_300ms,1691793,0,NaN,0.0031790332940128166,NaN,NaN,NaN,NaN,1.0,1
tick,fwd_micro_300ms,1691793,0,NaN,0.002724461009114834,NaN,NaN,NaN,NaN,1.0,1
tick,fwd_mid_500ms,1691793,0,NaN,0.0015401632153933752,NaN,NaN,NaN,NaN,1.0,1
tick,fwd_micro_500ms,1691793,0,NaN,-0.001461943926518934,NaN,NaN,NaN,NaN,1.0,1
tick,fwd_mid_1s,1691793,0,NaN,0.001576415903014328,NaN,NaN,NaN,NaN,1.0,1
tick,fwd_micro_1s,1691793,0,NaN,-0.0010119318010230814,NaN,NaN,NaN,NaN,1.0,1
tick,fwd_mid_3s,1691793,0,NaN,0.0015133120001681688,NaN,NaN,NaN,NaN,1.0,1
tick,fwd_micro_3s,1691793,0,NaN,0.002005032591108675,NaN,NaN,NaN,NaN,1.0,1
tick,fwd_mid_5s,1691793,0,NaN,0.00008594374030857337,NaN,NaN,NaN,NaN,1.0,1
tick,fwd_micro_5s,1691793,0,NaN,7.07015340928325e-6,NaN,NaN,NaN,NaN,1.0,1
tick,fwd_mid_10s,1691793,0,NaN,0.00032910992316498533,NaN,NaN,NaN,NaN,1.0,1
tick,fwd_micro_10s,1691793,0,NaN,0.00008948946466995449,NaN,NaN,NaN,NaN,1.0,1
tick,fwd_mid_30s,1691793,0,NaN,0.0023178610681717973,NaN,NaN,NaN,NaN,1.0,1
tick,fwd_micro_30s,1691793,0,NaN,0.0020699781713494486,NaN,NaN,NaN,NaN,1.0,1
tick,fwd_mid_60s,1691793,0,NaN,0.005823053028906056,NaN,NaN,NaN,NaN,1.0,1
tick,fwd_micro_60s,1691793,0,NaN,0.005397608310288759,NaN,NaN,NaN,NaN,1.0,1
spread_tick,fwd_mid_100ms,1657037,67,-0.0020292545067783483,-0.0034885510751840984,0.002904787239763224,0.0042548616322102845,0.6826984026397742,-0.11515151515151514,0.13721962756414008,10
spread_tick,fwd_micro_100ms,1657037,67,-0.0018326740929986585,-0.007154139832121521,0.005367770836372866,0.007838167338557986,0.6848247306442928,-0.12727272727272726,0.13721962756414008,10
spread_tick,fwd_mid_300ms,1657037,67,-0.0003830304960738819,-0.00003315187997945697,-0.0009178413420393029,0.007414617702370377,-0.1237880871114742,0.3696969696969697,0.13721962756414008,10
spread_tick,fwd_micro_300ms,1657037,67,0.00021751143110455685,-0.0063459421049161645,-0.004755943739078107,0.01501750410972884,-0.31669335359109696,-0.09090909090909088,0.13721962756414008,10
spread_tick,fwd_mid_500ms,1657037,67,-0.0019132440380838175,-0.0011808291320566913,-0.007086018389046895,0.010948597799790627,-0.6472078451162397,0.19999999999999998,0.13721962756414008,10
spread_tick,fwd_micro_500ms,1657037,67,0.0018380334617023333,-0.013873112119492813,-0.016144969415387813,0.014059657591904088,-1.1483188199892223,-0.34545454545454546,0.13721962756414008,10
spread_tick,fwd_mid_1s,1657037,67,0.00026202137783284127,0.010288404278576297,-0.006967910549005272,0.013601043599726565,-0.5123070518754425,0.2606060606060606,0.13721962756414008,10
spread_tick,fwd_micro_1s,1657037,67,0.0030435831321335262,-0.005972666923994044,-0.010945638978930033,0.026329301055062513,-0.4157208334562091,-0.5030303030303029,0.13721962756414008,10
spread_tick,fwd_mid_3s,1657037,67,-0.007853331581692125,0.009849662988896772,0.016829230152512583,0.018028655277770755,0.93347118202781,0.5030303030303029,0.13721962756414008,10
spread_tick,fwd_micro_3s,1657037,67,-0.026803567537439267,0.004297456413677068,0.037892787257024135,0.030475281364455434,1.2433941726037694,0.18787878787878787,0.13721962756414008,10
spread_tick,fwd_mid_5s,1657037,67,-0.014489057815102617,0.0022545017206822004,0.02353993546189601,0.023641975858960926,0.9956839310862319,0.16363636363636364,0.13721962756414008,10
spread_tick,fwd_micro_5s,1657037,67,-0.01412465861905286,-0.00010746915921098983,0.010653634317987359,0.026332596053047507,0.40457971923943287,-0.006060606060606061,0.13721962756414008,10
spread_tick,fwd_mid_10s,1657037,67,-0.01898476809310462,0.006684751650358379,0.007979376974328788,0.042093322143252114,0.18956396330927147,0.18787878787878787,0.13721962756414008,10
spread_tick,fwd_micro_10s,1657037,67,-0.018380110900166113,0.0052340469244757494,-0.01157698745295263,0.04573885826811317,-0.25311054738381006,0.06666666666666665,0.13721962756414008,10
spread_tick,fwd_mid_30s,1657037,67,-0.05345075478502635,0.014023539260714969,0.058561794095486244,0.08912715294865715,0.6570589563117933,0.4787878787878787,0.13721962756414008,10
spread_tick,fwd_micro_30s,1657037,67,-0.05595208048142463,0.020151827059010457,0.07972846583755261,0.089519054849293,0.8906312289799861,0.4787878787878787,0.13721962756414008,10
spread_tick,fwd_mid_60s,1657037,67,-0.0944749214631172,0.03291098677487571,0.10587157956888384,0.16394918634623726,0.6457584933986692,0.43030303030303024,0.13721962756414008,10
spread_tick,fwd_micro_60s,1657037,67,-0.0758996880112337,0.024149872898624917,0.09286869286987165,0.16919364222950248,0.5488899680042353,0.41818181818181815,0.13721962756414008,10
spread_bp,fwd_mid_100ms,1657037,89,-0.0018720908558603239,-0.003284459875424805,0.0026675445781334777,0.0030600018628956804,0.8717460634514711,-0.13939393939393938,0.12262309169921976,10
spread_bp,fwd_micro_100ms,1657037,89,-0.0023057040975838685,-0.00935131795023598,0.0027583895190610662,0.006825731902241658,0.40411629969749846,-0.19999999999999998,0.12262309169921976,10
spread_bp,fwd_mid_300ms,1657037,89,-0.00027077462575565985,0.0010349692072881473,-0.004979015784473675,0.006559373441070082,-0.7590688088131493,0.18787878787878787,0.12262309169921976,10
spread_bp,fwd_micro_300ms,1657037,89,-0.000027282900170932827,-0.006650041848152276,-0.0010956110293051532,0.012835800720164813,-0.08535587714321304,-0.18787878787878787,0.12262309169921976,10
spread_bp,fwd_mid_500ms,1657037,89,-0.00292791513944495,-0.0025669319826312925,-0.006806452175414484,0.00821700289404543,-0.8283375657987023,0.309090909090909,0.12262309169921976,10
spread_bp,fwd_micro_500ms,1657037,89,-0.0005913535849548904,-0.017115837101921844,-0.00841269730054031,0.011782491824422935,-0.7139998419606232,-0.2606060606060606,0.12262309169921976,10
spread_bp,fwd_mid_1s,1657037,89,-0.004185747057566849,0.011713888552098638,0.002933400127303173,0.009733029065711194,0.3013861468509679,0.43030303030303024,0.12262309169921976,10
spread_bp,fwd_micro_1s,1657037,89,-0.0021471114179302604,-0.008354041215227159,-0.004451510747188063,0.01588739531298196,-0.2801913504066101,-0.5151515151515151,0.12262309169921976,10
spread_bp,fwd_mid_3s,1657037,89,-0.0160477832079613,0.01297865504922311,0.020359452349208513,0.015204760244656817,1.3390183088459506,0.6969696969696969,0.12262309169921976,10
spread_bp,fwd_micro_3s,1657037,89,-0.025190520040973375,0.007670904508089079,0.03738216791292648,0.020459050963368062,1.8271701839865038,0.2121212121212121,0.12262309169921976,10
spread_bp,fwd_mid_5s,1657037,89,-0.026688443708193153,0.006160437761524598,0.03539155919641571,0.01950051563035877,1.8149037629198617,0.16363636363636364,0.12262309169921976,10
spread_bp,fwd_micro_5s,1657037,89,-0.023654102167412056,0.004378180650194789,0.027604579898213796,0.021815707277009145,1.2653534239206332,0.07878787878787878,0.12262309169921976,10
spread_bp,fwd_mid_10s,1657037,89,-0.03817599377872908,0.016444219163202205,0.04230311823800017,0.031235559053448502,1.3543256314258212,0.4666666666666666,0.12262309169921976,10
spread_bp,fwd_micro_10s,1657037,89,-0.03590992773568304,0.015484271422807028,0.03316386603882969,0.03303671119627049,1.0038488953032818,0.5151515151515151,0.12262309169921976,10
spread_bp,fwd_mid_30s,1657037,89,-0.08834785584385953,0.029834702698153526,0.02686572016942826,0.07277147686208249,0.36917926264358414,0.6,0.12262309169921976,10
spread_bp,fwd_micro_30s,1657037,89,-0.09051863354818668,0.03937797232667678,0.04904760592213758,0.07461794644059083,0.6573164803079673,0.5757575757575757,0.12262309169921976,10
spread_bp,fwd_mid_60s,1657037,89,-0.1796849588814781,0.05504989271809606,0.029213810861077813,0.13259353984114727,0.22032604979154494,0.24848484848484845,0.12262309169921976,10
spread_bp,fwd_micro_60s,1657037,89,-0.16917576748311314,0.050219036489373314,0.024596094622134888,0.1386491999851063,0.17739802771871024,0.29696969696969694,0.12262309169921976,10
spread_rel,fwd_mid_100ms,1657037,89,-0.0018720908558603239,-0.003284442883909671,0.0026675618144915998,0.00306000141868656,0.8717518227937925,-0.13939393939393938,0.12262309169921976,10
spread_rel,fwd_micro_100ms,1657037,89,-0.0023057040975838685,-0.00935126957300913,0.002758374635599839,0.006825732450078563,0.40411408676999794,-0.19999999999999998,0.12262309169921976,10
spread_rel,fwd_mid_300ms,1657037,89,-0.00027077462575565985,0.0010371497723049403,-0.0049776515119945445,0.006559415328032445,-0.7588559746662109,0.18787878787878787,0.12262309169921976,10
spread_rel,fwd_micro_300ms,1657037,89,-0.000027282900170932827,-0.006639807515003886,-0.0010892426281737704,0.012835709331116244,-0.08486033767789018,-0.18787878787878787,0.12262309169921976,10
spread_rel,fwd_mid_500ms,1657037,89,-0.00292791513944495,-0.0025636398588992455,-0.006804386623566115,0.008217011900792109,-0.8280852827912032,0.309090909090909,0.12262309169921976,10
spread_rel,fwd_micro_500ms,1657037,89,-0.0005913535849548904,-0.01711080173454131,-0.008409602381073775,0.011782467504515594,-0.7137386441210911,-0.2606060606060606,0.12262309169921976,10
spread_rel,fwd_mid_1s,1657037,89,-0.004185747057566849,0.011717106796779805,0.002935414271777832,0.009733071682172457,0.3015917654397298,0.43030303030303024,0.12262309169921976,10
spread_rel,fwd_micro_1s,1657037,89,-0.0021471114179302604,-0.008343151215242822,-0.004444773687135449,0.01588736809872679,-0.2797677789999498,-0.5151515151515151,0.12262309169921976,10
spread_rel,fwd_mid_3s,1657037,89,-0.0160477832079613,0.012982959652770734,0.020362122543970115,0.015204746196521847,1.3391951618783378,0.6969696969696969,0.12262309169921976,10
spread_rel,fwd_micro_3s,1657037,89,-0.025190520040973375,0.007677794552290617,0.0373864923590855,0.020458947776977706,1.8273907713453488,0.2121212121212121,0.12262309169921976,10
spread_rel,fwd_mid_5s,1657037,89,-0.026688443708193153,0.0061669633723125325,0.035395561285824745,0.019500468993760126,1.815113333794732,0.16363636363636364,0.12262309169921976,10
spread_rel,fwd_micro_5s,1657037,89,-0.023654102167412056,0.00439101200598788,0.027612529330067668,0.021815555560879822,1.2657266166341927,0.07878787878787878,0.12262309169921976,10
spread_rel,fwd_mid_10s,1657037,89,-0.03817599377872908,0.016452877215018504,0.04230834141239661,0.03123558303520776,1.3544918103404051,0.4666666666666666,0.12262309169921976,10
spread_rel,fwd_micro_10s,1657037,89,-0.03590992773568304,0.015499128107585646,0.033172929915183495,0.03303673072479467,1.004122659458147,0.5151515151515151,0.12262309169921976,10
spread_rel,fwd_mid_30s,1657037,89,-0.08834785584385953,0.029835641325274633,0.02686534074136397,0.07277147666580316,0.3691740496725217,0.6,0.12262309169921976,10
spread_rel,fwd_micro_30s,1657037,89,-0.09051863354818668,0.03938200669588914,0.04904912369196383,0.07461794226156615,0.6573368576692554,0.5757575757575757,0.12262309169921976,10
spread_rel,fwd_mid_60s,1657037,89,-0.1796849588814781,0.05507364796120126,0.02922732342421182,0.1325929927994295,0.2204288688801478,0.24848484848484845,0.12262309169921976,10
spread_rel,fwd_micro_60s,1657037,89,-0.16917576748311314,0.050253144685172946,0.024616110931859864,0.13864838635092058,0.17754343616777635,0.29696969696969694,0.12262309169921976,10
d_bid,fwd_mid_100ms,1657033,96,0.0010244041047526504,0.001480294981929448,-0.0037049898535589758,0.0032523666393802406,-1.1391673400834617,-0.1666666666666667,0.41415892139746163,8
d_bid,fwd_micro_100ms,1657033,96,0.0017250781447360791,0.004601089998146842,0.0050886221441938505,0.009666615047522961,0.5264119983238387,0.07142857142857144,0.41415892139746163,8
d_bid,fwd_mid_300ms,1657033,96,0.00860130185587844,0.004102604616399588,-0.010835979890740812,0.0045801235221212344,-2.3658706666763094,0.19047619047619052,0.41415892139746163,8
d_bid,fwd_micro_300ms,1657033,96,0.005363708356563919,0.007936040978670008,0.009433137346649674,0.014338238644840056,0.6579007073539263,0.19047619047619052,0.41415892139746163,8
d_bid,fwd_mid_500ms,1657033,96,0.009188016401768863,0.001429235221143707,-0.01687527659467263,0.006350413507583037,-2.657350828339263,0.19047619047619052,0.41415892139746163,8
d_bid,fwd_micro_500ms,1657033,96,0.0033874841128189283,0.0017123828048254447,-0.002503544701450635,0.012062769723858795,-0.2075431064972505,-0.2380952380952381,0.41415892139746163,8
d_bid,fwd_mid_1s,1657033,96,0.015651142229608637,0.001242993711152258,-0.026885238005848026,0.008090361449483831,-3.323119513722507,-0.2142857142857143,0.41415892139746163,8
d_bid,fwd_micro_1s,1657033,96,0.011489291264566718,0.00425688363230015,-0.011235712152857846,0.01481575807326798,-0.7583622854324547,-0.3333333333333334,0.41415892139746163,8
d_bid,fwd_mid_3s,1657033,96,0.007683728599146947,0.006191073850627428,-0.017109443875692226,0.019581449116544095,-0.8737577987135127,-0.2380952380952381,0.41415892139746163,8
d_bid,fwd_micro_3s,1657033,96,0.00664326104432213,0.007514679420808227,-0.0016663599899722607,0.028194131359459307,-0.05910307959933607,-0.07142857142857144,0.41415892139746163,8
d_bid,fwd_mid_5s,1657033,96,0.007957681487016907,0.0020778357225114826,-0.03684318675807175,0.027026360845777187,-1.3632315119417353,0.04761904761904763,0.41415892139746163,8
d_bid,fwd_micro_5s,1657033,96,0.0016214412232536464,0.004221477965132725,-0.015687461022814042,0.039856496581006436,-0.3935985941697114,0.3571428571428572,0.41415892139746163,8
d_bid,fwd_mid_10s,1657033,96,-0.023634090528380246,0.006034766006584834,-0.015908055274231978,0.044725118117175486,-0.3556850365951949,0.7857142857142858,0.41415892139746163,8
d_bid,fwd_micro_10s,1657033,96,-0.01992103365951145,0.006078285592405315,-0.014214113668936212,0.05671838840738461,-0.25060856043444224,0.7619047619047621,0.41415892139746163,8
d_bid,fwd_mid_30s,1657033,96,-0.036793359768977796,0.024759169927008263,-0.04408034822492896,0.06358475145698535,-0.6932534485842728,0.8095238095238096,0.41415892139746163,8
d_bid,fwd_micro_30s,1657033,96,-0.04167071392517945,0.027346263459544655,-0.03648247041651313,0.05809199704894847,-0.6280119856401719,0.7857142857142858,0.41415892139746163,8
d_bid,fwd_mid_60s,1657033,96,-0.06941998147384906,0.055511717351321085,0.005765832907981337,0.09051074561898821,0.06370329697926745,0.7142857142857144,0.41415892139746163,8
d_bid,fwd_micro_60s,1657033,96,-0.07672873810595651,0.05857248736184985,0.03406595075377025,0.08363670460820796,0.4073086202206379,0.7142857142857144,0.41415892139746163,8
d_ask,fwd_mid_100ms,1657033,96,0.0008041227787602281,0.001821312973651723,0.0074863095459463186,0.005856134380121825,1.2783705188456724,0.03333333333333333,0.4886692057430359,9
d_ask,fwd_micro_100ms,1657033,96,0.002497493598574854,0.004340194896878341,0.0010390370454392587,0.00922160707547488,0.11267418324541355,-0.016666666666666666,0.4886692057430359,9
d_ask,fwd_mid_300ms,1657033,96,0.0018013482497950953,0.005495568157776451,0.007511032314753412,0.006311592197513626,1.1900376449721024,0.13333333333333333,0.4886692057430359,9
d_ask,fwd_micro_300ms,1657033,96,0.0011483932249165612,0.008822015950266215,0.0013112210479667024,0.013086556557844905,0.10019603263630676,0.21666666666666667,0.4886692057430359,9
d_ask,fwd_mid_500ms,1657033,96,0.001289303439402498,0.0032452115002500974,-0.004311593127455792,0.014239441734538708,-0.30279228693339416,0.5333333333333333,0.4886692057430359,9
d_ask,fwd_micro_500ms,1657033,96,-0.0039332552094379376,0.003997478342043612,-0.01886205429727789,0.01787467674129832,-1.055238904192225,0.48333333333333334,0.4886692057430359,9
d_ask,fwd_mid_1s,1657033,96,0.006392325812256804,0.001505241991640665,-0.02222419902458524,0.015871744152553588,-1.4002367232595299,-0.3,0.4886692057430359,9
d_ask,fwd_micro_1s,1657033,96,-0.008254782953693647,0.004179682988781358,-0.011139587758187327,0.02098745433990248,-0.5307736506665385,0.5333333333333333,0.4886692057430359,9
d_ask,fwd_mid_3s,1657033,96,-0.008814781601562132,0.00045649361495922746,0.020028150081571865,0.032911239787832954,0.6085504590737456,-0.21666666666666667,0.4886692057430359,9
d_ask,fwd_micro_3s,1657033,96,-0.02437211488573938,0.006451337692145939,0.01404937210437461,0.029507516436935725,0.47612858691111176,-0.06666666666666667,0.4886692057430359,9
d_ask,fwd_mid_5s,1657033,96,-0.015865256803448375,-0.0008924307782162934,0.03729798896218215,0.03490725964418151,1.0684880263409373,0.19999999999999998,0.4886692057430359,9
d_ask,fwd_micro_5s,1657033,96,-0.015536756927852318,-0.00022562233518284454,0.015648513965730543,0.02881013790856501,0.5431599812327997,-0.09999999999999999,0.4886692057430359,9
d_ask,fwd_mid_10s,1657033,96,-0.01934811744734834,-0.0016046455120515301,0.04803549203016614,0.0481418408816079,0.9977909267802346,0.11666666666666665,0.4886692057430359,9
d_ask,fwd_micro_10s,1657033,96,-0.03634204576346378,0.002152392780180074,0.048105802117124445,0.04357792582152145,1.1039029786352716,0.39999999999999997,0.4886692057430359,9
d_ask,fwd_mid_30s,1657033,96,-0.04235046566922971,-0.0005432047331761048,0.08877539942356331,0.10413160644995095,0.8525307776388878,0.0,0.4886692057430359,9
d_ask,fwd_micro_30s,1657033,96,-0.047718234999294507,0.000312419685378721,0.0972957460561006,0.10424218511867384,0.9333624956665566,0.03333333333333333,0.4886692057430359,9
d_ask,fwd_mid_60s,1657033,96,-0.06400294199027916,0.01526376054530993,0.005470319978291292,0.11231450845859568,0.04870537255930657,0.5833333333333334,0.4886692057430359,9
d_ask,fwd_micro_60s,1657033,96,-0.07358449048963282,0.01818939163561817,0.037835967567399424,0.09915379801521539,0.3815886867146875,0.6166666666666666,0.4886692057430359,9
d_mid,fwd_mid_100ms,1657033,96,-0.0001913395298649396,0.002773939645769069,0.004681245824057148,0.0036187702086706987,1.2936012938430632,0.19999999999999998,0.34221949713735333,10
d_mid,fwd_micro_100ms,1657033,96,0.0016081270856068606,0.0062652082021929754,0.0031815938969468626,0.00877615233825108,0.36252719578257614,0.10303030303030303,0.34221949713735333,10
d_mid,fwd_mid_300ms,1657033,96,0.005646214802626481,0.004923797357483425,-0.004276589053132958,0.003956038305293415,-1.081028221443313,0.24848484848484845,0.34221949713735333,10
d_mid,fwd_micro_300ms,1657033,96,0.0029641049767729867,0.008027064837770513,-0.00004608896401942647,0.013566090143248185,-0.003397365308114575,0.33333333333333326,0.34221949713735333,10
d_mid,fwd_mid_500ms,1657033,96,0.007327041957734993,0.0031756869241911607,-0.017957526827442272,0.01172243695987022,-1.5318936573441877,0.2727272727272727,0.34221949713735333,10
d_mid,fwd_micro_500ms,1657033,96,0.0010091130028262404,0.005387004135224344,-0.01921975407788862,0.01643705932731006,-1.1692939530829052,0.19999999999999998,0.34221949713735333,10
d_mid,fwd_mid_1s,1657033,96,0.010546304801582801,0.0028105662388263467,-0.028214761977866053,0.013381318558074291,-2.108518817141623,-0.309090909090909,0.34221949713735333,10
d_mid,fwd_micro_1s,1657033,96,-0.00023076896360647202,0.004534616953400009,-0.02206156705101904,0.017475270095104207,-1.2624449825928419,0.09090909090909088,0.34221949713735333,10
d_mid,fwd_mid_3s,1657033,96,-5.3769268533261975e-6,0.007879033665604591,-0.016545727821462505,0.017408971259386292,-0.9504138742570238,0.12727272727272726,0.34221949713735333,10
d_mid,fwd_micro_3s,1657033,96,-0.007761550623820811,0.012445422411129798,-0.016807926007124458,0.02668423097489964,-0.6298823459793438,0.12727272727272726,0.34221949713735333,10
d_mid,fwd_mid_5s,1657033,96,-0.0026297596595458946,0.004631378157766725,-0.01831503781071769,0.019977866280747648,-0.9167664631116087,0.17575757575757575,0.34221949713735333,10
d_mid,fwd_micro_5s,1657033,96,-0.006811957436109748,0.005306009851896627,-0.020089833723998002,0.03428233647247145,-0.5860112171797288,0.34545454545454546,0.34221949713735333,10
d_mid,fwd_mid_10s,1657033,96,-0.010443989906150265,0.007689475411258878,-0.03540952228997014,0.038434506388689074,-0.9212950969598204,0.38181818181818183,0.34221949713735333,10
d_mid,fwd_micro_10s,1657033,96,-0.01717498339051546,0.009348215821247912,-0.03511628146779537,0.04514110310243167,-0.7779225374291688,0.43030303030303024,0.34221949713735333,10
d_mid,fwd_mid_30s,1657033,96,-0.007117010441893812,0.03164553323393505,-0.038321407118695895,0.05592232060609515,-0.6852613894302363,0.19999999999999998,0.34221949713735333,10
d_mid,fwd_micro_30s,1657033,96,-0.020764351789080173,0.035340542779067785,-0.028774573226240416,0.05661224696108116,-0.5082747068142672,0.34545454545454546,0.34221949713735333,10
d_mid,fwd_mid_60s,1657033,96,-0.06246184569999693,0.0780411559906887,0.025506278057775663,0.09410690204205638,0.27103514730914113,0.5757575757575757,0.34221949713735333,10
d_mid,fwd_micro_60s,1657033,96,-0.07352515867964812,0.08305996804973743,0.06834657429782152,0.09157117457965121,0.7463765165354708,0.5636363636363636,0.34221949713735333,10
d_spread,fwd_mid_100ms,1657033,96,-0.0015202933767899404,0.00209755801230678,0.005269023248686155,0.0020597195134562664,2.5581265867819973,0.26666666666666666,0.3739708261694245,9
d_spread,fwd_micro_100ms,1657033,96,-0.0020728450585849947,0.0059864247537171475,0.002354747757222553,0.0049635027681509975,0.4744125000457575,0.016666666666666666,0.3739708261694245,9
d_spread,fwd_mid_300ms,1657033,96,-0.0027182444983824042,0.0071965851731259165,0.009713879394775105,0.004317427761880099,2.249922854654788,0.7,0.3739708261694245,9
d_spread,fwd_micro_300ms,1657033,96,-0.003762985720096124,0.011770999338855125,0.008871991275709354,0.00868187212209775,1.0218984051985398,0.5,0.3739708261694245,9
d_spread,fwd_mid_500ms,1657033,96,-0.008234356743933878,0.005833447498094015,0.009063236211584185,0.008485014629357145,1.068146209227084,0.5166666666666667,0.3739708261694245,9
d_spread,fwd_micro_500ms,1657033,96,-0.014506289516998203,0.005330633927789218,0.002711208326082923,0.011940839915278579,0.22705340204870092,0.15,0.3739708261694245,9
d_spread,fwd_mid_1s,1657033,96,0.0011245047584428167,0.004041104673253498,-0.0024277140339067256,0.010750310030572264,-0.2258273507464131,0.18333333333333335,0.3739708261694245,9
d_spread,fwd_micro_1s,1657033,96,-0.012687946637134006,0.003398525809271966,0.009376111917252137,0.012150908786343622,0.7716387376547446,0.2333333333333333,0.3739708261694245,9
d_spread,fwd_mid_3s,1657033,96,-0.00880550553834689,0.004351903144916216,0.014979883021941823,0.015559061945934812,0.9627754599855993,0.016666666666666666,0.3739708261694245,9
d_spread,fwd_micro_3s,1657033,96,-0.01150322598641818,0.009075834857953234,0.014310313953629292,0.016699563844240393,0.8569274076319577,0.39999999999999997,0.3739708261694245,9
d_spread,fwd_mid_5s,1657033,96,-0.01118423451264221,0.0011810731122158496,0.022300362795777445,0.022519571380911898,0.9902658633494126,0.31666666666666665,0.3739708261694245,9
d_spread,fwd_micro_5s,1657033,96,-0.0015001561562480272,0.0015680215817458246,0.008895608761967072,0.027274585651343088,0.3261500972253642,0.5166666666666667,0.3739708261694245,9
d_spread,fwd_mid_10s,1657033,96,-0.004743119919809654,-0.001269329784997607,0.0071145546810672,0.027130252736886764,0.262236948179776,0.25,0.3739708261694245,9
d_spread,fwd_micro_10s,1657033,96,-0.01803781556088086,0.0025191094548084074,0.02088615356652752,0.03263459608170731,0.6400003699826654,0.43333333333333335,0.3739708261694245,9
d_spread,fwd_mid_30s,1657033,96,0.05090326137152248,0.004250653068516897,-0.02124873038337964,0.05503589206105179,-0.386088597597514,0.11666666666666665,0.3739708261694245,9
d_spread,fwd_micro_30s,1657033,96,0.047616788972375736,0.003264050779622553,-0.04210164759070323,0.0544986772322109,-0.7725260451976524,0.06666666666666667,0.3739708261694245,9
d_spread,fwd_mid_60s,1657033,96,0.06633029912314077,0.023785586339244873,0.001865900325996946,0.08115900909328294,0.022990674071097988,0.19999999999999998,0.3739708261694245,9
d_spread,fwd_micro_60s,1657033,96,0.06237206858361188,0.021984095097063384,-0.02390835228675454,0.08532817069570253,-0.280192954938839,0.19999999999999998,0.3739708261694245,9
t_since_mid_move,fwd_mid_100ms,1691793,9,0.0035710106311312383,-0.005265767685012693,-0.01343076714842719,0.015551383951117275,-0.8636380653094394,-0.6363636363636362,0.18847873232718187,10
t_since_mid_move,fwd_micro_100ms,1691793,9,-0.006485136975785124,-0.011312393323218923,-0.0047018813599488205,0.026552782275715947,-0.1770767865727187,-0.5151515151515151,0.18847873232718187,10
t_since_mid_move,fwd_mid_300ms,1691793,9,-0.000996583501123445,-0.00045104744017599927,0.005368331998805727,0.016089324624502136,0.3336580076599606,-0.17575757575757575,0.18847873232718187,10
t_since_mid_move,fwd_micro_300ms,1691793,9,-0.03260904792196211,-0.0011143720548620014,-0.023201643994732454,0.028821033085806705,-0.8050247166940872,-0.006060606060606061,0.18847873232718187,10
t_since_mid_move,fwd_mid_500ms,1691793,9,-0.006365112396741035,0.0005069026589396821,-0.002126282062888935,0.029127290030065815,-0.07299965292665885,-0.006060606060606061,0.18847873232718187,10
t_since_mid_move,fwd_micro_500ms,1691793,9,-0.05095039085190134,-0.0015595314260668887,-0.033206618070479865,0.04899469366134367,-0.6777594794245965,0.0303030303030303,0.18847873232718187,10
t_since_mid_move,fwd_mid_1s,1691793,9,0.0045151802144619965,-0.0007771910203258083,-0.007453328643856679,0.024644409370097323,-0.30243486593354074,0.006060606060606061,0.18847873232718187,10
t_since_mid_move,fwd_micro_1s,1691793,9,-0.029006292545447645,-0.0030342789399200034,-0.0751431429922507,0.049531041114753684,-1.517091934695231,0.32121212121212117,0.18847873232718187,10
t_since_mid_move,fwd_mid_3s,1691793,9,0.016436949876660365,-0.003214901505015274,-0.013416660863678626,0.03822303808054195,-0.3510097976881799,-0.22424242424242422,0.18847873232718187,10
t_since_mid_move,fwd_micro_3s,1691793,9,-0.0027799788028727524,0.0054617995549618445,-0.06504346933260455,0.06321562756273524,-1.0289143972834147,-0.05454545454545454,0.18847873232718187,10
t_since_mid_move,fwd_mid_5s,1691793,9,0.017718139711699495,0.008090480640546337,0.0064543589710527,0.03195550206142778,0.20197958269112914,0.006060606060606061,0.18847873232718187,10
t_since_mid_move,fwd_micro_5s,1691793,9,-0.0012330106513104206,0.011738819647648982,-0.0012247045581818719,0.050290476846022364,-0.024352613754918845,0.406060606060606,0.18847873232718187,10
t_since_mid_move,fwd_mid_10s,1691793,9,0.046577286868767956,0.014618055728256345,-0.011223515410506035,0.055009780551326014,-0.20402763468641927,-0.13939393939393938,0.18847873232718187,10
t_since_mid_move,fwd_micro_10s,1691793,9,0.02378589957184894,0.020394946898868036,0.004346996970778071,0.07531466600030086,0.057717801878862565,-0.06666666666666665,0.18847873232718187,10
t_since_mid_move,fwd_mid_30s,1691793,9,0.23717565763469556,0.02820708632561038,-5.374843314312004,5.238774389588075,-1.025973427104317,-0.17575757575757575,0.18847873232718187,10
t_since_mid_move,fwd_micro_30s,1691793,9,0.2320827143439234,0.04431565273091543,-5.758432047048634,5.733923113390571,-1.0042743743111635,-0.12727272727272726,0.18847873232718187,10
t_since_mid_move,fwd_mid_60s,1691793,9,0.4175703683011639,0.0435187334858017,-2.8412902725957965,2.5452448553956413,-1.1163131384285372,0.13939393939393938,0.18847873232718187,10
t_since_mid_move,fwd_micro_60s,1691793,9,0.3978150848570086,0.0661528152900569,-2.312356630848597,2.1511545722911696,-1.0749374594619359,0.07878787878787878,0.18847873232718187,10
t_since_bbo_chg,fwd_mid_100ms,1691793,9,0.005159087098683067,-0.00539559756557114,-0.01865217149665498,0.0175842229728736,-1.0607333360950242,-0.5878787878787878,0.15455614250679606,10
t_since_bbo_chg,fwd_micro_100ms,1691793,9,-0.0057150987032771,-0.011561466332922517,-0.016276959672594,0.027671634848694945,-0.5882182155696397,-0.406060606060606,0.15455614250679606,10
t_since_bbo_chg,fwd_mid_300ms,1691793,9,0.0001145550550302637,-0.0004210404309294483,0.00014989058812736388,0.01592115446118758,0.009414555237986387,-0.406060606060606,0.15455614250679606,10
t_since_bbo_chg,fwd_micro_300ms,1691793,9,-0.03533576998802105,-0.001006115417377068,-0.03518167309909784,0.029431473608183007,-1.1953758608035199,0.10303030303030303,0.15455614250679606,10
t_since_bbo_chg,fwd_mid_500ms,1691793,9,-0.0018118652043321833,0.0001716296323790995,-0.0051452725780063695,0.030585195615249066,-0.16822755174536325,-0.13939393939393938,0.15455614250679606,10
t_since_bbo_chg,fwd_micro_500ms,1691793,9,-0.04818208302120976,-0.002080770029042274,-0.040285730702217554,0.05353878649283104,-0.7524587937310067,0.09090909090909088,0.15455614250679606,10
t_since_bbo_chg,fwd_mid_1s,1691793,9,0.007459031218874818,-0.0016320473655153942,-0.007616066986944702,0.024036810143346677,-0.3168501536404076,-0.2121212121212121,0.15455614250679606,10
t_since_bbo_chg,fwd_micro_1s,1691793,9,-0.022041453313589886,-0.004691390407350516,-0.09325720044292726,0.053783754562368884,-1.7339287894969113,0.4787878787878787,0.15455614250679606,10
t_since_bbo_chg,fwd_mid_3s,1691793,9,0.018753938034111697,-0.004900592130454429,-0.014685964777775843,0.03852379813448153,-0.3812179870351585,-0.18787878787878787,0.15455614250679606,10
t_since_bbo_chg,fwd_micro_3s,1691793,9,0.0038098162026326816,0.0037826781431323166,-0.07864019480069492,0.06464431184965598,-1.2165060242823735,-0.06666666666666665,0.15455614250679606,10
t_since_bbo_chg,fwd_mid_5s,1691793,9,0.027015792947781968,0.005807923679035689,0.006862363973441916,0.032288730130303624,0.21253124374195967,0.0303030303030303,0.15455614250679606,10
t_since_bbo_chg,fwd_micro_5s,1691793,9,0.009162638448339363,0.008703835850617445,-0.005569545149639717,0.049722761765959085,-0.112011983080407,0.006060606060606061,0.15455614250679606,10
t_since_bbo_chg,fwd_mid_10s,1691793,9,0.04435935466203173,0.011107468970647634,-0.002999644502650111,0.052620851848802774,-0.05700486398945209,-0.07878787878787878,0.15455614250679606,10
t_since_bbo_chg,fwd_micro_10s,1691793,9,0.02596074185760784,0.018055237150211928,0.00897454555713995,0.06843730852118872,0.1311352791491115,0.06666666666666665,0.15455614250679606,10
t_since_bbo_chg,fwd_mid_30s,1691793,9,0.24417225277333837,0.018470101821327047,-5.3906781413836855,5.236941644833208,-1.0293561599454053,-0.19999999999999998,0.15455614250679606,10
t_since_bbo_chg,fwd_micro_30s,1691793,9,0.24958605701880987,0.036542811011280055,-5.758853720268691,5.734047502567495,-1.0043261269966963,-0.2121212121212121,0.15455614250679606,10
t_since_bbo_chg,fwd_mid_60s,1691793,9,0.4373973234135314,0.03998754796263994,-2.8786628999390786,2.5408733796756104,-1.132942287862685,-0.12727272727272726,0.15455614250679606,10
t_since_bbo_chg,fwd_micro_60s,1691793,9,0.41682061628497963,0.06081121953489911,-2.3578474261741746,2.1460009610163655,-1.098716854748041,-0.05454545454545454,0.15455614250679606,10
bbo_age,fwd_mid_100ms,1691793,9,0.005159087098683067,-0.00539559756557114,-0.01865217149665498,0.0175842229728736,-1.0607333360950242,-0.5878787878787878,0.15455614250679606,10
bbo_age,fwd_micro_100ms,1691793,9,-0.0057150987032771,-0.011561466332922517,-0.016276959672594,0.027671634848694945,-0.5882182155696397,-0.406060606060606,0.15455614250679606,10
bbo_age,fwd_mid_300ms,1691793,9,0.0001145550550302637,-0.0004210404309294483,0.00014989058812736388,0.01592115446118758,0.009414555237986387,-0.406060606060606,0.15455614250679606,10
bbo_age,fwd_micro_300ms,1691793,9,-0.03533576998802105,-0.001006115417377068,-0.03518167309909784,0.029431473608183007,-1.1953758608035199,0.10303030303030303,0.15455614250679606,10
bbo_age,fwd_mid_500ms,1691793,9,-0.0018118652043321833,0.0001716296323790995,-0.0051452725780063695,0.030585195615249066,-0.16822755174536325,-0.13939393939393938,0.15455614250679606,10
bbo_age,fwd_micro_500ms,1691793,9,-0.04818208302120976,-0.002080770029042274,-0.040285730702217554,0.05353878649283104,-0.7524587937310067,0.09090909090909088,0.15455614250679606,10
bbo_age,fwd_mid_1s,1691793,9,0.007459031218874818,-0.0016320473655153942,-0.007616066986944702,0.024036810143346677,-0.3168501536404076,-0.2121212121212121,0.15455614250679606,10
bbo_age,fwd_micro_1s,1691793,9,-0.022041453313589886,-0.004691390407350516,-0.09325720044292726,0.053783754562368884,-1.7339287894969113,0.4787878787878787,0.15455614250679606,10
bbo_age,fwd_mid_3s,1691793,9,0.018753938034111697,-0.004900592130454429,-0.014685964777775843,0.03852379813448153,-0.3812179870351585,-0.18787878787878787,0.15455614250679606,10
bbo_age,fwd_micro_3s,1691793,9,0.0038098162026326816,0.0037826781431323166,-0.07864019480069492,0.06464431184965598,-1.2165060242823735,-0.06666666666666665,0.15455614250679606,10
bbo_age,fwd_mid_5s,1691793,9,0.027015792947781968,0.005807923679035689,0.006862363973441916,0.032288730130303624,0.21253124374195967,0.0303030303030303,0.15455614250679606,10
bbo_age,fwd_micro_5s,1691793,9,0.009162638448339363,0.008703835850617445,-0.005569545149639717,0.049722761765959085,-0.112011983080407,0.006060606060606061,0.15455614250679606,10
bbo_age,fwd_mid_10s,1691793,9,0.04435935466203173,0.011107468970647634,-0.002999644502650111,0.052620851848802774,-0.05700486398945209,-0.07878787878787878,0.15455614250679606,10
bbo_age,fwd_micro_10s,1691793,9,0.02596074185760784,0.018055237150211928,0.00897454555713995,0.06843730852118872,0.1311352791491115,0.06666666666666665,0.15455614250679606,10
bbo_age,fwd_mid_30s,1691793,9,0.24417225277333837,0.018470101821327047,-5.3906781413836855,5.236941644833208,-1.0293561599454053,-0.19999999999999998,0.15455614250679606,10
bbo_age,fwd_micro_30s,1691793,9,0.24958605701880987,0.036542811011280055,-5.758853720268691,5.734047502567495,-1.0043261269966963,-0.2121212121212121,0.15455614250679606,10
bbo_age,fwd_mid_60s,1691793,9,0.4373973234135314,0.03998754796263994,-2.8786628999390786,2.5408733796756104,-1.132942287862685,-0.12727272727272726,0.15455614250679606,10
bbo_age,fwd_micro_60s,1691793,9,0.41682061628497963,0.06081121953489911,-2.3578474261741746,2.1460009610163655,-1.098716854748041,-0.05454545454545454,0.15455614250679606,10
spread_duration,fwd_mid_100ms,1691793,9,0.004858692421448808,-0.0051439137142275946,-0.019411067322439128,0.01761545671824969,-1.101933809205706,-0.6363636363636362,0.16294014693286946,10
spread_duration,fwd_micro_100ms,1691793,9,-0.006381852576523884,-0.01239809493286213,-0.01502590714084699,0.026828799463286646,-0.5600663257932545,-0.406060606060606,0.16294014693286946,10
spread_duration,fwd_mid_300ms,1691793,9,0.0002198634892532267,0.0007235807355297307,-0.0011608121083778586,0.014578727023881277,-0.07962369461176844,-0.34545454545454546,0.16294014693286946,10
spread_duration,fwd_micro_300ms,1691793,9,-0.03432311531024555,-0.0007056279385920321,-0.03721246204270506,0.029044551999305973,-1.2812200389110586,0.05454545454545454,0.16294014693286946,10
spread_duration,fwd_mid_500ms,1691793,9,-0.0013365861336731254,0.0009407228153128503,-0.007009971805771499,0.030520090588734967,-0.2296838466252422,-0.23636363636363633,0.16294014693286946,10
spread_duration,fwd_micro_500ms,1691793,9,-0.04637510855167343,-0.0016971664295881406,-0.04527479874106945,0.05404916159876063,-0.8376595936338745,-0.01818181818181818,0.16294014693286946,10
spread_duration,fwd_mid_1s,1691793,9,0.007912062859503246,0.000405971008198027,-0.011456251217463739,0.024237962148655704,-0.4726573606807588,-0.22424242424242422,0.16294014693286946,10
spread_duration,fwd_micro_1s,1691793,9,-0.02035353541227237,-0.0029119049389357264,-0.09942043011856246,0.05652383944139649,-1.7589114805557546,0.35757575757575755,0.16294014693286946,10
spread_duration,fwd_mid_3s,1691793,9,0.022077521136517828,-0.000016174348687516995,-0.018358160049902917,0.039975293734565424,-0.45923765243103576,-0.2606060606060606,0.16294014693286946,10
spread_duration,fwd_micro_3s,1691793,9,0.004257327497855128,0.00761741832597618,-0.07602441241738982,0.06499221617773414,-1.169746423317616,0.07878787878787878,0.16294014693286946,10
spread_duration,fwd_mid_5s,1691793,9,0.03181006216955047,0.011233650324268233,-0.001364405400540532,0.03221084558520417,-0.04235857133683141,0.07878787878787878,0.16294014693286946,10
spread_duration,fwd_micro_5s,1691793,9,0.009004789017042313,0.012382826772091857,-0.0016530442198056374,0.048140124560483326,-0.034338179115609685,0.24848484848484845,0.16294014693286946,10
spread_duration,fwd_mid_10s,1691793,9,0.05087512622896071,0.017597322758391376,-0.00962544909212245,0.05421343301337933,-0.17754730805826272,-0.06666666666666665,0.16294014693286946,10
spread_duration,fwd_micro_10s,1691793,9,0.02776245448085621,0.021336328682960773,0.014751446997353082,0.07092554812687722,0.20798495587181826,0.07878787878787878,0.16294014693286946,10
spread_duration,fwd_mid_30s,1691793,9,0.24695953560513803,0.02573297830217636,-5.382756409399292,5.23806601912525,-1.0276228649554526,-0.34545454545454546,0.16294014693286946,10
spread_duration,fwd_micro_30s,1691793,9,0.24847480890528553,0.0416578143168504,-5.7397163882926385,5.736376485114174,-1.0005822322135118,-0.2121212121212121,0.16294014693286946,10
spread_duration,fwd_mid_60s,1691793,9,0.43780826156109665,0.037769411923974795,-2.8754515570735393,2.541358057623196,-1.1314625849152495,0.1515151515151515,0.16294014693286946,10
spread_duration,fwd_micro_60s,1691793,9,0.4082123349062646,0.0545219396199912,-2.3375056035441295,2.148636256109738,-1.0879019642795906,0.06666666666666665,0.16294014693286946,10
qb1,fwd_mid_100ms,1657037,96,-0.0025649845995291184,-0.00039891054410287716,-0.0008667652503026685,0.002860111429718533,-0.3030529654531564,0.05454545454545454,0.11337224214064019,10
qb1,fwd_micro_100ms,1657037,96,-0.008357208622855921,-0.002115175955436101,-0.0076025954408421624,0.007879350132189126,-0.9648759495765582,0.33333333333333326,0.11337224214064019,10
qb1,fwd_mid_300ms,1657037,96,0.0035597275293819666,0.005719577246229301,0.003887026855845022,0.005053643656559613,0.7691533317351479,-0.07878787878787878,0.11337224214064019,10
qb1,fwd_micro_300ms,1657037,96,-0.00896502774017569,0.00645177335176924,0.00922973728581252,0.012467816996690225,0.7402849503054701,0.13939393939393938,0.11337224214064019,10
qb1,fwd_mid_500ms,1657037,96,0.0032649231065448735,0.006842588464674377,0.011883414030328528,0.008172616998598671,1.4540524818875193,0.12727272727272726,0.11337224214064019,10
qb1,fwd_micro_500ms,1657037,96,-0.009846636546424235,0.004620782840991675,0.017516054706044143,0.019870525858524862,0.8815093687381905,0.28484848484848485,0.11337224214064019,10
qb1,fwd_mid_1s,1657037,96,0.010849002073331218,0.005065900150708285,0.01140852985236853,0.011771990781565985,0.9691249393631359,-0.18787878787878787,0.11337224214064019,10
qb1,fwd_micro_1s,1657037,96,-0.020563979344881085,-0.003927718328095169,0.0043787516842535455,0.01738271539032081,0.2519026277500786,0.17575757575757575,0.11337224214064019,10
qb1,fwd_mid_3s,1657037,96,-0.007499623576413883,-0.0027200491105653503,-0.019243206508732187,0.018116427691109483,-1.0621965233342148,-0.07878787878787878,0.11337224214064019,10
qb1,fwd_micro_3s,1657037,96,-0.021155839887563584,-0.00375522905615141,0.006234899802727449,0.020082399833938655,0.310465873316129,-0.1515151515151515,0.11337224214064019,10
qb1,fwd_mid_5s,1657037,96,-0.005926340000546018,-0.010790530121657179,-0.011039693889146324,0.01929844245439385,-0.5720510302961168,-0.24848484848484845,0.11337224214064019,10
qb1,fwd_micro_5s,1657037,96,-0.0080003133927629,-0.015648345472658066,-0.00799754203228254,0.026214048808284596,-0.3050861044309578,-0.29696969696969694,0.11337224214064019,10
qb1,fwd_mid_10s,1657037,96,-0.008277681263424977,-0.020598698862875596,-0.039610309305515456,0.03651620938742749,-1.0847322317949373,-0.309090909090909,0.11337224214064019,10
qb1,fwd_micro_10s,1657037,96,-0.005363148149598024,-0.019206361992890685,-0.033628724862988506,0.036148495297422506,-0.9302939053561748,-0.23636363636363633,0.11337224214064019,10
qb1,fwd_mid_30s,1657037,96,-0.03355400611248123,-0.010272908739557883,0.03390586395289761,0.06561908956692822,0.5167073206389935,0.2727272727272727,0.11337224214064019,10
qb1,fwd_micro_30s,1657037,96,-0.03276416028553617,-0.002639612120948077,0.027105444150331726,0.06742167164196695,0.4020286577032867,0.3939393939393939,0.11337224214064019,10
qb1,fwd_mid_60s,1657037,96,-0.08645760671078594,0.012142594602728088,0.08821400809859829,0.11226196309982388,0.7857871505432162,0.406060606060606,0.11337224214064019,10
qb1,fwd_micro_60s,1657037,96,-0.08705853037514445,0.012985565749761695,0.056507912193788916,0.10806008933618001,0.5229304597184826,0.3939393939393939,0.11337224214064019,10
qa1,fwd_mid_100ms,1657037,94,-0.0002601039789486899,0.0011682829425638341,0.002164870865479038,0.003138005549133415,0.6898875198219085,0.4666666666666666,0.11613862575186915,10
qa1,fwd_micro_100ms,1657037,94,-0.00009818111233978031,-0.0023314838768727147,-0.006423213500155525,0.005743125645837204,-1.1184177216828384,0.41818181818181815,0.11613862575186915,10
qa1,fwd_mid_300ms,1657037,94,0.0004842642959598346,0.007033641356660859,0.0038679381178669003,0.004073356580111753,0.9495702234251201,0.5757575757575757,0.11613862575186915,10
qa1,fwd_micro_300ms,1657037,94,-0.004579957913357802,0.00995648650602039,0.006774391423346996,0.010046794457799418,0.6742838675362741,0.6606060606060605,0.11613862575186915,10
qa1,fwd_mid_500ms,1657037,94,0.002691345053293215,0.004271107602106823,0.0010233934529754326,0.006038397643128317,0.1694809639010859,-0.05454545454545454,0.11613862575186915,10
qa1,fwd_micro_500ms,1657037,94,-0.0059890348765833145,0.006126783789736284,0.0036349083566268314,0.012358665873856135,0.2941181834453683,0.33333333333333326,0.11613862575186915,10
qa1,fwd_mid_1s,1657037,94,0.007495532284488829,0.006572545699787268,-0.0079569077779071,0.009945194994266554,-0.8000755925343134,-0.13939393939393938,0.11613862575186915,10
qa1,fwd_micro_1s,1657037,94,-0.009806933810286569,0.0047179139746564005,-0.009285618325369727,0.014751906149977501,-0.6294521013736173,0.18787878787878787,0.11613862575186915,10
qa1,fwd_mid_3s,1657037,94,-0.0008580560903143231,0.002863759506976515,0.0028460373498214327,0.0168129165113944,0.16927683831015428,0.05454545454545454,0.11613862575186915,10
qa1,fwd_micro_3s,1657037,94,-0.008521057428292398,0.007668764620048347,-0.07370714902145084,0.08021186785150805,-0.918905780350371,0.3939393939393939,0.11613862575186915,10
qa1,fwd_mid_5s,1657037,94,0.0007078029441942449,-0.014723998495056529,-0.000323277227246252,0.01898374156864355,-0.017029162880105052,-0.2121212121212121,0.11613862575186915,10
qa1,fwd_micro_5s,1657037,94,-0.0019629546984520248,-0.018152950195528702,-0.1185203657127057,0.11053762501825866,-1.072217407359064,-0.2121212121212121,0.11613862575186915,10
qa1,fwd_mid_10s,1657037,94,0.010249954855751343,-0.02517427977825662,-0.010383299410313417,0.02924366050482646,-0.35506154944589535,-0.24848484848484845,0.11613862575186915,10
qa1,fwd_micro_10s,1657037,94,-0.0002891418402921806,-0.021284390289598484,-0.246813976191176,0.25242697140475384,-0.9777638848085782,-0.12727272727272726,0.11613862575186915,10
qa1,fwd_mid_30s,1657037,94,0.0420264093725634,-0.033378832055501996,-0.043311990707428666,0.07095947385295576,-0.6103764353887545,-0.33333333333333326,0.11613862575186915,10
qa1,fwd_micro_30s,1657037,94,0.030138913348080217,-0.032196557014299694,-0.373105575505256,0.35107669818908144,-1.0627466232586886,-0.38181818181818183,0.11613862575186915,10
qa1,fwd_mid_60s,1657037,94,0.11902721449930921,-0.11433532864181338,-0.1622599963254871,0.12300538347724946,-1.319129226205762,-0.6,0.11613862575186915,10
qa1,fwd_micro_60s,1657037,94,0.1233687401244042,-0.11639512057341783,-0.5032623124030163,0.37026256131418983,-1.3592038866062084,-0.6242424242424242,0.11613862575186915,10
cum_b1,fwd_mid_100ms,1657037,96,-0.0025649845995291184,-0.00039891054410287716,-0.0008667652503026685,0.002860111429718533,-0.3030529654531564,0.05454545454545454,0.11337224214064019,10
cum_b1,fwd_micro_100ms,1657037,96,-0.008357208622855921,-0.002115175955436101,-0.0076025954408421624,0.007879350132189126,-0.9648759495765582,0.33333333333333326,0.11337224214064019,10
cum_b1,fwd_mid_300ms,1657037,96,0.0035597275293819666,0.005719577246229301,0.003887026855845022,0.005053643656559613,0.7691533317351479,-0.07878787878787878,0.11337224214064019,10
cum_b1,fwd_micro_300ms,1657037,96,-0.00896502774017569,0.00645177335176924,0.00922973728581252,0.012467816996690225,0.7402849503054701,0.13939393939393938,0.11337224214064019,10
cum_b1,fwd_mid_500ms,1657037,96,0.0032649231065448735,0.006842588464674377,0.011883414030328528,0.008172616998598671,1.4540524818875193,0.12727272727272726,0.11337224214064019,10
cum_b1,fwd_micro_500ms,1657037,96,-0.009846636546424235,0.004620782840991675,0.017516054706044143,0.019870525858524862,0.8815093687381905,0.28484848484848485,0.11337224214064019,10
cum_b1,fwd_mid_1s,1657037,96,0.010849002073331218,0.005065900150708285,0.01140852985236853,0.011771990781565985,0.9691249393631359,-0.18787878787878787,0.11337224214064019,10
cum_b1,fwd_micro_1s,1657037,96,-0.020563979344881085,-0.003927718328095169,0.0043787516842535455,0.01738271539032081,0.2519026277500786,0.17575757575757575,0.11337224214064019,10
cum_b1,fwd_mid_3s,1657037,96,-0.007499623576413883,-0.0027200491105653503,-0.019243206508732187,0.018116427691109483,-1.0621965233342148,-0.07878787878787878,0.11337224214064019,10
cum_b1,fwd_micro_3s,1657037,96,-0.021155839887563584,-0.00375522905615141,0.006234899802727449,0.020082399833938655,0.310465873316129,-0.1515151515151515,0.11337224214064019,10
cum_b1,fwd_mid_5s,1657037,96,-0.005926340000546018,-0.010790530121657179,-0.011039693889146324,0.01929844245439385,-0.5720510302961168,-0.24848484848484845,0.11337224214064019,10
cum_b1,fwd_micro_5s,1657037,96,-0.0080003133927629,-0.015648345472658066,-0.00799754203228254,0.026214048808284596,-0.3050861044309578,-0.29696969696969694,0.11337224214064019,10
cum_b1,fwd_mid_10s,1657037,96,-0.008277681263424977,-0.020598698862875596,-0.039610309305515456,0.03651620938742749,-1.0847322317949373,-0.309090909090909,0.11337224214064019,10
cum_b1,fwd_micro_10s,1657037,96,-0.005363148149598024,-0.019206361992890685,-0.033628724862988506,0.036148495297422506,-0.9302939053561748,-0.23636363636363633,0.11337224214064019,10
cum_b1,fwd_mid_30s,1657037,96,-0.03355400611248123,-0.010272908739557883,0.03390586395289761,0.06561908956692822,0.5167073206389935,0.2727272727272727,0.11337224214064019,10
cum_b1,fwd_micro_30s,1657037,96,-0.03276416028553617,-0.002639612120948077,0.027105444150331726,0.06742167164196695,0.4020286577032867,0.3939393939393939,0.11337224214064019,10
cum_b1,fwd_mid_60s,1657037,96,-0.08645760671078594,0.012142594602728088,0.08821400809859829,0.11226196309982388,0.7857871505432162,0.406060606060606,0.11337224214064019,10
cum_b1,fwd_micro_60s,1657037,96,-0.08705853037514445,0.012985565749761695,0.056507912193788916,0.10806008933618001,0.5229304597184826,0.3939393939393939,0.11337224214064019,10
cum_a1,fwd_mid_100ms,1657037,94,-0.0002601039789486899,0.0011682829425638341,0.002164870865479038,0.003138005549133415,0.6898875198219085,0.4666666666666666,0.11613862575186915,10
cum_a1,fwd_micro_100ms,1657037,94,-0.00009818111233978031,-0.0023314838768727147,-0.006423213500155525,0.005743125645837204,-1.1184177216828384,0.41818181818181815,0.11613862575186915,10
cum_a1,fwd_mid_300ms,1657037,94,0.0004842642959598346,0.007033641356660859,0.0038679381178669003,0.004073356580111753,0.9495702234251201,0.5757575757575757,0.11613862575186915,10
cum_a1,fwd_micro_300ms,1657037,94,-0.004579957913357802,0.00995648650602039,0.006774391423346996,0.010046794457799418,0.6742838675362741,0.6606060606060605,0.11613862575186915,10
cum_a1,fwd_mid_500ms,1657037,94,0.002691345053293215,0.004271107602106823,0.0010233934529754326,0.006038397643128317,0.1694809639010859,-0.05454545454545454,0.11613862575186915,10
cum_a1,fwd_micro_500ms,1657037,94,-0.0059890348765833145,0.006126783789736284,0.0036349083566268314,0.012358665873856135,0.2941181834453683,0.33333333333333326,0.11613862575186915,10
cum_a1,fwd_mid_1s,1657037,94,0.007495532284488829,0.006572545699787268,-0.0079569077779071,0.009945194994266554,-0.8000755925343134,-0.13939393939393938,0.11613862575186915,10
cum_a1,fwd_micro_1s,1657037,94,-0.009806933810286569,0.0047179139746564005,-0.009285618325369727,0.014751906149977501,-0.6294521013736173,0.18787878787878787,0.11613862575186915,10
cum_a1,fwd_mid_3s,1657037,94,-0.0008580560903143231,0.002863759506976515,0.0028460373498214327,0.0168129165113944,0.16927683831015428,0.05454545454545454,0.11613862575186915,10
cum_a1,fwd_micro_3s,1657037,94,-0.008521057428292398,0.007668764620048347,-0.07370714902145084,0.08021186785150805,-0.918905780350371,0.3939393939393939,0.11613862575186915,10
cum_a1,fwd_mid_5s,1657037,94,0.0007078029441942449,-0.014723998495056529,-0.000323277227246252,0.01898374156864355,-0.017029162880105052,-0.2121212121212121,0.11613862575186915,10
cum_a1,fwd_micro_5s,1657037,94,-0.0019629546984520248,-0.018152950195528702,-0.1185203657127057,0.11053762501825866,-1.072217407359064,-0.2121212121212121,0.11613862575186915,10
cum_a1,fwd_mid_10s,1657037,94,0.010249954855751343,-0.02517427977825662,-0.010383299410313417,0.02924366050482646,-0.35506154944589535,-0.24848484848484845,0.11613862575186915,10
cum_a1,fwd_micro_10s,1657037,94,-0.0002891418402921806,-0.021284390289598484,-0.246813976191176,0.25242697140475384,-0.9777638848085782,-0.12727272727272726,0.11613862575186915,10
cum_a1,fwd_mid_30s,1657037,94,0.0420264093725634,-0.033378832055501996,-0.043311990707428666,0.07095947385295576,-0.6103764353887545,-0.33333333333333326,0.11613862575186915,10
cum_a1,fwd_micro_30s,1657037,94,0.030138913348080217,-0.032196557014299694,-0.373105575505256,0.35107669818908144,-1.0627466232586886,-0.38181818181818183,0.11613862575186915,10
cum_a1,fwd_mid_60s,1657037,94,0.11902721449930921,-0.11433532864181338,-0.1622599963254871,0.12300538347724946,-1.319129226205762,-0.6,0.11613862575186915,10
cum_a1,fwd_micro_60s,1657037,94,0.1233687401244042,-0.11639512057341783,-0.5032623124030163,0.37026256131418983,-1.3592038866062084,-0.6242424242424242,0.11613862575186915,10
depth_bbo,fwd_mid_100ms,1657037,94,-0.000422522690351787,0.0002455345542541311,0.0005758662345742177,0.003540728148068953,0.16264062376217286,0.23636363636363633,0.11948858112401835,10
depth_bbo,fwd_micro_100ms,1657037,94,-0.002806551410240411,-0.0022963171732299226,-0.00919568033820648,0.005550537710599328,-1.656718829357086,0.07878787878787878,0.11948858112401835,10
depth_bbo,fwd_mid_300ms,1657037,94,0.0027562813622954013,0.0053982491405921195,0.0037504107971649226,0.0051543119668071916,0.7276258832055315,0.33333333333333326,0.11948858112401835,10
depth_bbo,fwd_micro_300ms,1657037,94,0.0010625419772014627,0.008998241340570465,-0.00531038847026549,0.009925694114865385,-0.5350143182744566,0.32121212121212117,0.11948858112401835,10
depth_bbo,fwd_mid_500ms,1657037,94,0.0037043576733289964,0.005318424099501023,0.011393474424528439,0.006251776186912528,1.8224379894436313,-0.006060606060606061,0.11948858112401835,10
depth_bbo,fwd_micro_500ms,1657037,94,-0.0013702124645895708,0.007199858451676909,0.0054302285681610525,0.008981563790288374,0.6045972277158098,-0.04242424242424241,0.11948858112401835,10
depth_bbo,fwd_mid_1s,1657037,94,0.0071349455157501815,0.0001876632197786115,0.004880379156024034,0.009640445032221051,0.5062400272718166,-0.2727272727272727,0.11948858112401835,10
depth_bbo,fwd_micro_1s,1657037,94,-0.009762586412653908,0.005907276539523581,0.005190333031524344,0.011703646025809623,0.44348000786065234,-0.05454545454545454,0.11948858112401835,10
depth_bbo,fwd_mid_3s,1657037,94,0.005025234292596059,-0.005277212949629337,0.002824843612924491,0.015085089924154553,0.18726064127740427,-0.5393939393939393,0.11948858112401835,10
depth_bbo,fwd_micro_3s,1657037,94,-0.0003933769620921462,0.0005566909854900137,-0.011447182364853868,0.022142899417143112,-0.5169685391783615,-0.06666666666666665,0.11948858112401835,10
depth_bbo,fwd_mid_5s,1657037,94,0.0009169376298007841,-0.0161159150200927,-0.0009231160614910431,0.018484842745894403,-0.04993908112613362,-0.5030303030303029,0.11948858112401835,10
depth_bbo,fwd_micro_5s,1657037,94,0.0028960590720887316,-0.020357657541608135,-0.021055683330075063,0.022547996001773145,-0.9338161727729272,-0.32121212121212117,0.11948858112401835,10
depth_bbo,fwd_mid_10s,1657037,94,-0.00021058702764217634,-0.022112819739036754,0.0042683318976196845,0.028500873001233995,0.14976144405944616,-0.23636363636363633,0.11948858112401835,10
depth_bbo,fwd_micro_10s,1657037,94,-0.004168438657468226,-0.018224079973535316,-0.007863860377372647,0.03672470402920643,-0.21412998648317694,-0.1515151515151515,0.11948858112401835,10
depth_bbo,fwd_mid_30s,1657037,94,0.017039701398254784,-0.023420796441681428,0.02606093579355223,0.06400762931953313,0.40715358576167804,-0.24848484848484845,0.11948858112401835,10
depth_bbo,fwd_micro_30s,1657037,94,0.023707091864011712,-0.02346384823283172,-0.012375770723153866,0.07781550109309393,-0.15903991556063124,-0.22424242424242422,0.11948858112401835,10
depth_bbo,fwd_mid_60s,1657037,94,0.059376530693365216,-0.03949509492448846,0.07372044115966875,0.10727762626373431,0.6871930683704015,-0.6969696969696969,0.11948858112401835,10
depth_bbo,fwd_micro_60s,1657037,94,0.06865057544575971,-0.041766400378627215,0.015243270070187847,0.11746344783966471,0.1297703272850854,-0.6606060606060605,0.11948858112401835,10
dollar_depth,fwd_mid_100ms,1657037,94,-0.0009595013706796775,0.00013558145767077776,0.0021326984285060333,0.0034600809449789253,0.6163724093220666,0.24848484848484845,0.1185972310817441,10
dollar_depth,fwd_micro_100ms,1657037,94,-0.003663901844795843,-0.0022287159372006244,-0.00852420444879737,0.005751644313608115,-1.4820465216580778,0.12727272727272726,0.1185972310817441,10
dollar_depth,fwd_mid_300ms,1657037,94,0.0015429062578517388,0.005373265918893267,0.005224389717275633,0.005024557907527641,1.0397710233269697,0.01818181818181818,0.1185972310817441,10
dollar_depth,fwd_micro_300ms,1657037,94,-0.002700119777543134,0.009165253658403785,-0.0003432117271175432,0.00926664458806712,-0.037037324983792426,0.38181818181818183,0.1185972310817441,10
dollar_depth,fwd_mid_500ms,1657037,94,0.0019014237268779035,0.004640905398731538,0.0124624184740376,0.005901466473887308,2.1117494319727244,-0.13939393939393938,0.1185972310817441,10
dollar_depth,fwd_micro_500ms,1657037,94,-0.003508359921025989,0.006953509052112659,0.004418379360213767,0.009119759147859938,0.48448421592916663,0.006060606060606061,0.1185972310817441,10
dollar_depth,fwd_mid_1s,1657037,94,0.008816136793200325,0.0009719313745671784,0.002520235970694219,0.011905521838253082,0.2116863086670057,-0.43030303030303024,0.1185972310817441,10
dollar_depth,fwd_micro_1s,1657037,94,-0.009989954165606442,0.005060804197214154,0.002890721004306552,0.013559061812377662,0.21319476556023212,-0.16363636363636364,0.1185972310817441,10
dollar_depth,fwd_mid_3s,1657037,94,0.0025528075165293066,-0.0029660233684259928,0.006186404002616399,0.015570905377725304,0.39730534946710644,-0.5151515151515151,0.1185972310817441,10
dollar_depth,fwd_micro_3s,1657037,94,-0.0043490226830005165,0.0028402729242000204,-0.011208662279384779,0.022270930588071673,-0.5032866603871572,-0.09090909090909088,0.1185972310817441,10
dollar_depth,fwd_mid_5s,1657037,94,-0.0028602399103927274,-0.015930582312782597,0.006682172133375267,0.01782449454691595,0.3748870474720663,-0.6484848484848483,0.1185972310817441,10
dollar_depth,fwd_micro_5s,1657037,94,-0.001013504592444642,-0.022020974716987895,-0.015788544083424106,0.021994441468629864,-0.7178424651493388,-0.4787878787878787,0.1185972310817441,10
dollar_depth,fwd_mid_10s,1657037,94,-0.0068328415572076195,-0.020382292577594684,0.016807270396304266,0.027790987618284455,0.6047741313535148,-0.5515151515151515,0.1185972310817441,10
dollar_depth,fwd_micro_10s,1657037,94,-0.009672351767775714,-0.017538092036153308,0.001752690248699274,0.03638567554027944,0.048169787221870375,-0.41818181818181815,0.1185972310817441,10
dollar_depth,fwd_mid_30s,1657037,94,-0.0012206468810369798,-0.017054066437392646,0.06975211005723118,0.06518840974167121,1.0700078485369564,-0.28484848484848485,0.1185972310817441,10
dollar_depth,fwd_micro_30s,1657037,94,0.0046103799707108845,-0.01879686701335428,0.030486833381027662,0.07823030952964166,0.389706158192767,-0.22424242424242422,0.1185972310817441,10
dollar_depth,fwd_mid_60s,1657037,94,0.03480011732705359,-0.03146792672879177,0.11885054471604739,0.10256070932324592,1.158831149865198,-0.6,0.1185972310817441,10
dollar_depth,fwd_micro_60s,1657037,94,0.047118756747789876,-0.03798734869092055,0.046256919261952495,0.11350536500279046,0.4075306859796037,-0.6,0.1185972310817441,10
obi1,fwd_mid_100ms,1657037,96,0.00014786556882857578,0.00047645393680262283,-0.0008731327514958277,0.0034785323479329575,-0.2510060750231827,-0.16363636363636364,0.108974633638235,10
obi1,fwd_micro_100ms,1657037,96,-0.005663102233412298,0.0020671457318156925,0.0028159789852123876,0.008886350590548557,0.31688812595436394,0.29696969696969694,0.108974633638235,10
obi1,fwd_mid_300ms,1657037,96,0.00544992659708015,0.0037259212378840238,-0.0025077399519587112,0.004646979615425919,-0.5396494410335096,-0.6242424242424242,0.108974633638235,10
obi1,fwd_micro_300ms,1657037,96,0.002888680421352494,-0.00037413467190948425,-0.004848528148043626,0.010301578551376074,-0.47065875621517883,-0.29696969696969694,0.108974633638235,10
obi1,fwd_mid_500ms,1657037,96,0.004014674343862917,0.005653531934121591,0.005709726847441425,0.005720651203733294,0.9980903649072784,0.24848484848484845,0.108974633638235,10
obi1,fwd_micro_500ms,1657037,96,-0.0012580775594761351,-0.003825798092786551,-0.0036191317418514664,0.011039026320900888,-0.3278488189668626,-0.24848484848484845,0.108974633638235,10
obi1,fwd_mid_1s,1657037,96,0.004934932399934864,0.009274800782519431,0.011764110067237786,0.008958673018744416,1.313153191619283,0.19999999999999998,0.108974633638235,10
obi1,fwd_micro_1s,1657037,96,-0.001930407740916731,-0.008642284762522075,-0.006480161588262107,0.01753167220085925,-0.3696259839916757,0.11515151515151514,0.108974633638235,10
obi1,fwd_mid_3s,1657037,96,0.0016940988558624133,-0.00113582027742861,0.001501319829385885,0.014187621071738274,0.10581899684200845,-0.33333333333333326,0.108974633638235,10
obi1,fwd_micro_3s,1657037,96,0.00385696018275135,-0.004871506630219271,0.009241968612669441,0.022556518741093993,0.4097249544023035,-0.6,0.108974633638235,10
obi1,fwd_mid_5s,1657037,96,-0.0014930664765190713,-0.003500810519087481,0.031719984160576135,0.027174069339810314,1.1672887032089083,-0.09090909090909088,0.108974633638235,10
obi1,fwd_micro_5s,1657037,96,-0.0033331301052099936,-0.0030740201119710563,0.050727285333946714,0.031206991355355887,1.6255102824976642,-0.43030303030303024,0.108974633638235,10
obi1,fwd_mid_10s,1657037,96,0.0015117998095712643,-0.02257606200858604,-0.013603229045617818,0.027364688193351947,-0.4971088634191938,-0.04242424242424241,0.108974633638235,10
obi1,fwd_micro_10s,1657037,96,-0.0010903332747818557,-0.020859023562353706,0.0237328330482561,0.04339134179623655,0.5469485861880978,-0.13939393939393938,0.108974633638235,10
obi1,fwd_mid_30s,1657037,96,-0.026656408572391266,-0.008994570526047905,0.11050926013367672,0.09035406344602435,1.2230690676097005,0.6,0.108974633638235,10
obi1,fwd_micro_30s,1657037,96,-0.024774357766860367,0.01974473348250748,0.16545272416570747,0.10404493761639542,1.59020446314954,0.6242424242424242,0.108974633638235,10
obi1,fwd_mid_60s,1657037,96,-0.10906810181460481,0.021094630934267854,0.2858584880422843,0.14789986902643534,1.9327839160641211,0.5393939393939393,0.108974633638235,10
obi1,fwd_micro_60s,1657037,96,-0.11697095518167623,0.059825586181627394,0.3383447039642314,0.16018005692752704,2.1122773362311538,0.5151515151515151,0.108974633638235,10
obi_abs,fwd_mid_100ms,1657037,96,-0.0025711731296800006,-0.002662250019907046,0.0016021923501370943,0.0026479803504274517,0.6050620239226698,0.09090909090909088,0.10785878649662017,10
obi_abs,fwd_micro_100ms,1657037,96,0.004856807210700859,-0.00646493513265569,-0.00812694473879995,0.007059292659084858,-1.1512406598331197,-0.3939393939393939,0.10785878649662017,10
obi_abs,fwd_mid_300ms,1657037,96,0.001460190308079873,0.0034331143948270904,0.0039085616373289965,0.0048486609494832935,0.8061115590574589,0.006060606060606061,0.10785878649662017,10
obi_abs,fwd_micro_300ms,1657037,96,0.009793666554948717,-0.0010129811498492413,-0.006218934017548757,0.009281576841666906,-0.67002990156055,-0.12727272727272726,0.10785878649662017,10
obi_abs,fwd_mid_500ms,1657037,96,0.003400517519194749,-0.00034760358191432753,-0.006636844478070138,0.007672079537825895,-0.8650646080177213,-0.2727272727272727,0.10785878649662017,10
obi_abs,fwd_micro_500ms,1657037,96,0.010523887591831354,-0.0112715983693932,-0.026123759728686736,0.014756141182878706,-1.7703652604650923,-0.01818181818181818,0.10785878649662017,10
obi_abs,fwd_mid_1s,1657037,96,-0.0036141981643383696,0.008028401607659495,0.0069472610370059015,0.009484896834630283,0.7324550976285555,0.12727272727272726,0.10785878649662017,10
obi_abs,fwd_micro_1s,1657037,96,0.002306958938772009,-0.009903241045113545,-0.0255028234989669,0.021039414685478684,-1.2121451038544737,-0.07878787878787878,0.10785878649662017,10
obi_abs,fwd_mid_3s,1657037,96,0.005730529763407758,-0.005917105834689352,-0.005210719237107084,0.017653572976694433,-0.2951651342187825,-0.7333333333333332,0.10785878649662017,10
obi_abs,fwd_micro_3s,1657037,96,0.022316329944783296,-0.010211289504647785,-0.05048375718833938,0.03418048270479219,-1.476976133554177,-0.3939393939393939,0.10785878649662017,10
obi_abs,fwd_mid_5s,1657037,96,0.0007100480260575957,-0.010919425322584608,0.0019550163089684,0.01832290685426426,0.10669793414975595,-0.4787878787878787,0.10785878649662017,10
obi_abs,fwd_micro_5s,1657037,96,-0.0013690809251233023,-0.016513881526728554,0.01008232879122347,0.031474760434180626,0.3203305967112102,-0.2121212121212121,0.10785878649662017,10
obi_abs,fwd_mid_10s,1657037,96,0.0030933542028864845,-0.02870827706618017,-0.01769268377607184,0.024760796967133562,-0.714544196600633,-0.3939393939393939,0.10785878649662017,10
obi_abs,fwd_micro_10s,1657037,96,-0.004256284698010464,-0.03570041509878397,-0.010877652766546972,0.0355906394878131,-0.30563240568553657,-0.2121212121212121,0.10785878649662017,10
obi_abs,fwd_mid_30s,1657037,96,-0.05125170297063074,-0.055771632127452536,-0.00901143291074484,0.06731079651677703,-0.1338779716935717,-0.29696969696969694,0.10785878649662017,10
obi_abs,fwd_micro_30s,1657037,96,-0.0649029459304942,-0.05669380613188714,-0.05319373053526233,0.09447229123952887,-0.5630617172223842,-0.06666666666666665,0.10785878649662017,10
obi_abs,fwd_mid_60s,1657037,96,-0.063873622982141,-0.09366041820783762,-0.04019290744827705,0.1384726045491758,-0.2902589113502472,-0.5151515151515151,0.10785878649662017,10
obi_abs,fwd_micro_60s,1657037,96,-0.07518910004383868,-0.07623816058256006,-0.09037003422400859,0.16260475507497066,-0.5557650154962721,-0.3939393939393939,0.10785878649662017,10
obi_sign,fwd_mid_100ms,1657037,0,NaN,-0.00016547130713992787,NaN,NaN,NaN,-0.5,0.49704442326876225,7
obi_sign,fwd_micro_100ms,1657037,0,NaN,0.0010015816573658676,NaN,NaN,NaN,-0.5714285714285715,0.49704442326876225,7
obi_sign,fwd_mid_300ms,1657037,0,NaN,0.0012981327083709344,NaN,NaN,NaN,-0.5357142857142858,0.49704442326876225,7
obi_sign,fwd_micro_300ms,1657037,0,NaN,0.0027284127877962353,NaN,NaN,NaN,-0.4642857142857144,0.49704442326876225,7
obi_sign,fwd_mid_500ms,1657037,0,NaN,0.0024472753086412107,NaN,NaN,NaN,-0.3571428571428572,0.49704442326876225,7
obi_sign,fwd_micro_500ms,1657037,0,NaN,-0.0005752643588444666,NaN,NaN,NaN,-0.5,0.49704442326876225,7
obi_sign,fwd_mid_1s,1657037,0,NaN,0.0043675467720311195,NaN,NaN,NaN,-0.3571428571428572,0.49704442326876225,7
obi_sign,fwd_micro_1s,1657037,0,NaN,0.0019121472187335633,NaN,NaN,NaN,-0.4642857142857144,0.49704442326876225,7
obi_sign,fwd_mid_3s,1657037,0,NaN,0.002187276417991751,NaN,NaN,NaN,-0.5,0.49704442326876225,7
obi_sign,fwd_micro_3s,1657037,0,NaN,-0.001509798820183997,NaN,NaN,NaN,-0.5714285714285715,0.49704442326876225,7
obi_sign,fwd_mid_5s,1657037,0,NaN,-0.001352506194036606,NaN,NaN,NaN,0.1785714285714286,0.49704442326876225,7
obi_sign,fwd_micro_5s,1657037,0,NaN,-0.003540972664308981,NaN,NaN,NaN,0.1785714285714286,0.49704442326876225,7
obi_sign,fwd_mid_10s,1657037,0,NaN,-0.0001067016458265525,NaN,NaN,NaN,0.14285714285714288,0.49704442326876225,7
obi_sign,fwd_micro_10s,1657037,0,NaN,-0.0023644506527881596,NaN,NaN,NaN,0.14285714285714288,0.49704442326876225,7
obi_sign,fwd_mid_30s,1657037,0,NaN,0.022473971914324552,NaN,NaN,NaN,0.3214285714285715,0.49704442326876225,7
obi_sign,fwd_micro_30s,1657037,0,NaN,0.02028791623152192,NaN,NaN,NaN,0.3214285714285715,0.49704442326876225,7
obi_sign,fwd_mid_60s,1657037,0,NaN,0.0641677417464353,NaN,NaN,NaN,0.3214285714285715,0.49704442326876225,7
obi_sign,fwd_micro_60s,1657037,0,NaN,0.05714980745106744,NaN,NaN,NaN,0.3214285714285715,0.49704442326876225,7
depth_diff,fwd_mid_100ms,1657037,94,0.0029025442267463187,-0.0004595805171956665,-0.0023631157522297163,0.00313515197358834,-0.7537483899145759,-0.5151515151515151,0.1114386703495456,10
depth_diff,fwd_micro_100ms,1657037,94,0.00012060583329481973,0.001258886794320238,-0.008465302230401315,0.013168105686944516,-0.6428640862743239,0.04242424242424241,0.1114386703495456,10
depth_diff,fwd_mid_300ms,1657037,94,0.007764498498289554,0.004835344818752485,0.0019947427081899306,0.0050105694547691254,0.3981069868797664,-0.43030303030303024,0.1114386703495456,10
depth_diff,fwd_micro_300ms,1657037,94,0.010193945600154854,0.0033085898194968244,-0.00920426081318066,0.01259863568337104,-0.7305759960445065,-0.2606060606060606,0.1114386703495456,10
depth_diff,fwd_mid_500ms,1657037,94,0.004611855662514259,0.005582744424110278,0.007234836588541409,0.005887082333284451,1.22893416109318,0.18787878787878787,0.1114386703495456,10
depth_diff,fwd_micro_500ms,1657037,94,0.007048243925659494,-0.0001193931872833737,-0.0036372303648517595,0.011697834584002486,-0.3109319369095796,-0.18787878787878787,0.1114386703495456,10
depth_diff,fwd_mid_1s,1657037,94,0.00485149346444323,0.0041010587577087485,0.005553243910338506,0.009324351292815511,0.5955635664024506,0.3696969696969697,0.1114386703495456,10
depth_diff,fwd_micro_1s,1657037,94,0.009611876927018762,-0.00569552181404121,-0.009304597562410585,0.014953938776024217,-0.6222171764758545,0.01818181818181818,0.1114386703495456,10
depth_diff,fwd_mid_3s,1657037,94,-0.0024194952772860637,-0.00431708478158379,-0.002488142416360491,0.016170006931710067,-0.15387392391781468,-0.10303030303030303,0.1114386703495456,10
depth_diff,fwd_micro_3s,1657037,94,-0.000597948798000554,0.0015162220656197581,0.07290239825965199,0.06751803274525228,1.0797470734183725,-0.28484848484848485,0.1114386703495456,10
depth_diff,fwd_mid_5s,1657037,94,-0.013875891749541316,-0.008075277889145588,0.00040989297095162886,0.018221339971300616,0.022495215587724486,-0.09090909090909088,0.1114386703495456,10
depth_diff,fwd_micro_5s,1657037,94,-0.01432543028609363,-0.009297880814588788,0.09491401780901064,0.0927372242312693,1.0234727057638993,-0.17575757575757575,0.1114386703495456,10
depth_diff,fwd_mid_10s,1657037,94,-0.025477496438005218,-0.010366773312867604,0.004075050002521482,0.029920659377290125,0.13619519380025621,-0.09090909090909088,0.1114386703495456,10
depth_diff,fwd_micro_10s,1657037,94,-0.020410062252893036,-0.008254142255988238,0.20560618108755635,0.21395969397588105,0.9609575395575843,-0.13939393939393938,0.1114386703495456,10
depth_diff,fwd_mid_30s,1657037,94,-0.05118475188395106,0.006944634038429374,0.03590944848407012,0.07063115288303268,0.5084080751667363,0.32121212121212117,0.1114386703495456,10
depth_diff,fwd_micro_30s,1657037,94,-0.04590824233467886,0.020412500462773805,0.3227512400037394,0.300538787552684,1.0739087710838708,0.4787878787878787,0.1114386703495456,10
depth_diff,fwd_mid_60s,1657037,94,-0.158182109509846,0.04426250325555675,0.12462794999745253,0.12429002055362923,1.002718878332452,0.7212121212121211,0.1114386703495456,10
depth_diff,fwd_micro_60s,1657037,94,-0.14816617357963785,0.04298093161158013,0.39088435312890585,0.31629696140369756,1.2358144428394005,0.6,0.1114386703495456,10
depth_ratio,fwd_mid_100ms,1657037,96,0.00014786556882857578,0.00047645393680262283,-0.0008731327514958277,0.0034785323479329575,-0.2510060750231827,-0.16363636363636364,0.108974633638235,10
depth_ratio,fwd_micro_100ms,1657037,96,-0.005663102233412298,0.0020671457318156925,0.0028159789852123876,0.008886350590548557,0.31688812595436394,0.29696969696969694,0.108974633638235,10
depth_ratio,fwd_mid_300ms,1657037,96,0.00544992659708015,0.0037259212378840238,-0.0025077399519587112,0.004646979615425919,-0.5396494410335096,-0.6242424242424242,0.108974633638235,10
depth_ratio,fwd_micro_300ms,1657037,96,0.002888680421352494,-0.00037413467190948425,-0.004848528148043626,0.010301578551376074,-0.47065875621517883,-0.29696969696969694,0.108974633638235,10
depth_ratio,fwd_mid_500ms,1657037,96,0.004014674343862917,0.005653531934121591,0.005709726847441425,0.005720651203733294,0.9980903649072784,0.24848484848484845,0.108974633638235,10
depth_ratio,fwd_micro_500ms,1657037,96,-0.0012580775594761351,-0.003825798092786551,-0.0036191317418514664,0.011039026320900888,-0.3278488189668626,-0.24848484848484845,0.108974633638235,10
depth_ratio,fwd_mid_1s,1657037,96,0.004934932399934864,0.009274800782519431,0.011764110067237786,0.008958673018744416,1.313153191619283,0.19999999999999998,0.108974633638235,10
depth_ratio,fwd_micro_1s,1657037,96,-0.001930407740916731,-0.008642284762522075,-0.006480161588262107,0.01753167220085925,-0.3696259839916757,0.11515151515151514,0.108974633638235,10
depth_ratio,fwd_mid_3s,1657037,96,0.0016940988558624133,-0.00113582027742861,0.001501319829385885,0.014187621071738274,0.10581899684200845,-0.33333333333333326,0.108974633638235,10
depth_ratio,fwd_micro_3s,1657037,96,0.00385696018275135,-0.004871506630219271,0.009241968612669441,0.022556518741093993,0.4097249544023035,-0.6,0.108974633638235,10
depth_ratio,fwd_mid_5s,1657037,96,-0.0014930664765190713,-0.003500810519087481,0.031719984160576135,0.027174069339810314,1.1672887032089083,-0.09090909090909088,0.108974633638235,10
depth_ratio,fwd_micro_5s,1657037,96,-0.0033331301052099936,-0.0030740201119710563,0.050727285333946714,0.031206991355355887,1.6255102824976642,-0.43030303030303024,0.108974633638235,10
depth_ratio,fwd_mid_10s,1657037,96,0.0015117998095712643,-0.02257606200858604,-0.013603229045617818,0.027364688193351947,-0.4971088634191938,-0.04242424242424241,0.108974633638235,10
depth_ratio,fwd_micro_10s,1657037,96,-0.0010903332747818557,-0.020859023562353706,0.0237328330482561,0.04339134179623655,0.5469485861880978,-0.13939393939393938,0.108974633638235,10
depth_ratio,fwd_mid_30s,1657037,96,-0.026656408572391266,-0.008994570526047905,0.11050926013367672,0.09035406344602435,1.2230690676097005,0.6,0.108974633638235,10
depth_ratio,fwd_micro_30s,1657037,96,-0.024774357766860367,0.01974473348250748,0.16545272416570747,0.10404493761639542,1.59020446314954,0.6242424242424242,0.108974633638235,10
depth_ratio,fwd_mid_60s,1657037,96,-0.10906810181460481,0.021094630934267854,0.2858584880422843,0.14789986902643534,1.9327839160641211,0.5393939393939393,0.108974633638235,10
depth_ratio,fwd_micro_60s,1657037,96,-0.11697095518167623,0.059825586181627394,0.3383447039642314,0.16018005692752704,2.1122773362311538,0.5151515151515151,0.108974633638235,10
log_depth_ratio,fwd_mid_100ms,1657037,96,0.00014786556882857578,0.00047645393680262283,-0.0008731327514958277,0.0034785323479329575,-0.2510060750231827,-0.16363636363636364,0.108974633638235,10
log_depth_ratio,fwd_micro_100ms,1657037,96,-0.005663102233412298,0.0020671457318156925,0.0028159789852123876,0.008886350590548557,0.31688812595436394,0.29696969696969694,0.108974633638235,10
log_depth_ratio,fwd_mid_300ms,1657037,96,0.00544992659708015,0.0037259212378840238,-0.0025077399519587112,0.004646979615425919,-0.5396494410335096,-0.6242424242424242,0.108974633638235,10
log_depth_ratio,fwd_micro_300ms,1657037,96,0.002888680421352494,-0.00037413467190948425,-0.004848528148043626,0.010301578551376074,-0.47065875621517883,-0.29696969696969694,0.108974633638235,10
log_depth_ratio,fwd_mid_500ms,1657037,96,0.004014674343862917,0.005653531934121591,0.005709726847441425,0.005720651203733294,0.9980903649072784,0.24848484848484845,0.108974633638235,10
log_depth_ratio,fwd_micro_500ms,1657037,96,-0.0012580775594761351,-0.003825798092786551,-0.0036191317418514664,0.011039026320900888,-0.3278488189668626,-0.24848484848484845,0.108974633638235,10
log_depth_ratio,fwd_mid_1s,1657037,96,0.004934932399934864,0.009274800782519431,0.011764110067237786,0.008958673018744416,1.313153191619283,0.19999999999999998,0.108974633638235,10
log_depth_ratio,fwd_micro_1s,1657037,96,-0.001930407740916731,-0.008642284762522075,-0.006480161588262107,0.01753167220085925,-0.3696259839916757,0.11515151515151514,0.108974633638235,10
log_depth_ratio,fwd_mid_3s,1657037,96,0.0016940988558624133,-0.00113582027742861,0.001501319829385885,0.014187621071738274,0.10581899684200845,-0.33333333333333326,0.108974633638235,10
log_depth_ratio,fwd_micro_3s,1657037,96,0.00385696018275135,-0.004871506630219271,0.009241968612669441,0.022556518741093993,0.4097249544023035,-0.6,0.108974633638235,10
log_depth_ratio,fwd_mid_5s,1657037,96,-0.0014930664765190713,-0.003500810519087481,0.031719984160576135,0.027174069339810314,1.1672887032089083,-0.09090909090909088,0.108974633638235,10
log_depth_ratio,fwd_micro_5s,1657037,96,-0.0033331301052099936,-0.0030740201119710563,0.050727285333946714,0.031206991355355887,1.6255102824976642,-0.43030303030303024,0.108974633638235,10
log_depth_ratio,fwd_mid_10s,1657037,96,0.0015117998095712643,-0.02257606200858604,-0.013603229045617818,0.027364688193351947,-0.4971088634191938,-0.04242424242424241,0.108974633638235,10
log_depth_ratio,fwd_micro_10s,1657037,96,-0.0010903332747818557,-0.020859023562353706,0.0237328330482561,0.04339134179623655,0.5469485861880978,-0.13939393939393938,0.108974633638235,10
log_depth_ratio,fwd_mid_30s,1657037,96,-0.026656408572391266,-0.008994570526047905,0.11050926013367672,0.09035406344602435,1.2230690676097005,0.6,0.108974633638235,10
log_depth_ratio,fwd_micro_30s,1657037,96,-0.024774357766860367,0.01974473348250748,0.16545272416570747,0.10404493761639542,1.59020446314954,0.6242424242424242,0.108974633638235,10
log_depth_ratio,fwd_mid_60s,1657037,96,-0.10906810181460481,0.021094630934267854,0.2858584880422843,0.14789986902643534,1.9327839160641211,0.5393939393939393,0.108974633638235,10
log_depth_ratio,fwd_micro_60s,1657037,96,-0.11697095518167623,0.059825586181627394,0.3383447039642314,0.16018005692752704,2.1122773362311538,0.5151515151515151,0.108974633638235,10
d_obi,fwd_mid_100ms,1657033,96,0.003517291940121049,0.002276061830450783,-0.0019358780343031931,0.0022443209413474515,-0.8625673800204909,-0.29696969696969694,0.25149287914000507,10
d_obi,fwd_micro_100ms,1657033,96,0.007256963154586369,0.001352968960158637,-0.010820310537196925,0.006981595336166232,-1.549833528899231,-0.2606060606060606,0.25149287914000507,10
d_obi,fwd_mid_300ms,1657033,96,0.002802020394880857,0.00477918587702236,0.0004973143135706444,0.0035783482754869213,0.13897873412083475,-0.24848484848484845,0.25149287914000507,10
d_obi,fwd_micro_300ms,1657033,96,0.007662085543821656,0.00409277969543126,-0.007470988948056625,0.010106566873161835,-0.7392212451387391,0.006060606060606061,0.25149287914000507,10
d_obi,fwd_mid_500ms,1657033,96,0.000017256290807996,0.005623290257793906,0.0056454366713109974,0.004869640090213748,1.1593129197897656,0.32121212121212117,0.25149287914000507,10
d_obi,fwd_micro_500ms,1657033,96,-0.003355943499148243,0.00276300834923624,0.0008541960034204238,0.008810706343145971,0.09694977566525302,-0.0303030303030303,0.25149287914000507,10
d_obi,fwd_mid_1s,1657033,96,-0.0005217487166930355,0.007723232079443988,0.007544307717020512,0.009582016757839875,0.787340275819061,0.13939393939393938,0.25149287914000507,10
d_obi,fwd_micro_1s,1657033,96,0.0028769392274347132,-0.00025847144985524184,-0.0008727339004878989,0.013551446949098397,-0.0644015287641268,0.12727272727272726,0.25149287914000507,10
d_obi,fwd_mid_3s,1657033,96,-0.003289018693360733,0.00555467590867095,-0.003044984063589789,0.015453970216845544,-0.19703571450335883,-0.12727272727272726,0.25149287914000507,10
d_obi,fwd_micro_3s,1657033,96,-0.0009491570881156742,0.0029728002472825636,-0.017987471294502566,0.01884118792237697,-0.954688810950159,-0.0303030303030303,0.25149287914000507,10
d_obi,fwd_mid_5s,1657033,96,-0.013960563988845879,0.005991686968970833,0.004048472319874489,0.026767474968206768,0.1512459552005965,0.19999999999999998,0.25149287914000507,10
d_obi,fwd_micro_5s,1657033,96,-0.017648178322432893,0.0072955764333505835,0.003891017190639015,0.030147871991442057,0.12906440599666674,0.29696969696969694,0.25149287914000507,10
d_obi,fwd_mid_10s,1657033,96,-0.011868390150390665,0.007578767740207324,-0.005638758009208866,0.034149305832291255,-0.1651207212498273,0.17575757575757575,0.25149287914000507,10
d_obi,fwd_micro_10s,1657033,96,-0.0010289556246305704,0.00612293032146409,-0.021566794764067834,0.04493187991077668,-0.4799887030521318,0.05454545454545454,0.25149287914000507,10
d_obi,fwd_mid_30s,1657033,96,0.05069986047396012,0.036767920891944327,-0.034785106546275944,0.04899170463464132,-0.7100203351911928,-0.06666666666666665,0.25149287914000507,10
d_obi,fwd_micro_30s,1657033,96,0.052079444525864146,0.04196030387713948,-0.022132072013971837,0.05623937178041106,-0.39353341464032393,-0.06666666666666665,0.25149287914000507,10
d_obi,fwd_mid_60s,1657033,96,0.002056508489469862,0.07346817825141098,0.07915916178726566,0.08062856304167895,0.9817756735456923,0.17575757575757575,0.25149287914000507,10
d_obi,fwd_micro_60s,1657033,96,-0.008143679857762912,0.07606703346974299,0.09136509373374764,0.09945692239293162,0.9186398647324415,0.22424242424242422,0.25149287914000507,10
obi_vel,fwd_mid_100ms,1657033,96,0.003517291940121049,0.002276061830450783,-0.0019358780343031931,0.0022443209413474515,-0.8625673800204909,-0.29696969696969694,0.25149287914000507,10
obi_vel,fwd_micro_100ms,1657033,96,0.007256963154586369,0.001352968960158637,-0.010820310537196925,0.006981595336166232,-1.549833528899231,-0.2606060606060606,0.25149287914000507,10
obi_vel,fwd_mid_300ms,1657033,96,0.002802020394880857,0.00477918587702236,0.0004973143135706444,0.0035783482754869213,0.13897873412083475,-0.24848484848484845,0.25149287914000507,10
obi_vel,fwd_micro_300ms,1657033,96,0.007662085543821656,0.00409277969543126,-0.007470988948056625,0.010106566873161835,-0.7392212451387391,0.006060606060606061,0.25149287914000507,10
obi_vel,fwd_mid_500ms,1657033,96,0.000017256290807996,0.005623290257793906,0.0056454366713109974,0.004869640090213748,1.1593129197897656,0.32121212121212117,0.25149287914000507,10
obi_vel,fwd_micro_500ms,1657033,96,-0.003355943499148243,0.00276300834923624,0.0008541960034204238,0.008810706343145971,0.09694977566525302,-0.0303030303030303,0.25149287914000507,10
obi_vel,fwd_mid_1s,1657033,96,-0.0005217487166930355,0.007723232079443988,0.007544307717020512,0.009582016757839875,0.787340275819061,0.13939393939393938,0.25149287914000507,10
obi_vel,fwd_micro_1s,1657033,96,0.0028769392274347132,-0.00025847144985524184,-0.0008727339004878989,0.013551446949098397,-0.0644015287641268,0.12727272727272726,0.25149287914000507,10
obi_vel,fwd_mid_3s,1657033,96,-0.003289018693360733,0.00555467590867095,-0.003044984063589789,0.015453970216845544,-0.19703571450335883,-0.12727272727272726,0.25149287914000507,10
obi_vel,fwd_micro_3s,1657033,96,-0.0009491570881156742,0.0029728002472825636,-0.017987471294502566,0.01884118792237697,-0.954688810950159,-0.0303030303030303,0.25149287914000507,10
obi_vel,fwd_mid_5s,1657033,96,-0.013960563988845879,0.005991686968970833,0.004048472319874489,0.026767474968206768,0.1512459552005965,0.19999999999999998,0.25149287914000507,10
obi_vel,fwd_micro_5s,1657033,96,-0.017648178322432893,0.0072955764333505835,0.003891017190639015,0.030147871991442057,0.12906440599666674,0.29696969696969694,0.25149287914000507,10
obi_vel,fwd_mid_10s,1657033,96,-0.011868390150390665,0.007578767740207324,-0.005638758009208866,0.034149305832291255,-0.1651207212498273,0.17575757575757575,0.25149287914000507,10
obi_vel,fwd_micro_10s,1657033,96,-0.0010289556246305704,0.00612293032146409,-0.021566794764067834,0.04493187991077668,-0.4799887030521318,0.05454545454545454,0.25149287914000507,10
obi_vel,fwd_mid_30s,1657033,96,0.05069986047396012,0.036767920891944327,-0.034785106546275944,0.04899170463464132,-0.7100203351911928,-0.06666666666666665,0.25149287914000507,10
obi_vel,fwd_micro_30s,1657033,96,0.052079444525864146,0.04196030387713948,-0.022132072013971837,0.05623937178041106,-0.39353341464032393,-0.06666666666666665,0.25149287914000507,10
obi_vel,fwd_mid_60s,1657033,96,0.002056508489469862,0.07346817825141098,0.07915916178726566,0.08062856304167895,0.9817756735456923,0.17575757575757575,0.25149287914000507,10
obi_vel,fwd_micro_60s,1657033,96,-0.008143679857762912,0.07606703346974299,0.09136509373374764,0.09945692239293162,0.9186398647324415,0.22424242424242422,0.25149287914000507,10
obi_acc,fwd_mid_100ms,1657030,96,0.0034231421053663516,0.004647381188728334,-0.004822466425165465,0.0024751610761651784,-1.94834448214458,-0.11515151515151514,0.19175150721471548,10
obi_acc,fwd_micro_100ms,1657030,96,0.00751762247065543,0.0037140642884504298,-0.012811798408357509,0.006605748820589949,-1.9394922144819469,-0.3939393939393939,0.19175150721471548,10
obi_acc,fwd_mid_300ms,1657030,96,0.0033356842814094637,0.009031237297674589,-0.0025507495048718936,0.0038987851538516763,-0.6542421303600083,-0.13939393939393938,0.19175150721471548,10
obi_acc,fwd_micro_300ms,1657030,96,0.0022113949728945876,0.0074211838351495845,-0.003470187860402939,0.009477626000269681,-0.36614526256936036,-0.23636363636363633,0.19175150721471548,10
obi_acc,fwd_mid_500ms,1657030,96,0.0021261512316671934,0.00818297107295433,-0.004896595988471013,0.0071876925220647194,-0.68124728116005,-0.16363636363636364,0.19175150721471548,10
obi_acc,fwd_micro_500ms,1657030,96,-0.0018426258260987457,0.0027526787205141077,-0.006635874939645726,0.012813354474502785,-0.517887408238835,-0.24848484848484845,0.19175150721471548,10
obi_acc,fwd_mid_1s,1657030,96,-0.0001530011677818867,0.00852938116156651,-0.0024846610326349533,0.01170620883384351,-0.21225155538414928,0.2121212121212121,0.19175150721471548,10
obi_acc,fwd_micro_1s,1657030,96,-0.00008190607686816237,-0.0009830022366509913,-0.0041589493831773,0.017504979881618428,-0.23758664170442811,0.04242424242424241,0.19175150721471548,10
obi_acc,fwd_mid_3s,1657030,96,-0.008764254377514545,0.012526674425570528,-0.013640760342854033,0.023976237621749476,-0.5689283096894294,0.43030303030303024,0.19175150721471548,10
obi_acc,fwd_micro_3s,1657030,96,-0.017045950872917156,0.01638418210618738,0.0009725873789434349,0.01973474738697429,0.04928299105492381,0.34545454545454546,0.19175150721471548,10
obi_acc,fwd_mid_5s,1657030,96,-0.01471592997318816,0.01096486049401298,-0.005248264767959127,0.03401585293360792,-0.15428878935367812,0.4424242424242424,0.19175150721471548,10
obi_acc,fwd_micro_5s,1657030,96,-0.024408692897118344,0.01209864044786519,0.0015967053567118444,0.03229867894670941,0.0494356242664382,0.5393939393939393,0.19175150721471548,10
obi_acc,fwd_mid_10s,1657030,96,-0.013030714013563035,0.016464543218240573,-0.004536413900577817,0.02916234886763104,-0.15555721938478836,0.35757575757575755,0.19175150721471548,10
obi_acc,fwd_micro_10s,1657030,96,-0.017454126903570902,0.014925125695661925,-0.0006835920244005733,0.031106640549857567,-0.021975758626358748,0.35757575757575755,0.19175150721471548,10
obi_acc,fwd_mid_30s,1657030,96,0.028383618860533616,0.053680800785329844,0.04668902078818729,0.0663218137872951,0.7039768384189041,0.006060606060606061,0.19175150721471548,10
obi_acc,fwd_micro_30s,1657030,96,0.03590176070149988,0.049781248686989514,0.030711955771834,0.06319749592999628,0.48596792198623756,0.006060606060606061,0.19175150721471548,10
obi_acc,fwd_mid_60s,1657030,96,-0.010561607015273316,0.0736127423459178,0.057048640997036805,0.06065413841252859,0.9405564482514017,0.18787878787878787,0.19175150721471548,10
obi_acc,fwd_micro_60s,1657030,96,-0.008005591361419134,0.0700747325823182,0.07256559277916505,0.07380130313839842,0.9832562528480553,0.2121212121212121,0.19175150721471548,10
obi_persist,fwd_mid_100ms,1691793,27,0.00353624506812857,-0.004126276386335675,-0.004636931377748018,0.007605401278808549,-0.6096892468604146,-0.5757575757575757,0.14993087215752754,10
obi_persist,fwd_micro_100ms,1691793,27,-0.003120009872959521,-0.012469843240692167,-0.022511389218206664,0.01255907249579054,-1.7924404231086228,-0.11515151515151514,0.14993087215752754,10
obi_persist,fwd_mid_300ms,1691793,27,0.010038221970568272,0.0014413619432963232,-0.0018480312659900776,0.012092350363263497,-0.152826473801519,-0.5636363636363636,0.14993087215752754,10
obi_persist,fwd_micro_300ms,1691793,27,-0.011744603243634898,-0.0036053896268180723,0.008613000462642954,0.01851641924432738,0.4651547553008447,-0.2121212121212121,0.14993087215752754,10
obi_persist,fwd_mid_500ms,1691793,27,0.005592765854670191,0.0021265177127896763,0.0016845397519059133,0.012465075863191337,0.13514075408720647,-0.19999999999999998,0.14993087215752754,10
obi_persist,fwd_micro_500ms,1691793,27,-0.017036576935840778,-0.008516064125726098,-0.007466432483123953,0.022260346799959637,-0.33541402343010623,0.006060606060606061,0.14993087215752754,10
obi_persist,fwd_mid_1s,1691793,27,0.00633707443597992,-0.0015955994022664487,-0.01161805579242631,0.01620875428919553,-0.7167766001715937,0.0303030303030303,0.14993087215752754,10
obi_persist,fwd_micro_1s,1691793,27,-0.01849954188487205,-0.016946250757687808,-0.05179138925866588,0.031140725708536543,-1.6631400868242583,0.22424242424242422,0.14993087215752754,10
obi_persist,fwd_mid_3s,1691793,27,0.02295772762062983,-0.0053595770043173094,-0.0037463735663979757,0.026203164156595488,-0.14297409061015984,0.1515151515151515,0.14993087215752754,10
obi_persist,fwd_micro_3s,1691793,27,0.01172741877249514,-0.0017581079194386243,-0.013997508229661455,0.04152917847514229,-0.33705237482701006,0.22424242424242422,0.14993087215752754,10
obi_persist,fwd_mid_5s,1691793,27,0.006527724273307887,0.008960239560999504,0.011820217333387865,0.03131730773049685,0.3774340193961601,0.5878787878787878,0.14993087215752754,10
obi_persist,fwd_micro_5s,1691793,27,-0.02732768320141421,0.011733884348515845,0.05719654859402383,0.037224898082048485,1.5365132355219684,0.8666666666666665,0.14993087215752754,10
obi_persist,fwd_mid_10s,1691793,27,-0.016618846698583833,0.014790127147274132,0.08497416198951128,0.06405864392091955,1.326505788889505,0.8545454545454544,0.14993087215752754,10
obi_persist,fwd_micro_10s,1691793,27,-0.029964513231732763,0.016565526938486577,0.1087416348672899,0.0642179450278136,1.6933216224871808,0.7818181818181817,0.14993087215752754,10
obi_persist,fwd_mid_30s,1691793,27,0.05574521828018413,0.04669925497169645,0.14366986178417054,0.174317303710482,0.8241858881823183,0.1515151515151515,0.14993087215752754,10
obi_persist,fwd_micro_30s,1691793,27,0.055655951031682936,0.05971414949050668,0.12508402573873237,0.17425588628772276,0.7178180800859706,0.18787878787878787,0.14993087215752754,10
obi_persist,fwd_mid_60s,1691793,27,0.017227412798710075,0.1085590473978642,0.37617941777309916,0.33314996138643704,1.129159421803895,0.43030303030303024,0.14993087215752754,10
obi_persist,fwd_micro_60s,1691793,27,0.026137808002775955,0.12576576240827478,0.30018126520374994,0.3228320624160392,0.9298372130612641,0.24848484848484845,0.14993087215752754,10
obi_streak,fwd_mid_100ms,1691793,27,0.004674901106088429,-0.004029725914743437,-0.005158719105467328,0.007601326176087247,-0.6786604055613306,-0.6363636363636362,0.1498646702049246,10
obi_streak,fwd_micro_100ms,1691793,27,-0.0023884274077312835,-0.011873359055248781,-0.02302985770321606,0.012636916148056627,-1.8224270410117198,-0.11515151515151514,0.1498646702049246,10
obi_streak,fwd_mid_300ms,1691793,27,0.006399397178498974,0.0030666425051774663,-0.002236893556790111,0.012114235670320564,-0.18464999506905905,-0.5393939393939393,0.1498646702049246,10
obi_streak,fwd_micro_300ms,1691793,27,-0.013104003622495643,-0.0015030867145825663,0.005688268621069727,0.018999718035943407,0.2993870019706997,-0.19999999999999998,0.1498646702049246,10
obi_streak,fwd_mid_500ms,1691793,27,0.0009179720381960689,0.004327104141000975,-0.0009065837507581273,0.013245196144214192,-0.06844623068523935,0.24848484848484845,0.1498646702049246,10
obi_streak,fwd_micro_500ms,1691793,27,-0.02406785315717107,-0.004076028036853426,-0.012872776391941435,0.023757827086027018,-0.5418330702268837,0.0303030303030303,0.1498646702049246,10
obi_streak,fwd_mid_1s,1691793,27,0.0006931110882543378,0.0011684095752882817,-0.013981288501881906,0.016612574370808594,-0.8416087831907407,0.406060606060606,0.1498646702049246,10
obi_streak,fwd_micro_1s,1691793,27,-0.025378440502794388,-0.013343714913161261,-0.05565966429864052,0.03132769594433855,-1.776691921344416,0.19999999999999998,0.1498646702049246,10
obi_streak,fwd_mid_3s,1691793,27,0.021761495502169215,-0.004741805294741219,-0.0019524552374210402,0.02550596763293875,-0.07654895769959393,0.11515151515151514,0.1498646702049246,10
obi_streak,fwd_micro_3s,1691793,27,0.007084813829857384,0.000705720018617534,-0.010362034196040213,0.0414658473694129,-0.2498932218537929,0.3939393939393939,0.1498646702049246,10
obi_streak,fwd_mid_5s,1691793,27,0.029177630733755948,0.0020807118517182518,0.012203314700353423,0.031238606650942514,0.3906484958408102,0.19999999999999998,0.1498646702049246,10
obi_streak,fwd_micro_5s,1691793,27,0.00117528444127771,0.005068459290579068,0.05690735121150895,0.03711651061867048,1.533208544201976,0.709090909090909,0.1498646702049246,10
obi_streak,fwd_mid_10s,1691793,27,0.028761869131445406,0.0010296889117163673,0.08453239570435846,0.0640643610575859,1.3194917471880245,0.17575757575757575,0.1498646702049246,10
obi_streak,fwd_micro_10s,1691793,27,0.021783998765897074,0.0032316277925707806,0.10712120481655776,0.06430574859706534,1.6658107113839953,0.10303030303030303,0.1498646702049246,10
obi_streak,fwd_mid_30s,1691793,27,0.1959106932676776,0.004990032633541725,0.14703348997331092,0.17399405015273806,0.8450489533650133,0.11515151515151514,0.1498646702049246,10
obi_streak,fwd_micro_30s,1691793,27,0.19733209366375126,0.019570671742375787,0.12163219748829794,0.1752761936866852,0.6939459086253406,0.04242424242424241,0.1498646702049246,10
obi_streak,fwd_mid_60s,1691793,27,0.2865075888314375,0.023852857665788454,0.38816419389003287,0.3330064980352688,1.1656354941425866,0.12727272727272726,0.1498646702049246,10
obi_streak,fwd_micro_60s,1691793,27,0.29843752958224323,0.04453314321429035,0.2958381191187407,0.3233610632606522,0.9148847920513978,0.04242424242424241,0.1498646702049246,10
d_depth,fwd_mid_100ms,1657033,96,0.0024421654310138553,0.0035930734194296373,-0.003999779494417053,0.004353870395527419,-0.918672153981866,0.12727272727272726,0.25818013280363156,10
d_depth,fwd_micro_100ms,1657033,96,0.00009983702944444936,0.00579760949909114,0.0017775808276755828,0.006236191261620559,0.28504270525109815,0.4424242424242424,0.25818013280363156,10
d_depth,fwd_mid_300ms,1657033,96,0.0025824703677800316,0.00766883581538057,0.0020826653394462914,0.005868317285251372,0.3548999207456929,0.4787878787878787,0.25818013280363156,10
d_depth,fwd_micro_300ms,1657033,96,-0.0030307894541824983,0.010201754341856096,0.014965514432162109,0.010726963545782673,1.395130538878901,0.7212121212121211,0.25818013280363156,10
d_depth,fwd_mid_500ms,1657033,96,0.001423743122350396,0.0063382614007664985,0.0017412458929918894,0.0050180050288926815,0.3469996309222768,0.5151515151515151,0.25818013280363156,10
d_depth,fwd_micro_500ms,1657033,96,-0.004204894816695097,0.0058567958914181074,0.007667352094339892,0.012337405556546277,0.6214719990518237,0.5030303030303029,0.25818013280363156,10
d_depth,fwd_mid_1s,1657033,96,0.005844805531736275,0.0062558692816893965,-0.006645392040042154,0.008505697878780716,-0.7812871012760172,-0.04242424242424241,0.25818013280363156,10
d_depth,fwd_micro_1s,1657033,96,0.00003104654670168324,-0.00009331453085935938,-0.01057590621022299,0.014918949390672332,-0.7088908161881217,0.19999999999999998,0.25818013280363156,10
d_depth,fwd_mid_3s,1657033,96,-0.004331082678889333,0.012248779304199162,-0.0012661569825427714,0.022227854488066304,-0.05696262692481391,0.29696969696969694,0.25818013280363156,10
d_depth,fwd_micro_3s,1657033,96,-0.008619644146175954,0.011998847242132779,-0.011668983562056527,0.0337306976810945,-0.3459455144503815,0.4545454545454545,0.25818013280363156,10
d_depth,fwd_mid_5s,1657033,96,-0.001577890350189048,0.003675754080663429,-0.007556715500925478,0.023509810002941008,-0.3214281825323197,0.12727272727272726,0.25818013280363156,10
d_depth,fwd_micro_5s,1657033,96,-0.006860008225643369,0.005735260601761585,-0.011530375470272575,0.04282667630645129,-0.2692334886734059,0.4787878787878787,0.25818013280363156,10
d_depth,fwd_mid_10s,1657033,96,-0.011717595193129971,0.008343520513409945,0.02384462578446113,0.025157163351223675,0.9478264878898319,0.4787878787878787,0.25818013280363156,10
d_depth,fwd_micro_10s,1657033,96,-0.014094990193169694,0.00912979496427996,0.026587923318516383,0.030932093934226787,0.8595578228571354,0.5151515151515151,0.25818013280363156,10
d_depth,fwd_mid_30s,1657033,96,0.007601310664496265,0.03280167527295411,-0.008729233867273395,0.07105953142439672,-0.12284395481218167,0.13939393939393938,0.25818013280363156,10
d_depth,fwd_micro_30s,1657033,96,0.0063332870507554736,0.03569238661468355,-0.025848540407929454,0.0872070028095851,-0.2964044122049381,0.13939393939393938,0.25818013280363156,10
d_depth,fwd_mid_60s,1657033,96,0.0006540163377204652,0.07412417088227057,0.03816788817476355,0.0773875372723251,0.4932045846148529,0.19999999999999998,0.25818013280363156,10
d_depth,fwd_micro_60s,1657033,96,0.00027320846605869786,0.07415291375019618,0.02344386801120602,0.08098213846936463,0.2894943064522158,0.28484848484848485,0.25818013280363156,10
depth_vol,fwd_mid_100ms,1691793,87,-0.004510139437110739,0.003082715722131475,0.002441456787196743,0.003981917360722276,0.6131359759695992,0.7333333333333332,0.1486393429929075,10
depth_vol,fwd_micro_100ms,1691793,87,-0.00966252271247806,0.0010276515777701163,0.005391721982213156,0.006184865447681632,0.8717605949268011,0.3696969696969697,0.1486393429929075,10
depth_vol,fwd_mid_300ms,1691793,87,-0.0008335772328091843,0.0059592923750984555,0.005970281727092734,0.005629168312281829,1.0605974801049485,0.6606060606060605,0.1486393429929075,10
depth_vol,fwd_micro_300ms,1691793,87,-0.003688705276565004,0.004007860237227189,0.009380264655960459,0.010094321160397266,0.9292615627053513,0.709090909090909,0.1486393429929075,10
depth_vol,fwd_mid_500ms,1691793,87,0.0028715208709591458,0.0013926640661499903,0.007015382951049155,0.007470188031497488,0.9391173182615108,0.41818181818181815,0.1486393429929075,10
depth_vol,fwd_micro_500ms,1691793,87,-0.00031242291995621973,-0.0051784586538682065,0.009868831411530582,0.011142602553119534,0.8856845933868168,0.3696969696969697,0.1486393429929075,10
depth_vol,fwd_mid_1s,1691793,87,0.004058157476113578,-0.0029811242355973475,0.014807802573713625,0.010459868350604366,1.4156777195822008,0.2606060606060606,0.1486393429929075,10
depth_vol,fwd_micro_1s,1691793,87,-0.005032530330010045,-0.0056414791269308595,0.015670237523743913,0.01666697517360525,0.9401968479895605,0.16363636363636364,0.1486393429929075,10
depth_vol,fwd_mid_3s,1691793,87,0.005160972073089289,-0.004662391818819656,0.00403085337786857,0.01645884551566099,0.2449049888725862,0.32121212121212117,0.1486393429929075,10
depth_vol,fwd_micro_3s,1691793,87,0.005593286533677567,0.002880421724511184,0.015722390546625876,0.01914455368636218,0.8212461258799615,0.1515151515151515,0.1486393429929075,10
depth_vol,fwd_mid_5s,1691793,87,0.019450055552303794,-0.005249328283537329,-0.02658386106686645,0.025163525091480815,-1.0564442370543106,-0.41818181818181815,0.1486393429929075,10
depth_vol,fwd_micro_5s,1691793,87,0.020305630567544582,-0.0071346111873184966,-0.01965073932963371,0.026111216245706195,-0.7525784760357586,-0.4424242424242424,0.1486393429929075,10
depth_vol,fwd_mid_10s,1691793,87,0.03957752139269942,-0.015182452043051084,-0.04841948621830294,0.04440415470835346,-1.0904269327120892,-0.2606060606060606,0.1486393429929075,10
depth_vol,fwd_micro_10s,1691793,87,0.04014221052747918,-0.017121581419968154,-0.026478498389146683,0.044232896131976916,-0.598615526103994,-0.32121212121212117,0.1486393429929075,10
depth_vol,fwd_mid_30s,1691793,87,0.1050508783668354,-0.032265303475531436,-0.09523625904741281,0.1046277369143425,-0.9102391187661989,-0.309090909090909,0.1486393429929075,10
depth_vol,fwd_micro_30s,1691793,87,0.10752701245989012,-0.026899535532379466,-0.07252331724521573,0.1029006008242147,-0.7047900271166293,-0.33333333333333326,0.1486393429929075,10
depth_vol,fwd_mid_60s,1691793,87,0.18399609106752576,-0.043873901203945076,-0.030901361580532923,0.2307729387710013,-0.13390374861584922,-0.29696969696969694,0.1486393429929075,10
depth_vol,fwd_micro_60s,1691793,87,0.1930485244095062,-0.030763897392912548,-0.03166216829034755,0.2210122452848022,-0.14325979200630645,-0.22424242424242422,0.1486393429929075,10
micro1,fwd_mid_100ms,1657037,36,0.0005364519811586931,-0.00026280002237820583,0.00842194857291237,0.013114587685355802,0.6421817273231248,-0.38181818181818183,0.3257416702222099,10
micro1,fwd_micro_100ms,1657037,36,-0.00010699186158382363,0.0005038265039564737,0.0007124003255931644,0.02862474325619079,0.024887570840974815,-0.1515151515151515,0.3257416702222099,10
micro1,fwd_mid_300ms,1657037,36,0.006205530943789304,0.001675102517418495,-0.012843997067653684,0.02199486654379867,-0.583954307796197,-0.34545454545454546,0.3257416702222099,10
micro1,fwd_micro_300ms,1657037,36,0.0031961660696113326,0.0025704831248859893,-0.05040253205805623,0.054076000125945926,-0.9320684211233452,0.006060606060606061,0.3257416702222099,10
micro1,fwd_mid_500ms,1657037,36,0.0054871717883643095,-0.0002077703870262493,-0.011871448808840845,0.023719183044681125,-0.5004999028203436,-0.4545454545454545,0.3257416702222099,10
micro1,fwd_micro_500ms,1657037,36,0.0005450623088770951,-0.0037185010184348313,-0.04661118100418958,0.040264368613136876,-1.1576285090183174,0.07878787878787878,0.3257416702222099,10
micro1,fwd_mid_1s,1657037,36,0.01286485854220624,-0.006673191873691306,-0.00344676821006638,0.040618375341679634,-0.08485736273478069,-0.35757575757575755,0.3257416702222099,10
micro1,fwd_micro_1s,1657037,36,0.0034895896826966787,-0.011980641219735213,-0.03273215835633435,0.05846712315636073,-0.5598387023216032,-0.5757575757575757,0.3257416702222099,10
micro1,fwd_mid_3s,1657037,36,0.01135562587588888,-0.006188714129041508,-0.023587332256312796,0.03338799047663674,-0.7064615725471121,-0.406060606060606,0.3257416702222099,10
micro1,fwd_micro_3s,1657037,36,0.008435476076491968,-0.008909763871018507,-0.07784676462299178,0.054608012798440936,-1.4255557130475607,-0.07878787878787878,0.3257416702222099,10
micro1,fwd_mid_5s,1657037,36,0.00914806373686511,-0.006868950362745626,-0.1291837614458817,0.07137006505319309,-1.810055257054891,-0.6727272727272726,0.3257416702222099,10
micro1,fwd_micro_5s,1657037,36,0.010236501900851904,-0.00692146819563704,-0.1432049463992476,0.07656471560911467,-1.8703778269137818,-0.5030303030303029,0.3257416702222099,10
micro1,fwd_mid_10s,1657037,36,0.019362547139569943,-0.013688768949214556,-0.22675346564873233,0.14484310802933428,-1.5655109085536136,-0.6363636363636362,0.3257416702222099,10
micro1,fwd_micro_10s,1657037,36,0.019559492146992454,-0.014547833695046851,-0.2353995302887117,0.14382752458426398,-1.6366792863128126,-0.5272727272727272,0.3257416702222099,10
micro1,fwd_mid_30s,1657037,36,0.05853144169881015,-0.040300678454417156,-0.6727779912981321,0.5240443515312084,-1.2838188014665894,-0.709090909090909,0.3257416702222099,10
micro1,fwd_micro_30s,1657037,36,0.0583706763242398,-0.04178098667329155,-0.6651182409052663,0.5205513848290859,-1.27771870422292,-0.7333333333333332,0.3257416702222099,10
micro1,fwd_mid_60s,1657037,36,0.11570917591816846,-0.08105803503156327,-1.1029029784359925,1.2574314560510982,-0.8771078321037118,-0.5393939393939393,0.3257416702222099,10
micro1,fwd_micro_60s,1657037,36,0.11572808037023706,-0.08254841127583429,-1.0834009433118406,1.2501473875680211,-0.8666185716065357,-0.5393939393939393,0.3257416702222099,10
delta1,fwd_mid_100ms,1657037,96,-0.003474964522322602,0.0011037022048179745,0.005159668991994821,0.0034864580111964084,1.4799171466930232,-0.13939393939393938,0.10326504477570507,10
delta1,fwd_micro_100ms,1657037,96,-0.002910334906719037,-0.0023092434050458817,-0.004454515297318013,0.00452414779951389,-0.984608703057102,-0.10303030303030303,0.10326504477570507,10
delta1,fwd_mid_300ms,1657037,96,0.0076220055084739976,0.002172479347157981,-0.006071246767722281,0.004493885736618949,-1.3510015882802766,-0.6484848484848483,0.10326504477570507,10
delta1,fwd_micro_300ms,1657037,96,0.01264614675655358,-0.007326247193418046,-0.01984501404111032,0.008204599023381458,-2.418767082285925,-0.5636363636363636,0.10326504477570507,10
delta1,fwd_mid_500ms,1657037,96,0.005009051128377656,0.006823203930809694,-0.0028198518228918154,0.006736409916791666,-0.4185986093071396,0.11515151515151514,0.10326504477570507,10
delta1,fwd_micro_500ms,1657037,96,0.0071361966544306234,-0.00696018392611107,-0.01263715495623813,0.011228713621411044,-1.1254321182563116,-0.43030303030303024,0.10326504477570507,10
delta1,fwd_mid_1s,1657037,96,0.011308799993307476,0.007252694870909563,-0.01127212603369897,0.010356767860434374,-1.0883826098643679,0.2727272727272727,0.10326504477570507,10
delta1,fwd_micro_1s,1657037,96,-0.0029366669669383242,-0.007942936156149074,-0.014294556594194064,0.015126732101182542,-0.944986431872921,-0.04242424242424241,0.10326504477570507,10
delta1,fwd_mid_3s,1657037,96,0.007112557256875182,-0.0016699035120101796,-0.018552802055450558,0.017119252778975736,-1.083739009814457,-0.17575757575757575,0.10326504477570507,10
delta1,fwd_micro_3s,1657037,96,0.01802867417592917,-0.013995240175743077,-0.02090275914655365,0.022283592410423537,-0.93803363306789,-0.49090909090909085,0.10326504477570507,10
delta1,fwd_mid_5s,1657037,96,-0.007549875631876932,-0.0038015933675036428,0.0035380875831108514,0.01801993378293842,0.19634298470401554,-0.05454545454545454,0.10326504477570507,10
delta1,fwd_micro_5s,1657037,96,0.00086607596967373,-0.0000835722771510903,-0.001365613278530432,0.02232053263110826,-0.06118193060622436,-0.309090909090909,0.10326504477570507,10
delta1,fwd_mid_10s,1657037,96,-0.006269553288828833,0.00276566222404959,0.0142921916390297,0.0290745210210663,0.49157100915520213,0.06666666666666665,0.10326504477570507,10
delta1,fwd_micro_10s,1657037,96,-0.0002000410108207795,-0.002609301229568593,0.008347108518342083,0.031960523903620065,0.26116932699581413,-0.29696969696969694,0.10326504477570507,10
delta1,fwd_mid_30s,1657037,96,-0.02788284115292768,0.06201357976616051,0.11894215035616122,0.07070273680638604,1.6822849542850804,0.32121212121212117,0.10326504477570507,10
delta1,fwd_micro_30s,1657037,96,-0.015173342516374831,0.0758798053412575,0.10219899648681112,0.07954975693485425,1.2847178976361302,0.07878787878787878,0.10326504477570507,10
delta1,fwd_mid_60s,1657037,96,-0.10040253938246971,0.1205927148731573,0.23234016049863518,0.11424158315591332,2.033761736140724,0.6363636363636362,0.10326504477570507,10
delta1,fwd_micro_60s,1657037,96,-0.0774896608412298,0.10976894707099472,0.1717237129961683,0.12148105561793338,1.4135843002241573,0.5515151515151515,0.10326504477570507,10
delta1_bp,fwd_mid_100ms,1657037,96,-0.0026394746045857484,0.0016992360387895664,0.004616346337871632,0.003295121829078933,1.4009637814095675,-0.24848484848484845,0.10342617575829628,10
delta1_bp,fwd_micro_100ms,1657037,96,-0.0005806209856752302,-0.0015091140092513217,-0.005943590467930929,0.004910083434315554,-1.2104866541355304,-0.3939393939393939,0.10342617575829628,10
delta1_bp,fwd_mid_300ms,1657037,96,0.009593524086511238,0.0023589173892084557,-0.0071338150275116925,0.004458280062415264,-1.600127162860864,-0.5393939393939393,0.10342617575829628,10
delta1_bp,fwd_micro_300ms,1657037,96,0.01629626251085233,-0.00705461713299073,-0.022678872782334093,0.00804221423884169,-2.819978691042742,-0.4545454545454545,0.10342617575829628,10
delta1_bp,fwd_mid_500ms,1657037,96,0.007287177284142728,0.005550953800060394,-0.005761853356957877,0.006397881473434782,-0.9005876993630135,0.1515151515151515,0.10342617575829628,10
delta1_bp,fwd_micro_500ms,1657037,96,0.011601115884653485,-0.00980490050182183,-0.021147478990247912,0.010620988463962276,-1.9911027172285067,-0.2727272727272727,0.10342617575829628,10
delta1_bp,fwd_mid_1s,1657037,96,0.012393511705124075,0.00815194429221429,-0.008358581085625406,0.010944899300345333,-0.7636964814616135,0.28484848484848485,0.10342617575829628,10
delta1_bp,fwd_micro_1s,1657037,96,0.00023230058067731202,-0.0071167928880213685,-0.01438852154030044,0.015371025236537803,-0.9360807961005817,-0.09090909090909088,0.10342617575829628,10
delta1_bp,fwd_mid_3s,1657037,96,0.006441754588329719,0.0007789072338361965,-0.014597994596922721,0.017832414516481546,-0.8186213136437904,-0.09090909090909088,0.10342617575829628,10
delta1_bp,fwd_micro_3s,1657037,96,0.018627188163553937,-0.011182881420323896,-0.01972085938929653,0.022062501256636474,-0.8938632641829053,-0.5393939393939393,0.10342617575829628,10
delta1_bp,fwd_mid_5s,1657037,96,-0.0077089825661908005,-0.0011503746745462476,0.003976981395014393,0.018133098059483654,0.2193216725552544,0.1515151515151515,0.10342617575829628,10
delta1_bp,fwd_micro_5s,1657037,96,-0.0009404857150152323,0.003127835237271789,0.0019435562361803359,0.020754031905729255,0.09364716432009568,-0.24848484848484845,0.10342617575829628,10
delta1_bp,fwd_mid_10s,1657037,96,-0.00855957069406315,0.008816359235304078,0.014781196355028127,0.029940462725681828,0.4936863030626898,0.06666666666666665,0.10342617575829628,10
delta1_bp,fwd_micro_10s,1657037,96,-0.0037624218967550597,0.003758631014490207,0.014862017615442721,0.03255689600830524,0.4564936906654563,-0.19999999999999998,0.10342617575829628,10
delta1_bp,fwd_mid_30s,1657037,96,-0.032775988466465324,0.07045900590957567,0.10828142585310964,0.07428207520824918,1.4577059882824162,0.309090909090909,0.10342617575829628,10
delta1_bp,fwd_micro_30s,1657037,96,-0.025884842814753846,0.08450793054338847,0.10077163520647132,0.08212358811456329,1.227072970385729,0.10303030303030303,0.10342617575829628,10
delta1_bp,fwd_mid_60s,1657037,96,-0.11639913336526306,0.11937653742176152,0.2291318639347534,0.1161618854412132,1.9725219082356549,0.6484848484848483,0.10342617575829628,10
delta1_bp,fwd_micro_60s,1657037,96,-0.10081075042494389,0.11445181914176364,0.18504830504700495,0.12303514275770522,1.5040280435275561,0.6,0.10342617575829628,10
obi_x_spread,fwd_mid_100ms,1657037,96,-0.0026394746045857484,0.0016992360387895664,0.004616346337871632,0.003295121829078933,1.4009637814095675,-0.24848484848484845,0.10342617575829628,10
obi_x_spread,fwd_micro_100ms,1657037,96,-0.0005806209856752302,-0.0015091140092513217,-0.005943590467930929,0.004910083434315554,-1.2104866541355304,-0.3939393939393939,0.10342617575829628,10
obi_x_spread,fwd_mid_300ms,1657037,96,0.009593524086511238,0.0023589173892084557,-0.0071338150275116925,0.004458280062415264,-1.600127162860864,-0.5393939393939393,0.10342617575829628,10
obi_x_spread,fwd_micro_300ms,1657037,96,0.01629626251085233,-0.00705461713299073,-0.022678872782334093,0.00804221423884169,-2.819978691042742,-0.4545454545454545,0.10342617575829628,10
obi_x_spread,fwd_mid_500ms,1657037,96,0.007287177284142728,0.005550953800060394,-0.005761853356957877,0.006397881473434782,-0.9005876993630135,0.1515151515151515,0.10342617575829628,10
obi_x_spread,fwd_micro_500ms,1657037,96,0.011601115884653485,-0.00980490050182183,-0.021147478990247912,0.010620988463962276,-1.9911027172285067,-0.2727272727272727,0.10342617575829628,10
obi_x_spread,fwd_mid_1s,1657037,96,0.012393511705124075,0.00815194429221429,-0.008358581085625406,0.010944899300345333,-0.7636964814616135,0.28484848484848485,0.10342617575829628,10
obi_x_spread,fwd_micro_1s,1657037,96,0.00023230058067731202,-0.0071167928880213685,-0.01438852154030044,0.015371025236537803,-0.9360807961005817,-0.09090909090909088,0.10342617575829628,10
obi_x_spread,fwd_mid_3s,1657037,96,0.006441754588329719,0.0007789072338361965,-0.014597994596922721,0.017832414516481546,-0.8186213136437904,-0.09090909090909088,0.10342617575829628,10
obi_x_spread,fwd_micro_3s,1657037,96,0.018627188163553937,-0.011182881420323896,-0.01972085938929653,0.022062501256636474,-0.8938632641829053,-0.5393939393939393,0.10342617575829628,10
obi_x_spread,fwd_mid_5s,1657037,96,-0.0077089825661908005,-0.0011503746745462476,0.003976981395014393,0.018133098059483654,0.2193216725552544,0.1515151515151515,0.10342617575829628,10
obi_x_spread,fwd_micro_5s,1657037,96,-0.0009404857150152323,0.003127835237271789,0.0019435562361803359,0.020754031905729255,0.09364716432009568,-0.24848484848484845,0.10342617575829628,10
obi_x_spread,fwd_mid_10s,1657037,96,-0.00855957069406315,0.008816359235304078,0.014781196355028127,0.029940462725681828,0.4936863030626898,0.06666666666666665,0.10342617575829628,10
obi_x_spread,fwd_micro_10s,1657037,96,-0.0037624218967550597,0.003758631014490207,0.014862017615442721,0.03255689600830524,0.4564936906654563,-0.19999999999999998,0.10342617575829628,10
obi_x_spread,fwd_mid_30s,1657037,96,-0.032775988466465324,0.07045900590957567,0.10828142585310964,0.07428207520824918,1.4577059882824162,0.309090909090909,0.10342617575829628,10
obi_x_spread,fwd_micro_30s,1657037,96,-0.025884842814753846,0.08450793054338847,0.10077163520647132,0.08212358811456329,1.227072970385729,0.10303030303030303,0.10342617575829628,10
obi_x_spread,fwd_mid_60s,1657037,96,-0.11639913336526306,0.11937653742176152,0.2291318639347534,0.1161618854412132,1.9725219082356549,0.6484848484848483,0.10342617575829628,10
obi_x_spread,fwd_micro_60s,1657037,96,-0.10081075042494389,0.11445181914176364,0.18504830504700495,0.12303514275770522,1.5040280435275561,0.6,0.10342617575829628,10
d_micro,fwd_mid_100ms,1657033,96,0.0019412700046696413,0.003210550942011182,0.0005450984124424509,0.002459563894759083,0.22162400968885743,0.12727272727272726,0.22339144724335605,10
d_micro,fwd_micro_100ms,1657033,96,0.0046115813742006045,0.0015260165478408853,-0.005428325310509226,0.005360357657896309,-1.0126796861237037,-0.05454545454545454,0.22339144724335605,10
d_micro,fwd_mid_300ms,1657033,96,0.00343001680309621,0.006925885502694654,0.0019006812446464756,0.005409570914622559,0.3513552691413588,0.18787878787878787,0.22339144724335605,10
d_micro,fwd_micro_300ms,1657033,96,0.0014762712003627857,0.007672537171593704,0.0025278620606120072,0.009718563887601511,0.26010654350247525,0.4545454545454545,0.22339144724335605,10
d_micro,fwd_mid_500ms,1657033,96,0.0023472053014510063,0.00594866695113708,-0.005753034007484851,0.010007076241566576,-0.5748965900337971,0.2606060606060606,0.22339144724335605,10
d_micro,fwd_micro_500ms,1657033,96,-0.006301153319135621,0.005325296731182444,-0.0002967485628875832,0.014771226220274415,-0.02008963632824725,0.3939393939393939,0.22339144724335605,10
d_micro,fwd_mid_1s,1657033,96,0.004087353959856534,0.005641103971842291,-0.008666965971696089,0.011768498258682009,-0.7364547099543634,0.1515151515151515,0.22339144724335605,10
d_micro,fwd_micro_1s,1657033,96,-0.0036770516574046964,-0.00034440958111247303,-0.012847011282898895,0.016493025315640425,-0.778936007011158,0.406060606060606,0.22339144724335605,10
d_micro,fwd_mid_3s,1657033,96,0.00848569273617459,0.007733335062113963,-0.021201646097892605,0.015467041471082093,-1.3707628661584828,-0.13939393939393938,0.22339144724335605,10
d_micro,fwd_micro_3s,1657033,96,0.006681114750430916,0.009163488281855228,-0.02212853557016999,0.016492667258552293,-1.3417196395989381,0.09090909090909088,0.22339144724335605,10
d_micro,fwd_mid_5s,1657033,96,0.001678646205337736,0.0038077820725318343,-0.010233235665636456,0.019119995558679225,-0.535211194700892,0.1515151515151515,0.22339144724335605,10
d_micro,fwd_micro_5s,1657033,96,-0.003746297358122668,0.005475706596327738,-0.0027719460334335957,0.020136592211558706,-0.13765715689680882,0.5151515151515151,0.22339144724335605,10
d_micro,fwd_mid_10s,1657033,96,-0.0076838509605611435,0.006932128065182186,0.004854601641279481,0.024357624210127028,0.1993052195649324,0.32121212121212117,0.22339144724335605,10
d_micro,fwd_micro_10s,1657033,96,-0.008329680631819283,0.004767346976505755,-0.0057075093659480075,0.030852060628283995,-0.1849960504976961,0.4666666666666666,0.22339144724335605,10
d_micro,fwd_mid_30s,1657033,96,0.013090795082998317,0.019384080756124935,-0.04050871771493158,0.055014951160145924,-0.7363219790382548,0.09090909090909088,0.22339144724335605,10
d_micro,fwd_micro_30s,1657033,96,0.0041878416862256495,0.025398191548901432,-0.013329079950206683,0.05900198549705864,-0.22590900692437144,0.29696969696969694,0.22339144724335605,10
d_micro,fwd_mid_60s,1657033,96,0.0047748591186278725,0.04709895182338811,0.012953919771218902,0.07351253323052445,0.17621375841582446,0.309090909090909,0.22339144724335605,10
d_micro,fwd_micro_60s,1657033,96,-0.008719961032074388,0.0541418756560338,0.025587899505132138,0.08053001905855482,0.3177436166571216,0.406060606060606,0.22339144724335605,10
micro_ret,fwd_mid_100ms,1657033,96,0.00179211597702304,0.003353479611376397,0.0009213340538512584,0.00249920295095296,0.3686511547611404,0.04242424242424241,0.22384466694386895,10
micro_ret,fwd_micro_100ms,1657033,96,0.004142995511061484,0.0015311957906177787,-0.004263591042611808,0.005416725934356119,-0.7871158877671032,-0.05454545454545454,0.22384466694386895,10
micro_ret,fwd_mid_300ms,1657033,96,0.0029568532152891426,0.0072629973747379475,0.002660859739628312,0.005237647977237229,0.5080256922940191,0.05454545454545454,0.22384466694386895,10
micro_ret,fwd_micro_300ms,1657033,96,0.0008136604591381481,0.008196740736885056,0.00554084261341381,0.009897204624416251,0.5598391488991383,0.4545454545454545,0.22384466694386895,10
micro_ret,fwd_mid_500ms,1657033,96,0.002151463050669451,0.0059186030755084,-0.00571220458692481,0.009776543831547019,-0.5842764769787693,0.11515151515151514,0.22384466694386895,10
micro_ret,fwd_micro_500ms,1657033,96,-0.007103419801086126,0.005571835601932195,0.001663593512054736,0.01458039362347726,0.1140979835671945,0.3939393939393939,0.22384466694386895,10
micro_ret,fwd_mid_1s,1657033,96,0.0035216100376791975,0.005740159306907319,-0.008695240959017676,0.011483327690829326,-0.757205680541692,0.10303030303030303,0.22384466694386895,10
micro_ret,fwd_micro_1s,1657033,96,-0.004689073024465479,0.0004292831401192048,-0.009537245513346983,0.016456147940253067,-0.5795551636977029,0.4787878787878787,0.22384466694386895,10
micro_ret,fwd_mid_3s,1657033,96,0.00876484583234825,0.008591538802119644,-0.019253507365189087,0.015250396695805251,-1.262492232119111,-0.13939393939393938,0.22384466694386895,10
micro_ret,fwd_micro_3s,1657033,96,0.005454516926910706,0.01055398181735681,-0.017516790357742115,0.016620686176215777,-1.053914993161273,0.23636363636363633,0.22384466694386895,10
micro_ret,fwd_mid_5s,1657033,96,0.00312348800986024,0.004891370174343845,-0.00788997416591817,0.01924197121398571,-0.4100398071577756,0.16363636363636364,0.22384466694386895,10
micro_ret,fwd_micro_5s,1657033,96,-0.0018510873032280717,0.006691517483889306,0.0003947258680351504,0.0204814466056896,0.019272362720975888,0.5636363636363636,0.22384466694386895,10
micro_ret,fwd_mid_10s,1657033,96,-0.007726100432222166,0.009370424553759289,0.007731668875023904,0.025162442218854414,0.307270208820609,0.41818181818181815,0.22384466694386895,10
micro_ret,fwd_micro_10s,1657033,96,-0.009452009899338068,0.008003017922887727,-0.00038820933601221044,0.030542993798620965,-0.012710258155169397,0.4424242424242424,0.22384466694386895,10
micro_ret,fwd_mid_30s,1657033,96,0.01818919430622713,0.020935020079108402,-0.052321683691831676,0.05542412890138313,-0.9440235639053223,0.22424242424242422,0.22384466694386895,10
micro_ret,fwd_micro_30s,1657033,96,0.008001254672579668,0.027921412437967332,-0.021915702404484427,0.059600017971027076,-0.3677130167165075,0.28484848484848485,0.22384466694386895,10
micro_ret,fwd_mid_60s,1657033,96,0.011338697887882682,0.05166041043846314,0.010192558484553712,0.07373295504755421,0.1382361316995908,0.309090909090909,0.22384466694386895,10
micro_ret,fwd_micro_60s,1657033,96,-0.0030159039331258504,0.059105758914726254,0.02566550593102253,0.08184564947921122,0.31358424173225685,0.4666666666666666,0.22384466694386895,10
micro_mom,fwd_mid_100ms,1691793,97,0.0005614146211317227,0.0035809350108606253,0.001040143781382534,0.0033587667260331117,0.30968026845109337,0.23636363636363633,0.13285727036345463,10
micro_mom,fwd_micro_100ms,1691793,97,0.004830570033295796,-0.0033444898766292735,-0.007688740592990327,0.004647233193873105,-1.6544770344486124,-0.3939393939393939,0.13285727036345463,10
micro_mom,fwd_mid_300ms,1691793,97,0.0038704675203930262,0.007335956187191313,0.004690441801380067,0.0064960373215167165,0.7220466215371015,0.23636363636363633,0.13285727036345463,10
micro_mom,fwd_micro_300ms,1691793,97,0.0004812651761728929,0.0009232175297243677,0.0029498524298303863,0.009755702710052341,0.30237211172813194,-0.1515151515151515,0.13285727036345463,10
micro_mom,fwd_mid_500ms,1691793,97,0.001467770429217204,0.004802367065752766,0.0034855087926288844,0.00831028277632327,0.4194212021953581,0.18787878787878787,0.13285727036345463,10
micro_mom,fwd_micro_500ms,1691793,97,-0.0040425791107761636,-0.012091625989377255,-0.006126338684458186,0.012879264503241061,-0.47567457620864106,-0.3696969696969697,0.13285727036345463,10
micro_mom,fwd_mid_1s,1691793,97,0.008268734731134764,0.004598102838116322,-0.007960567432109131,0.010183219439616434,-0.7817338592488368,-0.0303030303030303,0.13285727036345463,10
micro_mom,fwd_micro_1s,1691793,97,0.0029373764377827543,-0.009578057904106096,-0.019992387462419468,0.014436714618745303,-1.3848294428747951,-0.6848484848484848,0.13285727036345463,10
micro_mom,fwd_mid_3s,1691793,97,0.008325726342400721,0.0028236392207769234,-0.015303754179766918,0.0151323326706516,-1.0113281615495924,-0.06666666666666665,0.13285727036345463,10
micro_mom,fwd_micro_3s,1691793,97,0.004877881348234465,0.010221952782546654,-0.005955597568777453,0.017008613778569843,-0.35015184931068644,0.01818181818181818,0.13285727036345463,10
micro_mom,fwd_mid_5s,1691793,97,0.007072926024381429,-0.01787481263310857,-0.027180626083668218,0.019711333963471564,-1.3789338729706735,-0.0303030303030303,0.13285727036345463,10
micro_mom,fwd_micro_5s,1691793,97,-0.001736559595742116,-0.008421388012036325,-0.009265008332723524,0.021513228168318164,-0.43066564721178396,-0.05454545454545454,0.13285727036345463,10
micro_mom,fwd_mid_10s,1691793,97,0.00895467982493001,-0.00408713145403155,-0.015116128340923553,0.03695652902737084,-0.4090245685607598,-0.06666666666666665,0.13285727036345463,10
micro_mom,fwd_micro_10s,1691793,97,0.003982020698872982,-0.0042639511248199445,-0.013176301621510504,0.03520415595357834,-0.37428256024332246,-0.24848484848484845,0.13285727036345463,10
micro_mom,fwd_mid_30s,1691793,97,0.08211320214636637,0.009976313606630916,-0.06701009873663052,0.05492957528480617,-1.219927486953752,0.05454545454545454,0.13285727036345463,10
micro_mom,fwd_micro_30s,1691793,97,0.06074821848457535,0.02650506613023104,-0.027829251146659913,0.05235312607552324,-0.5315680883413565,0.13939393939393938,0.13285727036345463,10
micro_mom,fwd_mid_60s,1691793,97,0.08472307163783456,0.044982371900585454,0.0011938221269590316,0.07589027863188925,0.01573089661127407,0.33333333333333326,0.13285727036345463,10
micro_mom,fwd_micro_60s,1691793,97,0.07582368952832315,0.04792221093163507,0.001618693650476879,0.07348518514511151,0.02202748278146728,0.19999999999999998,0.13285727036345463,10
micro_persist,fwd_mid_100ms,1691793,2,0.010926490553737275,-0.004404212149389583,NaN,NaN,NaN,-0.8303030303030302,0.2662335167482074,10
micro_persist,fwd_micro_100ms,1691793,2,0.009477591618703075,-0.011225387034649575,NaN,NaN,NaN,-0.6242424242424242,0.2662335167482074,10
micro_persist,fwd_mid_300ms,1691793,2,0.014346935395897367,-0.0011877171912752771,NaN,NaN,NaN,-0.9515151515151514,0.2662335167482074,10
micro_persist,fwd_micro_300ms,1691793,2,-0.015436253451714201,-0.005411189436164474,NaN,NaN,NaN,-0.06666666666666665,0.2662335167482074,10
micro_persist,fwd_mid_500ms,1691793,2,-0.002005219998133445,-0.00003478551841079877,NaN,NaN,NaN,-0.16363636363636364,0.2662335167482074,10
micro_persist,fwd_micro_500ms,1691793,2,-0.0611771721447604,-0.007857175015816354,NaN,NaN,NaN,-0.12727272727272726,0.2662335167482074,10
micro_persist,fwd_mid_1s,1691793,2,0.026419752904906692,-0.00011954720116307169,NaN,NaN,NaN,-0.8545454545454544,0.2662335167482074,10
micro_persist,fwd_micro_1s,1691793,2,-0.007866941542725724,-0.005540526411088666,NaN,NaN,NaN,-0.16363636363636364,0.2662335167482074,10
micro_persist,fwd_mid_3s,1691793,2,0.07227183090949567,-0.0015827868098662868,NaN,NaN,NaN,-0.5030303030303029,0.2662335167482074,10
micro_persist,fwd_micro_3s,1691793,2,0.026344712354416523,0.002100636199791332,NaN,NaN,NaN,-0.33333333333333326,0.2662335167482074,10
micro_persist,fwd_mid_5s,1691793,2,-0.09062257659304393,0.00704949077730297,NaN,NaN,NaN,0.5636363636363636,0.2662335167482074,10
micro_persist,fwd_micro_5s,1691793,2,-0.04657178108679408,0.007622613168744434,NaN,NaN,NaN,0.5757575757575757,0.2662335167482074,10
micro_persist,fwd_mid_10s,1691793,2,-0.12665791820717592,0.020057086559509194,NaN,NaN,NaN,0.43030303030303024,0.2662335167482074,10
micro_persist,fwd_micro_10s,1691793,2,-0.128004129540546,0.02370249172332606,NaN,NaN,NaN,0.6363636363636362,0.2662335167482074,10
micro_persist,fwd_mid_30s,1691793,2,0.06342123895308982,0.051888860589007255,NaN,NaN,NaN,-0.23636363636363633,0.2662335167482074,10
micro_persist,fwd_micro_30s,1691793,2,0.08596782035896455,0.06788885479074187,NaN,NaN,NaN,-0.12727272727272726,0.2662335167482074,10
micro_persist,fwd_mid_60s,1691793,2,-0.14334981887343107,0.11601194303679921,NaN,NaN,NaN,0.8424242424242423,0.2662335167482074,10
micro_persist,fwd_micro_60s,1691793,2,-0.29895338373596547,0.12870538778252621,NaN,NaN,NaN,0.5515151515151515,0.2662335167482074,10
micro_minus_bid,fwd_mid_100ms,1657037,96,0.001062129973331051,0.00037402098036034377,0.003690439951059652,0.003686112015449373,1.0011741193952162,-0.28484848484848485,0.1134488849675656,10
micro_minus_bid,fwd_micro_100ms,1657037,96,-0.0009494961578818775,-0.0033666453564393664,0.003396283290793476,0.00845614001221171,0.401635177029806,-0.11515151515151514,0.1134488849675656,10
micro_minus_bid,fwd_mid_300ms,1657037,96,0.005893413911886101,0.001873472268556402,0.00020459047447415513,0.0048967936117127325,0.041780497749546015,-0.6242424242424242,0.1134488849675656,10
micro_minus_bid,fwd_micro_300ms,1657037,96,0.003960805543191972,-0.006701842831168916,0.013957233442315184,0.012258891714787891,1.1385395814760795,-0.34545454545454546,0.1134488849675656,10
micro_minus_bid,fwd_mid_500ms,1657037,96,0.006064998157507422,0.005102265067448682,0.0063922698071166495,0.00689748173666811,0.9267541475513196,0.18787878787878787,0.1134488849675656,10
micro_minus_bid,fwd_micro_500ms,1657037,96,-0.0010232936342193216,-0.012496124320695941,0.012896714657116523,0.01070515877461279,1.2047196056261205,-0.49090909090909085,0.1134488849675656,10
micro_minus_bid,fwd_mid_1s,1657037,96,0.00517197314649865,0.0057723048782158904,0.0012442176412452999,0.009977250679827219,0.12470546056950897,0.34545454545454546,0.1134488849675656,10
micro_minus_bid,fwd_micro_1s,1657037,96,-0.0014749621309131137,-0.014037302598029449,-0.0003912950658384387,0.01402364543455653,-0.027902521328314847,-0.35757575757575755,0.1134488849675656,10
micro_minus_bid,fwd_mid_3s,1657037,96,0.0037537657651626464,0.010091151862193948,0.010062361895941256,0.018287632646647588,0.5502276915971323,0.5757575757575757,0.1134488849675656,10
micro_minus_bid,fwd_micro_3s,1657037,96,-0.004103928989905526,-0.0005299339546220182,0.019674259605027028,0.02287839299064595,0.8599493685186296,0.309090909090909,0.1134488849675656,10
micro_minus_bid,fwd_mid_5s,1657037,96,-0.006141338180201422,-0.0067694450348341345,-0.0017202788492235506,0.017526619986342806,-0.09815234486535546,0.10303030303030303,0.1134488849675656,10
micro_minus_bid,fwd_micro_5s,1657037,96,-0.007562396133001542,-0.004211920940054283,0.0044474683873581755,0.018577632265379312,0.2393990969261641,0.10303030303030303,0.1134488849675656,10
micro_minus_bid,fwd_mid_10s,1657037,96,-0.009216859093783605,0.007064115458733192,0.019496392528310563,0.02889888452582148,0.6746416980520586,0.43030303030303024,0.1134488849675656,10
micro_minus_bid,fwd_micro_10s,1657037,96,-0.011928495189436653,0.0012417642144059167,0.026159796775462634,0.029880034644412235,0.8754941915823612,0.2727272727272727,0.1134488849675656,10
micro_minus_bid,fwd_mid_30s,1657037,96,-0.0277557695934948,0.03809433298450595,0.10839661802050114,0.07256680158283389,1.493749423374655,0.6,0.1134488849675656,10
micro_minus_bid,fwd_micro_30s,1657037,96,-0.03658847601478319,0.03662241123208725,0.13044759637420825,0.07661852616080152,1.702559458014555,0.5636363636363636,0.1134488849675656,10
micro_minus_bid,fwd_mid_60s,1657037,96,-0.092931986803492,0.13998188719557425,0.282486296026218,0.14526397406707778,1.9446411117444424,0.8424242424242423,0.1134488849675656,10
micro_minus_bid,fwd_micro_60s,1657037,96,-0.09661914095264833,0.12273310373218095,0.2734958224925757,0.14917945535898314,1.8333343678889267,0.8181818181818182,0.1134488849675656,10
micro_minus_ask,fwd_mid_100ms,1657037,96,-0.0024349090798906356,-0.0014447135179368354,-0.0026511867674175646,0.004187304822020932,-0.6331487388916707,-0.04242424242424241,0.10913817856813095,10
micro_minus_ask,fwd_micro_100ms,1657037,96,-0.0036608372003125982,0.0025292355238029566,-0.00796733854837692,0.008407636856518769,-0.9476311458670496,0.1515151515151515,0.10913817856813095,10
micro_minus_ask,fwd_mid_300ms,1657037,96,0.010130317134521864,-0.0002638629844138245,-0.012108906821124088,0.005373159857681138,-2.253591395352577,-0.5636363636363636,0.10913817856813095,10
micro_minus_ask,fwd_micro_300ms,1657037,96,0.007219545457552279,0.0018384158487027562,-0.021501172134591975,0.008860940249452286,-2.4265113553746183,-0.49090909090909085,0.10913817856813095,10
micro_minus_ask,fwd_mid_500ms,1657037,96,0.005744566098032079,0.00089825844113718,-0.003843654123817066,0.007400770775679348,-0.5193586236244753,-0.19999999999999998,0.10913817856813095,10
micro_minus_ask,fwd_micro_500ms,1657037,96,-0.0010234275630751875,-0.0033968825087952563,-0.013167293018148637,0.011327214702446069,-1.1624475534400536,0.13939393939393938,0.10913817856813095,10
micro_minus_ask,fwd_mid_1s,1657037,96,0.01797737989912878,0.00349523604326241,-0.005925226610437161,0.01097353584287328,-0.539956008280164,0.0303030303030303,0.10913817856813095,10
micro_minus_ask,fwd_micro_1s,1657037,96,-0.0013985035065659378,-0.0017896267291837872,-0.016572681349880714,0.018472041321471525,-0.8971764983341048,0.309090909090909,0.10913817856813095,10
micro_minus_ask,fwd_mid_3s,1657037,96,0.03207359102537335,0.00013681221619534463,-0.021788641030254786,0.01737747188803792,-1.2538441247747534,-0.5515151515151515,0.10913817856813095,10
micro_minus_ask,fwd_micro_3s,1657037,96,0.03076410290033878,0.001414546183459001,-0.034400920930283005,0.022889471088430563,-1.5029146281877557,-0.24848484848484845,0.10913817856813095,10
micro_minus_ask,fwd_mid_5s,1657037,96,0.017514496699340788,-0.008783122169373507,0.0033020218065355805,0.023108171020732125,0.14289412189190923,-0.5515151515151515,0.10913817856813095,10
micro_minus_ask,fwd_micro_5s,1657037,96,0.0175494234091766,-0.011842325254132636,0.0011672326786341402,0.022044785476819585,0.05294824392196978,-0.4666666666666666,0.10913817856813095,10
micro_minus_ask,fwd_mid_10s,1657037,96,0.040740545061833534,-0.021590693389869634,-0.031136682291601325,0.032535898927309126,-0.9569946833547186,-0.43030303030303024,0.10913817856813095,10
micro_minus_ask,fwd_micro_10s,1657037,96,0.039870536635641614,-0.021778630443634664,-0.02730251341839177,0.03590744602673402,-0.7603579880915046,-0.28484848484848485,0.10913817856813095,10
micro_minus_ask,fwd_mid_30s,1657037,96,0.044742792154754664,-0.008648219749619487,0.11039347708707743,0.09303732852589368,1.186550375383503,-0.10303030303030303,0.10913817856813095,10
micro_minus_ask,fwd_micro_30s,1657037,96,0.05846845932877317,0.000388694819686934,0.08700521021494138,0.08649277868074026,1.005924558581851,-0.10303030303030303,0.10913817856813095,10
micro_minus_ask,fwd_mid_60s,1657037,96,0.022077440629813403,0.010350097944852962,0.34076110511374685,0.15409290508184365,2.2114003557318735,0.2121212121212121,0.10913817856813095,10
micro_minus_ask,fwd_micro_60s,1657037,96,0.04125943230664751,0.03412943476215568,0.3515721106354399,0.18084160193845897,1.9440886768691705,0.0303030303030303,0.10913817856813095,10
ofi_0.1s,fwd_mid_100ms,1657036,96,-0.0030381947943316926,0.0012869022857956891,0.004613167465225112,0.003966171461597189,1.1631286014466393,0.39285714285714296,0.6278475543078123,7
ofi_0.1s,fwd_micro_100ms,1657036,96,-0.005747560313623315,0.004135468128332979,0.010789688901662842,0.00743570275493665,1.4510651188281352,0.42857142857142866,0.6278475543078123,7
ofi_0.1s,fwd_mid_300ms,1657036,96,0.0001494386859164661,0.0048500171050151345,0.0167408504775669,0.010110371258865769,1.6558096680066892,0.39285714285714296,0.6278475543078123,7
ofi_0.1s,fwd_micro_300ms,1657036,96,-0.0005510444661217565,0.007260068312903628,0.037862201366707156,0.025902440073381196,1.4617233457328402,0.10714285714285716,0.6278475543078123,7
ofi_0.1s,fwd_mid_500ms,1657036,96,-0.003137033076300735,0.0028078302809989627,0.020965311202476633,0.012257884403109378,1.7103531501046378,0.6785714285714287,0.6278475543078123,7
ofi_0.1s,fwd_micro_500ms,1657036,96,-0.010789769732555451,0.0025248873107881487,0.04573910822821537,0.02743585081510447,1.6671292075634945,0.3571428571428572,0.6278475543078123,7
ofi_0.1s,fwd_mid_1s,1657036,96,-0.0022724901547525604,0.00028367540266053837,-0.014601249910404191,0.024706291100491395,-0.5909931948512409,0.10714285714285716,0.6278475543078123,7
ofi_0.1s,fwd_micro_1s,1657036,96,-0.00612901958358285,0.002350209249077424,0.005292817319018858,0.042685823809122565,0.12399473283417592,0.25,0.6278475543078123,7
ofi_0.1s,fwd_mid_3s,1657036,96,-0.008906258691200217,0.0010828105838822711,0.02049643748096504,0.0320684639787385,0.6391462183706164,0.5357142857142858,0.6278475543078123,7
ofi_0.1s,fwd_micro_3s,1657036,96,-0.014245537068245061,0.0014926078683135224,0.013804122599323348,0.04504677575704608,0.3064397477363105,0.5714285714285715,0.6278475543078123,7
ofi_0.1s,fwd_mid_5s,1657036,96,-0.015318462710351557,0.00024654391928365376,0.050638596673464265,0.055199190644449024,0.9173793325999902,0.5,0.6278475543078123,7
ofi_0.1s,fwd_micro_5s,1657036,96,-0.014851590268726672,0.0002008538998068,0.07259528874585638,0.0871502767012964,0.8329897677166698,0.5,0.6278475543078123,7
ofi_0.1s,fwd_mid_10s,1657036,96,-0.01238762782080387,-0.000815284377170395,0.043644402715859405,0.04307061031324014,1.013322133084399,0.5,0.6278475543078123,7
ofi_0.1s,fwd_micro_10s,1657036,96,-0.006872349403718265,-0.001570760087673866,0.05791084599752144,0.07178259340206708,0.80675332629949,0.5,0.6278475543078123,7
ofi_0.1s,fwd_mid_30s,1657036,96,-0.040989930245045145,-0.0034411804026207252,0.000011073980564787108,0.0513444071603715,0.00021568036670864898,0.5357142857142858,0.6278475543078123,7
ofi_0.1s,fwd_micro_30s,1657036,96,-0.03475557293757521,-0.004301631067921292,0.00040645956760595087,0.057955700111406924,0.007013280261037705,0.5357142857142858,0.6278475543078123,7
ofi_0.1s,fwd_mid_60s,1657036,96,-0.0706429618496554,-0.0009660769089510926,0.10924681284763745,0.14287175637647656,0.7646494703947283,0.5,0.6278475543078123,7
ofi_0.1s,fwd_micro_60s,1657036,96,-0.07676339409210585,-0.0011237390213766432,0.13634979749901985,0.14407318306942823,0.946392622097573,0.5,0.6278475543078123,7
ofi_0.25s,fwd_mid_100ms,1657036,96,0.0010721873493458984,0.0011428586579653173,-0.004520998972806449,0.0031744455186581,-1.4241854037922073,-0.0303030303030303,0.3961060592527863,10
ofi_0.25s,fwd_micro_100ms,1657036,96,0.001171957105583517,0.005533059621022594,-0.009316083019767956,0.011795785063766962,-0.789780669061537,0.1515151515151515,0.3961060592527863,10
ofi_0.25s,fwd_mid_300ms,1657036,96,0.004991444150768597,0.004997283800195455,0.006321002110204386,0.006927359850774478,0.9124691435652356,0.2727272727272727,0.3961060592527863,10
ofi_0.25s,fwd_micro_300ms,1657036,96,0.007273382349142131,0.009015975801560078,0.006445241797986018,0.015274413761465055,0.42196328439434777,0.2121212121212121,0.3961060592527863,10
ofi_0.25s,fwd_mid_500ms,1657036,96,0.002302287756581094,0.0027292688933935774,0.008210190191799326,0.008082718899577969,1.0157708431785266,-0.0303030303030303,0.3961060592527863,10
ofi_0.25s,fwd_micro_500ms,1657036,96,0.0036331917648155395,0.0034182885916579308,-0.002745853383186002,0.01779051533504953,-0.1543436674808587,0.05454545454545454,0.3961060592527863,10
ofi_0.25s,fwd_mid_1s,1657036,96,0.00491576841312325,0.0005313563687111941,-0.01819688096066145,0.01616520374502347,-1.125682128582106,-0.33333333333333326,0.3961060592527863,10
ofi_0.25s,fwd_micro_1s,1657036,96,0.002880875004662971,0.0004983335235344403,-0.026646386061778507,0.026676708735470473,-0.9988633277818246,-0.11515151515151514,0.3961060592527863,10
ofi_0.25s,fwd_mid_3s,1657036,96,-0.0024817178771736562,0.003348710717498561,-0.014408360467763864,0.0389756802394116,-0.3696756638821753,0.23636363636363633,0.3961060592527863,10
ofi_0.25s,fwd_micro_3s,1657036,96,0.00010188658385330204,0.007860213003655716,-0.0404994907876226,0.041236496948088716,-0.982127333430046,0.19999999999999998,0.3961060592527863,10
ofi_0.25s,fwd_mid_5s,1657036,96,-0.009523678882813899,0.0029172253281762994,0.025180083993366947,0.034140880908804974,0.7375346892959922,0.29696969696969694,0.3961060592527863,10
ofi_0.25s,fwd_micro_5s,1657036,96,-0.00738445632930095,0.00320206795836968,0.034705012326655786,0.04319603123367146,0.8034305776592527,0.17575757575757575,0.3961060592527863,10
ofi_0.25s,fwd_mid_10s,1657036,96,-0.013817498928747,0.004341308714552121,0.032971693958402624,0.02900682110930522,1.1366876030350495,0.18787878787878787,0.3961060592527863,10
ofi_0.25s,fwd_micro_10s,1657036,96,0.0026120369889339784,0.004106318339456976,0.012544401222057189,0.0298115177959077,0.4207904242896076,-0.09090909090909088,0.3961060592527863,10
ofi_0.25s,fwd_mid_30s,1657036,96,0.005947114436446807,0.01374432688950304,-0.1386545693829189,0.08553425711712286,-1.6210413705126112,0.11515151515151514,0.3961060592527863,10
ofi_0.25s,fwd_micro_30s,1657036,96,0.01710701424721476,0.015276763805685588,-0.11354182716824834,0.06029456030920345,-1.8831189179584604,0.10303030303030303,0.3961060592527863,10
ofi_0.25s,fwd_mid_60s,1657036,96,-0.054166979076188164,0.04355469135251708,0.036363862618188546,0.1234337109852104,0.2946023604730283,0.406060606060606,0.3961060592527863,10
ofi_0.25s,fwd_micro_60s,1657036,96,-0.044246282723666576,0.04296877942175272,0.02475512001219329,0.14347613298959036,0.17253824379271046,0.406060606060606,0.3961060592527863,10
ofi_0.5s,fwd_mid_100ms,1657035,96,0.00017447698341757542,0.0018665148682013705,0.0006841656130007647,0.0028724539697943777,0.23818157582164498,-0.07878787878787878,0.33023261427791206,10
ofi_0.5s,fwd_micro_100ms,1657035,96,0.003006581844684144,0.007115118112978903,-0.005535247515375738,0.008656908026819498,-0.6394023707110307,0.12727272727272726,0.33023261427791206,10
ofi_0.5s,fwd_mid_300ms,1657035,96,0.003193867730943807,0.005280152039131517,0.002540247050514895,0.004537028109352339,0.5598922883635198,0.17575757575757575,0.33023261427791206,10
ofi_0.5s,fwd_micro_300ms,1657035,96,0.004431691125137056,0.010607070498722929,0.0005958874207314691,0.010366775374087183,0.05748049892360461,0.13939393939393938,0.33023261427791206,10
ofi_0.5s,fwd_mid_500ms,1657035,96,-0.001356272377885961,0.0047372337323013875,0.004525882367843802,0.004812132416507129,0.9405149268791109,0.24848484848484845,0.33023261427791206,10
ofi_0.5s,fwd_micro_500ms,1657035,96,-0.006830068559864312,0.007273297329740168,0.005642861348929011,0.013033624407536288,0.4329464447100533,0.32121212121212117,0.33023261427791206,10
ofi_0.5s,fwd_mid_1s,1657035,96,-0.0014898987007841123,0.004637854916510558,-0.011734278044899127,0.011233368213598433,-1.0445912411821703,-0.04242424242424241,0.33023261427791206,10
ofi_0.5s,fwd_micro_1s,1657035,96,-0.008171795365458197,0.008260576209288703,-0.010419726373143126,0.024929687129294265,-0.41796458652299573,0.28484848484848485,0.33023261427791206,10
ofi_0.5s,fwd_mid_3s,1657035,96,-0.012154225795388968,0.01017216989735973,-0.01398901626344833,0.032243773925981635,-0.43385170407041446,0.4424242424242424,0.33023261427791206,10
ofi_0.5s,fwd_micro_3s,1657035,96,-0.01881101695431959,0.016873841153852605,-0.02032602796570244,0.04616939178897556,-0.44024898700432824,0.2727272727272727,0.33023261427791206,10
ofi_0.5s,fwd_mid_5s,1657035,96,-0.02021827517008355,0.005665935694354894,-0.00054136262817261,0.03459914893836959,-0.015646703597736546,0.2727272727272727,0.33023261427791206,10
ofi_0.5s,fwd_micro_5s,1657035,96,-0.02800347530791695,0.007314731406947209,-0.0023241213429967176,0.04704209730654597,-0.04940513871759951,0.28484848484848485,0.33023261427791206,10
ofi_0.5s,fwd_mid_10s,1657035,96,-0.03256774808415463,0.010341497449739213,0.03769196121156973,0.03571805309097618,1.0552635978104932,0.18787878787878787,0.33023261427791206,10
ofi_0.5s,fwd_micro_10s,1657035,96,-0.03148322219952328,0.012723678441267648,0.04232491162286764,0.03344782738691002,1.265400922256365,0.19999999999999998,0.33023261427791206,10
ofi_0.5s,fwd_mid_30s,1657035,96,-0.0285035172661498,0.03887006939294485,-0.023368939871989375,0.07352983681753653,-0.3178157450556995,0.2121212121212121,0.33023261427791206,10
ofi_0.5s,fwd_micro_30s,1657035,96,-0.03016371325326942,0.04342700384233674,0.0094395812613743,0.056652644992373095,0.16662207497364176,0.309090909090909,0.33023261427791206,10
ofi_0.5s,fwd_mid_60s,1657035,96,-0.07147926145394783,0.08317544481778351,0.06924430847429162,0.08755888861152139,0.7908312859190421,0.5636363636363636,0.33023261427791206,10
ofi_0.5s,fwd_micro_60s,1657035,96,-0.073104646015312,0.0849050238407961,0.10663151744391107,0.09593805722843712,1.1114621300910008,0.5636363636363636,0.33023261427791206,10
ofi_1s,fwd_mid_100ms,1657033,96,0.00011972426294754993,0.004328148551828064,0.000594991152420143,0.0024685334039390226,0.24103022121180112,0.05454545454545454,0.23702726499713644,10
ofi_1s,fwd_micro_100ms,1657033,96,0.0038140376745546003,0.002867447359790631,-0.008450022495044816,0.006611551444689323,-1.2780695371934572,0.04242424242424241,0.23702726499713644,10
ofi_1s,fwd_mid_300ms,1657033,96,0.0027494185703119357,0.008268572980100919,0.0006218486576420983,0.005368846596317223,0.11582537263565275,0.11515151515151514,0.23702726499713644,10
ofi_1s,fwd_micro_300ms,1657033,96,-0.00038958131884090177,0.008324537667941199,0.0014285507837495878,0.013279521586077678,0.10757547058376622,0.49090909090909085,0.23702726499713644,10
ofi_1s,fwd_mid_500ms,1657033,96,0.0013744909213544028,0.0072373001184823154,0.001981097940020097,0.007012724504017757,0.2825004659579995,0.19999999999999998,0.23702726499713644,10
ofi_1s,fwd_micro_500ms,1657033,96,-0.008039533910583147,0.00790012213852961,0.004400040962228875,0.015103449728282576,0.2913268850088864,0.43030303030303024,0.23702726499713644,10
ofi_1s,fwd_mid_1s,1657033,96,0.0056547130928922,0.006743022050665697,-0.011153773537430705,0.007582697366544047,-1.470950639101431,-0.18787878787878787,0.23702726499713644,10
ofi_1s,fwd_micro_1s,1657033,96,-0.00170482441278211,0.004705592771397657,-0.02184047816784243,0.024742692449633074,-0.8827041847730003,0.309090909090909,0.23702726499713644,10
ofi_1s,fwd_mid_3s,1657033,96,-0.00199888670598199,0.009638708376657949,-0.02016801039036249,0.023689369038430278,-0.8513527885713108,-0.11515151515151514,0.23702726499713644,10
ofi_1s,fwd_micro_3s,1657033,96,-0.007299591731599465,0.01233999034491047,-0.03034486286740722,0.042022281139493876,-0.7221136512479365,0.12727272727272726,0.23702726499713644,10
ofi_1s,fwd_mid_5s,1657033,96,-0.008722246224763884,0.0013029389518200176,-0.013689294254507345,0.021049488204664724,-0.6503385793234486,0.28484848484848485,0.23702726499713644,10
ofi_1s,fwd_micro_5s,1657033,96,-0.006207589860316373,0.0023687619731653834,-0.022948527408631292,0.03728471944502139,-0.615494168930795,0.4666666666666666,0.23702726499713644,10
ofi_1s,fwd_mid_10s,1657033,96,-0.013978431771880606,0.0003393874166296346,-0.05910301442162963,0.044151024834121894,-1.3386555497563937,0.2727272727272727,0.23702726499713644,10
ofi_1s,fwd_micro_10s,1657033,96,-0.015149333242307102,0.003352938740213286,-0.05880414784070679,0.05010090775881099,-1.1737142193868773,0.22424242424242422,0.23702726499713644,10
ofi_1s,fwd_mid_30s,1657033,96,-0.00358045309902044,0.019306824855288444,-0.085828083669771,0.057901728945493426,-1.4823060594713229,0.41818181818181815,0.23702726499713644,10
ofi_1s,fwd_micro_30s,1657033,96,-0.01498104720037361,0.02326521642467856,-0.06889027162967282,0.06082098097415421,-1.1326728133330772,0.34545454545454546,0.23702726499713644,10
ofi_1s,fwd_mid_60s,1657033,96,-0.024668803435820896,0.045040450206417434,-0.0543808515586792,0.08636907704938998,-0.6296333527748782,0.6363636363636362,0.23702726499713644,10
ofi_1s,fwd_micro_60s,1657033,96,-0.01951423543720762,0.049227161832232094,-0.023772715906559345,0.08312655119031055,-0.28598222308217636,0.6363636363636362,0.23702726499713644,10
ofi_2s,fwd_mid_100ms,1657030,96,0.0020469914402205243,0.006917990704003791,-0.001998253714806349,0.004543756697736261,-0.4397800867731092,-0.07878787878787878,0.1958093697760451,10
ofi_2s,fwd_micro_100ms,1657030,96,0.007505375556405733,0.005266292399328534,-0.011779848382930074,0.006245472542603004,-1.8861420497127728,-0.12727272727272726,0.1958093697760451,10
ofi_2s,fwd_mid_300ms,1657030,96,0.007524601530914066,0.010756894801089541,-0.009551294881955401,0.006461722412067893,-1.4781345085510686,0.06666666666666665,0.1958093697760451,10
ofi_2s,fwd_micro_300ms,1657030,96,0.010554438643281044,0.007321128546944603,-0.012781987557014297,0.01032723714864401,-1.2376967211111833,0.01818181818181818,0.1958093697760451,10
ofi_2s,fwd_mid_500ms,1657030,96,0.006974849403475082,0.007793337978500649,-0.014006273332954082,0.01081641769119139,-1.2949086964680023,-0.23636363636363633,0.1958093697760451,10
ofi_2s,fwd_micro_500ms,1657030,96,0.007610987805064076,0.0036546699462132225,-0.01857164993890824,0.016737171506711928,-1.1096050447628292,-0.12727272727272726,0.1958093697760451,10
ofi_2s,fwd_mid_1s,1657030,96,0.0075628460932014585,0.009310071824690453,-0.020766504880373887,0.012388465987096036,-1.67627734555711,-0.05454545454545454,0.1958093697760451,10
ofi_2s,fwd_micro_1s,1657030,96,0.0028791799646025068,0.00517877401170777,-0.015607079230556412,0.01639125553891575,-0.9521588626022233,0.2606060606060606,0.1958093697760451,10
ofi_2s,fwd_mid_3s,1657030,96,-0.007875623353207703,0.015710651918739566,-0.026750356666163294,0.024726430007339054,-1.0818527647631915,-0.28484848484848485,0.1958093697760451,10
ofi_2s,fwd_micro_3s,1657030,96,-0.013145567169611877,0.021608538033314726,-0.009071380540205143,0.032495838363254946,-0.2791551471545573,0.13939393939393938,0.1958093697760451,10
ofi_2s,fwd_mid_5s,1657030,96,-0.014128208273226197,0.007850223669913623,-0.013690122632457615,0.022931386315139773,-0.5970037068111802,-0.04242424242424241,0.1958093697760451,10
ofi_2s,fwd_micro_5s,1657030,96,-0.03077558726698308,0.014398442858584324,0.024655429613601936,0.031176341118610344,0.790837818966645,0.22424242424242422,0.1958093697760451,10
ofi_2s,fwd_mid_10s,1657030,96,-0.022190131089629667,0.012122170621233557,-0.02880242457852585,0.026949127581565528,-1.0687702038350237,0.05454545454545454,0.1958093697760451,10
ofi_2s,fwd_micro_10s,1657030,96,-0.030537536298814734,0.013478669994598142,-0.016172872333794483,0.03145698995930438,-0.5141265058963741,0.2121212121212121,0.1958093697760451,10
ofi_2s,fwd_mid_30s,1657030,96,-0.010553451462675065,0.032526917195466847,-0.007454888592166908,0.07042040018104886,-0.10586262749147406,0.22424242424242422,0.1958093697760451,10
ofi_2s,fwd_micro_30s,1657030,96,-0.022965240665046592,0.03855380532512269,0.01775168110903717,0.08153262108310941,0.21772489186803137,0.22424242424242422,0.1958093697760451,10
ofi_2s,fwd_mid_60s,1657030,96,-0.07750032335610263,0.08870601261546275,0.10671478615801917,0.09074656568380766,1.1759650115008242,0.49090909090909085,0.1958093697760451,10
ofi_2s,fwd_micro_60s,1657030,96,-0.07713772730711665,0.09395118502927602,0.1293162343153104,0.09675668720795562,1.3365095276296068,0.41818181818181815,0.1958093697760451,10
ofi_5s,fwd_mid_100ms,1656948,96,0.0006835715111620438,0.005729124840028848,-0.00044778310787627583,0.004457710223773411,-0.10045137198201086,0.18787878787878787,0.15735557181034046,10
ofi_5s,fwd_micro_100ms,1656948,96,-0.0001339760085491432,0.009171754652794515,0.008103924557082682,0.00841479476089467,0.963056709920405,0.07878787878787878,0.15735557181034046,10
ofi_5s,fwd_mid_300ms,1656948,96,0.00474499602245191,0.005281738267586908,-0.004561300704838594,0.0065569383799152555,-0.6956448940881378,0.09090909090909088,0.15735557181034046,10
ofi_5s,fwd_micro_300ms,1656948,96,0.005128880883544928,0.010184918798300937,0.0008890806143282796,0.009858292793352808,0.09018606293858139,0.38181818181818183,0.15735557181034046,10
ofi_5s,fwd_mid_500ms,1656948,96,0.004413042932632019,0.00043261267327402504,0.00726856117119289,0.023411314036399126,0.31047215717545695,-0.32121212121212117,0.15735557181034046,10
ofi_5s,fwd_micro_500ms,1656948,96,-0.001858160385848496,0.005009654145648718,0.008291053950378964,0.016198519477824736,0.5118402309377198,0.28484848484848485,0.15735557181034046,10
ofi_5s,fwd_mid_1s,1656948,96,0.0043780880554627356,0.0025541174965472706,0.008250397561224662,0.0230992211091381,0.357172110792982,-0.49090909090909085,0.15735557181034046,10
ofi_5s,fwd_micro_1s,1656948,96,-0.004563743686070437,0.011401158859692945,0.026570292353561873,0.0268485378378998,0.9896364753262223,0.49090909090909085,0.15735557181034046,10
ofi_5s,fwd_mid_3s,1656948,96,-0.0027136484758632697,0.019982342242344225,0.009299914406231374,0.020589744846671615,0.45167701083652473,0.22424242424242422,0.15735557181034046,10
ofi_5s,fwd_micro_3s,1656948,96,-0.00460548703772901,0.027619351817756557,-0.002708574376571772,0.023530522596966127,-0.11510897666679949,0.7333333333333332,0.15735557181034046,10
ofi_5s,fwd_mid_5s,1656948,96,-0.006193196449775389,0.0014686436455766576,-0.006928296952609683,0.018500198336617295,-0.3744985230183484,0.19999999999999998,0.15735557181034046,10
ofi_5s,fwd_micro_5s,1656948,96,-0.024219261870712373,0.007846387712194485,0.02248104493702784,0.02370467644570239,0.9483801640795485,0.8909090909090909,0.15735557181034046,10
ofi_5s,fwd_mid_10s,1656948,96,-0.0200168023172533,-0.0017793848674054786,-0.040196587387200215,0.03264308361824919,-1.2313967594877655,0.11515151515151514,0.15735557181034046,10
ofi_5s,fwd_micro_10s,1656948,96,-0.025873187149262115,-0.0005499857899921211,-0.037511289705195384,0.046929442012878415,-0.7993125018384303,0.06666666666666665,0.15735557181034046,10
ofi_5s,fwd_mid_30s,1656948,96,-0.01959871347976024,-0.0022632497987651,0.22577591818406062,0.23413252704008267,0.9643082105606308,0.23636363636363633,0.15735557181034046,10
ofi_5s,fwd_micro_30s,1656948,96,-0.018867740316712598,0.013602005247760073,0.29623748099829944,0.2932558539653438,1.0101673231502073,0.49090909090909085,0.15735557181034046,10
ofi_5s,fwd_mid_60s,1656948,96,-0.0776458090701422,0.020753684352944037,0.5403073838223643,0.3998047957741791,1.3514279706828354,0.6,0.15735557181034046,10
ofi_5s,fwd_micro_60s,1656948,96,-0.0714266583108973,0.035167474724246285,0.5685248794794883,0.40498363541182053,1.403821857891531,0.6484848484848483,0.15735557181034046,10
ofi_10s,fwd_mid_100ms,1656856,96,0.0013343162490321919,0.0037372102813851694,0.003237124060825455,0.008043812707381774,0.4024365283710248,0.12727272727272726,0.13249914295509085,10
ofi_10s,fwd_micro_100ms,1656856,96,0.004613521636090036,0.004980742655697034,0.013971942568237321,0.019241280798822653,0.7261441020647775,0.11515151515151514,0.13249914295509085,10
ofi_10s,fwd_mid_300ms,1656856,96,0.004459355457844368,0.005001104148961064,0.002396389317965625,0.009370908029472194,0.25572647927274544,0.33333333333333326,0.13249914295509085,10
ofi_10s,fwd_micro_300ms,1656856,96,0.008107378492332935,0.00587030074629482,0.004528026941378931,0.0164872532490628,0.274638041460079,0.28484848484848485,0.13249914295509085,10
ofi_10s,fwd_mid_500ms,1656856,96,0.0027514559651063714,0.0014471567418044993,-0.002656379729424948,0.010725104570957952,-0.2476786787345686,0.09090909090909088,0.13249914295509085,10
ofi_10s,fwd_micro_500ms,1656856,96,0.0034161490537847634,0.001213350836805051,0.001513643458481812,0.01812957715557101,0.08349027919918624,0.2606060606060606,0.13249914295509085,10
ofi_10s,fwd_mid_1s,1656856,96,0.001936277631560123,0.008874054420705175,-0.020344909559833937,0.02547676832466483,-0.7985671220371154,0.38181818181818183,0.13249914295509085,10
ofi_10s,fwd_micro_1s,1656856,96,0.0024497522968196773,0.008524261030818001,-0.018591878562768806,0.021067846220323955,-0.8824764699883463,0.6,0.13249914295509085,10
ofi_10s,fwd_mid_3s,1656856,96,0.0019453783790442417,0.02148232543181505,-0.01460159887688832,0.029949403409504582,-0.4875422283788943,0.2727272727272727,0.13249914295509085,10
ofi_10s,fwd_micro_3s,1656856,96,0.012473207912571246,0.022774900189088114,-0.026480194845054816,0.02835869396860539,-0.9337593217222847,0.2606060606060606,0.13249914295509085,10
ofi_10s,fwd_mid_5s,1656856,96,0.0002491650438819628,-0.004476042494842004,-0.04074250708868037,0.03927144376282623,-1.0374588552113948,0.16363636363636364,0.13249914295509085,10
ofi_10s,fwd_micro_5s,1656856,96,0.0004173383852740689,-0.007876030696471015,-0.026223175356292497,0.02749716952390317,-0.9536681705910423,0.1515151515151515,0.13249914295509085,10
ofi_10s,fwd_mid_10s,1656856,96,-0.006857918112114961,-0.009721732665845369,0.0346951559939644,0.0693663729650517,0.5001725549560532,-0.12727272727272726,0.13249914295509085,10
ofi_10s,fwd_micro_10s,1656856,96,-0.0034517145476587545,-0.008127916101690752,0.06921859107669086,0.09617001089951048,0.7197523472157908,-0.04242424242424241,0.13249914295509085,10
ofi_10s,fwd_mid_30s,1656856,96,-0.02813664564641682,-0.01649514556911283,0.41664530289047463,0.3772197312240145,1.104516196802672,0.32121212121212117,0.13249914295509085,10
ofi_10s,fwd_micro_30s,1656856,96,-0.0182614377999015,-0.015694283463122818,0.403152719562574,0.5209198111299741,0.7739247211352148,0.406060606060606,0.13249914295509085,10
ofi_10s,fwd_mid_60s,1656856,96,-0.09962091925105278,-0.030787855662777894,0.956170920907697,0.7938640625552512,1.204451701504185,0.6484848484848483,0.13249914295509085,10
ofi_10s,fwd_micro_60s,1656856,96,-0.08307645421152338,-0.04028144429195711,0.8858316367912584,0.8780590992842228,1.0088519525774196,0.6242424242424242,0.13249914295509085,10
ofi_dollar,fwd_mid_100ms,1657033,96,0.00006044104588230353,0.004253627693616784,0.0003940564887611484,0.0025287843867218144,0.15582842524268464,0.05454545454545454,0.2363634278858659,10
ofi_dollar,fwd_micro_100ms,1657033,96,0.003628648404527159,0.0027637869094692628,-0.008245714614483297,0.006690417343293348,-1.2324664055148995,0.04242424242424241,0.2363634278858659,10
ofi_dollar,fwd_mid_300ms,1657033,96,0.0022620985932637135,0.00791290469338846,0.000256872344562407,0.00541168311724862,0.04746625753893083,0.19999999999999998,0.2363634278858659,10
ofi_dollar,fwd_micro_300ms,1657033,96,-0.0019743946375607186,0.007585471529807889,0.0021270919723850937,0.013174348382426225,0.16145709151144844,0.3939393939393939,0.2363634278858659,10
ofi_dollar,fwd_mid_500ms,1657033,96,0.0011524647622136249,0.006273299578682139,0.00012912205004287323,0.006908837402527494,0.018689403516087364,0.2727272727272727,0.2363634278858659,10
ofi_dollar,fwd_micro_500ms,1657033,96,-0.008626591136424932,0.005970416406203259,0.002854344141580321,0.015048107833528205,0.18968126578815767,0.4545454545454545,0.2363634278858659,10
ofi_dollar,fwd_mid_1s,1657033,96,0.0051756787800664415,0.004341700949809225,-0.014746773335422856,0.007479529656387396,-1.971617737063099,-0.22424242424242422,0.2363634278858659,10
ofi_dollar,fwd_micro_1s,1657033,96,-0.0017855410125713934,0.0015041017738714995,-0.025101256787555152,0.024703376443751035,-1.0161063142404878,0.6,0.2363634278858659,10
ofi_dollar,fwd_mid_3s,1657033,96,-0.0016657868199863256,0.008529401334449125,-0.021836434770751173,0.02362157553247633,-0.924427531970895,-0.11515151515151514,0.2363634278858659,10
ofi_dollar,fwd_micro_3s,1657033,96,-0.0067019917774299225,0.011751613388258883,-0.030783983518483812,0.04222547365712988,-0.7290382049577284,0.05454545454545454,0.2363634278858659,10
ofi_dollar,fwd_mid_5s,1657033,96,-0.00974720296079453,-0.000720784688757533,-0.01621783732660501,0.021238353410881487,-0.7636108606374253,0.24848484848484845,0.2363634278858659,10
ofi_dollar,fwd_micro_5s,1657033,96,-0.008347182952876672,0.00020301154021755478,-0.024608286395476752,0.03760094294835198,-0.6544592892066106,0.41818181818181815,0.2363634278858659,10
ofi_dollar,fwd_mid_10s,1657033,96,-0.012530528065431727,-0.0004918783615651766,-0.06112616030919928,0.044659768303851474,-1.3687075108253022,0.18787878787878787,0.2363634278858659,10
ofi_dollar,fwd_micro_10s,1657033,96,-0.013848753545272013,0.002080210983960853,-0.06187340390406857,0.05029073314431297,-1.23031421567306,0.22424242424242422,0.2363634278858659,10
ofi_dollar,fwd_mid_30s,1657033,96,0.0011880543513398734,0.013607315439138564,-0.10664002578463906,0.059458409154077116,-1.793523023939275,0.406060606060606,0.2363634278858659,10
ofi_dollar,fwd_micro_30s,1657033,96,-0.010638873334834308,0.017101178240210714,-0.08846969077840094,0.062479008173644345,-1.4159906401286362,0.41818181818181815,0.2363634278858659,10
ofi_dollar,fwd_mid_60s,1657033,96,-0.023940603812062828,0.038863717636220554,-0.07504138323227247,0.08626245720621266,-0.8699193793295742,0.49090909090909085,0.2363634278858659,10
ofi_dollar,fwd_micro_60s,1657033,96,-0.019122406922525537,0.04338581242865534,-0.04103844255491169,0.08298425961232585,-0.4945328517315126,0.49090909090909085,0.2363634278858659,10
ofi_norm,fwd_mid_100ms,1657033,96,0.0009895162445489518,0.0038462533540724987,0.0008564949372937642,0.0024912639433113996,0.34379935518004856,0.09090909090909088,0.2336495410773352,10
ofi_norm,fwd_micro_100ms,1657033,96,0.0025920571908575048,0.0023157768265706985,-0.006249324513657573,0.006870780874140372,-0.9095508397274347,-0.0303030303030303,0.2336495410773352,10
ofi_norm,fwd_mid_300ms,1657033,96,0.0007213972487101059,0.007559586324960891,0.004173860110242131,0.0045159923828495966,0.9242398472799063,0.35757575757575755,0.2336495410773352,10
ofi_norm,fwd_micro_300ms,1657033,96,-0.0033929083311504318,0.007582457232000067,0.007974281150282944,0.011169784077479577,0.7139154253089477,0.5030303030303029,0.2336495410773352,10
ofi_norm,fwd_mid_500ms,1657033,96,0.0016328586295111917,0.006418135697272487,0.0027404546292828166,0.005268224452651985,0.5201856249506022,0.406060606060606,0.2336495410773352,10
ofi_norm,fwd_micro_500ms,1657033,96,-0.009556982765486811,0.007375250251418949,0.011589299021539845,0.01382501204471193,0.838284913174651,0.6121212121212121,0.2336495410773352,10
ofi_norm,fwd_mid_1s,1657033,96,0.008218187786046357,0.006126618704896951,-0.004816974269583868,0.006524179726921899,-0.7383264212827735,-0.18787878787878787,0.2336495410773352,10
ofi_norm,fwd_micro_1s,1657033,96,0.00026552324418976193,0.002294204299517726,-0.010649630304142186,0.012477723243406838,-0.8534914660628807,0.38181818181818183,0.2336495410773352,10
ofi_norm,fwd_mid_3s,1657033,96,0.003406922135641101,0.010243926915153665,-0.014267560918121402,0.014116382529309513,-1.010709428460018,-0.06666666666666665,0.2336495410773352,10
ofi_norm,fwd_micro_3s,1657033,96,-0.0025386295307281356,0.01308467140895041,-0.019780025750101942,0.02513022022858024,-0.7871011702319426,0.04242424242424241,0.2336495410773352,10
ofi_norm,fwd_mid_5s,1657033,96,-0.002467375682778161,0.007615011192442762,0.005938443853305606,0.01934884423420584,0.3069146550266466,0.1515151515151515,0.2336495410773352,10
ofi_norm,fwd_micro_5s,1657033,96,-0.004127159156615922,0.010217881444107596,0.02711479966704547,0.024113959459557344,1.1244441093351332,0.18787878787878787,0.2336495410773352,10
ofi_norm,fwd_mid_10s,1657033,96,-0.018432318994435735,0.008843777313837212,0.03220777292730751,0.029848574239729364,1.079038907139423,0.22424242424242422,0.2336495410773352,10
ofi_norm,fwd_micro_10s,1657033,96,-0.020919616971043935,0.011471608825695676,0.07289268901966273,0.06808591423500406,1.0705986669734315,0.16363636363636364,0.2336495410773352,10
ofi_norm,fwd_mid_30s,1657033,96,-0.02891753181863802,0.024752684055830063,0.007629767175952711,0.052841028416202904,0.14439096672867097,0.406060606060606,0.2336495410773352,10
ofi_norm,fwd_micro_30s,1657033,96,-0.03102875782345486,0.029164293283617915,0.044048057486465585,0.08373184235047028,0.526061009168971,0.32121212121212117,0.2336495410773352,10
ofi_norm,fwd_mid_60s,1657033,96,-0.06688454728525421,0.04721965710969285,0.03148609096695656,0.07044241091980791,0.4469763393362633,0.6,0.2336495410773352,10
ofi_norm,fwd_micro_60s,1657033,96,-0.05924769342413173,0.05111963199488876,0.07403723890887849,0.08873271751006068,0.8343848919141241,0.6727272727272726,0.2336495410773352,10
ofi_per_event,fwd_mid_100ms,865439,94,0.0025419656296298398,0.0009189853597172239,-0.0034873010586446316,0.004148659867697648,-0.8405849526970149,0.06666666666666665,0.11225978954033733,10
ofi_per_event,fwd_micro_100ms,865439,94,0.004885177330511787,-0.0012425762768312168,-0.016389885421618105,0.010061886965180851,-1.6289077265860057,-0.38181818181818183,0.11225978954033733,10
ofi_per_event,fwd_mid_300ms,865439,94,0.006795561251027784,0.0031129685443960007,-0.00645643922169026,0.007389015409000772,-0.8737888425331318,0.16363636363636364,0.11225978954033733,10
ofi_per_event,fwd_micro_300ms,865439,94,0.004065342017579086,0.001911603470434727,-0.003040210828608021,0.01890951208985819,-0.1607767992194039,0.1515151515151515,0.11225978954033733,10
ofi_per_event,fwd_mid_500ms,865439,94,0.0022298792175726254,0.0021401850057659625,-0.003969570324878129,0.010866555660130417,-0.365301614332364,-0.006060606060606061,0.11225978954033733,10
ofi_per_event,fwd_micro_500ms,865439,94,-0.00639728265772409,0.0036838506469606754,0.003160926887047624,0.024156406847387943,0.13085252732400549,0.3696969696969697,0.11225978954033733,10
ofi_per_event,fwd_mid_1s,865439,94,0.004437252863001812,0.0024594539351059466,-0.009021160642536795,0.013106036563681183,-0.6883210342580457,-0.1515151515151515,0.11225978954033733,10
ofi_per_event,fwd_micro_1s,865439,94,-0.0013062058468192872,0.0040880861924541805,-0.016805551035705715,0.0350424451889696,-0.47957700854150553,0.34545454545454546,0.11225978954033733,10
ofi_per_event,fwd_mid_3s,865439,94,0.002256301282722545,0.004492781790728477,-0.03318692263794595,0.02696769033286902,-1.2306179071441183,-0.06666666666666665,0.11225978954033733,10
ofi_per_event,fwd_micro_3s,865439,94,0.0023680501390673067,0.0043819032335271286,-0.040977851369746854,0.04950952700064249,-0.8276760828115987,-0.12727272727272726,0.11225978954033733,10
ofi_per_event,fwd_mid_5s,865439,94,-0.017445359311936557,0.014419699513518496,0.011508791617552151,0.02674225702276843,0.4303597713444132,-0.05454545454545454,0.11225978954033733,10
ofi_per_event,fwd_micro_5s,865439,94,-0.02512397165111425,0.013132558360129233,0.026416447272062785,0.04563909917692666,0.5788117589625411,-0.01818181818181818,0.11225978954033733,10
ofi_per_event,fwd_mid_10s,865439,94,-0.03992806464910156,0.002015373094203533,-0.011820944705479905,0.048385686262850794,-0.2443066455906755,-0.13939393939393938,0.11225978954033733,10
ofi_per_event,fwd_micro_10s,865439,94,-0.03430051791667035,-0.002119548911937005,-0.016266457777975966,0.06440920766514852,-0.2525486396687606,-0.05454545454545454,0.11225978954033733,10
ofi_per_event,fwd_mid_30s,865439,94,-0.08596074130818224,-0.0003849662314142915,0.010039264321867917,0.07750653516354158,0.1295279720695127,0.2606060606060606,0.11225978954033733,10
ofi_per_event,fwd_micro_30s,865439,94,-0.0880823706083534,0.010154546351933639,0.010383939703688306,0.09050199349618492,0.1147371378523948,0.2727272727272727,0.11225978954033733,10
ofi_per_event,fwd_mid_60s,865439,94,-0.12743131996580065,0.03693147409166434,0.05470917587003117,0.11095101066293507,0.4930930826419919,0.5151515151515151,0.11225978954033733,10
ofi_per_event,fwd_micro_60s,865439,94,-0.1406845909203209,0.053773724137761554,0.17317542744844086,0.1267004633014252,1.3668097411486961,0.5393939393939393,0.11225978954033733,10
ofi_per_time,fwd_mid_100ms,1657033,96,0.00011972426294754993,0.004328148551828064,0.000594991152420143,0.0024685334039390226,0.24103022121180112,0.05454545454545454,0.23702726499713644,10
ofi_per_time,fwd_micro_100ms,1657033,96,0.0038140376745546003,0.002867447359790631,-0.008450022495044816,0.006611551444689323,-1.2780695371934572,0.04242424242424241,0.23702726499713644,10
ofi_per_time,fwd_mid_300ms,1657033,96,0.0027494185703119357,0.008268572980100919,0.0006218486576420983,0.005368846596317223,0.11582537263565275,0.11515151515151514,0.23702726499713644,10
ofi_per_time,fwd_micro_300ms,1657033,96,-0.00038958131884090177,0.008324537667941199,0.0014285507837495878,0.013279521586077678,0.10757547058376622,0.49090909090909085,0.23702726499713644,10
ofi_per_time,fwd_mid_500ms,1657033,96,0.0013744909213544028,0.0072373001184823154,0.001981097940020097,0.007012724504017757,0.2825004659579995,0.19999999999999998,0.23702726499713644,10
ofi_per_time,fwd_micro_500ms,1657033,96,-0.008039533910583147,0.00790012213852961,0.004400040962228875,0.015103449728282576,0.2913268850088864,0.43030303030303024,0.23702726499713644,10
ofi_per_time,fwd_mid_1s,1657033,96,0.0056547130928922,0.006743022050665697,-0.011153773537430705,0.007582697366544047,-1.470950639101431,-0.18787878787878787,0.23702726499713644,10
ofi_per_time,fwd_micro_1s,1657033,96,-0.00170482441278211,0.004705592771397657,-0.02184047816784243,0.024742692449633074,-0.8827041847730003,0.309090909090909,0.23702726499713644,10
ofi_per_time,fwd_mid_3s,1657033,96,-0.00199888670598199,0.009638708376657949,-0.02016801039036249,0.023689369038430278,-0.8513527885713108,-0.11515151515151514,0.23702726499713644,10
ofi_per_time,fwd_micro_3s,1657033,96,-0.007299591731599465,0.01233999034491047,-0.03034486286740722,0.042022281139493876,-0.7221136512479365,0.12727272727272726,0.23702726499713644,10
ofi_per_time,fwd_mid_5s,1657033,96,-0.008722246224763884,0.0013029389518200176,-0.013689294254507345,0.021049488204664724,-0.6503385793234486,0.28484848484848485,0.23702726499713644,10
ofi_per_time,fwd_micro_5s,1657033,96,-0.006207589860316373,0.0023687619731653834,-0.022948527408631292,0.03728471944502139,-0.615494168930795,0.4666666666666666,0.23702726499713644,10
ofi_per_time,fwd_mid_10s,1657033,96,-0.013978431771880606,0.0003393874166296346,-0.05910301442162963,0.044151024834121894,-1.3386555497563937,0.2727272727272727,0.23702726499713644,10
ofi_per_time,fwd_micro_10s,1657033,96,-0.015149333242307102,0.003352938740213286,-0.05880414784070679,0.05010090775881099,-1.1737142193868773,0.22424242424242422,0.23702726499713644,10
ofi_per_time,fwd_mid_30s,1657033,96,-0.00358045309902044,0.019306824855288444,-0.085828083669771,0.057901728945493426,-1.4823060594713229,0.41818181818181815,0.23702726499713644,10
ofi_per_time,fwd_micro_30s,1657033,96,-0.01498104720037361,0.02326521642467856,-0.06889027162967282,0.06082098097415421,-1.1326728133330772,0.34545454545454546,0.23702726499713644,10
ofi_per_time,fwd_mid_60s,1657033,96,-0.024668803435820896,0.045040450206417434,-0.0543808515586792,0.08636907704938998,-0.6296333527748782,0.6363636363636362,0.23702726499713644,10
ofi_per_time,fwd_micro_60s,1657033,96,-0.01951423543720762,0.049227161832232094,-0.023772715906559345,0.08312655119031055,-0.28598222308217636,0.6363636363636362,0.23702726499713644,10
ofi_cum,fwd_mid_100ms,1657037,32,0.001513984875484023,0.00008633921333843515,0.030391087278668426,0.03529723355564097,0.8610047932159127,-0.2606060606060606,0.3774828202387756,10
ofi_cum,fwd_micro_100ms,1657037,32,0.005831410212970211,-0.001029545045861822,0.06678683654809392,0.051007904065940614,1.3093428905009514,-0.13939393939393938,0.3774828202387756,10
ofi_cum,fwd_mid_300ms,1657037,32,0.0036117401830696137,0.004893662512481077,0.10099688076852548,0.06996733516026224,1.4434861716140703,-0.29696969696969694,0.3774828202387756,10
ofi_cum,fwd_micro_300ms,1657037,32,0.009555125065576334,0.0018909068526066616,0.14839739164457263,0.08626858257393023,1.7201788555804707,-0.309090909090909,0.3774828202387756,10
ofi_cum,fwd_mid_500ms,1657037,32,0.0025049219158461353,0.003596489643489264,0.11903495616735292,0.07620614129035094,1.5620126429682495,-0.4545454545454545,0.3774828202387756,10
ofi_cum,fwd_micro_500ms,1657037,32,0.007478265286487804,-0.003195879993098351,0.09792334638566319,0.061315377322244964,1.5970438520018209,-0.6484848484848483,0.3774828202387756,10
ofi_cum,fwd_mid_1s,1657037,32,-0.0005200849401702942,0.005318889260045474,0.0974606264537983,0.05967397146985854,1.6332183706429844,-0.38181818181818183,0.3774828202387756,10
ofi_cum,fwd_micro_1s,1657037,32,0.0015482996289241434,-0.0025806735483523582,0.15814753213370766,0.07217448937881159,2.1911832490239322,-0.49090909090909085,0.3774828202387756,10
ofi_cum,fwd_mid_3s,1657037,32,-0.0007782179330550566,0.002354294467290096,0.42435672821013193,0.2741246159056849,1.5480431292465022,-0.22424242424242422,0.3774828202387756,10
ofi_cum,fwd_micro_3s,1657037,32,0.006999299805216148,-0.0048250950364666,0.4266906941397498,0.2747432926576315,1.553052269310414,-0.406060606060606,0.3774828202387756,10
ofi_cum,fwd_mid_5s,1657037,32,0.0001908417020176897,0.0020090842292930463,0.4608605853580945,0.3299885018326849,1.3965958898524473,-0.43030303030303024,0.3774828202387756,10
ofi_cum,fwd_micro_5s,1657037,32,0.00017284638574378578,0.0019289718531681035,0.46816814289300285,0.33081684287818375,1.415188352623859,-0.4666666666666666,0.3774828202387756,10
ofi_cum,fwd_mid_10s,1657037,32,0.0005192716600017659,0.003784949718065464,0.9417374263042451,0.6797060324876897,1.3855069416664345,-0.43030303030303024,0.3774828202387756,10
ofi_cum,fwd_micro_10s,1657037,32,0.0008922388062304779,0.0034734152343540428,0.9431724971858529,0.689212528360023,1.3684784567542991,-0.43030303030303024,0.3774828202387756,10
ofi_cum,fwd_mid_30s,1657037,32,0.00466540957277574,0.011465099168770506,2.0079489822068712,1.432731824770252,1.4014827810004562,-0.3939393939393939,0.3774828202387756,10
ofi_cum,fwd_micro_30s,1657037,32,0.0053293075209396076,0.01107367216186069,2.0395312768070744,1.4574721708031353,1.3993620719929063,-0.406060606060606,0.3774828202387756,10
ofi_cum,fwd_mid_60s,1657037,32,0.01585094043721564,0.016072252861505123,1.5460342393869224,1.5343540405524339,1.007612453531444,-0.3696969696969697,0.3774828202387756,10
ofi_cum,fwd_micro_60s,1657037,32,0.016646350909242304,0.015830059053735676,1.5595383117806818,1.5297096025270893,1.0194995894673835,-0.4787878787878787,0.3774828202387756,10
ofi_ewma,fwd_mid_100ms,1691793,97,0.0005136355811092396,0.004408242708109649,0.006624473750128978,0.010369934784048112,0.638815372331877,0.24848484848484845,0.1312849739891346,10
ofi_ewma,fwd_micro_100ms,1691793,97,0.0018934957137599585,0.0003352672465957931,0.018548653380688986,0.02306174227084721,0.804304079147424,-0.11515151515151514,0.1312849739891346,10
ofi_ewma,fwd_mid_300ms,1691793,97,0.0036809113695824417,0.008273966283118979,0.0030984808767335332,0.006531864962060471,0.4743638906699198,0.3696969696969697,0.1312849739891346,10
ofi_ewma,fwd_micro_300ms,1691793,97,0.006531304668117924,0.003364657374695384,0.018207545025704673,0.023492220942233247,0.7750457085550382,-0.309090909090909,0.1312849739891346,10
ofi_ewma,fwd_mid_500ms,1691793,97,0.0016978828427937442,0.0023181940938603323,0.02962010254063536,0.036245216433969454,0.8172141169193031,0.01818181818181818,0.1312849739891346,10
ofi_ewma,fwd_micro_500ms,1691793,97,-0.00039928822476381886,-0.004925863492622153,0.020822034118606173,0.03678670933750899,0.5660205681233715,-0.28484848484848485,0.1312849739891346,10
ofi_ewma,fwd_mid_1s,1691793,97,0.0003429550724909288,0.001796768277017209,0.008713272651399161,0.019183969528047625,0.4541955010228752,0.6,0.1312849739891346,10
ofi_ewma,fwd_micro_1s,1691793,97,-0.0029283048026487665,-0.002921050025653146,-0.015380921631833218,0.024256357618162645,-0.6340985680519614,0.5515151515151515,0.1312849739891346,10
ofi_ewma,fwd_mid_3s,1691793,97,-0.00021110523721188688,0.013635535512927236,0.014095053049742325,0.01905439648616401,0.7397270787336235,0.17575757575757575,0.1312849739891346,10
ofi_ewma,fwd_micro_3s,1691793,97,0.010498143744221948,0.0060335107733824195,-0.013036982129943418,0.02264183898186289,-0.5757916634062549,0.23636363636363633,0.1312849739891346,10
ofi_ewma,fwd_mid_5s,1691793,97,-0.004089666088080233,0.0019186882133387774,-0.011631952277038936,0.021239659617365462,-0.5476524806230274,-0.10303030303030303,0.1312849739891346,10
ofi_ewma,fwd_micro_5s,1691793,97,-0.006854721841517811,0.0007297793751567781,-0.010389897225211619,0.022272049234313255,-0.46649938296672344,0.05454545454545454,0.1312849739891346,10
ofi_ewma,fwd_mid_10s,1691793,97,-0.011180033760736617,0.004222752749585554,-0.017990579116124384,0.032572246946732185,-0.5523284637239093,-0.18787878787878787,0.1312849739891346,10
ofi_ewma,fwd_micro_10s,1691793,97,-0.011143586884198971,0.00807432735233062,-0.032402127170294524,0.04042745425933151,-0.8014881907340339,-0.06666666666666665,0.1312849739891346,10
ofi_ewma,fwd_mid_30s,1691793,97,-0.04292904485386644,0.035621523245076475,0.4643071473811385,0.4153350767102722,1.1179097875834552,0.34545454545454546,0.1312849739891346,10
ofi_ewma,fwd_micro_30s,1691793,97,-0.03646571484751083,0.04099280986595615,0.5240538811060783,0.5152052093299834,1.0171750432950832,0.33333333333333326,0.1312849739891346,10
ofi_ewma,fwd_mid_60s,1691793,97,-0.11874154880950626,0.049916498697785736,0.6757774667105367,0.47293503682583216,1.4289012530052947,0.34545454545454546,0.1312849739891346,10
ofi_ewma,fwd_micro_60s,1691793,97,-0.09235139393191126,0.04728642428709963,0.7221462602138278,0.5335601532887305,1.3534486332285123,0.2606060606060606,0.1312849739891346,10
d_ofi,fwd_mid_100ms,1657030,96,0.004517065695192562,0.004228745981299972,-0.004955387356226958,0.002873220067902346,-1.7246807550821337,-0.18787878787878787,0.18378665443594866,10
d_ofi,fwd_micro_100ms,1657030,96,0.004417570455301719,0.00694017031187631,-0.0075734980594486905,0.007148378157451429,-1.0594708187834354,-0.01818181818181818,0.18378665443594866,10
d_ofi,fwd_mid_300ms,1657030,96,0.007054447884327442,0.0071020553107070065,-0.005313846478774358,0.006458369902778636,-0.82278447329072,-0.10303030303030303,0.18378665443594866,10
d_ofi,fwd_micro_300ms,1657030,96,0.002170360588067738,0.009023634667199385,-0.0029702952989962886,0.010118429785113157,-0.2935529881688131,0.10303030303030303,0.18378665443594866,10
d_ofi,fwd_mid_500ms,1657030,96,0.0055059779919139394,0.005593165401435436,-0.007059711540276962,0.008648498723805466,-0.8162932973378049,-0.18787878787878787,0.18378665443594866,10
d_ofi,fwd_micro_500ms,1657030,96,-0.0034790587503371047,0.0064679719581617,-0.005976511222812409,0.013375563575200934,-0.44682313303741494,0.4545454545454545,0.18378665443594866,10
d_ofi,fwd_mid_1s,1657030,96,0.007895628879369695,0.004287793172073394,-0.013642453377641346,0.009114502231762026,-1.496785346115821,-0.38181818181818183,0.18378665443594866,10
d_ofi,fwd_micro_1s,1657030,96,0.0034785479297444054,0.0008712161755062697,-0.016659675954600103,0.02079048148591497,-0.8013126567504757,0.06666666666666665,0.18378665443594866,10
d_ofi,fwd_mid_3s,1657030,96,-0.0027881018448060704,0.008820193128912551,-0.018593007449261987,0.018069559902076503,-1.0289684723934716,0.13939393939393938,0.18378665443594866,10
d_ofi,fwd_micro_3s,1657030,96,-0.004373724759869859,0.008296934355769035,-0.027149409450029666,0.024560406968628646,-1.1054136637356209,-0.13939393939393938,0.18378665443594866,10
d_ofi,fwd_mid_5s,1657030,96,-0.01802888688097413,0.0012050119145360445,0.0038057358010914525,0.02289543480277034,0.16622247333913745,0.309090909090909,0.18378665443594866,10
d_ofi,fwd_micro_5s,1657030,96,-0.01927814124867298,-0.005280857801992859,-0.006753755583457939,0.029411412261124387,-0.22963044152711304,0.16363636363636364,0.18378665443594866,10
d_ofi,fwd_mid_10s,1657030,96,-0.02017245991738677,0.007719154573483861,-0.047008839201264446,0.04248069226815644,-1.1065930589013095,0.3939393939393939,0.18378665443594866,10
d_ofi,fwd_micro_10s,1657030,96,-0.022625385831035127,0.0037602022470063037,-0.049824774922718355,0.04179131272536744,-1.1922280415105166,0.38181818181818183,0.18378665443594866,10
d_ofi,fwd_mid_30s,1657030,96,-0.014447355584019439,0.03983884398320609,-0.07359957814483252,0.053036530701818616,-1.3877147915014132,0.22424242424242422,0.18378665443594866,10
d_ofi,fwd_micro_30s,1657030,96,-0.013392122973642628,0.03666849028796561,-0.07522503643877729,0.052942955447332775,-1.420869609623712,0.11515151515151514,0.18378665443594866,10
d_ofi,fwd_mid_60s,1657030,96,-0.020691417819140124,0.07263743051018531,-0.08531370430009659,0.08942606655001174,-0.9540138305466527,0.2606060606060606,0.18378665443594866,10
d_ofi,fwd_micro_60s,1657030,96,-0.024262150348586097,0.08374216329047855,-0.02687522006987296,0.0772820152476839,-0.34775516637007464,0.22424242424242422,0.18378665443594866,10
ofi_vel,fwd_mid_100ms,1657030,96,0.004517065695192562,0.004228745981299972,-0.004955387356226958,0.002873220067902346,-1.7246807550821337,-0.18787878787878787,0.18378665443594866,10
ofi_vel,fwd_micro_100ms,1657030,96,0.004417570455301719,0.00694017031187631,-0.0075734980594486905,0.007148378157451429,-1.0594708187834354,-0.01818181818181818,0.18378665443594866,10
ofi_vel,fwd_mid_300ms,1657030,96,0.007054447884327442,0.0071020553107070065,-0.005313846478774358,0.006458369902778636,-0.82278447329072,-0.10303030303030303,0.18378665443594866,10
ofi_vel,fwd_micro_300ms,1657030,96,0.002170360588067738,0.009023634667199385,-0.0029702952989962886,0.010118429785113157,-0.2935529881688131,0.10303030303030303,0.18378665443594866,10
ofi_vel,fwd_mid_500ms,1657030,96,0.0055059779919139394,0.005593165401435436,-0.007059711540276962,0.008648498723805466,-0.8162932973378049,-0.18787878787878787,0.18378665443594866,10
ofi_vel,fwd_micro_500ms,1657030,96,-0.0034790587503371047,0.0064679719581617,-0.005976511222812409,0.013375563575200934,-0.44682313303741494,0.4545454545454545,0.18378665443594866,10
ofi_vel,fwd_mid_1s,1657030,96,0.007895628879369695,0.004287793172073394,-0.013642453377641346,0.009114502231762026,-1.496785346115821,-0.38181818181818183,0.18378665443594866,10
ofi_vel,fwd_micro_1s,1657030,96,0.0034785479297444054,0.0008712161755062697,-0.016659675954600103,0.02079048148591497,-0.8013126567504757,0.06666666666666665,0.18378665443594866,10
ofi_vel,fwd_mid_3s,1657030,96,-0.0027881018448060704,0.008820193128912551,-0.018593007449261987,0.018069559902076503,-1.0289684723934716,0.13939393939393938,0.18378665443594866,10
ofi_vel,fwd_micro_3s,1657030,96,-0.004373724759869859,0.008296934355769035,-0.027149409450029666,0.024560406968628646,-1.1054136637356209,-0.13939393939393938,0.18378665443594866,10
ofi_vel,fwd_mid_5s,1657030,96,-0.01802888688097413,0.0012050119145360445,0.0038057358010914525,0.02289543480277034,0.16622247333913745,0.309090909090909,0.18378665443594866,10
ofi_vel,fwd_micro_5s,1657030,96,-0.01927814124867298,-0.005280857801992859,-0.006753755583457939,0.029411412261124387,-0.22963044152711304,0.16363636363636364,0.18378665443594866,10
ofi_vel,fwd_mid_10s,1657030,96,-0.02017245991738677,0.007719154573483861,-0.047008839201264446,0.04248069226815644,-1.1065930589013095,0.3939393939393939,0.18378665443594866,10
ofi_vel,fwd_micro_10s,1657030,96,-0.022625385831035127,0.0037602022470063037,-0.049824774922718355,0.04179131272536744,-1.1922280415105166,0.38181818181818183,0.18378665443594866,10
ofi_vel,fwd_mid_30s,1657030,96,-0.014447355584019439,0.03983884398320609,-0.07359957814483252,0.053036530701818616,-1.3877147915014132,0.22424242424242422,0.18378665443594866,10
ofi_vel,fwd_micro_30s,1657030,96,-0.013392122973642628,0.03666849028796561,-0.07522503643877729,0.052942955447332775,-1.420869609623712,0.11515151515151514,0.18378665443594866,10
ofi_vel,fwd_mid_60s,1657030,96,-0.020691417819140124,0.07263743051018531,-0.08531370430009659,0.08942606655001174,-0.9540138305466527,0.2606060606060606,0.18378665443594866,10
ofi_vel,fwd_micro_60s,1657030,96,-0.024262150348586097,0.08374216329047855,-0.02687522006987296,0.0772820152476839,-0.34775516637007464,0.22424242424242422,0.18378665443594866,10
ofi_acc,fwd_mid_100ms,1657020,96,0.003876868170161781,0.004658486705235184,-0.003980036144547013,0.003782192233148671,-1.052309322002292,-0.2121212121212121,0.16962378245283702,10
ofi_acc,fwd_micro_100ms,1657020,96,0.002296898301153221,0.005834237949259598,-0.001136249320094513,0.007181655951882723,-0.15821550457267963,0.17575757575757575,0.16962378245283702,10
ofi_acc,fwd_mid_300ms,1657020,96,0.009118431000227375,0.006379045625737505,-0.002351155830750953,0.006527201735229715,-0.3602088499978326,-0.06666666666666665,0.16962378245283702,10
ofi_acc,fwd_micro_300ms,1657020,96,0.0025692878868582565,0.007820861984179934,0.0063517614999816265,0.009860377244880914,0.6441702322575121,0.19999999999999998,0.16962378245283702,10
ofi_acc,fwd_mid_500ms,1657020,96,0.008243599997848758,0.004719731098188872,-0.0032503399127801294,0.009976656916168716,-0.3257944961014396,0.0303030303030303,0.16962378245283702,10
ofi_acc,fwd_micro_500ms,1657020,96,-0.0021810752438192024,0.0039037541532616817,-0.003041728166593549,0.01567234725693651,-0.19408248915919687,0.6848484848484848,0.16962378245283702,10
ofi_acc,fwd_mid_1s,1657020,96,0.010250756542369439,0.007543100169775455,0.006261133162423113,0.011844874612971915,0.528594296436556,-0.38181818181818183,0.16962378245283702,10
ofi_acc,fwd_micro_1s,1657020,96,0.0002465442159967058,0.007761369203094665,0.012234461816178635,0.017970818026836238,0.6807960437810138,0.17575757575757575,0.16962378245283702,10
ofi_acc,fwd_mid_3s,1657020,96,0.0017024392411514413,0.007930381042610509,0.011598227786331529,0.01659993188888483,0.6986912876490536,0.22424242424242422,0.16962378245283702,10
ofi_acc,fwd_micro_3s,1657020,96,0.002746893333007145,0.007934780253278388,0.001148915284127982,0.026330947220500264,0.04363364806084456,-0.006060606060606061,0.16962378245283702,10
ofi_acc,fwd_mid_5s,1657020,96,-0.007878209351421188,-0.0006827787443313396,0.03295478886821781,0.021173822795255356,1.556392966299989,0.17575757575757575,0.16962378245283702,10
ofi_acc,fwd_micro_5s,1657020,96,-0.010254353331330257,-0.004429180801497128,0.016295219925986343,0.02857911889060907,0.5701792273008408,0.0303030303030303,0.16962378245283702,10
ofi_acc,fwd_mid_10s,1657020,96,-0.010237368455469352,-0.0073456889020451915,-0.03907368799087791,0.04077561309443818,-0.9582612013798901,0.10303030303030303,0.16962378245283702,10
ofi_acc,fwd_micro_10s,1657020,96,-0.011554917592718855,-0.005845908649443473,-0.03334869706967942,0.04440733687664751,-0.7509726863899487,-0.01818181818181818,0.16962378245283702,10
ofi_acc,fwd_mid_30s,1657020,96,-0.016371179470190574,0.005919742672019464,-0.06120391712409886,0.04136606584539035,-1.4795682372322858,0.28484848484848485,0.16962378245283702,10
ofi_acc,fwd_micro_30s,1657020,96,-0.00744000061066278,0.00540017675460235,-0.06202395285570159,0.047884385316994106,-1.295285560106989,0.2121212121212121,0.16962378245283702,10
ofi_acc,fwd_mid_60s,1657020,96,-0.05222752051842733,-0.0023787243333694497,-0.10041108449600693,0.09199003870966556,-1.091543018183952,0.49090909090909085,0.16962378245283702,10
ofi_acc,fwd_micro_60s,1657020,96,-0.06136194066563224,0.014608235019619397,-0.04126368127536301,0.08744379990108374,-0.47188801632637656,0.5151515151515151,0.16962378245283702,10
ofi_sign,fwd_mid_100ms,1657033,15,0.0001424060750670397,0.0023020424078311705,0.006005936057368178,0.006830249189744093,0.8793143398613251,-0.04242424242424241,0.38291452252308794,10
ofi_sign,fwd_micro_100ms,1657033,15,0.005253555780835503,0.0010299038727959579,-0.00015406070377157698,0.01720951705497187,-0.008952064330420503,-0.309090909090909,0.38291452252308794,10
ofi_sign,fwd_mid_300ms,1657033,15,-0.0005389829190070275,0.0056071800305680436,0.00904256472724813,0.010180118029536892,0.8882573562518399,0.5030303030303029,0.38291452252308794,10
ofi_sign,fwd_micro_300ms,1657033,15,-0.007095068841751604,0.006318683014042248,0.010467198341575317,0.02171106882898769,0.4821134520839417,0.6242424242424242,0.38291452252308794,10
ofi_sign,fwd_mid_500ms,1657033,15,0.011241930463644079,0.0040371033825797546,0.001623445391622675,0.012164229985868283,0.1334605966434951,-0.16363636363636364,0.38291452252308794,10
ofi_sign,fwd_micro_500ms,1657033,15,-0.01894400501147734,0.00359754433761839,0.00878685809992557,0.025124342522117267,0.3497348474767206,0.6606060606060605,0.38291452252308794,10
ofi_sign,fwd_mid_1s,1657033,15,0.016209615396905856,0.003911039874997598,-0.009432650439758812,0.018603958045161267,-0.5070238503473815,-0.3939393939393939,0.38291452252308794,10
ofi_sign,fwd_micro_1s,1657033,15,-0.037714587626150986,-0.0003735575632992922,0.028759414347923486,0.024335140756241314,1.1818059585518306,0.4787878787878787,0.38291452252308794,10
ofi_sign,fwd_mid_3s,1657033,15,-0.029605253110399504,0.003043754658304841,0.047001699714493854,0.04485703546417117,1.0478111009372364,0.06666666666666665,0.38291452252308794,10
ofi_sign,fwd_micro_3s,1657033,15,-0.04489200373405744,0.004547698634645355,0.0016251553990430944,0.05976288796324629,0.027193387977544732,0.29696969696969694,0.38291452252308794,10
ofi_sign,fwd_mid_5s,1657033,15,-0.01729318456929413,0.0003464980128347622,0.06256326044769515,0.06168632007446944,1.0142161239666598,0.32121212121212117,0.38291452252308794,10
ofi_sign,fwd_micro_5s,1657033,15,0.009388944054955427,0.00001915631666902032,0.015150457189039476,0.06588381361776242,0.22995719824201066,-0.0303030303030303,0.38291452252308794,10
ofi_sign,fwd_mid_10s,1657033,15,-0.006912622535022516,-0.003658256751033792,0.035631817722506016,0.08850423060137304,0.40260016363503903,0.309090909090909,0.38291452252308794,10
ofi_sign,fwd_micro_10s,1657033,15,0.010000874341600121,-0.0016344179890812483,-0.018966792333494402,0.07176643951562668,-0.2642849842002334,-0.06666666666666665,0.38291452252308794,10
ofi_sign,fwd_mid_30s,1657033,15,0.13880536247741837,0.009602482880100068,-0.2002801024268465,0.15467786230204555,-1.2948207290048503,-0.16363636363636364,0.38291452252308794,10
ofi_sign,fwd_micro_30s,1657033,15,0.08483651356165263,0.012878095202720595,-0.2145613759873556,0.17182370053246585,-1.24872980457556,-0.16363636363636364,0.38291452252308794,10
ofi_sign,fwd_mid_60s,1657033,15,0.10094366699550475,0.014752291017102362,-0.07310091011278279,0.2767613264233716,-0.2641297866919374,0.09090909090909088,0.38291452252308794,10
ofi_sign,fwd_micro_60s,1657033,15,0.23176862899902143,0.016424348434179004,-0.3341962763886171,0.2645338380796487,-1.263340368153558,0.09090909090909088,0.38291452252308794,10
ofi_persist,fwd_mid_100ms,1691793,2,0.011318163361353497,-0.0053693679825394134,NaN,NaN,NaN,-0.8424242424242423,0.17379667607089047,10
ofi_persist,fwd_micro_100ms,1691793,2,0.013515013646964915,-0.012082208592512725,NaN,NaN,NaN,-0.6121212121212121,0.17379667607089047,10
ofi_persist,fwd_mid_300ms,1691793,2,0.0200487191799504,-0.0006351059590401051,NaN,NaN,NaN,-0.5878787878787878,0.17379667607089047,10
ofi_persist,fwd_micro_300ms,1691793,2,-0.0026920688571001553,-0.005905788576303118,NaN,NaN,NaN,-0.006060606060606061,0.17379667607089047,10
ofi_persist,fwd_mid_500ms,1691793,2,0.0030412841099752373,-0.00034442557280174406,NaN,NaN,NaN,-0.4666666666666666,0.17379667607089047,10
ofi_persist,fwd_micro_500ms,1691793,2,-0.052285422488687824,-0.011333311323263148,NaN,NaN,NaN,0.1515151515151515,0.17379667607089047,10
ofi_persist,fwd_mid_1s,1691793,2,0.019195296416843154,-0.002133897685776511,NaN,NaN,NaN,-0.8181818181818182,0.17379667607089047,10
ofi_persist,fwd_micro_1s,1691793,2,-0.04720737951364427,-0.0109666420528101,NaN,NaN,NaN,-0.17575757575757575,0.17379667607089047,10
ofi_persist,fwd_mid_3s,1691793,2,0.061134667198912536,-0.0040784036844804545,NaN,NaN,NaN,-0.24848484848484845,0.17379667607089047,10
ofi_persist,fwd_micro_3s,1691793,2,-0.0161448159304402,0.00012382402729773094,NaN,NaN,NaN,0.16363636363636364,0.17379667607089047,10
ofi_persist,fwd_mid_5s,1691793,2,-0.1088091685757371,0.00592635392622596,NaN,NaN,NaN,0.5636363636363636,0.17379667607089047,10
ofi_persist,fwd_micro_5s,1691793,2,-0.07650987828848045,0.007965363435954767,NaN,NaN,NaN,0.5272727272727272,0.17379667607089047,10
ofi_persist,fwd_mid_10s,1691793,2,-0.17911428913802593,0.017058306156733868,NaN,NaN,NaN,0.7333333333333332,0.17379667607089047,10
ofi_persist,fwd_micro_10s,1691793,2,-0.17635345858241247,0.022164597526920734,NaN,NaN,NaN,0.6484848484848483,0.17379667607089047,10
ofi_persist,fwd_mid_30s,1691793,2,0.025082997744030534,0.03206991608576478,NaN,NaN,NaN,0.43030303030303024,0.17379667607089047,10
ofi_persist,fwd_micro_30s,1691793,2,0.06854281823770782,0.04793308570314374,NaN,NaN,NaN,-0.05454545454545454,0.17379667607089047,10
ofi_persist,fwd_mid_60s,1691793,2,-0.2558538667642203,0.08092399293706182,NaN,NaN,NaN,0.8181818181818182,0.17379667607089047,10
ofi_persist,fwd_micro_60s,1691793,2,-0.3591035296446735,0.08922126068912148,NaN,NaN,NaN,0.7818181818181817,0.17379667607089047,10
ofi_streak,fwd_mid_100ms,1691793,2,0.0037413576272877667,-0.00533021115325939,NaN,NaN,NaN,-0.8303030303030302,0.17378485429363993,10
ofi_streak,fwd_micro_100ms,1691793,2,-0.018749551218834842,-0.011615090454536616,NaN,NaN,NaN,-0.3696969696969697,0.17378485429363993,10
ofi_streak,fwd_mid_300ms,1691793,2,0.007640691486562442,0.0009731484538487241,NaN,NaN,NaN,-0.709090909090909,0.17378485429363993,10
ofi_streak,fwd_micro_300ms,1691793,2,-0.026787408886935087,-0.004008804400172041,NaN,NaN,NaN,0.006060606060606061,0.17378485429363993,10
ofi_streak,fwd_mid_500ms,1691793,2,-0.00554283290893832,0.0019882769027243607,NaN,NaN,NaN,-0.12727272727272726,0.17378485429363993,10
ofi_streak,fwd_micro_500ms,1691793,2,-0.0652690017817049,-0.007086856869903197,NaN,NaN,NaN,-0.11515151515151514,0.17378485429363993,10
ofi_streak,fwd_mid_1s,1691793,2,-0.008046711315696054,0.0007909455912946683,NaN,NaN,NaN,-0.29696969696969694,0.17378485429363993,10
ofi_streak,fwd_micro_1s,1691793,2,-0.05787113876491513,-0.007793797540079283,NaN,NaN,NaN,-0.16363636363636364,0.17378485429363993,10
ofi_streak,fwd_mid_3s,1691793,2,0.03798098574088388,-0.00399671156301226,NaN,NaN,NaN,-0.07878787878787878,0.17378485429363993,10
ofi_streak,fwd_micro_3s,1691793,2,0.025804291158443914,0.0016364552482846474,NaN,NaN,NaN,-0.10303030303030303,0.17378485429363993,10
ofi_streak,fwd_mid_5s,1691793,2,0.014962203285654415,-0.0019802556090456787,NaN,NaN,NaN,0.06666666666666665,0.17378485429363993,10
ofi_streak,fwd_micro_5s,1691793,2,0.01829800853138096,0.00030502932628503627,NaN,NaN,NaN,0.04242424242424241,0.17378485429363993,10
ofi_streak,fwd_mid_10s,1691793,2,0.03837690139182385,0.0012412574934016235,NaN,NaN,NaN,-0.24848484848484845,0.17378485429363993,10
ofi_streak,fwd_micro_10s,1691793,2,0.04178476045995718,0.00683934324759033,NaN,NaN,NaN,-0.12727272727272726,0.17378485429363993,10
ofi_streak,fwd_mid_30s,1691793,2,0.3075517631235746,-0.01582629529478737,NaN,NaN,NaN,-0.2121212121212121,0.17378485429363993,10
ofi_streak,fwd_micro_30s,1691793,2,0.3227529864444942,0.001822332396816282,NaN,NaN,NaN,-0.2727272727272727,0.17378485429363993,10
ofi_streak,fwd_mid_60s,1691793,2,0.4803032185749514,-0.016254114858360563,NaN,NaN,NaN,0.04242424242424241,0.17378485429363993,10
ofi_streak,fwd_micro_60s,1691793,2,0.46043333165254013,-0.0039982293184084045,NaN,NaN,NaN,-0.1515151515151515,0.17378485429363993,10
ofi_reversal,fwd_mid_100ms,1691793,1,-0.007866083935752373,0.001045339636136757,NaN,NaN,NaN,0.7500000000000002,0.4083927525412388,7
ofi_reversal,fwd_micro_100ms,1691793,1,-0.06064406211605251,0.001566238642531112,NaN,NaN,NaN,0.7500000000000002,0.4083927525412388,7
ofi_reversal,fwd_mid_300ms,1691793,1,-0.005649553548346102,0.002586498112828398,NaN,NaN,NaN,0.3214285714285715,0.4083927525412388,7
ofi_reversal,fwd_micro_300ms,1691793,1,-0.05956387406484164,0.0028099578631655534,NaN,NaN,NaN,0.7857142857142859,0.4083927525412388,7
ofi_reversal,fwd_mid_500ms,1691793,1,-0.022198271925583372,0.001358622295908662,NaN,NaN,NaN,0.4642857142857144,0.4083927525412388,7
ofi_reversal,fwd_micro_500ms,1691793,1,-0.1174040604036344,-0.00026314605179187506,NaN,NaN,NaN,0.642857142857143,0.4083927525412388,7
ofi_reversal,fwd_mid_1s,1691793,1,-0.015376672288520356,0.0023667071780612147,NaN,NaN,NaN,0.3214285714285715,0.4083927525412388,7
ofi_reversal,fwd_micro_1s,1691793,1,-0.09671200601079256,0.00031394448600854995,NaN,NaN,NaN,0.39285714285714296,0.4083927525412388,7
ofi_reversal,fwd_mid_3s,1691793,1,0.030374419214448063,-0.0019404981028457958,NaN,NaN,NaN,-0.39285714285714296,0.4083927525412388,7
ofi_reversal,fwd_micro_3s,1691793,1,0.061048175408817976,-0.003989783560452153,NaN,NaN,NaN,-0.6785714285714287,0.4083927525412388,7
ofi_reversal,fwd_mid_5s,1691793,1,0.10117075706563337,-0.006969897528434699,NaN,NaN,NaN,-0.4642857142857144,0.4083927525412388,7
ofi_reversal,fwd_micro_5s,1691793,1,0.08043579655294929,-0.012919715547529543,NaN,NaN,NaN,-0.5714285714285715,0.4083927525412388,7
ofi_reversal,fwd_mid_10s,1691793,1,0.18026641968531884,-0.007069808486559137,NaN,NaN,NaN,-0.4642857142857144,0.4083927525412388,7
ofi_reversal,fwd_micro_10s,1691793,1,0.13899785251162797,-0.009683883702382694,NaN,NaN,NaN,-0.4642857142857144,0.4083927525412388,7
ofi_reversal,fwd_mid_30s,1691793,1,0.4667572353851892,-0.0007419276440747411,NaN,NaN,NaN,-0.21428571428571433,0.4083927525412388,7
ofi_reversal,fwd_micro_30s,1691793,1,0.4483776866473686,-0.003415006769485379,NaN,NaN,NaN,-0.39285714285714296,0.4083927525412388,7
ofi_reversal,fwd_mid_60s,1691793,1,0.8683449742798334,-0.016195857929153522,NaN,NaN,NaN,-0.3571428571428572,0.4083927525412388,7
ofi_reversal,fwd_micro_60s,1691793,1,0.8008080513478811,-0.01162437837808471,NaN,NaN,NaN,-0.1785714285714286,0.4083927525412388,7
ofi_z,fwd_mid_100ms,1691793,97,0.002342460137681522,0.003211417444921723,-0.0005017744681287939,0.0025011383120619114,-0.20061844069516352,-0.09090909090909088,0.11134045358977132,10
ofi_z,fwd_micro_100ms,1691793,97,0.007497862619260245,-0.007804550969822816,-0.011191348975257386,0.005465343513815637,-2.0476936073582923,-0.5636363636363636,0.11134045358977132,10
ofi_z,fwd_mid_300ms,1691793,97,0.004401340532390638,0.0029515010817781407,-0.0006624482158622833,0.004729781123370418,-0.14005895803276117,-0.406060606060606,0.11134045358977132,10
ofi_z,fwd_micro_300ms,1691793,97,0.005866764259568318,-0.006711498657904,-0.008418583747394076,0.010047811167208971,-0.8378525041223029,-0.7939393939393938,0.11134045358977132,10
ofi_z,fwd_mid_500ms,1691793,97,0.0020203505751751685,0.0005249245972917793,0.0020138294037880733,0.00575712379542477,0.3497978288027224,-0.006060606060606061,0.11134045358977132,10
ofi_z,fwd_micro_500ms,1691793,97,-0.0013234982057940378,-0.012060355627732968,-0.0036914043479417953,0.011228075974057264,-0.32876552995106845,-0.11515151515151514,0.11134045358977132,10
ofi_z,fwd_mid_1s,1691793,97,0.0032128835756126046,0.003728939874910614,0.001688137008646263,0.007967451400538292,0.21187917237025258,0.23636363636363633,0.11134045358977132,10
ofi_z,fwd_micro_1s,1691793,97,0.00018843509432991566,-0.01207359130444865,-0.009448832630180318,0.01158799066376533,-0.8153987092625145,-0.10303030303030303,0.11134045358977132,10
ofi_z,fwd_mid_3s,1691793,97,0.0028298000780330006,0.012781407301818865,0.013037344600055182,0.011042618840655981,1.180638831076479,-0.04242424242424241,0.11134045358977132,10
ofi_z,fwd_micro_3s,1691793,97,0.006210381778349512,0.007635622657896478,0.0033243225673303487,0.015745761412251844,0.21112491675021058,-0.0303030303030303,0.11134045358977132,10
ofi_z,fwd_mid_5s,1691793,97,-0.007770014057972653,0.011469789360139714,0.01582612134609565,0.014488857255291981,1.0922960359979557,0.01818181818181818,0.11134045358977132,10
ofi_z,fwd_micro_5s,1691793,97,-0.007778576772102539,0.012410621167468907,0.012711938794411237,0.019183533630485677,0.6626484483656312,0.29696969696969694,0.11134045358977132,10
ofi_z,fwd_mid_10s,1691793,97,-0.008321283318986926,-0.0018535889942120699,-0.018155383127325075,0.026733181526726664,-0.6791329011541001,-0.22424242424242422,0.11134045358977132,10
ofi_z,fwd_micro_10s,1691793,97,-0.0050669177327712246,0.006281996364482163,-0.01395167969528906,0.027000798463449157,-0.5167135969765997,-0.09090909090909088,0.11134045358977132,10
ofi_z,fwd_mid_30s,1691793,97,-0.019908770770603865,0.05079740134172209,0.025286854165242647,0.04983767245473286,0.5073843323684605,-0.01818181818181818,0.11134045358977132,10
ofi_z,fwd_micro_30s,1691793,97,-0.026539561325136803,0.059316301908788234,0.04715059222382031,0.05195974857039131,0.9074445801050036,0.16363636363636364,0.11134045358977132,10
ofi_z,fwd_mid_60s,1691793,97,-0.03599080935443943,0.1195308136915569,0.10716590114970143,0.07442966726533855,1.439827760718849,0.06666666666666665,0.11134045358977132,10
ofi_z,fwd_micro_60s,1691793,97,-0.04715805450955655,0.13125022322923888,0.1505724690531503,0.08288145807266999,1.8167208028740183,0.07878787878787878,0.11134045358977132,10
ofi_shock,fwd_mid_100ms,1691793,0,NaN,-0.00004947306414836512,NaN,NaN,NaN,NaN,1.0,1
ofi_shock,fwd_micro_100ms,1691793,0,NaN,-0.0002112778935740462,NaN,NaN,NaN,NaN,1.0,1
ofi_shock,fwd_mid_300ms,1691793,0,NaN,0.0031790332940128166,NaN,NaN,NaN,NaN,1.0,1
ofi_shock,fwd_micro_300ms,1691793,0,NaN,0.002724461009114834,NaN,NaN,NaN,NaN,1.0,1
ofi_shock,fwd_mid_500ms,1691793,0,NaN,0.0015401632153933752,NaN,NaN,NaN,NaN,1.0,1
ofi_shock,fwd_micro_500ms,1691793,0,NaN,-0.001461943926518934,NaN,NaN,NaN,NaN,1.0,1
ofi_shock,fwd_mid_1s,1691793,0,NaN,0.001576415903014328,NaN,NaN,NaN,NaN,1.0,1
ofi_shock,fwd_micro_1s,1691793,0,NaN,-0.0010119318010230814,NaN,NaN,NaN,NaN,1.0,1
ofi_shock,fwd_mid_3s,1691793,0,NaN,0.0015133120001681688,NaN,NaN,NaN,NaN,1.0,1
ofi_shock,fwd_micro_3s,1691793,0,NaN,0.002005032591108675,NaN,NaN,NaN,NaN,1.0,1
ofi_shock,fwd_mid_5s,1691793,0,NaN,0.00008594374030857337,NaN,NaN,NaN,NaN,1.0,1
ofi_shock,fwd_micro_5s,1691793,0,NaN,7.07015340928325e-6,NaN,NaN,NaN,NaN,1.0,1
ofi_shock,fwd_mid_10s,1691793,0,NaN,0.00032910992316498533,NaN,NaN,NaN,NaN,1.0,1
ofi_shock,fwd_micro_10s,1691793,0,NaN,0.00008948946466995449,NaN,NaN,NaN,NaN,1.0,1
ofi_shock,fwd_mid_30s,1691793,0,NaN,0.0023178610681717973,NaN,NaN,NaN,NaN,1.0,1
ofi_shock,fwd_micro_30s,1691793,0,NaN,0.0020699781713494486,NaN,NaN,NaN,NaN,1.0,1
ofi_shock,fwd_mid_60s,1691793,0,NaN,0.005823053028906056,NaN,NaN,NaN,NaN,1.0,1
ofi_shock,fwd_micro_60s,1691793,0,NaN,0.005397608310288759,NaN,NaN,NaN,NaN,1.0,1
ofi_pct,fwd_mid_100ms,1657258,94,-0.0004988935928595999,0.004993004675162716,0.00563217036834093,0.0033471559902250483,1.6826734053593504,0.16363636363636364,0.23467317701890714,10
ofi_pct,fwd_micro_100ms,1657258,94,-0.0004060583435464271,0.00270854169205766,-0.002683080476015581,0.006095016776982031,-0.4402088745921579,-0.16363636363636364,0.23467317701890714,10
ofi_pct,fwd_mid_300ms,1657258,94,0.0037489396975563904,0.006927409373010215,0.007119178685935377,0.0062430624490549995,1.1403343701956712,-0.04242424242424241,0.23467317701890714,10
ofi_pct,fwd_micro_300ms,1657258,94,-0.002545331429095811,0.0059593927175356255,0.0015195461240011835,0.013649589566782232,0.11132540773967044,0.0303030303030303,0.23467317701890714,10
ofi_pct,fwd_mid_500ms,1657258,94,0.006397704020001952,0.0024172941933056982,0.0044450631329883165,0.007158093545546202,0.6209842194300541,-0.17575757575757575,0.23467317701890714,10
ofi_pct,fwd_micro_500ms,1657258,94,-0.0064821315247529186,0.0005637188847117824,0.00713730040959984,0.015578503597828773,0.4581505768368272,0.28484848484848485,0.23467317701890714,10
ofi_pct,fwd_mid_1s,1657258,94,0.007363745369223384,-0.0005152865316081456,0.0089336732026095,0.010541208393207357,0.8474999136120166,-0.34545454545454546,0.23467317701890714,10
ofi_pct,fwd_micro_1s,1657258,94,-0.0013849178957989943,-0.008176710385435465,0.018488621395148445,0.017314842587587562,1.0677903250707186,-0.49090909090909085,0.23467317701890714,10
ofi_pct,fwd_mid_3s,1657258,94,-0.000603024947975551,0.006653514331762046,0.018438206534187214,0.02118158281804054,0.870482942307939,-0.05454545454545454,0.23467317701890714,10
ofi_pct,fwd_micro_3s,1657258,94,-0.00705984867117607,0.013026064996667142,0.030767567625490492,0.02777785004561748,1.1076295528618387,0.17575757575757575,0.23467317701890714,10
ofi_pct,fwd_mid_5s,1657258,94,-0.0037603451257123156,-0.0025899563595344352,0.00877278114907615,0.026919343229149077,0.32589135159793636,-0.32121212121212117,0.23467317701890714,10
ofi_pct,fwd_micro_5s,1657258,94,-0.0023044499917199072,-0.0038610505962398075,0.02906441068702968,0.032906998079592034,0.8832288687266975,-0.3696969696969697,0.23467317701890714,10
ofi_pct,fwd_mid_10s,1657258,94,-0.013466721833714097,0.001992886202062688,0.003038496101073301,0.03382455266459247,0.08983108013883648,-0.23636363636363633,0.23467317701890714,10
ofi_pct,fwd_micro_10s,1657258,94,-0.012832823178064392,0.000615244770712462,0.015506199334543733,0.03887008883328246,0.3989236917119307,-0.07878787878787878,0.23467317701890714,10
ofi_pct,fwd_mid_30s,1657258,94,-0.014712831610981055,0.011846393144109547,-0.044419217890299935,0.0662441057156301,-0.6705384186327593,0.07878787878787878,0.23467317701890714,10
ofi_pct,fwd_micro_30s,1657258,94,-0.019925735617800006,0.013091787219907692,-0.048212925495867795,0.07076952152165214,-0.6812668004420083,0.11515151515151514,0.23467317701890714,10
ofi_pct,fwd_mid_60s,1657258,94,-0.03349438413076966,0.04297334061535643,0.03248867248799483,0.0942174624153237,0.34482644358197884,0.17575757575757575,0.23467317701890714,10
ofi_pct,fwd_micro_60s,1657258,94,-0.03352437358082531,0.04525498427419877,0.0469838925186198,0.09589600953490077,0.48994627353623404,0.17575757575757575,0.23467317701890714,10
trade_buy_vol,fwd_mid_100ms,1691793,0,NaN,0.0009259089725350386,NaN,NaN,NaN,0.19999999999999998,0.5783426222948079,5
trade_buy_vol,fwd_micro_100ms,1691793,0,NaN,0.0017352154687422653,NaN,NaN,NaN,0.7,0.5783426222948079,5
trade_buy_vol,fwd_mid_300ms,1691793,0,NaN,0.004904569884543254,NaN,NaN,NaN,0.39999999999999997,0.5783426222948079,5
trade_buy_vol,fwd_micro_300ms,1691793,0,NaN,0.005649018615371049,NaN,NaN,NaN,0.7,0.5783426222948079,5
trade_buy_vol,fwd_mid_500ms,1691793,0,NaN,0.0025772448977051062,NaN,NaN,NaN,0.39999999999999997,0.5783426222948079,5
trade_buy_vol,fwd_micro_500ms,1691793,0,NaN,-0.0005869111638436633,NaN,NaN,NaN,0.39999999999999997,0.5783426222948079,5
trade_buy_vol,fwd_mid_1s,1691793,0,NaN,-0.00026846907378736177,NaN,NaN,NaN,0.0,0.5783426222948079,5
trade_buy_vol,fwd_micro_1s,1691793,0,NaN,-0.0005278604823398951,NaN,NaN,NaN,0.09999999999999999,0.5783426222948079,5
trade_buy_vol,fwd_mid_3s,1691793,0,NaN,0.0023178072074706976,NaN,NaN,NaN,-0.6,0.5783426222948079,5
trade_buy_vol,fwd_micro_3s,1691793,0,NaN,0.004076830063525833,NaN,NaN,NaN,-0.49999999999999994,0.5783426222948079,5
trade_buy_vol,fwd_mid_5s,1691793,0,NaN,0.0027561629656030233,NaN,NaN,NaN,0.19999999999999998,0.5783426222948079,5
trade_buy_vol,fwd_micro_5s,1691793,0,NaN,0.0028856646025088137,NaN,NaN,NaN,0.19999999999999998,0.5783426222948079,5
trade_buy_vol,fwd_mid_10s,1691793,0,NaN,0.003817623616897067,NaN,NaN,NaN,0.39999999999999997,0.5783426222948079,5
trade_buy_vol,fwd_micro_10s,1691793,0,NaN,0.0036959845354254373,NaN,NaN,NaN,0.39999999999999997,0.5783426222948079,5
trade_buy_vol,fwd_mid_30s,1691793,0,NaN,0.014381274043742403,NaN,NaN,NaN,0.39999999999999997,0.5783426222948079,5
trade_buy_vol,fwd_micro_30s,1691793,0,NaN,0.014104062253887394,NaN,NaN,NaN,0.39999999999999997,0.5783426222948079,5
trade_buy_vol,fwd_mid_60s,1691793,0,NaN,0.032338823404965814,NaN,NaN,NaN,0.39999999999999997,0.5783426222948079,5
trade_buy_vol,fwd_micro_60s,1691793,0,NaN,0.032516789373451496,NaN,NaN,NaN,0.39999999999999997,0.5783426222948079,5
trade_buy_cnt,fwd_mid_100ms,1691793,0,NaN,0.0007650235174189826,NaN,NaN,NaN,0.09999999999999999,0.5889461653996677,5
trade_buy_cnt,fwd_micro_100ms,1691793,0,NaN,0.0017629658462176756,NaN,NaN,NaN,0.3,0.5889461653996677,5
trade_buy_cnt,fwd_mid_300ms,1691793,0,NaN,0.004621504032130258,NaN,NaN,NaN,0.3,0.5889461653996677,5
trade_buy_cnt,fwd_micro_300ms,1691793,0,NaN,0.005635149478655461,NaN,NaN,NaN,0.7,0.5889461653996677,5
trade_buy_cnt,fwd_mid_500ms,1691793,0,NaN,0.0023615246379377346,NaN,NaN,NaN,0.39999999999999997,0.5889461653996677,5
trade_buy_cnt,fwd_micro_500ms,1691793,0,NaN,-0.0005786349054502672,NaN,NaN,NaN,0.39999999999999997,0.5889461653996677,5
trade_buy_cnt,fwd_mid_1s,1691793,0,NaN,-0.00042126113427754696,NaN,NaN,NaN,0.0,0.5889461653996677,5
trade_buy_cnt,fwd_micro_1s,1691793,0,NaN,-0.0005954280333436725,NaN,NaN,NaN,0.09999999999999999,0.5889461653996677,5
trade_buy_cnt,fwd_mid_3s,1691793,0,NaN,0.0017789088820225954,NaN,NaN,NaN,-0.7999999999999999,0.5889461653996677,5
trade_buy_cnt,fwd_micro_3s,1691793,0,NaN,0.0035823670032279487,NaN,NaN,NaN,-0.09999999999999999,0.5889461653996677,5
trade_buy_cnt,fwd_mid_5s,1691793,0,NaN,0.002433028833015332,NaN,NaN,NaN,0.19999999999999998,0.5889461653996677,5
trade_buy_cnt,fwd_micro_5s,1691793,0,NaN,0.0027086006586063637,NaN,NaN,NaN,0.39999999999999997,0.5889461653996677,5
trade_buy_cnt,fwd_mid_10s,1691793,0,NaN,0.004310832334215356,NaN,NaN,NaN,0.39999999999999997,0.5889461653996677,5
trade_buy_cnt,fwd_micro_10s,1691793,0,NaN,0.004415258965761163,NaN,NaN,NaN,0.39999999999999997,0.5889461653996677,5
trade_buy_cnt,fwd_mid_30s,1691793,0,NaN,0.016868692875141054,NaN,NaN,NaN,0.39999999999999997,0.5889461653996677,5
trade_buy_cnt,fwd_micro_30s,1691793,0,NaN,0.01653823738788905,NaN,NaN,NaN,0.39999999999999997,0.5889461653996677,5
trade_buy_cnt,fwd_mid_60s,1691793,0,NaN,0.035556304233677095,NaN,NaN,NaN,0.39999999999999997,0.5889461653996677,5
trade_buy_cnt,fwd_micro_60s,1691793,0,NaN,0.035581168317213856,NaN,NaN,NaN,0.39999999999999997,0.5889461653996677,5
trade_sell_vol,fwd_mid_100ms,1691793,0,NaN,0.0008485719268170053,NaN,NaN,NaN,0.0,0.5967107086978135,4
trade_sell_vol,fwd_micro_100ms,1691793,0,NaN,0.0016073315491262634,NaN,NaN,NaN,0.39999999999999997,0.5967107086978135,4
trade_sell_vol,fwd_mid_300ms,1691793,0,NaN,0.0044464650719509245,NaN,NaN,NaN,0.7999999999999999,0.5967107086978135,4
trade_sell_vol,fwd_micro_300ms,1691793,0,NaN,0.004944712748999866,NaN,NaN,NaN,0.19999999999999998,0.5967107086978135,4
trade_sell_vol,fwd_mid_500ms,1691793,0,NaN,0.0017478574050515908,NaN,NaN,NaN,0.39999999999999997,0.5967107086978135,4
trade_sell_vol,fwd_micro_500ms,1691793,0,NaN,-0.0009401885804364513,NaN,NaN,NaN,-0.39999999999999997,0.5967107086978135,4
trade_sell_vol,fwd_mid_1s,1691793,0,NaN,-0.00046760583235186615,NaN,NaN,NaN,0.39999999999999997,0.5967107086978135,4
trade_sell_vol,fwd_micro_1s,1691793,0,NaN,-0.000854671760202832,NaN,NaN,NaN,-0.7999999999999999,0.5967107086978135,4
trade_sell_vol,fwd_mid_3s,1691793,0,NaN,0.0008822868722803139,NaN,NaN,NaN,-0.7999999999999999,0.5967107086978135,4
trade_sell_vol,fwd_micro_3s,1691793,0,NaN,0.002183853189095281,NaN,NaN,NaN,-0.7999999999999999,0.5967107086978135,4
trade_sell_vol,fwd_mid_5s,1691793,0,NaN,-0.0010035331524808659,NaN,NaN,NaN,-0.39999999999999997,0.5967107086978135,4
trade_sell_vol,fwd_micro_5s,1691793,0,NaN,-0.0015992827560617413,NaN,NaN,NaN,-0.39999999999999997,0.5967107086978135,4
trade_sell_vol,fwd_mid_10s,1691793,0,NaN,-0.0024148277790927088,NaN,NaN,NaN,-0.7999999999999999,0.5967107086978135,4
trade_sell_vol,fwd_micro_10s,1691793,0,NaN,-0.003078045261363922,NaN,NaN,NaN,-0.7999999999999999,0.5967107086978135,4
trade_sell_vol,fwd_mid_30s,1691793,0,NaN,-0.0019011423328536613,NaN,NaN,NaN,-0.39999999999999997,0.5967107086978135,4
trade_sell_vol,fwd_micro_30s,1691793,0,NaN,-0.0028777222020918997,NaN,NaN,NaN,-0.39999999999999997,0.5967107086978135,4
trade_sell_vol,fwd_mid_60s,1691793,0,NaN,0.002321916714261343,NaN,NaN,NaN,-0.39999999999999997,0.5967107086978135,4
trade_sell_vol,fwd_micro_60s,1691793,0,NaN,0.0012362727253885117,NaN,NaN,NaN,-0.39999999999999997,0.5967107086978135,4
trade_sell_cnt,fwd_mid_100ms,1691793,0,NaN,0.0008987595467186426,NaN,NaN,NaN,0.0,0.6067698589602866,4
trade_sell_cnt,fwd_micro_100ms,1691793,0,NaN,0.001687934848882782,NaN,NaN,NaN,0.39999999999999997,0.6067698589602866,4
trade_sell_cnt,fwd_mid_300ms,1691793,0,NaN,0.004387436081012841,NaN,NaN,NaN,1.0,0.6067698589602866,4
trade_sell_cnt,fwd_micro_300ms,1691793,0,NaN,0.004890737893247509,NaN,NaN,NaN,0.39999999999999997,0.6067698589602866,4
trade_sell_cnt,fwd_mid_500ms,1691793,0,NaN,0.0018451317291978673,NaN,NaN,NaN,-0.19999999999999998,0.6067698589602866,4
trade_sell_cnt,fwd_micro_500ms,1691793,0,NaN,-0.0005901153868763134,NaN,NaN,NaN,-0.19999999999999998,0.6067698589602866,4
trade_sell_cnt,fwd_mid_1s,1691793,0,NaN,-0.00003271133171789617,NaN,NaN,NaN,0.39999999999999997,0.6067698589602866,4
trade_sell_cnt,fwd_micro_1s,1691793,0,NaN,-0.00020447038480664854,NaN,NaN,NaN,-0.7999999999999999,0.6067698589602866,4
trade_sell_cnt,fwd_mid_3s,1691793,0,NaN,0.000758406448468298,NaN,NaN,NaN,-0.7999999999999999,0.6067698589602866,4
trade_sell_cnt,fwd_micro_3s,1691793,0,NaN,0.002073761819876185,NaN,NaN,NaN,-0.7999999999999999,0.6067698589602866,4
trade_sell_cnt,fwd_mid_5s,1691793,0,NaN,-0.0009842165078852434,NaN,NaN,NaN,-0.39999999999999997,0.6067698589602866,4
trade_sell_cnt,fwd_micro_5s,1691793,0,NaN,-0.0017730899561558676,NaN,NaN,NaN,-0.39999999999999997,0.6067698589602866,4
trade_sell_cnt,fwd_mid_10s,1691793,0,NaN,-0.002309093653757873,NaN,NaN,NaN,-0.7999999999999999,0.6067698589602866,4
trade_sell_cnt,fwd_micro_10s,1691793,0,NaN,-0.003072552583624888,NaN,NaN,NaN,-0.7999999999999999,0.6067698589602866,4
trade_sell_cnt,fwd_mid_30s,1691793,0,NaN,-0.00038963119600686247,NaN,NaN,NaN,-0.39999999999999997,0.6067698589602866,4
trade_sell_cnt,fwd_micro_30s,1691793,0,NaN,-0.0015561360497436106,NaN,NaN,NaN,-0.39999999999999997,0.6067698589602866,4
trade_sell_cnt,fwd_mid_60s,1691793,0,NaN,0.0028509902875560045,NaN,NaN,NaN,-0.39999999999999997,0.6067698589602866,4
trade_sell_cnt,fwd_micro_60s,1691793,0,NaN,0.001859657235532128,NaN,NaN,NaN,-0.39999999999999997,0.6067698589602866,4
trade_dollar_imb,fwd_mid_100ms,1691793,97,0.002191942965290348,0.0005303611455121171,-0.015711476989516575,0.012877830493746046,-1.2200406735549636,0.04761904761904763,0.560346921875194,8
trade_dollar_imb,fwd_micro_100ms,1691793,97,-0.0017942423598032557,0.0015878757330558453,-0.014279533629038292,0.01395581598460222,-1.0231958951589242,0.2380952380952381,0.560346921875194,8
trade_dollar_imb,fwd_mid_300ms,1691793,97,0.005665928265730458,0.004474798378109975,-0.011412582763150029,0.01270501883847617,-0.8982735805623444,0.14285714285714288,0.560346921875194,8
trade_dollar_imb,fwd_micro_300ms,1691793,97,0.0068587231990673465,0.0050685780017780445,-0.0061733279649321005,0.01532402848215908,-0.4028528119821342,0.04761904761904763,0.560346921875194,8
trade_dollar_imb,fwd_mid_500ms,1691793,97,0.006293645357690729,0.0017591227928228763,-0.019202990360745492,0.014988227923885211,-1.2812048534532654,-0.07142857142857144,0.560346921875194,8
trade_dollar_imb,fwd_micro_500ms,1691793,97,0.011507549353056798,-0.002131168333826269,-0.03409824593730263,0.021370925749965786,-1.5955436997088075,-0.2380952380952381,0.560346921875194,8
trade_dollar_imb,fwd_mid_1s,1691793,97,0.015078932119458235,-0.0012656657652685922,-0.03285136352448508,0.018457630011116877,-1.7798256604287213,-0.4523809523809524,0.560346921875194,8
trade_dollar_imb,fwd_micro_1s,1691793,97,0.009040071412703134,-0.0012132034224965553,-0.019787432635047775,0.037182322706143495,-0.5321731187002573,-0.38095238095238104,0.560346921875194,8
trade_dollar_imb,fwd_mid_3s,1691793,97,0.016782101300677116,0.0004511811207845073,-0.016776968260846504,0.024909118723348705,-0.673527170799524,0.023809523809523815,0.560346921875194,8
trade_dollar_imb,fwd_micro_3s,1691793,97,0.006650712977410517,0.002872146381645682,-0.024823801307696364,0.03631963183867335,-0.6834816337885848,-0.1666666666666667,0.560346921875194,8
trade_dollar_imb,fwd_mid_5s,1691793,97,0.001373402334473107,0.0009624022342418734,-0.008460084244483138,0.03144045354014634,-0.2690827673233292,0.023809523809523815,0.560346921875194,8
trade_dollar_imb,fwd_micro_5s,1691793,97,-0.0076975945364322045,0.0015725198489108278,0.006799241008623462,0.0289377615417648,0.23496084860642624,0.3333333333333334,0.560346921875194,8
trade_dollar_imb,fwd_mid_10s,1691793,97,-0.013405260866908518,0.0027193274860987187,-0.004464667953878326,0.053247468974018435,-0.0838475150068976,0.38095238095238104,0.560346921875194,8
trade_dollar_imb,fwd_micro_10s,1691793,97,-0.009296717740022682,0.002135309404179997,-0.041371127733461674,0.052594755271750504,-0.7866017727376474,0.30952380952380953,0.560346921875194,8
trade_dollar_imb,fwd_mid_30s,1691793,97,0.007048714817468536,0.010723993698975148,-0.15088449253556765,0.11327784367982728,-1.331985917405289,0.11904761904761905,0.560346921875194,8
trade_dollar_imb,fwd_micro_30s,1691793,97,-0.004501270176164812,0.010659830829429555,-0.16330313186614953,0.1292698756938163,-1.263272908631421,0.11904761904761905,0.560346921875194,8
trade_dollar_imb,fwd_mid_60s,1691793,97,-0.007554534850099033,0.028601428509832782,-0.10230030800019906,0.15625895229503428,-0.654684461259184,0.11904761904761905,0.560346921875194,8
trade_dollar_imb,fwd_micro_60s,1691793,97,-0.01414494121266636,0.028875698213499345,-0.1402895425705976,0.1718512122192829,-0.8163430490765903,0.11904761904761905,0.560346921875194,8
trade_imb,fwd_mid_100ms,1691793,64,0.004529207157725727,0.0006427583950801886,-0.01774291072004886,0.01482465277384464,-1.1968516895959243,-0.11904761904761905,0.5732935412311081,8
trade_imb,fwd_micro_100ms,1691793,64,-0.0009305887325277653,0.0016355806178855817,-0.01593555241090613,0.02076149137625012,-0.7675533574209139,0.3333333333333334,0.5732935412311081,8
trade_imb,fwd_mid_300ms,1691793,64,0.007647781006881204,0.004645833498253325,-0.014610589188232935,0.014836883877011727,-0.9847478290822634,0.023809523809523815,0.5732935412311081,8
trade_imb,fwd_micro_300ms,1691793,64,0.006656142000650355,0.005343820220116142,-0.007115025177510835,0.02258390042851458,-0.3150485541694719,-0.07142857142857144,0.5732935412311081,8
trade_imb,fwd_mid_500ms,1691793,64,0.01091179808918953,0.0020294939685008514,-0.03236569231359233,0.019668209889094224,-1.6455840412572929,-0.023809523809523815,0.5732935412311081,8
trade_imb,fwd_micro_500ms,1691793,64,0.020893198396543834,-0.0018979235103932749,-0.06660821578206322,0.041179173957283405,-1.6175219019973117,-0.3333333333333334,0.5732935412311081,8
trade_imb,fwd_mid_1s,1691793,64,0.017033545565599745,-0.0011433592725174548,-0.04476862496020823,0.02362005681570246,-1.8953648295395438,-0.28571428571428575,0.5732935412311081,8
trade_imb,fwd_micro_1s,1691793,64,0.01050107689653096,-0.0013895183308999962,-0.04183645100370595,0.05948829139440305,-0.7032720224948691,-0.11904761904761905,0.5732935412311081,8
trade_imb,fwd_mid_3s,1691793,64,0.03170487813043798,0.0011269143168776935,-0.035219568251734945,0.03299132550943834,-1.0675402612016645,0.09523809523809526,0.5732935412311081,8
trade_imb,fwd_micro_3s,1691793,64,0.02026555993416049,0.003713345458510828,-0.052602506947877166,0.053510855424006666,-0.9830249681315694,0.09523809523809526,0.5732935412311081,8
trade_imb,fwd_mid_5s,1691793,64,0.014850157459518011,0.0025715146184075595,-0.032573694975856826,0.042503403109148664,-0.7663785154381082,0.2142857142857143,0.5732935412311081,8
trade_imb,fwd_micro_5s,1691793,64,0.007657603143401736,0.003202882399390248,-0.030931571579308773,0.04632913688238111,-0.6676483453131629,0.2142857142857143,0.5732935412311081,8
trade_imb,fwd_mid_10s,1691793,64,0.010352135117666784,0.005014541111986373,0.006903851899539008,0.07947854429510705,0.08686434761442946,0.28571428571428575,0.5732935412311081,8
trade_imb,fwd_micro_10s,1691793,64,0.020093513769617346,0.004506136126098941,-0.056411683239380894,0.07710720795918197,-0.7316006471047868,0.28571428571428575,0.5732935412311081,8
trade_imb,fwd_mid_30s,1691793,64,0.07187044597626348,0.014847811864767278,-0.19148113030566472,0.1644069479333119,-1.164677847941894,0.09523809523809526,0.5732935412311081,8
trade_imb,fwd_micro_30s,1691793,64,0.06460528249418271,0.01457225170689808,-0.2527241374995481,0.19817743443248548,-1.275241745980143,0.2142857142857143,0.5732935412311081,8
trade_imb,fwd_mid_60s,1691793,64,0.02975019828933979,0.03497912772954404,-0.07775015459389098,0.22233724661978596,-0.3496946902776475,0.261904761904762,0.5732935412311081,8
trade_imb,fwd_micro_60s,1691793,64,0.030594162576555582,0.03502747414777369,-0.1909097403443713,0.23964531895714314,-0.7966345479859448,0.261904761904762,0.5732935412311081,8
signed_vol,fwd_mid_100ms,1691793,97,0.0022490417248586052,0.0005425769191035656,-0.015697206046162395,0.012931634692496226,-1.2138609247345142,0.09523809523809526,0.5606140940410559,8
signed_vol,fwd_micro_100ms,1691793,97,-0.0015811239528795947,0.001610279665433066,-0.015804201237600568,0.014943379959727068,-1.0576055270088456,0.2380952380952381,0.5606140940410559,8
signed_vol,fwd_mid_300ms,1691793,97,0.00561907742628868,0.0044873789644291895,-0.011527296240742384,0.012768618173121613,-0.9027833775316224,0.14285714285714288,0.5606140940410559,8
signed_vol,fwd_micro_300ms,1691793,97,0.007033180990193079,0.005120851547686226,-0.007410310348323813,0.015461993705551545,-0.47925969247181766,0.04761904761904763,0.5606140940410559,8
signed_vol,fwd_mid_500ms,1691793,97,0.00631729697765001,0.0018115099964614312,-0.01895535796161299,0.014957437493917064,-1.267286456608748,-0.1666666666666667,0.5606140940410559,8
signed_vol,fwd_micro_500ms,1691793,97,0.01168042036127817,-0.002055576644943365,-0.03395387260964996,0.02143359090792869,-1.5841429817105346,-0.2380952380952381,0.5606140940410559,8
signed_vol,fwd_mid_1s,1691793,97,0.015265982481972388,-0.0012429320902251338,-0.0329535007796571,0.018326558406417653,-1.7981281618111853,-0.30952380952380953,0.5606140940410559,8
signed_vol,fwd_micro_1s,1691793,97,0.009739431957603522,-0.0011193943295389338,-0.020484358762393472,0.037395594068970146,-0.5477746582822932,-0.38095238095238104,0.5606140940410559,8
signed_vol,fwd_mid_3s,1691793,97,0.01790527170730854,0.0004578425132188105,-0.01828193685536886,0.024673407785147632,-0.740957107123801,0.023809523809523815,0.5606140940410559,8
signed_vol,fwd_micro_3s,1691793,97,0.007836063199844718,0.0029361576105362084,-0.0267032230561093,0.036627322012971836,-0.7290520187812846,-0.04761904761904763,0.5606140940410559,8
signed_vol,fwd_mid_5s,1691793,97,0.0018175179803879594,0.001114117249528282,-0.008529052743645923,0.03147329216235171,-0.27099334571196715,0.023809523809523815,0.5606140940410559,8
signed_vol,fwd_micro_5s,1691793,97,-0.0071354740951969885,0.0018217807945682242,0.007121677935561091,0.02891033244698252,0.2463367707244891,0.3333333333333334,0.5606140940410559,8
signed_vol,fwd_mid_10s,1691793,97,-0.014477840260390023,0.0031060601484513128,0.010493752297484395,0.0560367047242973,0.18726569217647704,0.38095238095238104,0.5606140940410559,8
signed_vol,fwd_micro_10s,1691793,97,-0.010808703436990542,0.0025852600838083164,-0.020834139486273443,0.056009532097924815,-0.3719748890215307,0.38095238095238104,0.5606140940410559,8
signed_vol,fwd_mid_30s,1691793,97,0.005506744703465168,0.010999735569860614,-0.13701245094845482,0.11169783445051483,-1.226634801135335,0.11904761904761905,0.5606140940410559,8
signed_vol,fwd_micro_30s,1691793,97,-0.006631470714262958,0.011024065424122195,-0.14256006895823875,0.12400525316290598,-1.1496292723257238,0.11904761904761905,0.5606140940410559,8
signed_vol,fwd_mid_60s,1691793,97,-0.010275319300129105,0.028682328923759295,-0.10378411286976875,0.15584147300405468,-0.6659595220013642,0.11904761904761905,0.5606140940410559,8
signed_vol,fwd_micro_60s,1691793,97,-0.01727268341605715,0.02897679985883791,-0.12895280645048385,0.17499861485518522,-0.7368790121978669,0.11904761904761905,0.5606140940410559,8
signed_cnt,fwd_mid_100ms,1691793,97,0.0024835177157576955,0.0003950439146156256,-0.012357251328654017,0.010055879687922284,-1.2288583109736106,-0.14285714285714288,0.6014796136406759,7
signed_cnt,fwd_micro_100ms,1691793,97,-0.002823157868409692,0.0015684568230235763,-0.011750501839555642,0.014026236035302552,-0.8377516113361327,0.0,0.6014796136406759,7
signed_cnt,fwd_mid_300ms,1691793,97,0.005528599267257035,0.0042812127539285,-0.009556967474353025,0.010386957763604676,-0.9200930331920776,0.07142857142857144,0.6014796136406759,7
signed_cnt,fwd_micro_300ms,1691793,97,0.004762980601239528,0.004908317065869697,-0.00973728610034778,0.016165008599414683,-0.6023681361171905,-0.21428571428571433,0.6014796136406759,7
signed_cnt,fwd_mid_500ms,1691793,97,0.005659069581618622,0.0015691048769988748,-0.020317483444515352,0.014727317886969366,-1.379577978858739,-0.3214285714285715,0.6014796136406759,7
signed_cnt,fwd_micro_500ms,1691793,97,0.009605167354871979,-0.0019062058131576478,-0.05656865019333054,0.036854073118785816,-1.5349361795371137,-0.7142857142857144,0.6014796136406759,7
signed_cnt,fwd_mid_1s,1691793,97,0.011782349217572326,-0.0011362814353779596,-0.03170493485602918,0.01698863127131797,-1.8662442164812216,-0.42857142857142866,0.6014796136406759,7
signed_cnt,fwd_micro_1s,1691793,97,0.005858534439620551,-0.001175077346267399,-0.03676405276243371,0.04934207479620566,-0.7450852627149928,-0.3214285714285715,0.6014796136406759,7
signed_cnt,fwd_mid_3s,1691793,97,0.010755427784426848,0.00045867285258679915,-0.018839028345901062,0.023012465836118334,-0.8186444894720055,-0.10714285714285716,0.6014796136406759,7
signed_cnt,fwd_micro_3s,1691793,97,0.0029211354180126224,0.0033387587917916004,-0.03328552770952039,0.03674152136549706,-0.905937655068848,0.10714285714285716,0.6014796136406759,7
signed_cnt,fwd_mid_5s,1691793,97,-0.004371033280735741,0.0018130536217842502,-0.007855254946834134,0.027998774510761656,-0.28055709880498075,0.5714285714285715,0.6014796136406759,7
signed_cnt,fwd_micro_5s,1691793,97,-0.011308283403344745,0.002438638827007637,-0.0044779600209763435,0.032280592080285934,-0.13871988499588508,0.5714285714285715,0.6014796136406759,7
signed_cnt,fwd_mid_10s,1691793,97,-0.02145878815364975,0.004529965305276755,0.027798878523981104,0.050686791045546055,0.5484442386380631,0.4642857142857144,0.6014796136406759,7
signed_cnt,fwd_micro_10s,1691793,97,-0.015338065550187211,0.004296478007760949,-0.001542192933153709,0.04380476175215505,-0.035206056863848555,0.4642857142857144,0.6014796136406759,7
signed_cnt,fwd_mid_30s,1691793,97,-0.023117048244397066,0.01418184782852084,-0.09723439286992122,0.1060290121454232,-0.9170545957417788,0.10714285714285716,0.6014796136406759,7
signed_cnt,fwd_micro_30s,1691793,97,-0.03737949227893508,0.014208602732644408,-0.12248437794466634,0.12459073567126304,-0.9830937853023486,0.28571428571428575,0.6014796136406759,7
signed_cnt,fwd_mid_60s,1691793,97,-0.08116053824159872,0.03506801480545629,-0.006265678481818182,0.14555660576793422,-0.04304633547039262,0.21428571428571433,0.6014796136406759,7
signed_cnt,fwd_micro_60s,1691793,97,-0.0848759461831019,0.035336917908572144,-0.07697654014421054,0.15451596434386353,-0.4981785569606588,0.21428571428571433,0.6014796136406759,7
aggr_buy_int,fwd_mid_100ms,1691793,1,-0.027172633170861337,0.0035332232645919038,NaN,NaN,NaN,0.16363636363636364,0.2404691354084099,10
aggr_buy_int,fwd_micro_100ms,1691793,1,-0.027512436427981117,0.0025360592017093873,NaN,NaN,NaN,0.17575757575757575,0.2404691354084099,10
aggr_buy_int,fwd_mid_300ms,1691793,1,-0.019238908479201573,0.006310968983338044,NaN,NaN,NaN,0.3939393939393939,0.2404691354084099,10
aggr_buy_int,fwd_micro_300ms,1691793,1,-0.01610838943561094,0.0029889067660756915,NaN,NaN,NaN,0.2606060606060606,0.2404691354084099,10
aggr_buy_int,fwd_mid_500ms,1691793,1,-0.008505369863253748,0.0009999185666406142,NaN,NaN,NaN,0.2121212121212121,0.2404691354084099,10
aggr_buy_int,fwd_micro_500ms,1691793,1,-0.008823939620406894,-0.007940267656135517,NaN,NaN,NaN,-0.09090909090909088,0.2404691354084099,10
aggr_buy_int,fwd_mid_1s,1691793,1,-0.06556846442924957,-0.0014503691202649265,NaN,NaN,NaN,0.04242424242424241,0.2404691354084099,10
aggr_buy_int,fwd_micro_1s,1691793,1,-0.06673415389000265,-0.00588228215241965,NaN,NaN,NaN,0.05454545454545454,0.2404691354084099,10
aggr_buy_int,fwd_mid_3s,1691793,1,-0.0025236279754831323,0.011959134347020601,NaN,NaN,NaN,-0.05454545454545454,0.2404691354084099,10
aggr_buy_int,fwd_micro_3s,1691793,1,-0.018143788450967997,0.010367315094855565,NaN,NaN,NaN,0.32121212121212117,0.2404691354084099,10
aggr_buy_int,fwd_mid_5s,1691793,1,0.02386825856477252,0.00847014457107247,NaN,NaN,NaN,-0.28484848484848485,0.2404691354084099,10
aggr_buy_int,fwd_micro_5s,1691793,1,0.017093831693819957,0.008229144479931293,NaN,NaN,NaN,-0.29696969696969694,0.2404691354084099,10
aggr_buy_int,fwd_mid_10s,1691793,1,0.07913443730733695,0.02529514036830236,NaN,NaN,NaN,-0.49090909090909085,0.2404691354084099,10
aggr_buy_int,fwd_micro_10s,1691793,1,0.07764675133442824,0.026602331778954734,NaN,NaN,NaN,-0.5272727272727272,0.2404691354084099,10
aggr_buy_int,fwd_mid_30s,1691793,1,0.05201622654859365,0.06795347801698232,NaN,NaN,NaN,-0.2121212121212121,0.2404691354084099,10
aggr_buy_int,fwd_micro_30s,1691793,1,0.04351777935186416,0.06606142124868059,NaN,NaN,NaN,-0.23636363636363633,0.2404691354084099,10
aggr_buy_int,fwd_mid_60s,1691793,1,-0.15551824441006332,0.13900494272544783,NaN,NaN,NaN,0.17575757575757575,0.2404691354084099,10
aggr_buy_int,fwd_micro_60s,1691793,1,-0.16539361397949115,0.1432488396120913,NaN,NaN,NaN,0.10303030303030303,0.2404691354084099,10
aggr_sell_int,fwd_mid_100ms,1691793,1,-0.028414057553327016,0.0018762162525164596,NaN,NaN,NaN,0.3939393939393939,0.2702866130785504,10
aggr_sell_int,fwd_micro_100ms,1691793,1,-0.024962249241508118,0.0005646321301794213,NaN,NaN,NaN,0.41818181818181815,0.2702866130785504,10
aggr_sell_int,fwd_mid_300ms,1691793,1,-0.019314596777014213,0.005416233621466037,NaN,NaN,NaN,0.6484848484848483,0.2702866130785504,10
aggr_sell_int,fwd_micro_300ms,1691793,1,-0.0023704939354272678,0.0035545483435942137,NaN,NaN,NaN,0.4666666666666666,0.2702866130785504,10
aggr_sell_int,fwd_mid_500ms,1691793,1,0.03454710405514987,0.00446635156538809,NaN,NaN,NaN,-0.04242424242424241,0.2702866130785504,10
aggr_sell_int,fwd_micro_500ms,1691793,1,0.04677770948724244,-0.0019304686235822857,NaN,NaN,NaN,-0.17575757575757575,0.2702866130785504,10
aggr_sell_int,fwd_mid_1s,1691793,1,-0.012600445342933812,0.0019634535993178163,NaN,NaN,NaN,0.1515151515151515,0.2702866130785504,10
aggr_sell_int,fwd_micro_1s,1691793,1,-0.0012846479299734655,-0.002633192779726837,NaN,NaN,NaN,0.1515151515151515,0.2702866130785504,10
aggr_sell_int,fwd_mid_3s,1691793,1,-0.022322312691558575,0.011436003021614573,NaN,NaN,NaN,0.3939393939393939,0.2702866130785504,10
aggr_sell_int,fwd_micro_3s,1691793,1,-0.028703458462114917,-0.000927522508547239,NaN,NaN,NaN,0.34545454545454546,0.2702866130785504,10
aggr_sell_int,fwd_mid_5s,1691793,1,0.06067766848031752,0.008116024437098291,NaN,NaN,NaN,-0.23636363636363633,0.2702866130785504,10
aggr_sell_int,fwd_micro_5s,1691793,1,0.07304871853438004,0.007005541276041041,NaN,NaN,NaN,-0.28484848484848485,0.2702866130785504,10
aggr_sell_int,fwd_mid_10s,1691793,1,0.010441645488760445,0.01606237963720217,NaN,NaN,NaN,-0.18787878787878787,0.2702866130785504,10
aggr_sell_int,fwd_micro_10s,1691793,1,0.03562023602852779,0.015113691258186103,NaN,NaN,NaN,-0.22424242424242422,0.2702866130785504,10
aggr_sell_int,fwd_mid_30s,1691793,1,-0.2834481359824781,0.0729079542653169,NaN,NaN,NaN,0.33333333333333326,0.2702866130785504,10
aggr_sell_int,fwd_micro_30s,1691793,1,-0.28409783205112865,0.06638227440293419,NaN,NaN,NaN,0.29696969696969694,0.2702866130785504,10
aggr_sell_int,fwd_mid_60s,1691793,1,-0.4751721457353156,0.11803244857192442,NaN,NaN,NaN,0.309090909090909,0.2702866130785504,10
aggr_sell_int,fwd_micro_60s,1691793,1,-0.4668494249332069,0.11785851962197239,NaN,NaN,NaN,0.309090909090909,0.2702866130785504,10
aggr_imb,fwd_mid_100ms,1691793,28,0.008221428654180971,0.002188972719379689,-0.011148656729549209,0.006266220768263371,-1.7791675623709255,-0.19999999999999998,0.2783951700946865,10
aggr_imb,fwd_micro_100ms,1691793,28,0.00999937966915773,0.001646127740952043,-0.014859439520597924,0.010321732433193207,-1.4396264984366485,-0.1515151515151515,0.2783951700946865,10
aggr_imb,fwd_mid_300ms,1691793,28,0.02062571055090423,0.0038179797577524857,-0.02740787782670803,0.009136238904945745,-2.9999081801452507,0.06666666666666665,0.2783951700946865,10
aggr_imb,fwd_micro_300ms,1691793,28,0.011262243398228549,0.004894191670958619,-0.02106911756305841,0.02332810375166357,-0.903164602976182,0.006060606060606061,0.2783951700946865,10
aggr_imb,fwd_mid_500ms,1691793,28,0.02150874473483831,-0.00039618531251431896,-0.04458323093400961,0.021138283602538194,-2.109122565119537,0.10303030303030303,0.2783951700946865,10
aggr_imb,fwd_micro_500ms,1691793,28,0.010665499766968917,-0.0037078598855045538,-0.044611654092976634,0.033602304524793535,-1.327636741702041,-0.2606060606060606,0.2783951700946865,10
aggr_imb,fwd_mid_1s,1691793,28,0.023427973247796722,-0.005449755212121864,-0.06585925472172012,0.025709028438311732,-2.5617169812444684,-0.19999999999999998,0.2783951700946865,10
aggr_imb,fwd_micro_1s,1691793,28,0.012847952686707529,-0.003613924532210569,-0.09591378066284027,0.048876126562255595,-1.962385062176947,-0.2121212121212121,0.2783951700946865,10
aggr_imb,fwd_mid_3s,1691793,28,0.009477085413994224,0.005968509598765869,-0.044510881649452584,0.03905157920813574,-1.139797225925744,0.1515151515151515,0.2783951700946865,10
aggr_imb,fwd_micro_3s,1691793,28,0.005106404068387914,0.00598663611027553,-0.04651673672501551,0.05709791811330274,-0.8146835867589712,0.5757575757575757,0.2783951700946865,10
aggr_imb,fwd_mid_5s,1691793,28,0.015981890324583154,0.004000811479922822,-0.03345915336153852,0.057643444889656316,-0.5804502736709706,0.19999999999999998,0.2783951700946865,10
aggr_imb,fwd_micro_5s,1691793,28,0.02747880514126257,0.008264033377897084,-0.04005469131413057,0.06936023899655523,-0.5774877926259724,0.06666666666666665,0.2783951700946865,10
aggr_imb,fwd_mid_10s,1691793,28,0.02735594905570979,0.004830359444144124,-0.05348544185486702,0.1018650918658763,-0.525061538503202,0.07878787878787878,0.2783951700946865,10
aggr_imb,fwd_micro_10s,1691793,28,0.04447812805638825,0.012928737374987028,-0.06530832614635687,0.11494595636127732,-0.5681654945833116,-0.13939393939393938,0.2783951700946865,10
aggr_imb,fwd_mid_30s,1691793,28,0.20691202891254679,0.026051992043100998,-0.3934365479762036,0.20431510367062228,-1.9256361419587718,-0.09090909090909088,0.2783951700946865,10
aggr_imb,fwd_micro_30s,1691793,28,0.18471539082786037,0.028534983832855722,-0.3908986730481576,0.2257713750034927,-1.7313916480426732,-0.0303030303030303,0.2783951700946865,10
aggr_imb,fwd_mid_60s,1691793,28,0.3122793947679935,0.06467556686573336,-0.4037527774020753,0.22139935711747702,-1.8236402429472254,0.05454545454545454,0.2783951700946865,10
aggr_imb,fwd_micro_60s,1691793,28,0.3541628304146805,0.06064146848638615,-0.47766979879740934,0.2351513859229568,-2.0313288689436404,0.12727272727272726,0.2783951700946865,10
aggr_mom,fwd_mid_100ms,1691793,97,0.0010825506090996915,0.0029576836792198384,0.000767524189206146,0.0032307799684770503,0.23756622137531308,-0.01818181818181818,0.2317281133093706,10
aggr_mom,fwd_micro_100ms,1691793,97,0.005888036019306941,0.0025078557333203565,-0.002856596724245824,0.0069415727243472254,-0.4115201032507304,-0.006060606060606061,0.2317281133093706,10
aggr_mom,fwd_mid_300ms,1691793,97,0.00623768991522672,0.005790322035425029,-0.008061420193762924,0.011993856430786869,-0.6721291221287402,0.006060606060606061,0.2317281133093706,10
aggr_mom,fwd_micro_300ms,1691793,97,0.009435399629222616,0.00680956925490801,0.0016695868723844375,0.010981711041240481,0.1520334004523072,0.09090909090909088,0.2317281133093706,10
aggr_mom,fwd_mid_500ms,1691793,97,0.004812123904511951,0.0014005302015307759,-0.010807517161403855,0.01307856713395719,-0.8263533038984996,-0.12727272727272726,0.2317281133093706,10
aggr_mom,fwd_micro_500ms,1691793,97,0.004612603439998694,-0.0004285568874727087,0.017373838101127644,0.026937004644690447,0.6449803283733776,-0.28484848484848485,0.2317281133093706,10
aggr_mom,fwd_mid_1s,1691793,97,0.004455667449364509,-0.001205272915848943,-0.013676921543005757,0.013234605421900712,-1.0334211793253085,-0.22424242424242422,0.2317281133093706,10
aggr_mom,fwd_micro_1s,1691793,97,0.0035504133157326723,0.0022853200600090893,0.025108033042270606,0.03674229083800826,0.6833551329983342,0.04242424242424241,0.2317281133093706,10
aggr_mom,fwd_mid_3s,1691793,97,0.0006065491666749595,0.013539778762907453,0.008409200310086063,0.016874143406547817,0.49834827804195203,0.41818181818181815,0.2317281133093706,10
aggr_mom,fwd_micro_3s,1691793,97,-0.002955712990640237,0.012259564033214442,0.017890211427063107,0.02265627094710392,0.7896361880925491,0.6969696969696969,0.2317281133093706,10
aggr_mom,fwd_mid_5s,1691793,97,0.0014692511707508607,0.011468821764776784,-0.009854184199892696,0.023803726229704444,-0.4139765390006777,0.32121212121212117,0.2317281133093706,10
aggr_mom,fwd_micro_5s,1691793,97,0.00489173177617688,0.013167575221067106,0.0017249173910903106,0.027835964146919485,0.06196722276211157,0.3696969696969697,0.2317281133093706,10
aggr_mom,fwd_mid_10s,1691793,97,0.003313720828583643,0.02651936306803348,-0.02933586732338974,0.0431462264015037,-0.6799173362323836,0.19999999999999998,0.2317281133093706,10
aggr_mom,fwd_micro_10s,1691793,97,0.0074503676538184745,0.031947778888992445,-0.02523768955821028,0.04271507228009623,-0.5908380393861626,0.16363636363636364,0.2317281133093706,10
aggr_mom,fwd_mid_30s,1691793,97,0.06693161404457446,0.06017871598231364,-0.18096495791350664,0.10787079476618802,-1.6776084602486854,-0.01818181818181818,0.2317281133093706,10
aggr_mom,fwd_micro_30s,1691793,97,0.04930373431088114,0.06649660602661078,-0.1659190498675502,0.1176740726214047,-1.4099881662238811,0.12727272727272726,0.2317281133093706,10
aggr_mom,fwd_mid_60s,1691793,97,0.06581075075541602,0.11442195633253667,0.0042860431035698365,0.10632341856866807,0.040311374119350124,0.13939393939393938,0.2317281133093706,10
aggr_mom,fwd_micro_60s,1691793,97,0.07502256985080687,0.11277598588178293,0.04055140760034176,0.13218947149011634,0.3067673025939418,0.13939393939393938,0.2317281133093706,10
aggr_acc,fwd_mid_100ms,1691793,97,0.0015124830911938088,0.00047616165805656417,-0.010984778070334881,0.010163142848161286,-1.0808446003808994,0.09090909090909088,0.47532233553395714,10
aggr_acc,fwd_micro_100ms,1691793,97,-0.005350006857430272,0.0019455899955460542,0.007522181589093302,0.008104685359825706,0.9281275281061706,0.16363636363636364,0.47532233553395714,10
aggr_acc,fwd_mid_300ms,1691793,97,0.007288638805388062,0.004841112585367276,-0.01677589002591999,0.011980415616380462,-1.400276130903407,0.2121212121212121,0.47532233553395714,10
aggr_acc,fwd_micro_300ms,1691793,97,0.0023296034835584394,0.006656513217174297,0.0017202489898313917,0.012238388972963185,0.14056171883666493,0.17575757575757575,0.47532233553395714,10
aggr_acc,fwd_mid_500ms,1691793,97,0.0074536942522379695,0.0018225602151636475,-0.02182314933248017,0.012998330520317717,-1.6789194041779718,-0.11515151515151514,0.47532233553395714,10
aggr_acc,fwd_micro_500ms,1691793,97,0.003150079245410955,-0.0003384880981781087,-0.011389418066171258,0.01671174604103345,-0.6815217295790679,-0.04242424242424241,0.47532233553395714,10
aggr_acc,fwd_mid_1s,1691793,97,0.014275867576271304,-0.0012808179453173182,-0.031742999355989704,0.01560688802114062,-2.033909598953462,-0.3696969696969697,0.47532233553395714,10
aggr_acc,fwd_micro_1s,1691793,97,-0.006068387373404839,0.0029821035330078022,0.0023584013010149894,0.024887390723592785,0.0947628993014229,-0.07878787878787878,0.47532233553395714,10
aggr_acc,fwd_mid_3s,1691793,97,0.01703373695116209,0.0018403940884958085,-0.006806283491201414,0.02003506300951436,-0.3397185967405847,-0.05454545454545454,0.47532233553395714,10
aggr_acc,fwd_micro_3s,1691793,97,0.006926135241157159,0.0057397656126720676,-0.008043455711344601,0.025333831791707163,-0.31749858361251,-0.11515151515151514,0.47532233553395714,10
aggr_acc,fwd_mid_5s,1691793,97,0.008951772413905075,-0.000947529719443112,0.0132216045152747,0.03259863068633162,0.40558772675130883,0.01818181818181818,0.47532233553395714,10
aggr_acc,fwd_micro_5s,1691793,97,-0.005249492766380727,0.0010149771528787438,0.05216008749349139,0.05216129300764728,0.9999768887217632,0.309090909090909,0.47532233553395714,10
aggr_acc,fwd_mid_10s,1691793,97,0.002469422133885481,0.0015012508796839058,0.017341370576630537,0.0435323044746304,0.39835636513882877,0.06666666666666665,0.47532233553395714,10
aggr_acc,fwd_micro_10s,1691793,97,-0.006418503584932503,0.0034046617438772487,0.0575868004461362,0.06412261741271874,0.8980731412675278,0.4424242424242424,0.47532233553395714,10
aggr_acc,fwd_mid_30s,1691793,97,-0.004212749788042087,0.01291759074713079,-0.013551710423081622,0.06971819066277594,-0.19437840102062737,0.23636363636363633,0.47532233553395714,10
aggr_acc,fwd_micro_30s,1691793,97,-0.012092274649897088,0.013034610551427345,0.0006278556329009758,0.06462936246805517,0.0097147118418708,0.23636363636363633,0.47532233553395714,10
aggr_acc,fwd_mid_60s,1691793,97,-0.0046363818013799,0.017916500899787885,-0.10365908678798268,0.10011748310938648,-1.0353744777495726,0.22424242424242422,0.47532233553395714,10
aggr_acc,fwd_micro_60s,1691793,97,-0.00639235310798916,0.018187493721314917,-0.08862305664320484,0.10293174333826523,-0.8609885907786711,0.23636363636363633,0.47532233553395714,10
aggr_shock,fwd_mid_100ms,1691793,0,NaN,-0.00004947306414836512,NaN,NaN,NaN,NaN,1.0,1
aggr_shock,fwd_micro_100ms,1691793,0,NaN,-0.0002112778935740462,NaN,NaN,NaN,NaN,1.0,1
aggr_shock,fwd_mid_300ms,1691793,0,NaN,0.0031790332940128166,NaN,NaN,NaN,NaN,1.0,1
aggr_shock,fwd_micro_300ms,1691793,0,NaN,0.002724461009114834,NaN,NaN,NaN,NaN,1.0,1
aggr_shock,fwd_mid_500ms,1691793,0,NaN,0.0015401632153933752,NaN,NaN,NaN,NaN,1.0,1
aggr_shock,fwd_micro_500ms,1691793,0,NaN,-0.001461943926518934,NaN,NaN,NaN,NaN,1.0,1
aggr_shock,fwd_mid_1s,1691793,0,NaN,0.001576415903014328,NaN,NaN,NaN,NaN,1.0,1
aggr_shock,fwd_micro_1s,1691793,0,NaN,-0.0010119318010230814,NaN,NaN,NaN,NaN,1.0,1
aggr_shock,fwd_mid_3s,1691793,0,NaN,0.0015133120001681688,NaN,NaN,NaN,NaN,1.0,1
aggr_shock,fwd_micro_3s,1691793,0,NaN,0.002005032591108675,NaN,NaN,NaN,NaN,1.0,1
aggr_shock,fwd_mid_5s,1691793,0,NaN,0.00008594374030857337,NaN,NaN,NaN,NaN,1.0,1
aggr_shock,fwd_micro_5s,1691793,0,NaN,7.07015340928325e-6,NaN,NaN,NaN,NaN,1.0,1
aggr_shock,fwd_mid_10s,1691793,0,NaN,0.00032910992316498533,NaN,NaN,NaN,NaN,1.0,1
aggr_shock,fwd_micro_10s,1691793,0,NaN,0.00008948946466995449,NaN,NaN,NaN,NaN,1.0,1
aggr_shock,fwd_mid_30s,1691793,0,NaN,0.0023178610681717973,NaN,NaN,NaN,NaN,1.0,1
aggr_shock,fwd_micro_30s,1691793,0,NaN,0.0020699781713494486,NaN,NaN,NaN,NaN,1.0,1
aggr_shock,fwd_mid_60s,1691793,0,NaN,0.005823053028906056,NaN,NaN,NaN,NaN,1.0,1
aggr_shock,fwd_micro_60s,1691793,0,NaN,0.005397608310288759,NaN,NaN,NaN,NaN,1.0,1
size_wgt_imb,fwd_mid_100ms,1691793,64,0.004529207157725727,0.0006436799030696566,-0.01774291072004886,0.01482465277384464,-1.1968516895959243,-0.11904761904761905,0.5732976788531458,8
size_wgt_imb,fwd_micro_100ms,1691793,64,-0.0009305887325277653,0.0016366031854876217,-0.01593555241090613,0.02076149137625012,-0.7675533574209139,0.3333333333333334,0.5732976788531458,8
size_wgt_imb,fwd_mid_300ms,1691793,64,0.007647781006881204,0.004646095205158438,-0.014610589188232935,0.014836883877011727,-0.9847478290822634,0.023809523809523815,0.5732976788531458,8
size_wgt_imb,fwd_micro_300ms,1691793,64,0.006656142000650355,0.005344456043919861,-0.007115025177510835,0.02258390042851458,-0.3150485541694719,-0.07142857142857144,0.5732976788531458,8
size_wgt_imb,fwd_mid_500ms,1691793,64,0.01091179808918953,0.0020297745581339,-0.03236569231359233,0.019668209889094224,-1.6455840412572929,-0.023809523809523815,0.5732976788531458,8
size_wgt_imb,fwd_micro_500ms,1691793,64,0.020893198396543834,-0.0018972354212489558,-0.06660821578206322,0.041179173957283405,-1.6175219019973117,-0.3333333333333334,0.5732976788531458,8
size_wgt_imb,fwd_mid_1s,1691793,64,0.017033545565599745,-0.0011402169928043,-0.04476862496020823,0.02362005681570246,-1.8953648295395438,-0.28571428571428575,0.5732976788531458,8
size_wgt_imb,fwd_micro_1s,1691793,64,0.01050107689653096,-0.0013855650712426592,-0.04183645100370595,0.05948829139440305,-0.7032720224948691,-0.11904761904761905,0.5732976788531458,8
size_wgt_imb,fwd_mid_3s,1691793,64,0.03170487813043798,0.0011416899146085863,-0.035219568251734945,0.03299132550943834,-1.0675402612016645,0.09523809523809526,0.5732976788531458,8
size_wgt_imb,fwd_micro_3s,1691793,64,0.02026555993416049,0.0037276674685135045,-0.052602506947877166,0.053510855424006666,-0.9830249681315694,0.09523809523809526,0.5732976788531458,8
size_wgt_imb,fwd_mid_5s,1691793,64,0.014850157459518011,0.0025872040161371707,-0.032573694975856826,0.042503403109148664,-0.7663785154381082,0.2142857142857143,0.5732976788531458,8
size_wgt_imb,fwd_micro_5s,1691793,64,0.007657603143401736,0.0032191824005818135,-0.030931571579308773,0.04632913688238111,-0.6676483453131629,0.2142857142857143,0.5732976788531458,8
size_wgt_imb,fwd_mid_10s,1691793,64,0.010352135117666784,0.005033296478356783,0.006903851899539008,0.07947854429510705,0.08686434761442946,0.28571428571428575,0.5732976788531458,8
size_wgt_imb,fwd_micro_10s,1691793,64,0.020093513769617346,0.004523803369421409,-0.056411683239380894,0.07710720795918197,-0.7316006471047868,0.28571428571428575,0.5732976788531458,8
size_wgt_imb,fwd_mid_30s,1691793,64,0.07187044597626348,0.014918819446783613,-0.19148113030566472,0.1644069479333119,-1.164677847941894,0.09523809523809526,0.5732976788531458,8
size_wgt_imb,fwd_micro_30s,1691793,64,0.06460528249418271,0.014644351172392437,-0.2527241374995481,0.19817743443248548,-1.275241745980143,0.2142857142857143,0.5732976788531458,8
size_wgt_imb,fwd_mid_60s,1691793,64,0.02975019828933979,0.035098139165328786,-0.07775015459389098,0.22233724661978596,-0.3496946902776475,0.261904761904762,0.5732976788531458,8
size_wgt_imb,fwd_micro_60s,1691793,64,0.030594162576555582,0.03514729332504616,-0.1909097403443713,0.23964531895714314,-0.7966345479859448,0.261904761904762,0.5732976788531458,8
