feature,target,n,n_days,d1,d10,spread_bp,se_bp,t,monotone_rho,max_dec_share,n_dec_pop
best_bid,fwd_mid_100ms,1692166,37,-0.0024928103843070743,0.0009830877114330352,0.003607141936460322,0.007892463006381826,0.4570362805050332,0.16363636363636364,0.34097068490916377,10
best_bid,fwd_micro_100ms,1692166,37,-0.0020076547031197636,0.0005259770337183133,0.018127175891560824,0.012310975911033077,1.4724402047863059,0.38181818181818183,0.34097068490916377,10
best_bid,fwd_mid_300ms,1692166,37,-0.0032454957917684626,0.0018214695785325951,0.03393512734746441,0.017229685726310583,1.9695732056008304,0.13939393939393938,0.34097068490916377,10
best_bid,fwd_micro_300ms,1692166,37,-0.0036142523324633855,0.0017773430211306636,0.03456709973037858,0.02088403309502733,1.6551927289661932,0.34545454545454546,0.34097068490916377,10
best_bid,fwd_mid_500ms,1692166,37,-0.0032463045835641946,-8.511169701744753e-6,-11.36567965162654,11.355917497772944,-1.0008596534674992,0.18787878787878787,0.34097068490916377,10
best_bid,fwd_micro_500ms,1692166,37,-0.00366762466121808,0.00022146926706971364,-11.677232845647286,11.66868305179864,-1.0007327128357753,0.3696969696969697,0.34097068490916377,10
best_bid,fwd_mid_1s,1692166,37,-0.0035995892469044615,-0.0009493000605492971,-11.855115364022023,11.841639709308666,-1.001137988914049,0.2727272727272727,0.34097068490916377,10
best_bid,fwd_micro_1s,1692166,37,-0.0019058766957232337,-0.0021339531565905847,-12.24658676852741,12.223022659424608,-1.0019278463076915,0.07878787878787878,0.34097068490916377,10
best_bid,fwd_mid_3s,1692166,37,0.004308759478839925,0.0064676392307760145,-11.954728912563757,11.844630466561785,-1.0092952199997112,0.04242424242424241,0.34097068490916377,10
best_bid,fwd_micro_3s,1692166,37,0.005556653342031082,0.006323795122528762,-12.296350353640266,12.18203963249116,-1.0093835453337572,-0.07878787878787878,0.34097068490916377,10
best_bid,fwd_mid_5s,1692166,37,-0.0019692143925441443,0.000608313953582987,-12.136757572470446,11.954105414117295,-1.0152794501993805,0.01818181818181818,0.34097068490916377,10
best_bid,fwd_micro_5s,1692166,37,-0.0034820528988736624,0.00098621742020361,-12.508051850586146,12.332092151771679,-1.01426843853005,0.18787878787878787,0.34097068490916377,10
best_bid,fwd_mid_10s,1692166,37,-0.005527873048658302,0.0037212002319045407,-12.33275518519563,11.96345278186561,-1.0308692156072043,0.04242424242424241,0.34097068490916377,10
best_bid,fwd_micro_10s,1692166,37,-0.007210093970482938,0.004226684432989445,-12.660253501623753,12.298854299659686,-1.0293847860262941,0.2606060606060606,0.34097068490916377,10
best_bid,fwd_mid_30s,1692166,37,-0.016424091200730115,0.012088404667493204,-13.237631207506015,11.9957917294427,-1.1035229275459426,0.28484848484848485,0.34097068490916377,10
best_bid,fwd_micro_30s,1692166,37,-0.01791603979012177,0.011776707043079478,-13.665028380481889,12.415930024488844,-1.1006044938662958,0.18787878787878787,0.34097068490916377,10
best_bid,fwd_mid_60s,1692166,37,-0.03151114178571406,0.01912201744304542,-14.842799517301977,12.14024454971463,-1.2226112461343188,0.406060606060606,0.34097068490916377,10
best_bid,fwd_micro_60s,1692166,37,-0.03218498145554941,0.01886250229988305,-15.213666941057905,12.50315651273143,-1.2167860912215631,0.41818181818181815,0.34097068490916377,10
best_ask,fwd_mid_100ms,1692166,38,-0.0021255000009679603,0.0011438169086173935,0.0029109441552018097,0.006991235668106368,0.4163704806120864,0.4545454545454545,0.3409695029920232,10
best_ask,fwd_micro_100ms,1692166,38,-0.001911216498890715,0.0005839139941593253,0.012458972475690085,0.01133212036617962,1.0994387698946015,0.3696969696969697,0.3409695029920232,10
best_ask,fwd_mid_300ms,1692166,38,-0.002408677132745654,0.001864122352831074,-0.09725594132206286,0.12377895506475382,-0.7857227528797953,0.22424242424242422,0.3409695029920232,10
best_ask,fwd_micro_300ms,1692166,38,-0.0029126899435722815,0.0019307624179795203,0.023672016559562307,0.02094052658938425,1.1304403668417191,0.4666666666666666,0.3409695029920232,10
best_ask,fwd_mid_500ms,1692166,38,-0.0026124684151322924,0.00028391441627768747,-11.075490612458893,11.056845184728163,-1.0016863243917427,0.2606060606060606,0.3409695029920232,10
best_ask,fwd_micro_500ms,1692166,38,-0.003291796617681101,0.0007196469781648114,-11.374548618053602,11.361497051251728,-1.0011487541424338,0.19999999999999998,0.3409695029920232,10
best_ask,fwd_mid_1s,1692166,38,-0.0031805099186476725,-0.000494967021387333,-11.9907515873846,11.526530564805132,-1.0402741327903915,0.4787878787878787,0.3409695029920232,10
best_ask,fwd_micro_1s,1692166,38,-0.0016906631054739373,-0.0014293599770316577,-12.108245320210136,11.897859240405724,-1.0176826835444421,0.28484848484848485,0.3409695029920232,10
best_ask,fwd_mid_3s,1692166,38,0.0037906643898546087,0.007046867059107857,-12.241919391395799,11.532810153063531,-1.0614862491379782,-0.09090909090909088,0.3409695029920232,10
best_ask,fwd_micro_3s,1692166,38,0.005695113145998488,0.006925120816638878,-12.374824515773982,11.857467990815099,-1.0436312815990423,-0.22424242424242422,0.3409695029920232,10
best_ask,fwd_mid_5s,1692166,38,-0.002922305844328319,0.0014654098498430082,-12.697032154151026,11.649764338102916,-1.0898960515984697,0.1515151515151515,0.3409695029920232,10
best_ask,fwd_micro_5s,1692166,38,-0.0036548183896945,0.0019936682205816477,-12.664900230544532,12.004444018185708,-1.0550176427461604,0.22424242424242422,0.3409695029920232,10
best_ask,fwd_mid_10s,1692166,38,-0.006840379093227489,0.0046885955578482566,-12.861783722691193,11.656987741010589,-1.1033539717505232,0.2606060606060606,0.3409695029920232,10
best_ask,fwd_micro_10s,1692166,38,-0.0077574465800751774,0.005256650574819466,-12.71230538924773,11.97096694386731,-1.0619280337884656,0.29696969696969694,0.3409695029920232,10
best_ask,fwd_mid_30s,1692166,38,-0.01828096168250564,0.013890507387426048,-13.870530422998462,11.695984578293958,-1.1859224274919227,0.33333333333333326,0.3409695029920232,10
best_ask,fwd_micro_30s,1692166,38,-0.018651289758176225,0.014005479910663303,-13.854268085857319,12.08748437827697,-1.1461663694685327,0.38181818181818183,0.3409695029920232,10
best_ask,fwd_mid_60s,1692166,38,-0.03294736373353603,0.0214332097736526,-15.363148386650385,11.831253907488126,-1.2985224141734366,0.406060606060606,0.3409695029920232,10
best_ask,fwd_micro_60s,1692166,38,-0.03293526667331844,0.021486612629566162,-15.278784066871816,12.171073543474936,-1.2553357772669909,0.406060606060606,0.3409695029920232,10
mid,fwd_mid_100ms,1692166,37,-0.0022575524496343466,0.001032500584211565,0.0010796556298090516,0.007573926872115006,0.14254899050900918,0.49090909090909085,0.34061906455985996,10
mid,fwd_micro_100ms,1692166,37,-0.001937759435414923,0.0005285449922346828,0.012547075076335972,0.012539199283369388,1.0006280937712688,0.4424242424242424,0.34061906455985996,10
mid,fwd_mid_300ms,1692166,37,-0.002709815847314429,0.0017801633797260086,0.029456485988585492,0.017282688853888402,1.704392542018028,0.22424242424242422,0.34061906455985996,10
mid,fwd_micro_300ms,1692166,37,-0.0030942691854101852,0.0018281462273684488,0.026904688262633057,0.021474829646838597,1.2528475757475364,0.49090909090909085,0.34061906455985996,10
mid,fwd_mid_500ms,1692166,37,-0.0026669861578266195,0.00002645708518070164,-11.367636587422885,11.3558623003679,-1.001036846585803,0.309090909090909,0.34061906455985996,10
mid,fwd_micro_500ms,1692166,37,-0.003200389429946553,0.00042698323895753456,-11.682316887646726,11.66854190124567,-1.001180523369384,0.34545454545454546,0.34061906455985996,10
mid,fwd_mid_1s,1692166,37,-0.0030090071166253758,-0.0007475626011717652,-11.856742894162023,11.841594467697071,-1.0012792556362469,0.3939393939393939,0.34061906455985996,10
mid,fwd_micro_1s,1692166,37,-0.0014362439849488165,-0.0018346310093971736,-12.250174917497903,12.222922341254648,-1.002229628519464,0.1515151515151515,0.34061906455985996,10
mid,fwd_mid_3s,1692166,37,0.004728688508083286,0.006713798299796162,-11.949160215270162,11.844778813568858,-1.0088124399234648,-0.19999999999999998,0.34061906455985996,10
mid,fwd_micro_3s,1692166,37,0.0062557983507390506,0.006710188377253416,-12.302024686221026,12.181883337610032,-1.009862296763266,-0.22424242424242422,0.34061906455985996,10
mid,fwd_mid_5s,1692166,37,-0.0018050323258221072,0.0010672742138603077,-12.128560970145578,11.954322519464268,-1.0145753513340143,0.12727272727272726,0.34061906455985996,10
mid,fwd_micro_5s,1692166,37,-0.0028835205737046715,0.0015906237606644182,-12.510322259086452,12.332028673372722,-1.0144577660688303,0.12727272727272726,0.34061906455985996,10
mid,fwd_mid_10s,1692166,37,-0.0056844294495186016,0.0046122984106939345,-12.322242363954064,11.963734854512737,-1.0299661864627583,0.18787878787878787,0.34061906455985996,10
mid,fwd_micro_10s,1692166,37,-0.007040563798919981,0.005085572255508285,-12.660313299801315,12.298860065773017,-1.0293891655076393,0.34545454545454546,0.34061906455985996,10
mid,fwd_mid_30s,1692166,37,-0.016780069305994186,0.013369309920028521,-13.209756328599846,11.996498335008711,-1.1011343443486798,0.35757575757575755,0.34061906455985996,10
mid,fwd_micro_30s,1692166,37,-0.017770965561718633,0.013289099038515452,-13.64715947630398,12.416390558168498,-1.0991245332022666,0.32121212121212117,0.34061906455985996,10
mid,fwd_mid_60s,1692166,37,-0.031679757001736815,0.020750861977835464,-14.803300349556986,12.141182381101105,-1.2192634856222668,0.406060606060606,0.34061906455985996,10
mid,fwd_micro_60s,1692166,37,-0.03211073960796265,0.020472029527400994,-15.184294579706506,12.50386209053035,-1.2143683663310834,0.406060606060606,0.34061906455985996,10
log_mid,fwd_mid_100ms,1692166,37,-0.0022575524496343466,0.001032500584211565,0.0010796556298090516,0.007573926872115006,0.14254899050900918,0.49090909090909085,0.34061906455985996,10
log_mid,fwd_micro_100ms,1692166,37,-0.001937759435414923,0.0005285449922346828,0.012547075076335972,0.012539199283369388,1.0006280937712688,0.4424242424242424,0.34061906455985996,10
log_mid,fwd_mid_300ms,1692166,37,-0.002709815847314429,0.0017801633797260086,0.029456485988585492,0.017282688853888402,1.704392542018028,0.22424242424242422,0.34061906455985996,10
log_mid,fwd_micro_300ms,1692166,37,-0.0030942691854101852,0.0018281462273684488,0.026904688262633057,0.021474829646838597,1.2528475757475364,0.49090909090909085,0.34061906455985996,10
log_mid,fwd_mid_500ms,1692166,37,-0.0026669861578266195,0.00002645708518070164,-11.367636587422885,11.3558623003679,-1.001036846585803,0.309090909090909,0.34061906455985996,10
log_mid,fwd_micro_500ms,1692166,37,-0.003200389429946553,0.00042698323895753456,-11.682316887646726,11.66854190124567,-1.001180523369384,0.34545454545454546,0.34061906455985996,10
log_mid,fwd_mid_1s,1692166,37,-0.0030090071166253758,-0.0007475626011717652,-11.856742894162023,11.841594467697071,-1.0012792556362469,0.3939393939393939,0.34061906455985996,10
log_mid,fwd_micro_1s,1692166,37,-0.0014362439849488165,-0.0018346310093971736,-12.250174917497903,12.222922341254648,-1.002229628519464,0.1515151515151515,0.34061906455985996,10
log_mid,fwd_mid_3s,1692166,37,0.004728688508083286,0.006713798299796162,-11.949160215270162,11.844778813568858,-1.0088124399234648,-0.19999999999999998,0.34061906455985996,10
log_mid,fwd_micro_3s,1692166,37,0.0062557983507390506,0.006710188377253416,-12.302024686221026,12.181883337610032,-1.009862296763266,-0.22424242424242422,0.34061906455985996,10
log_mid,fwd_mid_5s,1692166,37,-0.0018050323258221072,0.0010672742138603077,-12.128560970145578,11.954322519464268,-1.0145753513340143,0.12727272727272726,0.34061906455985996,10
log_mid,fwd_micro_5s,1692166,37,-0.0028835205737046715,0.0015906237606644182,-12.510322259086452,12.332028673372722,-1.0144577660688303,0.12727272727272726,0.34061906455985996,10
log_mid,fwd_mid_10s,1692166,37,-0.0056844294495186016,0.0046122984106939345,-12.322242363954064,11.963734854512737,-1.0299661864627583,0.18787878787878787,0.34061906455985996,10
log_mid,fwd_micro_10s,1692166,37,-0.007040563798919981,0.005085572255508285,-12.660313299801315,12.298860065773017,-1.0293891655076393,0.34545454545454546,0.34061906455985996,10
log_mid,fwd_mid_30s,1692166,37,-0.016780069305994186,0.013369309920028521,-13.209756328599846,11.996498335008711,-1.1011343443486798,0.35757575757575755,0.34061906455985996,10
log_mid,fwd_micro_30s,1692166,37,-0.017770965561718633,0.013289099038515452,-13.64715947630398,12.416390558168498,-1.0991245332022666,0.32121212121212117,0.34061906455985996,10
log_mid,fwd_mid_60s,1692166,37,-0.031679757001736815,0.020750861977835464,-14.803300349556986,12.141182381101105,-1.2192634856222668,0.406060606060606,0.34061906455985996,10
log_mid,fwd_micro_60s,1692166,37,-0.03211073960796265,0.020472029527400994,-15.184294579706506,12.50386209053035,-1.2143683663310834,0.406060606060606,0.34061906455985996,10
spread_abs,fwd_mid_100ms,1692166,12,-0.00010441618472707211,-0.004419509540016532,-0.0037213908885463456,0.00677927097394009,-0.5489367371287543,-0.2121212121212121,0.20689932311605364,10
spread_abs,fwd_micro_100ms,1692166,12,-0.0048310325281953025,-0.0034751896658401812,-0.021367206702949244,0.01844130450902465,-1.1586602613981423,0.0303030303030303,0.20689932311605364,10
spread_abs,fwd_mid_300ms,1692166,12,0.013049925932213312,-0.009684971808349855,-0.021338451954692746,0.01736674391275566,-1.228696182882038,-0.4666666666666666,0.20689932311605364,10
spread_abs,fwd_micro_300ms,1692166,12,0.006152019356968889,-0.003103471099449645,-0.016439290307741345,0.017308233371569684,-0.9497959702082793,-0.3696969696969697,0.20689932311605364,10
spread_abs,fwd_mid_500ms,1692166,12,0.013792048041996472,-0.009728264352098432,-0.002948354666081534,0.022675536544025435,-0.13002358997579566,-0.34545454545454546,0.20689932311605364,10
spread_abs,fwd_micro_500ms,1692166,12,0.0028823091555028805,-0.004717168283002053,-0.004859049412954591,0.020051510060104395,-0.24232835324569532,-0.1515151515151515,0.20689932311605364,10
spread_abs,fwd_mid_1s,1692166,12,0.011783728511623971,-0.0056329053767590065,0.005258893689110218,0.02583533990889513,0.20355426743580704,-0.4666666666666666,0.20689932311605364,10
spread_abs,fwd_micro_1s,1692166,12,0.011139988114220878,0.002280953335109109,-0.006520026402791322,0.01461248143531887,-0.44619570137021314,0.0303030303030303,0.20689932311605364,10
spread_abs,fwd_mid_3s,1692166,12,0.013099868286361711,0.012389322707888778,0.04940338601083182,0.05518169562712708,0.8952857546215983,0.11515151515151514,0.20689932311605364,10
spread_abs,fwd_micro_3s,1692166,12,0.012215802140639213,0.019223312618970024,0.03175234234855265,0.050614321417892544,0.6273390901834348,0.4545454545454545,0.20689932311605364,10
spread_abs,fwd_mid_5s,1692166,12,0.02555392310607299,0.009095393088450978,0.07001410266489602,0.06207479394393083,1.1278990749149547,0.16363636363636364,0.20689932311605364,10
spread_abs,fwd_micro_5s,1692166,12,0.019635003283387152,0.0130270277257726,0.037291466342232106,0.04815187965274877,0.7744550495466132,0.2727272727272727,0.20689932311605364,10
spread_abs,fwd_mid_10s,1692166,12,0.04166760999275405,0.0051461121987675575,0.08046755305603139,0.10935679353097881,0.7358258271648791,0.04242424242424241,0.20689932311605364,10
spread_abs,fwd_micro_10s,1692166,12,0.03252970475583654,0.011528143575325445,0.05154503691466552,0.0885752068811633,0.5819352698077328,0.2606060606060606,0.20689932311605364,10
spread_abs,fwd_mid_30s,1692166,12,-0.0633288540786387,0.023021887588878853,0.29208385657960084,0.23655849847065472,1.2347214683383447,0.6848484848484848,0.20689932311605364,10
spread_abs,fwd_micro_30s,1692166,12,-0.08195803786360994,0.03711467835264791,0.2926553613969549,0.23108984480692288,1.266413769248365,0.8060606060606059,0.20689932311605364,10
spread_abs,fwd_mid_60s,1692166,12,-0.103347288713978,0.05293922611615982,0.7031038655489125,0.49475785347203405,1.4211070337030134,0.6848484848484848,0.20689932311605364,10
spread_abs,fwd_micro_60s,1692166,12,-0.12203059801498986,0.06481725905525887,0.6946299776832912,0.49651979805450236,1.3989975433105337,0.7333333333333332,0.20689932311605364,10
tick,fwd_mid_100ms,1692166,0,NaN,0.00001929972642035465,NaN,NaN,NaN,NaN,1.0,1
tick,fwd_micro_100ms,1692166,0,NaN,-0.0005665004100961597,NaN,NaN,NaN,NaN,1.0,1
tick,fwd_mid_300ms,1692166,0,NaN,0.0000445886466332111,NaN,NaN,NaN,NaN,1.0,1
tick,fwd_micro_300ms,1692166,0,NaN,-0.000025121275817918956,NaN,NaN,NaN,NaN,1.0,1
tick,fwd_mid_500ms,1692166,0,NaN,-0.00030523325130969156,NaN,NaN,NaN,NaN,1.0,1
tick,fwd_micro_500ms,1692166,0,NaN,-0.00019191560400850092,NaN,NaN,NaN,NaN,1.0,1
tick,fwd_mid_1s,1692166,0,NaN,-0.001582529180604096,NaN,NaN,NaN,NaN,1.0,1
tick,fwd_micro_1s,1692166,0,NaN,-0.0007802562761396207,NaN,NaN,NaN,NaN,1.0,1
tick,fwd_mid_3s,1692166,0,NaN,0.004879088992298351,NaN,NaN,NaN,NaN,1.0,1
tick,fwd_micro_3s,1692166,0,NaN,0.004686948447623532,NaN,NaN,NaN,NaN,1.0,1
tick,fwd_mid_5s,1692166,0,NaN,0.00010130617074419619,NaN,NaN,NaN,NaN,1.0,1
tick,fwd_micro_5s,1692166,0,NaN,0.00008748432779614127,NaN,NaN,NaN,NaN,1.0,1
tick,fwd_mid_10s,1692166,0,NaN,0.00029620037383089575,NaN,NaN,NaN,NaN,1.0,1
tick,fwd_micro_10s,1692166,0,NaN,0.00028677208224150546,NaN,NaN,NaN,NaN,1.0,1
tick,fwd_mid_30s,1692166,0,NaN,0.0016571868586518575,NaN,NaN,NaN,NaN,1.0,1
tick,fwd_micro_30s,1692166,0,NaN,0.0015384171005431641,NaN,NaN,NaN,NaN,1.0,1
tick,fwd_mid_60s,1692166,0,NaN,0.0025111988587967556,NaN,NaN,NaN,NaN,1.0,1
tick,fwd_micro_60s,1692166,0,NaN,0.0023234538463294757,NaN,NaN,NaN,NaN,1.0,1
spread_tick,fwd_mid_100ms,1692166,12,-0.00010441618472707211,-0.004419509540016532,-0.0037213908885463456,0.00677927097394009,-0.5489367371287543,-0.2121212121212121,0.20689932311605364,10
spread_tick,fwd_micro_100ms,1692166,12,-0.0048310325281953025,-0.0034751896658401812,-0.021367206702949244,0.01844130450902465,-1.1586602613981423,0.0303030303030303,0.20689932311605364,10
spread_tick,fwd_mid_300ms,1692166,12,0.013049925932213312,-0.009684971808349855,-0.021338451954692746,0.01736674391275566,-1.228696182882038,-0.4666666666666666,0.20689932311605364,10
spread_tick,fwd_micro_300ms,1692166,12,0.006152019356968889,-0.003103471099449645,-0.016439290307741345,0.017308233371569684,-0.9497959702082793,-0.3696969696969697,0.20689932311605364,10
spread_tick,fwd_mid_500ms,1692166,12,0.013792048041996472,-0.009728264352098432,-0.002948354666081534,0.022675536544025435,-0.13002358997579566,-0.34545454545454546,0.20689932311605364,10
spread_tick,fwd_micro_500ms,1692166,12,0.0028823091555028805,-0.004717168283002053,-0.004859049412954591,0.020051510060104395,-0.24232835324569532,-0.1515151515151515,0.20689932311605364,10
spread_tick,fwd_mid_1s,1692166,12,0.011783728511623971,-0.0056329053767590065,0.005258893689110218,0.02583533990889513,0.20355426743580704,-0.4666666666666666,0.20689932311605364,10
spread_tick,fwd_micro_1s,1692166,12,0.011139988114220878,0.002280953335109109,-0.006520026402791322,0.01461248143531887,-0.44619570137021314,0.0303030303030303,0.20689932311605364,10
spread_tick,fwd_mid_3s,1692166,12,0.013099868286361711,0.012389322707888778,0.04940338601083182,0.05518169562712708,0.8952857546215983,0.11515151515151514,0.20689932311605364,10
spread_tick,fwd_micro_3s,1692166,12,0.012215802140639213,0.019223312618970024,0.03175234234855265,0.050614321417892544,0.6273390901834348,0.4545454545454545,0.20689932311605364,10
spread_tick,fwd_mid_5s,1692166,12,0.02555392310607299,0.009095393088450978,0.07001410266489602,0.06207479394393083,1.1278990749149547,0.16363636363636364,0.20689932311605364,10
spread_tick,fwd_micro_5s,1692166,12,0.019635003283387152,0.0130270277257726,0.037291466342232106,0.04815187965274877,0.7744550495466132,0.2727272727272727,0.20689932311605364,10
spread_tick,fwd_mid_10s,1692166,12,0.04166760999275405,0.0051461121987675575,0.08046755305603139,0.10935679353097881,0.7358258271648791,0.04242424242424241,0.20689932311605364,10
spread_tick,fwd_micro_10s,1692166,12,0.03252970475583654,0.011528143575325445,0.05154503691466552,0.0885752068811633,0.5819352698077328,0.2606060606060606,0.20689932311605364,10
spread_tick,fwd_mid_30s,1692166,12,-0.0633288540786387,0.023021887588878853,0.29208385657960084,0.23655849847065472,1.2347214683383447,0.6848484848484848,0.20689932311605364,10
spread_tick,fwd_micro_30s,1692166,12,-0.08195803786360994,0.03711467835264791,0.2926553613969549,0.23108984480692288,1.266413769248365,0.8060606060606059,0.20689932311605364,10
spread_tick,fwd_mid_60s,1692166,12,-0.103347288713978,0.05293922611615982,0.7031038655489125,0.49475785347203405,1.4211070337030134,0.6848484848484848,0.20689932311605364,10
spread_tick,fwd_micro_60s,1692166,12,-0.12203059801498986,0.06481725905525887,0.6946299776832912,0.49651979805450236,1.3989975433105337,0.7333333333333332,0.20689932311605364,10
spread_bp,fwd_mid_100ms,1692166,78,0.0027621620553374094,-0.009505616070567853,-0.020770363993202163,0.009808259796616708,-2.1176400731520957,-0.24848484848484845,0.14079942511550286,10
spread_bp,fwd_micro_100ms,1692166,78,0.0022648625448216937,-0.008667767010473924,-0.034957316068072175,0.011388014007357158,-3.069658681969324,0.04242424242424241,0.14079942511550286,10
spread_bp,fwd_mid_300ms,1692166,78,0.005292419927055451,-0.01894210050225692,-0.08678780072154191,0.05615114727442957,-1.545610462728049,-0.2606060606060606,0.14079942511550286,10
spread_bp,fwd_micro_300ms,1692166,78,0.00515578955131435,-0.011051797365120675,-0.11389265641178908,0.08040396665872787,-1.4165054430113244,-0.0303030303030303,0.14079942511550286,10
spread_bp,fwd_mid_500ms,1692166,78,0.004253593651306934,-0.017706432136922332,-0.09565773023342113,0.07128317320875059,-1.3419398425669182,0.05454545454545454,0.14079942511550286,10
spread_bp,fwd_micro_500ms,1692166,78,0.005323441247607835,-0.010521509142236454,-0.11697753323908558,0.0856660319756042,-1.3655066137812735,0.07878787878787878,0.14079942511550286,10
spread_bp,fwd_mid_1s,1692166,78,0.0019577655284229727,-0.013189828280019607,-0.09451528515977209,0.0860543026836167,-1.098321434400121,0.16363636363636364,0.14079942511550286,10
spread_bp,fwd_micro_1s,1692166,78,0.00045070356229932895,-0.003189203046748791,-0.08721960128624852,0.07923542256850619,-1.1007652696095522,0.5272727272727272,0.14079942511550286,10
spread_bp,fwd_mid_3s,1692166,78,0.0034386941420139526,0.009223667431416022,-0.050466110044669034,0.11880543008341728,-0.4247794903754406,0.8545454545454544,0.14079942511550286,10
spread_bp,fwd_micro_3s,1692166,78,-0.0003975511971144076,0.013151957064505618,-0.0876365999204691,0.1347733427345802,-0.6502517348186487,0.8303030303030302,0.14079942511550286,10
spread_bp,fwd_mid_5s,1692166,78,0.004898059552867127,0.007853541429920414,-0.035057193239848086,0.13849339923961354,-0.25313259283349737,0.49090909090909085,0.14079942511550286,10
spread_bp,fwd_micro_5s,1692166,78,0.002393633160694486,0.013015686151660646,-0.004417455343117808,0.10673902336387842,-0.04138557018700174,0.49090909090909085,0.14079942511550286,10
spread_bp,fwd_mid_10s,1692166,78,0.01035125247341231,0.006406032960005394,-0.031313471945503116,0.17565415436157375,-0.17826775608760254,0.29696969696969694,0.14079942511550286,10
spread_bp,fwd_micro_10s,1692166,78,0.0047477008758886495,0.010732669322054826,-0.026412204022117615,0.15954237773380592,-0.1655497705204443,0.5151515151515151,0.14079942511550286,10
spread_bp,fwd_mid_30s,1692166,78,-0.007362488538384429,0.029062501826058667,0.2431325497128818,0.23500835306700243,1.0345698207738305,0.4545454545454545,0.14079942511550286,10
spread_bp,fwd_micro_30s,1692166,78,-0.01737620953603591,0.04110258574803261,0.2361859683143377,0.23151973681672813,1.0201547892277683,0.5272727272727272,0.14079942511550286,10
spread_bp,fwd_mid_60s,1692166,78,-0.013226424820212128,0.06687566559776881,0.8476044404666049,0.24304296596311292,3.487467481758955,0.5030303030303029,0.14079942511550286,10
spread_bp,fwd_micro_60s,1692166,78,-0.025042278464546684,0.07928185696573399,0.8534120052219214,0.23727058371184864,3.5967880715392044,0.5878787878787878,0.14079942511550286,10
spread_rel,fwd_mid_100ms,1692166,78,0.0027621620553374094,-0.009505616070567853,-0.020770363993202163,0.009808259796616708,-2.1176400731520957,-0.24848484848484845,0.14079942511550286,10
spread_rel,fwd_micro_100ms,1692166,78,0.0022648625448216937,-0.008667767010473924,-0.034957316068072175,0.011388014007357158,-3.069658681969324,0.04242424242424241,0.14079942511550286,10
spread_rel,fwd_mid_300ms,1692166,78,0.005292419927055451,-0.01894210050225692,-0.08678780072154191,0.05615114727442957,-1.545610462728049,-0.2606060606060606,0.14079942511550286,10
spread_rel,fwd_micro_300ms,1692166,78,0.00515578955131435,-0.011051797365120675,-0.11389265641178908,0.08040396665872787,-1.4165054430113244,-0.0303030303030303,0.14079942511550286,10
spread_rel,fwd_mid_500ms,1692166,78,0.004253593651306934,-0.017706432136922332,-0.09565773023342113,0.07128317320875059,-1.3419398425669182,0.05454545454545454,0.14079942511550286,10
spread_rel,fwd_micro_500ms,1692166,78,0.005323441247607835,-0.010521509142236454,-0.11697753323908558,0.0856660319756042,-1.3655066137812735,0.07878787878787878,0.14079942511550286,10
spread_rel,fwd_mid_1s,1692166,78,0.0019577655284229727,-0.013189828280019607,-0.09451528515977209,0.0860543026836167,-1.098321434400121,0.16363636363636364,0.14079942511550286,10
spread_rel,fwd_micro_1s,1692166,78,0.00045070356229932895,-0.003189203046748791,-0.08721960128624852,0.07923542256850619,-1.1007652696095522,0.5272727272727272,0.14079942511550286,10
spread_rel,fwd_mid_3s,1692166,78,0.0034386941420139526,0.009223667431416022,-0.050466110044669034,0.11880543008341728,-0.4247794903754406,0.8545454545454544,0.14079942511550286,10
spread_rel,fwd_micro_3s,1692166,78,-0.0003975511971144076,0.013151957064505618,-0.0876365999204691,0.1347733427345802,-0.6502517348186487,0.8303030303030302,0.14079942511550286,10
spread_rel,fwd_mid_5s,1692166,78,0.004898059552867127,0.007853541429920414,-0.035057193239848086,0.13849339923961354,-0.25313259283349737,0.49090909090909085,0.14079942511550286,10
spread_rel,fwd_micro_5s,1692166,78,0.002393633160694486,0.013015686151660646,-0.004417455343117808,0.10673902336387842,-0.04138557018700174,0.49090909090909085,0.14079942511550286,10
spread_rel,fwd_mid_10s,1692166,78,0.01035125247341231,0.006406032960005394,-0.031313471945503116,0.17565415436157375,-0.17826775608760254,0.29696969696969694,0.14079942511550286,10
spread_rel,fwd_micro_10s,1692166,78,0.0047477008758886495,0.010732669322054826,-0.026412204022117615,0.15954237773380592,-0.1655497705204443,0.5151515151515151,0.14079942511550286,10
spread_rel,fwd_mid_30s,1692166,78,-0.007362488538384429,0.029062501826058667,0.2431325497128818,0.23500835306700243,1.0345698207738305,0.4545454545454545,0.14079942511550286,10
spread_rel,fwd_micro_30s,1692166,78,-0.01737620953603591,0.04110258574803261,0.2361859683143377,0.23151973681672813,1.0201547892277683,0.5272727272727272,0.14079942511550286,10
spread_rel,fwd_mid_60s,1692166,78,-0.013226424820212128,0.06687566559776881,0.8476044404666049,0.24304296596311292,3.487467481758955,0.5030303030303029,0.14079942511550286,10
spread_rel,fwd_micro_60s,1692166,78,-0.025042278464546684,0.07928185696573399,0.8534120052219214,0.23727058371184864,3.5967880715392044,0.5878787878787878,0.14079942511550286,10
d_bid,fwd_mid_100ms,1692166,98,-0.018874143599631795,0.005456160534082824,0.023755387147549104,0.007984186248292016,2.975304734734974,0.8571428571428573,0.36803954221985313,7
d_bid,fwd_micro_100ms,1692166,98,0.004825294312260104,0.0013198943930361143,0.0038618512675408,0.008838971610996383,0.43691183064060873,0.03571428571428572,0.36803954221985313,7
d_bid,fwd_mid_300ms,1692166,98,-0.020112447048610486,0.010400355304483124,0.027822752954646243,0.01777534190021877,1.5652443205215543,0.7500000000000002,0.36803954221985313,7
d_bid,fwd_micro_300ms,1692166,98,0.06597380769186893,-0.007181135319605718,-0.05762495064007041,0.025501950475185345,-2.259629148607371,-0.4642857142857144,0.36803954221985313,7
d_bid,fwd_mid_500ms,1692166,98,-0.0259722399664488,0.013979416367932353,0.039221441573016984,0.023219744987473506,1.6891417883433262,0.6785714285714287,0.36803954221985313,7
d_bid,fwd_micro_500ms,1692166,98,0.09808489927203082,-0.012087464295348474,-0.09014506128196703,0.03643072555729941,-2.474423989722192,-0.642857142857143,0.36803954221985313,7
d_bid,fwd_mid_1s,1692166,98,-0.056470811153143376,0.023735057754028992,0.08145630623575568,0.03184613399933442,2.557808311597826,0.8571428571428573,0.36803954221985313,7
d_bid,fwd_micro_1s,1692166,98,0.07703655424530384,-0.004500834337890909,-0.04269763606642112,0.04258283266015514,-1.0026960020997713,0.0,0.36803954221985313,7
d_bid,fwd_mid_3s,1692166,98,-0.09924836626329869,0.04876371783044983,0.1605443515311619,0.04537509733865979,3.538159936780507,0.8571428571428573,0.36803954221985313,7
d_bid,fwd_micro_3s,1692166,98,0.030115334598090678,0.02017167352820031,0.049298545887485744,0.0530043744171789,0.9300844775465912,-0.03571428571428572,0.36803954221985313,7
d_bid,fwd_mid_5s,1692166,98,-0.13252372131676773,0.049873782589879054,0.18267039323106748,0.05265867629182572,3.468951483298559,0.8571428571428573,0.36803954221985313,7
d_bid,fwd_micro_5s,1692166,98,-0.004136487795096065,0.01999501215613163,0.07915016235079343,0.05906649345078463,1.340017964952379,0.5357142857142858,0.36803954221985313,7
d_bid,fwd_mid_10s,1692166,98,-0.15742678963594883,0.059002172207384185,0.23233662962847867,0.0656094368504673,3.5412074966899194,0.8571428571428573,0.36803954221985313,7
d_bid,fwd_micro_10s,1692166,98,-0.02988944059781185,0.032036103387800004,0.15279657819059844,0.07185593837898993,2.126429375742101,0.7857142857142859,0.36803954221985313,7
d_bid,fwd_mid_30s,1692166,98,-0.19256064690120012,0.08638535810835439,0.3421948212701701,0.07856617835770852,4.355497854460623,0.7500000000000002,0.36803954221985313,7
d_bid,fwd_micro_30s,1692166,98,-0.06028526349313198,0.059633474919436366,0.2583305716398929,0.08009538522686295,3.225286586838866,0.6785714285714287,0.36803954221985313,7
d_bid,fwd_mid_60s,1692166,98,-0.19563279680227594,0.11035122649781338,0.402748798528052,0.10165804941655879,3.961799393550526,0.7500000000000002,0.36803954221985313,7
d_bid,fwd_micro_60s,1692166,98,-0.06217950193027786,0.08440241252404852,0.32448552309625056,0.10467852043054898,3.099829093510515,0.6785714285714287,0.36803954221985313,7
d_ask,fwd_mid_100ms,1692166,98,-0.017032404319242533,0.003204454217560407,0.011607461889342469,0.005816286241292568,1.9956827102035668,0.9047619047619048,0.37293622493301487,8
d_ask,fwd_micro_100ms,1692166,98,-0.015427911443807436,-0.00020541908907573776,0.005881666843387083,0.007790059714779273,0.7550220484482816,0.7619047619047621,0.37293622493301487,8
d_ask,fwd_mid_300ms,1692166,98,-0.03505510428370783,0.003042867538160873,0.017078767944755133,0.013931325644736094,1.225925542212007,0.6904761904761906,0.37293622493301487,8
d_ask,fwd_micro_300ms,1692166,98,0.019449130354716567,-0.012382596867063712,-0.05720633100854676,0.021782208418032294,-2.626287009593976,-0.09523809523809526,0.37293622493301487,8
d_ask,fwd_mid_500ms,1692166,98,-0.05410897939875182,0.005617036673299633,0.045091591266023655,0.01822303532301971,2.4744281326757367,0.6904761904761906,0.37293622493301487,8
d_ask,fwd_micro_500ms,1692166,98,0.03244714900211048,-0.017976634042174405,-0.08067916111147411,0.03091030612844281,-2.610105534905569,-0.07142857142857144,0.37293622493301487,8
d_ask,fwd_mid_1s,1692166,98,-0.09084907488982576,0.014033377057302534,0.09419719680181408,0.026693152959384805,3.528889859700749,0.8333333333333335,0.37293622493301487,8
d_ask,fwd_micro_1s,1692166,98,-0.0007288218984781445,-0.010509129839503499,-0.028254885593152482,0.03642603853791269,-0.7756782435659161,0.4285714285714286,0.37293622493301487,8
d_ask,fwd_mid_3s,1692166,98,-0.13022329185628448,0.039411940387903764,0.1807871888945633,0.04220159746853979,4.283894443316642,0.7857142857142858,0.37293622493301487,8
d_ask,fwd_micro_3s,1692166,98,-0.03610545147701798,0.014332836287569478,0.05526119144980453,0.049747727696769634,1.1108284540480209,0.5000000000000001,0.37293622493301487,8
d_ask,fwd_mid_5s,1692166,98,-0.15693978853026544,0.04179860784523078,0.2105380843720281,0.04631200336899832,4.546080261191296,0.6190476190476191,0.37293622493301487,8
d_ask,fwd_micro_5s,1692166,98,-0.06204158132444638,0.0162673741713303,0.0847018671315046,0.052977540826036784,1.5988259517300265,0.4761904761904762,0.37293622493301487,8
d_ask,fwd_mid_10s,1692166,98,-0.15753733547624127,0.048581688561627444,0.22394726609800472,0.06158651630695569,3.6363035210795274,0.6666666666666669,0.37293622493301487,8
d_ask,fwd_micro_10s,1692166,98,-0.06644330708759008,0.02440165458003848,0.1038056216998124,0.06732614886936089,1.5418321624371532,0.5476190476190477,0.37293622493301487,8
d_ask,fwd_mid_30s,1692166,98,-0.1759011121278635,0.07355325776076423,0.2961934424092195,0.07720522170662507,3.836443129905588,0.5952380952380953,0.37293622493301487,8
d_ask,fwd_micro_30s,1692166,98,-0.09255759474890761,0.048764901521783824,0.1919183677332532,0.08075928124655588,2.3764249108078572,0.5476190476190477,0.37293622493301487,8
d_ask,fwd_mid_60s,1692166,98,-0.13495684773166594,0.10334086014694048,0.36211240801583805,0.09460559887370514,3.8276001877990784,0.5476190476190477,0.37293622493301487,8
d_ask,fwd_micro_60s,1692166,98,-0.04391132733649416,0.0783615713058679,0.24034141298102762,0.09907752119249147,2.425791542706074,0.523809523809524,0.37293622493301487,8
d_mid,fwd_mid_100ms,1692166,98,-0.014835058424786348,0.003137062403612646,0.010656921712566743,0.00716462864584794,1.4874353214025493,0.8095238095238096,0.3133238701167616,8
d_mid,fwd_micro_100ms,1692166,98,-0.004359209883057485,-0.001327784120782058,0.0006268198284617835,0.008611632635443567,0.07278757176449124,0.5952380952380953,0.3133238701167616,8
d_mid,fwd_mid_300ms,1692166,98,-0.022051786372038584,0.0048065894059695895,-0.0017019368102244097,0.017734865656710768,-0.09596558796488018,0.7619047619047621,0.3133238701167616,8
d_mid,fwd_micro_300ms,1692166,98,0.0396955637239502,-0.013795657742964092,-0.060562642082993834,0.02677979025093595,-2.2615054679480613,-0.04761904761904763,0.3133238701167616,8
d_mid,fwd_mid_500ms,1692166,98,-0.034588209168557295,0.007633095407823114,0.016956901845663633,0.02318318733090229,0.7314309979741543,0.8333333333333335,0.3133238701167616,8
d_mid,fwd_micro_500ms,1692166,98,0.05870800691256171,-0.020769723209770916,-0.0855993663656579,0.03737194356162947,-2.290471359202857,-0.04761904761904763,0.3133238701167616,8
d_mid,fwd_mid_1s,1692166,98,-0.063073996543048,0.018557531601139574,0.04817567619496757,0.033270012591172585,1.4480209787401719,0.880952380952381,0.3133238701167616,8
d_mid,fwd_micro_1s,1692166,98,0.034473519431028984,-0.010414977166323223,-0.03585707870331453,0.0447906527994521,-0.800548249740025,0.28571428571428575,0.3133238701167616,8
d_mid,fwd_mid_3s,1692166,98,-0.10182054694494012,0.04771449025199062,0.10669659866235066,0.04940681437633327,2.159552280574888,0.880952380952381,0.3133238701167616,8
d_mid,fwd_micro_3s,1692166,98,-0.007793555483100715,0.01708780638814284,0.047038351766331546,0.05366677310124737,0.8764892884017698,0.7857142857142858,0.3133238701167616,8
d_mid,fwd_mid_5s,1692166,98,-0.13608324392544593,0.05115498059968522,0.13464258894455977,0.054891677186175006,2.4528780289932697,0.9285714285714287,0.3133238701167616,8
d_mid,fwd_micro_5s,1692166,98,-0.04062311699141475,0.018998962474262703,0.0755415270890994,0.058978288785027456,1.2808361965950559,0.7857142857142858,0.3133238701167616,8
d_mid,fwd_mid_10s,1692166,98,-0.15066778628239996,0.05980798935346886,0.1535364681273456,0.07141389897842328,2.149952184710353,0.9523809523809524,0.3133238701167616,8
d_mid,fwd_micro_10s,1692166,98,-0.05973840138326381,0.030837143012632278,0.1178900458065345,0.07368673826756282,1.5998814519169746,0.8095238095238096,0.3133238701167616,8
d_mid,fwd_mid_30s,1692166,98,-0.21336848284616355,0.08776604405271013,0.28888236034885084,0.08404297910500705,3.4373169945333366,0.9285714285714287,0.3133238701167616,8
d_mid,fwd_micro_30s,1692166,98,-0.12117280122437038,0.058946445277846184,0.25258040590012903,0.08076656028507974,3.1272893758085303,0.9047619047619048,0.3133238701167616,8
d_mid,fwd_mid_60s,1692166,98,-0.22605816436849607,0.1039498686607224,0.3547128109072193,0.10303709202512401,3.442573969582993,0.9523809523809524,0.3133238701167616,8
d_mid,fwd_micro_60s,1692166,98,-0.13053836152534104,0.07416729186899923,0.3159208093622937,0.10600725683176991,2.980180968776976,0.9047619047619048,0.3133238701167616,8
d_spread,fwd_mid_100ms,1692166,98,0.0012448118441736153,-0.0017490471822878366,-0.010691381475764749,0.005394745019657344,-1.9818140499333237,-0.5714285714285715,0.3551796927724585,8
d_spread,fwd_micro_100ms,1692166,98,-0.0036662120185622688,-0.0010442073442095692,-0.0031363270863182715,0.004777687952181582,-0.656452894728331,0.07142857142857144,0.3551796927724585,8
d_spread,fwd_mid_300ms,1692166,98,0.006800758987504571,-0.00369487116929938,-0.021253004580538793,0.010660000802596312,-1.9937151013499443,-0.5714285714285715,0.3551796927724585,8
d_spread,fwd_micro_300ms,1692166,98,0.0013812398860711843,-0.0010885230689119773,-0.006295036517680196,0.008394498951541762,-0.7499002089367142,-0.09523809523809526,0.3551796927724585,8
d_spread,fwd_mid_500ms,1692166,98,0.00881022047066937,-0.003757703975022617,-0.01756711072897027,0.01421738694033041,-1.2356075559241981,-0.261904761904762,0.3551796927724585,8
d_spread,fwd_micro_500ms,1692166,98,0.004770536706769455,-0.0011555083176352276,-0.018264694522844644,0.013662943128921998,-1.3368052805681057,-0.14285714285714288,0.3551796927724585,8
d_spread,fwd_mid_1s,1692166,98,0.007271815789891921,-0.0060595882929425785,-0.027217909182525386,0.01668439927642586,-1.6313388772098494,-0.2142857142857143,0.3551796927724585,8
d_spread,fwd_micro_1s,1692166,98,-0.000045644729800926565,-0.0024710350255104457,-0.011931177949071423,0.01421043468253768,-0.8396068252389849,0.2142857142857143,0.3551796927724585,8
d_spread,fwd_mid_3s,1692166,98,0.03198128765059027,0.0009742506335474101,-0.05080430626420443,0.02258810096614924,-2.249162350581852,-0.6428571428571429,0.3551796927724585,8
d_spread,fwd_micro_3s,1692166,98,0.022180382791215522,0.0027273736049671523,-0.037115590368170845,0.01949115152620311,-1.904227685997626,-0.6428571428571429,0.3551796927724585,8
d_spread,fwd_mid_5s,1692166,98,0.023540358810860317,-0.0031504361397106826,-0.05491818261119093,0.026177891792594492,-2.0978840865530213,-0.28571428571428575,0.3551796927724585,8
d_spread,fwd_micro_5s,1692166,98,0.013996438574987662,-0.0021626167261336424,-0.038987154129210534,0.025681382010703958,-1.5181096606467968,-0.261904761904762,0.3551796927724585,8
d_spread,fwd_mid_10s,1692166,98,0.04574572537608064,-0.004234124863125021,-0.08475897698847346,0.034480593815483865,-2.4581646546473213,-0.4523809523809524,0.3551796927724585,8
d_spread,fwd_micro_10s,1692166,98,0.038112108989885346,-0.0017188491332151925,-0.0754479108471301,0.03385684449028337,-2.2284389458912215,-0.4047619047619048,0.3551796927724585,8
d_spread,fwd_mid_30s,1692166,98,0.09822407499431972,0.001775508102464509,-0.16201693040784593,0.060186696682831706,-2.6919060080940005,-0.4047619047619048,0.3551796927724585,8
d_spread,fwd_micro_30s,1692166,98,0.08986236045389702,0.004020561079454496,-0.15153968146695024,0.06002426421825022,-2.5246403840278147,-0.4047619047619048,0.3551796927724585,8
d_spread,fwd_mid_60s,1692166,98,0.09159323478703268,0.009898118025646737,-0.12855754352663992,0.08225716240435195,-1.5628735512986571,-0.261904761904762,0.3551796927724585,8
d_spread,fwd_micro_60s,1692166,98,0.08628406825943244,0.011436106529804674,-0.12340640097147447,0.08292142968145598,-1.4882329145257405,-0.3333333333333334,0.3551796927724585,8
t_since_mid_move,fwd_mid_100ms,1692166,10,-0.004058580505724459,0.0013332015849089889,0.0003574244339871159,0.004090533947267021,0.08737842995433867,0.309090909090909,0.16676082606552786,10
t_since_mid_move,fwd_micro_100ms,1692166,10,-0.002360141235799218,0.0006164754449608079,-0.0007730390756676708,0.005011517420580186,-0.15425249695693477,0.49090909090909085,0.16676082606552786,10
t_since_mid_move,fwd_mid_300ms,1692166,10,-0.006421748441755881,0.0017727626214146463,0.01403643011029014,0.010727977357713166,1.3083948299162167,0.2606060606060606,0.16676082606552786,10
t_since_mid_move,fwd_micro_300ms,1692166,10,0.00832828480873823,0.000811788829543955,-0.0033339920226126765,0.009540006428003695,-0.34947481930683927,-0.33333333333333326,0.16676082606552786,10
t_since_mid_move,fwd_mid_500ms,1692166,10,-0.009091754409625757,0.0013100163640817944,0.0033033772474144545,0.015999079753547148,0.2064729533385859,0.24848484848484845,0.16676082606552786,10
t_since_mid_move,fwd_micro_500ms,1692166,10,-0.0010803180763875506,0.0010576116243830808,-0.01260897203841722,0.013628401166460394,-0.9251981860827522,-0.11515151515151514,0.16676082606552786,10
t_since_mid_move,fwd_mid_1s,1692166,10,-0.025508048218632794,0.002251136834675754,-0.07554252269834998,0.10502164413899993,-0.7193043235770211,0.2121212121212121,0.16676082606552786,10
t_since_mid_move,fwd_micro_1s,1692166,10,-0.015376340599058026,0.0023852260642427785,-0.04933553467533447,0.08305067936506126,-0.5940413137196988,0.41818181818181815,0.16676082606552786,10
t_since_mid_move,fwd_mid_3s,1692166,10,-0.01411526525078777,0.0045133302792478855,-0.31096203459673327,0.2876281098593241,-1.0811253279410749,-0.09090909090909088,0.16676082606552786,10
t_since_mid_move,fwd_micro_3s,1692166,10,-0.015602828475748733,0.0030868533302339566,-0.24039742844237438,0.26672908959763847,-0.9012793797819898,-0.11515151515151514,0.16676082606552786,10
t_since_mid_move,fwd_mid_5s,1692166,10,-0.01335349253476271,0.006425911877905507,-0.30779239291985194,0.28631582828032515,-1.075010050155172,-0.04242424242424241,0.16676082606552786,10
t_since_mid_move,fwd_micro_5s,1692166,10,-0.016232247155784585,0.00729265133401678,-0.26055329617346706,0.26030292142889344,-1.0009618591416463,0.04242424242424241,0.16676082606552786,10
t_since_mid_move,fwd_mid_10s,1692166,10,-0.027231669571915324,0.0054711223940616255,-0.5967287691747554,0.5767967733877807,-1.0345563579870694,-0.006060606060606061,0.16676082606552786,10
t_since_mid_move,fwd_micro_10s,1692166,10,-0.03148967800248323,0.004003302494152097,-0.5420350146051268,0.5511928189650639,-0.9833854795548098,0.11515151515151514,0.16676082606552786,10
t_since_mid_move,fwd_mid_30s,1692166,10,-0.07650016187190081,-0.014807681875394172,-0.44972255777356784,0.5808810537168146,-0.7742076538664525,0.06666666666666665,0.16676082606552786,10
t_since_mid_move,fwd_micro_30s,1692166,10,-0.07481631963966816,-0.015357335205323406,-0.42588084318116515,0.540421387713724,-0.7880532726191174,0.11515151515151514,0.16676082606552786,10
t_since_mid_move,fwd_mid_60s,1692166,10,-0.17141854826798805,-0.029933811381460205,-0.4928374679900271,0.5663200449408664,-0.8702454952684711,-0.006060606060606061,0.16676082606552786,10
t_since_mid_move,fwd_micro_60s,1692166,10,-0.1698327718979418,-0.02898819675640945,-0.5008531133406874,0.5797191345127347,-0.8639582230827421,-0.006060606060606061,0.16676082606552786,10
t_since_bbo_chg,fwd_mid_100ms,1692166,10,-0.004429058245063636,0.0010744303752939456,0.000713878707828832,0.003960879341835595,0.1802323792822223,0.28484848484848485,0.17004537379902446,10
t_since_bbo_chg,fwd_micro_100ms,1692166,10,-0.0030037309454175524,0.0006668829968382949,-0.00010626203431045936,0.004803107786940674,-0.02212359976583883,0.29696969696969694,0.17004537379902446,10
t_since_bbo_chg,fwd_mid_300ms,1692166,10,-0.007569107449660284,0.001669321482852773,0.01489029076922993,0.010686384588535902,1.3933890031623863,0.2121212121212121,0.17004537379902446,10
t_since_bbo_chg,fwd_micro_300ms,1692166,10,0.007867249420980646,0.0011136998702886921,-0.002293024278219266,0.009369142460240966,-0.24474217229057818,-0.18787878787878787,0.17004537379902446,10
t_since_bbo_chg,fwd_mid_500ms,1692166,10,-0.012423060453939493,0.0014242769892501333,0.005230483440815273,0.01623504568642184,0.3221723881682564,0.09090909090909088,0.17004537379902446,10
t_since_bbo_chg,fwd_micro_500ms,1692166,10,-0.0033614692810276982,0.0012697343056466287,-0.013188308765102397,0.012924656588644116,-1.0203991629990334,0.1515151515151515,0.17004537379902446,10
t_since_bbo_chg,fwd_mid_1s,1692166,10,-0.032137436637659306,0.002085507430939818,-0.07198893979223511,0.10410507967419552,-0.6915026626705418,-0.04242424242424241,0.17004537379902446,10
t_since_bbo_chg,fwd_micro_1s,1692166,10,-0.02028079888248213,0.0024709872873236987,-0.04942504033153046,0.08289838566249552,-0.5962123379911738,0.3939393939393939,0.17004537379902446,10
t_since_bbo_chg,fwd_mid_3s,1692166,10,-0.01448624604748719,0.005091881800641559,-0.31103112459234217,0.28785555779540695,-1.0805110972128849,-0.01818181818181818,0.17004537379902446,10
t_since_bbo_chg,fwd_micro_3s,1692166,10,-0.0158814444368131,0.003685119345406846,-0.24029769774896242,0.2676371333640174,-0.897848869955313,0.1515151515151515,0.17004537379902446,10
t_since_bbo_chg,fwd_mid_5s,1692166,10,-0.014963022119905906,0.0056108401875557675,-0.30345934277395836,0.28602212704178337,-1.0609645691140102,0.05454545454545454,0.17004537379902446,10
t_since_bbo_chg,fwd_micro_5s,1692166,10,-0.018081006360421373,0.00637767309451855,-0.25935622604515823,0.26062679614231565,-0.995124944495486,0.2606060606060606,0.17004537379902446,10
t_since_bbo_chg,fwd_mid_10s,1692166,10,-0.027076702204882095,0.004064139535775958,-0.6033053676858579,0.5752544637767707,-1.0487626010321103,0.11515151515151514,0.17004537379902446,10
t_since_bbo_chg,fwd_micro_10s,1692166,10,-0.032629991511361076,0.002386341138899439,-0.5455971945346547,0.5495651879178696,-0.9927797584882544,0.09090909090909088,0.17004537379902446,10
t_since_bbo_chg,fwd_mid_30s,1692166,10,-0.06791805938476356,-0.01870805817839637,-0.46418105259316855,0.5719202945906139,-0.8116184317701716,-0.06666666666666665,0.17004537379902446,10
t_since_bbo_chg,fwd_micro_30s,1692166,10,-0.06649210402305476,-0.019231142201809593,-0.4128759045690821,0.5362459883453607,-0.7699375166293568,-0.0303030303030303,0.17004537379902446,10
t_since_bbo_chg,fwd_mid_60s,1692166,10,-0.17083312015312724,-0.03198343134214454,-0.48937439666938853,0.5583914434124716,-0.8764002429526814,-0.11515151515151514,0.17004537379902446,10
t_since_bbo_chg,fwd_micro_60s,1692166,10,-0.16928621100423027,-0.030535558412414884,-0.48127236827119624,0.5823763806380269,-0.8263940370382717,-0.09090909090909088,0.17004537379902446,10
bbo_age,fwd_mid_100ms,1692166,10,-0.004429058245063636,0.0010744303752939456,0.000713878707828832,0.003960879341835595,0.1802323792822223,0.28484848484848485,0.17004537379902446,10
bbo_age,fwd_micro_100ms,1692166,10,-0.0030037309454175524,0.0006668829968382949,-0.00010626203431045936,0.004803107786940674,-0.02212359976583883,0.29696969696969694,0.17004537379902446,10
bbo_age,fwd_mid_300ms,1692166,10,-0.007569107449660284,0.001669321482852773,0.01489029076922993,0.010686384588535902,1.3933890031623863,0.2121212121212121,0.17004537379902446,10
bbo_age,fwd_micro_300ms,1692166,10,0.007867249420980646,0.0011136998702886921,-0.002293024278219266,0.009369142460240966,-0.24474217229057818,-0.18787878787878787,0.17004537379902446,10
bbo_age,fwd_mid_500ms,1692166,10,-0.012423060453939493,0.0014242769892501333,0.005230483440815273,0.01623504568642184,0.3221723881682564,0.09090909090909088,0.17004537379902446,10
bbo_age,fwd_micro_500ms,1692166,10,-0.0033614692810276982,0.0012697343056466287,-0.013188308765102397,0.012924656588644116,-1.0203991629990334,0.1515151515151515,0.17004537379902446,10
bbo_age,fwd_mid_1s,1692166,10,-0.032137436637659306,0.002085507430939818,-0.07198893979223511,0.10410507967419552,-0.6915026626705418,-0.04242424242424241,0.17004537379902446,10
bbo_age,fwd_micro_1s,1692166,10,-0.02028079888248213,0.0024709872873236987,-0.04942504033153046,0.08289838566249552,-0.5962123379911738,0.3939393939393939,0.17004537379902446,10
bbo_age,fwd_mid_3s,1692166,10,-0.01448624604748719,0.005091881800641559,-0.31103112459234217,0.28785555779540695,-1.0805110972128849,-0.01818181818181818,0.17004537379902446,10
bbo_age,fwd_micro_3s,1692166,10,-0.0158814444368131,0.003685119345406846,-0.24029769774896242,0.2676371333640174,-0.897848869955313,0.1515151515151515,0.17004537379902446,10
bbo_age,fwd_mid_5s,1692166,10,-0.014963022119905906,0.0056108401875557675,-0.30345934277395836,0.28602212704178337,-1.0609645691140102,0.05454545454545454,0.17004537379902446,10
bbo_age,fwd_micro_5s,1692166,10,-0.018081006360421373,0.00637767309451855,-0.25935622604515823,0.26062679614231565,-0.995124944495486,0.2606060606060606,0.17004537379902446,10
bbo_age,fwd_mid_10s,1692166,10,-0.027076702204882095,0.004064139535775958,-0.6033053676858579,0.5752544637767707,-1.0487626010321103,0.11515151515151514,0.17004537379902446,10
bbo_age,fwd_micro_10s,1692166,10,-0.032629991511361076,0.002386341138899439,-0.5455971945346547,0.5495651879178696,-0.9927797584882544,0.09090909090909088,0.17004537379902446,10
bbo_age,fwd_mid_30s,1692166,10,-0.06791805938476356,-0.01870805817839637,-0.46418105259316855,0.5719202945906139,-0.8116184317701716,-0.06666666666666665,0.17004537379902446,10
bbo_age,fwd_micro_30s,1692166,10,-0.06649210402305476,-0.019231142201809593,-0.4128759045690821,0.5362459883453607,-0.7699375166293568,-0.0303030303030303,0.17004537379902446,10
bbo_age,fwd_mid_60s,1692166,10,-0.17083312015312724,-0.03198343134214454,-0.48937439666938853,0.5583914434124716,-0.8764002429526814,-0.11515151515151514,0.17004537379902446,10
bbo_age,fwd_micro_60s,1692166,10,-0.16928621100423027,-0.030535558412414884,-0.48127236827119624,0.5823763806380269,-0.8263940370382717,-0.09090909090909088,0.17004537379902446,10
spread_duration,fwd_mid_100ms,1692166,12,-0.0048184363218038715,0.0008247508728893545,0.0007197042926374462,0.003638102580762697,0.19782407907986102,0.49090909090909085,0.18978398100422772,10
spread_duration,fwd_micro_100ms,1692166,12,-0.004357890366808854,0.0005134440207853595,0.002762637523206556,0.00327728542081263,0.8429651887083844,0.6,0.18978398100422772,10
spread_duration,fwd_mid_300ms,1692166,12,-0.007149111234371336,0.0016912783883256631,0.004434549072555884,0.007244649177500418,0.6121137081873043,0.29696969696969694,0.18978398100422772,10
spread_duration,fwd_micro_300ms,1692166,12,0.00541667726012326,0.00030184431714510164,-0.014045310970699504,0.022394774024086073,-0.627169131315791,-0.06666666666666665,0.18978398100422772,10
spread_duration,fwd_mid_500ms,1692166,12,-0.013483439232260365,0.0009497833943598606,-0.003932296668471149,0.011110206839653683,-0.3539355050021484,0.2606060606060606,0.18978398100422772,10
spread_duration,fwd_micro_500ms,1692166,12,-0.0038660839234481966,0.00032640769429731817,-0.02522504215133035,0.022936591477446262,-1.0997729185757326,0.35757575757575755,0.18978398100422772,10
spread_duration,fwd_mid_1s,1692166,12,-0.02563347487889772,0.0003162064626899427,-0.006919844288444512,0.014615797418680718,-0.47344965794340665,0.13939393939393938,0.18978398100422772,10
spread_duration,fwd_micro_1s,1692166,12,-0.009410654562438612,0.0010084082265224583,-0.0394752536400064,0.01977175946455444,-1.9965473336237545,0.5030303030303029,0.18978398100422772,10
spread_duration,fwd_mid_3s,1692166,12,-0.0157224449833295,0.0006627215067513918,-0.023874371757325787,0.02586290552967627,-0.9231125145599457,0.0303030303030303,0.18978398100422772,10
spread_duration,fwd_micro_3s,1692166,12,-0.018217230254487727,-0.0016231478704553661,-0.005560969310047265,0.02294684053652182,-0.24234139341302852,-0.13939393939393938,0.18978398100422772,10
spread_duration,fwd_mid_5s,1692166,12,-0.021347305593368716,0.0012895258409023648,0.0022539437215316816,0.024952012067332555,0.0903311410498462,0.04242424242424241,0.18978398100422772,10
spread_duration,fwd_micro_5s,1692166,12,-0.021129376216489946,0.0016466649769231914,0.023745087626022895,0.02913110343715249,0.8151111638201622,0.07878787878787878,0.18978398100422772,10
spread_duration,fwd_mid_10s,1692166,12,-0.032779176968829905,-0.0004943336349341935,0.011164220613050169,0.04630371787428074,0.24110851408006054,0.07878787878787878,0.18978398100422772,10
spread_duration,fwd_micro_10s,1692166,12,-0.037188583484639416,-0.0016766259447032346,0.05114416427573665,0.04609438526194702,1.1095530179021271,0.006060606060606061,0.18978398100422772,10
spread_duration,fwd_mid_30s,1692166,12,-0.08965199536005938,-0.01954151384374396,0.13472556809431677,0.059562824623913914,2.2619069687340803,-0.04242424242424241,0.18978398100422772,10
spread_duration,fwd_micro_30s,1692166,12,-0.0865119482374004,-0.019596482191822133,0.15993148394572607,0.053357688387673484,2.997346563886619,-0.04242424242424241,0.18978398100422772,10
spread_duration,fwd_mid_60s,1692166,12,-0.15220002291618,-0.03947126498016432,0.3218226408314996,0.16685447255793018,1.9287624472863083,-0.006060606060606061,0.18978398100422772,10
spread_duration,fwd_micro_60s,1692166,12,-0.1513408718197003,-0.03906840461860866,0.3670442837387411,0.1904385262579923,1.9273636010052722,-0.006060606060606061,0.18978398100422772,10
obi1,fwd_mid_100ms,1692166,98,-0.051085447525383285,0.04937775883328056,0.1053721989308472,0.007850191513305743,13.422882582195069,0.9999999999999999,0.10508720775621304,10
obi1,fwd_micro_100ms,1692166,98,0.036297566827209055,-0.04700448957796109,-0.08132843802464951,0.007476293091485882,-10.87817679556565,-0.8909090909090909,0.10508720775621304,10
obi1,fwd_mid_300ms,1692166,98,-0.1149238448305748,0.11176301240895893,0.23927448298015708,0.015700763457726582,15.239671855727915,0.9999999999999999,0.10508720775621304,10
obi1,fwd_micro_300ms,1692166,98,0.08684984709117907,-0.10869564967250087,-0.19182462482068358,0.01779045399664731,-10.782446859244502,-0.8909090909090909,0.10508720775621304,10
obi1,fwd_mid_500ms,1692166,98,-0.14929313253576557,0.14566735528740107,0.3091370285560622,0.020296449087829602,15.231089301302,0.9999999999999999,0.10508720775621304,10
obi1,fwd_micro_500ms,1692166,98,0.10753143568805903,-0.13995021234814187,-0.24460017558035363,0.0218856287325607,-11.176291920571865,-0.8909090909090909,0.10508720775621304,10
obi1,fwd_mid_1s,1692166,98,-0.1969157642660974,0.19356693310003215,0.40995642581862607,0.026597431195194716,15.413384202783153,0.9999999999999999,0.10508720775621304,10
obi1,fwd_micro_1s,1692166,98,0.13315489750439444,-0.16618719161060613,-0.29771191880679426,0.023304087100910427,-12.775094665483097,-0.8909090909090909,0.10508720775621304,10
obi1,fwd_mid_3s,1692166,98,-0.26500722812670063,0.2775154276758121,0.5651150201076541,0.0351558870657087,16.074548739203095,0.9999999999999999,0.10508720775621304,10
obi1,fwd_micro_3s,1692166,98,0.16882676395613425,-0.20251562152716115,-0.37152321445446934,0.028781747359972333,-12.908292530256803,-0.8909090909090909,0.10508720775621304,10
obi1,fwd_mid_5s,1692166,98,-0.3016155429944815,0.31588109926282815,0.6476528089326277,0.03793575585833902,17.072358103292174,0.9999999999999999,0.10508720775621304,10
obi1,fwd_micro_5s,1692166,98,0.18893128305533285,-0.21549659944949068,-0.40099064310146876,0.03297285784165241,-12.161234098274734,-0.8909090909090909,0.10508720775621304,10
obi1,fwd_mid_10s,1692166,98,-0.3572559123845179,0.37392955814707357,0.7661743706573748,0.04156571367429445,18.432845317201934,0.9999999999999999,0.10508720775621304,10
obi1,fwd_micro_10s,1692166,98,0.20242378631608898,-0.23250070486672697,-0.4293908077673712,0.03750151955019773,-11.449957572855396,-0.8909090909090909,0.10508720775621304,10
obi1,fwd_mid_30s,1692166,98,-0.4311237199929483,0.46124858237066235,0.9452513165426506,0.058985040139557555,16.025272074176822,0.9999999999999999,0.10508720775621304,10
obi1,fwd_micro_30s,1692166,98,0.23102273557291586,-0.2538786239714244,-0.466266720327007,0.061460987535241395,-7.586385104203739,-0.8909090909090909,0.10508720775621304,10
obi1,fwd_mid_60s,1692166,98,-0.49491861078382404,0.5774359604357875,1.1472731651167638,0.08186645020406262,14.0139600808028,0.9999999999999999,0.10508720775621304,10
obi1,fwd_micro_60s,1692166,98,0.21298078758136438,-0.18537200078408006,-0.3620836435449709,0.0889664314848432,-4.069890603700986,-0.8545454545454544,0.10508720775621304,10
obi2,fwd_mid_100ms,1692166,98,-0.05676045818706269,0.05671892058795718,0.12647465475994712,0.009206233468015452,13.737936931465928,0.9999999999999999,0.10714374358071253,10
obi2,fwd_micro_100ms,1692166,98,-0.001958212598190041,-0.002404973067657246,0.005008976130150112,0.004938590271774997,1.0142522166249313,-0.7575757575757575,0.10714374358071253,10
obi2,fwd_mid_300ms,1692166,98,-0.12492162166218472,0.13241245547550945,0.2875184634401508,0.019267717724738134,14.922289580306712,0.9999999999999999,0.10714374358071253,10
obi2,fwd_micro_300ms,1692166,98,0.006012206462751827,-0.010114619870614745,-0.009153301238684963,0.012920043634870426,-0.7084574555135983,-0.7575757575757575,0.10714374358071253,10
obi2,fwd_mid_500ms,1692166,98,-0.16153823667623898,0.17229090226740618,0.36818511735022286,0.02480322160315467,14.844245769404171,0.9999999999999999,0.10714374358071253,10
obi2,fwd_micro_500ms,1692166,98,0.007516938380959681,-0.016383496627781012,-0.01350279879375386,0.01649249632665667,-0.8187237714844544,-0.8060606060606059,0.10714374358071253,10
obi2,fwd_mid_1s,1692166,98,-0.20837035577191537,0.22177150173024188,0.4894478999964081,0.03515632033243823,13.9220457479107,0.9999999999999999,0.10714374358071253,10
obi2,fwd_micro_1s,1692166,98,0.013658546523046938,-0.01788485166493085,-0.018223337003447682,0.01686031840352193,-1.0808418066197987,-0.7939393939393938,0.10714374358071253,10
obi2,fwd_mid_3s,1692166,98,-0.2828837751245664,0.3222554502513424,0.6683714207879919,0.04325251642302849,15.452775377298922,0.9999999999999999,0.10714374358071253,10
obi2,fwd_micro_3s,1692166,98,0.01090058815490764,-0.004756316265229965,0.003931353624946445,0.024681767762416266,0.15928168771334303,-0.7454545454545454,0.10714374358071253,10
obi2,fwd_mid_5s,1692166,98,-0.3210771167545771,0.3654196874676564,0.7695954261021684,0.04976310527495933,15.465180917667269,0.9999999999999999,0.10714374358071253,10
obi2,fwd_micro_5s,1692166,98,0.0076061555269718115,0.00553628407837296,0.022875919314506468,0.027844946829012288,0.8215465252988569,-0.7575757575757575,0.10714374358071253,10
obi2,fwd_mid_10s,1692166,98,-0.37350468813237603,0.4233279704303012,0.8777694804329602,0.05423916639375239,16.183314361078885,0.9999999999999999,0.10714374358071253,10
obi2,fwd_micro_10s,1692166,98,0.004311456971375297,0.013211513388564303,0.026517520479457896,0.03218051834349718,0.8240240320683454,-0.6242424242424242,0.10714374358071253,10
obi2,fwd_mid_30s,1692166,98,-0.4864278302776057,0.5184905409977336,1.125642099081568,0.07455191041902488,15.098769337429557,0.9878787878787878,0.10714374358071253,10
obi2,fwd_micro_30s,1692166,98,-0.03328791447270963,0.02640439502678403,0.10743829405204539,0.05763317205404475,1.864174575560348,-0.4787878787878787,0.10714374358071253,10
obi2,fwd_mid_60s,1692166,98,-0.5614279435175211,0.6729663048903929,1.3978054741536179,0.11095474333183855,12.597978528715288,0.9878787878787878,0.10714374358071253,10
obi2,fwd_micro_60s,1692166,98,-0.06530364926702138,0.13554445178691846,0.28503307612707635,0.09916791627230435,2.8742469020364045,-0.22424242424242422,0.10714374358071253,10
obi3,fwd_mid_100ms,1692166,98,-0.05394042212463292,0.056810387337707345,0.13149350612087843,0.009471810999396691,13.882615070048793,0.9999999999999999,0.10929601469359389,10
obi3,fwd_micro_100ms,1692166,98,-0.01583422319472262,0.01742881662283125,0.044965585544968975,0.005430572797365118,8.280081535190176,0.0303030303030303,0.10929601469359389,10
obi3,fwd_mid_300ms,1692166,98,-0.12202719932930065,0.1311984336784471,0.30136609561208216,0.019809425260622366,15.21326800990762,0.9999999999999999,0.10929601469359389,10
obi3,fwd_micro_300ms,1692166,98,-0.02784231913435522,0.02802594105974486,0.0784511644560194,0.014174926826139083,5.534502253045328,0.006060606060606061,0.10929601469359389,10
obi3,fwd_mid_500ms,1692166,98,-0.15810494241030307,0.16803113647047116,0.3863816602792525,0.026359223327980685,14.658309748796846,0.9999999999999999,0.10929601469359389,10
obi3,fwd_micro_500ms,1692166,98,-0.03547656366566472,0.031111789099620632,0.09654314374609149,0.01948701428764018,4.954229638314828,0.0303030303030303,0.10929601469359389,10
obi3,fwd_mid_1s,1692166,98,-0.19867039007250326,0.21329591014662033,0.49115041372385065,0.03324583652230738,14.773290886944514,0.9999999999999999,0.10929601469359389,10
obi3,fwd_micro_1s,1692166,98,-0.035869760585611185,0.03674888687961469,0.10696945735997984,0.019503131390756965,5.48473243689859,0.006060606060606061,0.10929601469359389,10
obi3,fwd_mid_3s,1692166,98,-0.26931316394317134,0.3073873228693661,0.6800966049425363,0.0444601270372341,15.296776016248776,0.9999999999999999,0.10929601469359389,10
obi3,fwd_micro_3s,1692166,98,-0.053762714877018655,0.06596577635365687,0.16525990600089388,0.027352720144547125,6.041808826601807,0.0303030303030303,0.10929601469359389,10
obi3,fwd_mid_5s,1692166,98,-0.3125077800697356,0.3489154122492338,0.7719057282674858,0.05039419212343993,15.317354951870497,0.9999999999999999,0.10929601469359389,10
obi3,fwd_micro_5s,1692166,98,-0.06965708926991342,0.08550114160793205,0.20224372792312253,0.033518447624802945,6.033803539680234,0.05454545454545454,0.10929601469359389,10
obi3,fwd_mid_10s,1692166,98,-0.36905409089732005,0.4057088035881444,0.8948946956168263,0.060900984280087424,14.69425668887632,0.9999999999999999,0.10929601469359389,10
obi3,fwd_micro_10s,1692166,98,-0.09211181212378308,0.10366565911868028,0.243735332787312,0.042336756124008244,5.757062068557847,0.05454545454545454,0.10929601469359389,10
obi3,fwd_mid_30s,1692166,98,-0.48325601710761057,0.5410700850061426,1.162991208638534,0.07984673000049174,14.565295393203598,0.9999999999999999,0.10929601469359389,10
obi3,fwd_micro_30s,1692166,98,-0.1442751356246971,0.16866765709350592,0.3699690062158109,0.0627707641918187,5.89397008271617,0.23636363636363633,0.10929601469359389,10
obi3,fwd_mid_60s,1692166,98,-0.5611788544608187,0.7054152700888727,1.4214520010271758,0.10659753700996938,13.334754637850935,0.9999999999999999,0.10929601469359389,10
obi3,fwd_micro_60s,1692166,98,-0.18015611533212147,0.28940516332846533,0.5366602024170432,0.09378409376763144,5.722294483611735,0.38181818181818183,0.10929601469359389,10
obi5,fwd_mid_100ms,1692166,98,-0.04874027326824531,0.04817165680235968,0.1310378599737651,0.010336825267365223,12.67679936386945,0.9999999999999999,0.11653821197211148,10
obi5,fwd_micro_100ms,1692166,98,-0.025476838555518765,0.02532060261634529,0.07432779736672936,0.007738500647510032,9.604935213211533,0.1515151515151515,0.11653821197211148,10
obi5,fwd_mid_300ms,1692166,98,-0.10978950563995096,0.11325581885712717,0.31140469080512023,0.024724932702124766,12.594763939574214,0.9999999999999999,0.11653821197211148,10
obi5,fwd_micro_300ms,1692166,98,-0.050102204264487166,0.04953182198256185,0.1507330802648842,0.019138208655510087,7.876028680536231,0.06666666666666665,0.11653821197211148,10
obi5,fwd_mid_500ms,1692166,98,-0.14272830039097423,0.13935733920657,0.38663388935227394,0.030756397558275504,12.570844443654419,0.9999999999999999,0.11653821197211148,10
obi5,fwd_micro_500ms,1692166,98,-0.06468697160804643,0.05613292159921772,0.18286211182711343,0.023261214153741907,7.861245359700941,0.16363636363636364,0.11653821197211148,10
obi5,fwd_mid_1s,1692166,98,-0.17667085318347125,0.17511683524195115,0.4962059431341825,0.04520600405773368,10.976549541969378,0.9999999999999999,0.11653821197211148,10
obi5,fwd_micro_1s,1692166,98,-0.06824974369853569,0.06616387769524945,0.2160572402975327,0.028282797916199375,7.639174912528115,0.1515151515151515,0.11653821197211148,10
obi5,fwd_mid_3s,1692166,98,-0.23601362252248964,0.24392055444602934,0.667818052113904,0.0575115121418164,11.611902160860348,0.9999999999999999,0.11653821197211148,10
obi5,fwd_micro_3s,1692166,98,-0.09474842859116253,0.09165014851195614,0.2936770879075231,0.037339908145960214,7.864965461606148,0.32121212121212117,0.11653821197211148,10
obi5,fwd_mid_5s,1692166,98,-0.2712901239579007,0.27229227982778753,0.7620439286826401,0.07020937220502495,10.853877548674335,0.9999999999999999,0.11653821197211148,10
obi5,fwd_micro_5s,1692166,98,-0.11763368613004917,0.10989995622319994,0.354421595254541,0.04692853610649694,7.552368444867677,0.33333333333333326,0.11653821197211148,10
obi5,fwd_mid_10s,1692166,98,-0.339874718844304,0.32449659182205676,0.9009389110389558,0.07955082114241602,11.325325095338087,0.9999999999999999,0.11653821197211148,10
obi5,fwd_micro_10s,1692166,98,-0.16077572060754736,0.13354798064697226,0.4257054103539419,0.053061313805473895,8.02289615207427,0.5151515151515151,0.11653821197211148,10
obi5,fwd_mid_30s,1692166,98,-0.45935758260608656,0.4447859616793634,1.1988891482007629,0.1097627516702885,10.922550045046732,0.9999999999999999,0.11653821197211148,10
obi5,fwd_micro_30s,1692166,98,-0.2364275607029965,0.20829003581206967,0.6125540524012569,0.08241085592698068,7.432929139141624,0.5878787878787878,0.11653821197211148,10
obi5,fwd_mid_60s,1692166,98,-0.5595834117657567,0.5685046752723132,1.4642886537518343,0.13445047472752353,10.89091471576692,0.9999999999999999,0.11653821197211148,10
obi5,fwd_micro_60s,1692166,98,-0.30114148662149937,0.29784765958559967,0.7979651207741096,0.11076874930030034,7.2038830971249945,0.6484848484848483,0.11653821197211148,10
obi10,fwd_mid_100ms,1692166,98,-0.03193145173736965,0.03430749108464919,0.1137473195195478,0.013499591347600516,8.425982430924904,0.9999999999999999,0.12622579581435864,10
obi10,fwd_micro_100ms,1692166,98,-0.018591915231668418,0.021030997332818727,0.08351318894416715,0.013931191547675243,5.994691025413641,0.8060606060606059,0.12622579581435864,10
obi10,fwd_mid_300ms,1692166,98,-0.07262055916668839,0.08440861294848045,0.2864102764563221,0.037072655796965594,7.7256476586110905,0.9999999999999999,0.12622579581435864,10
obi10,fwd_micro_300ms,1692166,98,-0.036398405553756,0.04723303312361899,0.17607400725149536,0.03802993344734041,4.629879447338579,0.8909090909090909,0.12622579581435864,10
obi10,fwd_mid_500ms,1692166,98,-0.0904733602565541,0.1038571771912534,0.34323157558541023,0.04971560477121943,6.903900237458409,0.9999999999999999,0.12622579581435864,10
obi10,fwd_micro_500ms,1692166,98,-0.04506536253435617,0.05504746296973305,0.22828597277176188,0.04508836814599622,5.063079063597322,0.9636363636363635,0.12622579581435864,10
obi10,fwd_mid_1s,1692166,98,-0.10859423423450464,0.13188625111196134,0.4545747400329224,0.05917627811634969,7.6817054823751905,0.9999999999999999,0.12622579581435864,10
obi10,fwd_micro_1s,1692166,98,-0.04571356867867612,0.06658732476079282,0.2539826931727055,0.049195253378220366,5.16274794277507,0.9757575757575757,0.12622579581435864,10
obi10,fwd_mid_3s,1692166,98,-0.1417064107008143,0.17721678886408365,0.5648768613219495,0.06289750279472249,8.980910786959674,0.9999999999999999,0.12622579581435864,10
obi10,fwd_micro_3s,1692166,98,-0.0620562552300828,0.09045161582126564,0.3200006271068514,0.05129741846345404,6.238142906447238,0.9393939393939393,0.12622579581435864,10
obi10,fwd_mid_5s,1692166,98,-0.16267068846426797,0.19777043260434557,0.6173001790365735,0.07269590073746124,8.491540413893928,0.9999999999999999,0.12622579581435864,10
obi10,fwd_micro_5s,1692166,98,-0.07609676124745797,0.1033892369077615,0.3565419977011505,0.06251927980994162,5.702912746036692,0.9272727272727272,0.12622579581435864,10
obi10,fwd_mid_10s,1692166,98,-0.1992540665459158,0.24104301341581946,0.6982903514775046,0.09506556133242432,7.345355580826266,0.9878787878787878,0.12622579581435864,10
obi10,fwd_micro_10s,1692166,98,-0.09704536484640132,0.12824253116847498,0.38927379662175055,0.08130644419059756,4.78773608287702,0.709090909090909,0.12622579581435864,10
obi10,fwd_mid_30s,1692166,98,-0.2511934136967899,0.35432736354763267,0.9861929688546098,0.16806163556371975,5.8680433850752305,0.9515151515151514,0.12622579581435864,10
obi10,fwd_micro_30s,1692166,98,-0.120316982828642,0.21462364383724347,0.6048413755506539,0.15587317874775625,3.8803428557099364,0.5636363636363636,0.12622579581435864,10
obi10,fwd_mid_60s,1692166,98,-0.3014018888960605,0.46133541385510385,1.1023115342390977,0.22946801491736685,4.803769861503566,0.9393939393939393,0.12622579581435864,10
obi10,fwd_micro_60s,1692166,98,-0.1493135391957483,0.30289747633461694,0.6650019126431834,0.22130304100031642,3.004937978426752,0.5515151515151515,0.12622579581435864,10
obi_dw,fwd_mid_100ms,1692166,98,-0.044930143721155474,0.04556090904125727,0.134440390910402,0.014899002562440138,9.0234490763376,0.9999999999999999,0.11856342699238727,10
obi_dw,fwd_micro_100ms,1692166,98,-0.005503766471489425,0.004562975962971005,0.04111289765607597,0.014293654404662149,2.8763041621228935,-0.5272727272727272,0.11856342699238727,10
obi_dw,fwd_mid_300ms,1692166,98,-0.10092724082403105,0.1102062356198519,0.32297332439392834,0.03743766978399432,8.626961193295442,0.9999999999999999,0.11856342699238727,10
obi_dw,fwd_micro_300ms,1692166,98,-0.006747474338054223,0.0063616146924535275,0.07513998482180526,0.035413639018115235,2.1217809551672646,-0.5636363636363636,0.11856342699238727,10
obi_dw,fwd_mid_500ms,1692166,98,-0.12872883128050513,0.1372264013603651,0.4003159940798616,0.0465485983428317,8.599958072454157,0.9999999999999999,0.11856342699238727,10
obi_dw,fwd_micro_500ms,1692166,98,-0.008592690205432093,0.004339702430196226,0.08467353630337852,0.04066859735314207,2.082037292019775,-0.5636363636363636,0.11856342699238727,10
obi_dw,fwd_mid_1s,1692166,98,-0.15989463105363053,0.17551930144756117,0.5043364446638666,0.05395218325473936,9.347841259409346,0.9999999999999999,0.11856342699238727,10
obi_dw,fwd_micro_1s,1692166,98,-0.0035054379795289286,0.007087231930932854,0.09120409559409587,0.04187969451171515,2.1777641087755075,-0.6242424242424242,0.11856342699238727,10
obi_dw,fwd_mid_3s,1692166,98,-0.21062152137196016,0.23687111425055687,0.6402627292447727,0.055837769665574716,11.466481076867035,0.9999999999999999,0.11856342699238727,10
obi_dw,fwd_micro_3s,1692166,98,-0.012834215821239066,0.015312122422329596,0.11320893313899855,0.03971583177741833,2.8504736794500927,-0.5878787878787878,0.11856342699238727,10
obi_dw,fwd_mid_5s,1692166,98,-0.2470930397460396,0.2703344820623483,0.7420541239021538,0.06981853517108874,10.628325588380893,0.9999999999999999,0.11856342699238727,10
obi_dw,fwd_micro_5s,1692166,98,-0.027956466994062682,0.02829920218280276,0.16767073503480306,0.05292226469320818,3.168245652501738,-0.4666666666666666,0.11856342699238727,10
obi_dw,fwd_mid_10s,1692166,98,-0.30883683885371693,0.3322737594190576,0.889852903099388,0.08471372564925497,10.504235249712618,0.9999999999999999,0.11856342699238727,10
obi_dw,fwd_micro_10s,1692166,98,-0.05735549769083333,0.053437408287845344,0.22248890890002823,0.06346976628796631,3.5054313559401193,-0.12727272727272726,0.11856342699238727,10
obi_dw,fwd_mid_30s,1692166,98,-0.4179064679873441,0.46845018184059367,1.201839765597474,0.1326811636590768,9.058103896990168,0.9999999999999999,0.11856342699238727,10
obi_dw,fwd_micro_30s,1692166,98,-0.11059551723687266,0.13377194631320943,0.40891075763097856,0.11846171313759013,3.451838968055777,0.05454545454545454,0.11856342699238727,10
obi_dw,fwd_mid_60s,1692166,98,-0.49040872863535695,0.619469463159018,1.495993098484049,0.17083791668724493,8.756797832080697,0.9999999999999999,0.11856342699238727,10
obi_dw,fwd_micro_60s,1692166,98,-0.15328102376410369,0.25058024463953166,0.628537699587379,0.15752654665651789,3.990043030384507,0.04242424242424241,0.11856342699238727,10
obi_ew,fwd_mid_100ms,1692166,98,-0.05035519417277315,0.05213255081913076,0.13854914640002378,0.011742019609335342,11.799430677996147,0.9999999999999999,0.11434575567645254,10
obi_ew,fwd_micro_100ms,1692166,98,-0.008475097440801415,0.008857771064517336,0.03798007134439293,0.008881255181857974,4.276430590799377,-0.406060606060606,0.11434575567645254,10
obi_ew,fwd_mid_300ms,1692166,98,-0.11616184067197127,0.12232603460014475,0.3197606980354531,0.026122028414164212,12.241036299542055,0.9999999999999999,0.11434575567645254,10
obi_ew,fwd_micro_300ms,1692166,98,-0.013856065123995601,0.011312740574794339,0.06390174492038375,0.023093730628792004,2.767060287813115,-0.5151515151515151,0.11434575567645254,10
obi_ew,fwd_mid_500ms,1692166,98,-0.14934123248229705,0.15222630007255616,0.3988616352957974,0.03234608218698394,12.331064794496172,0.9999999999999999,0.11434575567645254,10
obi_ew,fwd_micro_500ms,1692166,98,-0.0184812811297962,0.008017934174093267,0.07221499500659839,0.0267678021586046,2.6978305719203264,-0.5878787878787878,0.11434575567645254,10
obi_ew,fwd_mid_1s,1692166,98,-0.18436959218375595,0.195350095733403,0.5038831395572084,0.040081572225824,12.571441477352115,0.9999999999999999,0.11434575567645254,10
obi_ew,fwd_micro_1s,1692166,98,-0.01519603011377212,0.011129214399220327,0.07795005619699705,0.027688096802661107,2.8152912333615236,-0.5272727272727272,0.11434575567645254,10
obi_ew,fwd_mid_3s,1692166,98,-0.24828512071106004,0.26904361228105467,0.6739500292070668,0.049437435853888705,13.632382375148094,0.9999999999999999,0.11434575567645254,10
obi_ew,fwd_micro_3s,1692166,98,-0.02987185075989466,0.02308290744985625,0.11820374806000017,0.034524685884147206,3.4237457932753013,-0.4424242424242424,0.11434575567645254,10
obi_ew,fwd_mid_5s,1692166,98,-0.29123424992740377,0.30600057640935935,0.7777673029800577,0.05954815359235605,13.061148936780745,0.9999999999999999,0.11434575567645254,10
obi_ew,fwd_micro_5s,1692166,98,-0.05002492407227473,0.037991006639768996,0.16681645807082088,0.043148553452090344,3.8660961892046792,-0.2606060606060606,0.11434575567645254,10
obi_ew,fwd_mid_10s,1692166,98,-0.3646912247060799,0.3688943340711424,0.9336359018923024,0.06955146831434321,13.423669183699518,0.9999999999999999,0.11434575567645254,10
obi_ew,fwd_micro_10s,1692166,98,-0.08496038944777846,0.06012560296559299,0.2285607184974482,0.04976616152561291,4.592693338018765,-0.1515151515151515,0.11434575567645254,10
obi_ew,fwd_mid_30s,1692166,98,-0.49035662175471306,0.5078666905576216,1.243605960310155,0.0996691151503493,12.477345248166344,0.9999999999999999,0.11434575567645254,10
obi_ew,fwd_micro_30s,1692166,98,-0.14978392935950016,0.13650891304980353,0.40226512298333766,0.08360868028279028,4.811284206648798,0.006060606060606061,0.11434575567645254,10
obi_ew,fwd_mid_60s,1692166,98,-0.5859101520394193,0.6476460695098628,1.5218782794911085,0.12642150442333894,12.038128215868245,0.9878787878787878,0.11434575567645254,10
obi_ew,fwd_micro_60s,1692166,98,-0.20898747997598288,0.23634879174277335,0.5925056634310794,0.11675676489244546,5.0747009304076425,0.10303030303030303,0.11434575567645254,10
obi_notional,fwd_mid_100ms,1692166,98,-0.03194260675804471,0.03428838266693071,0.11374359214453171,0.013499323421393029,8.42587354891259,0.9999999999999999,0.1262234319800776,10
obi_notional,fwd_micro_100ms,1692166,98,-0.018615750947467653,0.0210251654756471,0.08356343100938986,0.013930504160349143,5.998593449850812,0.8060606060606059,0.1262234319800776,10
obi_notional,fwd_mid_300ms,1692166,98,-0.0726010272829148,0.08437852830954136,0.28640037312434996,0.03707870348788003,7.7241204838234445,0.9999999999999999,0.1262234319800776,10
obi_notional,fwd_micro_300ms,1692166,98,-0.036362347488340406,0.0471980862043608,0.17609373175132062,0.0380377536913515,4.6294461334439525,0.8909090909090909,0.1262234319800776,10
obi_notional,fwd_mid_500ms,1692166,98,-0.0904827082241775,0.10379499951544818,0.3432781861903183,0.04972489169380765,6.9035481928071745,0.9999999999999999,0.1262234319800776,10
obi_notional,fwd_micro_500ms,1692166,98,-0.04508482890523418,0.05495115170576794,0.2283658809388686,0.04510064688061819,5.063472405248534,0.9878787878787878,0.1262234319800776,10
obi_notional,fwd_mid_1s,1692166,98,-0.1085341659231207,0.13181985695390985,0.45443903026325255,0.05918592061606396,7.678161047982599,0.9999999999999999,0.1262234319800776,10
obi_notional,fwd_micro_1s,1692166,98,-0.045659584387335556,0.0665323142188722,0.2539113240601699,0.04921648178496843,5.159071003277582,0.9757575757575757,0.1262234319800776,10
obi_notional,fwd_mid_3s,1692166,98,-0.14165301216783888,0.1772324808201848,0.5649097442816288,0.06292369837659688,8.977694554771034,0.9999999999999999,0.1262234319800776,10
obi_notional,fwd_micro_3s,1692166,98,-0.06204650282194411,0.09043712300745937,0.3201012829509044,0.051325188325186,6.236728853731768,0.9393939393939393,0.1262234319800776,10
obi_notional,fwd_mid_5s,1692166,98,-0.16258568953086106,0.1978473941417987,0.6174690166726186,0.07273691272183856,8.489073753156825,0.9999999999999999,0.1262234319800776,10
obi_notional,fwd_micro_5s,1692166,98,-0.07605340599438888,0.10343236445166291,0.35679090645880135,0.0625642857805245,5.702788771703137,0.9272727272727272,0.1262234319800776,10
obi_notional,fwd_mid_10s,1692166,98,-0.19922473370541463,0.24103277801651185,0.6983658347812662,0.09505767908816123,7.34675874143284,0.9878787878787878,0.1262234319800776,10
obi_notional,fwd_micro_10s,1692166,98,-0.09703478442273493,0.1282047603675005,0.389394548291136,0.0813124965741781,4.78886474646498,0.709090909090909,0.1262234319800776,10
obi_notional,fwd_mid_30s,1692166,98,-0.25121792909301704,0.35411315378390756,0.9862736379882392,0.16803065133768708,5.869605516234947,0.9515151515151514,0.1262234319800776,10
obi_notional,fwd_micro_30s,1692166,98,-0.12032380563903065,0.21437475281520935,0.6048665966725517,0.15581838534463419,3.881869237283693,0.5636363636363636,0.1262234319800776,10
obi_notional,fwd_mid_60s,1692166,98,-0.30109159323706214,0.4613003141579199,1.1029937112374688,0.22943930036616522,4.8073442931406545,0.9393939393939393,0.1262234319800776,10
obi_notional,fwd_micro_60s,1692166,98,-0.14902882494262823,0.30272271609505524,0.6653960363636525,0.22124258506125197,3.0075405066318255,0.5515151515151515,0.1262234319800776,10
depth_diff,fwd_mid_100ms,1692166,98,-0.042843427526586854,0.03883787398749707,0.08332246209212031,0.007067489181892779,11.789542218981552,0.9999999999999999,0.11374593272764019,10
depth_diff,fwd_micro_100ms,1692166,98,0.05294572558884626,-0.05833312955670044,-0.10063552105884312,0.01013099133242119,-9.933432746782579,-0.9515151515151514,0.11374593272764019,10
depth_diff,fwd_mid_300ms,1692166,98,-0.09305421934887016,0.08737258983577514,0.17850960117633005,0.013970904499255192,12.777240098223178,0.9999999999999999,0.11374593272764019,10
depth_diff,fwd_micro_300ms,1692166,98,0.11992612759626581,-0.12910743695048119,-0.23229172053157146,0.023507649278246036,-9.881537612803083,-0.9757575757575757,0.11374593272764019,10
depth_diff,fwd_mid_500ms,1692166,98,-0.12169530052913155,0.11488330033871737,0.23647566109229007,0.01732332439928589,13.650709046471368,0.9999999999999999,0.11374593272764019,10
depth_diff,fwd_micro_500ms,1692166,98,0.14255719413326576,-0.15945143725418723,-0.27807038538052664,0.028567326100831358,-9.733861139087649,-0.9515151515151514,0.11374593272764019,10
depth_diff,fwd_mid_1s,1692166,98,-0.15422442823849958,0.14285341213992242,0.2951368813239509,0.02048814528028505,14.405251294657193,0.9999999999999999,0.11374593272764019,10
depth_diff,fwd_micro_1s,1692166,98,0.16646216876538666,-0.18851993708078676,-0.3333206859918154,0.02935744311798273,-11.353873177996274,-0.9515151515151514,0.11374593272764019,10
depth_diff,fwd_mid_3s,1692166,98,-0.19793469715418263,0.19394635290460654,0.3893086775938422,0.022948877089021345,16.96417110448014,0.9999999999999999,0.11374593272764019,10
depth_diff,fwd_micro_3s,1692166,98,0.2059107527808806,-0.22773433896560044,-0.40492751172656805,0.037968343338747726,-10.664871735747514,-0.9151515151515152,0.11374593272764019,10
depth_diff,fwd_mid_5s,1692166,98,-0.22583318580990638,0.21866138149834488,0.4588143687321894,0.025985168991945074,17.65677832899272,0.9999999999999999,0.11374593272764019,10
depth_diff,fwd_micro_5s,1692166,98,0.21762884890549797,-0.2412571699677873,-0.4188602826353526,0.04139202988635468,-10.11934625543538,-0.8909090909090909,0.11374593272764019,10
depth_diff,fwd_mid_10s,1692166,98,-0.26450599431585486,0.2615216042354606,0.5499251114692824,0.030055921463880943,18.29673104949196,0.9999999999999999,0.11374593272764019,10
depth_diff,fwd_micro_10s,1692166,98,0.22892268961090503,-0.2509827433759838,-0.43385037200504706,0.0482409676726701,-8.99340110565062,-0.8909090909090909,0.11374593272764019,10
depth_diff,fwd_mid_30s,1692166,98,-0.34816894599502957,0.3364603877862775,0.7426743711417814,0.060480884396891074,12.2794892724809,0.9999999999999999,0.11374593272764019,10
depth_diff,fwd_micro_30s,1692166,98,0.22639026048693792,-0.25035525056703145,-0.40167867258192347,0.08365184383753632,-4.801791020435128,-0.8303030303030302,0.11374593272764019,10
depth_diff,fwd_mid_60s,1692166,98,-0.402090274270191,0.39682987253899754,0.8728391194653028,0.09060796755536764,9.633138707497645,0.9878787878787878,0.11374593272764019,10
depth_diff,fwd_micro_60s,1692166,98,0.20778601516600195,-0.2279751224590292,-0.354625215228606,0.11683024030844451,-3.035388905238549,-0.8424242424242423,0.11374593272764019,10
depth_ratio,fwd_mid_100ms,1692133,98,-0.05108917082587167,0.04918174927451876,0.10519440347484245,0.007849238034949633,13.401861812121417,0.9999999999999999,0.10508689328793895,10
depth_ratio,fwd_micro_100ms,1692133,98,0.036298588949070384,-0.04702218912034151,-0.08132595210327682,0.007467691396467773,-10.890373983818359,-0.8909090909090909,0.10508689328793895,10
depth_ratio,fwd_mid_300ms,1692133,98,-0.11491096414799888,0.11135651158121125,0.2388817097025469,0.015690321448702388,15.224781116406175,0.9999999999999999,0.10508689328793895,10
depth_ratio,fwd_micro_300ms,1692133,98,0.08684774532698555,-0.10878246919150436,-0.1918433707814614,0.01777942025674359,-10.790192706575839,-0.8909090909090909,0.10508689328793895,10
depth_ratio,fwd_mid_500ms,1692133,98,-0.14928102285443515,0.14558148954520675,0.30904608443789416,0.020297434702896244,15.225869128860719,0.9999999999999999,0.10508689328793895,10
depth_ratio,fwd_micro_500ms,1692133,98,0.10753665164756634,-0.14006530643784307,-0.24472698057772818,0.02187444507189658,-11.187802925896563,-0.8909090909090909,0.10508689328793895,10
depth_ratio,fwd_mid_1s,1692133,98,-0.19689701033392965,0.1934693891246824,0.4098483022056931,0.026586418425654304,15.415701943899823,0.9999999999999999,0.10508689328793895,10
depth_ratio,fwd_micro_1s,1692133,98,0.1331834434045692,-0.1664675048563672,-0.29794757857700704,0.02328666437230973,-12.794772742604465,-0.8909090909090909,0.10508689328793895,10
depth_ratio,fwd_mid_3s,1692133,98,-0.2650430689116678,0.27718968443063613,0.5647333399034129,0.035110143499155484,16.084620671430653,0.9999999999999999,0.10508689328793895,10
depth_ratio,fwd_micro_3s,1692133,98,0.16879511405590625,-0.20297092780257975,-0.3718481026200481,0.02877703247842749,-12.921697291018507,-0.8909090909090909,0.10508689328793895,10
depth_ratio,fwd_mid_5s,1692133,98,-0.30167019043636945,0.31523431082590403,0.6468908973911955,0.03786205078901304,17.08546906230745,0.9999999999999999,0.10508689328793895,10
depth_ratio,fwd_micro_5s,1692133,98,0.1888665493425465,-0.21621323640503606,-0.4016836930695545,0.03295945983431083,-12.187204981175126,-0.8909090909090909,0.10508689328793895,10
depth_ratio,fwd_mid_10s,1692133,98,-0.357381242991853,0.37317259189384516,0.7654749395216736,0.041557047508207205,18.41985861412551,0.9999999999999999,0.10508689328793895,10
depth_ratio,fwd_micro_10s,1692133,98,0.20229109316915453,-0.23342901083063494,-0.4300841106090421,0.0374739697511617,-11.476876174713501,-0.8909090909090909,0.10508689328793895,10
depth_ratio,fwd_mid_30s,1692133,98,-0.4312395289767118,0.4601217163374534,0.9434959796788177,0.05877418454875125,16.052897831295624,0.9999999999999999,0.10508689328793895,10
depth_ratio,fwd_micro_30s,1692133,98,0.23089238426476028,-0.25527579353671076,-0.46808676561917384,0.06140512601433581,-7.6229265535566695,-0.8909090909090909,0.10508689328793895,10
depth_ratio,fwd_mid_60s,1692133,98,-0.49478341662484493,0.5760164589390685,1.1449410192693232,0.08159022621838449,14.032820747484788,0.9999999999999999,0.10508689328793895,10
depth_ratio,fwd_micro_60s,1692133,98,0.2131102335904152,-0.18717440721394363,-0.36465779438665064,0.08885962155975005,-4.103751377575374,-0.8545454545454544,0.10508689328793895,10
log_depth_ratio,fwd_mid_100ms,1692133,98,-0.05108917082587167,0.04918174927451876,0.10519440347484245,0.007849238034949633,13.401861812121417,0.9999999999999999,0.10508689328793895,10
log_depth_ratio,fwd_micro_100ms,1692133,98,0.036298588949070384,-0.04702218912034151,-0.08132595210327682,0.007467691396467773,-10.890373983818359,-0.8909090909090909,0.10508689328793895,10
log_depth_ratio,fwd_mid_300ms,1692133,98,-0.11491096414799888,0.11135651158121125,0.2388817097025469,0.015690321448702388,15.224781116406175,0.9999999999999999,0.10508689328793895,10
log_depth_ratio,fwd_micro_300ms,1692133,98,0.08684774532698555,-0.10878246919150436,-0.1918433707814614,0.01777942025674359,-10.790192706575839,-0.8909090909090909,0.10508689328793895,10
log_depth_ratio,fwd_mid_500ms,1692133,98,-0.14928102285443515,0.14558148954520675,0.30904608443789416,0.020297434702896244,15.225869128860719,0.9999999999999999,0.10508689328793895,10
log_depth_ratio,fwd_micro_500ms,1692133,98,0.10753665164756634,-0.14006530643784307,-0.24472698057772818,0.02187444507189658,-11.187802925896563,-0.8909090909090909,0.10508689328793895,10
log_depth_ratio,fwd_mid_1s,1692133,98,-0.19689701033392965,0.1934693891246824,0.4098483022056931,0.026586418425654304,15.415701943899823,0.9999999999999999,0.10508689328793895,10
log_depth_ratio,fwd_micro_1s,1692133,98,0.1331834434045692,-0.1664675048563672,-0.29794757857700704,0.02328666437230973,-12.794772742604465,-0.8909090909090909,0.10508689328793895,10
log_depth_ratio,fwd_mid_3s,1692133,98,-0.2650430689116678,0.27718968443063613,0.5647333399034129,0.035110143499155484,16.084620671430653,0.9999999999999999,0.10508689328793895,10
log_depth_ratio,fwd_micro_3s,1692133,98,0.16879511405590625,-0.20297092780257975,-0.3718481026200481,0.02877703247842749,-12.921697291018507,-0.8909090909090909,0.10508689328793895,10
log_depth_ratio,fwd_mid_5s,1692133,98,-0.30167019043636945,0.31523431082590403,0.6468908973911955,0.03786205078901304,17.08546906230745,0.9999999999999999,0.10508689328793895,10
log_depth_ratio,fwd_micro_5s,1692133,98,0.1888665493425465,-0.21621323640503606,-0.4016836930695545,0.03295945983431083,-12.187204981175126,-0.8909090909090909,0.10508689328793895,10
log_depth_ratio,fwd_mid_10s,1692133,98,-0.357381242991853,0.37317259189384516,0.7654749395216736,0.041557047508207205,18.41985861412551,0.9999999999999999,0.10508689328793895,10
log_depth_ratio,fwd_micro_10s,1692133,98,0.20229109316915453,-0.23342901083063494,-0.4300841106090421,0.0374739697511617,-11.476876174713501,-0.8909090909090909,0.10508689328793895,10
log_depth_ratio,fwd_mid_30s,1692133,98,-0.4312395289767118,0.4601217163374534,0.9434959796788177,0.05877418454875125,16.052897831295624,0.9999999999999999,0.10508689328793895,10
log_depth_ratio,fwd_micro_30s,1692133,98,0.23089238426476028,-0.25527579353671076,-0.46808676561917384,0.06140512601433581,-7.6229265535566695,-0.8909090909090909,0.10508689328793895,10
log_depth_ratio,fwd_mid_60s,1692133,98,-0.49478341662484493,0.5760164589390685,1.1449410192693232,0.08159022621838449,14.032820747484788,0.9999999999999999,0.10508689328793895,10
log_depth_ratio,fwd_micro_60s,1692133,98,0.2131102335904152,-0.18717440721394363,-0.36465779438665064,0.08885962155975005,-4.103751377575374,-0.8545454545454544,0.10508689328793895,10
obi_abs,fwd_mid_100ms,1692166,98,-0.0015435800068713073,-0.0017876471998571704,0.0010995939162330645,0.0031909656121820525,0.3445959781061815,-0.2606060606060606,0.10277065016079982,10
obi_abs,fwd_micro_100ms,1692166,98,-0.0009398674831016419,-0.0030124376218288477,-0.0009715478364417293,0.002749679803397476,-0.3533312625132915,-0.5757575757575757,0.10277065016079982,10
obi_abs,fwd_mid_300ms,1692166,98,-0.0026565722320580805,-0.001533735992411995,0.0008136500018461944,0.0056755286927917,0.14336109389766352,-0.5272727272727272,0.10277065016079982,10
obi_abs,fwd_micro_300ms,1692166,98,0.00025829729790784065,-0.004334060540452495,-0.003816250332806664,0.00506062120830721,-0.7541070899640023,-0.8303030303030302,0.10277065016079982,10
obi_abs,fwd_mid_500ms,1692166,98,-0.006121274881526493,-0.0003598342485670456,0.006200039675732768,0.007062646246891454,0.8778635456167223,-0.11515151515151514,0.10277065016079982,10
obi_abs,fwd_micro_500ms,1692166,98,-0.00247993471074606,-0.008543945984888718,-0.007142244440258857,0.006521915885508109,-1.0951144672272048,-0.709090909090909,0.10277065016079982,10
obi_abs,fwd_mid_1s,1692166,98,-0.004046787523503384,-0.003110616167519381,-0.000737339541246758,0.008643586246069826,-0.08530481680356007,-0.05454545454545454,0.10277065016079982,10
obi_abs,fwd_micro_1s,1692166,98,0.00028731438917926476,-0.007917803577066954,-0.010497191040622909,0.008674887682431253,-1.2100665074756254,-0.8424242424242423,0.10277065016079982,10
obi_abs,fwd_mid_3s,1692166,98,-0.0015729530970114915,0.004071196092897568,0.0030961216826162876,0.013747068098688984,0.2252205095944462,-0.24848484848484845,0.10277065016079982,10
obi_abs,fwd_micro_3s,1692166,98,0.0041460155596453096,-0.004874048575282481,-0.010761882199351756,0.013076744164481902,-0.8229787219193594,-0.7333333333333332,0.10277065016079982,10
obi_abs,fwd_mid_5s,1692166,98,0.0008827489561742488,0.003367023857484473,0.0006457204668409402,0.016884799530773268,0.03824270851804234,-0.49090909090909085,0.10277065016079982,10
obi_abs,fwd_micro_5s,1692166,98,0.007433046166902291,-0.004811347406227457,-0.013251890358449704,0.016726914400184582,-0.792249547131267,-0.7212121212121211,0.10277065016079982,10
obi_abs,fwd_mid_10s,1692166,98,0.0032973994933483235,0.0031542761250918008,0.0018044795076809182,0.020113445291017197,0.08971508767256355,-0.6484848484848483,0.10277065016079982,10
obi_abs,fwd_micro_10s,1692166,98,0.006991460684801602,-0.008726844230973954,-0.013745452780387395,0.01990690128602349,-0.6904868107241778,-0.7333333333333332,0.10277065016079982,10
obi_abs,fwd_mid_30s,1692166,98,0.053460497563449456,-0.0033566907657403547,-0.05705970966901303,0.035104182274281616,-1.6254390779760934,-0.38181818181818183,0.10277065016079982,10
obi_abs,fwd_micro_30s,1692166,98,0.05372483318807321,-0.01802747398556337,-0.068744705916008,0.035153246423375924,-1.9555720427088263,-0.6484848484848483,0.10277065016079982,10
obi_abs,fwd_mid_60s,1692166,98,0.07053927391703456,0.012973717906166573,-0.05325405095001712,0.05861868915714612,-0.9084824603848207,-0.006060606060606061,0.10277065016079982,10
obi_abs,fwd_micro_60s,1692166,98,0.07606868803991726,-0.0027355286704569227,-0.07502409862480246,0.057967623511252876,-1.2942414071923876,-0.09090909090909088,0.10277065016079982,10
obi_sign,fwd_mid_100ms,1692166,0,NaN,0.021487137830778425,NaN,NaN,NaN,0.2571428571428572,0.4953521108449171,6
obi_sign,fwd_micro_100ms,1692166,0,NaN,-0.04788986118050341,NaN,NaN,NaN,-0.4285714285714286,0.4953521108449171,6
obi_sign,fwd_mid_300ms,1692166,0,NaN,0.048394254548244,NaN,NaN,NaN,0.4285714285714286,0.4953521108449171,6
obi_sign,fwd_micro_300ms,1692166,0,NaN,-0.1014358871285533,NaN,NaN,NaN,-0.4285714285714286,0.4953521108449171,6
obi_sign,fwd_mid_500ms,1692166,0,NaN,0.062289660738293194,NaN,NaN,NaN,0.4285714285714286,0.4953521108449171,6
obi_sign,fwd_micro_500ms,1692166,0,NaN,-0.12756184714241747,NaN,NaN,NaN,-0.4285714285714286,0.4953521108449171,6
obi_sign,fwd_mid_1s,1692166,0,NaN,0.08129059420084774,NaN,NaN,NaN,0.4285714285714286,0.4953521108449171,6
obi_sign,fwd_micro_1s,1692166,0,NaN,-0.15674906622484144,NaN,NaN,NaN,-0.2571428571428572,0.4953521108449171,6
obi_sign,fwd_mid_3s,1692166,0,NaN,0.12270023271017502,NaN,NaN,NaN,0.2571428571428572,0.4953521108449171,6
obi_sign,fwd_micro_3s,1692166,0,NaN,-0.19056373861083448,NaN,NaN,NaN,-0.3714285714285715,0.4953521108449171,6
obi_sign,fwd_mid_5s,1692166,0,NaN,0.1328112180494271,NaN,NaN,NaN,0.08571428571428573,0.4953521108449171,6
obi_sign,fwd_micro_5s,1692166,0,NaN,-0.2154016160680725,NaN,NaN,NaN,-0.4285714285714286,0.4953521108449171,6
obi_sign,fwd_mid_10s,1692166,0,NaN,0.15904018725176317,NaN,NaN,NaN,0.028571428571428574,0.4953521108449171,6
obi_sign,fwd_micro_10s,1692166,0,NaN,-0.23581367458565752,NaN,NaN,NaN,-0.4285714285714286,0.4953521108449171,6
obi_sign,fwd_mid_30s,1692166,0,NaN,0.19516634339851327,NaN,NaN,NaN,-0.14285714285714288,0.4953521108449171,6
obi_sign,fwd_micro_30s,1692166,0,NaN,-0.2647916036630223,NaN,NaN,NaN,-0.3714285714285715,0.4953521108449171,6
obi_sign,fwd_mid_60s,1692166,0,NaN,0.23966379853472908,NaN,NaN,NaN,0.028571428571428574,0.4953521108449171,6
obi_sign,fwd_micro_60s,1692166,0,NaN,-0.2511900270319508,NaN,NaN,NaN,-0.7714285714285715,0.4953521108449171,6
obi_near_deep,fwd_mid_100ms,1692166,98,-0.020192222572107992,0.016916975752460244,0.03807742180907798,0.004484013570743778,8.491816808387124,0.9636363636363635,0.1039679322241435,10
obi_near_deep,fwd_micro_100ms,1692166,98,0.08056441223853394,-0.08155641967312112,-0.17073173122938232,0.012834458052228197,-13.302605418523417,-0.9999999999999999,0.1039679322241435,10
obi_near_deep,fwd_mid_300ms,1692166,98,-0.04060324775806236,0.03485481292576212,0.07716057416767855,0.007887443818109303,9.782709829326516,0.9515151515151514,0.1039679322241435,10
obi_near_deep,fwd_micro_300ms,1692166,98,0.17839935673241034,-0.1782257714379326,-0.37877283498948944,0.02606834771468908,-14.529990129602929,-0.9999999999999999,0.1039679322241435,10
obi_near_deep,fwd_mid_500ms,1692166,98,-0.055013430245808424,0.04768313364201979,0.10312734542155308,0.009886132059869282,10.431516066852607,0.9515151515151514,0.1039679322241435,10
obi_near_deep,fwd_micro_500ms,1692166,98,0.228043237537838,-0.22455333120937196,-0.482236177768933,0.03304284264518533,-14.59427032193308,-0.9999999999999999,0.1039679322241435,10
obi_near_deep,fwd_mid_1s,1692166,98,-0.08329205952461448,0.06647620940991181,0.14973840181039544,0.01291815200011953,11.591317535899092,0.9515151515151514,0.1039679322241435,10
obi_near_deep,fwd_micro_1s,1692166,98,0.27089248126953935,-0.27289339181034716,-0.581363773455119,0.0380638055636013,-15.273401196937886,-0.9999999999999999,0.1039679322241435,10
obi_near_deep,fwd_mid_3s,1692166,98,-0.12417432847117603,0.11772066097953922,0.24543269705657822,0.019446799202851892,12.620724598245724,0.9999999999999999,0.1039679322241435,10
obi_near_deep,fwd_micro_3s,1692166,98,0.3417164131265307,-0.33443656055593546,-0.7228728069796234,0.04642703970183199,-15.570081823483118,-0.9999999999999999,0.1039679322241435,10
obi_near_deep,fwd_mid_5s,1692166,98,-0.14813063735426305,0.1152850175771346,0.26476471165807897,0.0219842634209898,12.043374234921647,0.9636363636363635,0.1039679322241435,10
obi_near_deep,fwd_micro_5s,1692166,98,0.3692200239697105,-0.38785865423095206,-0.8072658327960766,0.050231266515329775,-16.070983050959146,-0.9999999999999999,0.1039679322241435,10
obi_near_deep,fwd_mid_10s,1692166,98,-0.16669660249206253,0.13857540559733927,0.29508329346618073,0.033355856397811946,8.846521280908782,0.9878787878787878,0.1039679322241435,10
obi_near_deep,fwd_micro_10s,1692166,98,0.418081365921599,-0.4331044977906743,-0.9183832028216672,0.05825164220072795,-15.765790767872815,-0.9999999999999999,0.1039679322241435,10
obi_near_deep,fwd_mid_30s,1692166,98,-0.1938374878772193,0.17428321071369351,0.32755494041426725,0.06282215292620894,5.214003741626208,0.9878787878787878,0.1039679322241435,10
obi_near_deep,fwd_micro_30s,1692166,98,0.476187014330824,-0.49182368783029823,-1.0588997301448064,0.07804620385863509,-13.56760070051311,-0.9999999999999999,0.1039679322241435,10
obi_near_deep,fwd_mid_60s,1692166,98,-0.23481275948150823,0.22563476300267582,0.3377531915408342,0.14223622667448488,2.374593304656487,0.9515151515151514,0.1039679322241435,10
obi_near_deep,fwd_micro_60s,1692166,98,0.47214374708474416,-0.4800344785699507,-1.121898502793934,0.14493914714060224,-7.740479538668772,-0.9999999999999999,0.1039679322241435,10
d_obi,fwd_mid_100ms,1692166,98,-0.04718508096739506,0.027459541361237374,0.08939082950119842,0.005940343051101396,15.04809212737714,0.9878787878787878,0.20468913806328692,10
d_obi,fwd_micro_100ms,1692166,98,0.08913354253771344,-0.059606067528242615,-0.19623039095928507,0.01316427911034095,-14.90627700267613,-0.5515151515151515,0.20468913806328692,10
d_obi,fwd_mid_300ms,1692166,98,-0.10055143571491879,0.05964770840921323,0.18941810477328605,0.01133741130005822,16.707350537094243,0.9878787878787878,0.20468913806328692,10
d_obi,fwd_micro_300ms,1692166,98,0.19258074269536737,-0.12291749278030961,-0.4192688577225913,0.02761855426528737,-15.180695328775887,-0.6606060606060605,0.20468913806328692,10
d_obi,fwd_mid_500ms,1692166,98,-0.1293203329812989,0.07334183811330042,0.24109056184618594,0.014217880922495275,16.956856170087683,0.9757575757575757,0.20468913806328692,10
d_obi,fwd_micro_500ms,1692166,98,0.23218897204133512,-0.15011682423755363,-0.5115023875491824,0.033629483052813394,-15.209939050977797,-0.7333333333333332,0.20468913806328692,10
d_obi,fwd_mid_1s,1692166,98,-0.15357596831273435,0.08874115346294671,0.28954358132085306,0.01734329543207234,16.694842249265406,0.9636363636363635,0.20468913806328692,10
d_obi,fwd_micro_1s,1692166,98,0.26731957850993,-0.17361754674610178,-0.5899773290624626,0.037627037766080146,-15.679611366970608,-0.6484848484848483,0.20468913806328692,10
d_obi,fwd_mid_3s,1692166,98,-0.17383195180569766,0.11600456689588112,0.3469903662145943,0.020575726652915877,16.86406376153042,0.9999999999999999,0.20468913806328692,10
d_obi,fwd_micro_3s,1692166,98,0.30541958615205855,-0.18607857090437813,-0.6690846045681867,0.04254115047845254,-15.727938643950964,-0.5757575757575757,0.20468913806328692,10
d_obi,fwd_mid_5s,1692166,98,-0.19556998439345316,0.11227073083845436,0.3625360672208824,0.022885721945011185,15.841146199886909,0.9757575757575757,0.20468913806328692,10
d_obi,fwd_micro_5s,1692166,98,0.30358315698405314,-0.20188211092449018,-0.6998872987009424,0.04518784467389152,-15.488397460685283,-0.5757575757575757,0.20468913806328692,10
d_obi,fwd_mid_10s,1692166,98,-0.20240571274425093,0.1173669986468581,0.3781627256792646,0.026546461416170935,14.24531577865608,0.9515151515151514,0.20468913806328692,10
d_obi,fwd_micro_10s,1692166,98,0.31081229774945585,-0.20516408178929463,-0.7221286147988836,0.04786851526923709,-15.085669792289602,-0.6121212121212121,0.20468913806328692,10
d_obi,fwd_mid_30s,1692166,98,-0.20785598510143746,0.11994314090424338,0.392420516160958,0.03624711071375211,10.826256450064422,0.7575757575757575,0.20468913806328692,10
d_obi,fwd_micro_30s,1692166,98,0.31757122527801934,-0.2103954106191113,-0.7372162435811547,0.05394113769644855,-13.667050326780418,-0.6242424242424242,0.20468913806328692,10
d_obi,fwd_mid_60s,1692166,98,-0.20107733858591267,0.11679890155183754,0.42377459227496006,0.052060431418485154,8.140051488787508,0.7575757575757575,0.20468913806328692,10
d_obi,fwd_micro_60s,1692166,98,0.32536988069618156,-0.21236640900646497,-0.7119154796876996,0.061200022214447994,-11.632601654834561,-0.5878787878787878,0.20468913806328692,10
obi_vel,fwd_mid_100ms,1692166,98,-0.04718508096739506,0.027459541361237374,0.08939082950119842,0.005940343051101396,15.04809212737714,0.9878787878787878,0.20468913806328692,10
obi_vel,fwd_micro_100ms,1692166,98,0.08913354253771344,-0.059606067528242615,-0.19623039095928507,0.01316427911034095,-14.90627700267613,-0.5515151515151515,0.20468913806328692,10
obi_vel,fwd_mid_300ms,1692166,98,-0.10055143571491879,0.05964770840921323,0.18941810477328605,0.01133741130005822,16.707350537094243,0.9878787878787878,0.20468913806328692,10
obi_vel,fwd_micro_300ms,1692166,98,0.19258074269536737,-0.12291749278030961,-0.4192688577225913,0.02761855426528737,-15.180695328775887,-0.6606060606060605,0.20468913806328692,10
obi_vel,fwd_mid_500ms,1692166,98,-0.1293203329812989,0.07334183811330042,0.24109056184618594,0.014217880922495275,16.956856170087683,0.9757575757575757,0.20468913806328692,10
obi_vel,fwd_micro_500ms,1692166,98,0.23218897204133512,-0.15011682423755363,-0.5115023875491824,0.033629483052813394,-15.209939050977797,-0.7333333333333332,0.20468913806328692,10
obi_vel,fwd_mid_1s,1692166,98,-0.15357596831273435,0.08874115346294671,0.28954358132085306,0.01734329543207234,16.694842249265406,0.9636363636363635,0.20468913806328692,10
obi_vel,fwd_micro_1s,1692166,98,0.26731957850993,-0.17361754674610178,-0.5899773290624626,0.037627037766080146,-15.679611366970608,-0.6484848484848483,0.20468913806328692,10
obi_vel,fwd_mid_3s,1692166,98,-0.17383195180569766,0.11600456689588112,0.3469903662145943,0.020575726652915877,16.86406376153042,0.9999999999999999,0.20468913806328692,10
obi_vel,fwd_micro_3s,1692166,98,0.30541958615205855,-0.18607857090437813,-0.6690846045681867,0.04254115047845254,-15.727938643950964,-0.5757575757575757,0.20468913806328692,10
obi_vel,fwd_mid_5s,1692166,98,-0.19556998439345316,0.11227073083845436,0.3625360672208824,0.022885721945011185,15.841146199886909,0.9757575757575757,0.20468913806328692,10
obi_vel,fwd_micro_5s,1692166,98,0.30358315698405314,-0.20188211092449018,-0.6998872987009424,0.04518784467389152,-15.488397460685283,-0.5757575757575757,0.20468913806328692,10
obi_vel,fwd_mid_10s,1692166,98,-0.20240571274425093,0.1173669986468581,0.3781627256792646,0.026546461416170935,14.24531577865608,0.9515151515151514,0.20468913806328692,10
obi_vel,fwd_micro_10s,1692166,98,0.31081229774945585,-0.20516408178929463,-0.7221286147988836,0.04786851526923709,-15.085669792289602,-0.6121212121212121,0.20468913806328692,10
obi_vel,fwd_mid_30s,1692166,98,-0.20785598510143746,0.11994314090424338,0.392420516160958,0.03624711071375211,10.826256450064422,0.7575757575757575,0.20468913806328692,10
obi_vel,fwd_micro_30s,1692166,98,0.31757122527801934,-0.2103954106191113,-0.7372162435811547,0.05394113769644855,-13.667050326780418,-0.6242424242424242,0.20468913806328692,10
obi_vel,fwd_mid_60s,1692166,98,-0.20107733858591267,0.11679890155183754,0.42377459227496006,0.052060431418485154,8.140051488787508,0.7575757575757575,0.20468913806328692,10
obi_vel,fwd_micro_60s,1692166,98,0.32536988069618156,-0.21236640900646497,-0.7119154796876996,0.061200022214447994,-11.632601654834561,-0.5878787878787878,0.20468913806328692,10
obi_acc,fwd_mid_100ms,1692166,98,-0.028759258647402433,0.023495573445641453,0.0557998348707811,0.004564222253535693,12.22548591439769,0.9272727272727272,0.16647066540753094,10
obi_acc,fwd_micro_100ms,1692166,98,0.046517930029506445,-0.049656440945669504,-0.1089508387830191,0.007878663630132867,-13.828593768913287,-0.7696969696969697,0.16647066540753094,10
obi_acc,fwd_mid_300ms,1692166,98,-0.05510488787721241,0.046072728176781444,0.1070431296099164,0.009033507547774454,11.849564418229567,0.9515151515151514,0.16647066540753094,10
obi_acc,fwd_micro_300ms,1692166,98,0.10719968555347555,-0.10093180519626865,-0.2395742936104806,0.016369467177719994,-14.635436267379443,-0.709090909090909,0.16647066540753094,10
obi_acc,fwd_mid_500ms,1692166,98,-0.06815609973168492,0.055392713647404605,0.13374601666806213,0.011259578364418623,11.878421406143655,0.9636363636363635,0.16647066540753094,10
obi_acc,fwd_micro_500ms,1692166,98,0.128437105422889,-0.1232740397257879,-0.2890192440585854,0.01980151493141713,-14.595814767688648,-0.7818181818181817,0.16647066540753094,10
obi_acc,fwd_mid_1s,1692166,98,-0.08202943404767177,0.06502748783787679,0.15988287198137807,0.013081873597207265,12.221710506017278,0.9757575757575757,0.16647066540753094,10
obi_acc,fwd_micro_1s,1692166,98,0.13866705021772896,-0.14068516357931643,-0.3218572046772648,0.02175429140763405,-14.79511323289152,-0.7333333333333332,0.16647066540753094,10
obi_acc,fwd_mid_3s,1692166,98,-0.06891466002848179,0.07958269020244724,0.15562732267032067,0.018636047871090328,8.350875880274044,0.9393939393939393,0.16647066540753094,10
obi_acc,fwd_micro_3s,1692166,98,0.16271835217790956,-0.13936483017234544,-0.35621305751280236,0.02600428953750028,-13.698242245730821,-0.5636363636363636,0.16647066540753094,10
obi_acc,fwd_mid_5s,1692166,98,-0.07903345668881705,0.07664899454264236,0.16689006134272863,0.021685210335292103,7.6960314777818635,0.8787878787878788,0.16647066540753094,10
obi_acc,fwd_micro_5s,1692166,98,0.15852014562345645,-0.14474394673168473,-0.3598086521857403,0.02870954675156121,-12.532717959616486,-0.5515151515151515,0.16647066540753094,10
obi_acc,fwd_mid_10s,1692166,98,-0.05847157603221434,0.07685638162559333,0.14908482277491433,0.0256028810708028,5.822970561892301,0.8060606060606059,0.16647066540753094,10
obi_acc,fwd_micro_10s,1692166,98,0.176414624086178,-0.14416201300310869,-0.3792272683630491,0.03162633545660549,-11.990869725750777,-0.5515151515151515,0.16647066540753094,10
obi_acc,fwd_mid_30s,1692166,98,-0.07767888612881378,0.0958579144392174,0.18001683742275446,0.03985057410179175,4.517295960728973,0.4666666666666666,0.16647066540753094,10
obi_acc,fwd_micro_30s,1692166,98,0.15485533427851753,-0.12660303461199418,-0.33905461817618565,0.040198306431174564,-8.43454981758242,-0.6121212121212121,0.16647066540753094,10
obi_acc,fwd_mid_60s,1692166,98,-0.07392383940771961,0.0727202429070934,0.17177100786428978,0.051686533712865565,3.3233222567899414,0.4545454545454545,0.16647066540753094,10
obi_acc,fwd_micro_60s,1692166,98,0.15780675951473966,-0.14356422016122075,-0.3473244400299896,0.04922207772715711,-7.0562734461402385,-0.5757575757575757,0.16647066540753094,10
obi_persist,fwd_mid_100ms,1692166,29,-0.0014893423862927886,-0.0003971908444971573,0.002712196372309957,0.008496535529943177,0.31921203209846344,0.41818181818181815,0.1486172160414522,10
obi_persist,fwd_micro_100ms,1692166,29,-0.0028586664751963317,-0.0001256399720639096,0.01213077935866167,0.010938029226419581,1.1090461643091183,0.32121212121212117,0.1486172160414522,10
obi_persist,fwd_mid_300ms,1692166,29,-0.0016873483680991436,-0.0009201653756348684,0.009389632323879677,0.015495568125496408,0.6059559899859351,0.406060606060606,0.1486172160414522,10
obi_persist,fwd_micro_300ms,1692166,29,-0.000054750202347145274,0.00002682049063370418,0.03476720081344135,0.017908448586129416,1.9413854107032753,-0.2121212121212121,0.1486172160414522,10
obi_persist,fwd_mid_500ms,1692166,29,-0.007719724644754524,-0.00134565586737572,0.010242643895583303,0.017500599160721633,0.5852738984258268,0.05454545454545454,0.1486172160414522,10
obi_persist,fwd_micro_500ms,1692166,29,-0.006529933355799733,0.00003167371026925501,0.023868279752883262,0.014469119006645274,1.6496014540982908,-0.16363636363636364,0.1486172160414522,10
obi_persist,fwd_mid_1s,1692166,29,-0.010866786972874326,-0.001506686647096851,0.09367986763859781,0.08761668559852523,1.0692012257557326,0.19999999999999998,0.1486172160414522,10
obi_persist,fwd_micro_1s,1692166,29,-0.00956914295570204,0.0008193429780295566,0.17463882111758772,0.14871190785934274,1.174343222620529,0.06666666666666665,0.1486172160414522,10
obi_persist,fwd_mid_3s,1692166,29,-0.0035492961577022046,0.00031094860699050085,0.0577307931928987,0.11892810197815677,0.485426003044276,-0.28484848484848485,0.1486172160414522,10
obi_persist,fwd_micro_3s,1692166,29,-0.005871867465784427,0.0012175778164889909,0.07915830696563086,0.13383293378122346,0.5914710582002995,-0.35757575757575755,0.1486172160414522,10
obi_persist,fwd_mid_5s,1692166,29,-0.004929313833455729,0.0005560160152432576,0.06354562933979012,0.10884872754169228,0.5837976315841659,-0.309090909090909,0.1486172160414522,10
obi_persist,fwd_micro_5s,1692166,29,-0.009212435970284243,0.0007592962816686059,0.07153635714267208,0.10470248923035626,0.6832345407307817,-0.23636363636363633,0.1486172160414522,10
obi_persist,fwd_mid_10s,1692166,29,0.014753112726289788,-0.0049790323382388,-0.0271258393217993,0.1343290533087124,-0.20193575889691734,-0.29696969696969694,0.1486172160414522,10
obi_persist,fwd_micro_10s,1692166,29,0.00959356542590447,-0.004752179033863049,-0.004978990488461897,0.11273161461815823,-0.0441667628493268,-0.4545454545454545,0.1486172160414522,10
obi_persist,fwd_mid_30s,1692166,29,0.045836083557740936,-0.01473254112586067,-0.028029602405371248,0.2396427403215899,-0.11696412070633465,-0.4787878787878787,0.1486172160414522,10
obi_persist,fwd_micro_30s,1692166,29,0.03950135859824887,-0.010364113463665326,0.0828189351189343,0.2516582883374341,0.329092817351945,-0.49090909090909085,0.1486172160414522,10
obi_persist,fwd_mid_60s,1692166,29,0.043049359981496976,-0.020264381830159623,-0.12051988361575008,0.34793711247652875,-0.34638410015511106,-0.406060606060606,0.1486172160414522,10
obi_persist,fwd_micro_60s,1692166,29,0.04037247582139204,-0.0132136157631958,-0.05256462012645195,0.34826443018291864,-0.15093307145620205,-0.3696969696969697,0.1486172160414522,10
obi_streak,fwd_mid_100ms,1692166,29,-0.0014893423862927886,-0.0003971908444971573,0.002712196372309957,0.008496535529943177,0.31921203209846344,0.41818181818181815,0.1486172160414522,10
obi_streak,fwd_micro_100ms,1692166,29,-0.0028586664751963317,-0.0001256399720639096,0.01213077935866167,0.010938029226419581,1.1090461643091183,0.32121212121212117,0.1486172160414522,10
obi_streak,fwd_mid_300ms,1692166,29,-0.0016873483680991436,-0.0009201653756348684,0.009389632323879677,0.015495568125496408,0.6059559899859351,0.406060606060606,0.1486172160414522,10
obi_streak,fwd_micro_300ms,1692166,29,-0.000054750202347145274,0.00002682049063370418,0.03476720081344135,0.017908448586129416,1.9413854107032753,-0.2121212121212121,0.1486172160414522,10
obi_streak,fwd_mid_500ms,1692166,29,-0.007719724644754524,-0.00134565586737572,0.010242643895583303,0.017500599160721633,0.5852738984258268,0.05454545454545454,0.1486172160414522,10
obi_streak,fwd_micro_500ms,1692166,29,-0.006529933355799733,0.00003167371026925501,0.023868279752883262,0.014469119006645274,1.6496014540982908,-0.16363636363636364,0.1486172160414522,10
obi_streak,fwd_mid_1s,1692166,29,-0.010866786972874326,-0.001506686647096851,0.09367986763859781,0.08761668559852523,1.0692012257557326,0.19999999999999998,0.1486172160414522,10
obi_streak,fwd_micro_1s,1692166,29,-0.00956914295570204,0.0008193429780295566,0.17463882111758772,0.14871190785934274,1.174343222620529,0.06666666666666665,0.1486172160414522,10
obi_streak,fwd_mid_3s,1692166,29,-0.0035492961577022046,0.00031094860699050085,0.0577307931928987,0.11892810197815677,0.485426003044276,-0.28484848484848485,0.1486172160414522,10
obi_streak,fwd_micro_3s,1692166,29,-0.005871867465784427,0.0012175778164889909,0.07915830696563086,0.13383293378122346,0.5914710582002995,-0.35757575757575755,0.1486172160414522,10
obi_streak,fwd_mid_5s,1692166,29,-0.004929313833455729,0.0005560160152432576,0.06354562933979012,0.10884872754169228,0.5837976315841659,-0.309090909090909,0.1486172160414522,10
obi_streak,fwd_micro_5s,1692166,29,-0.009212435970284243,0.0007592962816686059,0.07153635714267208,0.10470248923035626,0.6832345407307817,-0.23636363636363633,0.1486172160414522,10
obi_streak,fwd_mid_10s,1692166,29,0.014753112726289788,-0.0049790323382388,-0.0271258393217993,0.1343290533087124,-0.20193575889691734,-0.29696969696969694,0.1486172160414522,10
obi_streak,fwd_micro_10s,1692166,29,0.00959356542590447,-0.004752179033863049,-0.004978990488461897,0.11273161461815823,-0.0441667628493268,-0.4545454545454545,0.1486172160414522,10
obi_streak,fwd_mid_30s,1692166,29,0.045836083557740936,-0.01473254112586067,-0.028029602405371248,0.2396427403215899,-0.11696412070633465,-0.4787878787878787,0.1486172160414522,10
obi_streak,fwd_micro_30s,1692166,29,0.03950135859824887,-0.010364113463665326,0.0828189351189343,0.2516582883374341,0.329092817351945,-0.49090909090909085,0.1486172160414522,10
obi_streak,fwd_mid_60s,1692166,29,0.043049359981496976,-0.020264381830159623,-0.12051988361575008,0.34793711247652875,-0.34638410015511106,-0.406060606060606,0.1486172160414522,10
obi_streak,fwd_micro_60s,1692166,29,0.04037247582139204,-0.0132136157631958,-0.05256462012645195,0.34826443018291864,-0.15093307145620205,-0.3696969696969697,0.1486172160414522,10
qb1,fwd_mid_100ms,1692166,98,-0.030351838737702322,0.03170987025491167,0.0695433493781549,0.005768229442928996,12.056273084525937,0.9878787878787878,0.11996340784532959,10
qb1,fwd_micro_100ms,1692166,98,0.030141356440255274,-0.047296561384474155,-0.08399459879708883,0.007920575927563353,-10.604607488805238,-0.9878787878787878,0.11996340784532959,10
qb1,fwd_mid_300ms,1692166,98,-0.07331085501095773,0.07113674560464185,0.16559443135293206,0.012176509820812113,13.59949885392428,0.9878787878787878,0.11996340784532959,10
qb1,fwd_micro_300ms,1692166,98,0.06159312228329641,-0.10489512005754645,-0.17968337453142694,0.01675047754071887,-10.727059816332591,-0.9878787878787878,0.11996340784532959,10
qb1,fwd_mid_500ms,1692166,98,-0.09737850729117936,0.09253281103828365,0.21864172004073396,0.015500388543359578,14.105563833391832,0.9999999999999999,0.11996340784532959,10
qb1,fwd_micro_500ms,1692166,98,0.08086089487721079,-0.12892728580528665,-0.2248387017532482,0.020115559270195007,-11.17735275132962,-0.9878787878787878,0.11996340784532959,10
qb1,fwd_mid_1s,1692166,98,-0.13500889890424655,0.11826156623435481,0.29283616266010365,0.020477890403756503,14.30011377570344,0.9999999999999999,0.11996340784532959,10
qb1,fwd_micro_1s,1692166,98,0.10064861937250111,-0.14928130413876214,-0.2675214721800127,0.021546858813372347,-12.415799188974326,-0.9878787878787878,0.11996340784532959,10
qb1,fwd_mid_3s,1692166,98,-0.1929900471125161,0.16206261102168754,0.40662913063065453,0.028016127220835334,14.514109228068047,0.9999999999999999,0.11996340784532959,10
qb1,fwd_micro_3s,1692166,98,0.12836186977560204,-0.17675948807349914,-0.32066800604216783,0.025866760601971833,-12.396913976840347,-0.9878787878787878,0.11996340784532959,10
qb1,fwd_mid_5s,1692166,98,-0.22530626705601559,0.18152944021592818,0.48047235757396956,0.032235568754235965,14.90503739012926,0.9999999999999999,0.11996340784532959,10
qb1,fwd_micro_5s,1692166,98,0.14541590106758465,-0.18976577916312667,-0.34053611296196407,0.02877454235715943,-11.834631763560779,-0.9878787878787878,0.11996340784532959,10
qb1,fwd_mid_10s,1692166,98,-0.2619641480231296,0.21702984841768128,0.5630354324600663,0.03682506222330691,15.289463166302976,0.9999999999999999,0.11996340784532959,10
qb1,fwd_micro_10s,1692166,98,0.16715770219858533,-0.19679318502080098,-0.3636854409534057,0.0340300631426919,-10.687180903204075,-0.9878787878787878,0.11996340784532959,10
qb1,fwd_mid_30s,1692166,98,-0.31212613160170477,0.2838624027697158,0.698336973849005,0.05325728099636026,13.112516463180519,0.9878787878787878,0.11996340784532959,10
qb1,fwd_micro_30s,1692166,98,0.19219874709079474,-0.1860517873165385,-0.3630222131825239,0.05460026177054292,-6.648726606991763,-0.9393939393939393,0.11996340784532959,10
qb1,fwd_mid_60s,1692166,98,-0.3798280258677723,0.31911418927722074,0.8198285443006295,0.0822157627230106,9.971671090161587,0.9636363636363635,0.11996340784532959,10
qb1,fwd_micro_60s,1692166,98,0.1677002494792451,-0.18101425294672444,-0.31773122173988644,0.08798412972927905,-3.6112333294370584,-0.9393939393939393,0.11996340784532959,10
qa1,fwd_mid_100ms,1692166,98,0.03415964121237569,-0.037713387863995675,-0.08686979519935287,0.007611517033889289,-11.412941048752359,-0.9636363636363635,0.12080670572508843,10
qa1,fwd_micro_100ms,1692166,98,-0.03447435384531944,0.04308936159243796,0.0885763934905979,0.008654304296841005,10.23495251061718,0.9999999999999999,0.12080670572508843,10
qa1,fwd_mid_300ms,1692166,98,0.07156452309438549,-0.07977625914798417,-0.17646175691330218,0.012807580094625848,-13.777915547633139,-0.9999999999999999,0.12080670572508843,10
qa1,fwd_micro_300ms,1692166,98,-0.07432711660913269,0.09988321044316881,0.19225085279674015,0.01770367888441365,10.859373018000126,0.9999999999999999,0.12080670572508843,10
qa1,fwd_mid_500ms,1692166,98,0.09530797100862685,-0.10462883218920548,-0.23401003164738415,0.016649542486232648,-14.05504276414111,-0.9999999999999999,0.12080670572508843,10
qa1,fwd_micro_500ms,1692166,98,-0.09242446803782627,0.11771764025850105,0.22818994180501148,0.021389176373671083,10.66847726244854,0.9999999999999999,0.12080670572508843,10
qa1,fwd_mid_1s,1692166,98,0.13208894368716895,-0.1297456094378709,-0.30345343332740965,0.02027071831169544,-14.970038489081487,-0.9878787878787878,0.12080670572508843,10
qa1,fwd_micro_1s,1692166,98,-0.11118337809264055,0.13788561885861403,0.2769421316682489,0.022477173334084076,12.32103910718603,0.9999999999999999,0.12080670572508843,10
qa1,fwd_mid_3s,1692166,98,0.19605267067150997,-0.16494963019019765,-0.4290418428401956,0.028019546361921784,-15.312233727782907,-0.9999999999999999,0.12080670572508843,10
qa1,fwd_micro_3s,1692166,98,-0.143126694791646,0.17213582240040573,0.33019392169892736,0.029139039108177195,11.33166816081681,0.9999999999999999,0.12080670572508843,10
qa1,fwd_mid_5s,1692166,98,0.21983119404673698,-0.18900578868725681,-0.4864654530854043,0.030137008821478514,-16.141796153926943,-0.9878787878787878,0.12080670572508843,10
qa1,fwd_micro_5s,1692166,98,-0.16708753337489496,0.17678025172685774,0.3613717817229682,0.03288245554532655,10.989805223786837,0.9999999999999999,0.12080670572508843,10
qa1,fwd_mid_10s,1692166,98,0.25546025889844537,-0.22269387626715081,-0.5681124711136554,0.037377347271352876,-15.1993791049231,-0.9878787878787878,0.12080670572508843,10
qa1,fwd_micro_10s,1692166,98,-0.1948493248149484,0.18391885217648313,0.3895388172572569,0.04292362866538825,9.075160450527429,0.9878787878787878,0.12080670572508843,10
qa1,fwd_mid_30s,1692166,98,0.3205720290039443,-0.28199644569768473,-0.74118153930053,0.06379725519530338,-11.617765325977444,-0.9878787878787878,0.12080670572508843,10
qa1,fwd_micro_30s,1692166,98,-0.2216127322504368,0.19270097289013083,0.37416581966495677,0.07218309571324011,5.183565708395156,0.9999999999999999,0.12080670572508843,10
qa1,fwd_mid_60s,1692166,98,0.37525186412733236,-0.33776301118937146,-0.8406792128253708,0.10863160088758285,-7.7388090201795485,-0.9878787878787878,0.12080670572508843,10
qa1,fwd_micro_60s,1692166,98,-0.21265561217720408,0.16499231874784429,0.34707499526415875,0.11842228838597091,2.9308249316458537,0.9636363636363635,0.12080670572508843,10
cum_b1,fwd_mid_100ms,1692166,98,-0.030351838737702322,0.03170987025491167,0.0695433493781549,0.005768229442928996,12.056273084525937,0.9878787878787878,0.11996340784532959,10
cum_b1,fwd_micro_100ms,1692166,98,0.030141356440255274,-0.047296561384474155,-0.08399459879708883,0.007920575927563353,-10.604607488805238,-0.9878787878787878,0.11996340784532959,10
cum_b1,fwd_mid_300ms,1692166,98,-0.07331085501095773,0.07113674560464185,0.16559443135293206,0.012176509820812113,13.59949885392428,0.9878787878787878,0.11996340784532959,10
cum_b1,fwd_micro_300ms,1692166,98,0.06159312228329641,-0.10489512005754645,-0.17968337453142694,0.01675047754071887,-10.727059816332591,-0.9878787878787878,0.11996340784532959,10
cum_b1,fwd_mid_500ms,1692166,98,-0.09737850729117936,0.09253281103828365,0.21864172004073396,0.015500388543359578,14.105563833391832,0.9999999999999999,0.11996340784532959,10
cum_b1,fwd_micro_500ms,1692166,98,0.08086089487721079,-0.12892728580528665,-0.2248387017532482,0.020115559270195007,-11.17735275132962,-0.9878787878787878,0.11996340784532959,10
cum_b1,fwd_mid_1s,1692166,98,-0.13500889890424655,0.11826156623435481,0.29283616266010365,0.020477890403756503,14.30011377570344,0.9999999999999999,0.11996340784532959,10
cum_b1,fwd_micro_1s,1692166,98,0.10064861937250111,-0.14928130413876214,-0.2675214721800127,0.021546858813372347,-12.415799188974326,-0.9878787878787878,0.11996340784532959,10
cum_b1,fwd_mid_3s,1692166,98,-0.1929900471125161,0.16206261102168754,0.40662913063065453,0.028016127220835334,14.514109228068047,0.9999999999999999,0.11996340784532959,10
cum_b1,fwd_micro_3s,1692166,98,0.12836186977560204,-0.17675948807349914,-0.32066800604216783,0.025866760601971833,-12.396913976840347,-0.9878787878787878,0.11996340784532959,10
cum_b1,fwd_mid_5s,1692166,98,-0.22530626705601559,0.18152944021592818,0.48047235757396956,0.032235568754235965,14.90503739012926,0.9999999999999999,0.11996340784532959,10
cum_b1,fwd_micro_5s,1692166,98,0.14541590106758465,-0.18976577916312667,-0.34053611296196407,0.02877454235715943,-11.834631763560779,-0.9878787878787878,0.11996340784532959,10
cum_b1,fwd_mid_10s,1692166,98,-0.2619641480231296,0.21702984841768128,0.5630354324600663,0.03682506222330691,15.289463166302976,0.9999999999999999,0.11996340784532959,10
cum_b1,fwd_micro_10s,1692166,98,0.16715770219858533,-0.19679318502080098,-0.3636854409534057,0.0340300631426919,-10.687180903204075,-0.9878787878787878,0.11996340784532959,10
cum_b1,fwd_mid_30s,1692166,98,-0.31212613160170477,0.2838624027697158,0.698336973849005,0.05325728099636026,13.112516463180519,0.9878787878787878,0.11996340784532959,10
cum_b1,fwd_micro_30s,1692166,98,0.19219874709079474,-0.1860517873165385,-0.3630222131825239,0.05460026177054292,-6.648726606991763,-0.9393939393939393,0.11996340784532959,10
cum_b1,fwd_mid_60s,1692166,98,-0.3798280258677723,0.31911418927722074,0.8198285443006295,0.0822157627230106,9.971671090161587,0.9636363636363635,0.11996340784532959,10
cum_b1,fwd_micro_60s,1692166,98,0.1677002494792451,-0.18101425294672444,-0.31773122173988644,0.08798412972927905,-3.6112333294370584,-0.9393939393939393,0.11996340784532959,10
cum_a1,fwd_mid_100ms,1692166,98,0.03415964121237569,-0.037713387863995675,-0.08686979519935287,0.007611517033889289,-11.412941048752359,-0.9636363636363635,0.12080670572508843,10
cum_a1,fwd_micro_100ms,1692166,98,-0.03447435384531944,0.04308936159243796,0.0885763934905979,0.008654304296841005,10.23495251061718,0.9999999999999999,0.12080670572508843,10
cum_a1,fwd_mid_300ms,1692166,98,0.07156452309438549,-0.07977625914798417,-0.17646175691330218,0.012807580094625848,-13.777915547633139,-0.9999999999999999,0.12080670572508843,10
cum_a1,fwd_micro_300ms,1692166,98,-0.07432711660913269,0.09988321044316881,0.19225085279674015,0.01770367888441365,10.859373018000126,0.9999999999999999,0.12080670572508843,10
cum_a1,fwd_mid_500ms,1692166,98,0.09530797100862685,-0.10462883218920548,-0.23401003164738415,0.016649542486232648,-14.05504276414111,-0.9999999999999999,0.12080670572508843,10
cum_a1,fwd_micro_500ms,1692166,98,-0.09242446803782627,0.11771764025850105,0.22818994180501148,0.021389176373671083,10.66847726244854,0.9999999999999999,0.12080670572508843,10
cum_a1,fwd_mid_1s,1692166,98,0.13208894368716895,-0.1297456094378709,-0.30345343332740965,0.02027071831169544,-14.970038489081487,-0.9878787878787878,0.12080670572508843,10
cum_a1,fwd_micro_1s,1692166,98,-0.11118337809264055,0.13788561885861403,0.2769421316682489,0.022477173334084076,12.32103910718603,0.9999999999999999,0.12080670572508843,10
cum_a1,fwd_mid_3s,1692166,98,0.19605267067150997,-0.16494963019019765,-0.4290418428401956,0.028019546361921784,-15.312233727782907,-0.9999999999999999,0.12080670572508843,10
cum_a1,fwd_micro_3s,1692166,98,-0.143126694791646,0.17213582240040573,0.33019392169892736,0.029139039108177195,11.33166816081681,0.9999999999999999,0.12080670572508843,10
cum_a1,fwd_mid_5s,1692166,98,0.21983119404673698,-0.18900578868725681,-0.4864654530854043,0.030137008821478514,-16.141796153926943,-0.9878787878787878,0.12080670572508843,10
cum_a1,fwd_micro_5s,1692166,98,-0.16708753337489496,0.17678025172685774,0.3613717817229682,0.03288245554532655,10.989805223786837,0.9999999999999999,0.12080670572508843,10
cum_a1,fwd_mid_10s,1692166,98,0.25546025889844537,-0.22269387626715081,-0.5681124711136554,0.037377347271352876,-15.1993791049231,-0.9878787878787878,0.12080670572508843,10
cum_a1,fwd_micro_10s,1692166,98,-0.1948493248149484,0.18391885217648313,0.3895388172572569,0.04292362866538825,9.075160450527429,0.9878787878787878,0.12080670572508843,10
cum_a1,fwd_mid_30s,1692166,98,0.3205720290039443,-0.28199644569768473,-0.74118153930053,0.06379725519530338,-11.617765325977444,-0.9878787878787878,0.12080670572508843,10
cum_a1,fwd_micro_30s,1692166,98,-0.2216127322504368,0.19270097289013083,0.37416581966495677,0.07218309571324011,5.183565708395156,0.9999999999999999,0.12080670572508843,10
cum_a1,fwd_mid_60s,1692166,98,0.37525186412733236,-0.33776301118937146,-0.8406792128253708,0.10863160088758285,-7.7388090201795485,-0.9878787878787878,0.12080670572508843,10
cum_a1,fwd_micro_60s,1692166,98,-0.21265561217720408,0.16499231874784429,0.34707499526415875,0.11842228838597091,2.9308249316458537,0.9636363636363635,0.12080670572508843,10
qb2,fwd_mid_100ms,1692166,40,-0.06255909481590483,0.027288001859844594,0.09971532986501389,0.011882957246816235,8.391457428808835,0.9999999999999999,0.13785822431132644,10
qb2,fwd_micro_100ms,1692166,40,-0.05865790353598525,0.018791644963198392,0.07201619936993414,0.010113749684896813,7.120623073900894,0.9878787878787878,0.13785822431132644,10
qb2,fwd_mid_300ms,1692166,40,-0.13340474415913017,0.057922771788522946,0.20238967615459585,0.023960443014418582,8.4468252958764,0.9999999999999999,0.13785822431132644,10
qb2,fwd_micro_300ms,1692166,40,-0.11650266881615624,0.02976653905358981,0.11019979808189884,0.019596366566537404,5.623481154413345,0.9636363636363635,0.13785822431132644,10
qb2,fwd_mid_500ms,1692166,40,-0.16676579605920167,0.07454971526139648,0.2523388589365023,0.026424216046736743,9.549530570374854,0.9999999999999999,0.13785822431132644,10
qb2,fwd_micro_500ms,1692166,40,-0.14079917245781734,0.036272512889120236,0.12405552445654038,0.02088241255614691,5.9406701272178255,0.9636363636363635,0.13785822431132644,10
qb2,fwd_mid_1s,1692166,40,-0.20477510126470388,0.0961062342695572,0.31503367298938567,0.03408522762593572,9.242528066606603,0.9999999999999999,0.13785822431132644,10
qb2,fwd_micro_1s,1692166,40,-0.1540524942223995,0.04937411438248826,0.14724389673895388,0.025891181163788596,5.687028946554558,0.9636363636363635,0.13785822431132644,10
qb2,fwd_mid_3s,1692166,40,-0.25623469769760254,0.1444765478232641,0.37619264285174814,0.039242146124035024,9.586444168030294,0.9999999999999999,0.13785822431132644,10
qb2,fwd_micro_3s,1692166,40,-0.19654102055236447,0.08688294674684177,0.19429769283399262,0.03250619260678227,5.97725163276899,0.9878787878787878,0.13785822431132644,10
qb2,fwd_mid_5s,1692166,40,-0.2732013790998895,0.16175236145137475,0.4202693092437052,0.03624441516129208,11.595422560233223,0.9999999999999999,0.13785822431132644,10
qb2,fwd_micro_5s,1692166,40,-0.2151928191993304,0.09964983235848707,0.23713535448875395,0.030200499204343444,7.8520342622233565,0.9999999999999999,0.13785822431132644,10
qb2,fwd_mid_10s,1692166,40,-0.2934584971127569,0.1914542114642549,0.4535944632735718,0.040490482288773416,11.202495935676655,0.9999999999999999,0.13785822431132644,10
qb2,fwd_micro_10s,1692166,40,-0.2304718328021109,0.12072021041820365,0.2618926016472927,0.042332469499158046,6.186565649152633,0.9757575757575757,0.13785822431132644,10
qb2,fwd_mid_30s,1692166,40,-0.33458973003354586,0.2491336793894949,0.5539384044900602,0.0813214669622908,6.811711903167271,0.9878787878787878,0.13785822431132644,10
qb2,fwd_micro_30s,1692166,40,-0.26356690853826925,0.15770345535343785,0.3432096336181871,0.08943383555612837,3.8375815091011045,0.9515151515151514,0.13785822431132644,10
qb2,fwd_mid_60s,1692166,40,-0.3217821874903752,0.30278617220950416,0.6259795459712814,0.12675808705804292,4.938379558257639,0.9636363636363635,0.13785822431132644,10
qb2,fwd_micro_60s,1692166,40,-0.2493623219589109,0.20505420950053935,0.4135507217913103,0.12799968208257834,3.230873038610441,0.8909090909090909,0.13785822431132644,10
qa2,fwd_mid_100ms,1692166,40,0.05724463949690769,-0.02833523167388072,-0.09705671036382055,0.014071601506208183,-6.8973464264888795,-0.9999999999999999,0.14175205033075952,10
qa2,fwd_micro_100ms,1692166,40,0.056026862929104006,-0.022088781207722254,-0.06973040578421016,0.009865949279978978,-7.067784741779936,-0.9878787878787878,0.14175205033075952,10
qa2,fwd_mid_300ms,1692166,40,0.12068713457613005,-0.05942628119002903,-0.1995056757622829,0.0226450080434944,-8.810139319848824,-0.9999999999999999,0.14175205033075952,10
qa2,fwd_micro_300ms,1692166,40,0.10828028550382278,-0.0303938051311686,-0.11284659308346794,0.014697853603662122,-7.677760040782488,-0.9636363636363635,0.14175205033075952,10
qa2,fwd_mid_500ms,1692166,40,0.14347603021089664,-0.07932144649730762,-0.24401435039563255,0.028937020183001472,-8.432601174981187,-0.9999999999999999,0.14175205033075952,10
qa2,fwd_micro_500ms,1692166,40,0.12358732788768587,-0.03890425222036831,-0.12248430141105912,0.019471763681327976,-6.290354762702506,-0.9878787878787878,0.14175205033075952,10
qa2,fwd_mid_1s,1692166,40,0.17692700950583096,-0.1007556857543193,-0.3072589475315012,0.03350263181592726,-9.17118837766737,-0.9999999999999999,0.14175205033075952,10
qa2,fwd_micro_1s,1692166,40,0.13631469972502472,-0.05140844390776833,-0.13182445028255244,0.021104489132112537,-6.246275352004076,-0.9878787878787878,0.14175205033075952,10
qa2,fwd_mid_3s,1692166,40,0.22706910232338623,-0.12797383688357075,-0.3608652328555417,0.03362877034118889,-10.730848294311551,-0.9999999999999999,0.14175205033075952,10
qa2,fwd_micro_3s,1692166,40,0.17623514025975487,-0.06791150662932532,-0.16997808109809773,0.027701356910245025,-6.136092237244642,-0.9878787878787878,0.14175205033075952,10
qa2,fwd_mid_5s,1692166,40,0.2473450863314679,-0.15119639352900976,-0.3861120418901347,0.03644649569796747,-10.593941461199718,-0.9999999999999999,0.14175205033075952,10
qa2,fwd_micro_5s,1692166,40,0.19215631306288838,-0.08996116378603444,-0.18744254806930244,0.029378430428264015,-6.380277820729666,-0.9757575757575757,0.14175205033075952,10
qa2,fwd_mid_10s,1692166,40,0.2777004809853654,-0.16898948736705446,-0.4307306466575123,0.0391258415713804,-11.00885321205669,-0.9999999999999999,0.14175205033075952,10
qa2,fwd_micro_10s,1692166,40,0.22004257895933663,-0.09738750796513572,-0.2177569177784715,0.0375472750446491,-5.799539847286581,-0.9878787878787878,0.14175205033075952,10
qa2,fwd_mid_30s,1692166,40,0.38760996783873947,-0.19918035697657896,-0.6519614443229835,0.11500189317459612,-5.669136623109102,-0.9878787878787878,0.14175205033075952,10
qa2,fwd_micro_30s,1692166,40,0.32514749772385704,-0.11133364383324884,-0.4439623191186489,0.11818882956116125,-3.7563813836476307,-0.9636363636363635,0.14175205033075952,10
qa2,fwd_mid_60s,1692166,40,0.43669705279873,-0.26845417214776046,-0.7581597814033496,0.21107281836425337,-3.591934704235461,-0.9999999999999999,0.14175205033075952,10
qa2,fwd_micro_60s,1692166,40,0.36466862888515306,-0.16497382950319986,-0.5445113361673796,0.21785706829184404,-2.499397152622771,-0.7696969696969697,0.14175205033075952,10
cum_b2,fwd_mid_100ms,1692166,98,-0.0389527821349928,0.03205812576428165,0.08786594819592536,0.007254991488326686,12.111102864462634,0.9999999999999999,0.12774692317420394,10
cum_b2,fwd_micro_100ms,1692166,98,-0.005838601484095932,-0.015052759736034746,-0.003062513632003855,0.005052151521776057,-0.6061800836343967,-0.5393939393939393,0.12774692317420394,10
cum_b2,fwd_mid_300ms,1692166,98,-0.09135580303701761,0.0720495365250993,0.19866935034797564,0.01481183050585846,13.412883051112203,0.9999999999999999,0.12774692317420394,10
cum_b2,fwd_micro_300ms,1692166,98,-0.012066878188301253,-0.03913534846505757,-0.027219291310272033,0.011199829456031053,-2.4303308739772445,-0.5151515151515151,0.12774692317420394,10
cum_b2,fwd_mid_500ms,1692166,98,-0.12083328478267459,0.0915315462025958,0.2610906442233228,0.01893795886879498,13.78663065181406,0.9999999999999999,0.12774692317420394,10
cum_b2,fwd_micro_500ms,1692166,98,-0.011695390991848745,-0.050623350880393006,-0.03601598565241831,0.013374172875751877,-2.6929505089408035,-0.5151515151515151,0.12774692317420394,10
cum_b2,fwd_mid_1s,1692166,98,-0.16346866204975755,0.11744400094973673,0.3465278767339974,0.024932755424366862,13.898499016090879,0.9999999999999999,0.12774692317420394,10
cum_b2,fwd_micro_1s,1692166,98,-0.011058182196475431,-0.05359109749700827,-0.034426215021137845,0.01372325426864414,-2.508604325709922,-0.6242424242424242,0.12774692317420394,10
cum_b2,fwd_mid_3s,1692166,98,-0.2288025579144559,0.163820703487462,0.48003643242431787,0.03475834330309123,13.81068217890655,0.9999999999999999,0.12774692317420394,10
cum_b2,fwd_micro_3s,1692166,98,-0.018104343491362907,-0.05392685041941128,-0.018735306879944836,0.02026444072110907,-0.9245410291747472,-0.5030303030303029,0.12774692317420394,10
cum_b2,fwd_mid_5s,1692166,98,-0.2631528020050892,0.17761630242444917,0.5465862649843289,0.03852097898677003,14.189313962452852,0.9999999999999999,0.12774692317420394,10
cum_b2,fwd_micro_5s,1692166,98,-0.02470479238953202,-0.055203422245143074,-0.0027655564801779215,0.022300937370569384,-0.1240107729205874,-0.5030303030303029,0.12774692317420394,10
cum_b2,fwd_mid_10s,1692166,98,-0.2967018821159038,0.19840239602569754,0.6021423359422988,0.04380273940286422,13.746682151640162,0.9878787878787878,0.12774692317420394,10
cum_b2,fwd_micro_10s,1692166,98,-0.020636052880993294,-0.06472396491684679,-0.021494531163320653,0.02908240021091112,-0.7390906874067549,-0.4545454545454545,0.12774692317420394,10
cum_b2,fwd_mid_30s,1692166,98,-0.3483411257689859,0.2732287128615905,0.7678294369568279,0.06932466953274777,11.075847056063047,0.9878787878787878,0.12774692317420394,10
cum_b2,fwd_micro_30s,1692166,98,-0.012940813422497435,-0.03029978130191686,0.040109238831793285,0.059251015029257274,0.6769375817779314,-0.4787878787878787,0.12774692317420394,10
cum_b2,fwd_mid_60s,1692166,98,-0.4128379709944403,0.31736822540521165,0.9156118758708023,0.09110150523903325,10.050458260469007,0.9636363636363635,0.12774692317420394,10
cum_b2,fwd_micro_60s,1692166,98,-0.045523541924767624,-0.0065289788850721436,0.12881761536302627,0.08589543287825432,1.4997027321069398,-0.11515151515151514,0.12774692317420394,10
cum_a2,fwd_mid_100ms,1692166,98,0.04449124941717603,-0.03478755947405704,-0.09984777764968403,0.008641253646950989,-11.554779170834163,-0.9878787878787878,0.12990687674849866,10
cum_a2,fwd_micro_100ms,1692166,98,0.0033966727947329642,0.013067862075471504,0.00693312419486462,0.005242105560095781,1.3225838578378306,0.6484848484848483,0.12990687674849866,10
cum_a2,fwd_mid_300ms,1692166,98,0.10228175352841767,-0.07334201571908557,-0.22183814802863097,0.015946376843496368,-13.911507937246968,-0.9999999999999999,0.12990687674849866,10
cum_a2,fwd_micro_300ms,1692166,98,0.008623245730134819,0.041162322877780815,0.023421771393690737,0.011265311404334824,2.07910554382706,0.5757575757575757,0.12990687674849866,10
cum_a2,fwd_mid_500ms,1692166,98,0.1311759412961624,-0.09526239214372434,-0.3106022825732683,0.03248758890715896,-9.560644326696218,-0.9999999999999999,0.12990687674849866,10
cum_a2,fwd_micro_500ms,1692166,98,0.008455705369025618,0.04987360975333445,0.023274175004595575,0.01742596139719575,1.3356034983723162,0.5878787878787878,0.12990687674849866,10
cum_a2,fwd_mid_1s,1692166,98,0.171271575212038,-0.12051448902994187,-0.36272831068122113,0.02427510879289583,-14.942396912650478,-0.9999999999999999,0.12990687674849866,10
cum_a2,fwd_micro_1s,1692166,98,0.009408312374114432,0.05432903430062755,0.04829212416059507,0.016088089431632768,3.0017314589041253,0.6121212121212121,0.12990687674849866,10
cum_a2,fwd_mid_3s,1692166,98,0.25559179710364704,-0.1486314472442077,-0.5158794261155735,0.03358627164196731,-15.359830100074662,-0.9999999999999999,0.12990687674849866,10
cum_a2,fwd_micro_3s,1692166,98,0.027022043226839227,0.06878699748975432,0.014995761616524621,0.023373255193596145,0.6415777987412379,0.5151515151515151,0.12990687674849866,10
cum_a2,fwd_mid_5s,1692166,98,0.28612921676495523,-0.17173144408907712,-0.5936396538283618,0.04205624612313003,-14.115374255950837,-0.9999999999999999,0.12990687674849866,10
cum_a2,fwd_micro_5s,1692166,98,0.03013335634173466,0.06639716295624629,0.0003095908266353012,0.026719123009524483,0.011586863330991154,0.4545454545454545,0.12990687674849866,10
cum_a2,fwd_mid_10s,1692166,98,0.33294525677584347,-0.2075515499019835,-0.697085566775038,0.05244770990023635,-13.29105823878683,-0.9999999999999999,0.12990687674849866,10
cum_a2,fwd_micro_10s,1692166,98,0.03513037313776672,0.0567727270695836,-0.02959138237230848,0.03856618373652871,-0.767288321148572,0.4666666666666666,0.12990687674849866,10
cum_a2,fwd_mid_30s,1692166,98,0.4230750479577484,-0.26127573491943995,-0.9281076053090161,0.08811212063847434,-10.533256929736815,-0.9878787878787878,0.12990687674849866,10
cum_a2,fwd_micro_30s,1692166,98,0.05922197142215229,0.04802394093676941,-0.1578291994566286,0.08678133005598222,-1.8186999364357948,0.35757575757575755,0.12990687674849866,10
cum_a2,fwd_mid_60s,1692166,98,0.5384009479286602,-0.32794403418280166,-1.20183212656501,0.1478572681517272,-8.128326335176988,-0.9636363636363635,0.12990687674849866,10
cum_a2,fwd_micro_60s,1692166,98,0.12899565121061599,0.006457757333488001,-0.3559631053997696,0.14869058580939187,-2.3939854931776425,0.33333333333333326,0.12990687674849866,10
qb3,fwd_mid_100ms,1692166,61,-0.04141207778431109,0.016152375362482776,0.06310442478218707,0.00603646812039047,10.453865327148478,0.9878787878787878,0.12562242711412475,10
qb3,fwd_micro_100ms,1692166,61,-0.04445067002574672,0.016204863244358478,0.06518763860871338,0.00711139781425034,9.166642102075292,0.9999999999999999,0.12562242711412475,10
qb3,fwd_mid_300ms,1692166,61,-0.09470546216494047,0.0347075402027027,0.14438962295390853,0.014854650857306953,9.720162684462137,0.9999999999999999,0.12562242711412475,10
qb3,fwd_micro_300ms,1692166,61,-0.09528433090570147,0.027468091912104503,0.12393588217517607,0.013896128396720775,8.918734674646688,0.9636363636363635,0.12562242711412475,10
qb3,fwd_mid_500ms,1692166,61,-0.12170910901312892,0.042257796226009406,0.17699259278460547,0.018982772116264313,9.323853844979753,0.9878787878787878,0.12562242711412475,10
qb3,fwd_micro_500ms,1692166,61,-0.11766636746753469,0.027749300411675275,0.1394638950182063,0.017605631810580693,7.9215501334289415,0.9272727272727272,0.12562242711412475,10
qb3,fwd_mid_1s,1692166,61,-0.1375782069378762,0.052519491193428317,0.19522562912125185,0.022526413675550368,8.666520642526649,0.9999999999999999,0.12562242711412475,10
qb3,fwd_micro_1s,1692166,61,-0.12018636984984882,0.03546012554170807,0.14630046772087757,0.01929101046974684,7.583867519553396,0.9757575757575757,0.12562242711412475,10
qb3,fwd_mid_3s,1692166,61,-0.16506793888912974,0.0838716101713228,0.2633362217683472,0.030427702915197734,8.654489052370055,0.9999999999999999,0.12562242711412475,10
qb3,fwd_micro_3s,1692166,61,-0.137815057670139,0.05923375198892322,0.19834209528701277,0.026302424280115103,7.54082943742039,0.9878787878787878,0.12562242711412475,10
qb3,fwd_mid_5s,1692166,61,-0.18175932026160385,0.08777233412950244,0.2773363199531973,0.03564401914515049,7.780725255023044,0.9878787878787878,0.12562242711412475,10
qb3,fwd_micro_5s,1692166,61,-0.15676394929605086,0.06212869468273102,0.21260757044379183,0.03185842363893617,6.673511936853989,0.9757575757575757,0.12562242711412475,10
qb3,fwd_mid_10s,1692166,61,-0.18669754743636072,0.09487782201866489,0.2637456032974357,0.04521244715781207,5.833473299439935,0.9636363636363635,0.12562242711412475,10
qb3,fwd_micro_10s,1692166,61,-0.15741143093380408,0.05997918934423441,0.19315963352010088,0.041646854570421984,4.6380365459168384,0.9636363636363635,0.12562242711412475,10
qb3,fwd_mid_30s,1692166,61,-0.24032874599080453,0.15823910240670447,0.37607776757835265,0.07838936899340873,4.797560847950883,0.9636363636363635,0.12562242711412475,10
qb3,fwd_micro_30s,1692166,61,-0.20783447144596529,0.11108689797232461,0.2986989766737001,0.07744619337813734,3.856858079715785,0.9515151515151514,0.12562242711412475,10
qb3,fwd_mid_60s,1692166,61,-0.29431918951052394,0.18572568920179838,0.5640426792972065,0.13231601644764082,4.26284507681204,0.9393939393939393,0.12562242711412475,10
qb3,fwd_micro_60s,1692166,61,-0.24956993160386726,0.12717976964753205,0.4628249858539584,0.1322013109806484,3.5009107127667334,0.8909090909090909,0.12562242711412475,10
qa3,fwd_mid_100ms,1692166,58,0.041431953414993984,-0.017197825773710287,-0.06654347598552088,0.009571850221468585,-6.951997204915654,-0.9999999999999999,0.12286205963244741,10
qa3,fwd_micro_100ms,1692166,58,0.04437989124589139,-0.01680349342544016,-0.06806764973830215,0.008662423409634907,-7.857806819116336,-0.9999999999999999,0.12286205963244741,10
qa3,fwd_mid_300ms,1692166,58,0.09285309248328914,-0.03868639733900441,-0.1438097534217278,0.017189362447189105,-8.366206359517676,-0.9999999999999999,0.12286205963244741,10
qa3,fwd_micro_300ms,1692166,58,0.09570310107441603,-0.02893887649871579,-0.12587762227013113,0.017620318326848974,-7.143890361976322,-0.9515151515151514,0.12286205963244741,10
qa3,fwd_mid_500ms,1692166,58,0.1120914700911354,-0.051338461479496805,-0.17703004287019855,0.02140461047296911,-8.270650058956297,-0.9878787878787878,0.12286205963244741,10
qa3,fwd_micro_500ms,1692166,58,0.11133366076023819,-0.03792896662835943,-0.1460561393446991,0.020876011520064304,-6.996362269886753,-0.9757575757575757,0.12286205963244741,10
qa3,fwd_mid_1s,1692166,58,0.13312866730143305,-0.06473082615334098,-0.20079126941463984,0.027427977415945146,-7.32067357244908,-0.9757575757575757,0.12286205963244741,10
qa3,fwd_micro_1s,1692166,58,0.11901594232036612,-0.04509078072097819,-0.1465849972433535,0.023620090006017863,-6.205945752366183,-0.9636363636363635,0.12286205963244741,10
qa3,fwd_mid_3s,1692166,58,0.18490403576676592,-0.07550606083810488,-0.26994627643082064,0.03482687949675317,-7.7510899722149125,-0.9878787878787878,0.12286205963244741,10
qa3,fwd_micro_3s,1692166,58,0.15885712004359592,-0.0497610210627231,-0.2019113003748376,0.031069844599626202,-6.498626014282246,-0.9636363636363635,0.12286205963244741,10
qa3,fwd_mid_5s,1692166,58,0.20365815335384171,-0.0956763733571503,-0.30913760920017963,0.036547418821033226,-8.458534670094659,-0.9878787878787878,0.12286205963244741,10
qa3,fwd_micro_5s,1692166,58,0.17557305194693368,-0.06977515925731716,-0.23708189287923256,0.03282994555789812,-7.221513433859355,-0.9636363636363635,0.12286205963244741,10
qa3,fwd_mid_10s,1692166,58,0.2249321336804905,-0.12974070458816267,-0.3764207665514504,0.048661269770417126,-7.735531118020468,-0.9757575757575757,0.12286205963244741,10
qa3,fwd_micro_10s,1692166,58,0.19363540335204546,-0.09748724831064103,-0.295731445078707,0.045871674235859417,-6.446929396083038,-0.9636363636363635,0.12286205963244741,10
qa3,fwd_mid_30s,1692166,58,0.29809772843876564,-0.17719807950426253,-0.5099373784822396,0.10139784606202261,-5.029075057179452,-0.9636363636363635,0.12286205963244741,10
qa3,fwd_micro_30s,1692166,58,0.25387458308379046,-0.1330957800773265,-0.3869753404470194,0.09969960244126085,-3.8814130745908475,-0.9393939393939393,0.12286205963244741,10
qa3,fwd_mid_60s,1692166,58,0.3515725648941323,-0.25834561512872956,-0.7113184775585353,0.17547749499927978,-4.05361654815881,-0.9393939393939393,0.12286205963244741,10
qa3,fwd_micro_60s,1692166,58,0.30273927654903554,-0.20124660544332407,-0.59936550608552,0.1790711284368532,-3.3470806339218298,-0.8787878787878788,0.12286205963244741,10
cum_b3,fwd_mid_100ms,1692166,97,-0.039577430358751636,0.028485163239879607,0.09207524626035427,0.007771319601544716,11.848083849498655,0.9878787878787878,0.13212533522124897,10
cum_b3,fwd_micro_100ms,1692166,97,-0.016072374623600158,-0.0034649327238242002,0.02489707848632353,0.004993501620416823,4.9858957458884925,0.19999999999999998,0.13212533522124897,10
cum_b3,fwd_mid_300ms,1692166,97,-0.08962913681250403,0.061633160556785374,0.21107122024787053,0.017231784306537455,12.248947438820574,0.9999999999999999,0.13212533522124897,10
cum_b3,fwd_micro_300ms,1692166,97,-0.03592657517083252,-0.018650459520620822,0.03243054325260835,0.010471732311968743,3.0969606829561163,0.33333333333333326,0.13212533522124897,10
cum_b3,fwd_mid_500ms,1692166,97,-0.11623530467657434,0.07914617599886721,0.27286946641958665,0.02132610132704322,12.79509377898182,0.9999999999999999,0.13212533522124897,10
cum_b3,fwd_micro_500ms,1692166,97,-0.040509603468939365,-0.0253117819971641,0.03634565485622653,0.013273788933567445,2.7381522365715605,0.33333333333333326,0.13212533522124897,10
cum_b3,fwd_mid_1s,1692166,97,-0.1477334593394899,0.09865164458258971,0.350386200445163,0.030781644267799814,11.382959188170997,0.9999999999999999,0.13212533522124897,10
cum_b3,fwd_micro_1s,1692166,97,-0.04087044583962343,-0.027058454843724832,0.04425591662209853,0.016765825962144033,2.6396502458050706,0.2121212121212121,0.13212533522124897,10
cum_b3,fwd_mid_3s,1692166,97,-0.20585154751630708,0.14101075876540364,0.48010084930391395,0.04017576373136358,11.950011766151412,0.9999999999999999,0.13212533522124897,10
cum_b3,fwd_micro_3s,1692166,97,-0.061084019808032394,-0.019057916633894726,0.08989625189917584,0.023342177043452813,3.8512368290167953,0.2606060606060606,0.13212533522124897,10
cum_b3,fwd_mid_5s,1692166,97,-0.24686557632656578,0.15459425872579027,0.5661568350668705,0.04711949863072716,12.015340814718966,0.9999999999999999,0.13212533522124897,10
cum_b3,fwd_micro_5s,1692166,97,-0.08215066525373847,-0.018088458162892992,0.13035280824081133,0.029442442690746938,4.4273774975123965,0.17575757575757575,0.13212533522124897,10
cum_b3,fwd_mid_10s,1692166,97,-0.2780075798605347,0.17869029007216422,0.631180294793039,0.0566264549122725,11.14638547955869,0.9878787878787878,0.13212533522124897,10
cum_b3,fwd_micro_10s,1692166,97,-0.08747860466961965,-0.015161361061885223,0.13587740142187274,0.0381267849896458,3.5638305579338345,0.35757575757575755,0.13212533522124897,10
cum_b3,fwd_mid_30s,1692166,97,-0.35031120994087733,0.25736499252232325,0.8432195235061569,0.0788439504688999,10.694790386470627,0.9878787878787878,0.13212533522124897,10
cum_b3,fwd_micro_30s,1692166,97,-0.11577512974657769,0.032777186299590255,0.2667610209644159,0.06323198026871289,4.2187674627740375,0.7454545454545454,0.13212533522124897,10
cum_b3,fwd_mid_60s,1692166,97,-0.3892497385766701,0.3312433872351218,1.0137194926807402,0.10840285802798508,9.35140928128519,0.9515151515151514,0.13212533522124897,10
cum_b3,fwd_micro_60s,1692166,97,-0.12019844935779245,0.0896765088578897,0.37789610747792113,0.09812231662592755,3.8512758409341,0.6,0.13212533522124897,10
cum_a3,fwd_mid_100ms,1692166,95,0.04108416522818619,-0.03127448537703141,-0.09965682644424483,0.009324777775575966,-10.687313825887856,-0.9878787878787878,0.13603925383207086,10
cum_a3,fwd_micro_100ms,1692166,95,0.01649592705954696,0.0025021497779027747,-0.02310932518232271,0.00639089485376069,-3.6159764338360447,-0.32121212121212117,0.13603925383207086,10
cum_a3,fwd_mid_300ms,1692166,95,0.09975805891985248,-0.06684316418991965,-0.22236467403123253,0.018109226028455893,-12.279082147509799,-0.9999999999999999,0.13603925383207086,10
cum_a3,fwd_micro_300ms,1692166,95,0.03926720843028624,0.01920818102706528,-0.03698037613173277,0.014295789975634984,-2.586801862279751,-0.32121212121212117,0.13603925383207086,10
cum_a3,fwd_mid_500ms,1692166,95,0.12653515689422876,-0.08731903827551954,-0.28375669825837896,0.023568189050578246,-12.039817639336908,-0.9999999999999999,0.13603925383207086,10
cum_a3,fwd_micro_500ms,1692166,95,0.04553216001683849,0.02208284938451156,-0.040226939494053024,0.01806931313948631,-2.226257256350621,-0.35757575757575755,0.13603925383207086,10
cum_a3,fwd_mid_1s,1692166,95,0.16145870656006397,-0.10860620151318512,-0.3540086711804249,0.02828532358500669,-12.515630946081014,-0.9999999999999999,0.13603925383207086,10
cum_a3,fwd_micro_1s,1692166,95,0.048601532093110855,0.02254020696255246,-0.0390159145516151,0.01842620082790649,-2.1174150285242455,-0.35757575757575755,0.13603925383207086,10
cum_a3,fwd_mid_3s,1692166,95,0.23476014757114663,-0.13714109183690482,-0.4992125778199864,0.036136179264939915,-13.814758172409583,-0.9999999999999999,0.13603925383207086,10
cum_a3,fwd_micro_3s,1692166,95,0.07272888247962048,0.02716212859976062,-0.09615196337972702,0.025877988553934604,-3.715588759123539,-0.29696969696969694,0.13603925383207086,10
cum_a3,fwd_mid_5s,1692166,95,0.262461032324398,-0.16289015254089917,-0.5687223622045998,0.039847182703475245,-14.272586507226245,-0.9999999999999999,0.13603925383207086,10
cum_a3,fwd_micro_5s,1692166,95,0.08264598324807257,0.013799875161602707,-0.1328664369108945,0.028677130524373935,-4.633184509097434,-0.22424242424242422,0.13603925383207086,10
cum_a3,fwd_mid_10s,1692166,95,0.2933942845038005,-0.19599640725464904,-0.6422241511670872,0.047470154186526566,-13.529009167393212,-0.9999999999999999,0.13603925383207086,10
cum_a3,fwd_micro_10s,1692166,95,0.08455186217235594,0.0011738800657819706,-0.1460415335052569,0.03604108068765277,-4.05208530706708,-0.49090909090909085,0.13603925383207086,10
cum_a3,fwd_mid_30s,1692166,95,0.3836176189178636,-0.25710842576244036,-0.8502649274619926,0.08233691806644085,-10.326654767134723,-0.9878787878787878,0.13603925383207086,10
cum_a3,fwd_micro_30s,1692166,95,0.11782250668111106,-0.024706897900522502,-0.2564035613369512,0.07947485145845033,-3.2262225928286217,-0.6121212121212121,0.13603925383207086,10
cum_a3,fwd_mid_60s,1692166,95,0.5115275855931117,-0.3303615822022656,-1.1781158023092055,0.15295289999185724,-7.70247443737206,-0.9636363636363635,0.13603925383207086,10
cum_a3,fwd_micro_60s,1692166,95,0.20775177147337656,-0.08051374549333036,-0.5199738520127981,0.15181503829452359,-3.425048386866923,-0.6848484848484848,0.13603925383207086,10
qb5,fwd_mid_100ms,1692166,78,-0.02231113305635733,0.006759977328754019,0.03786883878693542,0.004875943776916575,7.7664633801177105,0.9515151515151514,0.13378061017654297,10
qb5,fwd_micro_100ms,1692166,78,-0.025213775651653232,0.007550398195083766,0.04429049520458682,0.005751275246762214,7.700986877566148,0.9515151515151514,0.13378061017654297,10
qb5,fwd_mid_300ms,1692166,78,-0.05916776548837637,0.014756079215364376,0.11178720834611183,0.01503507498896503,7.43509483179551,0.9515151515151514,0.13378061017654297,10
qb5,fwd_micro_300ms,1692166,78,-0.060470148217466595,0.017312416100153785,0.10469728146472751,0.012171055701641285,8.602152847809982,0.9393939393939393,0.13378061017654297,10
qb5,fwd_mid_500ms,1692166,78,-0.07457123067651451,0.017262364095492352,0.14137290052713405,0.018167175780511698,7.7817764431380505,0.9999999999999999,0.13378061017654297,10
qb5,fwd_micro_500ms,1692166,78,-0.07863039418335377,0.020723148352356138,0.1373723728464926,0.014976642837389023,9.172441002835695,0.9030303030303028,0.13378061017654297,10
qb5,fwd_mid_1s,1692166,78,-0.08475022423155884,0.019861799415502913,0.17220377773770182,0.03122997755084614,5.5140538432130946,0.9393939393939393,0.13378061017654297,10
qb5,fwd_micro_1s,1692166,78,-0.08199406815037814,0.020890680907806967,0.15440872262191688,0.020958961752996687,7.367193300967768,0.9030303030303028,0.13378061017654297,10
qb5,fwd_mid_3s,1692166,78,-0.09776920196216655,0.03646378632422209,0.21013207501325504,0.03621776892092375,5.8019055638697115,0.8545454545454544,0.13378061017654297,10
qb5,fwd_micro_3s,1692166,78,-0.09996960796942234,0.03559188178513846,0.1869482383815799,0.026612469577567917,7.024836151965453,0.9393939393939393,0.13378061017654297,10
qb5,fwd_mid_5s,1692166,78,-0.11229976004729436,0.037749687814609564,0.24319794190433094,0.044795674342522254,5.4290496900383864,0.9151515151515152,0.13378061017654297,10
qb5,fwd_micro_5s,1692166,78,-0.11603969167360495,0.042604953624539414,0.23347243010330657,0.036994998487218635,6.310918763355774,0.9393939393939393,0.13378061017654297,10
qb5,fwd_mid_10s,1692166,78,-0.11488750948154375,0.048303765593993804,0.2650493864924037,0.05177636409079982,5.119119334598093,0.8787878787878788,0.13378061017654297,10
qb5,fwd_micro_10s,1692166,78,-0.113787374042532,0.050205721948459875,0.24979650442915535,0.04589627968956492,5.442630777891779,0.9151515151515152,0.13378061017654297,10
qb5,fwd_mid_30s,1692166,78,-0.10074562182805782,0.04505711472336585,0.2869482556036492,0.09303354927522349,3.084352449617535,0.7939393939393938,0.13378061017654297,10
qb5,fwd_micro_30s,1692166,78,-0.10419151641313187,0.04507167518363101,0.2692617259163254,0.09070944549601201,2.96839788231495,0.8787878787878788,0.13378061017654297,10
qb5,fwd_mid_60s,1692166,78,-0.09108729932968859,0.0627883596094817,0.29968239733194496,0.13698650901718323,2.187678184384957,0.8060606060606059,0.13378061017654297,10
qb5,fwd_micro_60s,1692166,78,-0.08566207460311231,0.05480242440244752,0.26326166438065496,0.1355648146860704,1.941961599625199,0.7575757575757575,0.13378061017654297,10
qa5,fwd_mid_100ms,1692166,80,0.01955654920021756,-0.007281700336288644,-0.035810521397595274,0.005528408126811712,-6.477546623940653,-0.9636363636363635,0.12865581745526147,10
qa5,fwd_micro_100ms,1692166,80,0.030372162406171386,-0.009262574576433416,-0.05126778147954782,0.006682802715626074,-7.671598827789851,-0.9636363636363635,0.12865581745526147,10
qa5,fwd_mid_300ms,1692166,80,0.056730142067911125,-0.02022179096492448,-0.10045595422541546,0.012479776755642057,-8.049499297333162,-0.9999999999999999,0.12865581745526147,10
qa5,fwd_micro_300ms,1692166,80,0.07316348727954694,-0.02404389859164877,-0.12550305829515457,0.01405661964132309,-8.928395410672255,-0.9999999999999999,0.12865581745526147,10
qa5,fwd_mid_500ms,1692166,80,0.06617497899990202,-0.02682849809514672,-0.1221932780148717,0.015486017715858814,-7.890555225811013,-0.9878787878787878,0.12865581745526147,10
qa5,fwd_micro_500ms,1692166,80,0.08557094650240421,-0.03163136298031206,-0.15009129541179594,0.01611287136345636,-9.314993710692665,-0.9878787878787878,0.12865581745526147,10
qa5,fwd_mid_1s,1692166,80,0.07880238847262071,-0.03519100067903745,-0.14782555597710215,0.02029811220452734,-7.282724348332787,-0.9636363636363635,0.12865581745526147,10
qa5,fwd_micro_1s,1692166,80,0.0946097436290662,-0.04010388988976096,-0.17242519481546992,0.019255921759260722,-8.954398390850633,-0.9878787878787878,0.12865581745526147,10
qa5,fwd_mid_3s,1692166,80,0.10531678799139503,-0.029940291477841937,-0.19590804401600956,0.029244699036514,-6.698924949489308,-0.8424242424242423,0.12865581745526147,10
qa5,fwd_micro_3s,1692166,80,0.11661846918406484,-0.037004753761603615,-0.21593434521122634,0.028091449686708552,-7.686835233476595,-0.9393939393939393,0.12865581745526147,10
qa5,fwd_mid_5s,1692166,80,0.10698206015371327,-0.031461878029921876,-0.21893230615996306,0.03247537043714164,-6.74148757082608,-0.8666666666666665,0.12865581745526147,10
qa5,fwd_micro_5s,1692166,80,0.11948658674766474,-0.03707507840761328,-0.23995053093051028,0.0318574932628093,-7.531996599702039,-0.8787878787878788,0.12865581745526147,10
qa5,fwd_mid_10s,1692166,80,0.1125503308638396,-0.05353003581594136,-0.2741270219090892,0.0481175597660476,-5.697026683022212,-0.8787878787878788,0.12865581745526147,10
qa5,fwd_micro_10s,1692166,80,0.1198837127335475,-0.05907625829762676,-0.28468008071092005,0.04715580575385187,-6.037010208179217,-0.8787878787878788,0.12865581745526147,10
qa5,fwd_mid_30s,1692166,80,0.18415693709270844,-0.09620201161290975,-0.45940569576708173,0.11229806594508537,-4.090949313336658,-0.9515151515151514,0.12865581745526147,10
qa5,fwd_micro_30s,1692166,80,0.19337325426552357,-0.10042383772369765,-0.4799672726811042,0.11023336800757524,-4.354101497181151,-0.8909090909090909,0.12865581745526147,10
qa5,fwd_mid_60s,1692166,80,0.26459176206792484,-0.13740982852461847,-0.6376163899259399,0.15349304766677585,-4.154040848222433,-0.9272727272727272,0.12865581745526147,10
qa5,fwd_micro_60s,1692166,80,0.2696641731195888,-0.13566764626565933,-0.6559171218806388,0.15515867890932372,-4.227395634529495,-0.9757575757575757,0.12865581745526147,10
cum_b5,fwd_mid_100ms,1692166,97,-0.0320632286173843,0.020496055039737112,0.09802777818734715,0.011868982583880607,8.259155954991435,0.9757575757575757,0.14115281834051743,10
cum_b5,fwd_micro_100ms,1692166,97,-0.021874698983939914,0.0003797649665834526,0.059060582935399085,0.010009166110035033,5.900649693103391,0.4424242424242424,0.14115281834051743,10
cum_b5,fwd_mid_300ms,1692166,97,-0.07654236640436252,0.04428692209434366,0.2967925915629262,0.0772572080619869,3.8416168407845688,0.9878787878787878,0.14115281834051743,10
cum_b5,fwd_micro_300ms,1692166,97,-0.0499486769002369,-0.006803132138760376,0.11455166616005134,0.022497599913782133,5.091728299865288,0.34545454545454546,0.14115281834051743,10
cum_b5,fwd_mid_500ms,1692166,97,-0.10033314848083213,0.05745592300722374,0.3577899640782926,0.07849710670473903,4.558001932785786,0.9878787878787878,0.14115281834051743,10
cum_b5,fwd_micro_500ms,1692166,97,-0.06177138674556068,-0.006863580144429924,0.14188193513159816,0.025946704163752405,5.468206452587049,0.4424242424242424,0.14115281834051743,10
cum_b5,fwd_mid_1s,1692166,97,-0.12148560963322885,0.07151643855238962,0.5245496412223876,0.1713643509182812,3.0610196252109074,0.9999999999999999,0.14115281834051743,10
cum_b5,fwd_micro_1s,1692166,97,-0.06182620974056019,-0.006013640316703036,0.2168107217331642,0.07401708153623486,2.92919846653269,0.5878787878787878,0.14115281834051743,10
cum_b5,fwd_mid_3s,1692166,97,-0.16120124620092668,0.10780571393225151,0.6522733199452728,0.18922917423414362,3.4470018832200755,0.9999999999999999,0.14115281834051743,10
cum_b5,fwd_micro_3s,1692166,97,-0.07969612829923137,0.009630134716358214,0.2867442690874982,0.09539159384574597,3.00596999722199,0.4545454545454545,0.14115281834051743,10
cum_b5,fwd_mid_5s,1692166,97,-0.19092732032723636,0.11430142100704578,0.7733319256988285,0.2318569563847604,3.335383754522788,0.9999999999999999,0.14115281834051743,10
cum_b5,fwd_micro_5s,1692166,97,-0.09956627775087395,0.01083872296588417,0.3532174108384075,0.11626033764386867,3.038159169298056,0.5757575757575757,0.14115281834051743,10
cum_b5,fwd_mid_10s,1692166,97,-0.23247377337955732,0.14037407837021476,0.8930580211532726,0.2481238354918412,3.5992431738088224,0.9878787878787878,0.14115281834051743,10
cum_b5,fwd_micro_10s,1692166,97,-0.12361950577537247,0.021979538501093975,0.40357844565194395,0.10511390337054739,3.8394392436293585,0.7818181818181817,0.14115281834051743,10
cum_b5,fwd_mid_30s,1692166,97,-0.2904879720057985,0.21842137504136344,1.1258239315790337,0.2874437150138959,3.9166761100503034,0.9757575757575757,0.14115281834051743,10
cum_b5,fwd_micro_30s,1692166,97,-0.1521359531835424,0.08157049606529093,0.551347045278135,0.13131749746875798,4.198580203748607,0.6606060606060605,0.14115281834051743,10
cum_b5,fwd_mid_60s,1692166,97,-0.3447611509869484,0.2710857073300192,1.3833657017558503,0.3002207936442317,4.607827742255486,0.9393939393939393,0.14115281834051743,10
cum_b5,fwd_micro_60s,1692166,97,-0.1840609675813566,0.12266857137055517,0.7679305676586025,0.1622093147817919,4.734195250695943,0.5515151515151515,0.14115281834051743,10
cum_a5,fwd_mid_100ms,1692166,95,0.03296625416075389,-0.023037707569036572,-0.0949453582977914,0.010615675111863742,-8.943883200766335,-0.9878787878787878,0.1558009084215142,10
cum_a5,fwd_micro_100ms,1692166,95,0.021203289775996653,-0.0028392061265119155,-0.04559118685533852,0.008717261279570601,-5.229989717319138,-0.6121212121212121,0.1558009084215142,10
cum_a5,fwd_mid_300ms,1692166,95,0.08047263756491307,-0.049768345246672674,-0.2262082791180007,0.0221581785445119,-10.208793952246024,-0.9999999999999999,0.1558009084215142,10
cum_a5,fwd_micro_300ms,1692166,95,0.050979679773942736,0.0023481885203619573,-0.10988132175071395,0.020684287213027175,-5.312308837092031,-0.5393939393939393,0.1558009084215142,10
cum_a5,fwd_mid_500ms,1692166,95,0.09877471721632862,-0.06522338961557055,-0.2830718899707948,0.02982889177332304,-9.48985608053851,-0.9999999999999999,0.1558009084215142,10
cum_a5,fwd_micro_500ms,1692166,95,0.06125101215584101,0.0018502304406524935,-0.12609488944902225,0.024235171809970167,-5.20297072526417,-0.5757575757575757,0.1558009084215142,10
cum_a5,fwd_mid_1s,1692166,95,0.12541894063454184,-0.08199272001008974,-0.344892022064224,0.034901354622851044,-9.881909335358921,-0.9999999999999999,0.1558009084215142,10
cum_a5,fwd_micro_1s,1692166,95,0.06610421454321862,-0.003639617872568724,-0.13004887986070904,0.02517917885315959,-5.164937292797773,-0.6606060606060605,0.1558009084215142,10
cum_a5,fwd_mid_3s,1692166,95,0.17754516957970354,-0.10296391930937387,-0.4837691126198153,0.04501556584355146,-10.746707356764592,-0.9878787878787878,0.1558009084215142,10
cum_a5,fwd_micro_3s,1692166,95,0.09279716836101279,-0.004569010603208449,-0.21686132489327176,0.03621842772759594,-5.987596328706406,-0.5151515151515151,0.1558009084215142,10
cum_a5,fwd_mid_5s,1692166,95,0.1979639317520844,-0.12407196913866421,-0.5428076091461983,0.04794637372966752,-11.321139992915212,-0.9878787878787878,0.1558009084215142,10
cum_a5,fwd_micro_5s,1692166,95,0.10351586396664751,-0.016658856275199082,-0.25252664703049715,0.03866690526464086,-6.530821261804507,-0.7212121212121211,0.1558009084215142,10
cum_a5,fwd_mid_10s,1692166,95,0.2301426087675466,-0.15132153536996526,-0.6236655827236959,0.05871004914996154,-10.622808049958929,-0.9878787878787878,0.1558009084215142,10
cum_a5,fwd_micro_10s,1692166,95,0.11658768343148208,-0.03062520895092136,-0.2919954476946111,0.04998223499884698,-5.841984611159286,-0.6969696969696969,0.1558009084215142,10
cum_a5,fwd_mid_30s,1692166,95,0.3199551569405862,-0.20381328537457685,-0.8165611624574592,0.09976846651152735,-8.18456162562259,-0.9636363636363635,0.1558009084215142,10
cum_a5,fwd_micro_30s,1692166,95,0.17437190768532077,-0.05964012204571701,-0.4180512260529829,0.09315657787912038,-4.48761896981064,-0.7818181818181817,0.1558009084215142,10
cum_a5,fwd_mid_60s,1692166,95,0.41220484053515244,-0.2716984203811948,-1.0703128913577606,0.1571953733717856,-6.808806572355945,-0.9878787878787878,0.1558009084215142,10
cum_a5,fwd_micro_60s,1692166,95,0.24206105133053302,-0.11569396451156054,-0.6212752314926394,0.15321155734973363,-4.055015445567622,-0.8424242424242423,0.1558009084215142,10
qb10,fwd_mid_100ms,1692166,87,-0.002391238319129842,0.00037147181497610115,0.0046250038902660665,0.0038761968786325653,1.1931808509937358,-0.18787878787878787,0.1295948506234022,10
qb10,fwd_micro_100ms,1692166,87,-0.0038097227729202614,0.0021183187685636473,0.009156626598134852,0.004347065661077512,2.106392521309464,0.5515151515151515,0.1295948506234022,10
qb10,fwd_mid_300ms,1692166,87,-0.00860113627046623,0.003393395706495,0.022005494311573046,0.006699348695236654,3.284721442730591,0.09090909090909088,0.1295948506234022,10
qb10,fwd_micro_300ms,1692166,87,-0.01087108222195149,0.006680281984828071,0.027431712113975878,0.00709076615278936,3.8686527693745494,0.6,0.1295948506234022,10
qb10,fwd_mid_500ms,1692166,87,-0.008798434594278313,0.002504316826158976,0.023567953230899785,0.008327850176117537,2.830016478741122,0.07878787878787878,0.1295948506234022,10
qb10,fwd_micro_500ms,1692166,87,-0.015007853532077382,0.00823937369453773,0.04069259934979499,0.008878232327932365,4.5834123107782885,0.7575757575757575,0.1295948506234022,10
qb10,fwd_mid_1s,1692166,87,-0.00733903561381532,0.001743032084550986,0.03198056590120627,0.010540188799063198,3.0341549388611213,-0.006060606060606061,0.1295948506234022,10
qb10,fwd_micro_1s,1692166,87,-0.013381569470710068,0.0056057554656524095,0.044204040973090754,0.011110257985250485,3.97866917507894,0.35757575757575755,0.1295948506234022,10
qb10,fwd_mid_3s,1692166,87,0.004716384393910293,0.006669720636590236,0.036170675053508766,0.014684920904504939,2.463116777320372,-0.3696969696969697,0.1295948506234022,10
qb10,fwd_micro_3s,1692166,87,-0.003440781212118127,0.010147153396173931,0.04311609451038456,0.014371508420049531,3.000109191755667,0.24848484848484845,0.1295948506234022,10
qb10,fwd_mid_5s,1692166,87,0.008869126953763256,-0.0014287064848456312,0.03598637678530586,0.018399743173107535,1.9558086461718867,-0.5636363636363636,0.1295948506234022,10
qb10,fwd_micro_5s,1692166,87,-0.0026606631004057347,0.0008013629631577588,0.047431790733050955,0.017698066739075063,2.68005491403915,0.12727272727272726,0.1295948506234022,10
qb10,fwd_mid_10s,1692166,87,0.03299400608598151,-0.006496610271158615,0.009542471417524621,0.02535927850909647,0.3762911241383189,-0.6606060606060605,0.1295948506234022,10
qb10,fwd_micro_10s,1692166,87,0.021236334835990245,-0.003171419896331487,0.017471611178353448,0.02372612313491641,0.7363871071140761,-0.5151515151515151,0.1295948506234022,10
qb10,fwd_mid_30s,1692166,87,0.0806948087591455,-0.03306242607810304,-0.031066054299456983,0.06298529504598392,-0.4932270981151468,-0.5515151515151515,0.1295948506234022,10
qb10,fwd_micro_30s,1692166,87,0.07076687312436247,-0.03134830113682811,-0.02478645458219787,0.0617819140794021,-0.40119272689321867,-0.5515151515151515,0.1295948506234022,10
qb10,fwd_mid_60s,1692166,87,0.13926616165736738,-0.020185753611340895,-0.08617647509541619,0.10739432119328893,-0.8024304650179339,-0.5030303030303029,0.1295948506234022,10
qb10,fwd_micro_60s,1692166,87,0.1267046765373861,-0.014734077504588406,-0.07593937469767459,0.10609131074457294,-0.7157925956868173,-0.5030303030303029,0.1295948506234022,10
qa10,fwd_mid_100ms,1692166,87,-0.002217698026967006,-0.0013311562186565313,0.0032670605837578147,0.0046198656022989485,0.7071765425669639,0.3939393939393939,0.12440741629367331,10
qa10,fwd_micro_100ms,1692166,87,0.005039041499024766,-0.0032639098976435022,-0.007974659265552308,0.004542206141205102,-1.755679733072734,-0.43030303030303024,0.12440741629367331,10
qa10,fwd_mid_300ms,1692166,87,0.0041163808110222895,-0.004523065006066409,-0.008126650710157444,0.0077893482377653514,-1.043303041807367,-0.18787878787878787,0.12440741629367331,10
qa10,fwd_micro_300ms,1692166,87,0.01559362432326716,-0.009171922460186102,-0.027362557005485885,0.008611101575738604,-3.1775907838061825,-0.5151515151515151,0.12440741629367331,10
qa10,fwd_mid_500ms,1692166,87,0.0012451505628379928,-0.006496421379923994,-0.00330552140677463,0.009615620567549062,-0.343765790627196,-0.01818181818181818,0.12440741629367331,10
qa10,fwd_micro_500ms,1692166,87,0.013314251477740022,-0.011998138822446165,-0.02682396578684299,0.009352761483363505,-2.8680262866274195,-0.5151515151515151,0.12440741629367331,10
qa10,fwd_mid_1s,1692166,87,-0.0005643321618741848,-0.010343666642563748,-0.002141359540495563,0.010491100763311816,-0.20411199823607276,0.05454545454545454,0.12440741629367331,10
qa10,fwd_micro_1s,1692166,87,0.01278283071007631,-0.015821898575380158,-0.02519510468263617,0.01004240835308039,-2.5088707605589318,-0.6242424242424242,0.12440741629367331,10
qa10,fwd_mid_3s,1692166,87,0.002578256560649745,0.003932778914285184,0.006633132609563131,0.016957663342953705,0.3911584087626877,0.309090909090909,0.12440741629367331,10
qa10,fwd_micro_3s,1692166,87,0.019507193499931224,-0.0006977764499318317,-0.016862883151603145,0.01662255123842141,-1.0144581845310383,-0.6,0.12440741629367331,10
qa10,fwd_mid_5s,1692166,87,-0.012591995306099434,-0.0004715094355429345,0.0309040974824741,0.018096632884815552,1.7077263864044556,0.4424242424242424,0.12440741629367331,10
qa10,fwd_micro_5s,1692166,87,0.00656598434223795,-0.007707900787027926,-0.00239644561520554,0.015200186448736847,-0.15765896183495084,-0.17575757575757575,0.12440741629367331,10
qa10,fwd_mid_10s,1692166,87,-0.016987034078138646,-0.016990194213692692,0.023601714398520816,0.027024337307001177,0.8733503482583581,-0.01818181818181818,0.12440741629367331,10
qa10,fwd_micro_10s,1692166,87,0.00323015049677128,-0.02466397908292905,-0.0056098421573385505,0.0245190812339103,-0.22879495784613843,-0.35757575757575755,0.12440741629367331,10
qa10,fwd_mid_30s,1692166,87,-0.018901408511480988,0.0016052641602855636,-0.01075598688223915,0.09671258814682526,-0.11121599667987203,0.23636363636363633,0.12440741629367331,10
qa10,fwd_micro_30s,1692166,87,0.00385594597517348,-0.005534353607157612,-0.04255866308767677,0.09802892733399433,-0.43414392307563626,-0.23636363636363633,0.12440741629367331,10
qa10,fwd_mid_60s,1692166,87,-0.011210577038461553,0.001974084351589382,0.016065267128196,0.12444801653673726,0.1290921910631939,0.006060606060606061,0.12440741629367331,10
qa10,fwd_micro_60s,1692166,87,0.015012951187756059,-0.0020463709888252925,-0.018229752087014633,0.1269074229551076,-0.1436460662625168,-0.17575757575757575,0.12440741629367331,10
cum_b10,fwd_mid_100ms,1692166,94,-0.018729399223906124,0.012687319843770837,0.1180101091116067,0.024181127622759393,4.880256659351776,0.9878787878787878,0.16190551045228424,10
cum_b10,fwd_micro_100ms,1692166,94,-0.015122906658675484,0.0047100772470286285,0.19004472608618275,0.10114594481849692,1.8789159212187079,0.6363636363636362,0.16190551045228424,10
cum_b10,fwd_mid_300ms,1692166,94,-0.04496494894459251,0.02815943610923378,0.3405612124330636,0.14066087504315417,2.4211509584920528,0.9999999999999999,0.16190551045228424,10
cum_b10,fwd_micro_300ms,1692166,94,-0.03266513635755137,0.006614898014582153,0.13658204568172955,0.06522935200568149,2.093874022692012,0.7696969696969697,0.16190551045228424,10
cum_b10,fwd_mid_500ms,1692166,94,-0.05923571378572322,0.036918036882283,0.386761900526705,0.15135336723248505,2.555357093130427,0.9999999999999999,0.16190551045228424,10
cum_b10,fwd_micro_500ms,1692166,94,-0.04288685072481412,0.007608260418760991,0.21587945881231965,0.05926728035570354,3.6424728368954873,0.8060606060606059,0.16190551045228424,10
cum_b10,fwd_mid_1s,1692166,94,-0.0662446922740751,0.0468081638043271,0.7392238863193518,0.3020297041813755,2.4475204792288627,0.9999999999999999,0.16190551045228424,10
cum_b10,fwd_micro_1s,1692166,94,-0.03928179305637088,0.011163450744617092,0.45401491327941834,0.14821156848685724,3.0632893094284905,0.8909090909090909,0.16190551045228424,10
cum_b10,fwd_mid_3s,1692166,94,-0.08461102864295279,0.0770639983971003,0.8245755061712602,0.3343782965564072,2.4659958934630204,0.9878787878787878,0.16190551045228424,10
cum_b10,fwd_micro_3s,1692166,94,-0.047245581018315275,0.031836453011069486,0.4746883311401011,0.17295116749075637,2.74463791153923,0.9272727272727272,0.16190551045228424,10
cum_b10,fwd_mid_5s,1692166,94,-0.1025775230513827,0.08065228690025406,0.8547884515827977,0.38283146810249474,2.232806137435773,0.9393939393939393,0.16190551045228424,10
cum_b10,fwd_micro_5s,1692166,94,-0.05986357540829331,0.030007121762988538,0.5028200624597198,0.23691253779372007,2.122386882274359,0.7696969696969697,0.16190551045228424,10
cum_b10,fwd_mid_10s,1692166,94,-0.11222707187088589,0.09786813383184476,0.9788852821256351,0.3619868757918102,2.7042010293451137,0.8909090909090909,0.16190551045228424,10
cum_b10,fwd_micro_10s,1692166,94,-0.060663817920496056,0.04109804979861771,0.61937758239293,0.2120085393813649,2.9214746924829385,0.6484848484848483,0.16190551045228424,10
cum_b10,fwd_mid_30s,1692166,94,-0.11003600752390476,0.1598708661490201,0.9168153601725373,0.5444363763215223,1.6839715346850792,0.6969696969696969,0.16190551045228424,10
cum_b10,fwd_micro_30s,1692166,94,-0.041174782878708155,0.09358137581750303,0.5205560830143829,0.4352970317967609,1.1958640766873625,0.17575757575757575,0.16190551045228424,10
cum_b10,fwd_mid_60s,1692166,94,-0.10630336389908963,0.21142611090977068,0.9767556056411251,0.6028792409325824,1.6201513326784986,0.6848484848484848,0.16190551045228424,10
cum_b10,fwd_micro_60s,1692166,94,-0.027316974234944405,0.1381773377742025,0.5060906295899497,0.5267318733576767,0.960812616794673,-0.06666666666666665,0.16190551045228424,10
cum_a10,fwd_mid_100ms,1692166,92,0.021622982548969143,-0.013382133681966526,-0.09060596712575684,0.012550204549457291,-7.219481305559671,-0.9878787878787878,0.17504902001340295,10
cum_a10,fwd_micro_100ms,1692166,92,0.01596093017401047,-0.0029075190356426003,-0.06298910050825754,0.01641936118865347,-3.836269863640364,-0.6969696969696969,0.17504902001340295,10
cum_a10,fwd_mid_300ms,1692166,92,0.05293987987568286,-0.030375320804353036,-0.23692715004797726,0.03317269752090557,-7.142233455650231,-0.9636363636363635,0.17504902001340295,10
cum_a10,fwd_micro_300ms,1692166,92,0.041007813770923454,-0.004028872282645,-0.18223338620077043,0.03493742357954034,-5.215993840698886,-0.6,0.17504902001340295,10
cum_a10,fwd_mid_500ms,1692166,92,0.06266915718640927,-0.039765547237192764,-0.2880602415242643,0.0406649853627894,-7.083741429004781,-0.9878787878787878,0.17504902001340295,10
cum_a10,fwd_micro_500ms,1692166,92,0.04664860005427172,-0.006656275137011969,-0.19725618042526014,0.03936103235728871,-5.011458506340042,-0.7212121212121211,0.17504902001340295,10
cum_a10,fwd_mid_1s,1692166,92,0.0764926070232901,-0.04856611887106972,-0.34145822882903065,0.05162440978410657,-6.614278599155128,-0.9999999999999999,0.17504902001340295,10
cum_a10,fwd_micro_1s,1692166,92,0.050740721519435705,-0.008736242626222033,-0.19950648144499805,0.04607978671352152,-4.329587779677276,-0.7818181818181817,0.17504902001340295,10
cum_a10,fwd_mid_3s,1692166,92,0.10363866177153865,-0.055625920723430616,-0.45349450227684246,0.06549402914904123,-6.924211384901201,-0.9999999999999999,0.17504902001340295,10
cum_a10,fwd_micro_3s,1692166,92,0.06563481247205556,-0.007329572652132757,-0.2950045543009323,0.060180497829737854,-4.901995911292669,-0.7818181818181817,0.17504902001340295,10
cum_a10,fwd_mid_5s,1692166,92,0.11380754628935928,-0.06779647422667065,-0.46005448236919516,0.07078668198765219,-6.499167208450958,-0.9999999999999999,0.17504902001340295,10
cum_a10,fwd_micro_5s,1692166,92,0.07000139538862711,-0.017147016977835498,-0.2851872823939902,0.06523246152378678,-4.371861428071324,-0.8787878787878788,0.17504902001340295,10
cum_a10,fwd_mid_10s,1692166,92,0.14031442037271996,-0.08230386338377085,-0.49176487612182695,0.10457467682515025,-4.702523508096153,-0.9999999999999999,0.17504902001340295,10
cum_a10,fwd_micro_10s,1692166,92,0.08748413379909552,-0.023878169474643413,-0.2768086423260381,0.09759303560961535,-2.836356514549953,-0.8303030303030302,0.17504902001340295,10
cum_a10,fwd_mid_30s,1692166,92,0.19356024326745663,-0.1178366541177519,-0.5361933194855751,0.1678452186955979,-3.1945701143742973,-0.9999999999999999,0.17504902001340295,10
cum_a10,fwd_micro_30s,1692166,92,0.12340881549596414,-0.04958508620698523,-0.26899228178357465,0.1647617457582097,-1.6326136904274176,-0.9272727272727272,0.17504902001340295,10
cum_a10,fwd_mid_60s,1692166,92,0.2726503079791372,-0.16347578572196964,-0.5472411816378717,0.3051268615936605,-1.793487399895446,-0.9515151515151514,0.17504902001340295,10
cum_a10,fwd_micro_60s,1692166,92,0.18975654089606955,-0.08614218148164926,-0.24843969207087507,0.3058800011978404,-0.8122129302274539,-0.8181818181818182,0.17504902001340295,10
depth_bbo,fwd_mid_100ms,1692166,98,0.0009739428632975449,-0.003292158237718251,-0.006288206809205221,0.004250745094996091,-1.4793187238179955,-0.7818181818181817,0.12253939625308628,10
depth_bbo,fwd_micro_100ms,1692166,98,-0.0036639760224700378,-0.0038739757159484143,0.0031220467713843,0.00436924859659017,0.7145500427283525,-0.38181818181818183,0.12253939625308628,10
depth_bbo,fwd_mid_300ms,1692166,98,-0.00028210345419442715,-0.005273334160025787,-0.009322549250932604,0.006226838172416398,-1.4971561798778654,-0.5636363636363636,0.12253939625308628,10
depth_bbo,fwd_micro_300ms,1692166,98,-0.006473337393878391,-0.004426844690329432,0.0003598612595017946,0.006795302644643,0.0529573557383036,-0.41818181818181815,0.12253939625308628,10
depth_bbo,fwd_mid_500ms,1692166,98,-0.00274883048986739,-0.008286968377819821,-0.008562182234282992,0.006910998176107455,-1.2389212116831363,-0.4666666666666666,0.12253939625308628,10
depth_bbo,fwd_micro_500ms,1692166,98,-0.005532804843933427,-0.009493255201011915,-0.005985635799961804,0.007784027080347032,-0.7689638972446828,-0.5151515151515151,0.12253939625308628,10
depth_bbo,fwd_mid_1s,1692166,98,-0.004630484850598686,-0.00882864998986643,-0.008576101581731823,0.009409657317528138,-0.9114148679736103,-0.4424242424242424,0.12253939625308628,10
depth_bbo,fwd_micro_1s,1692166,98,-0.005296808919633086,-0.009165451841006828,-0.0035865418028382095,0.008263878218466459,-0.434002257538564,-0.3696969696969697,0.12253939625308628,10
depth_bbo,fwd_mid_3s,1692166,98,-0.0035166770494835867,-0.012788150056168308,-0.01431658362574606,0.012112663259280104,-1.1819517573707357,-0.5151515151515151,0.12253939625308628,10
depth_bbo,fwd_micro_3s,1692166,98,-0.00737066436045504,-0.014049188609253593,-0.011273667076156508,0.012748215264938963,-0.8843329706835229,-0.5151515151515151,0.12253939625308628,10
depth_bbo,fwd_mid_5s,1692166,98,0.00020537308977811586,-0.026482497671798406,-0.03321357078223252,0.016943048379642087,-1.960306671976471,-0.309090909090909,0.12253939625308628,10
depth_bbo,fwd_micro_5s,1692166,98,-0.0067529237527799305,-0.029142457111411328,-0.026218636004632506,0.018124142914327707,-1.4466138414692067,-0.09090909090909088,0.12253939625308628,10
depth_bbo,fwd_mid_10s,1692166,98,0.0044337003063445865,-0.03511314668589067,-0.05373966274300246,0.025375025193791666,-2.117817118705781,-0.3696969696969697,0.12253939625308628,10
depth_bbo,fwd_micro_10s,1692166,98,-0.0018684346350568296,-0.04403512082152605,-0.05336214180535668,0.027889268818361533,-1.9133575050997573,-0.17575757575757575,0.12253939625308628,10
depth_bbo,fwd_mid_30s,1692166,98,0.020336421202257232,-0.02540538149334185,-0.03476177864725842,0.04962908372265255,-0.7004316025966012,-0.7454545454545454,0.12253939625308628,10
depth_bbo,fwd_micro_30s,1692166,98,0.004905075654213424,-0.024637923390466596,-0.013889028202024697,0.05081253341066634,-0.2733386286759946,-0.28484848484848485,0.12253939625308628,10
depth_bbo,fwd_mid_60s,1692166,98,0.006958927359996425,-0.03694345127017878,-0.019951643677928035,0.08517093279463986,-0.23425414074111994,-0.32121212121212117,0.12253939625308628,10
depth_bbo,fwd_micro_60s,1692166,98,-0.012219501147773431,-0.04048894218961034,-0.0023934654065295158,0.08345444283080948,-0.028679903973259802,-0.16363636363636364,0.12253939625308628,10
depth_cum10,fwd_mid_100ms,1692166,93,0.0006832824261845185,-0.0000548120319416893,0.024250698032465316,0.02738730431561346,0.8854722521427576,0.5515151515151515,0.17263790904674836,10
depth_cum10,fwd_micro_100ms,1692166,93,-0.000752461096381195,-0.00009692538558529741,0.03419847300264647,0.024466428889685195,1.397771336260038,0.5757575757575757,0.17263790904674836,10
depth_cum10,fwd_mid_300ms,1692166,93,-0.0008663096207043092,-0.0002541416525204753,0.2621377290499343,0.20123735088295588,1.3026295958467444,-0.05454545454545454,0.17263790904674836,10
depth_cum10,fwd_micro_300ms,1692166,93,-0.0009960950266012616,0.00033425572611778996,0.1198600396658907,0.06376067509174455,1.879842700746587,-0.10303030303030303,0.17263790904674836,10
depth_cum10,fwd_mid_500ms,1692166,93,-0.0015750113108742988,0.0009589685204012491,0.2786460316318937,0.20146238254514878,1.3831169278932143,0.23636363636363633,0.17263790904674836,10
depth_cum10,fwd_micro_500ms,1692166,93,-0.0009148959896741196,0.0011027424082133833,0.10204470269774864,0.05975660902885785,1.7076722450644561,0.1515151515151515,0.17263790904674836,10
depth_cum10,fwd_mid_1s,1692166,93,-0.00008607385694498433,-0.0005287569438658655,0.5337302945824841,0.4474915726439931,1.1927158570360368,0.07878787878787878,0.17263790904674836,10
depth_cum10,fwd_micro_1s,1692166,93,-0.000332087950208832,0.00025297588426088664,0.2813423204023269,0.19179087349304644,1.4669223580783535,-0.0303030303030303,0.17263790904674836,10
depth_cum10,fwd_mid_3s,1692166,93,0.005087490723991449,0.009721253287026272,0.6139400458755061,0.4955236442156689,1.238972252973459,0.10303030303030303,0.17263790904674836,10
depth_cum10,fwd_micro_3s,1692166,93,0.0058509317406298614,0.007888099112401055,0.33527659297822293,0.2517218484194229,1.3319328261867034,-0.2606060606060606,0.17263790904674836,10
depth_cum10,fwd_mid_5s,1692166,93,-0.0025736014356569936,0.0006265171536539866,0.8154530649284231,0.5415007467024037,1.5059130941080259,0.3696969696969697,0.17263790904674836,10
depth_cum10,fwd_micro_5s,1692166,93,-0.0014480489289815366,-0.0010807337468001265,0.5259090720789206,0.3126704204670668,1.681991764022059,-0.04242424242424241,0.17263790904674836,10
depth_cum10,fwd_mid_10s,1692166,93,0.007002877882079902,0.0026063992664352937,0.8660609084742381,0.5299963316016253,1.6340884961543802,-0.3696969696969697,0.17263790904674836,10
depth_cum10,fwd_micro_10s,1692166,93,0.009662283455360859,-0.000221913145298563,0.5777003651379166,0.30487902222042,1.8948511476143919,-0.49090909090909085,0.17263790904674836,10
depth_cum10,fwd_mid_30s,1692166,93,0.030282068419895242,0.005385351489644792,0.9904773882656145,0.605608841617759,1.6355068159503066,-0.5272727272727272,0.17263790904674836,10
depth_cum10,fwd_micro_30s,1692166,93,0.032587344903244234,0.0014288816033555837,0.6901936980825599,0.412959118820797,1.671336620567685,-0.49090909090909085,0.17263790904674836,10
depth_cum10,fwd_mid_60s,1692166,93,0.06992482147359913,-0.001676766712151442,0.8544005334888909,0.6738221434547027,1.2679911780701631,-0.41818181818181815,0.17263790904674836,10
depth_cum10,fwd_micro_60s,1692166,93,0.06892376355848633,-0.003343681753489218,0.5442053588264226,0.5053356067394283,1.0769186884292463,-0.41818181818181815,0.17263790904674836,10
depth_asym,fwd_mid_100ms,1692166,98,-0.03193145173736965,0.03430749108464919,0.1137473195195478,0.013499591347600516,8.425982430924904,0.9999999999999999,0.12622579581435864,10
depth_asym,fwd_micro_100ms,1692166,98,-0.018591915231668418,0.021030997332818727,0.08351318894416715,0.013931191547675243,5.994691025413641,0.8060606060606059,0.12622579581435864,10
depth_asym,fwd_mid_300ms,1692166,98,-0.07262055916668839,0.08440861294848045,0.2864102764563221,0.037072655796965594,7.7256476586110905,0.9999999999999999,0.12622579581435864,10
depth_asym,fwd_micro_300ms,1692166,98,-0.036398405553756,0.04723303312361899,0.17607400725149536,0.03802993344734041,4.629879447338579,0.8909090909090909,0.12622579581435864,10
depth_asym,fwd_mid_500ms,1692166,98,-0.0904733602565541,0.1038571771912534,0.34323157558541023,0.04971560477121943,6.903900237458409,0.9999999999999999,0.12622579581435864,10
depth_asym,fwd_micro_500ms,1692166,98,-0.04506536253435617,0.05504746296973305,0.22828597277176188,0.04508836814599622,5.063079063597322,0.9636363636363635,0.12622579581435864,10
depth_asym,fwd_mid_1s,1692166,98,-0.10859423423450464,0.13188625111196134,0.4545747400329224,0.05917627811634969,7.6817054823751905,0.9999999999999999,0.12622579581435864,10
depth_asym,fwd_micro_1s,1692166,98,-0.04571356867867612,0.06658732476079282,0.2539826931727055,0.049195253378220366,5.16274794277507,0.9757575757575757,0.12622579581435864,10
depth_asym,fwd_mid_3s,1692166,98,-0.1417064107008143,0.17721678886408365,0.5648768613219495,0.06289750279472249,8.980910786959674,0.9999999999999999,0.12622579581435864,10
depth_asym,fwd_micro_3s,1692166,98,-0.0620562552300828,0.09045161582126564,0.3200006271068514,0.05129741846345404,6.238142906447238,0.9393939393939393,0.12622579581435864,10
depth_asym,fwd_mid_5s,1692166,98,-0.16267068846426797,0.19777043260434557,0.6173001790365735,0.07269590073746124,8.491540413893928,0.9999999999999999,0.12622579581435864,10
depth_asym,fwd_micro_5s,1692166,98,-0.07609676124745797,0.1033892369077615,0.3565419977011505,0.06251927980994162,5.702912746036692,0.9272727272727272,0.12622579581435864,10
depth_asym,fwd_mid_10s,1692166,98,-0.1992540665459158,0.24104301341581946,0.6982903514775046,0.09506556133242432,7.345355580826266,0.9878787878787878,0.12622579581435864,10
depth_asym,fwd_micro_10s,1692166,98,-0.09704536484640132,0.12824253116847498,0.38927379662175055,0.08130644419059756,4.78773608287702,0.709090909090909,0.12622579581435864,10
depth_asym,fwd_mid_30s,1692166,98,-0.2511934136967899,0.35432736354763267,0.9861929688546098,0.16806163556371975,5.8680433850752305,0.9515151515151514,0.12622579581435864,10
depth_asym,fwd_micro_30s,1692166,98,-0.120316982828642,0.21462364383724347,0.6048413755506539,0.15587317874775625,3.8803428557099364,0.5636363636363636,0.12622579581435864,10
depth_asym,fwd_mid_60s,1692166,98,-0.3014018888960605,0.46133541385510385,1.1023115342390977,0.22946801491736685,4.803769861503566,0.9393939393939393,0.12622579581435864,10
depth_asym,fwd_micro_60s,1692166,98,-0.1493135391957483,0.30289747633461694,0.6650019126431834,0.22130304100031642,3.004937978426752,0.5515151515151515,0.12622579581435864,10
near_depth,fwd_mid_100ms,1692166,98,-0.00034787813747293086,-0.0006550247494919166,0.0028081723760278467,0.006143860073926276,0.45706971549455633,-0.41818181818181815,0.14365789171984308,10
near_depth,fwd_micro_100ms,1692166,98,-0.0023966006718626693,-0.0013978381600658145,0.012709259710718991,0.005851917856032371,2.171811023905235,-0.07878787878787878,0.14365789171984308,10
near_depth,fwd_mid_300ms,1692166,98,0.0007622511349620344,-0.00023405703083818075,0.07022526171424884,0.07536003612080103,0.9318634295991947,-0.5272727272727272,0.14365789171984308,10
near_depth,fwd_micro_300ms,1692166,98,-0.0004543000007516502,-0.0006761204877818595,0.013038547696385417,0.018986716159650148,0.6867194720114079,-0.4666666666666666,0.14365789171984308,10
near_depth,fwd_mid_500ms,1692166,98,-0.0025765327904420598,-0.0022604633476744156,0.07889621559163254,0.07548291472139249,1.045219516003569,-0.35757575757575755,0.14365789171984308,10
near_depth,fwd_micro_500ms,1692166,98,-0.0021333212447300766,-0.0037731055454257234,0.015650097952451057,0.019760372902103928,0.7919940595242896,-0.49090909090909085,0.14365789171984308,10
near_depth,fwd_mid_1s,1692166,98,-0.003884867287804679,-0.0011980530255714425,0.1776010688318114,0.1691855147836532,1.0497415754470447,-0.38181818181818183,0.14365789171984308,10
near_depth,fwd_micro_1s,1692166,98,-0.005221891451413155,-0.0034718853361355977,0.082427657382091,0.07110617116060075,1.1592194606558055,-0.24848484848484845,0.14365789171984308,10
near_depth,fwd_mid_3s,1692166,98,0.004836818127682684,0.0076929839314596625,0.19126957398232608,0.18674912216405642,1.0242060137466056,-0.23636363636363633,0.14365789171984308,10
near_depth,fwd_micro_3s,1692166,98,0.0005216522950377958,0.002366903027754473,0.09640640613810884,0.09380196241128562,1.0277653437078826,-0.07878787878787878,0.14365789171984308,10
near_depth,fwd_mid_5s,1692166,98,-0.0015368742848238914,-0.0005476757007391812,0.2509100549992904,0.22932767148451025,1.0941115538960937,0.2727272727272727,0.14365789171984308,10
near_depth,fwd_micro_5s,1692166,98,-0.006782222633242323,-0.0038660554491143184,0.13516712586266372,0.1150370940768751,1.174987311243593,0.18787878787878787,0.14365789171984308,10
near_depth,fwd_mid_10s,1692166,98,-0.001698340248930002,-0.006098551702309396,0.2718377636514773,0.24621748844405947,1.1040554648222674,0.13939393939393938,0.14365789171984308,10
near_depth,fwd_micro_10s,1692166,98,-0.005831590781903752,-0.013440251920188646,0.11953066861882837,0.10275026205724382,1.163312542718732,0.16363636363636364,0.14365789171984308,10
near_depth,fwd_mid_30s,1692166,98,0.017213904751065715,-0.0014472191789926582,0.3164786855469203,0.28424490198270963,1.1134014483263148,0.12727272727272726,0.14365789171984308,10
near_depth,fwd_micro_30s,1692166,98,0.00794492292755526,-0.00586433646611432,0.14574918484342048,0.12300590275193722,1.1848958593259467,-0.04242424242424241,0.14365789171984308,10
near_depth,fwd_mid_60s,1692166,98,0.0347130905076495,0.006533940426621236,0.39675975224644344,0.2978508237944191,1.3320753899283917,-0.17575757575757575,0.14365789171984308,10
near_depth,fwd_micro_60s,1692166,98,0.02168211623007751,0.0017554236525661518,0.22939199052728607,0.15401700774874602,1.489393891494777,-0.09090909090909088,0.14365789171984308,10
deep_depth,fwd_mid_100ms,1692166,94,-0.00009157035879724298,0.0004085368884545738,0.03172846206574138,0.021904411995101954,1.4484964066981656,0.6606060606060605,0.1774234915487015,10
deep_depth,fwd_micro_100ms,1692166,94,0.00012779097920011308,-0.00034726700743874483,0.03318307564462002,0.01996734152966475,1.6618674847285575,0.5515151515151515,0.1774234915487015,10
deep_depth,fwd_mid_300ms,1692166,94,-0.0009502689577956118,-0.0006784672845012721,0.23764261930089506,0.19793629238697658,1.2006015492918822,0.32121212121212117,0.1774234915487015,10
deep_depth,fwd_micro_300ms,1692166,94,0.00004695174281857617,0.00012963215853479122,0.0834164028798612,0.060874535777221,1.3703004353928112,-0.18787878787878787,0.1774234915487015,10
deep_depth,fwd_mid_500ms,1692166,94,-0.002577267041549965,0.00009229259968163602,0.2433066465744505,0.19947129213135117,1.219757710368838,0.6363636363636362,0.1774234915487015,10
deep_depth,fwd_micro_500ms,1692166,94,-0.0015175761609051907,0.0006121076393774505,0.09839706769512087,0.05788197691449382,1.6999603838769706,0.406060606060606,0.1774234915487015,10
deep_depth,fwd_mid_1s,1692166,94,-0.0001260434929734979,0.0010558520842737604,0.5416391974796829,0.44223478783735015,1.224777453914125,0.12727272727272726,0.1774234915487015,10
deep_depth,fwd_micro_1s,1692166,94,0.0009644072669677676,0.003040434351948388,0.30024019494805115,0.1906030463843953,1.5752119425339461,-0.01818181818181818,0.1774234915487015,10
deep_depth,fwd_mid_3s,1692166,94,0.00650942589938754,0.01371259693236763,0.6065495507679872,0.4921902355126545,1.2323477936050855,-0.05454545454545454,0.1774234915487015,10
deep_depth,fwd_micro_3s,1692166,94,0.008659307595490183,0.013204868660290333,0.35544167761492257,0.25235336553397386,1.4085077758436715,0.006060606060606061,0.1774234915487015,10
deep_depth,fwd_mid_5s,1692166,94,0.0012149554232126875,0.0072733858250622835,0.7618116150286282,0.5400489101216367,1.4106344828231265,0.11515151515151514,0.1774234915487015,10
deep_depth,fwd_micro_5s,1692166,94,0.003969246887006122,0.0071253549835970376,0.512259100853692,0.31683497715259656,1.6168009777751706,0.006060606060606061,0.1774234915487015,10
deep_depth,fwd_mid_10s,1692166,94,0.01395027423653111,0.009896585183394428,0.7771096037878348,0.5367449262446832,1.4478191889485654,-0.43030303030303024,0.1774234915487015,10
deep_depth,fwd_micro_10s,1692166,94,0.015683125534659666,0.008289632588946515,0.5297935460523853,0.32657737950429205,1.6222603869764423,-0.49090909090909085,0.1774234915487015,10
deep_depth,fwd_mid_30s,1692166,94,0.044252655882469585,0.019424305464619773,0.767510149033431,0.5893157040897281,1.3023751848238059,-0.5515151515151515,0.1774234915487015,10
deep_depth,fwd_micro_30s,1692166,94,0.04589084355871029,0.01624973449552688,0.5344063110757283,0.4022918055992786,1.3284046645684067,-0.5393939393939393,0.1774234915487015,10
deep_depth,fwd_mid_60s,1692166,94,0.08300817287536832,0.017706091964532995,0.721548884735249,0.627059960883248,1.15068562776502,-0.5757575757575757,0.1774234915487015,10
deep_depth,fwd_micro_60s,1692166,94,0.08190007936754581,0.015677556501210218,0.4952811107140851,0.45815855870256983,1.081025556123278,-0.6,0.1774234915487015,10
near_deep_ratio,fwd_mid_100ms,1692160,98,-0.0008639826251086687,-0.0036113170262717133,-0.010206072906987955,0.006727062992605697,-1.5171662459837736,-0.4424242424242424,0.1140583632753404,10
near_deep_ratio,fwd_micro_100ms,1692160,98,-0.001442710352706149,-0.00197425408143225,-0.007451861825593808,0.006982748128835002,-1.067181815540735,-0.2606060606060606,0.1140583632753404,10
near_deep_ratio,fwd_mid_300ms,1692160,98,0.0010381102885642667,-0.00001114886259173483,-0.011006299218050379,0.010758344914793818,-1.0230476253754979,-0.6,0.1140583632753404,10
near_deep_ratio,fwd_micro_300ms,1692160,98,-0.0020607753049672684,0.00452029810138825,-0.002010780939125141,0.009368944652902556,-0.21462192526691778,0.24848484848484845,0.1140583632753404,10
near_deep_ratio,fwd_mid_500ms,1692160,98,0.0011863683721679587,-0.004004038831363906,-0.017033553650041916,0.010959374143996147,-1.5542451079994724,-0.8060606060606059,0.1140583632753404,10
near_deep_ratio,fwd_micro_500ms,1692160,98,0.0003794917927664946,-0.00143556207692713,-0.009598626375591062,0.007907868348333099,-1.2138070530238858,-0.6606060606060605,0.1140583632753404,10
near_deep_ratio,fwd_mid_1s,1692160,98,-0.0033894796614508905,-0.0004372239750043711,-0.010473894007934309,0.013863531725126221,-0.7554996962968286,-0.3939393939393939,0.1140583632753404,10
near_deep_ratio,fwd_micro_1s,1692160,98,-0.003354703230889519,0.0039004690933801857,-0.0005209363433952768,0.012012858938649087,-0.04336489307464215,-0.3939393939393939,0.1140583632753404,10
near_deep_ratio,fwd_mid_3s,1692160,98,0.006531671664147242,0.0014628512889269033,-0.011326538704744451,0.01620954690446242,-0.6987572676461612,-0.5515151515151515,0.1140583632753404,10
near_deep_ratio,fwd_micro_3s,1692160,98,0.003316980099836288,0.0007498303856547021,-0.011659282041680149,0.01629380319213553,-0.7155654149123203,-0.5757575757575757,0.1140583632753404,10
near_deep_ratio,fwd_mid_5s,1692160,98,-0.0030274858873847467,0.0010437746808501676,-0.00754400243807713,0.019551583946203828,-0.38585121588278726,-0.38181818181818183,0.1140583632753404,10
near_deep_ratio,fwd_micro_5s,1692160,98,-0.004209254898109116,0.0026046210120518245,-0.003725460396301868,0.019144063009955803,-0.19460134425824108,-0.18787878787878787,0.1140583632753404,10
near_deep_ratio,fwd_mid_10s,1692160,98,-0.000525650754846724,0.01212219981177935,-0.00003998491499011499,0.025823536670263606,-0.0015483903502713683,-0.1515151515151515,0.1140583632753404,10
near_deep_ratio,fwd_micro_10s,1692160,98,-0.0005608352677676476,0.009881494651814333,-0.004892896001453311,0.02579643328979006,-0.18967335315265715,-0.01818181818181818,0.1140583632753404,10
near_deep_ratio,fwd_mid_30s,1692160,98,-0.011757670443137854,0.01993306703815716,0.07022371221650571,0.05831331833810087,1.2042482612522294,0.32121212121212117,0.1140583632753404,10
near_deep_ratio,fwd_micro_30s,1692160,98,-0.016076511828176175,0.021016875648997325,0.07341431624549796,0.05711431088681726,1.285392664388129,0.38181818181818183,0.1140583632753404,10
near_deep_ratio,fwd_mid_60s,1692160,98,-0.020217717106476334,0.07758746203456537,0.16153475742548026,0.09292483708965117,1.738337805958554,0.18787878787878787,0.1140583632753404,10
near_deep_ratio,fwd_micro_60s,1692160,98,-0.028216805440951453,0.08322489605319107,0.17183393921559065,0.09264414666966543,1.8547738350733216,0.32121212121212117,0.1140583632753404,10
dollar_depth,fwd_mid_100ms,1692166,93,0.00036586372707928335,0.0004989268988408433,0.024032477659140444,0.027368156633415717,0.8781182445366997,0.6484848484848483,0.1711315556511595,10
dollar_depth,fwd_micro_100ms,1692166,93,-0.0008863041477105863,0.0003410309321321793,0.03440084486052668,0.024440614639908476,1.4075278125106718,0.41818181818181815,0.1711315556511595,10
dollar_depth,fwd_mid_300ms,1692166,93,-0.0006172136313940004,0.000205659674340596,0.2594601785669911,0.2011567886355856,1.2898405285094683,-0.05454545454545454,0.1711315556511595,10
dollar_depth,fwd_micro_300ms,1692166,93,-0.0009604622730460071,0.00022424869211212152,0.11542582283118817,0.06280492252240905,1.8378467514230876,-0.24848484848484845,0.1711315556511595,10
dollar_depth,fwd_mid_500ms,1692166,93,-0.0018290850506261934,0.0016424833224319769,0.27866916775625794,0.20150231831439774,1.3829576259339071,0.5030303030303029,0.1711315556511595,10
dollar_depth,fwd_micro_500ms,1692166,93,-0.0007525706448924559,0.0014045633582318528,0.10133752020860903,0.0597083386095821,1.697208841653253,0.11515151515151514,0.1711315556511595,10
dollar_depth,fwd_mid_1s,1692166,93,-0.00031157150643353895,0.0018818707283772356,0.5362120068623698,0.4476677651995628,1.1977900768069272,0.18787878787878787,0.1711315556511595,10
dollar_depth,fwd_micro_1s,1692166,93,-0.0007259296224007623,0.002487718863692485,0.28473210520664494,0.19213494690641073,1.4819381366646354,-0.11515151515151514,0.1711315556511595,10
dollar_depth,fwd_mid_3s,1692166,93,0.0045166348281654774,0.013038620471270848,0.6145013655218653,0.49547521441751013,1.2402262467241363,-0.09090909090909088,0.1711315556511595,10
dollar_depth,fwd_micro_3s,1692166,93,0.005166970429465628,0.010625774772214632,0.3339650278464249,0.25146589712795997,1.3280728387455447,-0.05454545454545454,0.1711315556511595,10
dollar_depth,fwd_mid_5s,1692166,93,-0.0038856329079025634,0.005593424057779228,0.8011547849092784,0.5406183914542934,1.4819229193334096,0.12727272727272726,0.1711315556511595,10
dollar_depth,fwd_micro_5s,1692166,93,-0.002344042304390652,0.004039333567755013,0.5102666070902991,0.31078491477678066,1.6418641408537957,0.06666666666666665,0.1711315556511595,10
dollar_depth,fwd_mid_10s,1692166,93,0.0039058685422899897,0.0030033366703534244,0.841720900701182,0.528691709737114,1.5920826545960372,-0.28484848484848485,0.1711315556511595,10
dollar_depth,fwd_micro_10s,1692166,93,0.006263639646200232,0.000519115749053558,0.5567841527302066,0.30240437200129716,1.8411908169363977,-0.2727272727272727,0.1711315556511595,10
dollar_depth,fwd_mid_30s,1692166,93,0.024314069677859405,0.0054292341471987035,0.9463945825804732,0.6042581942399667,1.566208934528135,-0.4666666666666666,0.1711315556511595,10
dollar_depth,fwd_micro_30s,1692166,93,0.026604870935571328,0.0021350551476608678,0.6471827028417818,0.41055800074433146,1.5763490217422524,-0.5515151515151515,0.1711315556511595,10
dollar_depth,fwd_mid_60s,1692166,93,0.060157849742583404,-0.006087631845018451,0.7856602476244476,0.6642511242002614,1.1827759397025623,-0.2727272727272727,0.1711315556511595,10
dollar_depth,fwd_micro_60s,1692166,93,0.06177122654323551,-0.007477481781064943,0.4765962130460464,0.4914980935050047,0.9696806952948912,-0.2727272727272727,0.1711315556511595,10
depth_per_tick,fwd_mid_100ms,1692166,93,0.0006832824261845185,-0.0000548120319416893,0.024250698032465316,0.02738730431561346,0.8854722521427576,0.5515151515151515,0.17263790904674836,10
depth_per_tick,fwd_micro_100ms,1692166,93,-0.000752461096381195,-0.00009692538558529741,0.03419847300264647,0.024466428889685195,1.397771336260038,0.5757575757575757,0.17263790904674836,10
depth_per_tick,fwd_mid_300ms,1692166,93,-0.0008663096207043092,-0.0002541416525204753,0.2621377290499343,0.20123735088295588,1.3026295958467444,-0.05454545454545454,0.17263790904674836,10
depth_per_tick,fwd_micro_300ms,1692166,93,-0.0009960950266012616,0.00033425572611778996,0.1198600396658907,0.06376067509174455,1.879842700746587,-0.10303030303030303,0.17263790904674836,10
depth_per_tick,fwd_mid_500ms,1692166,93,-0.0015750113108742988,0.0009589685204012491,0.2786460316318937,0.20146238254514878,1.3831169278932143,0.23636363636363633,0.17263790904674836,10
depth_per_tick,fwd_micro_500ms,1692166,93,-0.0009148959896741196,0.0011027424082133833,0.10204470269774864,0.05975660902885785,1.7076722450644561,0.1515151515151515,0.17263790904674836,10
depth_per_tick,fwd_mid_1s,1692166,93,-0.00008607385694498433,-0.0005287569438658655,0.5337302945824841,0.4474915726439931,1.1927158570360368,0.07878787878787878,0.17263790904674836,10
depth_per_tick,fwd_micro_1s,1692166,93,-0.000332087950208832,0.00025297588426088664,0.2813423204023269,0.19179087349304644,1.4669223580783535,-0.0303030303030303,0.17263790904674836,10
depth_per_tick,fwd_mid_3s,1692166,93,0.005087490723991449,0.009721253287026272,0.6139400458755061,0.4955236442156689,1.238972252973459,0.10303030303030303,0.17263790904674836,10
depth_per_tick,fwd_micro_3s,1692166,93,0.0058509317406298614,0.007888099112401055,0.33527659297822293,0.2517218484194229,1.3319328261867034,-0.2606060606060606,0.17263790904674836,10
depth_per_tick,fwd_mid_5s,1692166,93,-0.0025736014356569936,0.0006265171536539866,0.8154530649284231,0.5415007467024037,1.5059130941080259,0.3696969696969697,0.17263790904674836,10
depth_per_tick,fwd_micro_5s,1692166,93,-0.0014480489289815366,-0.0010807337468001265,0.5259090720789206,0.3126704204670668,1.681991764022059,-0.04242424242424241,0.17263790904674836,10
depth_per_tick,fwd_mid_10s,1692166,93,0.007002877882079902,0.0026063992664352937,0.8660609084742381,0.5299963316016253,1.6340884961543802,-0.3696969696969697,0.17263790904674836,10
depth_per_tick,fwd_micro_10s,1692166,93,0.009662283455360859,-0.000221913145298563,0.5777003651379166,0.30487902222042,1.8948511476143919,-0.49090909090909085,0.17263790904674836,10
depth_per_tick,fwd_mid_30s,1692166,93,0.030282068419895242,0.005385351489644792,0.9904773882656145,0.605608841617759,1.6355068159503066,-0.5272727272727272,0.17263790904674836,10
depth_per_tick,fwd_micro_30s,1692166,93,0.032587344903244234,0.0014288816033555837,0.6901936980825599,0.412959118820797,1.671336620567685,-0.49090909090909085,0.17263790904674836,10
depth_per_tick,fwd_mid_60s,1692166,93,0.06992482147359913,-0.001676766712151442,0.8544005334888909,0.6738221434547027,1.2679911780701631,-0.41818181818181815,0.17263790904674836,10
depth_per_tick,fwd_micro_60s,1692166,93,0.06892376355848633,-0.003343681753489218,0.5442053588264226,0.5053356067394283,1.0769186884292463,-0.41818181818181815,0.17263790904674836,10
depth_per_bp,fwd_mid_100ms,1692166,93,0.000354206251332251,0.0005128498366608041,0.024111288482514693,0.02736648496722597,0.8810517138532884,0.6484848484848483,0.17112623702402718,10
depth_per_bp,fwd_micro_100ms,1692166,93,-0.0009009957142930694,0.0003488989622971404,0.03438629039924165,0.02443648851331796,1.4071698714199878,0.3696969696969697,0.17112623702402718,10
depth_per_bp,fwd_mid_300ms,1692166,93,-0.0006529565962074878,0.00021856396065988843,0.2594403917304565,0.2011604548098871,1.2897186575544815,-0.05454545454545454,0.17112623702402718,10
depth_per_bp,fwd_micro_300ms,1692166,93,-0.0009995825589149284,0.00024370077478175065,0.11530633869751522,0.06280108264688614,1.836056542939749,-0.2121212121212121,0.17112623702402718,10
depth_per_bp,fwd_mid_500ms,1692166,93,-0.0018084481241623983,0.0017276847858010067,0.27870881666543385,0.20150569665899706,1.383131203169336,0.43030303030303024,0.17112623702402718,10
depth_per_bp,fwd_micro_500ms,1692166,93,-0.0007584126243790355,0.0014809547682731515,0.10112347146657842,0.059685643138978346,1.6942679369494582,0.11515151515151514,0.17112623702402718,10
depth_per_bp,fwd_mid_1s,1692166,93,-0.00017502118306560356,0.001899543916162664,0.5357842518340022,0.4476753342680043,1.1968143223929573,0.11515151515151514,0.17112623702402718,10
depth_per_bp,fwd_micro_1s,1692166,93,-0.0005644871557952922,0.0025043054365100417,0.2840521256042695,0.19213902492559454,1.4783676856602563,-0.16363636363636364,0.17112623702402718,10
depth_per_bp,fwd_mid_3s,1692166,93,0.00467632531512807,0.01296372728900498,0.6138768936684952,0.4954867281312049,1.2389371073243773,-0.05454545454545454,0.17112623702402718,10
depth_per_bp,fwd_micro_3s,1692166,93,0.005296098559474336,0.010612512332398662,0.33332139484869316,0.2514783125736372,1.3254478743612967,-0.05454545454545454,0.17112623702402718,10
depth_per_bp,fwd_mid_5s,1692166,93,-0.003719464110808526,0.005459235849471372,0.8005852379145747,0.5406313146788114,1.4808340104941973,0.12727272727272726,0.17112623702402718,10
depth_per_bp,fwd_micro_5s,1692166,93,-0.002222341467148898,0.003919573053440297,0.5098209896771697,0.3107992216857621,1.6403547824602707,0.06666666666666665,0.17112623702402718,10
depth_per_bp,fwd_mid_10s,1692166,93,0.0038917283221598037,0.002872148151827593,0.8412362145589539,0.5286865275068225,1.5911814861749016,-0.29696969696969694,0.17112623702402718,10
depth_per_bp,fwd_micro_10s,1692166,93,0.006178735934227621,0.00041963762598474873,0.5564747697112302,0.30237909971964494,1.8403215375241664,-0.2727272727272727,0.17112623702402718,10
depth_per_bp,fwd_mid_30s,1692166,93,0.024358478919736432,0.005102787631667489,0.9443124844640265,0.6043191262867477,1.5626056555025416,-0.4666666666666666,0.17112623702402718,10
depth_per_bp,fwd_micro_30s,1692166,93,0.026618919706986946,0.001875594359651609,0.645367159002799,0.41061958863002845,1.571691114776017,-0.5393939393939393,0.17112623702402718,10
depth_per_bp,fwd_mid_60s,1692166,93,0.06013879248855574,-0.00575944737332633,0.782456717037478,0.664671737028116,1.1772077454895298,-0.29696969696969694,0.17112623702402718,10
depth_per_bp,fwd_micro_60s,1692166,93,0.06163741771336298,-0.0070300816421026684,0.47360388250010094,0.49205350528186836,0.9625048443233857,-0.29696969696969694,0.17112623702402718,10
liq_density,fwd_mid_100ms,1692166,96,-0.007638402363908093,0.0011927984825715104,0.04144568079311493,0.013590999499732598,3.049494689035223,0.38181818181818183,0.14177273388071857,10
liq_density,fwd_micro_100ms,1692166,96,-0.004632042271833085,0.00006249048774313632,0.030114211485839783,0.012264200678278618,2.4554565173721996,0.49090909090909085,0.14177273388071857,10
liq_density,fwd_mid_300ms,1692166,96,-0.013779025440033331,0.002880676553483323,0.05908706642781056,0.022093727316568827,2.6743819900184604,0.4787878787878787,0.14177273388071857,10
liq_density,fwd_micro_300ms,1692166,96,-0.00683645464642881,0.003237330793942877,0.030034321488782028,0.02092308845873795,1.435463103260887,0.16363636363636364,0.14177273388071857,10
liq_density,fwd_mid_500ms,1692166,96,-0.013934416118501509,0.0005681939858584238,0.054436502662689394,0.025355438136468744,2.146935989419695,0.22424242424242422,0.14177273388071857,10
liq_density,fwd_micro_500ms,1692166,96,-0.008083108911118004,-0.00007900308806064821,0.02284381462638191,0.01775803371049699,1.286393245941337,0.05454545454545454,0.14177273388071857,10
liq_density,fwd_mid_1s,1692166,96,-0.007384664088266268,-0.003721126816034974,0.04276664701168766,0.034063592149747586,1.2554943361134792,0.3696969696969697,0.14177273388071857,10
liq_density,fwd_micro_1s,1692166,96,0.0001329499880473137,-0.0031858896188156644,0.008396353090200382,0.025670213227844,0.32708544396090233,-0.38181818181818183,0.14177273388071857,10
liq_density,fwd_mid_3s,1692166,96,0.0004618809569540857,0.007905104535279804,0.03648542683401321,0.04784071325285994,0.762643872827964,-0.10303030303030303,0.14177273388071857,10
liq_density,fwd_micro_3s,1692166,96,0.0038182602160324697,0.00702770212272627,0.012636195456182478,0.04374695291931066,0.28884744223190556,-0.38181818181818183,0.14177273388071857,10
liq_density,fwd_mid_5s,1692166,96,-0.007141102149080244,0.0008485872796609472,0.07437753463728745,0.06555521033153436,1.1345785371007993,-0.09090909090909088,0.14177273388071857,10
liq_density,fwd_micro_5s,1692166,96,-0.0019661466761810896,-0.00018967495314914308,0.04369361534364813,0.05794411802792557,0.7540647235771273,-0.32121212121212117,0.14177273388071857,10
liq_density,fwd_mid_10s,1692166,96,0.0020913961330332833,-0.002891695743421614,0.0803785873712116,0.09644070508330906,0.8334508473551453,-0.006060606060606061,0.14177273388071857,10
liq_density,fwd_micro_10s,1692166,96,0.011037558732111746,-0.00573733738761765,0.03164388479883225,0.0924300108833054,0.34235509112709334,-0.34545454545454546,0.14177273388071857,10
liq_density,fwd_mid_30s,1692166,96,0.03525751571532209,0.001013166700014611,-0.055562792439868336,0.19636920730507573,-0.28295063774203133,-0.5030303030303029,0.14177273388071857,10
liq_density,fwd_micro_30s,1692166,96,0.04726955108091016,-0.0034755755669443724,-0.11322551387984159,0.19504063788650564,-0.5805226803335602,-0.6242424242424242,0.14177273388071857,10
liq_density,fwd_mid_60s,1692166,96,0.08932349218964014,-0.03328078291968461,-0.3399199838621982,0.3288497723121045,-1.0336634307886556,-0.5757575757575757,0.14177273388071857,10
liq_density,fwd_micro_60s,1692166,96,0.09866369127394738,-0.03992773123112968,-0.3828539983562545,0.33078553623671686,-1.1574085212791057,-0.5757575757575757,0.14177273388071857,10
micro1,fwd_mid_100ms,1692166,38,-0.002449270719793703,0.001017471221922025,0.0021548678788532623,0.00758108856502431,0.28424254120903447,0.4666666666666666,0.3401315237393967,10
micro1,fwd_micro_100ms,1692166,38,-0.0016581716986250653,0.00007327532128798372,0.011604194949000871,0.012256583447884054,0.9467724018151396,0.4424242424242424,0.3401315237393967,10
micro1,fwd_mid_300ms,1692166,38,-0.0030643120253040566,0.002166581365989745,0.02551180629320739,0.017625390806009243,1.4474462764541558,0.19999999999999998,0.3401315237393967,10
micro1,fwd_micro_300ms,1692166,38,-0.0023846701474629964,0.0010919033692087243,0.020643462749361793,0.020961949813649704,0.9848064198646004,0.309090909090909,0.3401315237393967,10
micro1,fwd_mid_500ms,1692166,38,-0.0033529983512567228,0.00043319044281067926,-11.075781342101337,11.05683992211442,-1.001713095253286,0.35757575757575755,0.3401315237393967,10
micro1,fwd_micro_500ms,1692166,38,-0.00235760906384656,-0.0005465579606583961,-11.390732082830164,11.361060684371626,-1.0026116750260259,0.3696969696969697,0.3401315237393967,10
micro1,fwd_mid_1s,1692166,38,-0.004017811971194982,-0.00036062347620899283,-11.542156992676132,11.530053072803812,-1.0010497713927153,0.2606060606060606,0.3401315237393967,10
micro1,fwd_micro_1s,1692166,38,-0.0003440067374340092,-0.002959576500609666,-11.94312245001302,11.90087195736972,-1.003550201430168,0.28484848484848485,0.3401315237393967,10
micro1,fwd_mid_3s,1692166,38,0.0028216690447557284,0.007328859989317789,-11.613055030233374,11.533751453291526,-1.006875783413836,-0.06666666666666665,0.3401315237393967,10
micro1,fwd_micro_3s,1692166,38,0.007461476961632794,0.0052226163191830925,-12.164610997541022,11.857599022421814,-1.0258915801199444,-0.23636363636363633,0.3401315237393967,10
micro1,fwd_mid_5s,1692166,38,-0.003692276312269271,0.0015614293162956306,-12.88727863972374,11.660591444665645,-1.1051993975502217,0.18787878787878787,0.3401315237393967,10
micro1,fwd_micro_5s,1692166,38,-0.0012597256272769207,-0.0003905050518717256,-12.412814391097692,12.0032575904452,-1.0341204708443903,0.17575757575757575,0.3401315237393967,10
micro1,fwd_mid_10s,1692166,38,-0.007714233707669093,0.004666684556546575,-13.09580246955396,11.670533219286469,-1.1221254610639488,0.35757575757575755,0.3401315237393967,10
micro1,fwd_micro_10s,1692166,38,-0.005184189723158649,0.002353347436281746,-12.606856432775906,11.970520921246834,-1.0531585480461105,0.28484848484848485,0.3401315237393967,10
micro1,fwd_mid_30s,1692166,38,-0.01881145887081478,0.012730381332040795,-14.059353325220714,11.70738555227306,-1.2008960721799244,0.406060606060606,0.3401315237393967,10
micro1,fwd_micro_30s,1692166,38,-0.015558638225063589,0.009540507107935423,-13.631799222663627,12.08449293803332,-1.128040646187189,0.41818181818181815,0.3401315237393967,10
micro1,fwd_mid_60s,1692166,38,-0.03288877503137378,0.01937504412083009,-15.587798954167322,11.840917795635242,-1.3164350283652204,0.406060606060606,0.3401315237393967,10
micro1,fwd_micro_60s,1692166,38,-0.028865583645328437,0.015764281600321867,-15.098396540318088,12.170073171117886,-1.240616743057036,0.406060606060606,0.3401315237393967,10
delta1,fwd_mid_100ms,1692166,98,-0.04893148087310626,0.04404294773245208,0.09900713059156938,0.0071179993728697575,13.909404230763897,0.9757575757575757,0.10345734401944018,10
delta1,fwd_micro_100ms,1692166,98,0.15561791834064204,-0.17178428900155718,-0.34285370985928226,0.023170015996648478,-14.797301387658763,-0.9878787878787878,0.10345734401944018,10
delta1,fwd_mid_300ms,1692166,98,-0.0998982677849752,0.0871831036696616,0.20005530130698237,0.01346875661169282,14.853286541187147,0.9757575757575757,0.10345734401944018,10
delta1,fwd_micro_300ms,1692166,98,0.3287455551041018,-0.3544678462105533,-0.7129843166694533,0.04542527554573235,-15.695762064264184,-0.9878787878787878,0.10345734401944018,10
delta1,fwd_mid_500ms,1692166,98,-0.12082385698381701,0.11586310078101156,0.2517631378468757,0.01696235970104506,14.84245955657717,0.9757575757575757,0.10345734401944018,10
delta1,fwd_micro_500ms,1692166,98,0.40126924945478315,-0.42951977873342495,-0.86740176925299,0.05268798010318288,-16.462991512566834,-0.9999999999999999,0.10345734401944018,10
delta1,fwd_mid_1s,1692166,98,-0.15472433563259805,0.1514411506660604,0.327760924579679,0.020328182668658244,16.123473992833457,0.9757575757575757,0.10345734401944018,10
delta1,fwd_micro_1s,1692166,98,0.46898187162209864,-0.49986008906830753,-1.0129241586507232,0.05970636599904701,-16.965094788500288,-0.9999999999999999,0.10345734401944018,10
delta1,fwd_mid_3s,1692166,98,-0.20945540723465222,0.22317588419038734,0.46154558866432815,0.026459163307952786,17.443695527802355,0.9757575757575757,0.10345734401944018,10
delta1,fwd_micro_3s,1692166,98,0.5625616036827003,-0.5888585110889665,-1.1980719190736917,0.06595867372916246,-18.163978311528503,-0.9999999999999999,0.10345734401944018,10
delta1,fwd_mid_5s,1692166,98,-0.2373644439361759,0.23851318075433922,0.5024415576569848,0.028640877569409348,17.54281294067717,0.9757575757575757,0.10345734401944018,10
delta1,fwd_micro_5s,1692166,98,0.6079290218681039,-0.6450666404361377,-1.3126887259147986,0.07120547069754483,-18.435222926769587,-0.9999999999999999,0.10345734401944018,10
delta1,fwd_mid_10s,1692166,98,-0.2759101733056403,0.2750893187970397,0.5825034102591546,0.03573314978135334,16.301485142603433,0.9999999999999999,0.10345734401944018,10
delta1,fwd_micro_10s,1692166,98,0.6624612237349827,-0.7069905535568037,-1.4352326384736112,0.07425781180303,-19.327699047752553,-0.9999999999999999,0.10345734401944018,10
delta1,fwd_mid_30s,1692166,98,-0.2942751836009348,0.33818005292641323,0.6668803313673162,0.052630654876300954,12.670948764264866,0.9999999999999999,0.10345734401944018,10
delta1,fwd_micro_30s,1692166,98,0.7703748350585201,-0.7641260356206707,-1.6057041795324474,0.08302366046444587,-19.340320223776157,-0.9878787878787878,0.10345734401944018,10
delta1,fwd_mid_60s,1692166,98,-0.3042004162806561,0.4174046888994624,0.7967583362016559,0.07284758080924551,10.93733418942218,0.9636363636363635,0.10345734401944018,10
delta1,fwd_micro_60s,1692166,98,0.8113493860627488,-0.742329966603205,-1.5837914699381086,0.100855976459041,-15.703496466382516,-0.9636363636363635,0.10345734401944018,10
micro2,fwd_mid_100ms,1692166,38,-0.0024424083009535443,0.0010048192139836564,0.0023366039840159165,0.007495280393751359,0.31174337199764923,0.406060606060606,0.3403667252503596,10
micro2,fwd_micro_100ms,1692166,38,-0.001853478993316332,0.00028471971906941866,0.011391381136637744,0.012484313192325423,0.9124555721367559,0.33333333333333326,0.3403667252503596,10
micro2,fwd_mid_300ms,1692166,38,-0.0030861157861740087,0.0021822785236776786,0.026857236225469084,0.01799186511568196,1.49274330664362,0.18787878787878787,0.3403667252503596,10
micro2,fwd_micro_300ms,1692166,38,-0.0027745891464879555,0.0014479950291354778,0.023319519583477267,0.02115983650614042,1.1020652062557348,0.28484848484848485,0.3403667252503596,10
micro2,fwd_mid_500ms,1692166,38,-0.003364152631669086,0.0005563450259029996,-11.076667436419186,11.05681469935775,-1.0017955204641884,0.28484848484848485,0.3403667252503596,10
micro2,fwd_micro_500ms,1692166,38,-0.0027522260037383325,0.0000455177876342585,-11.388804151476304,11.361111779352942,-1.0024374702635783,0.41818181818181815,0.3403667252503596,10
micro2,fwd_mid_1s,1692166,38,-0.0039382107915322566,-0.0001633276546535032,-11.545274981937032,11.529966629727213,-1.00132770134567,0.24848484848484845,0.3403667252503596,10
micro2,fwd_micro_1s,1692166,38,-0.0008061387656489576,-0.002182899260713232,-11.942347151020716,11.900891780700011,-1.0034833835215555,0.28484848484848485,0.3403667252503596,10
micro2,fwd_mid_3s,1692166,38,0.002916227434069739,0.007775584266923438,-11.630270346149077,11.533269075498415,-1.0084105616556482,0.07878787878787878,0.3403667252503596,10
micro2,fwd_micro_3s,1692166,38,0.006850506976222128,0.006488350739564185,-12.049733467158228,11.859613944502968,-1.016030835703837,-0.33333333333333326,0.3403667252503596,10
micro2,fwd_mid_5s,1692166,38,-0.0037682278109400147,0.0018642271282292094,-12.45124622512272,11.64013961808435,-1.0696818623874769,0.32121212121212117,0.3403667252503596,10
micro2,fwd_micro_5s,1692166,38,-0.0021898184401693034,0.0007503931795922006,-12.474039293751877,12.002943119919737,-1.0392483884265287,0.2606060606060606,0.3403667252503596,10
micro2,fwd_mid_10s,1692166,38,-0.007836020705013266,0.005127126261051657,-12.935700584460937,11.660851837242145,-1.109327239983207,0.33333333333333326,0.3403667252503596,10
micro2,fwd_micro_10s,1692166,38,-0.006262759800991749,0.0038920443072507182,-12.834797322694431,11.971504328209257,-1.072112323632623,0.309090909090909,0.3403667252503596,10
micro2,fwd_mid_30s,1692166,38,-0.01812993813702882,0.013564811101337785,-13.829230599750025,11.693101107915325,-1.1826828890061256,0.35757575757575755,0.3403667252503596,10
micro2,fwd_micro_30s,1692166,38,-0.01610990289860583,0.011742116141655483,-13.833971775728868,12.086220271716856,-1.1446069544257729,0.35757575757575755,0.3403667252503596,10
micro2,fwd_mid_60s,1692166,38,-0.03273176959708525,0.01973815720578735,-15.411785477956746,11.831877769879025,-1.302564629022053,0.406060606060606,0.3403667252503596,10
micro2,fwd_micro_60s,1692166,38,-0.02994589742890273,0.017663487381949696,-15.346400100359281,12.170551878767668,-1.2609452926396945,0.406060606060606,0.3403667252503596,10
delta2,fwd_mid_100ms,1692166,98,-0.05277372018288829,0.04735403090127459,0.10977687824807114,0.007896956532732256,13.901162782529537,0.9878787878787878,0.106234849299655,10
delta2,fwd_micro_100ms,1692166,98,0.0686983475978414,-0.07958794102157299,-0.163124701571276,0.013185090130009224,-12.371906446054904,-0.3939393939393939,0.106234849299655,10
delta2,fwd_mid_300ms,1692166,98,-0.10696395921814039,0.09727890539244316,0.22606200130381426,0.014269944283386004,15.841827887654077,0.9757575757575757,0.106234849299655,10
delta2,fwd_micro_300ms,1692166,98,0.15427944981601313,-0.170669428861149,-0.3578555085941008,0.027055560928910892,-13.226689682552669,-0.4787878787878787,0.106234849299655,10
delta2,fwd_mid_500ms,1692166,98,-0.13296063930905305,0.1249371938382996,0.28342359494906366,0.01873448926487284,15.128439902574916,0.9757575757575757,0.106234849299655,10
delta2,fwd_micro_500ms,1692166,98,0.18707146801502972,-0.20888226665079662,-0.4350615700325482,0.030698549397244004,-14.172056288483986,-0.6,0.106234849299655,10
delta2,fwd_mid_1s,1692166,98,-0.16295004513807246,0.1629575179081065,0.36419707838282733,0.023775309087647068,15.318289955357642,0.9757575757575757,0.106234849299655,10
delta2,fwd_micro_1s,1692166,98,0.22182229804583373,-0.23792071793120198,-0.505583502717079,0.033740269358858856,-14.984572213687228,-0.6,0.106234849299655,10
delta2,fwd_mid_3s,1692166,98,-0.21970482278640235,0.24280940039413812,0.5149809764137272,0.031940443151558265,16.12316316245609,0.9999999999999999,0.106234849299655,10
delta2,fwd_micro_3s,1692166,98,0.2606423582934817,-0.26056038081950744,-0.5616808115638775,0.03602967042978094,-15.589396318752076,-0.6242424242424242,0.106234849299655,10
delta2,fwd_mid_5s,1692166,98,-0.2464972590505997,0.26941206071785534,0.5745417343524623,0.03701228770385013,15.522999792652556,0.9999999999999999,0.106234849299655,10
delta2,fwd_micro_5s,1692166,98,0.2812977516568807,-0.2818461449925615,-0.6132772033323622,0.04205627923966694,-14.582298159032744,-0.5030303030303029,0.106234849299655,10
delta2,fwd_mid_10s,1692166,98,-0.2831655954135165,0.3194601695742883,0.6675866162148418,0.04393560102931541,15.194662200464814,0.9999999999999999,0.106234849299655,10
delta2,fwd_micro_10s,1692166,98,0.30489865073649847,-0.2920533053244142,-0.6502658038849751,0.043963126108154005,-14.791163901430748,-0.4666666666666666,0.106234849299655,10
delta2,fwd_mid_30s,1692166,98,-0.326278132215607,0.36559643035078354,0.7510793521467198,0.06387562809085885,11.758465233067598,0.9999999999999999,0.106234849299655,10
delta2,fwd_micro_30s,1692166,98,0.34752278983185686,-0.3276917527254239,-0.7435065118417149,0.06306339977298797,-11.789826024574431,-0.38181818181818183,0.106234849299655,10
delta2,fwd_mid_60s,1692166,98,-0.3387749054601055,0.44315227653247247,0.8566005592577647,0.09265741883876046,9.24481352916159,0.9999999999999999,0.106234849299655,10
delta2,fwd_micro_60s,1692166,98,0.37756073370517423,-0.29843549252306534,-0.7296407627966559,0.09457374119297453,-7.71504599049168,-0.309090909090909,0.106234849299655,10
micro3,fwd_mid_100ms,1692166,37,-0.0022937027844054025,0.0009932444357617345,0.00149383993769912,0.0074593511635788964,0.20026405848714537,0.5030303030303029,0.3404648243730225,10
micro3,fwd_micro_100ms,1692166,37,-0.001891819771494698,0.0003572158264610531,0.010100953329552177,0.012995796217232701,0.7772477469412838,0.29696969696969694,0.3404648243730225,10
micro3,fwd_mid_300ms,1692166,37,-0.0028617830714276244,0.0021614163490158446,0.030024525153002593,0.017015323625663492,1.7645579839408916,0.2121212121212121,0.3404648243730225,10
micro3,fwd_micro_300ms,1692166,37,-0.002789103236654504,0.001567208007498839,0.021666490303415695,0.02213441046118489,0.9788600578005119,0.41818181818181815,0.3404648243730225,10
micro3,fwd_mid_500ms,1692166,37,-0.0032145988943667876,0.0005462526051267233,-11.36992686492683,11.355798771740853,-1.001244130287086,0.2727272727272727,0.3404648243730225,10
micro3,fwd_micro_500ms,1692166,37,-0.002992664166396468,0.00021109951606499376,-11.691734050889275,11.668280985353347,-1.0020099846383,0.406060606060606,0.3404648243730225,10
micro3,fwd_mid_1s,1692166,37,-0.003796204811784438,-0.0002933660312363627,-11.859528835683134,11.84151247698115,-1.0015214575618618,0.28484848484848485,0.3404648243730225,10
micro3,fwd_micro_1s,1692166,37,-0.001100402456717892,-0.002074710968952751,-12.260873360373415,12.222621853933537,-1.003129566380847,0.28484848484848485,0.3404648243730225,10
micro3,fwd_mid_3s,1692166,37,0.0032132061654087983,0.007562314784540173,-11.953919619229577,11.844650362299243,-1.0092251990213346,0.05454545454545454,0.3404648243730225,10
micro3,fwd_micro_3s,1692166,37,0.006527855676504917,0.006557669270684487,-12.313681959763965,12.181573413025854,-1.0108449493557907,-0.24848484848484845,0.3404648243730225,10
micro3,fwd_mid_5s,1692166,37,-0.003284625279093338,0.0018897465193804205,-12.132061022536352,11.954233069000182,-1.014875730840259,0.2121212121212121,0.3404648243730225,10
micro3,fwd_micro_5s,1692166,37,-0.00233746798027938,0.0010658574215252317,-12.525287715613654,12.33162954936159,-1.0157041829286941,0.23636363636363633,0.3404648243730225,10
micro3,fwd_mid_10s,1692166,37,-0.00699254844945865,0.005186233201273745,-12.326725395934542,11.96362049212686,-1.0303507541088115,0.24848484848484845,0.3404648243730225,10
micro3,fwd_micro_10s,1692166,37,-0.006207142872172085,0.00422133194088363,-12.676737759747992,12.298433156756465,-1.0307603902196025,0.33333333333333326,0.3404648243730225,10
micro3,fwd_mid_30s,1692166,37,-0.01722877968509668,0.01325847657865241,-13.205779130867706,11.996449345181118,-1.1008073098039102,0.35757575757575755,0.3404648243730225,10
micro3,fwd_micro_30s,1692166,37,-0.016053361855166225,0.011719713344258538,-13.654266963726496,12.416060742868599,-1.0997261729384729,0.35757575757575755,0.3404648243730225,10
micro3,fwd_mid_60s,1692166,37,-0.03264174917487785,0.019464109714529425,-14.805618965817876,12.140599153728557,-1.2195130387177682,0.406060606060606,0.3404648243730225,10
micro3,fwd_micro_60s,1692166,37,-0.03046000920931329,0.017716793750517094,-15.20161607393684,12.502924032405538,-1.2158448723304032,0.406060606060606,0.3404648243730225,10
delta3,fwd_mid_100ms,1692166,98,-0.049685943755925374,0.04402876179296447,0.10763846934354698,0.008376622771653117,12.849864710131223,0.9757575757575757,0.10899462582276206,10
delta3,fwd_micro_100ms,1692166,98,0.036709087819614884,-0.04558210502165972,-0.09675615330538961,0.009531016282698096,-10.151714196631223,-0.12727272727272726,0.10899462582276206,10
delta3,fwd_mid_300ms,1692166,98,-0.10356582155061259,0.09219443117893915,0.22851673795623098,0.015886935021367628,14.38394112198988,0.9757575757575757,0.10899462582276206,10
delta3,fwd_micro_300ms,1692166,98,0.08989000573748915,-0.101170419757233,-0.2204691313835539,0.02062399241430816,-10.689934662243212,-0.2121212121212121,0.10899462582276206,10
delta3,fwd_mid_500ms,1692166,98,-0.1288986298134628,0.12239165691809599,0.2900688594038014,0.019979553198443325,14.5182855954157,0.9757575757575757,0.10899462582276206,10
delta3,fwd_micro_500ms,1692166,98,0.10784563740174653,-0.12235823231011977,-0.26653452716621373,0.02325229069470225,-11.462721271884854,-0.2121212121212121,0.10899462582276206,10
delta3,fwd_mid_1s,1692166,98,-0.15402112879136878,0.16115466979072202,0.37250622747885354,0.02621315536636531,14.210659581899272,0.9757575757575757,0.10899462582276206,10
delta3,fwd_micro_1s,1692166,98,0.1326779895441281,-0.13344219067607768,-0.3066084381354175,0.02481178833851017,-12.3573695677362,-0.2121212121212121,0.10899462582276206,10
delta3,fwd_mid_3s,1692166,98,-0.20595761129912873,0.23552330208957817,0.5152286720368576,0.03481596448138099,14.798632745400276,0.9878787878787878,0.10899462582276206,10
delta3,fwd_micro_3s,1692166,98,0.15253257745512405,-0.1378848205306115,-0.3225863843289595,0.027159161441269664,-11.87762681946335,-0.12727272727272726,0.10899462582276206,10
delta3,fwd_mid_5s,1692166,98,-0.2354383866086446,0.26183036021414535,0.5794923026573786,0.042310323779226784,13.69623890568981,0.9878787878787878,0.10899462582276206,10
delta3,fwd_micro_5s,1692166,98,0.1587063344602111,-0.14487451683371436,-0.3416640910543286,0.03484579804489399,-9.80502988090965,-0.12727272727272726,0.10899462582276206,10
delta3,fwd_mid_10s,1692166,98,-0.2725413992362037,0.30919875412961584,0.6713181355297949,0.04824123026312819,13.915858527407785,0.9878787878787878,0.10899462582276206,10
delta3,fwd_micro_10s,1692166,98,0.16634147562072682,-0.1464755868087057,-0.3541572489932184,0.039525903114082245,-8.960130473705473,-0.10303030303030303,0.10899462582276206,10
delta3,fwd_mid_30s,1692166,98,-0.3342622221570472,0.3768988904844966,0.8115312733899281,0.0729417134620397,11.125750066349413,0.9878787878787878,0.10899462582276206,10
delta3,fwd_micro_30s,1692166,98,0.1789503314599958,-0.14864847845971138,-0.3657380047417552,0.06842678481326345,-5.344953818009329,-0.10303030303030303,0.10899462582276206,10
delta3,fwd_mid_60s,1692166,98,-0.3401104112682899,0.4512572863063665,0.894341424716472,0.10606325644772846,8.432151290369191,0.9999999999999999,0.10899462582276206,10
delta3,fwd_micro_60s,1692166,98,0.20875540235658338,-0.11253223723151916,-0.36011031172167546,0.10320050603608996,-3.4894238948377083,-0.006060606060606061,0.10899462582276206,10
micro5,fwd_mid_100ms,1692166,37,-0.0022415880777329703,0.001026028589655094,0.0013905268999470529,0.007602191776084951,0.18291131569732114,0.4545454545454545,0.340429366858807,10
micro5,fwd_micro_100ms,1692166,37,-0.001856187203842706,0.00042152126085041815,0.011063731406645586,0.012883679281041827,0.8587400512930905,0.309090909090909,0.340429366858807,10
micro5,fwd_mid_300ms,1692166,37,-0.0026240551154679175,0.0018652087502007975,0.030186086922924626,0.01730209678079095,1.7446490622129498,0.309090909090909,0.340429366858807,10
micro5,fwd_micro_300ms,1692166,37,-0.0027631992531741505,0.001503264588442844,0.024457466294085187,0.02174604771212633,1.1246855804720266,0.5030303030303029,0.340429366858807,10
micro5,fwd_mid_500ms,1692166,37,-0.002840299200758146,0.0003195462177383641,-11.366999301769539,11.355879978869972,-1.0009791687584104,0.34545454545454546,0.340429366858807,10
micro5,fwd_micro_500ms,1692166,37,-0.0030731203601592136,0.00024327467988013142,-11.68553043332907,11.668452008822845,-1.0014636409776816,0.49090909090909085,0.340429366858807,10
micro5,fwd_mid_1s,1692166,37,-0.003387135284814746,-0.00028065504306074186,-11.854837072506255,11.841646631916438,-1.0011139025677616,0.2606060606060606,0.340429366858807,10
micro5,fwd_micro_1s,1692166,37,-0.0012869553144847635,-0.0018648899644423907,-12.252610477652064,12.222852892266298,-1.0024345859062571,0.22424242424242422,0.340429366858807,10
micro5,fwd_mid_3s,1692166,37,0.003484504092913598,0.007402547276323119,-11.94672030426645,11.844846456470126,-1.0086006896054507,-0.04242424242424241,0.340429366858807,10
micro5,fwd_micro_3s,1692166,37,0.006091189619736486,0.006617401495523363,-12.30300833858783,12.181858786608025,-1.009945079326727,-0.10303030303030303,0.340429366858807,10
micro5,fwd_mid_5s,1692166,37,-0.002986462194753631,0.0016114707336698688,-12.124206504882334,11.954438454058884,-1.0142012568366028,0.19999999999999998,0.340429366858807,10
micro5,fwd_micro_5s,1692166,37,-0.0028768336915778463,0.0012165115066635544,-12.51098131750197,12.332008404182924,-1.0145128763663784,0.13939393939393938,0.340429366858807,10
micro5,fwd_mid_10s,1692166,37,-0.0067503829665542915,0.004923473978857366,-12.31610888245538,11.963880846191536,-1.0294409515434089,0.28484848484848485,0.340429366858807,10
micro5,fwd_micro_10s,1692166,37,-0.006647330232246384,0.004475408958968672,-12.659622373169855,12.298865378389609,-1.0293325427737532,0.2727272727272727,0.340429366858807,10
micro5,fwd_mid_30s,1692166,37,-0.017296595663995742,0.012994433578440968,-13.198217660253516,11.996608632769632,-1.1001623929117432,0.35757575757575755,0.340429366858807,10
micro5,fwd_micro_30s,1692166,37,-0.016913820042167748,0.01196749108153525,-13.637726730444939,12.416448381711248,-1.0983597169809498,0.35757575757575755,0.340429366858807,10
micro5,fwd_mid_60s,1692166,37,-0.0316774906527348,0.019844010511320676,-14.800205614313546,12.141031954338846,-1.2190236933710061,0.406060606060606,0.340429366858807,10
micro5,fwd_micro_60s,1692166,37,-0.030366481753755354,0.01852277298157547,-15.186804556739435,12.50357745666235,-1.2145967511599942,0.406060606060606,0.340429366858807,10
delta5,fwd_mid_100ms,1692166,98,-0.04486347671761682,0.03492496166672563,0.10066427430484821,0.008434945011622699,11.934194492808272,0.9999999999999999,0.11244464195593104,10
delta5,fwd_micro_100ms,1692166,98,0.015615656377695212,-0.024825773481739744,-0.05084150099544788,0.006467982880588401,-7.860487872970801,0.05454545454545454,0.11244464195593104,10
delta5,fwd_mid_300ms,1692166,98,-0.09382832268759214,0.07804522863729348,0.22190494498741897,0.016288195947913548,13.623666224118828,0.9757575757575757,0.11244464195593104,10
delta5,fwd_micro_300ms,1692166,98,0.04216306938009173,-0.052888633029722666,-0.10946564606249568,0.015664908419338635,-6.9879531454750285,-0.0303030303030303,0.11244464195593104,10
delta5,fwd_mid_500ms,1692166,98,-0.11748465107927442,0.10325512913658166,0.2842481712680979,0.020800337764932085,13.665555553973766,0.9757575757575757,0.11244464195593104,10
delta5,fwd_micro_500ms,1692166,98,0.048053128113439474,-0.06154113780101018,-0.12326320254404154,0.017313421675922307,-7.119517149834286,-0.05454545454545454,0.11244464195593104,10
delta5,fwd_mid_1s,1692166,98,-0.1422210767317333,0.1344582703582263,0.36119629397900854,0.028972447839360666,12.466889093447723,0.9878787878787878,0.11244464195593104,10
delta5,fwd_micro_1s,1692166,98,0.06043039742160674,-0.06223776110838556,-0.13848940753894945,0.020770139470070784,-6.667716783438502,-0.05454545454545454,0.11244464195593104,10
delta5,fwd_mid_3s,1692166,98,-0.18761182590429282,0.19638520154300146,0.49132630776328406,0.03956341560116113,12.418702993602613,0.9999999999999999,0.11244464195593104,10
delta5,fwd_micro_3s,1692166,98,0.06097351957994996,-0.05596512686583327,-0.12281913220613305,0.02391039531555726,-5.1366416399740995,0.05454545454545454,0.11244464195593104,10
delta5,fwd_mid_5s,1692166,98,-0.2164391854850881,0.22656623890203623,0.5653224686762169,0.04721574368886952,11.973177260564555,0.9878787878787878,0.11244464195593104,10
delta5,fwd_micro_5s,1692166,98,0.05441440634628951,-0.04929533057929176,-0.10840919414969849,0.031083084288843762,-3.4877231983252175,0.11515151515151514,0.11244464195593104,10
delta5,fwd_mid_10s,1692166,98,-0.27369849171555793,0.2758553155144393,0.6847825253391263,0.05739996598240432,11.930016222466804,0.9878787878787878,0.11244464195593104,10
delta5,fwd_micro_10s,1692166,98,0.03279458676611201,-0.03525622182547651,-0.07484006181302894,0.041884687320368826,-1.7868119974393046,0.43030303030303024,0.11244464195593104,10
delta5,fwd_mid_30s,1692166,98,-0.3388689045519968,0.3708762238986577,0.8493879854153603,0.08671665487477624,9.794980983087097,0.9757575757575757,0.11244464195593104,10
delta5,fwd_micro_30s,1692166,98,0.024814373722005883,0.016846974417608847,-0.01706198474844912,0.07372586278879834,-0.23142468738991093,0.6121212121212121,0.11244464195593104,10
delta5,fwd_mid_60s,1692166,98,-0.35147167002660024,0.4749862928133831,0.9626554708279395,0.12352181826861759,7.793404309629688,0.9878787878787878,0.11244464195593104,10
delta5,fwd_micro_60s,1692166,98,0.046824465787005054,0.0881130910269249,0.01891947940286558,0.11560164177608159,0.1636609922851467,0.6727272727272726,0.11244464195593104,10
micro10,fwd_mid_100ms,1692166,37,-0.002152751579783965,0.0009576554695917027,0.0011727383948684882,0.007584017812465359,0.15463286398680842,0.6,0.3404778254615682,10
micro10,fwd_micro_100ms,1692166,37,-0.0018523014173895279,0.00047746716543296987,0.013551861621509774,0.01282456241718894,1.0567114245820992,0.2121212121212121,0.3404778254615682,10
micro10,fwd_mid_300ms,1692166,37,-0.002547029118088885,0.001588566926968934,0.02916944307698558,0.017148757739376016,1.7009653713871262,0.32121212121212117,0.3404778254615682,10
micro10,fwd_micro_300ms,1692166,37,-0.0028825348816066874,0.00166250991941646,0.026436553413465316,0.021658560008473254,1.2206053127780803,0.5636363636363636,0.3404778254615682,10
micro10,fwd_mid_500ms,1692166,37,-0.0027170284498564254,-0.00011221750428999895,-11.365650236605115,11.355917920942202,-1.0008570258899956,0.38181818181818183,0.3404778254615682,10
micro10,fwd_micro_500ms,1692166,37,-0.003132936213266007,0.00035785725201966187,-11.680007140090723,11.668605910159268,-1.0009770858677751,0.49090909090909085,0.3404778254615682,10
micro10,fwd_mid_1s,1692166,37,-0.0031240839077827697,-0.0008069855092341876,-11.853549574519318,11.84168352588269,-1.0010020575715177,0.29696969696969694,0.3404778254615682,10
micro10,fwd_micro_1s,1692166,37,-0.001212502798854031,-0.0019237332646078688,-12.248648236507194,12.222964646599127,-1.0021012569904808,0.24848484848484845,0.3404778254615682,10
micro10,fwd_mid_3s,1692166,37,0.004109058138919345,0.006868128328990745,-11.946062166638725,11.84486284332588,-1.0085437311222112,-0.0303030303030303,0.3404778254615682,10
micro10,fwd_micro_3s,1692166,37,0.006215846767444516,0.006532628711204426,-12.299665830293572,12.181947251487331,-1.0096633630384393,-0.17575757575757575,0.3404778254615682,10
micro10,fwd_mid_5s,1692166,37,-0.002330770689205865,0.0011158316827269464,-12.128231365971347,11.954329828644756,-1.0145471590477528,0.17575757575757575,0.3404778254615682,10
micro10,fwd_micro_5s,1692166,37,-0.002650697271365606,0.0013319594250663766,-12.511716895509116,12.331987564553843,-1.0145742387441157,0.22424242424242422,0.3404778254615682,10
micro10,fwd_mid_10s,1692166,37,-0.005992118342570957,0.004199575282372583,-12.326117617564858,11.963629733214454,-1.0302991560616452,0.3939393939393939,0.3404778254615682,10
micro10,fwd_micro_10s,1692166,37,-0.006518323754040201,0.0044193594526359715,-12.666287162572592,12.298697202028468,-1.029888528394983,0.33333333333333326,0.3404778254615682,10
micro10,fwd_mid_30s,1692166,37,-0.01676392465165259,0.012304480723470753,-13.218962867340519,11.996278770810067,-1.1019219476214197,0.406060606060606,0.3404778254615682,10
micro10,fwd_micro_30s,1692166,37,-0.01693301792213284,0.01194708556111897,-13.657598246194695,12.416140114371872,-1.0999874454046967,0.43030303030303024,0.3404778254615682,10
micro10,fwd_mid_60s,1692166,37,-0.03144288358269049,0.018668969335177206,-14.809836181373148,12.14111165587991,-1.2198089105128014,0.406060606060606,0.3404778254615682,10
micro10,fwd_micro_60s,1692166,37,-0.030928516606599777,0.018129842858512997,-15.192340087786748,12.503750556419677,-1.215022646144096,0.406060606060606,0.3404778254615682,10
delta10,fwd_mid_100ms,1692166,98,-0.033213427994742764,0.026029050153994444,0.08703263803751178,0.00998891289518259,8.712923913821044,0.9999999999999999,0.11993031416539512,10
delta10,fwd_micro_100ms,1692166,98,0.0033070482851060468,-0.008178581281558748,-0.017722184304955903,0.006249003638364768,-2.8360015981033135,0.4424242424242424,0.11993031416539512,10
delta10,fwd_mid_300ms,1692166,98,-0.06779291816875749,0.059833879214320485,0.18993242249962422,0.01999326560227697,9.499819903257496,0.9999999999999999,0.11993031416539512,10
delta10,fwd_micro_300ms,1692166,98,0.009928365683887556,-0.013786285603373345,-0.034789897324807396,0.013777887305536463,-2.5250531197789323,0.4787878787878787,0.11993031416539512,10
delta10,fwd_mid_500ms,1692166,98,-0.08174477600032891,0.0777451693935104,0.23716433365219006,0.023263992165005437,10.194481324187405,0.9999999999999999,0.11993031416539512,10
delta10,fwd_micro_500ms,1692166,98,0.012268708928913422,-0.013826289147604847,-0.028917094515197844,0.015026256190609173,-1.9244377407374371,0.4787878787878787,0.11993031416539512,10
delta10,fwd_mid_1s,1692166,98,-0.10039968084797772,0.10624389941039619,0.3217620582584215,0.03186326546871888,10.098213523479098,0.9999999999999999,0.11993031416539512,10
delta10,fwd_micro_1s,1692166,98,0.012525616607304639,-0.0053213533844938075,-0.0070944411879068255,0.018958700621393747,-0.37420503280172995,0.5393939393939393,0.11993031416539512,10
delta10,fwd_mid_3s,1692166,98,-0.12629919995790387,0.1545437928717109,0.4205153251107556,0.040143528745814665,10.475295477221799,0.9999999999999999,0.11993031416539512,10
delta10,fwd_micro_3s,1692166,98,0.014990483421479402,0.008594023936373192,0.00664654006388317,0.022247192244138063,0.29875860247643043,0.5393939393939393,0.11993031416539512,10
delta10,fwd_mid_5s,1692166,98,-0.1512852557945836,0.17742839875694164,0.49455246351929727,0.049753609884790245,9.940031781904587,0.9999999999999999,0.11993031416539512,10
delta10,fwd_micro_5s,1692166,98,0.0038671447437705134,0.016127612187390117,0.038942842090944736,0.031412439609182115,1.2397267635195524,0.6969696969696969,0.11993031416539512,10
delta10,fwd_mid_10s,1692166,98,-0.1818538475953993,0.22950797212817328,0.6068239981895045,0.06253498614971144,9.703752020296955,0.9999999999999999,0.11993031416539512,10
delta10,fwd_micro_10s,1692166,98,-0.004703162954414926,0.04730359506793888,0.09043373588268513,0.04249159347358628,2.1282735828417625,0.8181818181818182,0.11993031416539512,10
delta10,fwd_mid_30s,1692166,98,-0.21818742663183924,0.3110017542140904,0.7117663793352086,0.09053105399654698,7.862124076920132,0.9757575757575757,0.11993031416539512,10
delta10,fwd_micro_30s,1692166,98,-0.000185985192333009,0.0995884389271285,0.11248547623585006,0.07887010362663531,1.4262118478802464,0.7454545454545454,0.11993031416539512,10
delta10,fwd_mid_60s,1692166,98,-0.20395474378228823,0.3913755690939262,0.7332186320642712,0.1551608083056946,4.725540167460968,0.9515151515151514,0.11993031416539512,10
delta10,fwd_micro_60s,1692166,98,0.03487947404951863,0.15704180233351597,0.08195364079429569,0.15229815776737288,0.5381131459218004,0.6848484848484848,0.11993031416539512,10
micro_dw,fwd_mid_100ms,1692166,37,-0.0022976801568241998,0.0010641673962081695,0.0011414236689337293,0.007584251645601364,0.15049918202486337,0.4545454545454545,0.34047546162728715,10
micro_dw,fwd_micro_100ms,1692166,37,-0.0018670971553212436,0.0004308035969921398,0.013052344665042641,0.012799193842369636,1.0197786537020004,0.2727272727272727,0.34047546162728715,10
micro_dw,fwd_mid_300ms,1692166,37,-0.002719075223773468,0.0019762358245721777,0.02999819514351728,0.017108601867898202,1.7533984001231873,0.28484848484848485,0.34047546162728715,10
micro_dw,fwd_micro_300ms,1692166,37,-0.0027515340910979407,0.0016745728831252084,0.02558261336144807,0.021655136241749064,1.1813646922307144,0.5515151515151515,0.34047546162728715,10
micro_dw,fwd_mid_500ms,1692166,37,-0.00292766744050283,0.00031488860648265103,-11.36739708766336,11.355869953038045,-1.0010150815985903,0.309090909090909,0.34047546162728715,10
micro_dw,fwd_micro_500ms,1692166,37,-0.002947472532670135,0.00047955064208990276,-11.684279521281576,11.668487780074251,-1.0013533665634284,0.4424242424242424,0.34047546162728715,10
micro_dw,fwd_mid_1s,1692166,37,-0.003509252435023035,-0.0003083808865443149,-11.855788024609609,11.841621159441312,-1.001196361965777,0.29696969696969694,0.34047546162728715,10
micro_dw,fwd_micro_1s,1692166,37,-0.0011207310755446146,-0.0017650680650014305,-12.254678755549955,12.22279728677029,-1.0026083610839374,0.2727272727272727,0.34047546162728715,10
micro_dw,fwd_mid_3s,1692166,37,0.0034690245887593445,0.007458811615481964,-11.947543213369528,11.844822629658994,-1.0086721926467117,-0.22424242424242422,0.34047546162728715,10
micro_dw,fwd_micro_3s,1692166,37,0.00643992025659437,0.00672408984092709,-12.303613882736858,12.181839491236877,-1.0099963877858988,-0.29696969696969694,0.34047546162728715,10
micro_dw,fwd_mid_5s,1692166,37,-0.003043877897275972,0.0018671003916129756,-12.127911115151901,11.954340193310873,-1.0145194899119694,0.1515151515151515,0.34047546162728715,10
micro_dw,fwd_micro_5s,1692166,37,-0.002431315441607412,0.0015159464431844921,-12.5150375093515,12.331899073848648,-1.0148507893558114,0.16363636363636364,0.34047546162728715,10
micro_dw,fwd_mid_10s,1692166,37,-0.006980067490305636,0.005197495422180977,-12.324560331415881,11.963676257513642,-1.030164981577096,0.28484848484848485,0.34047546162728715,10
micro_dw,fwd_micro_10s,1692166,37,-0.006445996527329888,0.004766894374539921,-12.668368635736265,12.298644989630498,-1.0300621447661507,0.32121212121212117,0.34047546162728715,10
micro_dw,fwd_mid_30s,1692166,37,-0.01795435291877418,0.013065498315435074,-13.219121200495778,11.99627885898936,-1.101935138044085,0.35757575757575755,0.34047546162728715,10
micro_dw,fwd_micro_30s,1692166,37,-0.016870229257640458,0.01210154277629594,-13.664722488766545,12.41595876719094,-1.1005773090093898,0.406060606060606,0.34047546162728715,10
micro_dw,fwd_mid_60s,1692166,37,-0.032306106433950724,0.01975165214799741,-14.806102396386281,12.141258960502318,-1.2194865824502363,0.406060606060606,0.34047546162728715,10
micro_dw,fwd_micro_60s,1692166,37,-0.030557777146623586,0.01846120664177041,-15.196427120732379,12.503687809060585,-1.2153556097042464,0.406060606060606,0.34047546162728715,10
micro_ew,fwd_mid_100ms,1692166,37,-0.0023257477865200886,0.0010038304599261341,0.0014009696588888774,0.007638648810174495,0.18340542859135242,0.4545454545454545,0.3403809082560458,10
micro_ew,fwd_micro_100ms,1692166,37,-0.0018962884704177001,0.0003485346919628894,0.012014336893230265,0.01265481022078633,0.9493889425142032,0.32121212121212117,0.3403809082560458,10
micro_ew,fwd_mid_300ms,1692166,37,-0.002742386975817217,0.0020061160166219153,0.030074479520653064,0.01708530947180489,1.7602537179840734,0.28484848484848485,0.3403809082560458,10
micro_ew,fwd_micro_300ms,1692166,37,-0.002720288085483174,0.0015940732614353902,0.02370980317601839,0.021782399810853986,1.088484436145736,0.4424242424242424,0.3403809082560458,10
micro_ew,fwd_mid_500ms,1692166,37,-0.002986090741167508,0.00046766551161829637,-11.369179039687918,11.355820022186935,-1.0011764027146328,0.34545454545454546,0.3403809082560458,10
micro_ew,fwd_micro_500ms,1692166,37,-0.0029389054997587577,0.0003737355115256473,-11.688791747321641,11.668362705154063,-1.0017508062342417,0.406060606060606,0.3403809082560458,10
micro_ew,fwd_mid_1s,1692166,37,-0.003563195119837175,-0.00015422950810819382,-11.858563740788991,11.841542646293895,-1.0014374051594048,0.33333333333333326,0.3403809082560458,10
micro_ew,fwd_micro_1s,1692166,37,-0.001056339444391526,-0.0018244703129440113,-12.259325870201875,12.222667456217488,-1.0029992155244098,0.2727272727272727,0.3403809082560458,10
micro_ew,fwd_mid_3s,1692166,37,0.0032619203057050084,0.007522809963357598,-11.948668289282178,11.844792887674599,-1.0087697102509634,-0.22424242424242422,0.3403809082560458,10
micro_ew,fwd_micro_3s,1692166,37,0.006403443381613227,0.006556492811202547,-12.307263656085352,12.181741062993263,-1.0103041586948036,-0.23636363636363633,0.3403809082560458,10
micro_ew,fwd_mid_5s,1692166,37,-0.0033384538572588957,0.0019792253430581516,-12.127515857876407,11.954352065011223,-1.0144854185256942,0.17575757575757575,0.3403809082560458,10
micro_ew,fwd_micro_5s,1692166,37,-0.0026203238641801224,0.0013998043843831934,-12.51703886775304,12.33184643184011,-1.01501741340492,0.2606060606060606,0.3403809082560458,10
micro_ew,fwd_mid_10s,1692166,37,-0.007440879952610838,0.005377681810957392,-12.315330558363478,11.963902470183253,-1.0293740348566083,0.29696969696969694,0.3403809082560458,10
micro_ew,fwd_micro_10s,1692166,37,-0.006694793627786384,0.004631619328773313,-12.66190231821297,12.298798061063303,-1.029523556313947,0.309090909090909,0.3403809082560458,10
micro_ew,fwd_mid_30s,1692166,37,-0.01798544111874912,0.013387759568471765,-13.193861100049771,11.996608945938446,-1.0997992148870257,0.406060606060606,0.3403809082560458,10
micro_ew,fwd_micro_30s,1692166,37,-0.016643083597327565,0.012018985242629046,-13.641357287524967,12.416238951756489,-1.098670647410113,0.41818181818181815,0.3403809082560458,10
micro_ew,fwd_mid_60s,1692166,37,-0.0324916617881485,0.020002108016819075,-14.793858603330179,12.141075950388801,-1.2184965042456906,0.406060606060606,0.3403809082560458,10
micro_ew,fwd_micro_60s,1692166,37,-0.030490265453514843,0.018270249084560156,-15.187353531810864,12.503438201938067,-1.2146541844351886,0.406060606060606,0.3403809082560458,10
micro_notional,fwd_mid_100ms,1692166,37,-0.00215273781218932,0.0009576554695917027,0.0011727892738388217,0.007584012437078982,0.15463968230127625,0.6,0.3404778254615682,10
micro_notional,fwd_micro_100ms,1692166,37,-0.0018522895712781077,0.00047746716543296987,0.013551801584992326,0.012824565223896916,1.0567065119478904,0.2121212121212121,0.3404778254615682,10
micro_notional,fwd_mid_300ms,1692166,37,-0.002547012828952333,0.001588566926968934,0.02916932850003422,0.017148762981395067,1.70095817008378,0.32121212121212117,0.3404778254615682,10
micro_notional,fwd_micro_300ms,1692166,37,-0.002882739213798769,0.00166250991941646,0.02643676187271879,0.021658564937719064,1.2206146597773126,0.5636363636363636,0.3404778254615682,10
micro_notional,fwd_mid_500ms,1692166,37,-0.0027170110735150557,-0.00011221750428999895,-11.3656502234181,11.355917921308583,-1.0008570246964585,0.38181818181818183,0.3404778254615682,10
micro_notional,fwd_micro_500ms,1692166,37,-0.0031331389440545344,0.00035785725201966187,-11.680006918321748,11.668605916357066,-1.0009770663304947,0.49090909090909085,0.3404778254615682,10
micro_notional,fwd_mid_1s,1692166,37,-0.0030368983326319243,-0.0008069855092341876,-11.853549410957793,11.841683530421069,-1.0010020433755253,0.29696969696969694,0.3404778254615682,10
micro_notional,fwd_micro_1s,1692166,37,-0.0012152628177767837,-0.0019237332646078688,-12.248647993284752,12.222964653391717,-1.0021012365347803,0.24848484848484845,0.3404778254615682,10
micro_notional,fwd_mid_3s,1692166,37,0.0041919851958573265,0.006868128328990745,-11.946047943307256,11.844863239456176,-1.008542496591605,-0.0303030303030303,0.3404778254615682,10
micro_notional,fwd_micro_3s,1692166,37,0.006212008312193199,0.006532628711204426,-12.299661090420006,12.181947383701456,-1.0096629629903051,-0.17575757575757575,0.3404778254615682,10
micro_notional,fwd_mid_5s,1692166,37,-0.0022520158392742586,0.0011158316827269464,-12.128203200843293,11.954330614142902,-1.0145447363229763,0.2727272727272727,0.3404778254615682,10
micro_notional,fwd_micro_5s,1692166,37,-0.002661872552412174,0.0013319594250663766,-12.51168782250114,12.331988374373717,-1.014571814590812,0.22424242424242422,0.3404778254615682,10
micro_notional,fwd_mid_10s,1692166,37,-0.005885608135834046,0.004199575282372583,-12.326147166268733,11.96362890602704,-1.0303016971764365,0.3939393939393939,0.3404778254615682,10
micro_notional,fwd_micro_10s,1692166,37,-0.006505588448271921,0.0044193594526359715,-12.666305755312568,12.298696682351652,-1.0298900836776002,0.33333333333333326,0.3404778254615682,10
micro_notional,fwd_mid_30s,1692166,37,-0.01663545060877347,0.012304480723470753,-13.219067502412216,11.996275778283245,-1.1019309447972663,0.406060606060606,0.3404778254615682,10
micro_notional,fwd_micro_30s,1692166,37,-0.016894308048156264,0.01194708556111897,-13.65769816519006,12.416137266793593,-1.099995745191781,0.43030303030303024,0.3404778254615682,10
micro_notional,fwd_mid_60s,1692166,37,-0.031306790610191836,0.018668969335177206,-14.809929556759354,12.141108884487792,-1.219816879797644,0.406060606060606,0.3404778254615682,10
micro_notional,fwd_micro_60s,1692166,37,-0.03087726511360212,0.018129842858512997,-15.19245036119851,12.50374730109766,-1.21503178170154,0.406060606060606,0.3404778254615682,10
delta1_bp,fwd_mid_100ms,1692166,98,-0.049811332068580814,0.04363469013533869,0.09853431941885389,0.007025071760986183,14.026094361920311,0.9878787878787878,0.10338524707386863,10
delta1_bp,fwd_micro_100ms,1692166,98,0.15793896849166988,-0.17164234075203322,-0.34467095887000043,0.023252372063532666,-14.823045060876064,-0.9878787878787878,0.10338524707386863,10
delta1_bp,fwd_mid_300ms,1692166,98,-0.10186811181528567,0.08649280916014407,0.1999004860020287,0.013479213732364511,14.83027793542987,0.9757575757575757,0.10338524707386863,10
delta1_bp,fwd_micro_300ms,1692166,98,0.33332721104597524,-0.3536353513804606,-0.715559996790274,0.0455801181490238,-15.698950021383377,-0.9878787878787878,0.10338524707386863,10
delta1_bp,fwd_mid_500ms,1692166,98,-0.12310928531996919,0.11437356132053877,0.25171092140575896,0.016533898601567926,15.223930391219948,0.9757575757575757,0.10338524707386863,10
delta1_bp,fwd_micro_500ms,1692166,98,0.404979625103762,-0.42858552264486766,-0.8683873541934853,0.05290564039199096,-16.41388985672206,-0.9999999999999999,0.10338524707386863,10
delta1_bp,fwd_mid_1s,1692166,98,-0.15695823217075217,0.14963587551202612,0.3263694109232586,0.02013073052259141,16.21249713501432,0.9757575757575757,0.10338524707386863,10
delta1_bp,fwd_micro_1s,1692166,98,0.4751982914199217,-0.49861319365659745,-1.0153365903499876,0.05943527127439748,-17.08306479602722,-0.9878787878787878,0.10338524707386863,10
delta1_bp,fwd_mid_3s,1692166,98,-0.21333153627264126,0.22091537238318373,0.46075118166385914,0.026362528191745595,17.477503610906542,0.9757575757575757,0.10338524707386863,10
delta1_bp,fwd_micro_3s,1692166,98,0.567946085482949,-0.5875642049114935,-1.1996668051944746,0.06582901536277387,-18.22398221488336,-0.9999999999999999,0.10338524707386863,10
delta1_bp,fwd_mid_5s,1692166,98,-0.2450001859126335,0.23917549084760048,0.5100120394210493,0.029192762599611375,17.470495903934726,0.9757575757575757,0.10338524707386863,10
delta1_bp,fwd_micro_5s,1692166,98,0.609510430473576,-0.6399264169051376,-1.3045800220677253,0.07075131010633415,-18.438952156603673,-0.9999999999999999,0.10338524707386863,10
delta1_bp,fwd_mid_10s,1692166,98,-0.28215390909875343,0.2711224941059487,0.5859820710229474,0.036495393065454886,16.056329903667077,0.9999999999999999,0.10338524707386863,10
delta1_bp,fwd_micro_10s,1692166,98,0.6663668137501284,-0.7044282425818594,-1.4305773604374963,0.0742253110508314,-19.273443791401565,-0.9999999999999999,0.10338524707386863,10
delta1_bp,fwd_mid_30s,1692166,98,-0.29512672620267694,0.33708387194605605,0.667386166738543,0.053975846462518046,12.364533591927824,0.9878787878787878,0.10338524707386863,10
delta1_bp,fwd_micro_30s,1692166,98,0.7776092990408002,-0.7574884900564571,-1.6011463648229853,0.08471814925105624,-18.899685356417567,-0.9878787878787878,0.10338524707386863,10
delta1_bp,fwd_mid_60s,1692166,98,-0.313909652784164,0.4168827459044824,0.8063967542472775,0.07384549879612462,10.920052913090986,0.9636363636363635,0.10338524707386863,10
delta1_bp,fwd_micro_60s,1692166,98,0.8118145482323091,-0.7354823688052825,-1.575198504992489,0.10390393558238396,-15.160142839281928,-0.9636363636363635,0.10338524707386863,10
delta5_bp,fwd_mid_100ms,1692166,98,-0.045469976583008984,0.03518190420542617,0.10080186363805084,0.008421323900669162,11.969835720253093,0.9999999999999999,0.11275489520531673,10
delta5_bp,fwd_micro_100ms,1692166,98,0.015364786266535797,-0.025008406072755854,-0.05011965720727104,0.00625202699161777,-8.016545237963234,0.05454545454545454,0.11275489520531673,10
delta5_bp,fwd_mid_300ms,1692166,98,-0.09442697011567061,0.07793621162174641,0.2202806361924232,0.0160690227134795,13.708402814543337,0.9757575757575757,0.11275489520531673,10
delta5_bp,fwd_micro_300ms,1692166,98,0.04270196263478293,-0.05335767746095436,-0.10943330106327985,0.015424093548297936,-7.094958333895474,-0.0303030303030303,0.11275489520531673,10
delta5_bp,fwd_mid_500ms,1692166,98,-0.11820004060293984,0.10327002091298415,0.2834536555310591,0.02048662077799716,13.836037607309606,0.9757575757575757,0.11275489520531673,10
delta5_bp,fwd_micro_500ms,1692166,98,0.0484986222803134,-0.062442506355166516,-0.12312081385569752,0.016989127323534303,-7.247035795955427,-0.05454545454545454,0.11275489520531673,10
delta5_bp,fwd_mid_1s,1692166,98,-0.14417026147165543,0.13415860091251786,0.3594930370137332,0.02874982192969318,12.504183083041786,0.9878787878787878,0.11275489520531673,10
delta5_bp,fwd_micro_1s,1692166,98,0.060036276748383105,-0.06289429716600863,-0.13822266366508934,0.020813116916954522,-6.641132330952896,-0.05454545454545454,0.11275489520531673,10
delta5_bp,fwd_mid_3s,1692166,98,-0.18923297031249028,0.1952551525346161,0.4895812554985038,0.03941414980527568,12.421459245404606,0.9878787878787878,0.11275489520531673,10
delta5_bp,fwd_micro_3s,1692166,98,0.061608606526837355,-0.057170575234001215,-0.12248459840301466,0.024323929552494336,-5.03555965900478,0.05454545454545454,0.11275489520531673,10
delta5_bp,fwd_mid_5s,1692166,98,-0.21803995729748368,0.22481694820269835,0.5647102821098606,0.0478327043658588,11.805945107986195,0.9878787878787878,0.11275489520531673,10
delta5_bp,fwd_micro_5s,1692166,98,0.054387694339693454,-0.05103877393120009,-0.10683931365355202,0.032158395103920344,-3.3222837554019455,0.11515151515151514,0.11275489520531673,10
delta5_bp,fwd_mid_10s,1692166,98,-0.27187574854459323,0.27265288511049474,0.6729021906200434,0.05772346387200091,11.657342534262542,0.9878787878787878,0.11275489520531673,10
delta5_bp,fwd_micro_10s,1692166,98,0.03670460699705096,-0.03815917145040001,-0.08510747159723528,0.04278911769776452,-1.9889980484846885,0.43030303030303024,0.11275489520531673,10
delta5_bp,fwd_mid_30s,1692166,98,-0.3433525365176669,0.36481235721922983,0.8449643766561029,0.09014812462377643,9.373066607680098,0.9878787878787878,0.11275489520531673,10
delta5_bp,fwd_micro_30s,1692166,98,0.02295991906974687,0.012486886631096015,-0.018403203877575925,0.07707306996565925,-0.2387760586904826,0.6,0.11275489520531673,10
delta5_bp,fwd_mid_60s,1692166,98,-0.3643145411307424,0.46791607987456524,0.9734762088385367,0.12887155077459875,7.553848797405904,0.9878787878787878,0.11275489520531673,10
delta5_bp,fwd_micro_60s,1692166,98,0.0343617508764567,0.082492365388901,0.034740797919248265,0.1200476853872139,0.28939165138579553,0.6727272727272726,0.11275489520531673,10
delta10_bp,fwd_mid_100ms,1692166,98,-0.033113572348905045,0.025940504519398746,0.08583748294237026,0.010026723416117583,8.560870723170614,0.9878787878787878,0.11950541495337928,10
delta10_bp,fwd_micro_100ms,1692166,98,0.0036753300198287308,-0.008596699196816583,-0.018498020977250784,0.006302900300738985,-2.9348427064730784,0.406060606060606,0.11950541495337928,10
delta10_bp,fwd_mid_300ms,1692166,98,-0.06801148758680936,0.05996748873269502,0.18790889463671892,0.020189905714367143,9.307071429412515,0.9999999999999999,0.11950541495337928,10
delta10_bp,fwd_micro_300ms,1692166,98,0.010168138708655619,-0.01432499411387741,-0.036195796735880824,0.013868960755065395,-2.609842033236769,0.4787878787878787,0.11950541495337928,10
delta10_bp,fwd_mid_500ms,1692166,98,-0.08136344296452487,0.07768467358970552,0.23424397222193957,0.02302269704378218,10.174480069666844,0.9999999999999999,0.11950541495337928,10
delta10_bp,fwd_micro_500ms,1692166,98,0.012894677138883929,-0.014232329895281464,-0.030072538482641343,0.014648539415739022,-2.0529376772082895,0.4787878787878787,0.11950541495337928,10
delta10_bp,fwd_mid_1s,1692166,98,-0.09973133788289741,0.10536491150931615,0.315776771884809,0.03136094007320654,10.069110528819744,0.9999999999999999,0.11950541495337928,10
delta10_bp,fwd_micro_1s,1692166,98,0.01382575053454833,-0.005694105508493503,-0.010414944877535205,0.018929477487565557,-0.5501971665291131,0.5515151515151515,0.11950541495337928,10
delta10_bp,fwd_mid_3s,1692166,98,-0.1257958714791822,0.15396848454752426,0.41339268447540867,0.03962100500551796,10.433674875683645,0.9999999999999999,0.11950541495337928,10
delta10_bp,fwd_micro_3s,1692166,98,0.01599436603897345,0.008733171744989091,0.003726266733684339,0.022068537201775,0.16884973841332043,0.5151515151515151,0.11950541495337928,10
delta10_bp,fwd_mid_5s,1692166,98,-0.14970156176219604,0.17576819856405895,0.48810082426145934,0.049439916343067596,9.872606192827837,0.9999999999999999,0.11950541495337928,10
delta10_bp,fwd_micro_5s,1692166,98,0.0050991415645842185,0.01485812276364758,0.03551395910149954,0.031075639911581653,1.14282309881779,0.6848484848484848,0.11950541495337928,10
delta10_bp,fwd_mid_10s,1692166,98,-0.17873982648685285,0.2242991973687368,0.5899560855744991,0.06209656186175952,9.500623994092779,0.9999999999999999,0.11950541495337928,10
delta10_bp,fwd_micro_10s,1692166,98,-0.0015172237466796652,0.04281125922486861,0.07682569636489481,0.04199554791116579,1.8293771646319767,0.7818181818181817,0.11950541495337928,10
delta10_bp,fwd_mid_30s,1692166,98,-0.21353437003472558,0.30829162352203326,0.6955814218811208,0.09135129073222104,7.61435789582969,0.9515151515151514,0.11950541495337928,10
delta10_bp,fwd_micro_30s,1692166,98,0.004999765531822828,0.09810368340990756,0.0994951224049416,0.08031022399011406,1.2388848824178245,0.709090909090909,0.11950541495337928,10
delta10_bp,fwd_mid_60s,1692166,98,-0.20079879692408628,0.39490357518131325,0.726139845471758,0.15932644474746238,4.557560087546756,0.9393939393939393,0.11950541495337928,10
delta10_bp,fwd_micro_60s,1692166,98,0.03715913137172418,0.16333260026851804,0.08201084471198264,0.1567712375081726,0.5231243052968013,0.6242424242424242,0.11950541495337928,10
delta_disagree,fwd_mid_100ms,1692166,98,-0.023953450014574853,0.01321534760441769,0.03723980328944659,0.004702256807414546,7.919559652872775,0.9999999999999999,0.10234456903164346,10
delta_disagree,fwd_micro_100ms,1692166,98,0.14422478961711588,-0.15069504365180647,-0.3052560891977171,0.019786810485542466,-15.427250865962307,-0.9999999999999999,0.10234456903164346,10
delta_disagree,fwd_mid_300ms,1692166,98,-0.0452450815160178,0.025715677420828392,0.07128438494098863,0.0087280942375606,8.167233648122453,0.9999999999999999,0.10234456903164346,10
delta_disagree,fwd_micro_300ms,1692166,98,0.29978154470516627,-0.30750844810809663,-0.6261587285497973,0.03883601152385483,-16.123147150813423,-0.9999999999999999,0.10234456903164346,10
delta_disagree,fwd_mid_500ms,1692166,98,-0.05577412324048109,0.037468297643230425,0.09217172573309462,0.010582741936184522,8.709626133652657,0.9999999999999999,0.10234456903164346,10
delta_disagree,fwd_micro_500ms,1692166,98,0.369384412497449,-0.37522351731904285,-0.7676266746882764,0.0465201223396663,-16.50095993048893,-0.9999999999999999,0.10234456903164346,10
delta_disagree,fwd_mid_1s,1692166,98,-0.07632262634465382,0.051771940227069255,0.12661302155676293,0.013460731798553435,9.406102391132217,0.9999999999999999,0.10234456903164346,10
delta_disagree,fwd_micro_1s,1692166,98,0.4370937723343862,-0.4452299308467968,-0.9074825828488137,0.052648795868966716,-17.236530634192906,-0.9999999999999999,0.10234456903164346,10
delta_disagree,fwd_mid_3s,1692166,98,-0.09469411365053475,0.09108928549078062,0.1864546106900979,0.018619160051577346,10.014125780840589,0.9757575757575757,0.10234456903164346,10
delta_disagree,fwd_micro_3s,1692166,98,0.5446465266482731,-0.5388257274576048,-1.1129672174358465,0.0635222742396362,-17.520896894169834,-0.9999999999999999,0.10234456903164346,10
delta_disagree,fwd_mid_5s,1692166,98,-0.1083627548943573,0.08791281422102183,0.19524512912135963,0.02155140176385456,9.059509504797948,0.9878787878787878,0.10234456903164346,10
delta_disagree,fwd_micro_5s,1692166,98,0.587847027779942,-0.6015221965846592,-1.2247140326941104,0.06682141523140196,-18.32816662821248,-0.9999999999999999,0.10234456903164346,10
delta_disagree,fwd_mid_10s,1692166,98,-0.10290702349062594,0.08967171160887497,0.19885009509707768,0.029622983595439044,6.712696391854803,0.9515151515151514,0.10234456903164346,10
delta_disagree,fwd_micro_10s,1692166,98,0.6674840086788605,-0.6739160581364974,-1.3707314572251654,0.07202788959045496,-19.030565313228514,-0.9999999999999999,0.10234456903164346,10
delta_disagree,fwd_mid_30s,1692166,98,-0.09534206699040432,0.07164977530224463,0.17510333856414226,0.04904073117190923,3.570569491517743,0.8787878787878788,0.10234456903164346,10
delta_disagree,fwd_micro_30s,1692166,98,0.764363891136111,-0.7834459455296656,-1.576952078662413,0.08264253862827238,-19.081602584300704,-0.9999999999999999,0.10234456903164346,10
delta_disagree,fwd_mid_60s,1692166,98,-0.0972575983224695,0.08912576437514877,0.18759420451611297,0.07248506732491983,2.588039322295276,0.7939393939393938,0.10234456903164346,10
delta_disagree,fwd_micro_60s,1692166,98,0.7935869029428956,-0.8039113751014568,-1.6301589589909873,0.09866643530639208,-16.521920082840754,-0.9878787878787878,0.10234456903164346,10
micro_slope,fwd_mid_100ms,1692166,98,0.016916975752460244,-0.020192222572107992,-0.03807742180907798,0.004484013570743778,-8.491816808387124,-0.9636363636363635,0.1039679322241435,10
micro_slope,fwd_micro_100ms,1692166,98,-0.08155641967312112,0.08056441223853394,0.17073173122938232,0.012834458052228197,13.302605418523417,0.9999999999999999,0.1039679322241435,10
micro_slope,fwd_mid_300ms,1692166,98,0.03485481292576212,-0.04060324775806236,-0.07716057416767855,0.007887443818109303,-9.782709829326516,-0.9515151515151514,0.1039679322241435,10
micro_slope,fwd_micro_300ms,1692166,98,-0.1782257714379326,0.17839935673241034,0.37877283498948944,0.02606834771468908,14.529990129602929,0.9999999999999999,0.1039679322241435,10
micro_slope,fwd_mid_500ms,1692166,98,0.04768313364201979,-0.055013430245808424,-0.10312734542155308,0.009886132059869282,-10.431516066852607,-0.9515151515151514,0.1039679322241435,10
micro_slope,fwd_micro_500ms,1692166,98,-0.22455333120937196,0.228043237537838,0.482236177768933,0.03304284264518533,14.59427032193308,0.9999999999999999,0.1039679322241435,10
micro_slope,fwd_mid_1s,1692166,98,0.06647620940991181,-0.08329205952461448,-0.14973840181039544,0.01291815200011953,-11.591317535899092,-0.9515151515151514,0.1039679322241435,10
micro_slope,fwd_micro_1s,1692166,98,-0.27289339181034716,0.27089248126953935,0.581363773455119,0.0380638055636013,15.273401196937886,0.9999999999999999,0.1039679322241435,10
micro_slope,fwd_mid_3s,1692166,98,0.11772066097953922,-0.12417432847117603,-0.24543269705657822,0.019446799202851892,-12.620724598245724,-0.9999999999999999,0.1039679322241435,10
micro_slope,fwd_micro_3s,1692166,98,-0.33443656055593546,0.3417164131265307,0.7228728069796234,0.04642703970183199,15.570081823483118,0.9999999999999999,0.1039679322241435,10
micro_slope,fwd_mid_5s,1692166,98,0.1152850175771346,-0.14813063735426305,-0.26476471165807897,0.0219842634209898,-12.043374234921647,-0.9636363636363635,0.1039679322241435,10
micro_slope,fwd_micro_5s,1692166,98,-0.38785865423095206,0.3692200239697105,0.8072658327960766,0.050231266515329775,16.070983050959146,0.9999999999999999,0.1039679322241435,10
micro_slope,fwd_mid_10s,1692166,98,0.13857540559733927,-0.16669660249206253,-0.29508329346618073,0.033355856397811946,-8.846521280908782,-0.9878787878787878,0.1039679322241435,10
micro_slope,fwd_micro_10s,1692166,98,-0.4331044977906743,0.418081365921599,0.9183832028216672,0.05825164220072795,15.765790767872815,0.9999999999999999,0.1039679322241435,10
micro_slope,fwd_mid_30s,1692166,98,0.17428321071369351,-0.1938374878772193,-0.32755494041426725,0.06282215292620894,-5.214003741626208,-0.9878787878787878,0.1039679322241435,10
micro_slope,fwd_micro_30s,1692166,98,-0.49182368783029823,0.476187014330824,1.0588997301448064,0.07804620385863509,13.56760070051311,0.9999999999999999,0.1039679322241435,10
micro_slope,fwd_mid_60s,1692166,98,0.22563476300267582,-0.23481275948150823,-0.3377531915408342,0.14223622667448488,-2.374593304656487,-0.9515151515151514,0.1039679322241435,10
micro_slope,fwd_micro_60s,1692166,98,-0.4800344785699507,0.47214374708474416,1.121898502793934,0.14493914714060224,7.740479538668772,0.9999999999999999,0.1039679322241435,10
obi_x_spread,fwd_mid_100ms,1692166,98,-0.049811332068580814,0.04363469013533869,0.09853431941885389,0.007025071760986183,14.026094361920311,0.9878787878787878,0.10338524707386863,10
obi_x_spread,fwd_micro_100ms,1692166,98,0.15793896849166988,-0.17164234075203322,-0.34467095887000043,0.023252372063532666,-14.823045060876064,-0.9878787878787878,0.10338524707386863,10
obi_x_spread,fwd_mid_300ms,1692166,98,-0.10186811181528567,0.08649280916014407,0.1999004860020287,0.013479213732364511,14.83027793542987,0.9757575757575757,0.10338524707386863,10
obi_x_spread,fwd_micro_300ms,1692166,98,0.33332721104597524,-0.3536353513804606,-0.715559996790274,0.0455801181490238,-15.698950021383377,-0.9878787878787878,0.10338524707386863,10
obi_x_spread,fwd_mid_500ms,1692166,98,-0.12310928531996919,0.11437356132053877,0.25171092140575896,0.016533898601567926,15.223930391219948,0.9757575757575757,0.10338524707386863,10
obi_x_spread,fwd_micro_500ms,1692166,98,0.404979625103762,-0.42858552264486766,-0.8683873541934853,0.05290564039199096,-16.41388985672206,-0.9999999999999999,0.10338524707386863,10
obi_x_spread,fwd_mid_1s,1692166,98,-0.15695823217075217,0.14963587551202612,0.3263694109232586,0.02013073052259141,16.21249713501432,0.9757575757575757,0.10338524707386863,10
obi_x_spread,fwd_micro_1s,1692166,98,0.4751982914199217,-0.49861319365659745,-1.0153365903499876,0.05943527127439748,-17.08306479602722,-0.9878787878787878,0.10338524707386863,10
obi_x_spread,fwd_mid_3s,1692166,98,-0.21333153627264126,0.22091537238318373,0.46075118166385914,0.026362528191745595,17.477503610906542,0.9757575757575757,0.10338524707386863,10
obi_x_spread,fwd_micro_3s,1692166,98,0.567946085482949,-0.5875642049114935,-1.1996668051944746,0.06582901536277387,-18.22398221488336,-0.9999999999999999,0.10338524707386863,10
obi_x_spread,fwd_mid_5s,1692166,98,-0.2450001859126335,0.23917549084760048,0.5100120394210493,0.029192762599611375,17.470495903934726,0.9757575757575757,0.10338524707386863,10
obi_x_spread,fwd_micro_5s,1692166,98,0.609510430473576,-0.6399264169051376,-1.3045800220677253,0.07075131010633415,-18.438952156603673,-0.9999999999999999,0.10338524707386863,10
obi_x_spread,fwd_mid_10s,1692166,98,-0.28215390909875343,0.2711224941059487,0.5859820710229474,0.036495393065454886,16.056329903667077,0.9999999999999999,0.10338524707386863,10
obi_x_spread,fwd_micro_10s,1692166,98,0.6663668137501284,-0.7044282425818594,-1.4305773604374963,0.0742253110508314,-19.273443791401565,-0.9999999999999999,0.10338524707386863,10
obi_x_spread,fwd_mid_30s,1692166,98,-0.29512672620267694,0.33708387194605605,0.667386166738543,0.053975846462518046,12.364533591927824,0.9878787878787878,0.10338524707386863,10
obi_x_spread,fwd_micro_30s,1692166,98,0.7776092990408002,-0.7574884900564571,-1.6011463648229853,0.08471814925105624,-18.899685356417567,-0.9878787878787878,0.10338524707386863,10
obi_x_spread,fwd_mid_60s,1692166,98,-0.313909652784164,0.4168827459044824,0.8063967542472775,0.07384549879612462,10.920052913090986,0.9636363636363635,0.10338524707386863,10
obi_x_spread,fwd_micro_60s,1692166,98,0.8118145482323091,-0.7354823688052825,-1.575198504992489,0.10390393558238396,-15.160142839281928,-0.9636363636363635,0.10338524707386863,10
slope_b,fwd_mid_100ms,1692166,98,0.030612868900370224,-0.00974518654383086,-0.0416767883692893,0.004556049991770087,-9.147570471038073,-0.9757575757575757,0.12729424890938595,10
slope_b,fwd_micro_100ms,1692166,98,-0.01107186228520388,0.0040303992716757865,0.014625556856061286,0.004713450439966913,3.1029406254166436,0.7696969696969697,0.12729424890938595,10
slope_b,fwd_mid_300ms,1692166,98,0.06802812678063698,-0.023641621084790166,-0.09048545160280495,0.007493007659966054,-12.075985466590978,-0.9515151515151514,0.12729424890938595,10
slope_b,fwd_micro_300ms,1692166,98,-0.03728190395354771,0.014103002140501959,0.05837360095695317,0.012101114875038167,4.823820082673916,0.9272727272727272,0.12729424890938595,10
slope_b,fwd_mid_500ms,1692166,98,0.08502682404312216,-0.02918830171522078,-0.1113425246485481,0.009506455758811634,-11.7123066128345,-0.9878787878787878,0.12729424890938595,10
slope_b,fwd_micro_500ms,1692166,98,-0.05189863542807532,0.019340457811445277,0.08092916376676972,0.014507635400853395,5.578384177066454,0.9515151515151514,0.12729424890938595,10
slope_b,fwd_mid_1s,1692166,98,0.10809835968625965,-0.04166466479670568,-0.14212235356906402,0.012870313343056604,-11.042649062288566,-0.9999999999999999,0.12729424890938595,10
slope_b,fwd_micro_1s,1692166,98,-0.05195957924888632,0.018349395745259386,0.08564321032187519,0.013400661059975904,6.390969067762482,0.9636363636363635,0.12729424890938595,10
slope_b,fwd_mid_3s,1692166,98,0.14817536628079284,-0.04228398245311652,-0.18977921958449645,0.016148338418211235,-11.75224439007753,-0.9878787878787878,0.12729424890938595,10
slope_b,fwd_micro_3s,1692166,98,-0.05666203380776083,0.03748187906524071,0.10185150807166642,0.01718308679359833,5.927427900184492,0.7575757575757575,0.12729424890938595,10
slope_b,fwd_mid_5s,1692166,98,0.16927112672064706,-0.05961984357121205,-0.22711697559028132,0.019044651369110127,-11.925499248500735,-0.9757575757575757,0.12729424890938595,10
slope_b,fwd_micro_5s,1692166,98,-0.04784476607874295,0.024619325696984922,0.08335062737041164,0.019025116950843697,4.381083574191397,0.8181818181818182,0.12729424890938595,10
slope_b,fwd_mid_10s,1692166,98,0.20500028051324548,-0.0743113533201968,-0.26552399271007904,0.02370047505638422,-11.203319430449753,-0.9757575757575757,0.12729424890938595,10
slope_b,fwd_micro_10s,1692166,98,-0.037322417875611504,0.021130603110144863,0.08705472203166616,0.022847181316028586,3.810304686057372,0.5151515151515151,0.12729424890938595,10
slope_b,fwd_mid_30s,1692166,98,0.3191824238605171,-0.09646439422070896,-0.39425389146753215,0.04455654286843643,-8.848395007477546,-0.9515151515151514,0.12729424890938595,10
slope_b,fwd_micro_30s,1692166,98,0.04319465317501876,0.011325396371815288,0.0003992287083939906,0.04113378922467022,0.00970561467637781,-0.5757575757575757,0.12729424890938595,10
slope_b,fwd_mid_60s,1692166,98,0.40711283129052234,-0.08812532879944573,-0.4671416967443359,0.07586168732751133,-6.15780788960815,-0.8909090909090909,0.12729424890938595,10
slope_b,fwd_micro_60s,1692166,98,0.11050383467430024,0.03007456454238572,-0.04540637603359828,0.07181880577722512,-0.6322351860659505,-0.4545454545454545,0.12729424890938595,10
slope_a,fwd_mid_100ms,1692166,95,-0.03446257219769508,0.00987816250978362,0.047118213237963495,0.006728614978001332,7.002661527225547,0.9272727272727272,0.1283183801116439,10
slope_a,fwd_micro_100ms,1692166,95,0.010125075695332855,-0.0038842494689192756,-0.016683365698299344,0.004620917096422174,-3.6104014311827264,-0.7818181818181817,0.1283183801116439,10
slope_a,fwd_mid_300ms,1692166,95,-0.07338909510119532,0.020836048173277347,0.0964802184533113,0.0115520882356163,8.351755672697571,0.9757575757575757,0.1283183801116439,10
slope_a,fwd_micro_300ms,1692166,95,0.03785762981678671,-0.011840699386256384,-0.06572241614366603,0.013040191494027908,-5.039988574843038,-0.9030303030303028,0.1283183801116439,10
slope_a,fwd_mid_500ms,1692166,95,-0.09646147814038628,0.02773032795632764,0.12327397045767177,0.014017472645575452,8.794307902329498,0.9757575757575757,0.1283183801116439,10
slope_a,fwd_micro_500ms,1692166,95,0.04540310637580778,-0.016260899479152786,-0.08153193840378337,0.016547719975572514,-4.927079895244756,-0.9515151515151514,0.1283183801116439,10
slope_a,fwd_mid_1s,1692166,95,-0.12004721980657021,0.031727944629598985,0.15486790852914664,0.01620673471696107,9.555774882097037,0.9757575757575757,0.1283183801116439,10
slope_a,fwd_micro_1s,1692166,95,0.049033248737610745,-0.018386978190646323,-0.08974091410726563,0.016373210493966808,-5.480960141588195,-0.9272727272727272,0.1283183801116439,10
slope_a,fwd_mid_3s,1692166,95,-0.15125445173863297,0.06209035680648015,0.2250115819029468,0.01890081117642737,11.904863754396729,0.9878787878787878,0.1283183801116439,10
slope_a,fwd_micro_3s,1692166,95,0.05628994062461849,-0.007884864060200038,-0.07467158330800955,0.01877114735660365,-3.9779978223728683,-0.9878787878787878,0.1283183801116439,10
slope_a,fwd_mid_5s,1692166,95,-0.17392036163087107,0.06239924550487527,0.270075281413368,0.023140640312695575,11.671037523762791,0.9878787878787878,0.1283183801116439,10
slope_a,fwd_micro_5s,1692166,95,0.053085708586312896,-0.014844478064184461,-0.05522294700954589,0.026259296225850614,-2.1029865589155583,-0.7575757575757575,0.1283183801116439,10
slope_a,fwd_mid_10s,1692166,95,-0.21627341556617818,0.06365161453844617,0.32190141532565913,0.03303125774608642,9.745357497438873,0.9151515151515152,0.1283183801116439,10
slope_a,fwd_micro_10s,1692166,95,0.03490539732187312,-0.023401498659943242,-0.03852209189876119,0.03342387924310419,-1.1525320450859644,-0.6727272727272726,0.1283183801116439,10
slope_a,fwd_mid_30s,1692166,95,-0.2736695003763328,0.06720659597049118,0.4385648983963657,0.07272585654595638,6.030384779576037,0.8545454545454544,0.1283183801116439,10
slope_a,fwd_micro_30s,1692166,95,0.019360123868797065,-0.031922946685388094,0.008460363500589839,0.0738196656938153,0.11460853176552191,-0.24848484848484845,0.1283183801116439,10
slope_a,fwd_mid_60s,1692166,95,-0.3437695919868315,0.07044715930696521,0.6269008773125966,0.12636929740386085,4.960863834742215,0.8060606060606059,0.1283183801116439,10
slope_a,fwd_micro_60s,1692166,95,-0.029278689168386173,-0.036882143471449615,0.1663141144150909,0.1260920429043357,1.3189897679845755,0.18787878787878787,0.1283183801116439,10
slope_asym,fwd_mid_100ms,1692166,97,0.02736474839249972,-0.02849055753252527,-0.053801117493446654,0.00581586955934779,-9.250743494921176,-0.9999999999999999,0.11450117778043052,10
slope_asym,fwd_micro_100ms,1692166,97,-0.00995526543819639,0.01059168536187066,0.022486240744574112,0.005243941601045323,4.288041792855154,0.9757575757575757,0.11450117778043052,10
slope_asym,fwd_mid_300ms,1692166,97,0.05858005901458489,-0.06104645561436645,-0.11411686387746273,0.010681626848671535,-10.683472236408946,-0.9999999999999999,0.11450117778043052,10
slope_asym,fwd_micro_300ms,1692166,97,-0.03626226304834724,0.03798151151300771,0.08296079237516027,0.01616766924969751,5.131277186209907,0.9878787878787878,0.11450117778043052,10
slope_asym,fwd_mid_500ms,1692166,97,0.07323149534697657,-0.07863017699087611,-0.14438584099271812,0.01327006354942647,-10.880568917769686,-0.9999999999999999,0.11450117778043052,10
slope_asym,fwd_micro_500ms,1692166,97,-0.04743448338487265,0.044934374463697566,0.1021816916177906,0.01978450170992073,5.16473414978921,0.9999999999999999,0.11450117778043052,10
slope_asym,fwd_mid_1s,1692166,97,0.09180735702427995,-0.09780789897835764,-0.18054901635048748,0.015961267530219175,-11.311696643681795,-0.9999999999999999,0.11450117778043052,10
slope_asym,fwd_micro_1s,1692166,97,-0.04626493485681001,0.04974289417306144,0.1060228824056068,0.01837644153553365,5.7695001614211,0.9878787878787878,0.11450117778043052,10
slope_asym,fwd_mid_3s,1692166,97,0.12946381558609504,-0.12386286020878277,-0.24446682152384402,0.018521325720188435,-13.199207509070082,-0.9999999999999999,0.11450117778043052,10
slope_asym,fwd_micro_3s,1692166,97,-0.04833940913910952,0.05602714539131389,0.11299673829696175,0.02125365513601658,5.316579081283612,0.9878787878787878,0.11450117778043052,10
slope_asym,fwd_mid_5s,1692166,97,0.14824771990634886,-0.14939768143551013,-0.29691573326477566,0.02168568822671591,-13.69178280904118,-0.9999999999999999,0.11450117778043052,10
slope_asym,fwd_micro_5s,1692166,97,-0.041566845346624665,0.04613086695512281,0.09203903820195074,0.022573575639550002,4.077291062417859,0.9636363636363635,0.11450117778043052,10
slope_asym,fwd_mid_10s,1692166,97,0.17662319263972548,-0.17947486983926172,-0.3599594375894185,0.026613655701193555,-13.52536613650094,-0.9999999999999999,0.11450117778043052,10
slope_asym,fwd_micro_10s,1692166,97,-0.03599476860827431,0.037559550383350813,0.0748352701063639,0.0275213774681271,2.719168769551295,0.7212121212121211,0.11450117778043052,10
slope_asym,fwd_mid_30s,1692166,97,0.2633745095910974,-0.22579070736125187,-0.5132820969461014,0.04189358898923729,-12.252044031796048,-0.9878787878787878,0.11450117778043052,10
slope_asym,fwd_micro_30s,1692166,97,0.022220740252200954,0.023636341113406,-0.012476113314042381,0.04344919667923778,-0.28714255423746643,-0.12727272727272726,0.11450117778043052,10
slope_asym,fwd_mid_60s,1692166,97,0.31576174372055316,-0.22675788181589085,-0.58847737296706,0.06783858801151028,-8.67467012826405,-0.9878787878787878,0.11450117778043052,10
slope_asym,fwd_micro_60s,1692166,97,0.05978013889007879,0.040683716459447454,-0.05398409370804879,0.0710704536368184,-0.7595856075988526,-0.406060606060606,0.11450117778043052,10
local_slope_b,fwd_mid_100ms,1692166,98,0.023180181020372653,0.0051804901144595445,-0.01748316232446257,0.0040582102301564135,-4.3080967552015474,0.10303030303030303,0.11516777904768208,10
local_slope_b,fwd_micro_100ms,1692166,98,-0.05848767243367863,0.033673504102148276,0.08739653917118129,0.007681577345810512,11.377420969255338,0.9999999999999999,0.11516777904768208,10
local_slope_b,fwd_mid_300ms,1692166,98,0.05664327673806708,0.013816062540257011,-0.04122662593573848,0.007442795196260933,-5.539132120207966,0.13939393939393938,0.11516777904768208,10
local_slope_b,fwd_micro_300ms,1692166,98,-0.11952198133852861,0.06811316357767264,0.1752668582579638,0.015192033958810363,11.536760563671644,0.9999999999999999,0.11516777904768208,10
local_slope_b,fwd_mid_500ms,1692166,98,0.07574655806185918,0.015787934012733092,-0.05918567660548813,0.008219164205611529,-7.2009361444658655,0.09090909090909088,0.11516777904768208,10
local_slope_b,fwd_micro_500ms,1692166,98,-0.14352940985590568,0.07946131254392393,0.20627654218601718,0.01797199465810333,11.477665451731584,0.9878787878787878,0.11516777904768208,10
local_slope_b,fwd_mid_1s,1692166,98,0.09611557463975548,0.01802750733444064,-0.07733244631757707,0.010195430195839995,-7.585010620653433,-0.06666666666666665,0.11516777904768208,10
local_slope_b,fwd_micro_1s,1692166,98,-0.1655057722114241,0.09469885757453433,0.24404457143815714,0.019110120655646608,12.770435929510864,0.9999999999999999,0.11516777904768208,10
local_slope_b,fwd_mid_3s,1692166,98,0.1222335402680783,0.040167756488427145,-0.08037405605955059,0.0144173655122605,-5.574808795074291,-0.11515151515151514,0.11516777904768208,10
local_slope_b,fwd_micro_3s,1692166,98,-0.21279163101875942,0.13507388830676156,0.326845519326739,0.0274045011588017,11.926709318033462,0.9999999999999999,0.11516777904768208,10
local_slope_b,fwd_mid_5s,1692166,98,0.139032796125071,0.0393457771102574,-0.09952970367322654,0.017397002396017595,-5.721083518158864,-0.17575757575757575,0.11516777904768208,10
local_slope_b,fwd_micro_5s,1692166,98,-0.22881111467035484,0.14073771234825125,0.34903326446581195,0.03087434035539392,11.304962646913165,0.9878787878787878,0.11516777904768208,10
local_slope_b,fwd_mid_10s,1692166,98,0.1710308743690576,0.04682330127088794,-0.1264346088870576,0.0206651935159695,-6.118239773044097,-0.19999999999999998,0.11516777904768208,10
local_slope_b,fwd_micro_10s,1692166,98,-0.24550950252455758,0.15329903911757833,0.37740653498475696,0.03349266151789865,11.268335148076213,0.9757575757575757,0.11516777904768208,10
local_slope_b,fwd_mid_30s,1692166,98,0.23784324145280078,0.11343040762356155,-0.11114918542988861,0.04095398439947064,-2.7140017524479325,-0.11515151515151514,0.11516777904768208,10
local_slope_b,fwd_micro_30s,1692166,98,-0.23929061642724844,0.22129299812832562,0.46024327250543634,0.052735702964435235,8.727356356960344,0.9757575757575757,0.11516777904768208,10
local_slope_b,fwd_mid_60s,1692166,98,0.2476175268182211,0.14479088414741745,-0.03246170995092524,0.06888030426779851,-0.47127709867131157,-0.24848484848484845,0.11516777904768208,10
local_slope_b,fwd_micro_60s,1692166,98,-0.26012102058326453,0.25173643426308395,0.5718706987814968,0.07894242625218087,7.244149007463502,0.9030303030303028,0.11516777904768208,10
local_slope_a,fwd_mid_100ms,1692166,98,-0.029357621754840732,-0.005386974958299329,0.027053305021865075,0.0034822459529367284,7.768924248170884,0.01818181818181818,0.11143942142792138,10
local_slope_a,fwd_micro_100ms,1692166,98,0.05351906570052384,-0.03348422635607854,-0.0805753662916819,0.007049700741373046,-11.429615135122532,-0.9999999999999999,0.11143942142792138,10
local_slope_a,fwd_mid_300ms,1692166,98,-0.06867182450006054,-0.015682456286361772,0.054267817882125105,0.007099583430478233,7.643803106694329,0.0303030303030303,0.11143942142792138,10
local_slope_a,fwd_micro_300ms,1692166,98,0.11144409657633904,-0.06835812238776076,-0.16508947043503572,0.014862645766786272,-11.107677127309532,-0.9878787878787878,0.11143942142792138,10
local_slope_a,fwd_mid_500ms,1692166,98,-0.08733104837506254,-0.022393198187650405,0.06861634058249272,0.008856855056803692,7.747257930994677,-0.06666666666666665,0.11143942142792138,10
local_slope_a,fwd_micro_500ms,1692166,98,0.13277809474031657,-0.08702883455017214,-0.19905877739855918,0.017895313404091517,-11.12351445898942,-0.9878787878787878,0.11143942142792138,10
local_slope_a,fwd_mid_1s,1692166,98,-0.11053587039640103,-0.02874851832379692,0.08819129780008486,0.011501995901920015,7.667477762304122,0.06666666666666665,0.11143942142792138,10
local_slope_a,fwd_micro_1s,1692166,98,0.15707821198590466,-0.10383699038268641,-0.24449217802029008,0.022903518046392013,-10.674874380654586,-0.9999999999999999,0.11143942142792138,10
local_slope_a,fwd_mid_3s,1692166,98,-0.14090189527866157,-0.023183141314235243,0.1194972996658747,0.015978836341187852,7.478473220096288,0.06666666666666665,0.11143942142792138,10
local_slope_a,fwd_micro_3s,1692166,98,0.19340138415255523,-0.11868307848328773,-0.28555949474153164,0.027801311702138117,-10.271439628496742,-0.9878787878787878,0.11143942142792138,10
local_slope_a,fwd_mid_5s,1692166,98,-0.15515425457017817,-0.03548013409319475,0.12987266654869434,0.019440419907509145,6.680548422646423,0.13939393939393938,0.11143942142792138,10
local_slope_a,fwd_micro_5s,1692166,98,0.21346919796051067,-0.14130174971136789,-0.32534237065065963,0.030709913689556924,-10.594050310251902,-0.9999999999999999,0.11143942142792138,10
local_slope_a,fwd_mid_10s,1692166,98,-0.18100988022892725,-0.05622802429981622,0.1374039896939989,0.0263063092996268,5.223233260469123,0.13939393939393938,0.11143942142792138,10
local_slope_a,fwd_micro_10s,1692166,98,0.227555637782062,-0.1678373194930136,-0.3643241847097435,0.03752606627181672,-9.708563164356043,-0.9999999999999999,0.11143942142792138,10
local_slope_a,fwd_mid_30s,1692166,98,-0.22746499448942895,-0.09670941510549554,0.15151812549433816,0.049853646949809025,3.0392586052306565,0.04242424242424241,0.11143942142792138,10
local_slope_a,fwd_micro_30s,1692166,98,0.25294506667520017,-0.21492147836671116,-0.42594221050454706,0.05879141382622013,-7.244973079973507,-0.9999999999999999,0.11143942142792138,10
local_slope_a,fwd_mid_60s,1692166,98,-0.2510208390947159,-0.15395309729823484,0.10854600734092575,0.09042466256447798,1.200402680668299,0.04242424242424241,0.11143942142792138,10
local_slope_a,fwd_micro_60s,1692166,98,0.2546719272473579,-0.26826319820326106,-0.5007381815156118,0.100028292496193,-5.005965502556884,-0.9878787878787878,0.11143942142792138,10
deep_slope_b,fwd_mid_100ms,1692166,98,0.00823518790636693,-0.003103583879860745,-0.011666405092439274,0.002476724141442656,-4.710417642896541,-0.8424242424242423,0.11341913263828726,10
deep_slope_b,fwd_micro_100ms,1692166,98,0.008396968289508202,-0.0017830841570139178,-0.010510649282103227,0.0030430086463561277,-3.4540320135761946,-0.6606060606060605,0.11341913263828726,10
deep_slope_b,fwd_mid_300ms,1692166,98,0.017620853961967,-0.00467927581089514,-0.028937105824056595,0.007250498880388771,-3.991050312734479,-0.6606060606060605,0.11341913263828726,10
deep_slope_b,fwd_micro_300ms,1692166,98,0.017071534464862044,-0.0025417711058704283,-0.021653017083432452,0.005150425963539475,-4.204121607944068,-0.5757575757575757,0.11341913263828726,10
deep_slope_b,fwd_mid_500ms,1692166,98,0.021748981311468154,-0.0062887705862332485,-0.034904449175049576,0.007984428563735043,-4.371565090278871,-0.7333333333333332,0.11341913263828726,10
deep_slope_b,fwd_micro_500ms,1692166,98,0.02187415729356193,-0.004958976115427477,-0.0285084451949101,0.0060443840006015135,-4.716517877102621,-0.6242424242424242,0.11341913263828726,10
deep_slope_b,fwd_mid_1s,1692166,98,0.02469734564859839,-0.007178377126060243,-0.038621390669157415,0.014919720957722968,-2.5886134719674927,-0.709090909090909,0.11341913263828726,10
deep_slope_b,fwd_micro_1s,1692166,98,0.02476786074090069,-0.00552124260531431,-0.031028130661689926,0.008583886501285692,-3.6146948887363015,-0.6606060606060605,0.11341913263828726,10
deep_slope_b,fwd_mid_3s,1692166,98,0.036767519077177416,-0.006039093275627188,-0.04727408697814562,0.017423164818852078,-2.7132893173916646,-0.9151515151515152,0.11341913263828726,10
deep_slope_b,fwd_micro_3s,1692166,98,0.03262845359016325,-0.00652723034739145,-0.03926609075872021,0.012257046397210179,-3.203552429046654,-0.8909090909090909,0.11341913263828726,10
deep_slope_b,fwd_mid_5s,1692166,98,0.03769389757521621,-0.01875546649812264,-0.053661149309623055,0.02107593766086615,-2.546085976011459,-0.9272727272727272,0.11341913263828726,10
deep_slope_b,fwd_micro_5s,1692166,98,0.03762425922196657,-0.020437115847804454,-0.04694057661786676,0.016417804611605132,-2.859126279568842,-0.8909090909090909,0.11341913263828726,10
deep_slope_b,fwd_mid_10s,1692166,98,0.05174865764973267,-0.03645878181086385,-0.08391691259426219,0.02520694894379089,-3.3291182039281693,-0.9636363636363635,0.11341913263828726,10
deep_slope_b,fwd_micro_10s,1692166,98,0.049346746525188466,-0.03746091805847343,-0.0724894206213312,0.02283455375171328,-3.1745494748673293,-0.9636363636363635,0.11341913263828726,10
deep_slope_b,fwd_mid_30s,1692166,98,0.057854544448293736,-0.06281544674030379,-0.09287386602306429,0.03630418266189613,-2.5582139360636846,-0.8909090909090909,0.11341913263828726,10
deep_slope_b,fwd_micro_30s,1692166,98,0.050598155895602515,-0.06361634101460475,-0.07286533034890065,0.03828115491229971,-1.9034256023840352,-0.8787878787878788,0.11341913263828726,10
deep_slope_b,fwd_mid_60s,1692166,98,0.06764687829618356,-0.07328280010819499,-0.11336239731259438,0.057140362822395284,-1.9839285526581176,-0.7939393939393938,0.11341913263828726,10
deep_slope_b,fwd_micro_60s,1692166,98,0.055355822949678175,-0.07156815338200039,-0.08581156501936162,0.05932151270282127,-1.44655051952646,-0.7939393939393938,0.11341913263828726,10
deep_slope_a,fwd_mid_100ms,1692166,97,-0.007961542349906167,0.0011766558976107997,0.009303898769182127,0.0023882835792826706,3.895642397699098,0.7818181818181817,0.1117762678129687,10
deep_slope_a,fwd_micro_100ms,1692166,97,-0.010303792571722191,-0.0001516920090361814,0.010088398369185687,0.002802157621317499,3.6002251595120454,0.5757575757575757,0.1117762678129687,10
deep_slope_a,fwd_mid_300ms,1692166,97,-0.023170835825318432,-0.00007952954995154228,0.022907784448121152,0.004655815577142766,4.9202516870695,0.6363636363636362,0.1117762678129687,10
deep_slope_a,fwd_micro_300ms,1692166,97,-0.026923242683296586,-0.0024378369172901202,0.02158885835144675,0.005218847020867959,4.136710324162032,0.5272727272727272,0.1117762678129687,10
deep_slope_a,fwd_mid_500ms,1692166,97,-0.026873545070342987,0.0014504854980486638,0.029837315951795736,0.005574504837819953,5.352460320666678,0.7333333333333332,0.1117762678129687,10
deep_slope_a,fwd_micro_500ms,1692166,97,-0.03068831532709669,-0.0024297895664201546,0.02536081122454254,0.0062689645291518865,4.0454545733366185,0.6,0.1117762678129687,10
deep_slope_a,fwd_mid_1s,1692166,97,-0.032844914465572396,-0.0030418901593661975,0.03203771048020377,0.007537130105966303,4.250651113856068,0.7454545454545454,0.1117762678129687,10
deep_slope_a,fwd_micro_1s,1692166,97,-0.03735507149259954,-0.003573083250497837,0.034646220434852396,0.00800341914633395,4.328927399825418,0.5515151515151515,0.1117762678129687,10
deep_slope_a,fwd_mid_3s,1692166,97,-0.036411393560978604,0.009047116984022796,0.06686392639030923,0.01465074379848678,4.563858825871718,0.8060606060606059,0.1117762678129687,10
deep_slope_a,fwd_micro_3s,1692166,97,-0.04147339233832984,0.00681125504291721,0.06687315049975327,0.016419475005722647,4.072794682926592,0.709090909090909,0.1117762678129687,10
deep_slope_a,fwd_mid_5s,1692166,97,-0.03917129786844369,-0.0017537360934131907,0.07224121099969016,0.01949243314236805,3.706115623024468,0.709090909090909,0.1117762678129687,10
deep_slope_a,fwd_micro_5s,1692166,97,-0.0437527601880948,-0.004992287597256121,0.06457432974136057,0.01765440649258846,3.65768907430956,0.6484848484848483,0.1117762678129687,10
deep_slope_a,fwd_mid_10s,1692166,97,-0.0557506918642937,-0.015009127180515638,0.08331033897018725,0.022298800633932633,3.736090578944047,0.6,0.1117762678129687,10
deep_slope_a,fwd_micro_10s,1692166,97,-0.059413422379795695,-0.01911628435348061,0.07702063035848637,0.02261970502070591,3.4050236414658044,0.5757575757575757,0.1117762678129687,10
deep_slope_a,fwd_mid_30s,1692166,97,-0.09356470256986606,0.011809789153740178,0.120784724534391,0.04297231872806106,2.8107565081313193,0.7212121212121211,0.1117762678129687,10
deep_slope_a,fwd_micro_30s,1692166,97,-0.09233957301306915,0.010222087806233774,0.11310058151224302,0.04274325031572921,2.6460454148154198,0.6484848484848483,0.1117762678129687,10
deep_slope_a,fwd_mid_60s,1692166,97,-0.14098969316017243,0.004485990802390206,0.1850459710505036,0.06481380275611126,2.855039562279899,0.6848484848484848,0.1117762678129687,10
deep_slope_a,fwd_micro_60s,1692166,97,-0.1392555733735437,0.004782558376559765,0.18112645710625364,0.06413951848729318,2.8239447594564804,0.5636363636363636,0.1117762678129687,10
curv_b,fwd_mid_100ms,1692166,98,0.0026690459273125237,0.012655200760431853,0.009600041661839937,0.003149305292313427,3.048304553156835,-0.01818181818181818,0.11593366135473707,10
curv_b,fwd_micro_100ms,1692166,98,0.01653671830129127,-0.02850105277497802,-0.04118265994213836,0.0044920357452678155,-9.167927923441544,-0.9878787878787878,0.11593366135473707,10
curv_b,fwd_mid_300ms,1692166,98,0.006524579759560685,0.027868756932924465,0.009967183431834836,0.010571663001164393,0.9428207681929534,0.1515151515151515,0.11593366135473707,10
curv_b,fwd_micro_300ms,1692166,98,0.036793127816736056,-0.06395951192172024,-0.09521212738769524,0.009644651473971986,-9.872013275403901,-0.9999999999999999,0.11593366135473707,10
curv_b,fwd_mid_500ms,1692166,98,0.0073401744868512656,0.03692040725451903,0.016189280191797398,0.011480498223303544,1.4101548449296208,0.22424242424242422,0.11593366135473707,10
curv_b,fwd_micro_500ms,1692166,98,0.04561746610124998,-0.07813003740746789,-0.11987122230039321,0.012323393922060477,-9.727127369174505,-0.9878787878787878,0.11593366135473707,10
curv_b,fwd_mid_1s,1692166,98,0.004365363420604249,0.050163255138192156,0.026622847735607934,0.021022650350616182,1.26638874221811,0.33333333333333326,0.11593366135473707,10
curv_b,fwd_micro_1s,1692166,98,0.048997934829993726,-0.08500567064620794,-0.1314431609817108,0.013857904244348768,-9.485067775332126,-0.9757575757575757,0.11593366135473707,10
curv_b,fwd_mid_3s,1692166,98,0.00873740162786749,0.06256623939761062,0.03550783334217794,0.023926160857326025,1.4840589576369787,0.35757575757575755,0.11593366135473707,10
curv_b,fwd_micro_3s,1692166,98,0.06362091078914837,-0.11048271982507936,-0.1680345785748005,0.018983784732098222,-8.851479351779824,-0.9272727272727272,0.11593366135473707,10
curv_b,fwd_mid_5s,1692166,98,0.008597662424335847,0.05767037517786087,0.0410987036768019,0.02653704241477752,1.5487296223303135,0.35757575757575755,0.11593366135473707,10
curv_b,fwd_micro_5s,1692166,98,0.07314533521114734,-0.13179686797118698,-0.18992525082520184,0.02440039171634055,-7.783696796064628,-0.9878787878787878,0.11593366135473707,10
curv_b,fwd_mid_10s,1692166,98,0.01710854207547679,0.06761205255536754,0.04315924778645312,0.02779860833155091,1.5525686491819148,0.17575757575757575,0.11593366135473707,10
curv_b,fwd_micro_10s,1692166,98,0.08682227284262117,-0.14082676282224005,-0.21138167592921234,0.027131974418947064,-7.790869645726859,-0.9878787878787878,0.11593366135473707,10
curv_b,fwd_mid_30s,1692166,98,0.008397797448337442,0.0884199607690645,0.09146101184134123,0.039610872671217864,2.3089875499713193,0.09090909090909088,0.11593366135473707,10
curv_b,fwd_micro_30s,1692166,98,0.0844065981781886,-0.15152318582611815,-0.20470627355123824,0.04488419661565113,-4.560765012776392,-0.8787878787878788,0.11593366135473707,10
curv_b,fwd_mid_60s,1692166,98,0.028602917601457372,0.08521524405903505,0.09062585350048404,0.058557810077240834,1.5476305104467494,0.32121212121212117,0.11593366135473707,10
curv_b,fwd_micro_60s,1692166,98,0.10468761749658896,-0.1651267514120057,-0.21631417355464433,0.06412947537243444,-3.373085033027189,-0.9151515151515152,0.11593366135473707,10
curv_a,fwd_mid_100ms,1692166,97,-0.002070675108272255,-0.016877605368922546,-0.013827612918290225,0.00309798241058477,-4.463425250913593,-0.29696969696969694,0.11184068229712688,10
curv_a,fwd_micro_100ms,1692166,97,-0.017648680245666865,0.024901620671194696,0.041202819428871267,0.004861706978851996,8.474969719092483,0.9999999999999999,0.11184068229712688,10
curv_a,fwd_mid_300ms,1692166,97,-0.01007500558804056,-0.03532260419454227,-0.023152271870776765,0.005555625330874575,-4.167356596585339,-0.29696969696969694,0.11184068229712688,10
curv_a,fwd_micro_300ms,1692166,97,-0.04287871813666943,0.06146076980658594,0.09833549887563779,0.010732671337948666,9.162257538618771,0.9999999999999999,0.11184068229712688,10
curv_a,fwd_mid_500ms,1692166,97,-0.011359804897253226,-0.04320319145843169,-0.030285311800486478,0.006860913001336835,-4.414180998153664,-0.28484848484848485,0.11184068229712688,10
curv_a,fwd_micro_500ms,1692166,97,-0.05205936678563379,0.07518080497225171,0.11880164145479359,0.013293483903243484,8.93683268580986,0.9999999999999999,0.11184068229712688,10
curv_a,fwd_mid_1s,1692166,97,-0.012829189211791471,-0.05746566352963074,-0.03918267666179374,0.008775478065504414,-4.465019041619759,-0.33333333333333326,0.11184068229712688,10
curv_a,fwd_micro_1s,1692166,97,-0.06260654120907747,0.08478580821311581,0.1422292309222181,0.013857401297350306,10.263773695390777,0.9878787878787878,0.11184068229712688,10
curv_a,fwd_mid_3s,1692166,97,-0.008140575117997238,-0.07155612153037229,-0.07229282320316466,0.02273485869178129,-3.179822851914127,-0.38181818181818183,0.11184068229712688,10
curv_a,fwd_micro_3s,1692166,97,-0.07199615168769909,0.10315724948600959,0.15407807227108336,0.032434604885478065,4.75042235954811,0.9878787878787878,0.11184068229712688,10
curv_a,fwd_mid_5s,1692166,97,-0.003696939313952792,-0.08694898799346566,-0.07891034917247013,0.025380550500031573,-3.1090873766655283,-0.4666666666666666,0.11184068229712688,10
curv_a,fwd_micro_5s,1692166,97,-0.07207313809007634,0.105286921325438,0.17320476915132596,0.029992876894710897,5.774863470395193,0.9878787878787878,0.11184068229712688,10
curv_a,fwd_mid_10s,1692166,97,-0.016818282106973267,-0.10598918458932242,-0.05628116362528502,0.023815845884159973,-2.3631813834803945,-0.43030303030303024,0.11184068229712688,10
curv_a,fwd_micro_10s,1692166,97,-0.09182628059309769,0.10568171877145624,0.22303274380368174,0.027671348440004587,8.060060545558464,0.9515151515151514,0.11184068229712688,10
curv_a,fwd_mid_30s,1692166,97,-0.045982853467746145,-0.12165600770344805,-0.054029741256819815,0.04686513786473351,-1.1528770365034549,-0.23636363636363633,0.11184068229712688,10
curv_a,fwd_micro_30s,1692166,97,-0.12957630988525884,0.12480716253792548,0.27421713958232724,0.05280982049600054,5.192540648819183,0.9878787878787878,0.11184068229712688,10
curv_a,fwd_mid_60s,1692166,97,-0.09298699868611164,-0.14208053486578884,-0.04223764746731898,0.07190706226738375,-0.5873921995347251,-0.2606060606060606,0.11184068229712688,10
curv_a,fwd_micro_60s,1692166,97,-0.1772557191822003,0.12102507778387557,0.3117853369411262,0.08172674346997759,3.814973210766203,0.9757575757575757,0.11184068229712688,10
shape_asym,fwd_mid_100ms,1692166,98,-0.007030362881595356,0.007675929513629483,0.011058117151518252,0.003786721079604101,2.9202354541186253,0.8787878787878788,0.11276612341815165,10
shape_asym,fwd_micro_100ms,1692166,98,0.02683675213314901,-0.02773298695822565,-0.053501747553171664,0.005909357970925953,-9.053732709441586,-0.9999999999999999,0.11276612341815165,10
shape_asym,fwd_mid_300ms,1692166,98,-0.012490252043640473,0.010230771998841016,0.007768130824041997,0.011236617677518825,0.6913228737490773,0.9515151515151514,0.11276612341815165,10
shape_asym,fwd_micro_300ms,1692166,98,0.06061062497190296,-0.06824929821727384,-0.12579486855278013,0.012501105817664497,-10.062699283372805,-0.9999999999999999,0.11276612341815165,10
shape_asym,fwd_mid_500ms,1692166,98,-0.01684012678459925,0.015486586755029876,0.020283240168800464,0.00917019374520719,2.2118660447497653,0.9515151515151514,0.11276612341815165,10
shape_asym,fwd_micro_500ms,1692166,98,0.07498574991307023,-0.08291609286475556,-0.15102650651098895,0.01600751858154682,-9.43472317346485,-0.9999999999999999,0.11276612341815165,10
shape_asym,fwd_mid_1s,1692166,98,-0.026256062175525265,0.0199884145840931,0.019782132831495897,0.022334736240099205,0.8857115042164487,0.9272727272727272,0.11276612341815165,10
shape_asym,fwd_micro_1s,1692166,98,0.08453877337846481,-0.09799624446825297,-0.18327049508586826,0.018188141065061066,-10.076373084543862,-0.9999999999999999,0.11276612341815165,10
shape_asym,fwd_mid_3s,1692166,98,-0.030406553552483524,0.027429056171707517,0.028637856565954883,0.02450307020194191,1.1687456441146418,0.9636363636363635,0.11276612341815165,10
shape_asym,fwd_micro_3s,1692166,98,0.10274069824550985,-0.12442135536206125,-0.2241961340693225,0.024521262949602246,-9.142927692187206,-0.9999999999999999,0.11276612341815165,10
shape_asym,fwd_mid_5s,1692166,98,-0.04014692724888003,0.030219379635105997,0.040441875292449886,0.026731756769500813,1.5128775725878003,0.9757575757575757,0.11276612341815165,10
shape_asym,fwd_micro_5s,1692166,98,0.10991287686072831,-0.13152088419377803,-0.2338851139045454,0.027582897407258958,-8.47935263838505,-0.9999999999999999,0.11276612341815165,10
shape_asym,fwd_mid_10s,1692166,98,-0.04804944308033318,0.028523877601529597,0.05052094355177087,0.029071178038273127,1.737836130522762,0.9393939393939393,0.11276612341815165,10
shape_asym,fwd_micro_10s,1692166,98,0.11326805135735718,-0.14933572304707626,-0.24852050757314006,0.0312624406799742,-7.9494915357755485,-0.9999999999999999,0.11276612341815165,10
shape_asym,fwd_mid_30s,1692166,98,-0.06927876512845355,0.006578878986559733,0.061475879283068115,0.04040879890384103,1.5213488386368388,0.8060606060606059,0.11276612341815165,10
shape_asym,fwd_micro_30s,1692166,98,0.11328119536125532,-0.19286256013131112,-0.28287254722970495,0.04306599417182501,-6.568350566832338,-0.9878787878787878,0.11276612341815165,10
shape_asym,fwd_mid_60s,1692166,98,-0.06542206262317722,-0.030480577767453394,0.04629970977429787,0.0649357925989156,0.7130075405450745,0.41818181818181815,0.11276612341815165,10
shape_asym,fwd_micro_60s,1692166,98,0.12652827198039426,-0.23815638009135684,-0.32041156920970437,0.06883635493936015,-4.654685296627978,-0.9878787878787878,0.11276612341815165,10
hhi_b,fwd_mid_100ms,1692166,98,0.017778467868407317,-0.017254480994672226,-0.05489239849942899,0.011220562375416058,-4.89212542676976,-0.9999999999999999,0.11779104414105945,10
hhi_b,fwd_micro_100ms,1692166,98,0.0027645912418180346,-0.017981480882681623,-0.040777030567845825,0.010833100854303964,-3.7641143672769566,-0.8303030303030302,0.11779104414105945,10
hhi_b,fwd_mid_300ms,1692166,98,0.040215311246383036,-0.04578715575594892,-0.1296614411458355,0.02434066263689264,-5.326947876485102,-0.9757575757575757,0.11779104414105945,10
hhi_b,fwd_micro_300ms,1692166,98,0.0052599402279589124,-0.04476449763502167,-0.08734389088091622,0.025129817378968793,-3.4757073465251103,-0.8060606060606059,0.11779104414105945,10
hhi_b,fwd_mid_500ms,1692166,98,0.04654454982078805,-0.057347063526898834,-0.1573570121992914,0.02831714100835056,-5.556952665273932,-0.9878787878787878,0.11779104414105945,10
hhi_b,fwd_micro_500ms,1692166,98,-0.0008116098517458279,-0.05271164685287327,-0.08861594108566509,0.025960118300389072,-3.4135414970099336,-0.6484848484848483,0.11779104414105945,10
hhi_b,fwd_mid_1s,1692166,98,0.05406952858604531,-0.06261066309022337,-0.17835746149057316,0.029748250086137976,-5.995561452325015,-0.9999999999999999,0.11779104414105945,10
hhi_b,fwd_micro_1s,1692166,98,-0.009322278538838527,-0.046300727691973735,-0.0714533835883429,0.020651725609292765,-3.459923153162109,-0.6,0.11779104414105945,10
hhi_b,fwd_mid_3s,1692166,98,0.08829307557572974,-0.07129240172421461,-0.22833629369859051,0.037361008560037,-6.111620175661671,-0.9757575757575757,0.11779104414105945,10
hhi_b,fwd_micro_3s,1692166,98,0.006443082752761497,-0.05340185751540097,-0.09978338491281238,0.03156970199495814,-3.160732557081101,-0.709090909090909,0.11779104414105945,10
hhi_b,fwd_mid_5s,1692166,98,0.0939597763558503,-0.07918915739821929,-0.2531478662552508,0.0437646592654292,-5.784298804200189,-0.9878787878787878,0.11779104414105945,10
hhi_b,fwd_micro_5s,1692166,98,0.00668594101182483,-0.05582755436263033,-0.11216127938215607,0.03603220354890751,-3.1128065545565775,-0.7575757575757575,0.11779104414105945,10
hhi_b,fwd_mid_10s,1692166,98,0.11581575256434884,-0.06903305698414892,-0.2444595891150051,0.039941020365395305,-6.120514370404107,-0.9515151515151514,0.11779104414105945,10
hhi_b,fwd_micro_10s,1692166,98,0.016202006815172004,-0.04022506637976543,-0.08443342389215892,0.03473531068767049,-2.43076633605955,-0.8424242424242423,0.11779104414105945,10
hhi_b,fwd_mid_30s,1692166,98,0.14525824762509923,-0.035236735811115645,-0.23348424578082413,0.073031622734821,-3.1970294105145274,-0.6242424242424242,0.11779104414105945,10
hhi_b,fwd_micro_30s,1692166,98,0.022920036112018448,-0.0016672063358835903,-0.0383211504771939,0.06963800406853213,-0.5502907642137661,-0.2727272727272727,0.11779104414105945,10
hhi_b,fwd_mid_60s,1692166,98,0.13513554586444326,0.019022528728593523,-0.18617125101459545,0.1265995235094747,-1.4705525412239202,-0.3939393939393939,0.11779104414105945,10
hhi_b,fwd_micro_60s,1692166,98,0.005444292994905884,0.06011253514020486,0.028380270946071724,0.1250835622938497,0.2268904916490947,0.29696969696969694,0.11779104414105945,10
gini_b,fwd_mid_100ms,1692166,98,0.019653647415585927,-0.025088802895170043,-0.06719850734418942,0.010321118948088246,-6.510777337435533,-0.9999999999999999,0.11812434477468522,10
gini_b,fwd_micro_100ms,1692166,98,0.0025726078156157574,-0.024699697606077382,-0.05095587016470552,0.01076369405455186,-4.734050401883802,-0.8060606060606059,0.11812434477468522,10
gini_b,fwd_mid_300ms,1692166,98,0.04274001763495585,-0.06270934156038069,-0.15270027769796451,0.022119214305997715,-6.903512737184305,-0.9999999999999999,0.11812434477468522,10
gini_b,fwd_micro_300ms,1692166,98,0.004001898164474322,-0.057792893867744305,-0.1037897642387282,0.020981493730066577,-4.94672903531158,-0.7696969696969697,0.11812434477468522,10
gini_b,fwd_mid_500ms,1692166,98,0.05039809449356914,-0.07835788558699944,-0.18601708577864148,0.025433749194757715,-7.313789420278724,-0.9999999999999999,0.11812434477468522,10
gini_b,fwd_micro_500ms,1692166,98,-0.0013180087437424481,-0.06804521327626427,-0.10916024227316584,0.022650911613188638,-4.819242780922186,-0.6363636363636362,0.11812434477468522,10
gini_b,fwd_mid_1s,1692166,98,0.0592282570990297,-0.0929397034294821,-0.22717711719677935,0.029596687185236004,-7.675761674776367,-0.9999999999999999,0.11812434477468522,10
gini_b,fwd_micro_1s,1692166,98,-0.010515066063343355,-0.06688791837838176,-0.1101363845797303,0.02289814134715566,-4.8098394935190285,-0.3939393939393939,0.11812434477468522,10
gini_b,fwd_mid_3s,1692166,98,0.09263593635274338,-0.1083089478651913,-0.29301402398526094,0.040435894812306306,-7.246384069039687,-0.9757575757575757,0.11812434477468522,10
gini_b,fwd_micro_3s,1692166,98,0.0014485217434984283,-0.07634381794513657,-0.13965819275902586,0.03363803950133998,-4.151793470409075,-0.5515151515151515,0.11812434477468522,10
gini_b,fwd_mid_5s,1692166,98,0.09743401557724628,-0.11653997148586422,-0.3191290496587844,0.047147032927672215,-6.7688045215561505,-0.9757575757575757,0.11812434477468522,10
gini_b,fwd_micro_5s,1692166,98,-0.0003055774929116102,-0.0811172589157631,-0.15783895706742146,0.04138502373327359,-3.8139148616826533,-0.6121212121212121,0.11812434477468522,10
gini_b,fwd_mid_10s,1692166,98,0.11805387975620116,-0.1092153135978192,-0.29462440817762275,0.04550937550074287,-6.473927733260446,-0.9878787878787878,0.11812434477468522,10
gini_b,fwd_micro_10s,1692166,98,0.007348007903348113,-0.06714087692615188,-0.11056228646148784,0.04145111277582889,-2.6672935672298594,-0.6727272727272726,0.11812434477468522,10
gini_b,fwd_mid_30s,1692166,98,0.14599079191346243,-0.07204074721090163,-0.26817276887263053,0.08171523981129572,-3.281796265811855,-0.9515151515151514,0.11812434477468522,10
gini_b,fwd_micro_30s,1692166,98,0.015130255353094254,-0.020203627348055177,-0.05032730508666588,0.07775102706814017,-0.6472879778495989,-0.7333333333333332,0.11812434477468522,10
gini_b,fwd_mid_60s,1692166,98,0.14742722070831946,-0.018660820934420546,-0.2566541951337904,0.1632627526642945,-1.5720315316594597,-0.709090909090909,0.11812434477468522,10
gini_b,fwd_micro_60s,1692166,98,0.0068827882316394575,0.041850458744788294,-0.01258246655527769,0.16103849919763827,-0.07813328252541378,0.29696969696969694,0.11812434477468522,10
entropy_b,fwd_mid_100ms,1692166,98,-0.023924587468123853,0.020398479776885935,0.06600587653119981,0.01149969692614514,5.73979270541749,0.9999999999999999,0.11668536065610584,10
entropy_b,fwd_micro_100ms,1692166,98,-0.024690792645147255,0.0017506393368629087,0.05089270739462431,0.011249316734078712,4.5240709811689985,0.709090909090909,0.11668536065610584,10
entropy_b,fwd_mid_300ms,1692166,98,-0.061471238005322386,0.04536118386256661,0.15904765898373227,0.02696461561508497,5.898384062065225,0.9999999999999999,0.11668536065610584,10
entropy_b,fwd_micro_300ms,1692166,98,-0.058386297441695385,0.003383692962547582,0.11119551579201493,0.02741632455878756,4.055814102783308,0.6606060606060605,0.11668536065610584,10
entropy_b,fwd_mid_500ms,1692166,98,-0.077324858469318,0.05462620891355397,0.19508140516105274,0.030937817897239206,6.3055967880159125,0.9999999999999999,0.11668536065610584,10
entropy_b,fwd_micro_500ms,1692166,98,-0.06956229490643705,-0.0012572020734859847,0.11722755318122798,0.02874165616736153,4.078663821549341,0.6606060606060605,0.11668536065610584,10
entropy_b,fwd_mid_1s,1692166,98,-0.08785028531501733,0.0662171118229857,0.2317968333201097,0.0329531726412485,7.034127968302586,0.9999999999999999,0.11668536065610584,10
entropy_b,fwd_micro_1s,1692166,98,-0.06448624458826949,-0.009218288743460649,0.10881861620423036,0.02331250228618859,4.6678222212421865,0.6,0.11668536065610584,10
entropy_b,fwd_mid_3s,1692166,98,-0.1023175915991539,0.10254004401295992,0.30091913442435386,0.043397962514676244,6.933946134512411,0.9878787878787878,0.11668536065610584,10
entropy_b,fwd_micro_3s,1692166,98,-0.07399261385991253,0.004463954510983475,0.1463404997349004,0.03608290418484596,4.055674093892926,0.5030303030303029,0.11668536065610584,10
entropy_b,fwd_mid_5s,1692166,98,-0.10619728930168107,0.11001263621342834,0.3237560688946294,0.0481596464008496,6.722559094389819,0.9999999999999999,0.11668536065610584,10
entropy_b,fwd_micro_5s,1692166,98,-0.07466995408738814,0.004101410289343799,0.15596102469182638,0.03993163026222075,3.905701411829931,0.6848484848484848,0.11668536065610584,10
entropy_b,fwd_mid_10s,1692166,98,-0.09763561094054303,0.12837232144151575,0.30962291803977454,0.04541120843076722,6.81820477232659,0.9757575757575757,0.11668536065610584,10
entropy_b,fwd_micro_10s,1692166,98,-0.05971843911033627,0.008222481689921502,0.11933527884198067,0.03981871738654193,2.9969644095646846,0.5636363636363636,0.11668536065610584,10
entropy_b,fwd_mid_30s,1692166,98,-0.06230238769296031,0.15102058452953826,0.2695264186841705,0.07377411774011747,3.6534007717127235,0.8424242424242423,0.11668536065610584,10
entropy_b,fwd_micro_30s,1692166,98,-0.016607266420014078,0.008055958127928703,0.041907700865949304,0.07054925553845945,0.5940204548735969,0.5878787878787878,0.11668536065610584,10
entropy_b,fwd_mid_60s,1692166,98,-0.00915568203375843,0.15062289247815153,0.26823458888357354,0.14379979340160173,1.8653336179312325,0.6606060606060605,0.11668536065610584,10
entropy_b,fwd_micro_60s,1692166,98,0.04517647456393126,-0.001996024628083956,0.017876478977590395,0.14164401511742922,0.12620709009674708,-0.2121212121212121,0.11668536065610584,10
hhi_a,fwd_mid_100ms,1692166,98,-0.015774903371215156,0.01460726515634153,0.03276369527820387,0.007176195194935187,4.565608151423727,0.9999999999999999,0.11832408877143259,10
hhi_a,fwd_micro_100ms,1692166,98,-0.004454726988127642,0.01775289952223225,0.02744044273695273,0.005605303610336913,4.89544271720607,0.8545454545454544,0.11832408877143259,10
hhi_a,fwd_mid_300ms,1692166,98,-0.03689516007504699,0.04161476394899228,0.10507518845032346,0.012094052861413731,8.688170099335974,0.9878787878787878,0.11832408877143259,10
hhi_a,fwd_micro_300ms,1692166,98,-0.00826219813639399,0.047060275930477846,0.08492129468542982,0.012677897647483345,6.6983735826489585,0.8303030303030302,0.11832408877143259,10
hhi_a,fwd_mid_500ms,1692166,98,-0.04923374142009609,0.05025192738579359,0.12103771376163892,0.01671454708128082,7.24145938104378,0.9999999999999999,0.11832408877143259,10
hhi_a,fwd_micro_500ms,1692166,98,-0.00815122470528799,0.05380320009597853,0.08848080749579487,0.014736382779686467,6.004241937700087,0.8181818181818182,0.11832408877143259,10
hhi_a,fwd_mid_1s,1692166,98,-0.06521873527701229,0.0616391197204247,0.15372457106840215,0.02071919631653344,7.419427313680767,0.9999999999999999,0.11832408877143259,10
hhi_a,fwd_micro_1s,1692166,98,-0.013956018957467816,0.055611462710637646,0.09565896703118497,0.019449786062229888,4.918252916773616,0.8787878787878788,0.11832408877143259,10
hhi_a,fwd_mid_3s,1692166,98,-0.07446263621128348,0.08293129583743257,0.19448430540019013,0.02741117798466186,7.095072875343604,0.9878787878787878,0.11832408877143259,10
hhi_a,fwd_micro_3s,1692166,98,-0.0017133792185758964,0.0685629123512593,0.1005928318777123,0.02585693668406155,3.8903615345787896,0.8424242424242423,0.11832408877143259,10
hhi_a,fwd_mid_5s,1692166,98,-0.09255393014853124,0.08199165239056577,0.2115366474951707,0.03125217436682722,6.768701755347537,0.9515151515151514,0.11832408877143259,10
hhi_a,fwd_micro_5s,1692166,98,-0.009174861843119074,0.06411714091701555,0.10579682935908,0.027065762692362865,3.9088804022113384,0.7454545454545454,0.11832408877143259,10
hhi_a,fwd_mid_10s,1692166,98,-0.09788874277879936,0.07219189604172606,0.20246890220881303,0.04541609720873429,4.458086772147273,0.9515151515151514,0.11832408877143259,10
hhi_a,fwd_micro_10s,1692166,98,-0.001489159950326755,0.048779921402443874,0.07828826783379361,0.04393541284071064,1.7818944394042782,0.709090909090909,0.11832408877143259,10
hhi_a,fwd_mid_30s,1692166,98,-0.10850559811288499,0.11662393203989316,0.2580044185061257,0.08309617617355,3.104889182472996,0.9999999999999999,0.11832408877143259,10
hhi_a,fwd_micro_30s,1692166,98,0.002385324298624016,0.08342425367481436,0.09704992462009727,0.08170187034131812,1.1878543809910476,0.41818181818181815,0.11832408877143259,10
hhi_a,fwd_mid_60s,1692166,98,-0.1257257960265552,0.16044859620066296,0.2842862312863533,0.11380184642106847,2.4980810085847827,0.9636363636363635,0.11832408877143259,10
hhi_a,fwd_micro_60s,1692166,98,-0.004494805182003995,0.11839189010988027,0.09966761609989797,0.11277856534005622,0.8837460895106674,0.3696969696969697,0.11832408877143259,10
gini_a,fwd_mid_100ms,1692166,98,-0.017139637072799974,0.019814340767689186,0.04048673504986957,0.008394916466356267,4.822768065903395,0.9878787878787878,0.11826203812155545,10
gini_a,fwd_micro_100ms,1692166,98,-0.0037254035398288756,0.022506381434940742,0.03485201770665321,0.006985881656207915,4.9889218600894,0.7818181818181817,0.11826203812155545,10
gini_a,fwd_mid_300ms,1692166,98,-0.038905384661605466,0.05538962866781433,0.12723702904046721,0.013831511019788231,9.19906934668482,0.9999999999999999,0.11826203812155545,10
gini_a,fwd_micro_300ms,1692166,98,-0.006348050193023374,0.05734878936345785,0.1052905679981205,0.016197849276440964,6.500280759573486,0.4666666666666666,0.11826203812155545,10
gini_a,fwd_mid_500ms,1692166,98,-0.05164287551933188,0.06864751213722509,0.1399876292166709,0.024740123735951948,5.658323729935237,0.9999999999999999,0.11826203812155545,10
gini_a,fwd_micro_500ms,1692166,98,-0.0051406513854674995,0.06609973198582018,0.10574123129808974,0.01824399895321389,5.795945920039762,0.5030303030303029,0.11826203812155545,10
gini_a,fwd_mid_1s,1692166,98,-0.06858785951116672,0.08698833137936798,0.19190040441848644,0.023296122907497184,8.237439559383885,0.9999999999999999,0.11826203812155545,10
gini_a,fwd_micro_1s,1692166,98,-0.010188667618945194,0.06937643565674877,0.11760041554156407,0.01984179776477046,5.926903244138802,0.7333333333333332,0.11826203812155545,10
gini_a,fwd_mid_3s,1692166,98,-0.07858622870984756,0.11737667522305022,0.24057704701371807,0.029759400075787274,8.084069114331893,0.9999999999999999,0.11826203812155545,10
gini_a,fwd_micro_3s,1692166,98,0.0018293285225394096,0.09044892680940338,0.13097754679552312,0.025291732199696215,5.178670474657972,0.6,0.11826203812155545,10
gini_a,fwd_mid_5s,1692166,98,-0.10190542656670525,0.11950257265606397,0.2704217629218579,0.032458455505352736,8.331319488607907,0.9999999999999999,0.11826203812155545,10
gini_a,fwd_micro_5s,1692166,98,-0.008720723041400577,0.08808459313040475,0.14882901592324826,0.027008550304604514,5.510440739867306,0.6484848484848483,0.11826203812155545,10
gini_a,fwd_mid_10s,1692166,98,-0.10369694264331361,0.1264551628534305,0.2834805210875655,0.04463432547894583,6.351177441256153,0.9999999999999999,0.11826203812155545,10
gini_a,fwd_micro_10s,1692166,98,0.0032859091709142503,0.08909058037619483,0.1435050845747855,0.04090750586035454,3.5080379885458446,0.5636363636363636,0.11826203812155545,10
gini_a,fwd_mid_30s,1692166,98,-0.10767520867437931,0.1845987602551609,0.3652278312080353,0.07711076358296917,4.736405324466275,0.9393939393939393,0.11826203812155545,10
gini_a,fwd_micro_30s,1692166,98,0.01577758029821823,0.13190601177879743,0.18038737592270263,0.07475729309378953,2.4129736171210876,0.22424242424242422,0.11826203812155545,10
gini_a,fwd_mid_60s,1692166,98,-0.1369339126957242,0.23737865973182679,0.4140518433455641,0.12275131847826609,3.3730948757090102,0.8909090909090909,0.11826203812155545,10
gini_a,fwd_micro_60s,1692166,98,-0.0032705100817763413,0.17499721387675735,0.20387162464971592,0.1194932777945177,1.7061346747914674,0.2606060606060606,0.11826203812155545,10
entropy_a,fwd_mid_100ms,1692166,98,0.020933452944243355,-0.019339424144273806,-0.04648273080664993,0.0078032906667815,-5.956811400673086,-0.9999999999999999,0.11835836436850758,10
entropy_a,fwd_micro_100ms,1692166,98,0.023454841466515997,-0.005522245275388131,-0.037552278584856706,0.006821187201751681,-5.505240872910405,-0.8303030303030302,0.11835836436850758,10
entropy_a,fwd_mid_300ms,1692166,98,0.05658038924764959,-0.04351021305546508,-0.13511617066167989,0.014594668566367852,-9.257912918491577,-0.9999999999999999,0.11835836436850758,10
entropy_a,fwd_micro_300ms,1692166,98,0.059302811415585695,-0.009245533403984395,-0.10841027518210021,0.01583644663616381,-6.845618696718023,-0.6969696969696969,0.11835836436850758,10
entropy_a,fwd_mid_500ms,1692166,98,0.07085667542189328,-0.056988188689372166,-0.13788517085187313,0.03370014373321973,-4.091530645786344,-0.9999999999999999,0.11835836436850758,10
entropy_a,fwd_micro_500ms,1692166,98,0.07035855178432694,-0.007519524100667547,-0.10891862429032155,0.019649864356466033,-5.542970796868657,-0.5757575757575757,0.11835836436850758,10
entropy_a,fwd_mid_1s,1692166,98,0.08783160429680671,-0.07576664155221713,-0.2017337297173289,0.02353761103877561,-8.570696889543925,-0.9999999999999999,0.11835836436850758,10
entropy_a,fwd_micro_1s,1692166,98,0.0732859822473614,-0.01222756492002626,-0.12722599785883135,0.02052226161181797,-6.199414093111787,-0.7696969696969697,0.11835836436850758,10
entropy_a,fwd_mid_3s,1692166,98,0.11620517031206123,-0.0853346238971305,-0.24258372924781413,0.03278882007297712,-7.3983671479456286,-0.9999999999999999,0.11835836436850758,10
entropy_a,fwd_micro_3s,1692166,98,0.09158584489515435,0.0006806569521703642,-0.131900005670418,0.027265701123704945,-4.837579824996448,-0.6606060606060605,0.11835836436850758,10
entropy_a,fwd_mid_5s,1692166,98,0.11824742150073737,-0.10816362668586463,-0.26421569866534855,0.03746514156973113,-7.052307494249907,-0.9999999999999999,0.11835836436850758,10
entropy_a,fwd_micro_5s,1692166,98,0.08895587951684458,-0.007609264814606837,-0.1429724591869021,0.027002289879436658,-5.2948272100353035,-0.6606060606060605,0.11835836436850758,10
entropy_a,fwd_mid_10s,1692166,98,0.12068143800814925,-0.11160011661190557,-0.26944863078869147,0.04940398277037259,-5.453986008396856,-0.9878787878787878,0.11835836436850758,10
entropy_a,fwd_micro_10s,1692166,98,0.08574137043267999,0.0029595603165409007,-0.12857246800421093,0.04263155298842098,-3.0158992340516444,-0.6,0.11835836436850758,10
entropy_a,fwd_mid_30s,1692166,98,0.18065155663377427,-0.11733178386358262,-0.3478138210438294,0.08081116110069789,-4.304031971653303,-0.9515151515151514,0.11835836436850758,10
entropy_a,fwd_micro_30s,1692166,98,0.13160693125478565,0.015444768560767251,-0.157874656213909,0.07694284903926193,-2.0518431301309064,-0.28484848484848485,0.11835836436850758,10
entropy_a,fwd_mid_60s,1692166,98,0.2340482509588357,-0.13884855225391526,-0.38516786091862754,0.12406715034457928,-3.1045112251621583,-0.8909090909090909,0.11835836436850758,10
entropy_a,fwd_micro_60s,1692166,98,0.17511557331952546,0.0017388290836408407,-0.17404178114716354,0.12204891366715485,-1.4260002479153628,-0.406060606060606,0.11835836436850758,10
liq_conc,fwd_mid_100ms,1692166,98,-0.0005365665882923234,-0.0023274828220831803,-0.0012200922940473452,0.006105606680006704,-0.19983145950796907,-0.3939393939393939,0.12515261505076924,10
liq_conc,fwd_micro_100ms,1692166,98,-0.0018771484558749209,-0.00008062179803346002,0.005983788649907,0.005130017628522268,1.166426527783817,-0.23636363636363633,0.12515261505076924,10
liq_conc,fwd_mid_300ms,1692166,98,0.00035946098697713823,-0.005599837288846185,0.00042266463243876304,0.010896187351181016,0.03879013996514581,-0.6121212121212121,0.12515261505076924,10
liq_conc,fwd_micro_300ms,1692166,98,-0.0025718420639404514,0.0023850225602182022,0.017904897686137747,0.009207421379964446,1.944615864448129,0.10303030303030303,0.12515261505076924,10
liq_conc,fwd_mid_500ms,1692166,98,-0.0008779468171955596,-0.006135624737589821,-0.004068834718644057,0.013227120964201746,-0.3076130270265212,-0.7818181818181817,0.12515261505076924,10
liq_conc,fwd_micro_500ms,1692166,98,-0.005787043437235528,0.003390214926009168,0.012957309611049338,0.009913891835507919,1.3069851705100326,0.23636363636363633,0.12515261505076924,10
liq_conc,fwd_mid_1s,1692166,98,-0.007523092228693759,-0.005050251092191239,-0.007393691907968791,0.014953327953695573,-0.494451264017219,0.05454545454545454,0.12515261505076924,10
liq_conc,fwd_micro_1s,1692166,98,-0.012451170434621671,0.005818679355537025,0.013210663625559543,0.014306367448621996,0.923411458079948,0.6484848484848483,0.12515261505076924,10
liq_conc,fwd_mid_3s,1692166,98,0.0057353231903739576,0.0034505265799891376,-0.021552297075789432,0.020502676933338883,-1.0511942974989665,-0.0303030303030303,0.12515261505076924,10
liq_conc,fwd_micro_3s,1692166,98,0.00026454792853903756,0.012572622212759899,0.0015052339931555163,0.018281513678432296,0.08233639837664665,0.19999999999999998,0.12515261505076924,10
liq_conc,fwd_mid_5s,1692166,98,-0.003215555421772053,-0.0009821067646435607,-0.012188923663412038,0.024642547427356037,-0.4946292058215111,0.1515151515151515,0.12515261505076924,10
liq_conc,fwd_micro_5s,1692166,98,-0.006841646006525825,0.008640720338362365,0.008550687470454853,0.021828083344176137,0.39172873475106224,0.38181818181818183,0.12515261505076924,10
liq_conc,fwd_mid_10s,1692166,98,0.0022955158633683544,-0.001709228081528798,0.004108137139483565,0.04041415502974392,0.10165094721045305,0.13939393939393938,0.12515261505076924,10
liq_conc,fwd_micro_10s,1692166,98,-0.00027234077283384595,0.006271225409391212,0.024961796268292074,0.04012784964373697,0.6220566636365483,0.5636363636363636,0.12515261505076924,10
liq_conc,fwd_mid_30s,1692166,98,0.01496129779765934,0.03466728217120277,0.018696719084403374,0.09890635538926149,0.18903455709008285,0.3696969696969697,0.12515261505076924,10
liq_conc,fwd_micro_30s,1692166,98,0.00930503156907584,0.04303989879002289,0.045187112486398874,0.09548737764081994,0.47322602843249323,0.5393939393939393,0.12515261505076924,10
liq_conc,fwd_mid_60s,1692166,98,0.004299709834374624,0.08414744201078292,0.03187311853642326,0.15599400298698513,0.204322717066774,0.6606060606060605,0.12515261505076924,10
liq_conc,fwd_micro_60s,1692166,98,-0.0030583795460452055,0.09077534078101711,0.05828107697979777,0.15252001342702298,0.38212084873493546,0.6606060606060605,0.12515261505076924,10
gap12_b,fwd_mid_100ms,1692166,0,NaN,-0.006646903654428169,NaN,NaN,NaN,-0.39999999999999997,0.510706987375943,5
gap12_b,fwd_micro_100ms,1692166,0,NaN,-0.006976029004639579,NaN,NaN,NaN,-0.39999999999999997,0.510706987375943,5
gap12_b,fwd_mid_300ms,1692166,0,NaN,-0.016782310838051623,NaN,NaN,NaN,-0.39999999999999997,0.510706987375943,5
gap12_b,fwd_micro_300ms,1692166,0,NaN,-0.015196260127250302,NaN,NaN,NaN,-0.39999999999999997,0.510706987375943,5
gap12_b,fwd_mid_500ms,1692166,0,NaN,-0.023849069899145092,NaN,NaN,NaN,-0.39999999999999997,0.510706987375943,5
gap12_b,fwd_micro_500ms,1692166,0,NaN,-0.02179376719113655,NaN,NaN,NaN,-0.39999999999999997,0.510706987375943,5
gap12_b,fwd_mid_1s,1692166,0,NaN,-0.03266323929782253,NaN,NaN,NaN,-0.39999999999999997,0.510706987375943,5
gap12_b,fwd_micro_1s,1692166,0,NaN,-0.027948189401314244,NaN,NaN,NaN,-0.39999999999999997,0.510706987375943,5
gap12_b,fwd_mid_3s,1692166,0,NaN,-0.037799170103452684,NaN,NaN,NaN,-0.39999999999999997,0.510706987375943,5
gap12_b,fwd_micro_3s,1692166,0,NaN,-0.033988752042670684,NaN,NaN,NaN,-0.39999999999999997,0.510706987375943,5
gap12_b,fwd_mid_5s,1692166,0,NaN,-0.04740249572077478,NaN,NaN,NaN,-0.39999999999999997,0.510706987375943,5
gap12_b,fwd_micro_5s,1692166,0,NaN,-0.04394940692436831,NaN,NaN,NaN,-0.7,0.510706987375943,5
gap12_b,fwd_mid_10s,1692166,0,NaN,-0.05159808305390089,NaN,NaN,NaN,-0.39999999999999997,0.510706987375943,5
gap12_b,fwd_micro_10s,1692166,0,NaN,-0.04931312898931947,NaN,NaN,NaN,-0.8999999999999998,0.510706987375943,5
gap12_b,fwd_mid_30s,1692166,0,NaN,-0.06037530331382706,NaN,NaN,NaN,-0.7999999999999999,0.510706987375943,5
gap12_b,fwd_micro_30s,1692166,0,NaN,-0.058393144587484694,NaN,NaN,NaN,-0.8999999999999998,0.510706987375943,5
gap12_b,fwd_mid_60s,1692166,0,NaN,-0.06041205378905689,NaN,NaN,NaN,-0.7999999999999999,0.510706987375943,5
gap12_b,fwd_micro_60s,1692166,0,NaN,-0.05594978709173897,NaN,NaN,NaN,-0.7999999999999999,0.510706987375943,5
max_gap_b,fwd_mid_100ms,1692166,74,-0.3119801347110665,0.0007061442196825974,0.6934687426143299,0.5465259400039423,1.2688670232364958,NaN,0.9978034069943492,2
max_gap_b,fwd_micro_100ms,1692166,74,-0.37279943499576196,0.0002529438359870326,0.9258586954992428,0.4523935310207417,2.0465781051515375,NaN,0.9978034069943492,2
max_gap_b,fwd_mid_300ms,1692166,74,-0.759644649871433,0.0017169903002050104,2.069247785168981,0.7728548338654002,2.677408090753249,NaN,0.9978034069943492,2
max_gap_b,fwd_micro_300ms,1692166,74,-0.7782747941589199,0.001688139849692228,1.5062562823488788,1.208387364053224,1.2465011859247934,NaN,0.9978034069943492,2
max_gap_b,fwd_mid_500ms,1692166,74,-1.0965577760986145,0.002108088502420171,3.063236436489502,1.0577798305158104,2.8959111793573915,NaN,0.9978034069943492,2
max_gap_b,fwd_micro_500ms,1692166,74,-1.1136601533760604,0.0022593052737311945,2.4665406805908865,1.4251768623332608,1.730690937932246,NaN,0.9978034069943492,2
max_gap_b,fwd_mid_1s,1692166,74,-1.3152053254168032,0.0013093176762508955,3.2033993308405635,1.1550343590344454,2.7734234101212842,NaN,0.9978034069943492,2
max_gap_b,fwd_micro_1s,1692166,74,-1.2160549284816728,0.001895084202955671,2.3479556121494745,1.5159881471894778,1.548795494544201,NaN,0.9978034069943492,2
max_gap_b,fwd_mid_3s,1692166,74,-1.5475149320923915,0.008296573663953694,2.686530629665454,1.3724454531160177,1.9574771613443145,NaN,0.9978034069943492,2
max_gap_b,fwd_micro_3s,1692166,74,-1.5165100782811076,0.008035755162159,2.4848414229654066,1.599620302697942,1.5533945266726348,NaN,0.9978034069943492,2
max_gap_b,fwd_mid_5s,1692166,74,-1.6550959047804952,0.0037451047297209577,2.5032627479004064,1.3870593589536628,1.8047264752885261,NaN,0.9978034069943492,2
max_gap_b,fwd_micro_5s,1692166,74,-1.6013735014391057,0.0036129864211940296,2.4877022973604643,1.606453635984332,1.548567752990991,NaN,0.9978034069943492,2
max_gap_b,fwd_mid_10s,1692166,74,-1.7199509499875467,0.0040832017330032794,3.267035855527274,1.502994494078167,2.1736845134160308,NaN,0.9978034069943492,2
max_gap_b,fwd_micro_10s,1692166,74,-1.6572002466060909,0.003935611489570083,3.0977776109986177,1.6941850033876094,1.8284765859716934,NaN,0.9978034069943492,2
max_gap_b,fwd_mid_30s,1692166,74,-1.3972273931859471,0.0047367314489982475,4.633044144508634,2.6321166501643583,1.7601971190066106,NaN,0.9978034069943492,2
max_gap_b,fwd_micro_30s,1692166,74,-1.3928920527494766,0.004608156285103972,4.7377458311578575,2.6993330047583974,1.755154263222113,NaN,0.9978034069943492,2
max_gap_b,fwd_mid_60s,1692166,74,-0.9801817899387802,0.004674527356939583,3.5453185018798488,3.884237221300851,0.9127451028061832,NaN,0.9978034069943492,2
max_gap_b,fwd_micro_60s,1692166,74,-0.9528328907137975,0.004426162386966454,3.6149545054513634,3.895406369566894,0.9280044653860562,NaN,0.9978034069943492,2
mean_gap_b,fwd_mid_100ms,1692166,98,-0.07162727125762913,0.00835523234416373,0.10637298255374841,0.010796511672665135,9.852532538177684,0.9515151515151514,0.6802210894203051,10
mean_gap_b,fwd_micro_100ms,1692166,98,-0.07377056426657659,0.007841736547852798,0.11335407061583891,0.011466085153062945,9.886030768361993,0.9393939393939393,0.6802210894203051,10
mean_gap_b,fwd_mid_300ms,1692166,98,-0.1612995072137445,0.018997969145447376,0.2155092121435178,0.025506105715809867,8.449318549241925,0.9878787878787878,0.6802210894203051,10
mean_gap_b,fwd_micro_300ms,1692166,98,-0.1614893687301945,0.017847915545432226,0.23171944120807988,0.019740438701561287,11.738312643971433,0.9636363636363635,0.6802210894203051,10
mean_gap_b,fwd_mid_500ms,1692166,98,-0.20085162337695625,0.02361481032532052,0.2647165390950012,0.03335268773075767,7.936887762448033,0.9878787878787878,0.6802210894203051,10
mean_gap_b,fwd_micro_500ms,1692166,98,-0.1963781435894793,0.022590549744334613,0.2739517193149941,0.02548694423915125,10.748707916666165,0.9515151515151514,0.6802210894203051,10
mean_gap_b,fwd_mid_1s,1692166,98,-0.24002799432825542,0.027527080299126597,0.3312979794906913,0.04026046389269952,8.228866422742982,0.9393939393939393,0.6802210894203051,10
mean_gap_b,fwd_micro_1s,1692166,98,-0.21939583096185775,0.025411393565417374,0.31073168081623465,0.03220142609934808,9.649624828961393,0.8545454545454544,0.6802210894203051,10
mean_gap_b,fwd_mid_3s,1692166,98,-0.28406213172100064,0.04465907734499227,0.40923271552286644,0.04609738064103919,8.877569827873,0.9636363636363635,0.6802210894203051,10
mean_gap_b,fwd_micro_3s,1692166,98,-0.2671006333385978,0.04024718978734104,0.39797982097143836,0.033947963242788516,11.723231173698771,0.9393939393939393,0.6802210894203051,10
mean_gap_b,fwd_mid_5s,1692166,98,-0.31441632675554876,0.04380562530412768,0.4450325509600395,0.05348430319741804,8.32080674805395,0.9636363636363635,0.6802210894203051,10
mean_gap_b,fwd_micro_5s,1692166,98,-0.3013700615309127,0.04020479147094632,0.4420002904778009,0.04202152844610695,10.518424884156007,0.9393939393939393,0.6802210894203051,10
mean_gap_b,fwd_mid_10s,1692166,98,-0.32605273580571176,0.04776893968611175,0.4747631797268702,0.062022573844872725,7.654683614296956,0.9030303030303028,0.6802210894203051,10
mean_gap_b,fwd_micro_10s,1692166,98,-0.31416872271411944,0.044221007270604816,0.48277214573426697,0.05391073553662329,8.95502799078496,0.8787878787878788,0.6802210894203051,10
mean_gap_b,fwd_mid_30s,1692166,98,-0.32937564643992556,0.054665452421933255,0.4904637867851008,0.09789222564586107,5.010242473793809,0.8060606060606059,0.6802210894203051,10
mean_gap_b,fwd_micro_30s,1692166,98,-0.32846758708499774,0.05027408698345036,0.5088976638463791,0.09728869398835964,5.230799623101812,0.7454545454545454,0.6802210894203051,10
mean_gap_b,fwd_mid_60s,1692166,98,-0.25871538140161443,0.05528578884683529,0.4499489166246332,0.15844282431480622,2.8398188341470143,0.4666666666666666,0.6802210894203051,10
mean_gap_b,fwd_micro_60s,1692166,98,-0.24286150911135054,0.048146816632242385,0.443851704301156,0.15999426625110538,2.774172566937782,0.41818181818181815,0.6802210894203051,10
empty_lv_b,fwd_mid_100ms,1692166,3,0.011981890235385645,-0.009419146288750796,-0.14889743019299664,0.1437878726078958,-1.0355353862076702,-0.9272727272727272,0.4204735232831767,10
empty_lv_b,fwd_micro_100ms,1692166,3,0.01117304971244134,-0.009892936736047814,-0.11349742367090349,0.11534216483748728,-0.98400635908661,-0.8787878787878788,0.4204735232831767,10
empty_lv_b,fwd_mid_300ms,1692166,3,0.03132059457333323,-0.023136575091192015,-0.2481049989437315,0.23291096982285184,-1.0652353520851163,-0.9515151515151514,0.4204735232831767,10
empty_lv_b,fwd_micro_300ms,1692166,3,0.01829020254746457,-0.023624447300142296,-0.2019542220574697,0.19943354592654947,-1.012639178224553,-0.8181818181818182,0.4204735232831767,10
empty_lv_b,fwd_mid_500ms,1692166,3,0.04364590226253363,-0.03250774174234797,-0.3479238467480763,0.3297344982785453,-1.0551636197137173,-0.9151515151515152,0.4204735232831767,10
empty_lv_b,fwd_micro_500ms,1692166,3,0.03646158557763807,-0.03264582998286314,-0.24486099898250893,0.23584855249980702,-1.038212854762843,-0.8424242424242423,0.4204735232831767,10
empty_lv_b,fwd_mid_1s,1692166,3,0.07540477533541681,-0.04131291230542893,-0.4942583419419118,0.47939187089441426,-1.031011103754765,-0.9515151515151514,0.4204735232831767,10
empty_lv_b,fwd_micro_1s,1692166,3,0.0660413650282461,-0.0379882600266492,-0.3924250882424842,0.384700387601788,-1.0200797838776607,-0.9757575757575757,0.4204735232831767,10
empty_lv_b,fwd_mid_3s,1692166,3,0.12913730164056764,-0.0431928616469627,-0.5792416586140191,0.5436969113406849,-1.0653760331021296,-0.9636363636363635,0.4204735232831767,10
empty_lv_b,fwd_micro_3s,1692166,3,0.11812943881282326,-0.0408263297850067,-0.4990702864357675,0.41993852717985997,-1.1884365309068567,-0.9757575757575757,0.4204735232831767,10
empty_lv_b,fwd_mid_5s,1692166,3,0.15473072882444425,-0.054295127013797524,-0.6479425847066903,0.6306122527865498,-1.027481755775536,-0.9272727272727272,0.4204735232831767,10
empty_lv_b,fwd_micro_5s,1692166,3,0.1465892768263715,-0.05232029972250606,-0.48854542712826343,0.4710076047665249,-1.0372346904471572,-0.9515151515151514,0.4204735232831767,10
empty_lv_b,fwd_mid_10s,1692166,3,0.20991694699624716,-0.056649322504925895,-0.900618493702905,0.8453389038262213,-1.065393405681998,-0.9393939393939393,0.4204735232831767,10
empty_lv_b,fwd_micro_10s,1692166,3,0.18728519007917097,-0.05539870186340952,-0.8175846644233217,0.764934391104323,-1.0688297897588162,-0.9393939393939393,0.4204735232831767,10
empty_lv_b,fwd_mid_30s,1692166,3,0.34553581328473326,-0.05960880761230386,-1.179693067354898,1.113207455500755,-1.0597243681091193,-0.9030303030303028,0.4204735232831767,10
empty_lv_b,fwd_micro_30s,1692166,3,0.3430829117643841,-0.058822140981692875,-1.1463114551038653,0.9815025808442511,-1.1679148659169616,-0.9030303030303028,0.4204735232831767,10
empty_lv_b,fwd_mid_60s,1692166,3,0.41782813285799353,-0.05297715462499155,-1.5770661325849045,1.3908425862282057,-1.1338926117165524,-0.7939393939393938,0.4204735232831767,10
empty_lv_b,fwd_micro_60s,1692166,3,0.40104861546718334,-0.04968708690021704,-1.5414716112589029,1.263759290794553,-1.219750962455632,-0.7696969696969697,0.4204735232831767,10
wall_dist_b,fwd_mid_100ms,1692166,92,0.005697582894945987,0.007840380133430988,0.002861687805105615,0.005534419187065602,0.5170710255908366,-0.38181818181818183,0.36314522334097243,10
wall_dist_b,fwd_micro_100ms,1692166,92,-0.02575258439400035,0.003541203550377648,0.040884238653640936,0.007559347545960742,5.408434842433855,-0.13939393939393938,0.36314522334097243,10
wall_dist_b,fwd_mid_300ms,1692166,92,0.01681620290134369,0.017238530628109414,-0.002857631526650469,0.007462566547831096,-0.3829287830580224,-0.2606060606060606,0.36314522334097243,10
wall_dist_b,fwd_micro_300ms,1692166,92,-0.058301587799217014,0.00798859666059094,0.08569870343790563,0.013912274459587076,6.159934789012868,-0.10303030303030303,0.36314522334097243,10
wall_dist_b,fwd_mid_500ms,1692166,92,0.023712606210102054,0.01992859069547572,-0.006357130982078771,0.008300173077935694,-0.7659034242283331,-0.35757575757575755,0.36314522334097243,10
wall_dist_b,fwd_micro_500ms,1692166,92,-0.07155797202823665,0.006606468937156221,0.10194844922989779,0.016449736934419437,6.197573227847846,-0.1515151515151515,0.36314522334097243,10
wall_dist_b,fwd_mid_1s,1692166,92,0.040531466844791565,0.020601697885566136,-0.02102390581259826,0.009763762281096787,-2.1532586729709475,-0.406060606060606,0.36314522334097243,10
wall_dist_b,fwd_micro_1s,1692166,92,-0.06535310423373296,0.004329649249357441,0.10038544481201873,0.016601628494461965,6.04672275647571,-0.2606060606060606,0.36314522334097243,10
wall_dist_b,fwd_mid_3s,1692166,92,0.04793868677506656,0.035129973914402,-0.017387284056575428,0.015182808209968769,-1.1451955274755587,-0.5393939393939393,0.36314522334097243,10
wall_dist_b,fwd_micro_3s,1692166,92,-0.08704910028282604,0.01127945835933656,0.1305816494067158,0.023669771510438222,5.516810728364239,-0.29696969696969694,0.36314522334097243,10
wall_dist_b,fwd_mid_5s,1692166,92,0.058295886092037785,0.033349598787465254,-0.02627916091839614,0.018889605570069867,-1.3911969109632891,-0.5030303030303029,0.36314522334097243,10
wall_dist_b,fwd_micro_5s,1692166,92,-0.09374120574060338,0.008158013737790409,0.1418497317065164,0.028555046874831378,4.967588823380423,-0.2606060606060606,0.36314522334097243,10
wall_dist_b,fwd_mid_10s,1692166,92,0.0989505140419789,0.03464973465871401,-0.0589324164556992,0.024325508970675196,-2.422659132301947,-0.5515151515151515,0.36314522334097243,10
wall_dist_b,fwd_micro_10s,1692166,92,-0.07585642504317248,0.0064726366232089865,0.13291255112800213,0.03417728880942642,3.8889144153337165,-0.309090909090909,0.36314522334097243,10
wall_dist_b,fwd_mid_30s,1692166,92,0.21356365325610396,0.04096959558147968,-0.1866817818735565,0.045797514965548826,-4.076242608665292,-0.5515151515151515,0.36314522334097243,10
wall_dist_b,fwd_micro_30s,1692166,92,0.010848787363999203,0.003616750186282034,0.024584312100133076,0.04890397959429903,0.5027057573653778,-0.5515151515151515,0.36314522334097243,10
wall_dist_b,fwd_mid_60s,1692166,92,0.3132478773300545,0.026906798676188764,-0.29979655881206996,0.07511310966359362,-3.9912681042598024,-0.5272727272727272,0.36314522334097243,10
wall_dist_b,fwd_micro_60s,1692166,92,0.09746272359616234,-0.013111595737802451,-0.07693182271138713,0.07729706576745926,-0.9952748134428423,-0.7212121212121211,0.36314522334097243,10
cliff_b,fwd_mid_100ms,1692166,3,0.010713024423111861,0.0019213575135934124,0.0035060853834084156,0.0030991105770548635,1.1313198726649847,-0.43030303030303024,0.3684555770533151,10
cliff_b,fwd_micro_100ms,1692166,3,0.013496317561340197,0.0013611353285976503,0.012263306016511155,0.011455875304533175,1.0704817999946694,-0.406060606060606,0.3684555770533151,10
cliff_b,fwd_mid_300ms,1692166,3,0.022431427613736805,0.003251924911378981,0.03453103392949077,0.015681736446985995,2.2019904521560547,-0.5393939393939393,0.3684555770533151,10
cliff_b,fwd_micro_300ms,1692166,3,0.030983498797494555,0.002948572037700454,0.03699823304227321,0.02872531066655723,1.28800114546185,-0.4545454545454545,0.3684555770533151,10
cliff_b,fwd_mid_500ms,1692166,3,0.03460439844662159,0.0004111802127943755,0.018449638684253308,0.009179442550002853,2.0098866117145175,-0.6484848484848483,0.3684555770533151,10
cliff_b,fwd_micro_500ms,1692166,3,0.050465021536598736,-0.002028789413132236,0.01003086432682877,0.01491770672413215,0.6724132946387793,-0.7696969696969697,0.3684555770533151,10
cliff_b,fwd_mid_1s,1692166,3,0.06041115053073484,0.0006121304311637291,0.030537482171062155,0.017700290472391352,1.7252531656864085,-0.5878787878787878,0.3684555770533151,10
cliff_b,fwd_micro_1s,1692166,3,0.0570475020879384,-0.0011251145221198404,0.044185473132831804,0.026217121580603117,1.685367060490831,-0.5272727272727272,0.3684555770533151,10
cliff_b,fwd_mid_3s,1692166,3,0.10916477852661938,0.014219185684604322,0.0009013189439410693,0.060658602476727996,0.014858880804035425,-0.5272727272727272,0.3684555770533151,10
cliff_b,fwd_micro_3s,1692166,3,0.13687791388248927,0.010880254634638467,-0.02857754994737373,0.044394778281549606,-0.6437142171571676,-0.5515151515151515,0.3684555770533151,10
cliff_b,fwd_mid_5s,1692166,3,0.10592594547699662,0.008260141459444361,0.031173258323521382,0.07295150696801138,0.42731479607666767,-0.5030303030303029,0.3684555770533151,10
cliff_b,fwd_micro_5s,1692166,3,0.11811486958302121,0.005366164321814441,-0.02063625845085343,0.067972016853362,-0.3035993252248587,-0.49090909090909085,0.3684555770533151,10
cliff_b,fwd_mid_10s,1692166,3,0.15300216072305206,0.010201926971818508,0.05176916222934275,0.016767746869305516,3.0874250805938432,-0.5393939393939393,0.3684555770533151,10
cliff_b,fwd_micro_10s,1692166,3,0.16156756798822222,0.006735999385038107,0.014769882318299449,0.01862071777767123,0.7931961858103312,-0.5030303030303029,0.3684555770533151,10
cliff_b,fwd_mid_30s,1692166,3,0.2814179073219836,0.02082890909832724,0.0008201456454165016,0.11561075848194077,0.007094025298213178,-0.5515151515151515,0.3684555770533151,10
cliff_b,fwd_micro_30s,1692166,3,0.3082498734639075,0.017705909839438483,-0.05377125221848173,0.15048111578703452,-0.3573289042764705,-0.5151515151515151,0.3684555770533151,10
cliff_b,fwd_mid_60s,1692166,3,0.3144086920230816,0.02135864869431469,0.010909766529703694,0.16585846644334024,0.0657775678483717,-0.5272727272727272,0.3684555770533151,10
cliff_b,fwd_micro_60s,1692166,3,0.3442614563943028,0.016672314826263974,-0.0187332279279193,0.2549847513892036,-0.07346803220920954,-0.5030303030303029,0.3684555770533151,10
gap12_a,fwd_mid_100ms,1692166,0,NaN,0.008896425760848202,NaN,NaN,NaN,0.8999999999999998,0.5079803045327704,5
gap12_a,fwd_micro_100ms,1692166,0,NaN,0.008536760005578396,NaN,NaN,NaN,0.8999999999999998,0.5079803045327704,5
gap12_a,fwd_mid_300ms,1692166,0,NaN,0.02081174453181097,NaN,NaN,NaN,0.8999999999999998,0.5079803045327704,5
gap12_a,fwd_micro_300ms,1692166,0,NaN,0.020020333622043255,NaN,NaN,NaN,0.6,0.5079803045327704,5
gap12_a,fwd_mid_500ms,1692166,0,NaN,0.02397264289538687,NaN,NaN,NaN,0.8999999999999998,0.5079803045327704,5
gap12_a,fwd_micro_500ms,1692166,0,NaN,0.023275208610337182,NaN,NaN,NaN,0.9999999999999999,0.5079803045327704,5
gap12_a,fwd_mid_1s,1692166,0,NaN,0.0282584732617323,NaN,NaN,NaN,0.9999999999999999,0.5079803045327704,5
gap12_a,fwd_micro_1s,1692166,0,NaN,0.02675643442980509,NaN,NaN,NaN,0.9999999999999999,0.5079803045327704,5
gap12_a,fwd_mid_3s,1692166,0,NaN,0.047044548291745425,NaN,NaN,NaN,0.9999999999999999,0.5079803045327704,5
gap12_a,fwd_micro_3s,1692166,0,NaN,0.04312867015718847,NaN,NaN,NaN,0.9999999999999999,0.5079803045327704,5
gap12_a,fwd_mid_5s,1692166,0,NaN,0.04678622364459722,NaN,NaN,NaN,0.9999999999999999,0.5079803045327704,5
gap12_a,fwd_micro_5s,1692166,0,NaN,0.04261498356054144,NaN,NaN,NaN,0.9999999999999999,0.5079803045327704,5
gap12_a,fwd_mid_10s,1692166,0,NaN,0.05190015855149812,NaN,NaN,NaN,0.9999999999999999,0.5079803045327704,5
gap12_a,fwd_micro_10s,1692166,0,NaN,0.04845419349482634,NaN,NaN,NaN,0.9999999999999999,0.5079803045327704,5
gap12_a,fwd_mid_30s,1692166,0,NaN,0.06090015017748539,NaN,NaN,NaN,0.8999999999999998,0.5079803045327704,5
gap12_a,fwd_micro_30s,1692166,0,NaN,0.05783642163318335,NaN,NaN,NaN,0.9999999999999999,0.5079803045327704,5
gap12_a,fwd_mid_60s,1692166,0,NaN,0.07778847535169024,NaN,NaN,NaN,0.8999999999999998,0.5079803045327704,5
gap12_a,fwd_micro_60s,1692166,0,NaN,0.07131899368876121,NaN,NaN,NaN,0.8999999999999998,0.5079803045327704,5
max_gap_a,fwd_mid_100ms,1692166,80,0.23258314721909254,-0.0006806988614231896,-0.5813336078620726,0.44547004642127247,-1.30498921876403,NaN,0.9969991123802274,2
max_gap_a,fwd_micro_100ms,1692166,80,0.3051546150084196,-0.0014866965255893765,-1.3510126515264378,0.3616802800456128,-3.735378249972757,NaN,0.9969991123802274,2
max_gap_a,fwd_mid_300ms,1692166,80,0.5977382980313717,-0.001754421633954228,-1.0099736928395298,0.7285660809493191,-1.3862485768257802,NaN,0.9969991123802274,2
max_gap_a,fwd_micro_300ms,1692166,80,0.6922648909788837,-0.0021088588652201173,-1.8819090976942434,0.6076465809399446,-3.097045481245352,NaN,0.9969991123802274,2
max_gap_a,fwd_mid_500ms,1692166,80,0.6743973921332227,-0.0023360342123162625,0.10134054103525622,1.2162675586908465,0.08332092746462473,NaN,0.9969991123802274,2
max_gap_a,fwd_micro_500ms,1692166,80,0.8131733757204092,-0.002640080103634716,-1.0682875202749158,1.1613128020047534,-0.9198964468752521,NaN,0.9969991123802274,2
max_gap_a,fwd_mid_1s,1692166,80,0.8369843180689108,-0.004106548348740574,0.17504881559951757,1.3884051254261345,0.12607906179098188,NaN,0.9969991123802274,2
max_gap_a,fwd_micro_1s,1692166,80,0.9075898799776848,-0.0035143777635172242,-1.063171438860493,1.248525853450354,-0.851541388528218,NaN,0.9969991123802274,2
max_gap_a,fwd_mid_3s,1692166,80,1.072138599611294,0.0016667231910341182,-0.4497881052553715,1.3694008155318245,-0.32845613946906443,NaN,0.9969991123802274,2
max_gap_a,fwd_micro_3s,1692166,80,1.1771789507227015,0.0011578412596446941,-1.424895313533573,1.3281310287761718,-1.0728574836825897,NaN,0.9969991123802274,2
max_gap_a,fwd_mid_5s,1692166,80,1.2083979934024638,-0.003535570256426578,-0.2620978281258459,1.5233233184685904,-0.17205659819435776,NaN,0.9969991123802274,2
max_gap_a,fwd_micro_5s,1692166,80,1.3305922355281563,-0.003917228601580058,-1.6638590522445427,1.448609302065999,-1.1485906171329672,NaN,0.9969991123802274,2
max_gap_a,fwd_mid_10s,1692166,80,1.34693128197806,-0.0037570635604667097,-0.31157576561872347,2.0716963465526037,-0.1503964449892474,NaN,0.9969991123802274,2
max_gap_a,fwd_micro_10s,1692166,80,1.5073239472489102,-0.004249289329786994,-1.6257267918068095,2.0683846497731415,-0.7859886177288724,NaN,0.9969991123802274,2
max_gap_a,fwd_mid_30s,1692166,80,1.8410701551094546,-0.003879299117644271,1.251550072731562,2.288652884240568,0.5468501061692707,NaN,0.9969991123802274,2
max_gap_a,fwd_micro_30s,1692166,80,2.0306006602383158,-0.004568898031005147,-0.03906870268093845,2.241564020261549,-0.017429215640416933,NaN,0.9969991123802274,2
max_gap_a,fwd_mid_60s,1692166,80,2.6227814687620628,-0.005375605167175005,-1.2950759874832205,3.229740461844677,-0.40098453816426277,NaN,0.9969991123802274,2
max_gap_a,fwd_micro_60s,1692166,80,2.7455802609513777,-0.005933529824041966,-2.532692122954399,3.2107961462718895,-0.7888050214259635,NaN,0.9969991123802274,2
mean_gap_a,fwd_mid_100ms,1692166,98,0.06494348564067459,-0.007762734657169143,-0.07796303447746782,0.012005530664334896,-6.493926562452952,-0.9757575757575757,0.6749656948549965,10
mean_gap_a,fwd_micro_100ms,1692166,98,0.07186316077071263,-0.008657338357614619,-0.09722510847728005,0.012260154187523428,-7.930170125937029,-0.8545454545454544,0.6749656948549965,10
mean_gap_a,fwd_mid_300ms,1692166,98,0.16054980276955216,-0.019384226480755332,-0.21088530873223965,0.024259136652952117,-8.693026126573915,-0.9757575757575757,0.6749656948549965,10
mean_gap_a,fwd_micro_300ms,1692166,98,0.1711397210654664,-0.01926528182433483,-0.24306248645141582,0.0241842412476897,-10.050449131813691,-0.9515151515151514,0.6749656948549965,10
mean_gap_a,fwd_mid_500ms,1692166,98,0.19727644293193658,-0.025554277508610713,-0.26579651558474454,0.028641808008509545,-9.28001875809571,-0.9636363636363635,0.6749656948549965,10
mean_gap_a,fwd_micro_500ms,1692166,98,0.20748949320264948,-0.025359262446423492,-0.2983963034851903,0.02789548428855703,-10.696939346831668,-0.9636363636363635,0.6749656948549965,10
mean_gap_a,fwd_mid_1s,1692166,98,0.2307390353121793,-0.0332828863980519,-0.30208135638985856,0.03430760173731081,-8.805085202482507,-0.9878787878787878,0.6749656948549965,10
mean_gap_a,fwd_micro_1s,1692166,98,0.2255763880901307,-0.029348663746641145,-0.3070300740561917,0.02955593425552838,-10.388102483979587,-0.9515151515151514,0.6749656948549965,10
mean_gap_a,fwd_mid_3s,1692166,98,0.29683164737503065,-0.034831437180345405,-0.38155016090983457,0.04296957516692318,-8.879542314012488,-0.9636363636363635,0.6749656948549965,10
mean_gap_a,fwd_micro_3s,1692166,98,0.28855250193021087,-0.03077364571341208,-0.3811386285001778,0.03644046309560921,-10.45921473336331,-0.9515151515151514,0.6749656948549965,10
mean_gap_a,fwd_mid_5s,1692166,98,0.31736846324191154,-0.042312985808381345,-0.41391039432718085,0.04749002287025842,-8.715733733335398,-0.9515151515151514,0.6749656948549965,10
mean_gap_a,fwd_micro_5s,1692166,98,0.3110259929242465,-0.03842976933879955,-0.42560602058446695,0.04243427472437049,-10.029770117410221,-0.9272727272727272,0.6749656948549965,10
mean_gap_a,fwd_mid_10s,1692166,98,0.37182673489619494,-0.047121362646816364,-0.4795952109744115,0.06026088680079456,-7.958648410864207,-0.9757575757575757,0.6749656948549965,10
mean_gap_a,fwd_micro_10s,1692166,98,0.3678835544938142,-0.04265423544355872,-0.4888530364334627,0.05466490004082388,-8.94272258923708,-0.9272727272727272,0.6749656948549965,10
mean_gap_a,fwd_mid_30s,1692166,98,0.48103294074382685,-0.06355343532433404,-0.6263988399829985,0.10347275625134862,-6.053756202853969,-0.8424242424242423,0.6749656948549965,10
mean_gap_a,fwd_micro_30s,1692166,98,0.4848345320173271,-0.05882578654090545,-0.6452029098565477,0.09993915495118864,-6.455957228892637,-0.8424242424242423,0.6749656948549965,10
mean_gap_a,fwd_mid_60s,1692166,98,0.6481290459265951,-0.08720922081499971,-0.8119584439897325,0.1671437515887777,-4.857845036214017,-0.6363636363636362,0.6749656948549965,10
mean_gap_a,fwd_micro_60s,1692166,98,0.641061616657039,-0.08018196414067208,-0.8146810438863293,0.16567029921304519,-4.917483989321966,-0.6121212121212121,0.6749656948549965,10
empty_lv_a,fwd_mid_100ms,1692166,2,-0.01714574965196531,0.010517776777698483,NaN,NaN,NaN,0.8787878787878788,0.41669907089493585,10
empty_lv_a,fwd_micro_100ms,1692166,2,-0.01598089801524108,0.011822741505550478,NaN,NaN,NaN,0.8060606060606059,0.41669907089493585,10
empty_lv_a,fwd_mid_300ms,1692166,2,-0.026968736376856626,0.026217757205695535,NaN,NaN,NaN,0.7818181818181817,0.41669907089493585,10
empty_lv_a,fwd_micro_300ms,1692166,2,-0.034803507730071806,0.027737532821266814,NaN,NaN,NaN,0.8060606060606059,0.41669907089493585,10
empty_lv_a,fwd_mid_500ms,1692166,2,-0.043159363439586804,0.031339541408339944,NaN,NaN,NaN,0.8181818181818182,0.41669907089493585,10
empty_lv_a,fwd_micro_500ms,1692166,2,-0.050952792695851,0.033563294015361726,NaN,NaN,NaN,0.8545454545454544,0.41669907089493585,10
empty_lv_a,fwd_mid_1s,1692166,2,-0.08533812785206153,0.03739727320519098,NaN,NaN,NaN,0.8545454545454544,0.41669907089493585,10
empty_lv_a,fwd_micro_1s,1692166,2,-0.10206890947073681,0.03753434988522225,NaN,NaN,NaN,0.8909090909090909,0.41669907089493585,10
empty_lv_a,fwd_mid_3s,1692166,2,-0.1261822440267007,0.05886050543221376,NaN,NaN,NaN,0.8666666666666665,0.41669907089493585,10
empty_lv_a,fwd_micro_3s,1692166,2,-0.14781937012750937,0.05764431858020745,NaN,NaN,NaN,0.8787878787878788,0.41669907089493585,10
empty_lv_a,fwd_mid_5s,1692166,2,-0.1341806271932647,0.057006022328417325,NaN,NaN,NaN,0.9030303030303028,0.41669907089493585,10
empty_lv_a,fwd_micro_5s,1692166,2,-0.11928527345945672,0.05570680076195907,NaN,NaN,NaN,0.8787878787878788,0.41669907089493585,10
empty_lv_a,fwd_mid_10s,1692166,2,-0.2122256432942896,0.064067616042093,NaN,NaN,NaN,0.7575757575757575,0.41669907089493585,10
empty_lv_a,fwd_micro_10s,1692166,2,-0.21776935309517628,0.06315553338787158,NaN,NaN,NaN,0.7454545454545454,0.41669907089493585,10
empty_lv_a,fwd_mid_30s,1692166,2,-0.16963919744199488,0.09589960412598138,NaN,NaN,NaN,0.5636363636363636,0.41669907089493585,10
empty_lv_a,fwd_micro_30s,1692166,2,-0.17503229604718348,0.09543943149307002,NaN,NaN,NaN,0.6242424242424242,0.41669907089493585,10
empty_lv_a,fwd_mid_60s,1692166,2,-0.32301644089795434,0.1405041246465041,NaN,NaN,NaN,0.4787878787878787,0.41669907089493585,10
empty_lv_a,fwd_micro_60s,1692166,2,-0.3312720334137,0.13745631755331778,NaN,NaN,NaN,0.4787878787878787,0.41669907089493585,10
wall_dist_a,fwd_mid_100ms,1692166,91,-0.012481976089767421,-0.006184212297163475,0.012935609298032533,0.00532993504423043,2.4269731602142364,0.1515151515151515,0.38413075312942113,10
wall_dist_a,fwd_micro_100ms,1692166,91,0.021551207556627,-0.004677272851849576,-0.03332952982404034,0.006789182580139339,-4.909211003035994,-0.406060606060606,0.38413075312942113,10
wall_dist_a,fwd_mid_300ms,1692166,91,-0.0242090500688252,-0.01550859828442267,0.029926866996499556,0.0146103641163675,2.0483313597211104,0.3939393939393939,0.38413075312942113,10
wall_dist_a,fwd_micro_300ms,1692166,91,0.06128107338120229,-0.010246031222390801,-0.09014711944000615,0.014834396566238556,-6.076898311129892,-0.19999999999999998,0.38413075312942113,10
wall_dist_a,fwd_mid_500ms,1692166,91,-0.03790135798985753,-0.019805041077821883,0.036803818593556074,0.01280622915609552,2.8738997362106518,0.5030303030303029,0.38413075312942113,10
wall_dist_a,fwd_micro_500ms,1692166,91,0.0670701960547811,-0.011770131112532485,-0.10236084803655701,0.01833731964832181,-5.582105236733703,-0.0303030303030303,0.38413075312942113,10
wall_dist_a,fwd_mid_1s,1692166,91,-0.04662462159782323,-0.027804924488808235,0.051973062651858866,0.02730163825080764,1.9036609515665746,0.5393939393939393,0.38413075312942113,10
wall_dist_a,fwd_micro_1s,1692166,91,0.07693889402167249,-0.013653415426151384,-0.11710101162693459,0.022381352106416015,-5.232079414601833,0.12727272727272726,0.38413075312942113,10
wall_dist_a,fwd_mid_3s,1692166,91,-0.06203387777287292,-0.02841302260446906,0.06472205863595652,0.026453695366133116,2.4466169183612743,0.5151515151515151,0.38413075312942113,10
wall_dist_a,fwd_micro_3s,1692166,91,0.09139425860400582,-0.009437272902831584,-0.12203175495667938,0.028754110827699325,-4.243975954878914,0.17575757575757575,0.38413075312942113,10
wall_dist_a,fwd_mid_5s,1692166,91,-0.07599698257670982,-0.03682549543865321,0.08898157179992776,0.036568185884213456,2.4333056083687556,0.5030303030303029,0.38413075312942113,10
wall_dist_a,fwd_micro_5s,1692166,91,0.09349323180462052,-0.013867464351901988,-0.12159457319117144,0.03128469762804086,-3.8867108334198734,0.2121212121212121,0.38413075312942113,10
wall_dist_a,fwd_mid_10s,1692166,91,-0.10443006902733026,-0.04283660373514882,0.11813716661189871,0.035230454029848625,3.3532683544699213,0.5030303030303029,0.38413075312942113,10
wall_dist_a,fwd_micro_10s,1692166,91,0.0838557196248672,-0.01571732530862417,-0.11413045448466923,0.03120292992767751,-3.6576839017746745,0.13939393939393938,0.38413075312942113,10
wall_dist_a,fwd_mid_30s,1692166,91,-0.15541997604427601,-0.04051012229371316,0.19565905401069755,0.06408698288114606,3.053023331954344,0.6969696969696969,0.38413075312942113,10
wall_dist_a,fwd_micro_30s,1692166,91,0.06880691055127604,-0.006534649724348361,-0.07055557978272879,0.05585996403758244,-1.2630795776248473,0.4787878787878787,0.38413075312942113,10
wall_dist_a,fwd_mid_60s,1692166,91,-0.204446676514659,-0.05291898937873525,0.2568470507342716,0.083540897571378,3.074506717082127,0.5878787878787878,0.38413075312942113,10
wall_dist_a,fwd_micro_60s,1692166,91,0.029247232643351915,-0.015345950514484025,-0.013243354850574445,0.07813909823811346,-0.1694843573727705,0.5515151515151515,0.38413075312942113,10
cliff_a,fwd_mid_100ms,1692166,2,-0.017490135173305832,-0.0007904308932694961,NaN,NaN,NaN,0.8424242424242423,0.3567067297180064,10
cliff_a,fwd_micro_100ms,1692166,2,-0.007934136839319934,-0.00025585076469105436,NaN,NaN,NaN,0.7333333333333332,0.3567067297180064,10
cliff_a,fwd_mid_300ms,1692166,2,-0.03890460500200432,-0.0018520436954183263,NaN,NaN,NaN,0.8545454545454544,0.3567067297180064,10
cliff_a,fwd_micro_300ms,1692166,2,-0.0613100827294509,0.00020294145458498692,NaN,NaN,NaN,0.8424242424242423,0.3567067297180064,10
cliff_a,fwd_mid_500ms,1692166,2,-0.05387312320377429,-0.005374061292315451,NaN,NaN,NaN,0.7575757575757575,0.3567067297180064,10
cliff_a,fwd_micro_500ms,1692166,2,-0.060021957285139614,-0.001272079056748275,NaN,NaN,NaN,0.7575757575757575,0.3567067297180064,10
cliff_a,fwd_mid_1s,1692166,2,-0.1060001474718264,-0.008519720395073782,NaN,NaN,NaN,0.6969696969696969,0.3567067297180064,10
cliff_a,fwd_micro_1s,1692166,2,-0.11894177482118919,-0.0030853366141591785,NaN,NaN,NaN,0.6363636363636362,0.3567067297180064,10
cliff_a,fwd_mid_3s,1692166,2,-0.16450029567261895,-0.0033793987857621854,NaN,NaN,NaN,0.6484848484848483,0.3567067297180064,10
cliff_a,fwd_micro_3s,1692166,2,-0.1769592207918194,0.0017089866978206138,NaN,NaN,NaN,0.5272727272727272,0.3567067297180064,10
cliff_a,fwd_mid_5s,1692166,2,-0.21722483982864985,-0.015767084827909502,NaN,NaN,NaN,0.5636363636363636,0.3567067297180064,10
cliff_a,fwd_micro_5s,1692166,2,-0.18065370152163499,-0.011096527064130172,NaN,NaN,NaN,0.4545454545454545,0.3567067297180064,10
cliff_a,fwd_mid_10s,1692166,2,-0.263063337965824,-0.01716165077981187,NaN,NaN,NaN,0.5151515151515151,0.3567067297180064,10
cliff_a,fwd_micro_10s,1692166,2,-0.2694423658184029,-0.011737279979552491,NaN,NaN,NaN,0.41818181818181815,0.3567067297180064,10
cliff_a,fwd_mid_30s,1692166,2,-0.2574490910587513,-0.012317809864610273,NaN,NaN,NaN,0.34545454545454546,0.3567067297180064,10
cliff_a,fwd_micro_30s,1692166,2,-0.22766288906553733,-0.008147766523159267,NaN,NaN,NaN,0.33333333333333326,0.3567067297180064,10
cliff_a,fwd_mid_60s,1692166,2,-0.37741453938202174,-0.008641405141401146,NaN,NaN,NaN,0.34545454545454546,0.3567067297180064,10
cliff_a,fwd_micro_60s,1692166,2,-0.3481760562659997,-0.0034255683591399434,NaN,NaN,NaN,0.29696969696969694,0.3567067297180064,10
gap_asym,fwd_mid_100ms,1692166,98,0.10940752025032781,-0.012187759898801984,-0.1583802003206289,0.012712234305239562,-12.458879888278164,-1.0,0.5039322383264999,8
gap_asym,fwd_micro_100ms,1692166,98,0.1096627768645782,-0.012250272416797235,-0.15930803365859852,0.013352893204290202,-11.930600449003354,-1.0,0.5039322383264999,8
gap_asym,fwd_mid_300ms,1692166,98,0.24384974802087686,-0.02888652244070203,-0.36414327274533403,0.028769405780823924,-12.657309487707652,-0.9523809523809524,0.5039322383264999,8
gap_asym,fwd_micro_300ms,1692166,98,0.23862342333267292,-0.02566008857236917,-0.35357990344528384,0.027636211657791076,-12.794080021658981,-0.9285714285714287,0.5039322383264999,8
gap_asym,fwd_mid_500ms,1692166,98,0.3020277562322813,-0.03838585171972323,-0.4467877086445436,0.042582514340121023,-10.49228105874393,-0.9523809523809524,0.5039322383264999,8
gap_asym,fwd_micro_500ms,1692166,98,0.2884532941226683,-0.03459356782410142,-0.4211818993089911,0.040446023668984886,-10.413431558958536,-0.8333333333333335,0.5039322383264999,8
gap_asym,fwd_mid_1s,1692166,98,0.36248680746899437,-0.05101652394379251,-0.5282867685242331,0.04435458858602177,-11.91053249202544,-0.8333333333333335,0.5039322383264999,8
gap_asym,fwd_micro_1s,1692166,98,0.32689656569575265,-0.04291086069980457,-0.4687416919605786,0.03985335422285892,-11.761662251548195,-0.8333333333333335,0.5039322383264999,8
gap_asym,fwd_mid_3s,1692166,98,0.4791115840502001,-0.0619524682473257,-0.6872779776372858,0.054931092181134344,-12.511638679438565,-0.8571428571428572,0.5039322383264999,8
gap_asym,fwd_micro_3s,1692166,98,0.4258630685983123,-0.05328440312015663,-0.6061686955882286,0.049295029560476315,-12.29675082849005,-0.8333333333333335,0.5039322383264999,8
gap_asym,fwd_mid_5s,1692166,98,0.5237679900845642,-0.07270955391287687,-0.742600267943564,0.05654530223911636,-13.132837539770993,-0.8571428571428572,0.5039322383264999,8
gap_asym,fwd_micro_5s,1692166,98,0.4748498112584,-0.06566432476698428,-0.6648848078070778,0.05156541718423383,-12.89400617921049,-0.8333333333333335,0.5039322383264999,8
gap_asym,fwd_mid_10s,1692166,98,0.5857061265665462,-0.08222845048810574,-0.8415325111276075,0.06448501922476489,-13.050046681298415,-0.9285714285714287,0.5039322383264999,8
gap_asym,fwd_micro_10s,1692166,98,0.5432041385635837,-0.07626232347763186,-0.7651851863657213,0.06058739399564695,-12.629445432505282,-0.880952380952381,0.5039322383264999,8
gap_asym,fwd_mid_30s,1692166,98,0.7980498522631978,-0.10685756008725109,-1.0484411215884197,0.09132886701208695,-11.479843732756079,-0.6666666666666669,0.5039322383264999,8
gap_asym,fwd_micro_30s,1692166,98,0.7612477543923565,-0.10172619535503705,-0.9743010513863881,0.08892003343014054,-10.957047740561654,-0.6666666666666669,0.5039322383264999,8
gap_asym,fwd_mid_60s,1692166,98,0.990427200310086,-0.12815506327301332,-1.2458579287124483,0.14221749280346924,-8.760229871539805,-0.6666666666666669,0.5039322383264999,8
gap_asym,fwd_micro_60s,1692166,98,0.9408542424408748,-0.11990390028116782,-1.1526997286569844,0.13883343873937048,-8.302752846314833,-0.6666666666666669,0.5039322383264999,8
med_gap,fwd_mid_100ms,1692166,98,-0.005920924495639179,0.0004293730270776996,0.009449791549271827,0.00915487578113846,1.032214065508237,-0.16363636363636364,0.5404103379928447,10
med_gap,fwd_micro_100ms,1692166,98,-0.0008712221369819645,-0.00044557957673662345,0.00013226472570543346,0.008727240411199828,0.015155389272386228,-0.006060606060606061,0.5404103379928447,10
med_gap,fwd_mid_300ms,1692166,98,-0.0011290859601374215,-0.0004571330463123584,-0.0026898775694764896,0.013379623089359593,-0.2010428508719104,-0.33333333333333326,0.5404103379928447,10
med_gap,fwd_micro_300ms,1692166,98,0.0085694645605871,-0.0009270813785182935,-0.026490097937467975,0.01427209985417568,-1.8560757147251599,-0.5636363636363636,0.5404103379928447,10
med_gap,fwd_mid_500ms,1692166,98,-0.0008079201944231555,-0.0019294047637030546,-0.006520181688400121,0.01564943344568476,-0.41664011103213594,-0.2606060606060606,0.5404103379928447,10
med_gap,fwd_micro_500ms,1692166,98,0.011467982246211815,-0.002382386549360523,-0.02903782282702939,0.014700402376234182,-1.975308027892774,-0.4545454545454545,0.5404103379928447,10
med_gap,fwd_mid_1s,1692166,98,0.0020364267580011463,-0.0040842576100992185,-0.007893992553544603,0.020830452562875634,-0.37896404457449967,-0.006060606060606061,0.5404103379928447,10
med_gap,fwd_micro_1s,1692166,98,0.014659220160167057,-0.00291900914877295,-0.0280059953428884,0.019141897412167857,-1.463073108159379,-0.406060606060606,0.5404103379928447,10
med_gap,fwd_mid_3s,1692166,98,0.016924830120505302,0.0027861252081645615,-0.03333686312043648,0.029250679149101,-1.1396953537559509,0.10303030303030303,0.5404103379928447,10
med_gap,fwd_micro_3s,1692166,98,0.026551686298167173,0.002756677508503908,-0.04320973677668392,0.02468561676734772,-1.750401344390897,-0.06666666666666665,0.5404103379928447,10
med_gap,fwd_mid_5s,1692166,98,0.012985062268322222,-0.0013307756751956658,-0.02233066274605683,0.040499584013910433,-0.5513800521602121,-0.22424242424242422,0.5404103379928447,10
med_gap,fwd_micro_5s,1692166,98,0.025062048304231085,-0.0011395672733084058,-0.015868175377684313,0.044114713686493674,-0.3597025584355673,-0.19999999999999998,0.5404103379928447,10
med_gap,fwd_mid_10s,1692166,98,0.03434861712081629,-0.003007084102238701,-0.06941298442926365,0.05982356914846947,-1.160294937552042,-0.38181818181818183,0.5404103379928447,10
med_gap,fwd_micro_10s,1692166,98,0.042355503034461305,-0.001956842007833042,-0.05542564666629569,0.06017137826322343,-0.9211297508232694,-0.23636363636363633,0.5404103379928447,10
med_gap,fwd_mid_30s,1692166,98,0.10246355268537673,-0.01210439495688957,-0.21260045258059562,0.13526476586411054,-1.571735634349731,-0.5151515151515151,0.5404103379928447,10
med_gap,fwd_micro_30s,1692166,98,0.1113107355511079,-0.011497280020077163,-0.19668647008410445,0.13430907006784948,-1.4644317765341053,-0.4787878787878787,0.5404103379928447,10
med_gap,fwd_mid_60s,1692166,98,0.21281569277693396,-0.030530600049273833,-0.36773986797815794,0.21331487767382443,-1.7239297698703497,-0.41818181818181815,0.5404103379928447,10
med_gap,fwd_micro_60s,1692166,98,0.22355121381488768,-0.030292429278754012,-0.36377114720468495,0.21173001582717418,-1.718089642526713,-0.41818181818181815,0.5404103379928447,10
cum_gap,fwd_mid_100ms,1692166,13,0.002953792532526531,-0.000035169840644139946,-0.02647040944069632,0.023824074762162976,-1.1110781721830478,0.18787878787878787,0.25018644742891655,10
cum_gap,fwd_micro_100ms,1692166,13,0.0008297709455071606,0.0021881738170975557,-0.04293601104900147,0.022641801758106327,-1.89631600469381,0.22424242424242422,0.25018644742891655,10
cum_gap,fwd_mid_300ms,1692166,13,-0.0012334807425678268,0.0026146905723423426,-0.018285845323914047,0.02521862834231629,-0.7250927796588688,0.29696969696969694,0.25018644742891655,10
cum_gap,fwd_micro_300ms,1692166,13,-0.0069714895050334924,0.004387505690282075,-0.015243576598246721,0.014683687621299442,-1.0381299978171106,0.5878787878787878,0.25018644742891655,10
cum_gap,fwd_mid_500ms,1692166,13,0.0016594249089118716,-0.00008095702900142693,-0.006690025260995204,0.03288524753437782,-0.2034354539676655,-0.28484848484848485,0.25018644742891655,10
cum_gap,fwd_micro_500ms,1692166,13,0.00010669872213077824,0.0024493839339024257,0.027680601403888318,0.019973157229539962,1.3858901267221377,0.22424242424242422,0.25018644742891655,10
cum_gap,fwd_mid_1s,1692166,13,0.002908768867262853,-0.00002471446682098972,-0.007918305086259769,0.04800968871449278,-0.1649313981881631,-0.309090909090909,0.25018644742891655,10
cum_gap,fwd_micro_1s,1692166,13,-0.0003549531584554088,0.003248369269231392,0.003637949417601527,0.0381147513923713,0.09544728181880954,0.22424242424242422,0.25018644742891655,10
cum_gap,fwd_mid_3s,1692166,13,0.03322030087763709,0.01103604265121246,-0.02535066595187551,0.054096211879532105,-0.4686218326771086,-0.3696969696969697,0.25018644742891655,10
cum_gap,fwd_micro_3s,1692166,13,0.025585548025526574,0.010441709338935222,-0.015210641184840577,0.05662174573888829,-0.26863603349470344,-0.12727272727272726,0.25018644742891655,10
cum_gap,fwd_mid_5s,1692166,13,0.04622968708269327,0.0020770185261867117,-0.06587422433032841,0.06830394656486427,-0.9644277914127775,-0.4545454545454545,0.25018644742891655,10
cum_gap,fwd_micro_5s,1692166,13,0.04610794076434542,0.0024375987176814547,-0.07513093013548855,0.07524494504040737,-0.9984847499741333,-0.1515151515151515,0.25018644742891655,10
cum_gap,fwd_mid_10s,1692166,13,0.0515401644471372,0.01290151463198079,-0.07742433866038555,0.13377239273596,-0.5787766599436233,-0.4424242424242424,0.25018644742891655,10
cum_gap,fwd_micro_10s,1692166,13,0.04785470103663021,0.011530550388305843,-0.08755474617861678,0.13259617161837858,-0.6603112677386018,-0.38181818181818183,0.25018644742891655,10
cum_gap,fwd_mid_30s,1692166,13,0.09849360378472251,0.035249431645488084,0.2146789680769239,0.2780516990514864,0.7720829213029629,-0.32121212121212117,0.25018644742891655,10
cum_gap,fwd_micro_30s,1692166,13,0.08990039132460566,0.033583526026537656,0.1922659621337671,0.2967062806444488,0.6480009850690172,-0.2727272727272727,0.25018644742891655,10
cum_gap,fwd_mid_60s,1692166,13,0.07377888458604907,0.07943988286035737,0.6969550830915983,0.5204135780892615,1.3392330877501746,-0.06666666666666665,0.25018644742891655,10
cum_gap,fwd_micro_60s,1692166,13,0.07121781091037033,0.07950033868303114,0.663071245124512,0.5356669210897428,1.2378424334576832,-0.01818181818181818,0.25018644742891655,10
wgt_gap,fwd_mid_100ms,1692166,1,144.66798417753478,0.0004999861751862758,NaN,NaN,NaN,-0.21428571428571433,0.33032929393451943,7
wgt_gap,fwd_micro_100ms,1692166,1,109.56479265822423,0.0007148844221858563,NaN,NaN,NaN,-0.3214285714285715,0.33032929393451943,7
wgt_gap,fwd_mid_300ms,1692166,1,153.88301017094477,0.001259760891796596,NaN,NaN,NaN,0.03571428571428572,0.33032929393451943,7
wgt_gap,fwd_micro_300ms,1692166,1,121.56935916094807,0.003188242806125868,NaN,NaN,NaN,0.21428571428571433,0.33032929393451943,7
wgt_gap,fwd_mid_500ms,1692166,1,151.45882650292145,-0.0022499659667023697,NaN,NaN,NaN,-0.642857142857143,0.33032929393451943,7
wgt_gap,fwd_micro_500ms,1692166,1,118.66170823997005,0.00015872284428892938,NaN,NaN,NaN,-0.03571428571428572,0.33032929393451943,7
wgt_gap,fwd_mid_1s,1692166,1,149.0340550257495,-0.002000457829766801,NaN,NaN,NaN,-0.5357142857142858,0.33032929393451943,7
wgt_gap,fwd_micro_1s,1692166,1,118.31051616902977,0.0025752584296068015,NaN,NaN,NaN,-0.07142857142857144,0.33032929393451943,7
wgt_gap,fwd_mid_3s,1692166,1,155.33723834190764,0.004060577558473341,NaN,NaN,NaN,-0.3214285714285715,0.33032929393451943,7
wgt_gap,fwd_micro_3s,1692166,1,133.70591330974605,0.0061205927899832145,NaN,NaN,NaN,-0.10714285714285716,0.33032929393451943,7
wgt_gap,fwd_mid_5s,1692166,1,153.39822044839107,-0.001287510992951847,NaN,NaN,NaN,-0.42857142857142866,0.33032929393451943,7
wgt_gap,fwd_micro_5s,1692166,1,132.87047673892715,0.0014252395447362236,NaN,NaN,NaN,-0.14285714285714288,0.33032929393451943,7
wgt_gap,fwd_mid_10s,1692166,1,38.81591902196369,-0.0017696521231167462,NaN,NaN,NaN,-0.21428571428571433,0.33032929393451943,7
wgt_gap,fwd_micro_10s,1692166,1,14.805853124050989,0.0009160338374715717,NaN,NaN,NaN,-0.03571428571428572,0.33032929393451943,7
wgt_gap,fwd_mid_30s,1692166,1,191.1414182591266,-0.005157274433387588,NaN,NaN,NaN,-0.4642857142857144,0.33032929393451943,7
wgt_gap,fwd_micro_30s,1692166,1,168.01024459706085,-0.0016427751679667709,NaN,NaN,NaN,-0.07142857142857144,0.33032929393451943,7
wgt_gap,fwd_mid_60s,1692166,1,232.1102669830336,-0.007573540396942511,NaN,NaN,NaN,-0.4642857142857144,0.33032929393451943,7
wgt_gap,fwd_micro_60s,1692166,1,211.880372405585,-0.005086345403004122,NaN,NaN,NaN,-0.39285714285714296,0.33032929393451943,7
elast_b,fwd_mid_100ms,1692166,98,0.01693147378968297,-0.02563601640114401,-0.041677281256021464,0.005810834220818924,-7.172340437230347,-0.9999999999999999,0.10694872725252723,10
elast_b,fwd_micro_100ms,1692166,98,-0.0633597685970896,0.04477223476082387,0.11618370495567228,0.01031182688097397,11.267034085884355,0.9999999999999999,0.10694872725252723,10
elast_b,fwd_mid_300ms,1692166,98,0.04444779289938856,-0.05819674864988282,-0.10435042791195674,0.010077819573307072,-10.354464788032892,-0.9878787878787878,0.10694872725252723,10
elast_b,fwd_micro_300ms,1692166,98,-0.13253415629652154,0.10046294671062353,0.246571124482654,0.020758141516472463,11.878285167628778,0.9999999999999999,0.10694872725252723,10
elast_b,fwd_mid_500ms,1692166,98,0.05379973473032184,-0.08039939374221806,-0.13539385782329075,0.01221535293777704,-11.083908791908376,-0.9999999999999999,0.10694872725252723,10
elast_b,fwd_micro_500ms,1692166,98,-0.16959819770549273,0.12878275633489117,0.3147924712012804,0.024973982347520598,12.604816757729983,0.9999999999999999,0.10694872725252723,10
elast_b,fwd_mid_1s,1692166,98,0.07012243002431398,-0.11717156391991504,-0.18766697104727598,0.014450902415334343,-12.986522616617782,-0.9999999999999999,0.10694872725252723,10
elast_b,fwd_micro_1s,1692166,98,-0.19252486456553022,0.15582996971316038,0.3691662402896824,0.026896647456668515,13.725362645453222,0.9999999999999999,0.10694872725252723,10
elast_b,fwd_mid_3s,1692166,98,0.09696114469104047,-0.16646320207685175,-0.2744466079800035,0.01824111942550474,-15.045491539092286,-0.9878787878787878,0.10694872725252723,10
elast_b,fwd_micro_3s,1692166,98,-0.23588207239325099,0.20050196769575518,0.4533734282643548,0.03260869606031445,13.903451626086973,0.9999999999999999,0.10694872725252723,10
elast_b,fwd_mid_5s,1692166,98,0.10318425938951978,-0.1868785245364174,-0.30813456025921854,0.022580502329948786,-13.64604541372563,-0.9878787878787878,0.10694872725252723,10
elast_b,fwd_micro_5s,1692166,98,-0.2644898021766573,0.23059578088072277,0.5106788708995289,0.03487016147703155,14.645153600332634,0.9999999999999999,0.10694872725252723,10
elast_b,fwd_mid_10s,1692166,98,0.1329658707201999,-0.2250111062405751,-0.36977265547270244,0.028219447093481644,-13.103469187322084,-0.9999999999999999,0.10694872725252723,10
elast_b,fwd_micro_10s,1692166,98,-0.27893292472469605,0.2494914584261217,0.5548914078015371,0.03713857905496515,14.941104962047607,0.9999999999999999,0.10694872725252723,10
elast_b,fwd_mid_30s,1692166,98,0.249178884207897,-0.2363971388799292,-0.514379451128532,0.05096208882944438,-10.093374564178752,-0.9757575757575757,0.10694872725252723,10
elast_b,fwd_micro_30s,1692166,98,-0.22105617491681026,0.3053731025716586,0.538487747773013,0.04980979488721865,10.810880650929777,0.9636363636363635,0.10694872725252723,10
elast_b,fwd_mid_60s,1692166,98,0.31057047679056005,-0.2958665458672437,-0.6438609301323283,0.079874100200821,-8.060947522582673,-0.9272727272727272,0.10694872725252723,10
elast_b,fwd_micro_60s,1692166,98,-0.18985450376712606,0.27923427834855874,0.47918745696991655,0.07517672584487146,6.374146407476278,0.9393939393939393,0.10694872725252723,10
local_elast_b,fwd_mid_100ms,1692166,92,-0.031054128101054675,-0.011586295073949461,0.024300849419885667,0.005665795071774111,4.289044893442718,-0.406060606060606,0.10403825629400425,10
local_elast_b,fwd_micro_100ms,1692166,92,-0.0752272628309327,0.065326325511147,0.1474784312971409,0.010927555004556685,13.496013631195982,0.9999999999999999,0.10403825629400425,10
local_elast_b,fwd_mid_300ms,1692166,92,-0.07119372373654545,-0.022003800854367116,0.05814469207197517,0.010781332045225361,5.393089817479949,-0.406060606060606,0.10403825629400425,10
local_elast_b,fwd_micro_300ms,1692166,92,-0.1598554188532359,0.14997653446987802,0.3200038408723119,0.021818579526884232,14.666575359684266,0.9999999999999999,0.10403825629400425,10
local_elast_b,fwd_mid_500ms,1692166,92,-0.09169840242306566,-0.030144124145550406,0.07071631832704828,0.013916401920221177,5.081508764438183,-0.3696969696969697,0.10403825629400425,10
local_elast_b,fwd_micro_500ms,1692166,92,-0.19849996636408485,0.18724452083999016,0.3960372772655156,0.026914626105157553,14.714574734130316,0.9999999999999999,0.10403825629400425,10
local_elast_b,fwd_mid_1s,1692166,92,-0.10858095771935136,-0.04668724446775445,0.07490461778869868,0.017927148520874465,4.1782784195422575,-0.3696969696969697,0.10403825629400425,10
local_elast_b,fwd_micro_1s,1692166,92,-0.2275602245313481,0.22798111600651186,0.46959073409861146,0.03087150743291571,15.211137166496965,0.9999999999999999,0.10403825629400425,10
local_elast_b,fwd_mid_3s,1692166,92,-0.14521871371447823,-0.06185173160099673,0.09933746838654568,0.025077588587469214,3.9612049635499123,-0.3696969696969697,0.10403825629400425,10
local_elast_b,fwd_micro_3s,1692166,92,-0.2953377825729388,0.29574899431428175,0.6092128834624463,0.039042676530737064,15.603768429729254,0.9999999999999999,0.10403825629400425,10
local_elast_b,fwd_mid_5s,1692166,92,-0.16177910397545173,-0.06869828563894274,0.1107825165583149,0.029689541688751948,3.73136499443794,-0.38181818181818183,0.10403825629400425,10
local_elast_b,fwd_micro_5s,1692166,92,-0.33383406805559845,0.33327393871490535,0.6847386753668872,0.042847627887645894,15.980783747524923,0.9999999999999999,0.10403825629400425,10
local_elast_b,fwd_mid_10s,1692166,92,-0.16795460118569375,-0.08755901800877955,0.0952256900801515,0.03683784674145707,2.5849960978578355,-0.33333333333333326,0.10403825629400425,10
local_elast_b,fwd_micro_10s,1692166,92,-0.3635514802876176,0.3620547222659282,0.7378430517797857,0.047099239917394724,15.665710382457467,0.9999999999999999,0.10403825629400425,10
local_elast_b,fwd_mid_30s,1692166,92,-0.17713361494619034,-0.05807171917731011,0.10437538705955789,0.055742728422980996,1.872448479154945,-0.18787878787878787,0.10403825629400425,10
local_elast_b,fwd_micro_30s,1692166,92,-0.3996766569887117,0.4405436971031852,0.8206073286724431,0.06275666884712454,13.076017955501198,0.9999999999999999,0.10403825629400425,10
local_elast_b,fwd_mid_60s,1692166,92,-0.17484902814656386,-0.06309241075367134,0.10617817701340662,0.08486745948800502,1.2511058732518512,-0.24848484848484845,0.10403825629400425,10
local_elast_b,fwd_micro_60s,1692166,92,-0.403014673078195,0.45497068455691647,0.8446128597476832,0.09034496012466307,9.3487545800257,0.9878787878787878,0.10403825629400425,10
deep_elast_b,fwd_mid_100ms,1692166,98,0.015004647847116477,-0.028058737218992595,-0.04406739745410289,0.007495744909091153,-5.878988411232632,-0.9999999999999999,0.10923396404371676,10
deep_elast_b,fwd_micro_100ms,1692166,98,-0.0068104417905994015,-0.01637394749865735,-0.005449578464946765,0.007709546190489162,-0.706861121303042,0.006060606060606061,0.10923396404371676,10
deep_elast_b,fwd_mid_300ms,1692166,98,0.034671325184379646,-0.07135548778540624,-0.11520919230398174,0.01253820306160126,-9.188652611378933,-0.9878787878787878,0.10923396404371676,10
deep_elast_b,fwd_micro_300ms,1692166,98,-0.029564803589971766,-0.03766645191444291,-0.0009985488849837926,0.013447063984805226,-0.07425776259502613,-0.01818181818181818,0.10923396404371676,10
deep_elast_b,fwd_mid_500ms,1692166,98,0.04224196246356674,-0.09508955571603529,-0.1502280955587271,0.014357183586175958,-10.46361876317975,-0.9999999999999999,0.10923396404371676,10
deep_elast_b,fwd_micro_500ms,1692166,98,-0.04185916964553789,-0.0492330697128708,-0.0027361691724380036,0.01329800244452489,-0.2057579086672939,0.10303030303030303,0.10923396404371676,10
deep_elast_b,fwd_mid_1s,1692166,98,0.05008562871426781,-0.11583462022906185,-0.18101228965894192,0.01719744275009463,-10.52553523737975,-0.9878787878787878,0.10923396404371676,10
deep_elast_b,fwd_micro_1s,1692166,98,-0.04423061054118393,-0.04697301138544756,0.005352717102720199,0.014904765705884388,0.35912789294010516,0.006060606060606061,0.10923396404371676,10
deep_elast_b,fwd_mid_3s,1692166,98,0.08140349174463264,-0.1545681969422336,-0.2684590460510988,0.01923607557134596,-13.956019514239962,-0.9878787878787878,0.10923396404371676,10
deep_elast_b,fwd_micro_3s,1692166,98,-0.04122275776125106,-0.0628291038806442,-0.025267787902733596,0.01754075481348307,-1.4405188471884334,-0.11515151515151514,0.10923396404371676,10
deep_elast_b,fwd_mid_5s,1692166,98,0.08804445874270629,-0.18287763432661838,-0.2960211401735006,0.023691642690673018,-12.49474947931909,-0.9878787878787878,0.10923396404371676,10
deep_elast_b,fwd_micro_5s,1692166,98,-0.03948806914668907,-0.08212955358031594,-0.03731135542058272,0.02156731898513422,-1.7299950655109448,-0.18787878787878787,0.10923396404371676,10
deep_elast_b,fwd_mid_10s,1692166,98,0.13121295041224934,-0.22932170674666041,-0.3981508044211244,0.031657029071018146,-12.577011049518525,-0.9999999999999999,0.10923396404371676,10
deep_elast_b,fwd_micro_10s,1692166,98,-0.013179648147502427,-0.11161767946537715,-0.09276320819126803,0.028581869962444807,-3.245526213405715,-0.28484848484848485,0.10923396404371676,10
deep_elast_b,fwd_mid_30s,1692166,98,0.21883294440458897,-0.3135600557350518,-0.5646558906930441,0.054736664029409444,-10.315862332963155,-0.9878787878787878,0.10923396404371676,10
deep_elast_b,fwd_micro_30s,1692166,98,0.05705450945747431,-0.16420098490643045,-0.21275937822131388,0.04801980325318694,-4.430659099112273,-0.7939393939393938,0.10923396404371676,10
deep_elast_b,fwd_mid_60s,1692166,98,0.3340933323892787,-0.3857757673317912,-0.7447723966160334,0.0875466534348924,-8.507148673248983,-0.9757575757575757,0.10923396404371676,10
deep_elast_b,fwd_micro_60s,1692166,98,0.16172148482576829,-0.21348637951924299,-0.356387861159728,0.07942488911557763,-4.487105555049865,-0.6484848484848483,0.10923396404371676,10
marg_elast_b,fwd_mid_100ms,1692166,40,-0.04647626859023294,-0.006077318597209556,0.04072628567389788,0.008141471242472522,5.002325066437196,0.2727272727272727,0.13498439278415947,10
marg_elast_b,fwd_micro_100ms,1692166,40,-0.07182259148743214,0.07101990104617353,0.14678655346554187,0.015693580760050358,9.353286270982993,0.9999999999999999,0.13498439278415947,10
marg_elast_b,fwd_mid_300ms,1692166,40,-0.09589263392693571,-0.011697825629900226,0.07841949034441646,0.013676349904741609,5.733948816067387,0.34545454545454546,0.13498439278415947,10
marg_elast_b,fwd_micro_300ms,1692166,40,-0.1390602526246108,0.15636648580049,0.2952027985790352,0.029306597227380125,10.072912808288693,0.9999999999999999,0.13498439278415947,10
marg_elast_b,fwd_mid_500ms,1692166,40,-0.11884492060555542,-0.011779360788955355,0.09909062429363061,0.016767842850532837,5.909563035443273,0.33333333333333326,0.13498439278415947,10
marg_elast_b,fwd_micro_500ms,1692166,40,-0.16891790433599221,0.19952766173432704,0.3622417700601056,0.035590330685605756,10.178095091614633,0.9999999999999999,0.13498439278415947,10
marg_elast_b,fwd_mid_1s,1692166,40,-0.14789080479726935,-0.018157062593455273,0.11660842597255432,0.02091075966697033,5.576479660695617,0.34545454545454546,0.13498439278415947,10
marg_elast_b,fwd_micro_1s,1692166,40,-0.1923693421985373,0.24379632926417796,0.41435979737658696,0.04171537260351278,9.93302400328301,0.9999999999999999,0.13498439278415947,10
marg_elast_b,fwd_mid_3s,1692166,40,-0.18538913581761,-0.01685468273668266,0.15582088699702817,0.030462105494192582,5.115236930248781,0.406060606060606,0.13498439278415947,10
marg_elast_b,fwd_micro_3s,1692166,40,-0.24276296562838734,0.3178311280928978,0.5153828269120566,0.04890300207006579,10.538879109581897,0.9999999999999999,0.13498439278415947,10
marg_elast_b,fwd_mid_5s,1692166,40,-0.189473433811759,-0.017842267268346534,0.14617808246539177,0.028380656005277848,5.15062380651834,0.406060606060606,0.13498439278415947,10
marg_elast_b,fwd_micro_5s,1692166,40,-0.25918128594230244,0.3521056182875518,0.5410334456288315,0.04799335277247743,11.27309125898568,0.9999999999999999,0.13498439278415947,10
marg_elast_b,fwd_mid_10s,1692166,40,-0.2023215151937647,-0.03394118826435875,0.13344544466355276,0.03660977004619433,3.6450773794856084,0.41818181818181815,0.13498439278415947,10
marg_elast_b,fwd_micro_10s,1692166,40,-0.2825048498590844,0.3788705534086976,0.5664460331028089,0.050592324320361225,11.196284035419161,0.9999999999999999,0.13498439278415947,10
marg_elast_b,fwd_mid_30s,1692166,40,-0.21617540478970407,-0.03147733628348023,0.09977453998000188,0.06872302939958354,1.4518355906558233,0.4666666666666666,0.13498439278415947,10
marg_elast_b,fwd_micro_30s,1692166,40,-0.3111704683399545,0.4225674595027861,0.5718431830454538,0.07513075119729357,7.611306607913343,0.9999999999999999,0.13498439278415947,10
marg_elast_b,fwd_mid_60s,1692166,40,-0.2032632257586145,-0.0460729676171719,0.0700740081017929,0.10849622059663717,0.6458658902259019,0.4787878787878787,0.13498439278415947,10
marg_elast_b,fwd_micro_60s,1692166,40,-0.3026684361376448,0.42526646560849973,0.554108908102706,0.1134394772214442,4.884621488699519,0.9999999999999999,0.13498439278415947,10
elast_a,fwd_mid_100ms,1692166,98,-0.022852567501904113,0.02860129714637137,0.05677853483370801,0.005555368607542627,10.220480195790921,0.9999999999999999,0.10456952804866662,10
elast_a,fwd_micro_100ms,1692166,98,0.0614178126382298,-0.04982391595677357,-0.11945523557414348,0.00953446503847347,-12.528782169961058,-0.9999999999999999,0.10456952804866662,10
elast_a,fwd_mid_300ms,1692166,98,-0.0490360823501814,0.057444147442852624,0.11314678865112118,0.01053031165139895,10.744866096730354,0.9999999999999999,0.10456952804866662,10
elast_a,fwd_micro_300ms,1692166,98,0.13492021847465133,-0.10762673718306093,-0.26301394785965954,0.0202222517286299,-13.006165257417617,-0.9999999999999999,0.10456952804866662,10
elast_a,fwd_mid_500ms,1692166,98,-0.07124943367339692,0.07907942645796769,0.1583768872858629,0.013116552501095976,12.074581889763294,0.9999999999999999,0.10456952804866662,10
elast_a,fwd_micro_500ms,1692166,98,0.15545720846144134,-0.1352554479939925,-0.316314500019141,0.02532098055997507,-12.492189995167093,-0.9999999999999999,0.10456952804866662,10
elast_a,fwd_mid_1s,1692166,98,-0.09045480807609481,0.10889323389042835,0.21009196294239918,0.01629632032704634,12.89198780621157,0.9999999999999999,0.10456952804866662,10
elast_a,fwd_micro_1s,1692166,98,0.18164981914549422,-0.16209910572110195,-0.3752227322076464,0.028371533614982382,-13.22532427395816,-0.9999999999999999,0.10456952804866662,10
elast_a,fwd_mid_3s,1692166,98,-0.11484516718904834,0.16938815681657332,0.29858240319505774,0.022156095359972337,13.476309717211405,0.9999999999999999,0.10456952804866662,10
elast_a,fwd_micro_3s,1692166,98,0.226245278318793,-0.2016937169377592,-0.46422669235749103,0.03496775591674858,-13.275850285123369,-0.9999999999999999,0.10456952804866662,10
elast_a,fwd_mid_5s,1692166,98,-0.1258169554622091,0.18528482486175596,0.3351708030419033,0.02272187454724547,14.751018994712977,0.9878787878787878,0.10456952804866662,10
elast_a,fwd_micro_5s,1692166,98,0.24870079754208188,-0.23458504616512654,-0.5175508406501726,0.0395330260424908,-13.09160700458143,-0.9999999999999999,0.10456952804866662,10
elast_a,fwd_mid_10s,1692166,98,-0.14309372506168183,0.21479801319408492,0.39186996357384823,0.029976220358153456,13.072694252037703,0.9999999999999999,0.10456952804866662,10
elast_a,fwd_micro_10s,1692166,98,0.27420821720209326,-0.26878403655458727,-0.5711363042689346,0.04699381750252709,-12.153434954251626,-0.9999999999999999,0.10456952804866662,10
elast_a,fwd_mid_30s,1692166,98,-0.19432293358933267,0.24376137876975373,0.4952634806973739,0.0538940246371638,9.189580552420912,0.9636363636363635,0.10456952804866662,10
elast_a,fwd_micro_30s,1692166,98,0.2970054278231577,-0.32432265645196146,-0.6280244778963804,0.07067428775282336,-8.886180503054188,-0.9999999999999999,0.10456952804866662,10
elast_a,fwd_mid_60s,1692166,98,-0.2307912472105896,0.28465882313789814,0.5826719594323649,0.08355102861738345,6.9738454340361695,0.9515151515151514,0.10456952804866662,10
elast_a,fwd_micro_60s,1692166,98,0.2848917732729515,-0.31613579184777924,-0.5942385491580583,0.09661924872858249,-6.1503122512094945,-0.9999999999999999,0.10456952804866662,10
local_elast_a,fwd_mid_100ms,1692166,90,0.02909302946557413,0.013286359620483372,-0.016196609631390572,0.005228959580922669,-3.0974822774462183,0.35757575757575755,0.10350875741505267,10
local_elast_a,fwd_micro_100ms,1692166,90,0.07297519964743722,-0.07375685059794992,-0.1527262575683669,0.011015899728182555,-13.864165554960463,-0.9999999999999999,0.10350875741505267,10
local_elast_a,fwd_mid_300ms,1692166,90,0.065818736428805,0.019294995327657487,-0.04777972904885727,0.011490516405892806,-4.158188140643868,0.34545454545454546,0.10350875741505267,10
local_elast_a,fwd_micro_300ms,1692166,90,0.16078751407086625,-0.16420259451267064,-0.3350654023608463,0.02311929238378296,-14.492891771889962,-0.9999999999999999,0.10350875741505267,10
local_elast_a,fwd_mid_500ms,1692166,90,0.0805657383169794,0.028373487970571782,-0.05450513484876796,0.01497410847109244,-3.639958596132136,0.34545454545454546,0.10350875741505267,10
local_elast_a,fwd_micro_500ms,1692166,90,0.18979849455505107,-0.20584027578608,-0.4069385970427763,0.02885407103375223,-14.103333861164941,-0.9999999999999999,0.10350875741505267,10
local_elast_a,fwd_mid_1s,1692166,90,0.08778879512021488,0.04470868817519646,-0.043067607238954426,0.01879991021957849,-2.290841112321016,0.406060606060606,0.10350875741505267,10
local_elast_a,fwd_micro_1s,1692166,90,0.2157337377636225,-0.24474084564834603,-0.46993657983867043,0.031692846079773185,-14.827844071050169,-0.9999999999999999,0.10350875741505267,10
local_elast_a,fwd_mid_3s,1692166,90,0.12351342665626035,0.06914410145380917,-0.06173792340563572,0.024702915344295424,-2.4992160862459776,0.41818181818181815,0.10350875741505267,10
local_elast_a,fwd_micro_3s,1692166,90,0.28032888879801426,-0.3116356305329476,-0.6063919616585554,0.037614785009706116,-16.12110667393372,-0.9999999999999999,0.10350875741505267,10
local_elast_a,fwd_mid_5s,1692166,90,0.12610518121982595,0.07184778713779809,-0.053811481402451025,0.028617962060250083,-1.8803393927618053,0.33333333333333326,0.10350875741505267,10
local_elast_a,fwd_micro_5s,1692166,90,0.3075844488327191,-0.35342256360079366,-0.6666004104235365,0.04276083977763545,-15.58903926793735,-0.9999999999999999,0.10350875741505267,10
local_elast_a,fwd_mid_10s,1692166,90,0.13727937936412718,0.07388862100247183,-0.058852791639348666,0.03913812731554553,-1.503720174571882,0.29696969696969694,0.10350875741505267,10
local_elast_a,fwd_micro_10s,1692166,90,0.34344229031688067,-0.40503585342414444,-0.746635342305656,0.05030226697942114,-14.842976015596028,-0.9999999999999999,0.10350875741505267,10
local_elast_a,fwd_mid_30s,1692166,90,0.17667469473169237,0.06871220734848224,-0.11498716019793195,0.07674541405834755,-1.4982935672287885,0.2606060606060606,0.10350875741505267,10
local_elast_a,fwd_micro_30s,1692166,90,0.4154120184994475,-0.4724553002398458,-0.89372248830109,0.08206462663527844,-10.890471631255691,-0.9878787878787878,0.10350875741505267,10
local_elast_a,fwd_mid_60s,1692166,90,0.2650814292061551,0.07932114538017844,-0.2104716260081108,0.11058734001662447,-1.9032162811445763,0.2121212121212121,0.10350875741505267,10
local_elast_a,fwd_micro_60s,1692166,90,0.5094039415613738,-0.48486843529407814,-1.01393611770408,0.11404725392531324,-8.89049129028641,-0.9757575757575757,0.10350875741505267,10
deep_elast_a,fwd_mid_100ms,1692166,98,-0.022803525905695676,0.031634224408825906,0.06617911099309637,0.007205500528754774,9.184526561201041,0.9999999999999999,0.11203333479103114,10
deep_elast_a,fwd_micro_100ms,1692166,98,0.0031412862141044365,0.016625557958270934,0.014279903416579327,0.0060932765005059526,2.3435508655144077,0.10303030303030303,0.11203333479103114,10
deep_elast_a,fwd_mid_300ms,1692166,98,-0.04264560672584427,0.07526507767986174,0.14448958863493683,0.013496401748033269,10.705785981511125,0.9999999999999999,0.11203333479103114,10
deep_elast_a,fwd_micro_300ms,1692166,98,0.025492589987581103,0.0405632580633155,0.013333159138133472,0.013762175651497168,0.9688264033080392,-0.04242424242424241,0.11203333479103114,10
deep_elast_a,fwd_mid_500ms,1692166,98,-0.059027224883824524,0.09451552942493562,0.18851328137319198,0.016351942371235797,11.528494725177111,0.9999999999999999,0.11203333479103114,10
deep_elast_a,fwd_micro_500ms,1692166,98,0.0282993308765116,0.04703626167256224,0.01237995684928386,0.018014250640780275,0.6872312979402195,0.11515151515151514,0.11203333479103114,10
deep_elast_a,fwd_mid_1s,1692166,98,-0.07177303073716683,0.12058732985367947,0.23340709192012632,0.019467522805930594,11.9895630402971,0.9999999999999999,0.11203333479103114,10
deep_elast_a,fwd_micro_1s,1692166,98,0.02936463765775834,0.05405630318993965,0.01643306854031588,0.01763816919327803,0.9316765453513498,-0.13939393939393938,0.11203333479103114,10
deep_elast_a,fwd_mid_3s,1692166,98,-0.08196676156168174,0.179231030601635,0.3083117664041679,0.024018515104151504,12.836420780686707,0.9999999999999999,0.11203333479103114,10
deep_elast_a,fwd_micro_3s,1692166,98,0.041719852702010465,0.08108213724490784,0.03192409448210948,0.02392804213790671,1.3341707732759067,-0.01818181818181818,0.11203333479103114,10
deep_elast_a,fwd_mid_5s,1692166,98,-0.10100953820158015,0.18542740951647443,0.3627835856260456,0.03496538479423122,10.375506740766648,0.9999999999999999,0.11203333479103114,10
deep_elast_a,fwd_micro_5s,1692166,98,0.035160782913811695,0.07601003065712164,0.05544805571498529,0.032992740416171944,1.6806138264224484,-0.006060606060606061,0.11203333479103114,10
deep_elast_a,fwd_mid_10s,1692166,98,-0.13026133787390298,0.21177285251876543,0.4229028028800928,0.0499815027138853,8.46118623725586,0.9878787878787878,0.11203333479103114,10
deep_elast_a,fwd_micro_10s,1692166,98,0.016317275379711088,0.08416020976719722,0.08233158198205846,0.04548541292259316,1.8100656164685132,0.32121212121212117,0.11203333479103114,10
deep_elast_a,fwd_mid_30s,1692166,98,-0.17150979565039176,0.25948531192965235,0.49882315731816673,0.07216095238366713,6.912646533072506,0.9515151515151514,0.11203333479103114,10
deep_elast_a,fwd_micro_30s,1692166,98,-0.002233376367277783,0.10557471026995655,0.10169345787149887,0.07086854256631578,1.4349590691291336,0.6242424242424242,0.11203333479103114,10
deep_elast_a,fwd_mid_60s,1692166,98,-0.21860404286792337,0.32762593432497716,0.5860018445205027,0.10469857596025757,5.597037391826061,0.9636363636363635,0.11203333479103114,10
deep_elast_a,fwd_micro_60s,1692166,98,-0.035407213231436564,0.14864976078704714,0.14435276143336773,0.1074575828940684,1.343346440015039,0.6727272727272726,0.11203333479103114,10
marg_elast_a,fwd_mid_100ms,1692166,40,0.03953600299060254,0.006777281408660923,-0.027759377649375094,0.007450675071469916,-3.725753355648423,-0.3939393939393939,0.13325406609044266,10
marg_elast_a,fwd_micro_100ms,1692166,40,0.06225078535805145,-0.07627593617317054,-0.13464358315337557,0.017296090382966797,-7.784625321221302,-0.9999999999999999,0.13325406609044266,10
marg_elast_a,fwd_mid_300ms,1692166,40,0.07997792249005292,0.006785438930242171,-0.07126026235154079,0.012522789579815357,-5.690446357607128,-0.33333333333333326,0.13325406609044266,10
marg_elast_a,fwd_micro_300ms,1692166,40,0.12824075149471467,-0.16636915653968098,-0.29632223138937863,0.032298356255205767,-9.174529782506136,-0.9999999999999999,0.13325406609044266,10
marg_elast_a,fwd_mid_500ms,1692166,40,0.09212375697097258,0.008945892419761894,-0.08493951612334746,0.015440302040979183,-5.501156382686982,-0.35757575757575755,0.13325406609044266,10
marg_elast_a,fwd_micro_500ms,1692166,40,0.1459164004081275,-0.20958282717403995,-0.354452096298883,0.03807892000021064,-9.308354761556323,-0.9999999999999999,0.13325406609044266,10
marg_elast_a,fwd_mid_1s,1692166,40,0.11093245553420161,0.01453124294833617,-0.08796768685454719,0.01613843263840714,-5.450819718712757,-0.406060606060606,0.13325406609044266,10
marg_elast_a,fwd_micro_1s,1692166,40,0.1617849725002425,-0.2518469023291702,-0.39091571545526077,0.03919975933746949,-9.972400904043306,-0.9999999999999999,0.13325406609044266,10
marg_elast_a,fwd_mid_3s,1692166,40,0.1445049142835001,0.02538979753282471,-0.09543927374278861,0.01813337410011937,-5.263183410646139,-0.4545454545454545,0.13325406609044266,10
marg_elast_a,fwd_micro_3s,1692166,40,0.2117625858366353,-0.3206225163867686,-0.4752110623982075,0.04163247839819472,-11.4144312489168,-0.9878787878787878,0.13325406609044266,10
marg_elast_a,fwd_mid_5s,1692166,40,0.1546299135168569,0.0209774179320067,-0.0991178006910031,0.021117957500233365,-4.693531592243605,-0.3939393939393939,0.13325406609044266,10
marg_elast_a,fwd_micro_5s,1692166,40,0.22494301139950368,-0.36274424125617727,-0.5081724751641701,0.045414298226846415,-11.18970225248943,-0.9878787878787878,0.13325406609044266,10
marg_elast_a,fwd_mid_10s,1692166,40,0.1570203898347932,0.025558035543635435,-0.08343105296240023,0.02884906333914467,-2.891984810099344,-0.406060606060606,0.13325406609044266,10
marg_elast_a,fwd_micro_10s,1692166,40,0.23468145089802647,-0.40189398129003234,-0.5236089635145135,0.04184337475417918,-12.513545252757538,-0.9878787878787878,0.13325406609044266,10
marg_elast_a,fwd_mid_30s,1692166,40,0.24514928645447168,0.03238797916658837,-0.16131910467797836,0.0696750342099959,-2.3153071470589213,-0.406060606060606,0.13325406609044266,10
marg_elast_a,fwd_micro_30s,1692166,40,0.3439229847126404,-0.4502479942507181,-0.6671776659866849,0.07665796909171738,-8.703304743026008,-0.9878787878787878,0.13325406609044266,10
marg_elast_a,fwd_mid_60s,1692166,40,0.26741159409487464,0.037258632149914775,-0.10928762541381296,0.10864605394547948,-1.0059051520514075,-0.4666666666666666,0.13325406609044266,10
marg_elast_a,fwd_micro_60s,1692166,40,0.36695381249978026,-0.46016432829683157,-0.6220952717831671,0.10818732148402777,-5.750167979480018,-0.9878787878787878,0.13325406609044266,10
elast_asym,fwd_mid_100ms,1692166,98,0.03554231653436126,-0.03744099529352776,-0.07455364651520054,0.006752020577803527,-11.041679398947164,-0.9999999999999999,0.1043207344905878,10
elast_asym,fwd_micro_100ms,1692166,98,-0.06361566043956404,0.058380075412549505,0.12585229929608108,0.0100728008417192,12.494270588060285,0.9515151515151514,0.1043207344905878,10
elast_asym,fwd_mid_300ms,1692166,98,0.07874098425550537,-0.08383922807594459,-0.16817069884264937,0.012860611024257866,-13.076415928095752,-0.9999999999999999,0.1043207344905878,10
elast_asym,fwd_micro_300ms,1692166,98,-0.14281604314638505,0.13208989913091257,0.2818030709464726,0.02153142155090173,13.0879919043093,0.9757575757575757,0.1043207344905878,10
elast_asym,fwd_mid_500ms,1692166,98,0.10430589056672436,-0.11113094213129063,-0.2210390285735079,0.01623605848266265,-13.614081817304367,-0.9999999999999999,0.1043207344905878,10
elast_asym,fwd_micro_500ms,1692166,98,-0.1825129432972093,0.1669487855901086,0.3606864487019451,0.027043672218218268,13.337184602428538,0.9757575757575757,0.1043207344905878,10
elast_asym,fwd_mid_1s,1692166,98,0.1419942648272081,-0.1517095743929386,-0.3018908371077561,0.020741928671056772,-14.554617456042731,-0.9999999999999999,0.1043207344905878,10
elast_asym,fwd_micro_1s,1692166,98,-0.2176819878156363,0.20033219501117225,0.4334694633542881,0.02953786146308624,14.675045581617315,0.9757575757575757,0.1043207344905878,10
elast_asym,fwd_mid_3s,1692166,98,0.2068288049917726,-0.20989723779223976,-0.42615870894155206,0.02627944574962745,-16.216426822761036,-0.9999999999999999,0.1043207344905878,10
elast_asym,fwd_micro_3s,1692166,98,-0.27043694490675113,0.25568231129288616,0.5470094926782102,0.03610545057442889,15.150330046445147,0.9757575757575757,0.1043207344905878,10
elast_asym,fwd_mid_5s,1692166,98,0.22465694144547704,-0.23944914403497558,-0.481281910461915,0.02801547596745325,-17.17914452072991,-0.9999999999999999,0.1043207344905878,10
elast_asym,fwd_micro_5s,1692166,98,-0.305760942641565,0.2831378528853641,0.6042308061911117,0.039717916504040586,15.213053940773607,0.9757575757575757,0.1043207344905878,10
elast_asym,fwd_mid_10s,1692166,98,0.2629791455818354,-0.28205182582463106,-0.564958915927486,0.031491325899087944,-17.94014382683863,-0.9999999999999999,0.1043207344905878,10
elast_asym,fwd_micro_10s,1692166,98,-0.34363588357341124,0.31459741641736083,0.6748859381419415,0.045381953719813836,14.87124027997246,0.9515151515151514,0.1043207344905878,10
elast_asym,fwd_mid_30s,1692166,98,0.3190451608538558,-0.3285097779178117,-0.684368601542037,0.04886972251397922,-14.003938764871704,-0.9999999999999999,0.1043207344905878,10
elast_asym,fwd_micro_30s,1692166,98,-0.39397331278629233,0.3671629737438601,0.7600558375954825,0.06236324693884187,12.187560380569197,0.9878787878787878,0.1043207344905878,10
elast_asym,fwd_mid_60s,1692166,98,0.4013458990063488,-0.38610279162519284,-0.8475033773814605,0.067440260692827,-12.566727481105387,-0.9999999999999999,0.1043207344905878,10
elast_asym,fwd_micro_60s,1692166,98,-0.3612311213856635,0.3532260514389328,0.689483953670984,0.0770003746750534,8.954293489877825,0.9515151515151514,0.1043207344905878,10
ofi_0.1s,fwd_mid_100ms,1692166,98,-0.06980542505818824,0.012573072047745014,0.09231554969590883,0.007954538386573362,11.605393702258102,0.942857142857143,0.42465691900203645,6
ofi_0.1s,fwd_micro_100ms,1692166,98,-0.0714741545026618,0.011808249989719913,0.08135501572311046,0.01361194813730203,5.976735651832679,0.942857142857143,0.42465691900203645,6
ofi_0.1s,fwd_mid_300ms,1692166,98,-0.1446290246249926,0.027642978950219933,0.19330151626105033,0.01748040648260905,11.058181996703716,1.0,0.42465691900203645,6
ofi_0.1s,fwd_micro_300ms,1692166,98,-0.08327005149604975,0.01567870228287763,0.0700061797315524,0.023664351618789395,2.9582969717187515,0.942857142857143,0.42465691900203645,6
ofi_0.1s,fwd_mid_500ms,1692166,98,-0.1763754138310289,0.03426774089984768,0.25736683225307305,0.02030280904203602,12.676414959142207,1.0,0.42465691900203645,6
ofi_0.1s,fwd_micro_500ms,1692166,98,-0.03552966599494464,0.006754694714274597,-0.0003066036205673428,0.027348346546723416,-0.01121104780662057,0.8285714285714287,0.42465691900203645,6
ofi_0.1s,fwd_mid_1s,1692166,98,-0.22263017136842903,0.039871298724249556,0.318880843276656,0.020259868660584573,15.739531613896212,0.942857142857143,0.42465691900203645,6
ofi_0.1s,fwd_micro_1s,1692166,98,-0.04363982485989018,0.005824502752322797,0.026289060379391747,0.02340813115479922,1.123073867176358,0.6,0.42465691900203645,6
ofi_0.1s,fwd_mid_3s,1692166,98,-0.23875182374878345,0.05339815920517911,0.38217311339229026,0.025364555836690027,15.06721094794311,0.942857142857143,0.42465691900203645,6
ofi_0.1s,fwd_micro_3s,1692166,98,-0.04158256455238191,0.014172710062178705,0.05937337895105896,0.032350373462960505,1.8353228292414734,0.7714285714285715,0.42465691900203645,6
ofi_0.1s,fwd_mid_5s,1692166,98,-0.2668655043841949,0.05405005586377091,0.405714117943103,0.030320327458751288,13.380927976290792,0.942857142857143,0.42465691900203645,6
ofi_0.1s,fwd_micro_5s,1692166,98,-0.06038376924023635,0.01421052497446086,0.07299784964993404,0.03810963679353565,1.9154695712638308,0.8857142857142858,0.42465691900203645,6
ofi_0.1s,fwd_mid_10s,1692166,98,-0.28272681549313117,0.060731733199545494,0.43876205410364755,0.03971099397676124,11.048881182888795,0.942857142857143,0.42465691900203645,6
ofi_0.1s,fwd_micro_10s,1692166,98,-0.07319993968349879,0.02063766011942046,0.10232617090791987,0.04365443364196711,2.344004087812716,0.7714285714285715,0.42465691900203645,6
ofi_0.1s,fwd_mid_30s,1692166,98,-0.2801045122798276,0.07893480747989112,0.4367309428230661,0.05635443163799843,7.749717815068673,1.0,0.42465691900203645,6
ofi_0.1s,fwd_micro_30s,1692166,98,-0.06846722787595046,0.038160053429564106,0.08439658705011664,0.05966121699565888,1.414597141996912,0.8285714285714287,0.42465691900203645,6
ofi_0.1s,fwd_mid_60s,1692166,98,-0.3237475057104736,0.10897361156227621,0.4970910255937231,0.08623605658760806,5.764306083369239,0.942857142857143,0.42465691900203645,6
ofi_0.1s,fwd_micro_60s,1692166,98,-0.11212362151668183,0.06768832004403742,0.1322277856451203,0.082282017150275,1.607007098569634,0.7714285714285715,0.42465691900203645,6
ofi_0.25s,fwd_mid_100ms,1692166,98,-0.06215449861732258,0.018880434895836913,0.0849801772096262,0.01238735753152277,6.8602344764307155,0.9666666666666667,0.3103743958926016,9
ofi_0.25s,fwd_micro_100ms,1692166,98,-0.03350834122308291,0.009474818747010167,0.024089131303730374,0.013747093462101892,1.7523072328081208,0.7666666666666667,0.3103743958926016,9
ofi_0.25s,fwd_mid_300ms,1692166,98,-0.12363967775480748,0.039460672227816136,0.18067267497468964,0.02226244051670638,8.115582603762945,0.7999999999999999,0.3103743958926016,9
ofi_0.25s,fwd_micro_300ms,1692166,98,0.01052867485098423,-0.004496856736837754,-0.11687857342766395,0.03064378777865672,-3.814103343616986,0.3,0.3103743958926016,9
ofi_0.25s,fwd_mid_500ms,1692166,98,-0.1529451676863432,0.04670059399198578,0.2203219223036161,0.026607607851953298,8.280410758062265,0.8166666666666667,0.3103743958926016,9
ofi_0.25s,fwd_micro_500ms,1692166,98,0.04706788062363181,-0.01800839274448997,-0.18628146753022626,0.032498647826840775,-5.731975943207569,0.18333333333333335,0.3103743958926016,9
ofi_0.25s,fwd_mid_1s,1692166,98,-0.19674217121772655,0.05704788667340617,0.3012495363204069,0.02621574751911703,11.491167135353662,0.8166666666666667,0.3103743958926016,9
ofi_0.25s,fwd_micro_1s,1692166,98,0.03588254539607449,-0.016655165898532186,-0.15405399502107697,0.029888822052512386,-5.154234407445561,0.11666666666666665,0.3103743958926016,9
ofi_0.25s,fwd_mid_3s,1692166,98,-0.22348438331425896,0.07584383091678634,0.35146202051903214,0.03388371302801633,10.372594651254133,0.8166666666666667,0.3103743958926016,9
ofi_0.25s,fwd_micro_3s,1692166,98,0.034109916055573584,-0.007152464017790246,-0.16186759373134943,0.038771373078928535,-4.174925489531379,0.3,0.3103743958926016,9
ofi_0.25s,fwd_mid_5s,1692166,98,-0.246958174735085,0.07984671083750995,0.39168194052102734,0.038304414838861774,10.225503826876011,0.8166666666666667,0.3103743958926016,9
ofi_0.25s,fwd_micro_5s,1692166,98,0.019598085714974546,-0.0030554517804213684,-0.12333845752184716,0.039628198949262325,-3.112391195970391,0.3,0.3103743958926016,9
ofi_0.25s,fwd_mid_10s,1692166,98,-0.24871310633362254,0.08478883170560222,0.4021828812028859,0.047276340636813,8.507064544029353,0.8166666666666667,0.3103743958926016,9
ofi_0.25s,fwd_micro_10s,1692166,98,0.019142673680323356,0.00044397476870157833,-0.12870704926256016,0.050195288237939374,-2.5641261118464667,0.33333333333333337,0.3103743958926016,9
ofi_0.25s,fwd_mid_30s,1692166,98,-0.27449711843391167,0.10444512134140319,0.5258283249220621,0.06292042871127103,8.357036588783918,0.7999999999999999,0.3103743958926016,9
ofi_0.25s,fwd_micro_30s,1692166,98,-0.0022128480289553536,0.017438656477882553,-0.021753174251929124,0.05995929105025441,-0.36279905700847714,0.5333333333333333,0.3103743958926016,9
ofi_0.25s,fwd_mid_60s,1692166,98,-0.2741523521763911,0.11585666432423507,0.552556401581466,0.08260364526065175,6.689249606817004,0.7833333333333333,0.3103743958926016,9
ofi_0.25s,fwd_micro_60s,1692166,98,0.0029027705384805148,0.027578588110503795,-0.002502262879654959,0.08143570284503979,-0.030726853115228818,0.5333333333333333,0.3103743958926016,9
ofi_0.5s,fwd_mid_100ms,1692166,98,-0.04793203098865389,0.021097431776457475,0.08081828898946229,0.008184999144786688,9.873952038338121,0.8424242424242423,0.2522607120105238,10
ofi_0.5s,fwd_micro_100ms,1692166,98,0.005886694474256495,-0.004543941891954879,-0.03521817826200537,0.01299514392746278,-2.710102978357816,0.04242424242424241,0.2522607120105238,10
ofi_0.5s,fwd_mid_300ms,1692166,98,-0.09911079215517374,0.044907415330053276,0.20327147042155208,0.02899881173502773,7.0096482669329525,0.9999999999999999,0.2522607120105238,10
ofi_0.5s,fwd_micro_300ms,1692166,98,0.059472911531126715,-0.027106546738050574,-0.154109134364734,0.022477821299596103,-6.856053009350294,-0.309090909090909,0.2522607120105238,10
ofi_0.5s,fwd_mid_500ms,1692166,98,-0.12840724091078634,0.055825332720146455,0.25783844388630617,0.032416684943829294,7.953880673890043,0.9878787878787878,0.2522607120105238,10
ofi_0.5s,fwd_micro_500ms,1692166,98,0.08254504311125771,-0.04004197232013695,-0.220545693123099,0.030835389151345365,-7.15235640583691,-0.32121212121212117,0.2522607120105238,10
ofi_0.5s,fwd_mid_1s,1692166,98,-0.17349874048162378,0.0739606126311342,0.3459570376542989,0.04091857822089448,8.454766824660613,0.9878787878787878,0.2522607120105238,10
ofi_0.5s,fwd_micro_1s,1692166,98,0.06563220899004887,-0.034705549137663584,-0.1746679174444595,0.03085653202905229,-5.660646416130133,-0.12727272727272726,0.2522607120105238,10
ofi_0.5s,fwd_mid_3s,1692166,98,-0.20755859305692043,0.1056942902009569,0.4049300719371592,0.05302269586817192,7.636919724789545,0.9878787878787878,0.2522607120105238,10
ofi_0.5s,fwd_micro_3s,1692166,98,0.05971801635765324,-0.015644496433873924,-0.1811579344225457,0.04846525852153085,-3.737892666807208,0.13939393939393938,0.2522607120105238,10
ofi_0.5s,fwd_mid_5s,1692166,98,-0.2312994044114513,0.1067199557166229,0.44933397303370126,0.056570744939087605,7.9428682354725995,0.9878787878787878,0.2522607120105238,10
ofi_0.5s,fwd_micro_5s,1692166,98,0.04384328117914397,-0.018116537538873104,-0.14421337255025568,0.047929389417468,-3.008871473286424,0.24848484848484845,0.2522607120105238,10
ofi_0.5s,fwd_mid_10s,1692166,98,-0.2512661007046051,0.11440912829218433,0.5320219974609895,0.06913951429306121,7.6949050467133935,0.9151515151515152,0.2522607120105238,10
ofi_0.5s,fwd_micro_10s,1692166,98,0.025751743018502166,-0.013815246192963197,-0.095120755030037,0.06352815622546139,-1.4973007353220436,0.2121212121212121,0.2522607120105238,10
ofi_0.5s,fwd_mid_30s,1692166,98,-0.25248771124670305,0.132433639645373,0.6761958768307625,0.10301031821130367,6.564350917193471,0.8666666666666665,0.2522607120105238,10
ofi_0.5s,fwd_micro_30s,1692166,98,0.029687934539518325,0.0015646990431736816,0.03043330950577992,0.09834498292777342,0.3094546218807193,0.4545454545454545,0.2522607120105238,10
ofi_0.5s,fwd_mid_60s,1692166,98,-0.2228151577346215,0.12963416091070745,0.7074695332592051,0.16548724730310535,4.27506980017263,0.8545454545454544,0.2522607120105238,10
ofi_0.5s,fwd_micro_60s,1692166,98,0.0663406471642229,-0.0017147963141060567,0.05301433709645009,0.15958610318586372,0.3321989574161502,0.07878787878787878,0.2522607120105238,10
ofi_1s,fwd_mid_100ms,1692166,96,-0.039447127984004154,0.023670829603708067,0.07098043798950095,0.00648111905654444,10.951879971688998,0.9878787878787878,0.20454908088213566,10
ofi_1s,fwd_micro_100ms,1692166,96,0.005020567235825459,-0.007154645817479768,-0.029007370992558405,0.011443118314397992,-2.534918384620796,-0.17575757575757575,0.20454908088213566,10
ofi_1s,fwd_mid_300ms,1692166,96,-0.08574023294206685,0.05564774346628127,0.1850785202083598,0.016085842108865316,11.505678033875412,0.9878787878787878,0.20454908088213566,10
ofi_1s,fwd_micro_300ms,1692166,96,0.041957022875616,-0.027260162929617294,-0.07548685789359305,0.028016009685959,-2.6944186106355246,-0.4545454545454545,0.20454908088213566,10
ofi_1s,fwd_mid_500ms,1692166,96,-0.11691515656611903,0.07342759204462038,0.2587956227820345,0.024060903552672132,10.755856371540688,0.9878787878787878,0.20454908088213566,10
ofi_1s,fwd_micro_500ms,1692166,96,0.05147764011252108,-0.03891879696718695,-0.11579120410655593,0.03141769777359816,-3.6855407083284435,-0.406060606060606,0.20454908088213566,10
ofi_1s,fwd_mid_1s,1692166,96,-0.1636162308052976,0.0979898857161294,0.35230495886728863,0.029596386330880155,11.90364779431542,0.9878787878787878,0.20454908088213566,10
ofi_1s,fwd_micro_1s,1692166,96,0.03227027945484568,-0.03178178247001654,-0.08812252997948095,0.039500603267806446,-2.2309160541682678,-0.23636363636363633,0.20454908088213566,10
ofi_1s,fwd_mid_3s,1692166,96,-0.21317399258307376,0.14826082752954114,0.4963512764214915,0.04589495902929286,10.814941050599717,0.9999999999999999,0.20454908088213566,10
ofi_1s,fwd_micro_3s,1692166,96,0.01003755170004317,-0.001722564867852223,-0.005792159566524189,0.0536317556883028,-0.10799869391162728,0.406060606060606,0.20454908088213566,10
ofi_1s,fwd_mid_5s,1692166,96,-0.23711518393570594,0.15437878683447037,0.5420586826602122,0.057325823927419,9.455750402236172,0.9878787878787878,0.20454908088213566,10
ofi_1s,fwd_micro_5s,1692166,96,-0.0032758233482802534,-0.0012468415394026224,-0.0012244847294415097,0.0557812312236813,-0.021951554359410916,0.6727272727272726,0.20454908088213566,10
ofi_1s,fwd_mid_10s,1692166,96,-0.2642130657287116,0.16593612556360227,0.6631575274175173,0.07818790491177571,8.481587122276768,0.9636363636363635,0.20454908088213566,10
ofi_1s,fwd_micro_10s,1692166,96,-0.025175758906332033,0.004624284937803867,0.10435212163533679,0.08247887897112358,1.2651981081347041,0.7333333333333332,0.20454908088213566,10
ofi_1s,fwd_mid_30s,1692166,96,-0.28782529546106944,0.21859514127264162,0.7634243793769008,0.0789323597988173,9.671880852450325,0.9878787878787878,0.20454908088213566,10
ofi_1s,fwd_micro_30s,1692166,96,-0.0382322806634245,0.050132738391699655,0.19214375204868073,0.07319379270917674,2.6251372546321203,0.8060606060606059,0.20454908088213566,10
ofi_1s,fwd_mid_60s,1692166,96,-0.30810021283991773,0.25229649255210945,0.8844924997076818,0.10728745625280618,8.244137111644376,0.9515151515151514,0.20454908088213566,10
ofi_1s,fwd_micro_60s,1692166,96,-0.05079581725228922,0.08500003095506879,0.3183852654769051,0.10027131077511874,3.175237892231773,0.8303030303030302,0.20454908088213566,10
ofi_2s,fwd_mid_100ms,1692166,96,-0.03131620186012439,0.026496152798493655,0.04731140267967232,0.022265435637080305,2.1248810690629867,0.9757575757575757,0.16591752818576902,10
ofi_2s,fwd_micro_100ms,1692166,96,0.001781925600724008,-0.007583132510203246,-0.03362921062273822,0.024350698857304363,-1.3810367751581236,-0.16363636363636364,0.16591752818576902,10
ofi_2s,fwd_mid_300ms,1692166,96,-0.06481464673305422,0.06166342657479433,0.13423793593740918,0.023549364962044947,5.700278379215896,0.9878787878787878,0.16591752818576902,10
ofi_2s,fwd_micro_300ms,1692166,96,0.030094963049685605,-0.02857711804820186,-0.08626204900889034,0.031078399050656267,-2.7756271765571783,-0.5878787878787878,0.16591752818576902,10
ofi_2s,fwd_mid_500ms,1692166,96,-0.08851214999430024,0.08448602610191677,0.19581954310756877,0.029860277585184444,6.557860775036034,0.9878787878787878,0.16591752818576902,10
ofi_2s,fwd_micro_500ms,1692166,96,0.03820777094923063,-0.03784646477970255,-0.09957978545061591,0.0361799008356335,-2.752350978047458,-0.5151515151515151,0.16591752818576902,10
ofi_2s,fwd_mid_1s,1692166,96,-0.12855454114628184,0.11392511105860809,0.27410759194675866,0.03712880537560468,7.382612749691641,0.9878787878787878,0.16591752818576902,10
ofi_2s,fwd_micro_1s,1692166,96,0.020262176662821443,-0.03007854729033889,-0.07476035046173692,0.04010017573641309,-1.8643397214304611,-0.16363636363636364,0.16591752818576902,10
ofi_2s,fwd_mid_3s,1692166,96,-0.1840068111586946,0.19253860469494224,0.40396620473348,0.05630820170922191,7.174198295651132,0.9757575757575757,0.16591752818576902,10
ofi_2s,fwd_micro_3s,1692166,96,-0.007858196458794982,0.017822794408721736,-0.004205653448301527,0.049700032595558365,-0.08462073823020755,0.6606060606060605,0.16591752818576902,10
ofi_2s,fwd_mid_5s,1692166,96,-0.2228249681219449,0.2132293415406068,0.44776564431735993,0.07741166455867714,5.784214134524375,0.9878787878787878,0.16591752818576902,10
ofi_2s,fwd_micro_5s,1692166,96,-0.03781162409152831,0.03003419787745634,0.013089900177811656,0.07119725616906401,0.18385399778228195,0.7212121212121211,0.16591752818576902,10
ofi_2s,fwd_mid_10s,1692166,96,-0.2530909717913757,0.2389458278870777,0.5575812684922073,0.09409237779535748,5.925891996319796,0.9999999999999999,0.16591752818576902,10
ofi_2s,fwd_micro_10s,1692166,96,-0.05954417507644306,0.046207155698090745,0.09927718993056989,0.08722960231095174,1.138113522249838,0.7212121212121211,0.16591752818576902,10
ofi_2s,fwd_mid_30s,1692166,96,-0.28824995243247314,0.3075439760297189,0.684039966424734,0.11929119769487881,5.734203190535155,0.9878787878787878,0.16591752818576902,10
ofi_2s,fwd_micro_30s,1692166,96,-0.08385328402012213,0.10140330899764832,0.18930542848607812,0.1110500369512004,1.7046858666896807,0.7575757575757575,0.16591752818576902,10
ofi_2s,fwd_mid_60s,1692166,96,-0.3303116234400279,0.3546278638190681,0.8134315644456529,0.12979108426618513,6.2672376076110705,0.9757575757575757,0.16591752818576902,10
ofi_2s,fwd_micro_60s,1692166,96,-0.11989208560235158,0.14603969895909047,0.3077677629569246,0.11812487047937614,2.6054442363232804,0.8545454545454544,0.16591752818576902,10
ofi_5s,fwd_mid_100ms,1692068,96,-0.02021395565989253,0.016138305897040236,0.014588726368560331,0.01832717744026936,0.7960159940671102,0.9878787878787878,0.15235912504698393,10
ofi_5s,fwd_micro_100ms,1692068,96,0.0006515265775729801,-0.00705515633899584,-0.03629637202437417,0.018288566532404016,-1.9846482751977086,-0.6242424242424242,0.15235912504698393,10
ofi_5s,fwd_mid_300ms,1692068,96,-0.04287314359704796,0.042976717410762824,0.09439323647964937,0.022797369201315743,4.140531990603613,0.9999999999999999,0.15235912504698393,10
ofi_5s,fwd_micro_300ms,1692068,96,0.02016094753109263,-0.02044748015785437,-0.06233360414578363,0.018145420219016467,-3.4352251638932993,-0.8060606060606059,0.15235912504698393,10
ofi_5s,fwd_mid_500ms,1692068,96,-0.055113149857000915,0.05411852819444165,0.13220375593581654,0.021901358265156847,6.036326803810209,0.9878787878787878,0.15235912504698393,10
ofi_5s,fwd_micro_500ms,1692068,96,0.02642412100190639,-0.029406275588986116,-0.07095789249590571,0.02189970223143023,-3.2401304705443743,-0.8060606060606059,0.15235912504698393,10
ofi_5s,fwd_mid_1s,1692068,96,-0.08135576142717775,0.07214501356892604,0.20129457986692575,0.03397893550864606,5.9240990588332485,0.9878787878787878,0.15235912504698393,10
ofi_5s,fwd_micro_1s,1692068,96,0.015881162700752887,-0.030758785327712757,-0.040340341861179976,0.029920466895750827,-1.348252418711719,-0.5030303030303029,0.15235912504698393,10
ofi_5s,fwd_mid_3s,1692068,96,-0.12408487633512846,0.1359682373159157,0.2608467414715959,0.08511208466017235,3.0647438905189626,0.9878787878787878,0.15235912504698393,10
ofi_5s,fwd_micro_3s,1692068,96,-0.0023607263308787975,0.009216136913497545,-0.045294340788851084,0.08906991710314689,-0.5085256870330107,0.6121212121212121,0.15235912504698393,10
ofi_5s,fwd_mid_5s,1692068,96,-0.16751004469574746,0.1634071481583422,0.31638577453551625,0.10483243090520535,3.0180142900779234,0.9878787878787878,0.15235912504698393,10
ofi_5s,fwd_micro_5s,1692068,96,-0.03837642243738077,0.023604274714785378,-0.03352215460652267,0.10139033405841892,-0.3306247574567407,0.6727272727272726,0.15235912504698393,10
ofi_5s,fwd_mid_10s,1692068,96,-0.20606256788975508,0.2094248294127271,0.4665990963301829,0.14794250972984246,3.153921730692812,0.9757575757575757,0.15235912504698393,10
ofi_5s,fwd_micro_10s,1692068,96,-0.06714500690565377,0.05769288123607967,0.10395949315739439,0.1325053661622448,0.7845681738662742,0.6969696969696969,0.15235912504698393,10
ofi_5s,fwd_mid_30s,1692068,96,-0.2729501083361981,0.28035406314172556,0.6361029230731673,0.20818999076205727,3.055396278873832,0.9757575757575757,0.15235912504698393,10
ofi_5s,fwd_micro_30s,1692068,96,-0.11950733386477143,0.11444805087787834,0.20584451726220956,0.2019757827524174,1.0191544474147898,0.7575757575757575,0.15235912504698393,10
ofi_5s,fwd_mid_60s,1692068,96,-0.32611059232082,0.3756458441105256,0.7468485421097405,0.19322043882339784,3.8652667733166415,0.9636363636363635,0.15235912504698393,10
ofi_5s,fwd_micro_60s,1692068,96,-0.16160495917314677,0.19893403752239844,0.30406334183240663,0.1835844041684932,1.6562591098606516,0.8060606060606059,0.15235912504698393,10
ofi_10s,fwd_mid_100ms,1691970,96,-0.013557098897814132,0.010589920930852741,0.01865976008258576,0.00933416203495862,1.9990825113920878,0.9757575757575757,0.1520883940022577,10
ofi_10s,fwd_micro_100ms,1691970,96,0.0014247775320966006,-0.005989635782350502,-0.012320579391713422,0.01281917368852886,-0.9611055822372075,-0.5878787878787878,0.1520883940022577,10
ofi_10s,fwd_mid_300ms,1691970,96,-0.030682324151461365,0.031330607331642765,0.08224376233514513,0.020878571332333833,3.939147033867083,0.9999999999999999,0.1520883940022577,10
ofi_10s,fwd_micro_300ms,1691970,96,0.012347612315212976,-0.013819683900850123,0.004575323678551291,0.03588560429114122,0.12749746782669516,-0.9515151515151514,0.1520883940022577,10
ofi_10s,fwd_mid_500ms,1691970,96,-0.03914614223069463,0.039491716847368775,0.1082795527355091,0.023305216987104603,4.6461508080110585,0.9999999999999999,0.1520883940022577,10
ofi_10s,fwd_micro_500ms,1691970,96,0.016105883744955883,-0.015788178892041274,0.01140452667790747,0.036750614250638386,0.31032206972457244,-0.8909090909090909,0.1520883940022577,10
ofi_10s,fwd_mid_1s,1691970,96,-0.05856800791613782,0.04838716116831932,0.14601811396011405,0.02071347059065284,7.0494277297019545,0.9999999999999999,0.1520883940022577,10
ofi_10s,fwd_micro_1s,1691970,96,0.009146146041858259,-0.0238738289716743,0.0003697519228730087,0.02296426398797681,0.016101187613354224,-0.4424242424242424,0.1520883940022577,10
ofi_10s,fwd_mid_3s,1691970,96,-0.0897671076848003,0.10382436495542544,0.2043441553389841,0.07640745466034947,2.674400766879956,0.9878787878787878,0.1520883940022577,10
ofi_10s,fwd_micro_3s,1691970,96,-0.0019919080411181602,0.013012142196268228,0.012073121922322455,0.08652304886220762,0.1395364828341812,0.6363636363636362,0.1520883940022577,10
ofi_10s,fwd_mid_5s,1691970,96,-0.12739731235780713,0.1259891288757813,0.2821148843313251,0.09991762221162043,2.82347475937548,0.9878787878787878,0.1520883940022577,10
ofi_10s,fwd_micro_5s,1691970,96,-0.036054027630894776,0.024819796368082726,0.049766887714402845,0.11262283866832935,0.44188983604795057,0.8181818181818182,0.1520883940022577,10
ofi_10s,fwd_mid_10s,1691970,96,-0.16105286057337012,0.15382056397239038,0.3305410014780097,0.1759679038694968,1.8784164282774491,0.9636363636363635,0.1520883940022577,10
ofi_10s,fwd_micro_10s,1691970,96,-0.05894535733457543,0.04189099572805309,0.1002640291305638,0.16950973975962746,0.5914942071927122,0.8666666666666665,0.1520883940022577,10
ofi_10s,fwd_mid_30s,1691970,96,-0.24019151714042203,0.23998619333893045,0.5923208598383495,0.25764157760609163,2.299011150847513,0.9515151515151514,0.1520883940022577,10
ofi_10s,fwd_micro_30s,1691970,96,-0.11589304420316696,0.10814175281520987,0.27235949932010345,0.2613343210141559,1.042188022848137,0.8666666666666665,0.1520883940022577,10
ofi_10s,fwd_mid_60s,1691970,96,-0.3170204461984389,0.342913746873168,0.6798369192349866,0.22534849243917174,3.016824793795746,0.9636363636363635,0.1520883940022577,10
ofi_10s,fwd_micro_60s,1691970,96,-0.18300490759355592,0.19901001045542768,0.39033765324276076,0.2121874981609605,1.8395883670142512,0.8909090909090909,0.1520883940022577,10
ofi_dollar,fwd_mid_100ms,1692166,96,-0.04024440492181724,0.023769925265330803,0.07184940872330477,0.006577765276292557,10.923072761848601,0.9757575757575757,0.20463476987482315,10
ofi_dollar,fwd_micro_100ms,1692166,96,0.003618190073575295,-0.007159810169046139,-0.029270189552066755,0.00976272593707552,-2.9981574552767594,-0.11515151515151514,0.20463476987482315,10
ofi_dollar,fwd_mid_300ms,1692166,96,-0.08622517358547169,0.05540556650826778,0.1834196699801424,0.015931632575682194,11.512923682417295,0.9878787878787878,0.20463476987482315,10
ofi_dollar,fwd_micro_300ms,1692166,96,0.040418759418973604,-0.027546203970951755,-0.07678464010611553,0.027866112602598306,-2.755484455300591,-0.4545454545454545,0.20463476987482315,10
ofi_dollar,fwd_mid_500ms,1692166,96,-0.11739176120689424,0.07297890561342797,0.2595571368465183,0.023764230438711193,10.92217724095571,0.9878787878787878,0.20463476987482315,10
ofi_dollar,fwd_micro_500ms,1692166,96,0.04960270600801973,-0.039545947777335104,-0.11219549610404707,0.03191179196250503,-3.5158005616191,-0.406060606060606,0.20463476987482315,10
ofi_dollar,fwd_mid_1s,1692166,96,-0.1638945349797201,0.09705323367040598,0.3512997885970668,0.029469243552882718,11.920896034085755,0.9878787878787878,0.20463476987482315,10
ofi_dollar,fwd_micro_1s,1692166,96,0.031388516201040974,-0.03259690660182934,-0.07407451428718707,0.03662679380962641,-2.0224132822600076,-0.23636363636363633,0.20463476987482315,10
ofi_dollar,fwd_mid_3s,1692166,96,-0.21269336477596593,0.1470762261354713,0.4898969826394972,0.04409982907102128,11.108818173660826,0.9999999999999999,0.20463476987482315,10
ofi_dollar,fwd_micro_3s,1692166,96,0.009870452037379872,-0.0028913200927172724,0.004612605199349418,0.049476303461075316,0.09322857361359485,0.406060606060606,0.20463476987482315,10
ofi_dollar,fwd_mid_5s,1692166,96,-0.2371025769377733,0.15363539543607374,0.522494454232625,0.05374431133733797,9.721855973799233,0.9878787878787878,0.20463476987482315,10
ofi_dollar,fwd_micro_5s,1692166,96,-0.004102491900122266,-0.0019950697631684403,0.010353196169591405,0.05198895252561468,0.19914223439086295,0.6484848484848483,0.20463476987482315,10
ofi_dollar,fwd_mid_10s,1692166,96,-0.2641227232956063,0.16545178506577624,0.6612066082983156,0.07462248383506913,8.860688820807905,0.9636363636363635,0.20463476987482315,10
ofi_dollar,fwd_micro_10s,1692166,96,-0.025865705914063713,0.004028592076526054,0.10917982219555629,0.08160685588808732,1.3378756111530818,0.7333333333333332,0.20463476987482315,10
ofi_dollar,fwd_mid_30s,1692166,96,-0.2872668018491347,0.21836618101875577,0.7622409308627128,0.0788914133680994,9.661899797715288,0.9999999999999999,0.20463476987482315,10
ofi_dollar,fwd_micro_30s,1692166,96,-0.039165692139658065,0.050284776235790404,0.21570056987315578,0.07408170948223494,2.9116575654194583,0.8060606060606059,0.20463476987482315,10
ofi_dollar,fwd_mid_60s,1692166,96,-0.30449765017243136,0.25139337517844645,0.8775516740340409,0.10791472684487063,8.131899136394399,0.9636363636363635,0.20463476987482315,10
ofi_dollar,fwd_micro_60s,1692166,96,-0.04828785681316761,0.0839367906494796,0.31263593056136146,0.1002519892807575,3.1185010173296304,0.8303030303030302,0.20463476987482315,10
ofi_norm,fwd_mid_100ms,1692165,98,-0.029924478459948903,0.01963641862555737,0.0606131707986079,0.004917186628668563,12.326798914895011,0.9393939393939393,0.20341337871897835,10
ofi_norm,fwd_micro_100ms,1692165,98,0.0012258763675076225,-0.0036272017085474603,-0.004489712995340942,0.006436670635340303,-0.6975210088722481,-0.1515151515151515,0.20341337871897835,10
ofi_norm,fwd_mid_300ms,1692165,98,-0.062051909721325633,0.0435710687415255,0.1308018136263536,0.012383355683182804,10.562711511548423,0.9757575757575757,0.20341337871897835,10
ofi_norm,fwd_micro_300ms,1692165,98,0.03389737006162952,-0.018460568973622606,-0.05724196639668646,0.015006061888932849,-3.814589518580028,-0.4545454545454545,0.20341337871897835,10
ofi_norm,fwd_mid_500ms,1692165,98,-0.09033530114962532,0.058416891991469086,0.18192752036356005,0.016160239544478396,11.257724235017342,0.9757575757575757,0.20341337871897835,10
ofi_norm,fwd_micro_500ms,1692165,98,0.03869740788295831,-0.025281439441075113,-0.0708297070157033,0.018430006666602383,-3.843173163038304,-0.4424242424242424,0.20341337871897835,10
ofi_norm,fwd_mid_1s,1692165,98,-0.1356446611952564,0.08367319249821313,0.26984336175456314,0.02341888244830046,11.522469628953026,0.9757575757575757,0.20341337871897835,10
ofi_norm,fwd_micro_1s,1692165,98,0.01699927303257697,-0.01528847170573421,-0.0210497057274833,0.022764365008113647,-0.9246779218300528,-0.18787878787878787,0.20341337871897835,10
ofi_norm,fwd_mid_3s,1692165,98,-0.187565175273376,0.14161965134520443,0.4112096584611312,0.03677566026215416,11.181571058951379,0.9757575757575757,0.20341337871897835,10
ofi_norm,fwd_micro_3s,1692165,98,-0.010400799998151099,0.024698839268187153,0.0677588545415214,0.03232388439327212,2.096247273908228,0.5151515151515151,0.20341337871897835,10
ofi_norm,fwd_mid_5s,1692165,98,-0.2124330153596592,0.1503065711672294,0.4495000857224176,0.04403401049008847,10.20802058953033,0.9757575757575757,0.20341337871897835,10
ofi_norm,fwd_micro_5s,1692165,98,-0.026320761179040322,0.027363933298603652,0.09050473464638494,0.0365249035320819,2.4778911343842287,0.6242424242424242,0.20341337871897835,10
ofi_norm,fwd_mid_10s,1692165,98,-0.2358706205333835,0.15397588231139728,0.4864243281497383,0.05725112126967154,8.496328410032712,0.9878787878787878,0.20341337871897835,10
ofi_norm,fwd_micro_10s,1692165,98,-0.04542681078714825,0.027743690696769015,0.1190257639470773,0.04958129832902541,2.400618135435118,0.8303030303030302,0.20341337871897835,10
ofi_norm,fwd_mid_30s,1692165,98,-0.27340920286741455,0.19993908820004633,0.6258210169486159,0.07075356350562007,8.845081236069559,0.9393939393939393,0.20341337871897835,10
ofi_norm,fwd_micro_30s,1692165,98,-0.0799492145141998,0.0686431057466191,0.24624421873927246,0.06350582472698593,3.877506036617683,0.6606060606060605,0.20341337871897835,10
ofi_norm,fwd_mid_60s,1692165,98,-0.31287546505283437,0.21914963019416353,0.7383344195732874,0.08652146791012635,8.533540142201792,0.9393939393939393,0.20341337871897835,10
ofi_norm,fwd_micro_60s,1692165,98,-0.1155891530533689,0.0889655666398865,0.35015265766571174,0.08194513771928137,4.273013230696202,0.7696969696969697,0.20341337871897835,10
ofi_per_event,fwd_mid_100ms,988233,98,-0.05131417571556699,0.046054056649125014,0.09192141491926277,0.00688189474194465,13.356992276997264,0.9999999999999999,0.1283715480053793,10
ofi_per_event,fwd_micro_100ms,988233,98,0.008323667492669221,-0.012110506036610482,-0.044102289397171764,0.02352147568288641,-1.874979699052615,-0.2121212121212121,0.1283715480053793,10
ofi_per_event,fwd_mid_300ms,988233,98,-0.10677955185711889,0.10128500956920307,0.2100737644546009,0.020838709557499804,10.08093921914641,0.9999999999999999,0.1283715480053793,10
ofi_per_event,fwd_micro_300ms,988233,98,0.058417574059157915,-0.06374860410945292,-0.13841665520994167,0.03086392961251684,-4.484738558819384,-0.709090909090909,0.1283715480053793,10
ofi_per_event,fwd_mid_500ms,988233,98,-0.14573935496451373,0.12943668560041185,0.2806213031374116,0.026547804655668607,10.570414645472091,0.9999999999999999,0.1283715480053793,10
ofi_per_event,fwd_micro_500ms,988233,98,0.06987146755787914,-0.09060657405326933,-0.1529380403139362,0.03551307021812137,-4.306528254937981,-0.7212121212121211,0.1283715480053793,10
ofi_per_event,fwd_mid_1s,988233,98,-0.2029707664210668,0.17014699029006453,0.35958336090331555,0.037629527824558,9.555882884840297,0.9999999999999999,0.1283715480053793,10
ofi_per_event,fwd_micro_1s,988233,98,0.05230166395349194,-0.08834856061115563,-0.15152123771605622,0.049921536680931154,-3.035187772453602,-0.4787878787878787,0.1283715480053793,10
ofi_per_event,fwd_mid_3s,988233,98,-0.2524540965933401,0.243703759377604,0.49253184832465796,0.05304072539463369,9.28591840816885,0.9999999999999999,0.1283715480053793,10
ofi_per_event,fwd_micro_3s,988233,98,0.04025025172886059,-0.05150104321431224,-0.10175739574639109,0.06597552281655594,-1.54235072951716,0.17575757575757575,0.1283715480053793,10
ofi_per_event,fwd_mid_5s,988233,98,-0.27633515532418246,0.25844847271003246,0.5585517649089953,0.053619837774187794,10.416886512436971,0.9999999999999999,0.1283715480053793,10
ofi_per_event,fwd_micro_5s,988233,98,0.029919413043805677,-0.04592516176937523,-0.0794553717791225,0.059829666390538175,-1.328026321599013,0.2606060606060606,0.1283715480053793,10
ofi_per_event,fwd_mid_10s,988233,98,-0.3033174619363296,0.2587718156252183,0.6101604749666368,0.06675711407172165,9.14000677607334,0.9757575757575757,0.1283715480053793,10
ofi_per_event,fwd_micro_10s,988233,98,0.011488386944025434,-0.05698880034993989,-0.03782115971765608,0.07551075104873302,-0.5008711897627282,0.2727272727272727,0.1283715480053793,10
ofi_per_event,fwd_mid_30s,988233,98,-0.3750412564926849,0.3456761197282729,0.7596807264795785,0.07735542751181733,9.820651904011838,0.9878787878787878,0.1283715480053793,10
ofi_per_event,fwd_micro_30s,988233,98,-0.04700728556074551,0.013433600549552427,0.06916088692179438,0.08483758242416656,0.8152152023381259,0.6363636363636362,0.1283715480053793,10
ofi_per_event,fwd_mid_60s,988233,98,-0.3862316208622249,0.3733809094308226,0.830178396321938,0.10872977661818124,7.635244200282113,0.9878787878787878,0.1283715480053793,10
ofi_per_event,fwd_micro_60s,988233,98,-0.052776973077749235,0.039922504706497004,0.14616908493733954,0.11504705355059941,1.2705156753367195,0.6363636363636362,0.1283715480053793,10
ofi_per_time,fwd_mid_100ms,1692166,96,-0.039447127984004154,0.023670829603708067,0.07098043798950095,0.00648111905654444,10.951879971688998,0.9878787878787878,0.20454908088213566,10
ofi_per_time,fwd_micro_100ms,1692166,96,0.005020567235825459,-0.007154645817479768,-0.029007370992558405,0.011443118314397992,-2.534918384620796,-0.17575757575757575,0.20454908088213566,10
ofi_per_time,fwd_mid_300ms,1692166,96,-0.08574023294206685,0.05564774346628127,0.1850785202083598,0.016085842108865316,11.505678033875412,0.9878787878787878,0.20454908088213566,10
ofi_per_time,fwd_micro_300ms,1692166,96,0.041957022875616,-0.027260162929617294,-0.07548685789359305,0.028016009685959,-2.6944186106355246,-0.4545454545454545,0.20454908088213566,10
ofi_per_time,fwd_mid_500ms,1692166,96,-0.11691515656611903,0.07342759204462038,0.2587956227820345,0.024060903552672132,10.755856371540688,0.9878787878787878,0.20454908088213566,10
ofi_per_time,fwd_micro_500ms,1692166,96,0.05147764011252108,-0.03891879696718695,-0.11579120410655593,0.03141769777359816,-3.6855407083284435,-0.406060606060606,0.20454908088213566,10
ofi_per_time,fwd_mid_1s,1692166,96,-0.1636162308052976,0.0979898857161294,0.35230495886728863,0.029596386330880155,11.90364779431542,0.9878787878787878,0.20454908088213566,10
ofi_per_time,fwd_micro_1s,1692166,96,0.03227027945484568,-0.03178178247001654,-0.08812252997948095,0.039500603267806446,-2.2309160541682678,-0.23636363636363633,0.20454908088213566,10
ofi_per_time,fwd_mid_3s,1692166,96,-0.21317399258307376,0.14826082752954114,0.4963512764214915,0.04589495902929286,10.814941050599717,0.9999999999999999,0.20454908088213566,10
ofi_per_time,fwd_micro_3s,1692166,96,0.01003755170004317,-0.001722564867852223,-0.005792159566524189,0.0536317556883028,-0.10799869391162728,0.406060606060606,0.20454908088213566,10
ofi_per_time,fwd_mid_5s,1692166,96,-0.23711518393570594,0.15437878683447037,0.5420586826602122,0.057325823927419,9.455750402236172,0.9878787878787878,0.20454908088213566,10
ofi_per_time,fwd_micro_5s,1692166,96,-0.0032758233482802534,-0.0012468415394026224,-0.0012244847294415097,0.0557812312236813,-0.021951554359410916,0.6727272727272726,0.20454908088213566,10
ofi_per_time,fwd_mid_10s,1692166,96,-0.2642130657287116,0.16593612556360227,0.6631575274175173,0.07818790491177571,8.481587122276768,0.9636363636363635,0.20454908088213566,10
ofi_per_time,fwd_micro_10s,1692166,96,-0.025175758906332033,0.004624284937803867,0.10435212163533679,0.08247887897112358,1.2651981081347041,0.7333333333333332,0.20454908088213566,10
ofi_per_time,fwd_mid_30s,1692166,96,-0.28782529546106944,0.21859514127264162,0.7634243793769008,0.0789323597988173,9.671880852450325,0.9878787878787878,0.20454908088213566,10
ofi_per_time,fwd_micro_30s,1692166,96,-0.0382322806634245,0.050132738391699655,0.19214375204868073,0.07319379270917674,2.6251372546321203,0.8060606060606059,0.20454908088213566,10
ofi_per_time,fwd_mid_60s,1692166,96,-0.30810021283991773,0.25229649255210945,0.8844924997076818,0.10728745625280618,8.244137111644376,0.9515151515151514,0.20454908088213566,10
ofi_per_time,fwd_micro_60s,1692166,96,-0.05079581725228922,0.08500003095506879,0.3183852654769051,0.10027131077511874,3.175237892231773,0.8303030303030302,0.20454908088213566,10
ofi_cum,fwd_mid_100ms,1692166,27,-0.001453980611879236,0.00028019967638938706,0.004405300128808323,0.005295180355578574,0.8319452469956485,-0.16363636363636364,0.2983643448692386,10
ofi_cum,fwd_micro_100ms,1692166,27,-0.0022033167767051528,0.0001099898414921635,-0.0005127723566713592,0.003980982329475448,-0.12880548423306476,-0.006060606060606061,0.2983643448692386,10
ofi_cum,fwd_mid_300ms,1692166,27,-0.0016435141533861271,-0.0005931082347503263,0.0041926331855333876,0.007667187199560784,0.5468280708958773,-0.13939393939393938,0.2983643448692386,10
ofi_cum,fwd_micro_300ms,1692166,27,-0.0008609861588194928,-0.0009820586698754347,0.005554275663842879,0.009926078622753161,0.5595639400952387,-0.07878787878787878,0.2983643448692386,10
ofi_cum,fwd_mid_500ms,1692166,27,-0.001353233630174017,0.0001734203820210479,0.006884035980184464,0.01158056442602204,0.5944473625755002,0.28484848484848485,0.2983643448692386,10
ofi_cum,fwd_micro_500ms,1692166,27,0.00007156065755829225,-0.00008044032618077484,-0.003939812306279603,0.00936043725235861,-0.42090045582933244,0.32121212121212117,0.2983643448692386,10
ofi_cum,fwd_mid_1s,1692166,27,-0.0036410227582147677,-0.0006184260251233559,0.006416974339637775,0.014816449254973097,0.43309798651548964,0.09090909090909088,0.2983643448692386,10
ofi_cum,fwd_micro_1s,1692166,27,0.0004224037565615652,-0.00241950320737728,-0.006167385355307673,0.015683929515456548,-0.39322960162692017,0.04242424242424241,0.2983643448692386,10
ofi_cum,fwd_mid_3s,1692166,27,-0.0006674354252141787,0.007412312806336028,0.0069432772604723835,0.022091586327579613,0.31429509667235833,0.33333333333333326,0.2983643448692386,10
ofi_cum,fwd_micro_3s,1692166,27,0.0008012983596882051,0.005148829077525419,-0.0004513712462224794,0.019596878065384994,-0.023032813936815805,0.0303030303030303,0.2983643448692386,10
ofi_cum,fwd_mid_5s,1692166,27,-0.00724292908050889,0.004126337021582854,-0.031525654582584724,0.026939495669350895,-1.170239226803771,0.09090909090909088,0.2983643448692386,10
ofi_cum,fwd_micro_5s,1692166,27,-0.006875770870953071,0.0032720992938985232,-0.03718658121080959,0.02791967497037973,-1.3319131132529736,0.22424242424242422,0.2983643448692386,10
ofi_cum,fwd_mid_10s,1692166,27,-0.013473793894743066,0.008515213687774938,-0.0797870248879753,0.05093163996792039,-1.5665512624024998,0.2121212121212121,0.2983643448692386,10
ofi_cum,fwd_micro_10s,1692166,27,-0.012967750842936185,0.007530446694263819,-0.08428472390548694,0.051614003524691275,-1.6329817132896218,0.12727272727272726,0.2983643448692386,10
ofi_cum,fwd_mid_30s,1692166,27,-0.03718745716840866,0.024127176362272677,-0.27008625892553967,0.14936218048704328,-1.808264033404151,0.10303030303030303,0.2983643448692386,10
ofi_cum,fwd_micro_30s,1692166,27,-0.03637038538542698,0.022550215365955167,-0.2781070145668401,0.15005818460558448,-1.8533278627741725,0.10303030303030303,0.2983643448692386,10
ofi_cum,fwd_mid_60s,1692166,27,-0.07333872202668039,0.04014330287755359,-0.5681272861846977,0.3122207118273643,-1.8196335626152547,0.2606060606060606,0.2983643448692386,10
ofi_cum,fwd_micro_60s,1692166,27,-0.07184349844881355,0.03788708166321788,-0.583666164336865,0.31339794468248766,-1.862380319463147,0.2606060606060606,0.2983643448692386,10
ofi_ewma,fwd_mid_100ms,1692166,95,-0.02098885304111732,0.019194729207755758,0.0403494604501402,0.0074443704956336345,5.420130617331106,0.9757575757575757,0.13354422674843958,10
ofi_ewma,fwd_micro_100ms,1692166,95,0.004045796166404772,-0.008798088150397137,-0.01786219876750877,0.011035657405750104,-1.6185894605790963,-0.9151515151515152,0.13354422674843958,10
ofi_ewma,fwd_mid_300ms,1692166,95,-0.045974413589765756,0.04899256102724491,0.11668955321911846,0.014127091563420216,8.259984208021056,0.9999999999999999,0.13354422674843958,10
ofi_ewma,fwd_micro_300ms,1692166,95,0.02423377464935544,-0.025557307893503516,-0.0630513781359006,0.01935258684769476,-3.258033596857939,-0.9878787878787878,0.13354422674843958,10
ofi_ewma,fwd_mid_500ms,1692166,95,-0.059909344678743384,0.06041831580562481,0.15301595541856777,0.02032230891000804,7.529457213555723,0.9999999999999999,0.13354422674843958,10
ofi_ewma,fwd_micro_500ms,1692166,95,0.03204586704126108,-0.03538123456832535,-0.06389136502902555,0.022828752764956644,-2.7987234207162737,-0.9999999999999999,0.13354422674843958,10
ofi_ewma,fwd_mid_1s,1692166,95,-0.08480368822399297,0.08178735699841837,0.22650696547840235,0.03281710629989186,6.902100490168713,0.9999999999999999,0.13354422674843958,10
ofi_ewma,fwd_micro_1s,1692166,95,0.025287844312076927,-0.03416684014450596,-0.04345432273565446,0.03110260627039802,-1.3971280206511894,-0.8909090909090909,0.13354422674843958,10
ofi_ewma,fwd_mid_3s,1692166,95,-0.12627358510793774,0.15500831575056967,0.36117907495557205,0.05092306627379478,7.092641927994746,0.9999999999999999,0.13354422674843958,10
ofi_ewma,fwd_micro_3s,1692166,95,0.008377133471765417,0.009524960168759193,0.042906401352434224,0.047310444135156886,0.9069118275419027,0.5272727272727272,0.13354422674843958,10
ofi_ewma,fwd_mid_5s,1692166,95,-0.16438311715526957,0.179396070405119,0.4357073467964005,0.07167471724111117,6.078954526331742,0.9999999999999999,0.13354422674843958,10
ofi_ewma,fwd_micro_5s,1692166,95,-0.021388134018489432,0.021285809099893683,0.0629667461168428,0.062107237581315054,1.0138391042493626,0.8060606060606059,0.13354422674843958,10
ofi_ewma,fwd_mid_10s,1692166,95,-0.20147969303228583,0.21285141244119923,0.597121546892678,0.09773461240294036,6.109622089980412,0.9999999999999999,0.13354422674843958,10
ofi_ewma,fwd_micro_10s,1692166,95,-0.0463403943980371,0.04499127602058211,0.19474785653583063,0.07806511583963022,2.4946847825846143,0.8909090909090909,0.13354422674843958,10
ofi_ewma,fwd_mid_30s,1692166,95,-0.2843127291671798,0.3116920910981526,0.8625493460813998,0.13073877369702586,6.597502192274439,0.9878787878787878,0.13354422674843958,10
ofi_ewma,fwd_micro_30s,1692166,95,-0.10602805559684589,0.12179870123884486,0.39267980299207,0.12011647729015826,3.269158502238595,0.9030303030303028,0.13354422674843958,10
ofi_ewma,fwd_mid_60s,1692166,95,-0.3708060332187359,0.40345355534994515,1.067693440122409,0.18420966005422895,5.796077359939179,0.9757575757575757,0.13354422674843958,10
ofi_ewma,fwd_micro_60s,1692166,95,-0.1818645468982333,0.1966922255857315,0.5668290910095911,0.1631736192703288,3.473778994081933,0.9151515151515152,0.13354422674843958,10
d_ofi,fwd_mid_100ms,1692166,96,-0.02422797879910467,0.02097642199333225,0.035464022030601144,0.010153126652417844,3.4929163443613516,0.9878787878787878,0.16034242503395058,10
d_ofi,fwd_micro_100ms,1692166,96,0.003365965149698295,-0.006893706268169505,-0.02769689343895999,0.014204360934072215,-1.9498866276006148,-0.19999999999999998,0.16034242503395058,10
d_ofi,fwd_mid_300ms,1692166,96,-0.05028893186977543,0.047432216225625996,0.087489279056067,0.013659514196023211,6.405006634975229,0.9878787878787878,0.16034242503395058,10
d_ofi,fwd_micro_300ms,1692166,96,0.031269012681679594,-0.026266689568764625,-0.08615315590990386,0.01630598398215718,-5.283530022118072,-0.5515151515151515,0.16034242503395058,10
d_ofi,fwd_mid_500ms,1692166,96,-0.06566239499453062,0.06029818678356475,0.12666648311867929,0.018371318125640357,6.894795585837374,0.9878787878787878,0.16034242503395058,10
d_ofi,fwd_micro_500ms,1692166,96,0.0360648693073268,-0.03597236300544562,-0.10420755991031576,0.017154512274188034,-6.074644282782336,-0.5151515151515151,0.16034242503395058,10
d_ofi,fwd_mid_1s,1692166,96,-0.08877690737927973,0.07546284360983656,0.16720864314604386,0.02077472565784764,8.04865709901112,0.9757575757575757,0.16034242503395058,10
d_ofi,fwd_micro_1s,1692166,96,0.029111666667310913,-0.033210778647551724,-0.09126034189677286,0.024616183259371312,-3.7073311055250735,-0.5030303030303029,0.16034242503395058,10
d_ofi,fwd_mid_3s,1692166,96,-0.08670767325223702,0.09698944226269211,0.182546664554297,0.03285734175020384,5.5557344213082756,0.9757575757575757,0.16034242503395058,10
d_ofi,fwd_micro_3s,1692166,96,0.03564629194466732,-0.01939264283278857,-0.09129711920200632,0.03598561705758926,-2.537044704719105,-0.33333333333333326,0.16034242503395058,10
d_ofi,fwd_mid_5s,1692166,96,-0.09183255660456638,0.0800655517815679,0.15997048824923685,0.02954632255630828,5.414226692488415,0.9878787878787878,0.16034242503395058,10
d_ofi,fwd_micro_5s,1692166,96,0.030100084211644496,-0.037090588084988364,-0.1460743230634859,0.03737647138205061,-3.908189234086862,-0.309090909090909,0.16034242503395058,10
d_ofi,fwd_mid_10s,1692166,96,-0.0813462162997951,0.07039637639163104,0.1504527304099135,0.04569438378869317,3.2925869206522096,0.9757575757575757,0.16034242503395058,10
d_ofi,fwd_micro_10s,1692166,96,0.04198000419955863,-0.04788212754307671,-0.1356110303424963,0.0475788322842405,-2.8502387265904936,-0.38181818181818183,0.16034242503395058,10
d_ofi,fwd_mid_30s,1692166,96,-0.07747299535137116,0.11295292929197422,0.08768289297649379,0.0732416095514883,1.197173212241511,0.8787878787878788,0.16034242503395058,10
d_ofi,fwd_micro_30s,1692166,96,0.04710974802530489,-0.009183344988148505,-0.20908488488519786,0.08151481682542097,-2.564992390683914,-0.01818181818181818,0.16034242503395058,10
d_ofi,fwd_mid_60s,1692166,96,-0.04848707335479369,0.1100136400430816,0.15468756781095236,0.08877623888932666,1.742443358112911,0.6969696969696969,0.16034242503395058,10
d_ofi,fwd_micro_60s,1692166,96,0.07440371093020595,-0.0068635394731019145,-0.12765198233594074,0.08853197407015294,-1.4418743473944118,0.13939393939393938,0.16034242503395058,10
ofi_vel,fwd_mid_100ms,1692166,96,-0.02422797879910467,0.02097642199333225,0.035464022030601144,0.010153126652417844,3.4929163443613516,0.9878787878787878,0.16034242503395058,10
ofi_vel,fwd_micro_100ms,1692166,96,0.003365965149698295,-0.006893706268169505,-0.02769689343895999,0.014204360934072215,-1.9498866276006148,-0.19999999999999998,0.16034242503395058,10
ofi_vel,fwd_mid_300ms,1692166,96,-0.05028893186977543,0.047432216225625996,0.087489279056067,0.013659514196023211,6.405006634975229,0.9878787878787878,0.16034242503395058,10
ofi_vel,fwd_micro_300ms,1692166,96,0.031269012681679594,-0.026266689568764625,-0.08615315590990386,0.01630598398215718,-5.283530022118072,-0.5515151515151515,0.16034242503395058,10
ofi_vel,fwd_mid_500ms,1692166,96,-0.06566239499453062,0.06029818678356475,0.12666648311867929,0.018371318125640357,6.894795585837374,0.9878787878787878,0.16034242503395058,10
ofi_vel,fwd_micro_500ms,1692166,96,0.0360648693073268,-0.03597236300544562,-0.10420755991031576,0.017154512274188034,-6.074644282782336,-0.5151515151515151,0.16034242503395058,10
ofi_vel,fwd_mid_1s,1692166,96,-0.08877690737927973,0.07546284360983656,0.16720864314604386,0.02077472565784764,8.04865709901112,0.9757575757575757,0.16034242503395058,10
ofi_vel,fwd_micro_1s,1692166,96,0.029111666667310913,-0.033210778647551724,-0.09126034189677286,0.024616183259371312,-3.7073311055250735,-0.5030303030303029,0.16034242503395058,10
ofi_vel,fwd_mid_3s,1692166,96,-0.08670767325223702,0.09698944226269211,0.182546664554297,0.03285734175020384,5.5557344213082756,0.9757575757575757,0.16034242503395058,10
ofi_vel,fwd_micro_3s,1692166,96,0.03564629194466732,-0.01939264283278857,-0.09129711920200632,0.03598561705758926,-2.537044704719105,-0.33333333333333326,0.16034242503395058,10
ofi_vel,fwd_mid_5s,1692166,96,-0.09183255660456638,0.0800655517815679,0.15997048824923685,0.02954632255630828,5.414226692488415,0.9878787878787878,0.16034242503395058,10
ofi_vel,fwd_micro_5s,1692166,96,0.030100084211644496,-0.037090588084988364,-0.1460743230634859,0.03737647138205061,-3.908189234086862,-0.309090909090909,0.16034242503395058,10
ofi_vel,fwd_mid_10s,1692166,96,-0.0813462162997951,0.07039637639163104,0.1504527304099135,0.04569438378869317,3.2925869206522096,0.9757575757575757,0.16034242503395058,10
ofi_vel,fwd_micro_10s,1692166,96,0.04198000419955863,-0.04788212754307671,-0.1356110303424963,0.0475788322842405,-2.8502387265904936,-0.38181818181818183,0.16034242503395058,10
ofi_vel,fwd_mid_30s,1692166,96,-0.07747299535137116,0.11295292929197422,0.08768289297649379,0.0732416095514883,1.197173212241511,0.8787878787878788,0.16034242503395058,10
ofi_vel,fwd_micro_30s,1692166,96,0.04710974802530489,-0.009183344988148505,-0.20908488488519786,0.08151481682542097,-2.564992390683914,-0.01818181818181818,0.16034242503395058,10
ofi_vel,fwd_mid_60s,1692166,96,-0.04848707335479369,0.1100136400430816,0.15468756781095236,0.08877623888932666,1.742443358112911,0.6969696969696969,0.16034242503395058,10
ofi_vel,fwd_micro_60s,1692166,96,0.07440371093020595,-0.0068635394731019145,-0.12765198233594074,0.08853197407015294,-1.4418743473944118,0.13939393939393938,0.16034242503395058,10
ofi_acc,fwd_mid_100ms,1692165,97,-0.01585019748183412,0.012466972803354367,0.023483018047877568,0.012975018937071193,1.8098638747095586,0.9999999999999999,0.1457156955734222,10
ofi_acc,fwd_micro_100ms,1692165,97,0.0018339510810993732,-0.0045950234009806395,-0.01202226656122389,0.01534394226210346,-0.783518756513868,-0.4545454545454545,0.1457156955734222,10
ofi_acc,fwd_mid_300ms,1692165,97,-0.03234988375665943,0.029796168774857523,0.06544128369473093,0.01971966853624272,3.318579294294759,0.9999999999999999,0.1457156955734222,10
ofi_acc,fwd_micro_300ms,1692165,97,0.01910204997206615,-0.01525315926176426,-0.04468660022929614,0.017371147045933163,-2.5724611110098174,-0.7696969696969697,0.1457156955734222,10
ofi_acc,fwd_mid_500ms,1692165,97,-0.04322884427937396,0.03539468706540118,0.08503308515494536,0.019991854858984876,4.253386479380587,0.9878787878787878,0.1457156955734222,10
ofi_acc,fwd_micro_500ms,1692165,97,0.02069506050342694,-0.02402101896289177,-0.04749094019775458,0.0185472541715605,-2.5605375199189853,-0.709090909090909,0.1457156955734222,10
ofi_acc,fwd_mid_1s,1692165,97,-0.05485650507702978,0.04208829578246709,0.11687139267032638,0.03810978749377455,3.0667028172072066,0.9999999999999999,0.1457156955734222,10
ofi_acc,fwd_micro_1s,1692165,97,0.017169373173372176,-0.024999820472818592,-0.026386095700564688,0.039234175257507976,-0.67252836404444,-0.7575757575757575,0.1457156955734222,10
ofi_acc,fwd_mid_3s,1692165,97,-0.0434063047306884,0.05248991160265169,0.10992982332708974,0.04385522394709155,2.506652878108954,0.9878787878787878,0.1457156955734222,10
ofi_acc,fwd_micro_3s,1692165,97,0.02892906031377395,-0.01797726103653361,-0.019926402153400215,0.044948077616419405,-0.4433204535119241,-0.38181818181818183,0.1457156955734222,10
ofi_acc,fwd_mid_5s,1692165,97,-0.051884962074747784,0.04089269530506993,0.1045198030462673,0.046166206570306435,2.2639894158748843,0.9757575757575757,0.1457156955734222,10
ofi_acc,fwd_micro_5s,1692165,97,0.02230634726406267,-0.030655053871416947,-0.06496585884532355,0.05268263344468828,-1.2331551138864667,-0.406060606060606,0.1457156955734222,10
ofi_acc,fwd_mid_10s,1692165,97,-0.04441643703787506,0.045824820104688205,0.1298829495568208,0.07127166423368861,1.822364483183036,0.8181818181818182,0.1457156955734222,10
ofi_acc,fwd_micro_10s,1692165,97,0.03180279445384841,-0.024834487908856753,-0.03753088841222382,0.08054755659379662,-0.4659469510849727,-0.05454545454545454,0.1457156955734222,10
ofi_acc,fwd_mid_30s,1692165,97,-0.05129075136160223,0.0827467260459662,0.036915963446468,0.06841411540879164,0.5395957139237391,0.7696969696969697,0.1457156955734222,10
ofi_acc,fwd_micro_30s,1692165,97,0.02640839256147145,0.0053157358509963665,-0.12233554898738404,0.07348403899106636,-1.6647907581979358,0.0303030303030303,0.1457156955734222,10
ofi_acc,fwd_mid_60s,1692165,97,-0.04710091883416087,0.0988117835521152,0.04578626490630613,0.08434970812340875,0.5428147402634522,0.8060606060606059,0.1457156955734222,10
ofi_acc,fwd_micro_60s,1692165,97,0.030166719454492466,0.0245533115193476,-0.13294440087100065,0.07953750595077914,-1.6714680612850965,0.1515151515151515,0.1457156955734222,10
ofi_sign,fwd_mid_100ms,1692166,11,-0.025899947461287643,0.018844759281877663,0.020420764861134925,0.009587904272234321,2.1298465526268924,0.8060606060606059,0.34198772460857857,10
ofi_sign,fwd_micro_100ms,1692166,11,-0.0024979296266925384,-0.0000452322731195676,0.0009195167648541604,0.009258659048182552,0.09931424843154353,0.6,0.34198772460857857,10
ofi_sign,fwd_mid_300ms,1692166,11,-0.05955910004423771,0.042618433952345575,0.05473102949767003,0.024481232362545614,2.2356321237081294,0.8787878787878788,0.34198772460857857,10
ofi_sign,fwd_micro_300ms,1692166,11,0.008274885179460836,-0.013377728868747994,-0.004864303992832348,0.023970270075165046,-0.20293071281963246,-0.7454545454545454,0.34198772460857857,10
ofi_sign,fwd_mid_500ms,1692166,11,-0.084418091052404,0.0584600997283857,0.07850199957358829,0.03588287746580894,2.187728663856154,0.9030303030303028,0.34198772460857857,10
ofi_sign,fwd_micro_500ms,1692166,11,-0.0052633489117829835,-0.018291266187643433,0.00741461335706542,0.024904337238402165,0.2977237774323174,-0.1515151515151515,0.34198772460857857,10
ofi_sign,fwd_mid_1s,1692166,11,-0.14734772208901467,0.08521389913049283,0.12306690144772041,0.051999010249696824,2.366716228958184,0.8909090909090909,0.34198772460857857,10
ofi_sign,fwd_micro_1s,1692166,11,-0.05187062245394328,-0.006474208207759904,0.05481285192555179,0.027544765551875308,1.9899552901375126,0.16363636363636364,0.34198772460857857,10
ofi_sign,fwd_mid_3s,1692166,11,-0.2272086465905712,0.14178994189391553,0.2365407604555319,0.07102022423050658,3.330611287396166,0.9393939393939393,0.34198772460857857,10
ofi_sign,fwd_micro_3s,1692166,11,-0.10413582557696173,0.031442534381397984,0.14071153397817973,0.04616671961624437,3.0478997673611734,0.7939393939393938,0.34198772460857857,10
ofi_sign,fwd_mid_5s,1692166,11,-0.24397075398522805,0.14823826566131615,0.2597216031627239,0.08739552315424305,2.9717952795401787,0.9393939393939393,0.34198772460857857,10
ofi_sign,fwd_micro_5s,1692166,11,-0.11287863893911404,0.03120610284605802,0.15767058986213323,0.050819352265976864,3.102569844592301,0.7818181818181817,0.34198772460857857,10
ofi_sign,fwd_mid_10s,1692166,11,-0.2590222270289515,0.16428285027986253,0.28864963385619896,0.10340118491938596,2.7915505424936584,0.9393939393939393,0.34198772460857857,10
ofi_sign,fwd_micro_10s,1692166,11,-0.124899578843665,0.04303586135552671,0.18097107238702625,0.07245358527003454,2.4977517911991107,0.8545454545454544,0.34198772460857857,10
ofi_sign,fwd_mid_30s,1692166,11,-0.34860757852732244,0.2055244725300269,0.37129757453483203,0.12189232187439755,3.0461112630000686,0.9272727272727272,0.34198772460857857,10
ofi_sign,fwd_micro_30s,1692166,11,-0.19644550264738517,0.08046334154681334,0.24289435523980565,0.10190804321168835,2.3834659913472547,0.8060606060606059,0.34198772460857857,10
ofi_sign,fwd_mid_60s,1692166,11,-0.42134059580639993,0.2260228451016252,0.3938454328479421,0.16117173558439413,2.4436383427894115,0.9272727272727272,0.34198772460857857,10
ofi_sign,fwd_micro_60s,1692166,11,-0.2717939480710739,0.09904225863892371,0.2738342140341514,0.1361687661489883,2.010991373267914,0.6242424242424242,0.34198772460857857,10
ofi_persist,fwd_mid_100ms,1692166,0,NaN,0.0009933978775801705,NaN,NaN,NaN,0.5499999999999999,0.2943470085086215,9
ofi_persist,fwd_micro_100ms,1692166,0,NaN,0.0002761044094433057,NaN,NaN,NaN,0.6166666666666666,0.2943470085086215,9
ofi_persist,fwd_mid_300ms,1692166,0,NaN,0.0012259445914751248,NaN,NaN,NaN,0.6166666666666666,0.2943470085086215,9
ofi_persist,fwd_micro_300ms,1692166,0,NaN,0.0005554089532009567,NaN,NaN,NaN,-0.11666666666666665,0.2943470085086215,9
ofi_persist,fwd_mid_500ms,1692166,0,NaN,0.0042839940894548525,NaN,NaN,NaN,0.4666666666666666,0.2943470085086215,9
ofi_persist,fwd_micro_500ms,1692166,0,NaN,0.004116761520236283,NaN,NaN,NaN,0.21666666666666667,0.2943470085086215,9
ofi_persist,fwd_mid_1s,1692166,0,NaN,0.003579514017035945,NaN,NaN,NaN,0.45,0.2943470085086215,9
ofi_persist,fwd_micro_1s,1692166,0,NaN,0.0018146077506373678,NaN,NaN,NaN,0.13333333333333333,0.2943470085086215,9
ofi_persist,fwd_mid_3s,1692166,0,NaN,0.010928140042200515,NaN,NaN,NaN,0.09999999999999999,0.2943470085086215,9
ofi_persist,fwd_micro_3s,1692166,0,NaN,0.008554919913110968,NaN,NaN,NaN,0.35,0.2943470085086215,9
ofi_persist,fwd_mid_5s,1692166,0,NaN,0.00825823061913278,NaN,NaN,NaN,-0.31666666666666665,0.2943470085086215,9
ofi_persist,fwd_micro_5s,1692166,0,NaN,0.005796123316052647,NaN,NaN,NaN,-0.18333333333333335,0.2943470085086215,9
ofi_persist,fwd_mid_10s,1692166,0,NaN,0.004642780614002989,NaN,NaN,NaN,-0.13333333333333333,0.2943470085086215,9
ofi_persist,fwd_micro_10s,1692166,0,NaN,0.0022805075832725103,NaN,NaN,NaN,-0.2333333333333333,0.2943470085086215,9
ofi_persist,fwd_mid_30s,1692166,0,NaN,-0.007942686632645695,NaN,NaN,NaN,-0.41666666666666663,0.2943470085086215,9
ofi_persist,fwd_micro_30s,1692166,0,NaN,-0.008643418992488851,NaN,NaN,NaN,0.03333333333333333,0.2943470085086215,9
ofi_persist,fwd_mid_60s,1692166,0,NaN,-0.025637884552408934,NaN,NaN,NaN,-0.06666666666666667,0.2943470085086215,9
ofi_persist,fwd_micro_60s,1692166,0,NaN,-0.02722354144117648,NaN,NaN,NaN,0.049999999999999996,0.2943470085086215,9
ofi_streak,fwd_mid_100ms,1692166,0,NaN,0.0009933978775801705,NaN,NaN,NaN,0.5499999999999999,0.2943470085086215,9
ofi_streak,fwd_micro_100ms,1692166,0,NaN,0.0002761044094433057,NaN,NaN,NaN,0.6166666666666666,0.2943470085086215,9
ofi_streak,fwd_mid_300ms,1692166,0,NaN,0.0012259445914751248,NaN,NaN,NaN,0.6166666666666666,0.2943470085086215,9
ofi_streak,fwd_micro_300ms,1692166,0,NaN,0.0005554089532009567,NaN,NaN,NaN,-0.11666666666666665,0.2943470085086215,9
ofi_streak,fwd_mid_500ms,1692166,0,NaN,0.0042839940894548525,NaN,NaN,NaN,0.4666666666666666,0.2943470085086215,9
ofi_streak,fwd_micro_500ms,1692166,0,NaN,0.004116761520236283,NaN,NaN,NaN,0.21666666666666667,0.2943470085086215,9
ofi_streak,fwd_mid_1s,1692166,0,NaN,0.003579514017035945,NaN,NaN,NaN,0.45,0.2943470085086215,9
ofi_streak,fwd_micro_1s,1692166,0,NaN,0.0018146077506373678,NaN,NaN,NaN,0.19999999999999998,0.2943470085086215,9
ofi_streak,fwd_mid_3s,1692166,0,NaN,0.010928140042200515,NaN,NaN,NaN,0.09999999999999999,0.2943470085086215,9
ofi_streak,fwd_micro_3s,1692166,0,NaN,0.008554919913110968,NaN,NaN,NaN,0.35,0.2943470085086215,9
ofi_streak,fwd_mid_5s,1692166,0,NaN,0.00825823061913278,NaN,NaN,NaN,-0.31666666666666665,0.2943470085086215,9
ofi_streak,fwd_micro_5s,1692166,0,NaN,0.005796123316052647,NaN,NaN,NaN,-0.18333333333333335,0.2943470085086215,9
ofi_streak,fwd_mid_10s,1692166,0,NaN,0.004642780614002989,NaN,NaN,NaN,-0.13333333333333333,0.2943470085086215,9
ofi_streak,fwd_micro_10s,1692166,0,NaN,0.0022805075832725103,NaN,NaN,NaN,-0.2333333333333333,0.2943470085086215,9
ofi_streak,fwd_mid_30s,1692166,0,NaN,-0.007942686632645695,NaN,NaN,NaN,-0.41666666666666663,0.2943470085086215,9
ofi_streak,fwd_micro_30s,1692166,0,NaN,-0.008643418992488851,NaN,NaN,NaN,0.03333333333333333,0.2943470085086215,9
ofi_streak,fwd_mid_60s,1692166,0,NaN,-0.025637884552408934,NaN,NaN,NaN,-0.06666666666666667,0.2943470085086215,9
ofi_streak,fwd_micro_60s,1692166,0,NaN,-0.02722354144117648,NaN,NaN,NaN,0.049999999999999996,0.2943470085086215,9
ofi_reversal,fwd_mid_100ms,1692166,0,NaN,-0.0004662241521012027,NaN,NaN,NaN,-0.8857142857142858,0.4483868603907654,6
ofi_reversal,fwd_micro_100ms,1692166,0,NaN,-0.0010826742426297237,NaN,NaN,NaN,-0.2571428571428572,0.4483868603907654,6
ofi_reversal,fwd_mid_300ms,1692166,0,NaN,-0.0008582597828760118,NaN,NaN,NaN,-0.6,0.4483868603907654,6
ofi_reversal,fwd_micro_300ms,1692166,0,NaN,-0.0008096526023599854,NaN,NaN,NaN,-0.5428571428571429,0.4483868603907654,6
ofi_reversal,fwd_mid_500ms,1692166,0,NaN,-0.0017045129272704287,NaN,NaN,NaN,-0.7142857142857143,0.4483868603907654,6
ofi_reversal,fwd_micro_500ms,1692166,0,NaN,-0.0018015428417807882,NaN,NaN,NaN,-0.7714285714285715,0.4483868603907654,6
ofi_reversal,fwd_mid_1s,1692166,0,NaN,-0.001927733071699141,NaN,NaN,NaN,-0.5428571428571429,0.4483868603907654,6
ofi_reversal,fwd_micro_1s,1692166,0,NaN,-0.0007359286617606758,NaN,NaN,NaN,-0.6,0.4483868603907654,6
ofi_reversal,fwd_mid_3s,1692166,0,NaN,0.0065461276799450305,NaN,NaN,NaN,-0.3714285714285715,0.4483868603907654,6
ofi_reversal,fwd_micro_3s,1692166,0,NaN,0.006395368451546653,NaN,NaN,NaN,-0.2571428571428572,0.4483868603907654,6
ofi_reversal,fwd_mid_5s,1692166,0,NaN,0.00029918149581274826,NaN,NaN,NaN,-0.3714285714285715,0.4483868603907654,6
ofi_reversal,fwd_micro_5s,1692166,0,NaN,-0.00013131945376320943,NaN,NaN,NaN,-0.2571428571428572,0.4483868603907654,6
ofi_reversal,fwd_mid_10s,1692166,0,NaN,0.002600018887310577,NaN,NaN,NaN,-0.08571428571428573,0.4483868603907654,6
ofi_reversal,fwd_micro_10s,1692166,0,NaN,0.0033171743527306593,NaN,NaN,NaN,0.08571428571428573,0.4483868603907654,6
ofi_reversal,fwd_mid_30s,1692166,0,NaN,0.0012553213561129202,NaN,NaN,NaN,-0.028571428571428574,0.4483868603907654,6
ofi_reversal,fwd_micro_30s,1692166,0,NaN,-0.00006497074436199686,NaN,NaN,NaN,-0.028571428571428574,0.4483868603907654,6
ofi_reversal,fwd_mid_60s,1692166,0,NaN,0.004291659263379055,NaN,NaN,NaN,-0.08571428571428573,0.4483868603907654,6
ofi_reversal,fwd_micro_60s,1692166,0,NaN,0.004862525684938191,NaN,NaN,NaN,-0.08571428571428573,0.4483868603907654,6
ofi_z,fwd_mid_100ms,1692166,98,-0.039132045931454515,0.037368226079139616,0.07217260635528615,0.004829002681573746,14.945654644317878,0.9636363636363635,0.11223898837348109,10
ofi_z,fwd_micro_100ms,1692166,98,0.010073757373132692,-0.013484585243499674,-0.02654140379314767,0.005770478858038646,-4.59951495293563,-0.16363636363636364,0.11223898837348109,10
ofi_z,fwd_mid_300ms,1692166,98,-0.08763522282416163,0.08387677520636738,0.1626720275433981,0.011545602381046785,14.089522761535584,0.9999999999999999,0.11223898837348109,10
ofi_z,fwd_micro_300ms,1692166,98,0.051574840399155615,-0.052483836368447855,-0.10930591416042906,0.015948556616732206,-6.85365558697345,-0.5878787878787878,0.11223898837348109,10
ofi_z,fwd_mid_500ms,1692166,98,-0.1197656757685628,0.1109316113081968,0.2236223636831298,0.014569451023513513,15.348715838519075,0.9999999999999999,0.11223898837348109,10
ofi_z,fwd_micro_500ms,1692166,98,0.06029718904199815,-0.0683379651141268,-0.1307015048221556,0.0196395466444346,-6.655016390574037,-0.6242424242424242,0.11223898837348109,10
ofi_z,fwd_mid_1s,1692166,98,-0.1695912174896456,0.1498206700425462,0.30697363276448375,0.019484775507163526,15.754537826295495,0.9999999999999999,0.11223898837348109,10
ofi_z,fwd_micro_1s,1692166,98,0.04034695850769248,-0.057269353937985074,-0.09799909419252596,0.022249225011758376,-4.40460708814509,-0.5151515151515151,0.11223898837348109,10
ofi_z,fwd_mid_3s,1692166,98,-0.22728143703678594,0.22595956550735302,0.44037352560660137,0.030627929587974032,14.378168277476801,0.9878787878787878,0.11223898837348109,10
ofi_z,fwd_micro_3s,1692166,98,0.011265972889943864,-0.013807701809032147,-0.021456205495923246,0.030397034559945944,-0.7058650887016461,0.13939393939393938,0.11223898837348109,10
ofi_z,fwd_mid_5s,1692166,98,-0.25039523884121206,0.24884323790754997,0.4895014918036921,0.037374885243074654,13.097070094533438,0.9878787878787878,0.11223898837348109,10
ofi_z,fwd_micro_5s,1692166,98,0.0021799650956212504,-0.0004749211771212348,0.0031077116976961916,0.03570029504028434,0.08705002841543574,0.3696969696969697,0.11223898837348109,10
ofi_z,fwd_mid_10s,1692166,98,-0.27866956953338584,0.2643760175591915,0.5495084882102879,0.04658236164310865,11.79649268150795,0.9636363636363635,0.11223898837348109,10
ofi_z,fwd_micro_10s,1692166,98,-0.01936454064062024,0.006012399274669298,0.04315126871395828,0.04380606021427141,0.9850524905204827,0.7696969696969697,0.11223898837348109,10
ofi_z,fwd_mid_30s,1692166,98,-0.3097744709875572,0.34593778224385274,0.6946669120286035,0.058813140315448084,11.81142357477789,0.7333333333333332,0.11223898837348109,10
ofi_z,fwd_micro_30s,1692166,98,-0.043194266304490914,0.0777878451724685,0.16676936655120653,0.053444094858182356,3.1204451491552194,0.6121212121212121,0.11223898837348109,10
ofi_z,fwd_mid_60s,1692166,98,-0.3344152582851866,0.4207100214890845,0.8204530234612706,0.07333552566346763,11.187661314739609,0.6,0.11223898837348109,10
ofi_z,fwd_micro_60s,1692166,98,-0.05969978437760556,0.15066989558243216,0.2801385110715031,0.06718787802089145,4.169479961614455,0.4787878787878787,0.11223898837348109,10
ofi_shock,fwd_mid_100ms,1692166,0,NaN,0.00001929972642035465,NaN,NaN,NaN,NaN,1.0,1
ofi_shock,fwd_micro_100ms,1692166,0,NaN,-0.0005665004100961597,NaN,NaN,NaN,NaN,1.0,1
ofi_shock,fwd_mid_300ms,1692166,0,NaN,0.0000445886466332111,NaN,NaN,NaN,NaN,1.0,1
ofi_shock,fwd_micro_300ms,1692166,0,NaN,-0.000025121275817918956,NaN,NaN,NaN,NaN,1.0,1
ofi_shock,fwd_mid_500ms,1692166,0,NaN,-0.00030523325130969156,NaN,NaN,NaN,NaN,1.0,1
ofi_shock,fwd_micro_500ms,1692166,0,NaN,-0.00019191560400850092,NaN,NaN,NaN,NaN,1.0,1
ofi_shock,fwd_mid_1s,1692166,0,NaN,-0.001582529180604096,NaN,NaN,NaN,NaN,1.0,1
ofi_shock,fwd_micro_1s,1692166,0,NaN,-0.0007802562761396207,NaN,NaN,NaN,NaN,1.0,1
ofi_shock,fwd_mid_3s,1692166,0,NaN,0.004879088992298351,NaN,NaN,NaN,NaN,1.0,1
ofi_shock,fwd_micro_3s,1692166,0,NaN,0.004686948447623532,NaN,NaN,NaN,NaN,1.0,1
ofi_shock,fwd_mid_5s,1692166,0,NaN,0.00010130617074419619,NaN,NaN,NaN,NaN,1.0,1
ofi_shock,fwd_micro_5s,1692166,0,NaN,0.00008748432779614127,NaN,NaN,NaN,NaN,1.0,1
ofi_shock,fwd_mid_10s,1692166,0,NaN,0.00029620037383089575,NaN,NaN,NaN,NaN,1.0,1
ofi_shock,fwd_micro_10s,1692166,0,NaN,0.00028677208224150546,NaN,NaN,NaN,NaN,1.0,1
ofi_shock,fwd_mid_30s,1692166,0,NaN,0.0016571868586518575,NaN,NaN,NaN,NaN,1.0,1
ofi_shock,fwd_micro_30s,1692166,0,NaN,0.0015384171005431641,NaN,NaN,NaN,NaN,1.0,1
ofi_shock,fwd_mid_60s,1692166,0,NaN,0.0025111988587967556,NaN,NaN,NaN,NaN,1.0,1
ofi_shock,fwd_micro_60s,1692166,0,NaN,0.0023234538463294757,NaN,NaN,NaN,NaN,1.0,1
ofi_pct,fwd_mid_100ms,1674899,94,-0.03274843038681843,0.015410408735622296,0.07956400873024795,0.018595513854779328,4.278666852209561,0.9515151515151514,0.24329705850919967,10
ofi_pct,fwd_micro_100ms,1674899,94,0.0030215397570873145,-0.003198946329743168,-0.049209391613941236,0.0396268619490003,-1.2418190387438106,-0.3939393939393939,0.24329705850919967,10
ofi_pct,fwd_mid_300ms,1674899,94,-0.06969838695017057,0.033842853954918664,0.2108012979092302,0.03796506168113246,5.552507715639834,0.9757575757575757,0.24329705850919967,10
ofi_pct,fwd_micro_300ms,1674899,94,0.032867794615213004,-0.015739542093958427,-0.11429287871281661,0.05585816134087206,-2.04612676051668,-0.9151515151515152,0.24329705850919967,10
ofi_pct,fwd_mid_500ms,1674899,94,-0.09513298188527432,0.04486747896515862,0.2773304149544318,0.051082972862332494,5.429018700650631,0.9393939393939393,0.24329705850919967,10
ofi_pct,fwd_micro_500ms,1674899,94,0.03943066829767588,-0.021686703500956278,-0.16585825839289958,0.07988929583197185,-2.0761011430335174,-0.8909090909090909,0.24329705850919967,10
ofi_pct,fwd_mid_1s,1674899,94,-0.13646489730686998,0.059414633844437625,0.3253190770448444,0.09673425441775527,3.363018395117057,0.9878787878787878,0.24329705850919967,10
ofi_pct,fwd_micro_1s,1674899,94,0.01956702242801458,-0.016831045875465574,-0.16994629572322906,0.12029103098756434,-1.4127927437981478,-0.6242424242424242,0.24329705850919967,10
ofi_pct,fwd_mid_3s,1674899,94,-0.18521794414653794,0.09519757245371895,0.45088929835045005,0.11650112982889477,3.8702568722953266,0.9757575757575757,0.24329705850919967,10
ofi_pct,fwd_micro_3s,1674899,94,-0.004452912990021345,0.005626535169255026,-0.10449322979543826,0.1321159458983236,-0.7909206499256057,0.406060606060606,0.24329705850919967,10
ofi_pct,fwd_mid_5s,1674899,94,-0.20585604759171822,0.09921908908959684,0.5197470608980482,0.12631950872107847,4.114543083330722,0.9757575757575757,0.24329705850919967,10
ofi_pct,fwd_micro_5s,1674899,94,-0.0155884835688749,0.00622774752322948,-0.030643425588909968,0.12754733272659582,-0.24025140262709926,0.5393939393939393,0.24329705850919967,10
ofi_pct,fwd_mid_10s,1674899,94,-0.22181942219829212,0.10893167975856605,0.794890338893974,0.1304526181277218,6.093326069667099,0.9757575757575757,0.24329705850919967,10
ofi_pct,fwd_micro_10s,1674899,94,-0.02852941046174663,0.012946605759948224,0.21923943991670955,0.1250131840989122,1.7537305484775445,0.6969696969696969,0.24329705850919967,10
ofi_pct,fwd_mid_30s,1674899,94,-0.23610609150943007,0.14403673135534886,0.8085772160297955,0.19757885893388583,4.0924278052459195,0.9636363636363635,0.24329705850919967,10
ofi_pct,fwd_micro_30s,1674899,94,-0.03253552454976874,0.04507975549863985,0.2287199394313034,0.18812006359447586,1.2158189565805555,0.7696969696969697,0.24329705850919967,10
ofi_pct,fwd_mid_60s,1674899,94,-0.25291862568319157,0.1833637771495981,1.3173323613872143,0.38658329530962554,3.4076287759204016,0.9515151515151514,0.24329705850919967,10
ofi_pct,fwd_micro_60s,1674899,94,-0.04691278254771055,0.08372442150492679,0.7022561003262469,0.36594773653624807,1.9190065416805402,0.5757575757575757,0.24329705850919967,10
ofi_lv2,fwd_mid_100ms,1692166,98,-0.04994269233131168,0.03126398563940689,0.0915242613639314,0.007628554386207049,11.997589153904906,0.9878787878787878,0.22442124472421737,10
ofi_lv2,fwd_micro_100ms,1692166,98,0.016243187043831445,-0.020453768484116043,-0.04780914431980613,0.007342790236576133,-6.511032288741921,-0.7333333333333332,0.22442124472421737,10
ofi_lv2,fwd_mid_300ms,1692166,98,-0.10548280748871258,0.07264614738338272,0.20293531040559287,0.015769512258039898,12.868838749412095,0.9878787878787878,0.22442124472421737,10
ofi_lv2,fwd_micro_300ms,1692166,98,0.050196410432699706,-0.04288243831744558,-0.11380365061509244,0.018863159047009095,-6.033117270096756,-0.6969696969696969,0.22442124472421737,10
ofi_lv2,fwd_mid_500ms,1692166,98,-0.13039411560711386,0.09122023415563958,0.25765813518693487,0.020401080956701307,12.629631524612908,0.9757575757575757,0.22442124472421737,10
ofi_lv2,fwd_micro_500ms,1692166,98,0.06014226193416751,-0.051546990779582864,-0.13552925114288983,0.021544249707412356,-6.2907389667072335,-0.7818181818181817,0.22442124472421737,10
ofi_lv2,fwd_mid_1s,1692166,98,-0.15135525386434392,0.10749330740305343,0.28877358423073973,0.023844327384763327,12.110787591990027,0.9757575757575757,0.22442124472421737,10
ofi_lv2,fwd_micro_1s,1692166,98,0.07289931073541171,-0.059062183486979905,-0.17860599040864203,0.0246540300519713,-7.244494714743846,-0.7454545454545454,0.22442124472421737,10
ofi_lv2,fwd_mid_3s,1692166,98,-0.1692680147744968,0.13210644983711392,0.3509526141384888,0.02731256094083232,12.849494959435097,0.9757575757575757,0.22442124472421737,10
ofi_lv2,fwd_micro_3s,1692166,98,0.0830558306366737,-0.05761442459714331,-0.1803860360498311,0.025786058512086603,-6.995486959175224,-0.5636363636363636,0.22442124472421737,10
ofi_lv2,fwd_mid_5s,1692166,98,-0.1830425502985475,0.1325386369653746,0.37708902911353703,0.033950238310890904,11.10710993131882,0.9878787878787878,0.22442124472421737,10
ofi_lv2,fwd_micro_5s,1692166,98,0.07863952562339867,-0.06509829861358575,-0.18269266050719146,0.0314195406824698,-5.814619072681826,-0.5636363636363636,0.22442124472421737,10
ofi_lv2,fwd_mid_10s,1692166,98,-0.1887729100731766,0.13021377019322222,0.3747214151934858,0.03366700653449021,11.130226704580995,0.9757575757575757,0.22442124472421737,10
ofi_lv2,fwd_micro_10s,1692166,98,0.0810711760466976,-0.07328414565139549,-0.20191179674740445,0.03505153820332985,-5.760426135256543,-0.43030303030303024,0.22442124472421737,10
ofi_lv2,fwd_mid_30s,1692166,98,-0.1802905190934379,0.15219381851799305,0.3810650932353634,0.05721608842773804,6.660103892223174,0.9151515151515152,0.22442124472421737,10
ofi_lv2,fwd_micro_30s,1692166,98,0.09671866322962545,-0.057179182449883945,-0.21741348178485226,0.05079435558772199,-4.280268531202815,-0.35757575757575755,0.22442124472421737,10
ofi_lv2,fwd_mid_60s,1692166,98,-0.1544739792571168,0.1516026201037596,0.38771501331562586,0.06743188578774595,5.749728170676243,0.7454545454545454,0.22442124472421737,10
ofi_lv2,fwd_micro_60s,1692166,98,0.12670138152601942,-0.059640885537368744,-0.2186158968607746,0.06155464057457577,-3.551574581869472,-0.38181818181818183,0.22442124472421737,10
ofi_lv3,fwd_mid_100ms,1692166,98,-0.04963144344175487,0.03900081481909585,0.1004850531839717,0.007893841258131477,12.72955078498211,0.9999999999999999,0.1867429082016776,10
ofi_lv3,fwd_micro_100ms,1692166,98,0.004317083170085961,-0.006842262122186341,-0.010731358602386621,0.008854171994957936,-1.2120115363127868,-0.4666666666666666,0.1867429082016776,10
ofi_lv3,fwd_mid_300ms,1692166,98,-0.1063163320081955,0.08949766783199693,0.235908847334327,0.019364789538503156,12.182360508760896,0.9999999999999999,0.1867429082016776,10
ofi_lv3,fwd_micro_300ms,1692166,98,0.021179002184375764,-0.019239998808313275,-0.03583200052930739,0.02060133822269124,-1.7393045122593258,-0.5636363636363636,0.1867429082016776,10
ofi_lv3,fwd_mid_500ms,1692166,98,-0.1314274922315977,0.11171705728724825,0.29263275475012857,0.02584702794173522,11.32171773906795,0.9999999999999999,0.1867429082016776,10
ofi_lv3,fwd_micro_500ms,1692166,98,0.023588689572246028,-0.02350481319216528,-0.047273413646513496,0.024715349664377908,-1.9127147415862134,-0.6969696969696969,0.1867429082016776,10
ofi_lv3,fwd_mid_1s,1692166,98,-0.14896661004589254,0.12656791858022068,0.3317176538364028,0.03471440539921995,9.555619634604389,0.9999999999999999,0.1867429082016776,10
ofi_lv3,fwd_micro_1s,1692166,98,0.03295931135072867,-0.030028640511404005,-0.07272108276867104,0.028445903475974865,-2.556469434345461,-0.6606060606060605,0.1867429082016776,10
ofi_lv3,fwd_mid_3s,1692166,98,-0.16444727191504066,0.1544889529323383,0.3944387321153348,0.039122941220027435,10.082031662625038,0.9878787878787878,0.1867429082016776,10
ofi_lv3,fwd_micro_3s,1692166,98,0.04291576928662723,-0.026894225157775408,-0.07269959346296347,0.029913377864401184,-2.4303371485665815,-0.35757575757575755,0.1867429082016776,10
ofi_lv3,fwd_mid_5s,1692166,98,-0.18280104254325927,0.1554485220298657,0.427331562932473,0.04417321611616047,9.673997062127805,0.9999999999999999,0.1867429082016776,10
ofi_lv3,fwd_micro_5s,1692166,98,0.03061216164987946,-0.03585743410891055,-0.062034308489886614,0.03548538369411328,-1.748165076207914,-0.406060606060606,0.1867429082016776,10
ofi_lv3,fwd_mid_10s,1692166,98,-0.184022727117104,0.15366153474542235,0.4193566362049154,0.04489727203144246,9.340358940098444,0.9757575757575757,0.1867429082016776,10
ofi_lv3,fwd_micro_10s,1692166,98,0.03637933989553241,-0.04076712636274154,-0.0946245039608431,0.0382512598783621,-2.4737617600504214,-0.406060606060606,0.1867429082016776,10
ofi_lv3,fwd_mid_30s,1692166,98,-0.18020733970252958,0.1745139659718235,0.4656340398526232,0.07227394271484755,6.442626794137328,0.9878787878787878,0.1867429082016776,10
ofi_lv3,fwd_micro_30s,1692166,98,0.04854608401327498,-0.0259769321741124,-0.06142444652146582,0.05682736234958375,-1.0808956105265326,0.04242424242424241,0.1867429082016776,10
ofi_lv3,fwd_mid_60s,1692166,98,-0.15528913490358878,0.1775596072437809,0.4783333064374586,0.09379374206388097,5.0998424405721625,0.9393939393939393,0.1867429082016776,10
ofi_lv3,fwd_micro_60s,1692166,98,0.07514742183040075,-0.025734334908431102,-0.05181924793967928,0.07737049379152722,-0.6697546493538595,0.09090909090909088,0.1867429082016776,10
ofi_lv5,fwd_mid_100ms,1692166,98,-0.05024026303751812,0.04314947560949376,0.10414862170660637,0.007355215164614656,14.159833448198354,0.9999999999999999,0.1562890402005477,10
ofi_lv5,fwd_micro_100ms,1692166,98,-0.010893043052688336,0.007703520653939006,0.013583622204695417,0.008158618873180234,1.6649413847910894,0.6848484848484848,0.1562890402005477,10
ofi_lv5,fwd_mid_300ms,1692166,98,-0.110781850513731,0.0997288856762262,0.25643269121885665,0.034439890527039135,7.445804481217166,0.9999999999999999,0.1562890402005477,10
ofi_lv5,fwd_micro_300ms,1692166,98,-0.015051364372265577,0.011298671800255193,0.022865456236751215,0.020666029211860466,1.1064271710033426,0.7818181818181817,0.1562890402005477,10
ofi_lv5,fwd_mid_500ms,1692166,98,-0.1373669263896367,0.12325648496527983,0.31234208922269135,0.03626876336798519,8.611875901409942,0.9999999999999999,0.1562890402005477,10
ofi_lv5,fwd_micro_500ms,1692166,98,-0.01661529267706728,0.013637607650022216,0.02472896373668849,0.026150176072481244,0.9456519018513093,0.8303030303030302,0.1562890402005477,10
ofi_lv5,fwd_mid_1s,1692166,98,-0.157974280301865,0.13984217142512637,0.38195825841469255,0.06703443821119767,5.697940769061131,0.9999999999999999,0.1562890402005477,10
ofi_lv5,fwd_micro_1s,1692166,98,-0.015047487632531553,0.01102431491836524,0.014971591983740054,0.03943969966420222,0.37960714993296835,0.6727272727272726,0.1562890402005477,10
ofi_lv5,fwd_mid_3s,1692166,98,-0.1726710795165513,0.169991534579009,0.45140725941436705,0.08282182545866755,5.4503418261366745,0.9757575757575757,0.1562890402005477,10
ofi_lv5,fwd_micro_3s,1692166,98,-0.007925032406164387,0.017929643422939182,0.03586373358795515,0.05237297002166921,0.6847756308858673,0.3939393939393939,0.1562890402005477,10
ofi_lv5,fwd_mid_5s,1692166,98,-0.18775266863944376,0.167938179628394,0.46914900474489796,0.08726026371902597,5.3764334961848865,0.9757575757575757,0.1562890402005477,10
ofi_lv5,fwd_micro_5s,1692166,98,-0.01980470840267323,0.01039669591022501,0.03349011986326185,0.05701749531760817,0.5873656791956523,0.4545454545454545,0.1562890402005477,10
ofi_lv5,fwd_mid_10s,1692166,98,-0.18902197666648046,0.17298906175581225,0.443398464449933,0.054258404187832045,8.171977615024831,0.9878787878787878,0.1562890402005477,10
ofi_lv5,fwd_micro_10s,1692166,98,-0.020133524075805945,0.010518471846168583,0.008980120082319075,0.045810959396706014,0.1960255842833272,0.41818181818181815,0.1562890402005477,10
ofi_lv5,fwd_mid_30s,1692166,98,-0.17556552244279486,0.18284410503313275,0.4550788864034191,0.08912926030229881,5.105830395763777,0.9515151515151514,0.1562890402005477,10
ofi_lv5,fwd_micro_30s,1692166,98,-0.00008097953455998811,0.015255242698957587,-0.0017097845806530669,0.06992500012169826,-0.024451692208471053,0.5878787878787878,0.1562890402005477,10
ofi_lv5,fwd_mid_60s,1692166,98,-0.17440132682761433,0.17715980091911346,0.4700371094837844,0.08939457870204415,5.25800463863069,0.9030303030303028,0.1562890402005477,10
ofi_lv5,fwd_micro_60s,1692166,98,0.0028462215646741502,0.008206517234506145,0.012441019024896196,0.07634957130302034,0.16294811892943842,0.49090909090909085,0.1562890402005477,10
ofi_lv10,fwd_mid_100ms,1692166,97,-0.04619993030236,0.04300533017537534,0.10607588362318886,0.008671122782376571,12.233235105236936,0.9999999999999999,0.16340831809645154,10
ofi_lv10,fwd_micro_100ms,1692166,97,-0.0186226391324204,0.01533286918003574,0.03432272780647406,0.007303322223178154,4.699604749403757,0.6363636363636362,0.16340831809645154,10
ofi_lv10,fwd_mid_300ms,1692166,97,-0.10456709571331622,0.09908093310134135,0.24924729296168113,0.03418189356586091,7.291793021397044,0.9999999999999999,0.16340831809645154,10
ofi_lv10,fwd_micro_300ms,1692166,97,-0.03449707039572895,0.03156850948807127,0.055134808914722576,0.02399237702755594,2.2980136087140783,0.709090909090909,0.16340831809645154,10
ofi_lv10,fwd_mid_500ms,1692166,97,-0.13205793898875753,0.1259515095908682,0.3228595844498311,0.04860774159488647,6.642143285336176,0.9999999999999999,0.16340831809645154,10
ofi_lv10,fwd_micro_500ms,1692166,97,-0.04455245885136987,0.04400914065856672,0.07661503837557514,0.030011301692928236,2.552872886337631,0.8545454545454544,0.16340831809645154,10
ofi_lv10,fwd_mid_1s,1692166,97,-0.148725183702717,0.13921122905854402,0.380908612340031,0.06859307106646753,5.553164575047615,0.9999999999999999,0.16340831809645154,10
ofi_lv10,fwd_micro_1s,1692166,97,-0.04479595732011832,0.039728524371492574,0.0662406500286536,0.04403525629318582,1.5042639831053721,0.7454545454545454,0.16340831809645154,10
ofi_lv10,fwd_mid_3s,1692166,97,-0.1526113353191801,0.15935369431580843,0.4381070903367389,0.07641625684220726,5.7331660623130345,0.9999999999999999,0.16340831809645154,10
ofi_lv10,fwd_micro_3s,1692166,97,-0.03404326318555214,0.043849776587243566,0.10072395187915163,0.03890541474977169,2.588944303176789,0.8060606060606059,0.16340831809645154,10
ofi_lv10,fwd_mid_5s,1692166,97,-0.15984423273223974,0.16233954580500054,0.4579477621533064,0.08577694440235802,5.338821117306172,0.9878787878787878,0.16340831809645154,10
ofi_lv10,fwd_micro_5s,1692166,97,-0.039546102201289644,0.04304483124778741,0.08450338477315099,0.051507158199314014,1.6406143869586738,0.9030303030303028,0.16340831809645154,10
ofi_lv10,fwd_mid_10s,1692166,97,-0.1551562699597164,0.16729366739251783,0.45524531004598445,0.06929084705854785,6.570064148029845,0.9515151515151514,0.16340831809645154,10
ofi_lv10,fwd_micro_10s,1692166,97,-0.03259594214162839,0.04230988903789692,0.0976795392465198,0.0460328442190793,2.1219531598274437,0.8666666666666665,0.16340831809645154,10
ofi_lv10,fwd_mid_30s,1692166,97,-0.1574194420117151,0.19683868542048127,0.43820709441203487,0.08287170318090978,5.2877771011345605,0.9030303030303028,0.16340831809645154,10
ofi_lv10,fwd_micro_30s,1692166,97,-0.03643654743535507,0.06761241263384188,0.07586654821451422,0.0657960833313157,1.1530556892343995,0.5636363636363636,0.16340831809645154,10
ofi_lv10,fwd_mid_60s,1692166,97,-0.18282626821707793,0.2245372246925963,0.5584319472073483,0.09385118355352211,5.950185453856124,0.8666666666666665,0.16340831809645154,10
ofi_lv10,fwd_micro_60s,1692166,97,-0.053381917783816936,0.09382778131278793,0.17348010927774082,0.08137500963585798,2.131859769406364,0.6363636363636362,0.16340831809645154,10
add_vol_b,fwd_mid_100ms,1692166,32,0.001666443109973579,-0.004131608399167697,-0.015829413947308434,0.015228729024937862,-1.0394441927088542,-0.18787878787878787,0.16655339960736712,10
add_vol_b,fwd_micro_100ms,1692166,32,0.0019309489208147092,-0.009485568048777827,-0.03420590930711993,0.033591659530947435,-1.0182857823861486,-0.3696969696969697,0.16655339960736712,10
add_vol_b,fwd_mid_300ms,1692166,32,0.0028715412266006523,-0.00594055979762025,-0.04216619139022744,0.026076548626361145,-1.6170158096612928,0.006060606060606061,0.16655339960736712,10
add_vol_b,fwd_micro_300ms,1692166,32,0.003925506109962465,-0.013782344591439354,-0.06795359853456227,0.028124143288607423,-2.4162015474472796,-0.4545454545454545,0.16655339960736712,10
add_vol_b,fwd_mid_500ms,1692166,32,0.003477611574057759,-0.008078080755033863,-0.044218786130319356,0.03087242118398269,-1.4323070376242812,0.06666666666666665,0.16655339960736712,10
add_vol_b,fwd_micro_500ms,1692166,32,0.0053167004909377095,-0.016734526752096614,-0.12562404399543847,0.06388343278857832,-1.9664573193990715,-0.309090909090909,0.16655339960736712,10
add_vol_b,fwd_mid_1s,1692166,32,0.006367188828306434,-0.01588693122967322,-0.042312750415129025,0.048673265961815974,-0.8693221952338938,-0.04242424242424241,0.16655339960736712,10
add_vol_b,fwd_micro_1s,1692166,32,0.008956277091477383,-0.023484450274328106,-0.11336784182549617,0.048227652617279376,-2.350681313999468,-0.06666666666666665,0.16655339960736712,10
add_vol_b,fwd_mid_3s,1692166,32,0.008330473204428215,0.010303086196169323,0.07722958133515398,0.055277825382624546,1.3971168511167502,0.7333333333333332,0.16655339960736712,10
add_vol_b,fwd_micro_3s,1692166,32,0.0032211095769982302,0.004303251416893521,0.018093570356852398,0.07667598798942545,0.2359744012603753,0.41818181818181815,0.16655339960736712,10
add_vol_b,fwd_mid_5s,1692166,32,0.006764579241698671,-0.0009446142602131485,0.07693964578350027,0.08972721951678635,0.857483896167163,0.5151515151515151,0.16655339960736712,10
add_vol_b,fwd_micro_5s,1692166,32,0.006446558553162635,-0.009482211071454496,-0.005393230093037084,0.12940056352611704,-0.041678567280339265,0.1515151515151515,0.16655339960736712,10
add_vol_b,fwd_mid_10s,1692166,32,0.005806833508093969,0.003261847699519386,0.13660225601183046,0.16601941653706456,0.8228089151327272,0.5272727272727272,0.16655339960736712,10
add_vol_b,fwd_micro_10s,1692166,32,-0.0011812844472219581,-0.00674521388062593,0.060557822274104584,0.20267051255333807,0.2987993739748756,0.4545454545454545,0.16655339960736712,10
add_vol_b,fwd_mid_30s,1692166,32,0.0013234863634401283,0.007460919425284593,0.18370196861683644,0.32750520389039256,0.5609131288134178,0.7696969696969697,0.16655339960736712,10
add_vol_b,fwd_micro_30s,1692166,32,-0.00036157725924065463,-0.004777170768883227,0.10377883296415748,0.3516410036270795,0.29512722320124096,0.6121212121212121,0.16655339960736712,10
add_vol_b,fwd_mid_60s,1692166,32,0.01922657935124731,0.02171841730604194,0.4749357913725739,0.46504362969423035,1.0212714701303354,0.7575757575757575,0.16655339960736712,10
add_vol_b,fwd_micro_60s,1692166,32,0.012680733940384334,0.00996245190116557,0.400843096792183,0.4773039812947086,0.8398067321895745,0.5878787878787878,0.16655339960736712,10
add_cnt_b,fwd_mid_100ms,1692166,35,0.001208680064168777,-0.0007385931249776922,-0.02569595423504505,0.034133939073718776,-0.7527977998539728,-0.05454545454545454,0.17137680345781678,10
add_cnt_b,fwd_micro_100ms,1692166,35,0.0010693633571409646,-0.008438247393077029,-0.05198533214267627,0.07915239785384534,-0.6567752026750602,0.05454545454545454,0.17137680345781678,10
add_cnt_b,fwd_mid_300ms,1692166,35,0.0045848423971338375,0.0006974937926502245,0.07220272531086301,0.04320564114053235,1.6711411613130243,0.34545454545454546,0.17137680345781678,10
add_cnt_b,fwd_micro_300ms,1692166,35,0.004124525057619481,-0.011492747099733063,0.05967922139052421,0.07127916694753354,0.8372603657735267,0.06666666666666665,0.17137680345781678,10
add_cnt_b,fwd_mid_500ms,1692166,35,0.005011878612291149,0.0009632336696822155,0.07283449995726661,0.060971643045392716,1.1945635105001537,0.4666666666666666,0.17137680345781678,10
add_cnt_b,fwd_micro_500ms,1692166,35,0.005174391538269725,-0.014680652613892153,0.0032183224916259756,0.03336112113035115,0.09646925470673176,0.05454545454545454,0.17137680345781678,10
add_cnt_b,fwd_mid_1s,1692166,35,0.007577434671072933,-0.0052846880783848065,0.08998659380078518,0.08069499760433814,1.1151446368708675,0.34545454545454546,0.17137680345781678,10
add_cnt_b,fwd_micro_1s,1692166,35,0.00899573752221627,-0.0223979291036446,0.019605688245231845,0.054812501827697,0.35768643268395756,0.17575757575757575,0.17137680345781678,10
add_cnt_b,fwd_mid_3s,1692166,35,0.011089009543949044,0.022372823781469812,0.17114151673677783,0.08639248753639414,1.9809768374209837,0.7212121212121211,0.17137680345781678,10
add_cnt_b,fwd_micro_3s,1692166,35,0.002409566463466555,0.004114507221886388,0.15919614160159998,0.08857358206211412,1.7973320926544472,0.7696969696969697,0.17137680345781678,10
add_cnt_b,fwd_mid_5s,1692166,35,0.009803778496218395,0.007512027332040001,0.12273374848628493,0.10549980711925816,1.1633551931288872,0.5878787878787878,0.17137680345781678,10
add_cnt_b,fwd_micro_5s,1692166,35,0.004116448297664289,-0.013726611411687914,0.1301380421592691,0.11952045668889322,1.0888348803587073,0.33333333333333326,0.17137680345781678,10
add_cnt_b,fwd_mid_10s,1692166,35,0.009710911457001335,0.011083569406546473,0.35047424157878737,0.224251743168363,1.5628607235202603,0.6606060606060605,0.17137680345781678,10
add_cnt_b,fwd_micro_10s,1692166,35,-0.0019057918028001094,-0.011327095244353881,0.297863669414634,0.19561855509622417,1.5226759510012522,0.5030303030303029,0.17137680345781678,10
add_cnt_b,fwd_mid_30s,1692166,35,0.007045155467517465,0.023633597506681425,0.5814508124088252,0.36183852570840197,1.6069345055794422,0.7454545454545454,0.17137680345781678,10
add_cnt_b,fwd_micro_30s,1692166,35,-0.002921190871012046,0.0013000210183262801,0.5576235928786797,0.36173122183433315,1.5415412306711582,0.6484848484848483,0.17137680345781678,10
add_cnt_b,fwd_mid_60s,1692166,35,0.022848893845940445,0.053539855775234714,0.7503960853443336,0.49560997300016413,1.514085926886877,0.4545454545454545,0.17137680345781678,10
add_cnt_b,fwd_micro_60s,1692166,35,0.012308597276349155,0.03281089057489419,0.6808851729553251,0.48755187357907825,1.3965389322719715,0.5515151515151515,0.17137680345781678,10
add_vol_a,fwd_mid_100ms,1692166,24,0.00013637259393017577,0.0002619128130407888,0.011367416192409432,0.012163759606729175,0.9345314738151193,0.04242424242424241,0.16748534127266473,10
add_vol_a,fwd_micro_100ms,1692166,24,0.00019192521560129752,0.0005133700025603081,0.028365702188090456,0.0146733543354669,1.9331436793240822,0.41818181818181815,0.16748534127266473,10
add_vol_a,fwd_mid_300ms,1692166,24,-0.0007035237994376858,0.004283871852061108,0.005844846312966931,0.021326204706373218,0.27406875219669213,-0.09090909090909088,0.16748534127266473,10
add_vol_a,fwd_micro_300ms,1692166,24,-0.0014165016551100312,0.013775558666404649,0.026990347070858026,0.0347145399724028,0.77749401525455,0.406060606060606,0.16748534127266473,10
add_vol_a,fwd_mid_500ms,1692166,24,0.000378689540709088,0.006178588239350881,0.02444969350776748,0.02017491839004019,1.2118856212988514,-0.2121212121212121,0.16748534127266473,10
add_vol_a,fwd_micro_500ms,1692166,24,0.001387188307120874,0.016760385402587043,-0.01631426067823818,0.08940796828072503,-0.18246987368076995,-0.11515151515151514,0.16748534127266473,10
add_vol_a,fwd_mid_1s,1692166,24,0.0028806602003871007,-0.0022520032410253835,0.042123013940617515,0.03383044871789295,1.2451213488734667,-0.6969696969696969,0.16748534127266473,10
add_vol_a,fwd_micro_1s,1692166,24,0.001062575627181461,0.008809079993337084,0.04084503919068518,0.03523317939557254,1.1592777004909707,-0.19999999999999998,0.16748534127266473,10
add_vol_a,fwd_mid_3s,1692166,24,0.00469473439689616,0.01616273718817777,0.07400792933520224,0.04893617026643081,1.5123359456260952,-0.16363636363636364,0.16748534127266473,10
add_vol_a,fwd_micro_3s,1692166,24,0.0022860719578601846,0.028473732066125308,0.0628560531644896,0.08553085005057592,0.7348933528349325,0.17575757575757575,0.16748534127266473,10
add_vol_a,fwd_mid_5s,1692166,24,0.007064593415687872,0.0018439030503178229,0.10516808409888685,0.07723614570199212,1.361643349017794,-0.5515151515151515,0.16748534127266473,10
add_vol_a,fwd_micro_5s,1692166,24,0.0030843021085986376,0.013617529628581685,0.060846266756656005,0.10214272134320346,0.595698508484126,-0.10303030303030303,0.16748534127266473,10
add_vol_a,fwd_mid_10s,1692166,24,0.005737318124173573,-0.00034858743883398947,0.05774228138328336,0.14888734882899085,0.38782530441592483,-0.709090909090909,0.16748534127266473,10
add_vol_a,fwd_micro_10s,1692166,24,0.0029634177321947106,0.01263367284307959,0.05211622358704012,0.19640291915372282,0.2653536098730244,-0.4424242424242424,0.16748534127266473,10
add_vol_a,fwd_mid_30s,1692166,24,0.012759063429819641,0.009829759174228967,-0.05943277474626896,0.2879207937409017,-0.206420571345577,-0.49090909090909085,0.16748534127266473,10
add_vol_a,fwd_micro_30s,1692166,24,0.009128438128815345,0.02215779789051174,-0.08395637815493813,0.3341122242115293,-0.2512819707601738,-0.2606060606060606,0.16748534127266473,10
add_vol_a,fwd_mid_60s,1692166,24,0.014951246806021057,0.015396935293067297,-0.16045949343789215,0.453140004781923,-0.3541057769002639,-0.3696969696969697,0.16748534127266473,10
add_vol_a,fwd_micro_60s,1692166,24,0.009700452889504267,0.03027026285948569,-0.17607778018560968,0.4751495239476908,-0.3705734117603664,-0.309090909090909,0.16748534127266473,10
add_cnt_a,fwd_mid_100ms,1692166,28,-0.0005317854542641637,-0.0042912622708744345,0.0649880620221189,0.07814001960175902,0.8316873012488462,-0.06666666666666665,0.17051754969666097,10
add_cnt_a,fwd_micro_100ms,1692166,28,0.0010679911164078243,-0.0017797634397298866,0.21780519170635837,0.1465453479913469,1.4862647957901682,-0.29696969696969694,0.17051754969666097,10
add_cnt_a,fwd_mid_300ms,1692166,28,-0.002246194199239161,-0.004287996005176321,0.18537545399410854,0.14836693466559228,1.2494391315149203,-0.22424242424242422,0.17051754969666097,10
add_cnt_a,fwd_micro_300ms,1692166,28,-0.0013782081001140285,0.00997881776815813,0.1700880550298971,0.20740605590262848,0.8200727519246055,0.2727272727272727,0.17051754969666097,10
add_cnt_a,fwd_mid_500ms,1692166,28,-0.0008128408825769791,-0.005373649505999441,0.08765182411548221,0.09941864227521828,0.8816437451724369,-0.35757575757575755,0.17051754969666097,10
add_cnt_a,fwd_micro_500ms,1692166,28,0.0010078197815493036,0.012275954985103952,0.06706480808320009,0.178131045445109,0.3764914078599852,-0.1515151515151515,0.17051754969666097,10
add_cnt_a,fwd_mid_1s,1692166,28,0.00029612151787482516,-0.015499588144689045,0.13380649824898108,0.1678754795731969,0.7970580253242935,-0.6121212121212121,0.17051754969666097,10
add_cnt_a,fwd_micro_1s,1692166,28,-0.0002921828356848967,0.0037593926151735547,0.07944045379122262,0.17955545164588774,0.44242852591238496,-0.35757575757575755,0.17051754969666097,10
add_cnt_a,fwd_mid_3s,1692166,28,0.0030683496555522377,0.003972135768204658,0.2186541513995147,0.2558118710094297,0.854745913614989,-0.5393939393939393,0.17051754969666097,10
add_cnt_a,fwd_micro_3s,1692166,28,0.003015534124364164,0.02375767216016126,0.2885112680657886,0.27210092722274665,1.06030975715716,-0.12727272727272726,0.17051754969666097,10
add_cnt_a,fwd_mid_5s,1692166,28,0.0057861739348003755,-0.008857956760523126,0.4264790814595091,0.30916585921987416,1.3794507664450864,-0.7212121212121211,0.17051754969666097,10
add_cnt_a,fwd_micro_5s,1692166,28,0.0019760114394662028,0.007269761278737904,0.42998816862294953,0.27145122911380676,1.5840347086535964,-0.309090909090909,0.17051754969666097,10
add_cnt_a,fwd_mid_10s,1692166,28,0.003462382001078946,-0.016001639982732362,0.6897672309416768,0.4847799906031268,1.4228459183794286,-0.6242424242424242,0.17051754969666097,10
add_cnt_a,fwd_micro_10s,1692166,28,0.0026070538103381857,0.002742152813587492,0.7089225908500721,0.42075796148846123,1.6848702953646035,-0.3939393939393939,0.17051754969666097,10
add_cnt_a,fwd_mid_30s,1692166,28,0.011673664405664261,-0.012377312073363067,0.7938143890580207,0.6466513612348106,1.2275770788484779,-0.309090909090909,0.17051754969666097,10
add_cnt_a,fwd_micro_30s,1692166,28,0.009083714031917245,0.0025500522720765255,0.7617774863576975,0.6285164661531293,1.2120247079924569,-0.11515151515151514,0.17051754969666097,10
add_cnt_a,fwd_mid_60s,1692166,28,0.018918139162441148,0.013159830218469346,0.9337085677600152,0.8227123666510715,1.1349149540084882,-0.0303030303030303,0.17051754969666097,10
add_cnt_a,fwd_micro_60s,1692166,28,0.015274085301118552,0.03304173574952191,0.9161627249673571,0.8365412675332109,1.0951793539952113,0.13939393939393938,0.17051754969666097,10
add_imb,fwd_mid_100ms,1692166,70,0.0013156545804866799,-0.002954908320290152,-0.006523392194231587,0.003370302221026033,-1.9355511068220013,-0.7212121212121211,0.1370362009400969,10
add_imb,fwd_micro_100ms,1692166,70,0.0033819057886452595,-0.003364776520797766,-0.00986897502063802,0.0029192064921574135,-3.3807046699681877,-0.6727272727272726,0.1370362009400969,10
add_imb,fwd_mid_300ms,1692166,70,-0.0005224933061182334,-0.004773444642063082,-0.0037398730213640255,0.005406036199905522,-0.6917957784724758,-0.6969696969696969,0.1370362009400969,10
add_imb,fwd_micro_300ms,1692166,70,0.007414661984859016,-0.00648503648741749,-0.01780888674338148,0.005527762830884102,-3.2217168659772537,-0.6727272727272726,0.1370362009400969,10
add_imb,fwd_mid_500ms,1692166,70,-0.0027784515896743718,-0.0021771927142979885,0.0011168592468403923,0.007679378914953836,0.14543614258512028,-0.43030303030303024,0.1370362009400969,10
add_imb,fwd_micro_500ms,1692166,70,0.004975500828137194,-0.004988384931162038,-0.013605095099679963,0.007325941906438237,-1.8571120646921095,-0.6727272727272726,0.1370362009400969,10
add_imb,fwd_mid_1s,1692166,70,-0.0061298747838788555,-0.004504239932868806,0.0012244522736207031,0.00827348277873849,0.1479971985639889,-0.18787878787878787,0.1370362009400969,10
add_imb,fwd_micro_1s,1692166,70,0.0025168947703135486,-0.0056501928967604255,-0.01286809337354256,0.008564110656204169,-1.5025603813538329,-0.7212121212121211,0.1370362009400969,10
add_imb,fwd_mid_3s,1692166,70,-0.013896973076240157,-0.003320896885336236,0.015082432729252965,0.009730991702046252,1.5499378882505266,0.28484848484848485,0.1370362009400969,10
add_imb,fwd_micro_3s,1692166,70,-0.0030898464199947857,-0.004155810147541383,-0.004708213717527126,0.010251431900865984,-0.4592737641977022,-0.5151515151515151,0.1370362009400969,10
add_imb,fwd_mid_5s,1692166,70,-0.018182569017724397,0.0011221422350854628,0.024127050498790745,0.013072753143203344,1.8455982633875896,0.5393939393939393,0.1370362009400969,10
add_imb,fwd_micro_5s,1692166,70,-0.006944359957317684,-0.00007395337869762097,0.0014765020479310244,0.013630333276274198,0.10832472090034037,-0.4545454545454545,0.1370362009400969,10
add_imb,fwd_mid_10s,1692166,70,-0.03323344657400537,0.009458754140393667,0.05434407321338169,0.01781179626244018,3.051015878054775,0.709090909090909,0.1370362009400969,10
add_imb,fwd_micro_10s,1692166,70,-0.02223662318518599,0.011712291009844885,0.032177314972728216,0.01836899850148325,1.7517185256523362,0.05454545454545454,0.1370362009400969,10
add_imb,fwd_mid_30s,1692166,70,-0.06453584337027629,0.017524747760968257,0.08458592781923445,0.026736872439253486,3.1636433173481584,0.6242424242424242,0.1370362009400969,10
add_imb,fwd_micro_30s,1692166,70,-0.04716710683755009,0.012020121975087051,0.05220679301667418,0.02677591348436404,1.9497670190471992,0.2121212121212121,0.1370362009400969,10
add_imb,fwd_mid_60s,1692166,70,-0.06141374299448138,-0.0025751625013799946,0.033240142535676816,0.03916958862221242,0.8486211804845682,0.4424242424242424,0.1370362009400969,10
add_imb,fwd_micro_60s,1692166,70,-0.04367113681251541,-0.008542799867230461,-0.0006793043061857809,0.038024796870264575,-0.017864771467510386,0.406060606060606,0.1370362009400969,10
cancel_vol_b,fwd_mid_100ms,1692166,25,-0.0013996198258654463,-0.006868213843046097,-0.022312698755168142,0.009904835462368065,-2.252707663841756,0.006060606060606061,0.16784582600052242,10
cancel_vol_b,fwd_micro_100ms,1692166,25,0.0013721679261539976,-0.009153914571953883,-0.03983262326454254,0.020068206262364132,-1.984862161759048,-0.23636363636363633,0.16784582600052242,10
cancel_vol_b,fwd_mid_300ms,1692166,25,-0.0020318504588267275,-0.010538369126255272,-0.04913380379342771,0.020991408367582794,-2.3406625669436,0.43030303030303024,0.16784582600052242,10
cancel_vol_b,fwd_micro_300ms,1692166,25,-0.001447658342220384,-0.007783792468339269,-0.0769189524162422,0.04742913534604209,-1.621765858792132,0.2727272727272727,0.16784582600052242,10
cancel_vol_b,fwd_mid_500ms,1692166,25,0.0010264977770972235,-0.015300588061170774,-0.024787927755632336,0.01570492983579836,-1.5783532950990888,0.309090909090909,0.16784582600052242,10
cancel_vol_b,fwd_micro_500ms,1692166,25,-0.0007369538963118468,-0.01103144286007036,-0.06093507440355779,0.04321946188253148,-1.4098989610091985,0.2606060606060606,0.16784582600052242,10
cancel_vol_b,fwd_mid_1s,1692166,25,0.005046225768863253,-0.023924493245656472,-0.028744395564618764,0.03148197958657573,-0.913042824564809,0.2606060606060606,0.16784582600052242,10
cancel_vol_b,fwd_micro_1s,1692166,25,0.0014697244469004192,-0.015927771091374193,-0.04347784800404666,0.02998123785303919,-1.4501685426453905,0.18787878787878787,0.16784582600052242,10
cancel_vol_b,fwd_mid_3s,1692166,25,0.0043054359251882435,0.00007933004229124128,0.06395210315582346,0.048919158422676315,1.3073017855961044,0.6,0.16784582600052242,10
cancel_vol_b,fwd_micro_3s,1692166,25,-0.001610288175832228,0.009626973402700557,0.06441747800358143,0.05721708395215171,1.1258434291662105,0.7454545454545454,0.16784582600052242,10
cancel_vol_b,fwd_mid_5s,1692166,25,0.003627953124334271,-0.007192646719241374,0.03931077911005855,0.06731909792631165,0.583946908395722,0.35757575757575755,0.16784582600052242,10
cancel_vol_b,fwd_micro_5s,1692166,25,-0.000163600460120452,-0.0010176791413896026,-0.005509007059361648,0.10455124499921684,-0.05269193168768975,0.406060606060606,0.16784582600052242,10
cancel_vol_b,fwd_mid_10s,1692166,25,0.006833839044998055,-0.0022580113198542545,0.04601791963275158,0.12706031812573781,0.3621738109235067,0.43030303030303024,0.16784582600052242,10
cancel_vol_b,fwd_micro_10s,1692166,25,0.00035810172286709967,0.0031839174858261992,0.006219824480104266,0.17761178780659076,0.03501920991233591,0.6606060606060605,0.16784582600052242,10
cancel_vol_b,fwd_mid_30s,1692166,25,0.01281733563979159,0.0047472819916306724,0.19724312236246944,0.23639953623482288,0.8343634065616009,0.4787878787878787,0.16784582600052242,10
cancel_vol_b,fwd_micro_30s,1692166,25,0.008722417227563686,0.008278567644990728,0.13712462642949155,0.2530905597722185,0.5418006367084719,0.5151515151515151,0.16784582600052242,10
cancel_vol_b,fwd_mid_60s,1692166,25,0.02233507482526705,0.04221462658560762,0.46222017946199556,0.40179391134312903,1.1503911991022258,0.6484848484848483,0.16784582600052242,10
cancel_vol_b,fwd_micro_60s,1692166,25,0.020364470921543604,0.048732342200706526,0.36578173095947797,0.41117924366187913,0.8895919154427638,0.6606060606060605,0.16784582600052242,10
cancel_cnt_b,fwd_mid_100ms,1692166,27,-0.0017589422439781353,-0.008950722906184603,-0.0625979785119636,0.03422064336146269,-1.8292461030249894,0.33333333333333326,0.16972684712965513,10
cancel_cnt_b,fwd_micro_100ms,1692166,27,0.0013629350779637128,-0.012043931984051163,-0.02821382010031324,0.009547263780913492,-2.955173413844203,0.309090909090909,0.16972684712965513,10
cancel_cnt_b,fwd_mid_300ms,1692166,27,-0.003742811141773584,-0.014590993362149193,-0.09606470302775115,0.06758007963245173,-1.4214943745289876,0.22424242424242422,0.16972684712965513,10
cancel_cnt_b,fwd_micro_300ms,1692166,27,-0.001311711680887309,-0.010707859907438305,-0.12920885018820785,0.12784940233367276,-1.0106331967902915,0.2121212121212121,0.16972684712965513,10
cancel_cnt_b,fwd_mid_500ms,1692166,27,-0.0011025483940672292,-0.018819216011086777,-0.13583384720804886,0.0911132257300478,-1.4908246977282997,0.406060606060606,0.16972684712965513,10
cancel_cnt_b,fwd_micro_500ms,1692166,27,0.00005168629752533505,-0.012919456404858141,-0.1743298170922545,0.15504610320519774,-1.1243740635102288,0.2121212121212121,0.16972684712965513,10
cancel_cnt_b,fwd_mid_1s,1692166,27,0.0066909138067196205,-0.028666862960037644,-0.2234678496858452,0.1635954638025263,-1.3659782764856487,0.2121212121212121,0.16972684712965513,10
cancel_cnt_b,fwd_micro_1s,1692166,27,0.0026477277440927,-0.01921970209698554,-0.2145156226809,0.19255716731155015,-1.114036032394587,0.05454545454545454,0.16972684712965513,10
cancel_cnt_b,fwd_mid_3s,1692166,27,0.006033505623373221,-0.007141075080130353,-0.18637344549149934,0.18993262532366162,-0.9812608295910346,0.2606060606060606,0.16972684712965513,10
cancel_cnt_b,fwd_micro_3s,1692166,27,-0.0018770291039330216,0.002208641102342749,-0.1057430547667121,0.22541263109750634,-0.46910882611973514,0.5878787878787878,0.16972684712965513,10
cancel_cnt_b,fwd_mid_5s,1692166,27,0.004057501279460663,-0.018207865392764106,-0.17033004658511772,0.16147457269839813,-1.0548412901098665,0.18787878787878787,0.16972684712965513,10
cancel_cnt_b,fwd_micro_5s,1692166,27,-0.00033710846976119416,-0.011148826921517519,-0.10305703017934167,0.19546940834401383,-0.5272284346303837,0.24848484848484845,0.16972684712965513,10
cancel_cnt_b,fwd_mid_10s,1692166,27,0.012292530822266643,-0.006595236719453067,0.13437892646584843,0.2805666442503461,0.478955461098732,0.24848484848484845,0.16972684712965513,10
cancel_cnt_b,fwd_micro_10s,1692166,27,0.003444164836959612,-0.0011942598349801794,0.15017625105855614,0.292408508621954,0.5135837249274932,0.4545454545454545,0.16972684712965513,10
cancel_cnt_b,fwd_mid_30s,1692166,27,0.024609793266013966,0.01739526213518251,0.5277162242350255,0.3918882413179394,1.346598771272876,0.22424242424242422,0.16972684712965513,10
cancel_cnt_b,fwd_micro_30s,1692166,27,0.018081377515165073,0.021750641934815008,0.5470275536568943,0.4190595740339696,1.3053694213237361,0.4787878787878787,0.16972684712965513,10
cancel_cnt_b,fwd_mid_60s,1692166,27,0.03710354846310872,0.050020610032874516,0.6639247839071412,0.5031951386843235,1.3194181200618682,0.38181818181818183,0.16972684712965513,10
cancel_cnt_b,fwd_micro_60s,1692166,27,0.03099785747979925,0.05873030280932546,0.6739143119410202,0.51296135513,1.3137720906289907,0.35757575757575755,0.16972684712965513,10
cancel_vol_a,fwd_mid_100ms,1692166,22,-0.00046832223191307947,0.0023315217287571605,0.24696026762884984,0.2347076013750842,1.0522039600847215,0.28484848484848485,0.1671827704846924,10
cancel_vol_a,fwd_micro_100ms,1692166,22,0.0003307630857432086,0.0003241891344619727,0.4320752879044264,0.43303422757328774,0.99778553378047,0.11515151515151514,0.1671827704846924,10
cancel_vol_a,fwd_mid_300ms,1692166,22,-0.0010954603485475978,0.008653176768917008,0.5302753983304652,0.46827878970893877,1.1323925191231932,-0.0303030303030303,0.1671827704846924,10
cancel_vol_a,fwd_micro_300ms,1692166,22,0.00007057405271242734,0.006350311358753977,-0.006615294436619676,0.16228163213483443,-0.04076428336093667,-0.05454545454545454,0.1671827704846924,10
cancel_vol_a,fwd_mid_500ms,1692166,22,0.0004011438829126736,0.01091844893983561,0.3897929442262768,0.29784546072528956,1.308708695029577,-0.34545454545454546,0.1671827704846924,10
cancel_vol_a,fwd_micro_500ms,1692166,22,0.002645051198031397,0.006185455968300307,0.25967217281774346,0.44993548727184474,0.5771320115073589,-0.1515151515151515,0.1671827704846924,10
cancel_vol_a,fwd_mid_1s,1692166,22,0.0023924063108918376,0.0003638130490115434,0.7878811441934992,0.6831508304872532,1.1533048179587921,-0.5757575757575757,0.1671827704846924,10
cancel_vol_a,fwd_micro_1s,1692166,22,0.002882740853715679,-0.0028893688450538136,0.617654731703836,0.7073667866873914,0.8731746292419549,-0.709090909090909,0.1671827704846924,10
cancel_vol_a,fwd_mid_3s,1692166,22,0.0032643998922181373,0.021822209872674612,0.8469699977309301,0.7674528408257539,1.103611782607539,-0.17575757575757575,0.1671827704846924,10
cancel_vol_a,fwd_micro_3s,1692166,22,0.0017567122555891003,0.017733451316269713,0.7411111287145821,0.7687180649804547,0.96408704631317,-0.11515151515151514,0.1671827704846924,10
cancel_vol_a,fwd_mid_5s,1692166,22,0.007217793539558229,0.008408450597136914,1.0860137926688351,0.7944240975480779,1.3670453804469476,-0.33333333333333326,0.1671827704846924,10
cancel_vol_a,fwd_micro_5s,1692166,22,0.006539349242063409,0.0021701968812047525,0.8478165723848909,0.7502216825855559,1.1300880687198818,-0.4666666666666666,0.1671827704846924,10
cancel_vol_a,fwd_mid_10s,1692166,22,0.0160560114294068,0.002279087151982876,1.1317775641040029,0.8282044342825837,1.3665437146377797,-0.4787878787878787,0.1671827704846924,10
cancel_vol_a,fwd_micro_10s,1692166,22,0.013556731465033302,-0.0013017763708699154,0.911008797779332,0.7741671755486661,1.1767597833551697,-0.4545454545454545,0.1671827704846924,10
cancel_vol_a,fwd_mid_30s,1692166,22,0.015207423939112678,0.0239956383689503,0.3154195897050425,0.31695909446129455,0.9951428913599448,-0.24848484848484845,0.1671827704846924,10
cancel_vol_a,fwd_micro_30s,1692166,22,0.014738438136279194,0.01873017238447813,0.09197586395052758,0.3111977226482333,0.2955544249097664,-0.18787878787878787,0.1671827704846924,10
cancel_vol_a,fwd_mid_60s,1692166,22,0.014817524633519756,0.04828337132467212,0.16650781535288942,0.41068559840241076,0.40543865185585726,-0.22424242424242422,0.1671827704846924,10
cancel_vol_a,fwd_micro_60s,1692166,22,0.011918118389934606,0.045686448979472105,-0.05503578411761759,0.42786769058573143,-0.1286280439690973,-0.09090909090909088,0.1671827704846924,10
cancel_cnt_a,fwd_mid_100ms,1692166,24,-0.0007926390839716545,0.004387308061606516,0.05148566340864458,0.06751639148839772,0.7625653900281693,-0.006060606060606061,0.16986631335223612,10
cancel_cnt_a,fwd_micro_100ms,1692166,24,0.0012031599758527177,0.002885650288045868,0.24730467522244282,0.1446520611419006,1.7096519280139546,0.0303030303030303,0.16986631335223612,10
cancel_cnt_a,fwd_mid_300ms,1692166,24,0.000258064584507069,0.012920478336172245,0.28347739630676133,0.15396900808158295,1.8411328347101923,-0.24848484848484845,0.16986631335223612,10
cancel_cnt_a,fwd_micro_300ms,1692166,24,0.0014512323507275108,0.012062423892015416,0.23882877767241364,0.14894888091744982,1.6034278082611235,-0.17575757575757575,0.16986631335223612,10
cancel_cnt_a,fwd_mid_500ms,1692166,24,0.0012719973178252732,0.014316677271994024,0.18846809652989335,0.10353463050476135,1.8203387176933623,-0.32121212121212117,0.16986631335223612,10
cancel_cnt_a,fwd_micro_500ms,1692166,24,0.00272247463084687,0.01092783616542261,0.17513405916010738,0.1430883073249046,1.223957865141544,-0.3939393939393939,0.16986631335223612,10
cancel_cnt_a,fwd_mid_1s,1692166,24,0.003222437271760281,0.008095062159361137,0.3257025150169633,0.17834194146243554,1.826281088711634,-0.28484848484848485,0.16986631335223612,10
cancel_cnt_a,fwd_micro_1s,1692166,24,0.0011305971143230743,0.005018968706122263,0.24597093387469016,0.15301052867079232,1.6075425397941439,-0.1515151515151515,0.16986631335223612,10
cancel_cnt_a,fwd_mid_3s,1692166,24,0.0019327317726892325,0.02950345547951775,0.3725510711100805,0.1903796407964399,1.9568850406038123,0.006060606060606061,0.16986631335223612,10
cancel_cnt_a,fwd_micro_3s,1692166,24,-0.0011605951156244169,0.022207081304734,0.3220902691279151,0.17507069757783209,1.8397725809296086,0.1515151515151515,0.16986631335223612,10
cancel_cnt_a,fwd_mid_5s,1692166,24,0.005235253910194033,0.01651763285534642,0.4629344188590487,0.22355860124486082,2.0707519920112696,-0.2606060606060606,0.16986631335223612,10
cancel_cnt_a,fwd_micro_5s,1692166,24,0.0033903845794353246,0.007804994796289289,0.4060357970057978,0.20889490513437056,1.943732408143786,-0.24848484848484845,0.16986631335223612,10
cancel_cnt_a,fwd_mid_10s,1692166,24,0.006849950998999079,0.008378044408366819,0.5831178290139288,0.31447719069978947,1.8542452243240521,-0.41818181818181815,0.16986631335223612,10
cancel_cnt_a,fwd_micro_10s,1692166,24,0.0024660325966730096,0.0014763971473822468,0.5260135853162878,0.290526524997357,1.810552703650977,-0.33333333333333326,0.16986631335223612,10
cancel_cnt_a,fwd_mid_30s,1692166,24,0.00508874971488696,0.03169529999309261,0.46381072163445225,0.4482637572445872,1.0346826263301543,-0.05454545454545454,0.16986631335223612,10
cancel_cnt_a,fwd_micro_30s,1692166,24,0.003922985969308305,0.021617170786861702,0.4097264783841565,0.43866597539560015,0.9340283982924701,0.13939393939393938,0.16986631335223612,10
cancel_cnt_a,fwd_mid_60s,1692166,24,0.007668291833435535,0.07084053610836076,0.7771790122767138,0.6986145437162182,1.1124575336530769,0.13939393939393938,0.16986631335223612,10
cancel_cnt_a,fwd_micro_60s,1692166,24,0.0029707852865873525,0.06544724314072682,0.7052353458052746,0.6897507652564784,1.022449530074879,0.13939393939393938,0.16986631335223612,10
cancel_imb,fwd_mid_100ms,1692166,69,-0.0004560589824944092,0.00002271138180280367,-0.0014983882043170086,0.0018784671615298628,-0.7976653704697665,-0.5515151515151515,0.13145932491256768,10
cancel_imb,fwd_micro_100ms,1692166,69,0.0017494047578716166,0.0003618295990966161,-0.003166730249492614,0.0017494445174886183,-1.8101347129536598,-0.6606060606060605,0.13145932491256768,10
cancel_imb,fwd_mid_300ms,1692166,69,-0.0038414682023767783,0.000559386526514576,0.0026528309555557995,0.0030776739660030553,0.8619597088124981,-0.5515151515151515,0.13145932491256768,10
cancel_imb,fwd_micro_300ms,1692166,69,-0.0004964973241182469,0.0034498472839051726,0.0032877477403911496,0.003952756907518842,0.8317606716813959,-0.5515151515151515,0.13145932491256768,10
cancel_imb,fwd_mid_500ms,1692166,69,-0.0049477562296346995,0.000823447745492583,0.005954179183444783,0.0034991578342487015,1.7016034901790005,-0.5636363636363636,0.13145932491256768,10
cancel_imb,fwd_micro_500ms,1692166,69,-0.002573635637796906,0.006682291491181681,0.010821701984709043,0.0037415705279725165,2.892288653602665,-0.5151515151515151,0.13145932491256768,10
cancel_imb,fwd_mid_1s,1692166,69,-0.00951355967835322,0.0028795129005615657,0.008626183252291053,0.004757074199561037,1.8133379658208908,-0.4424242424242424,0.13145932491256768,10
cancel_imb,fwd_micro_1s,1692166,69,-0.0069701078607885235,0.006773144227322697,0.013190867031943634,0.0054374787300402495,2.425916070083826,-0.38181818181818183,0.13145932491256768,10
cancel_imb,fwd_mid_3s,1692166,69,-0.01992205234210569,0.006403822220248944,0.026620858016110818,0.009992842653592751,2.663992513335508,-0.18787878787878787,0.13145932491256768,10
cancel_imb,fwd_micro_3s,1692166,69,-0.013860574414567377,0.011008478484348612,0.024436778201515293,0.009656590581020379,2.5305803323115663,-0.10303030303030303,0.13145932491256768,10
cancel_imb,fwd_mid_5s,1692166,69,-0.02741496022286258,0.008378154326251865,0.0377826985521563,0.011960102183038399,3.1590615175294277,-0.006060606060606061,0.13145932491256768,10
cancel_imb,fwd_micro_5s,1692166,69,-0.022197342725399184,0.010792567358034015,0.030856519723903148,0.011715552532311796,2.633808319223534,0.11515151515151514,0.13145932491256768,10
cancel_imb,fwd_mid_10s,1692166,69,-0.03692959409662642,0.02559823634691183,0.0714978845369882,0.018255908976311408,3.9164242454189915,0.06666666666666665,0.13145932491256768,10
cancel_imb,fwd_micro_10s,1692166,69,-0.02686547854836616,0.032109192380517106,0.06268401505682995,0.01732392690367985,3.6183490847860234,0.4787878787878787,0.13145932491256768,10
cancel_imb,fwd_mid_30s,1692166,69,-0.058029489927579614,0.018092075747220215,0.06380180356291378,0.03141940689517352,2.0306495210358237,0.24848484848484845,0.13145932491256768,10
cancel_imb,fwd_micro_30s,1692166,69,-0.04688270852597003,0.017281068953555634,0.04583209741951738,0.031125134412793423,1.4725108271557834,0.32121212121212117,0.13145932491256768,10
cancel_imb,fwd_mid_60s,1692166,69,-0.059375518403883214,-0.010929711914880192,0.012346960688096698,0.043929709189979176,0.28106174422190733,0.33333333333333326,0.13145932491256768,10
cancel_imb,fwd_micro_60s,1692166,69,-0.04533688257643766,-0.011992446977119082,-0.005837418566429107,0.04247823878538723,-0.1374213887708832,0.34545454545454546,0.13145932491256768,10
exec_vol_b,fwd_mid_100ms,1692166,0,NaN,0.00001929972642035465,NaN,NaN,NaN,NaN,1.0,1
exec_vol_b,fwd_micro_100ms,1692166,0,NaN,-0.0005665004100961597,NaN,NaN,NaN,NaN,1.0,1
exec_vol_b,fwd_mid_300ms,1692166,0,NaN,0.0000445886466332111,NaN,NaN,NaN,NaN,1.0,1
exec_vol_b,fwd_micro_300ms,1692166,0,NaN,-0.000025121275817918956,NaN,NaN,NaN,NaN,1.0,1
exec_vol_b,fwd_mid_500ms,1692166,0,NaN,-0.00030523325130969156,NaN,NaN,NaN,NaN,1.0,1
exec_vol_b,fwd_micro_500ms,1692166,0,NaN,-0.00019191560400850092,NaN,NaN,NaN,NaN,1.0,1
exec_vol_b,fwd_mid_1s,1692166,0,NaN,-0.001582529180604096,NaN,NaN,NaN,NaN,1.0,1
exec_vol_b,fwd_micro_1s,1692166,0,NaN,-0.0007802562761396207,NaN,NaN,NaN,NaN,1.0,1
exec_vol_b,fwd_mid_3s,1692166,0,NaN,0.004879088992298351,NaN,NaN,NaN,NaN,1.0,1
exec_vol_b,fwd_micro_3s,1692166,0,NaN,0.004686948447623532,NaN,NaN,NaN,NaN,1.0,1
exec_vol_b,fwd_mid_5s,1692166,0,NaN,0.00010130617074419619,NaN,NaN,NaN,NaN,1.0,1
exec_vol_b,fwd_micro_5s,1692166,0,NaN,0.00008748432779614127,NaN,NaN,NaN,NaN,1.0,1
exec_vol_b,fwd_mid_10s,1692166,0,NaN,0.00029620037383089575,NaN,NaN,NaN,NaN,1.0,1
exec_vol_b,fwd_micro_10s,1692166,0,NaN,0.00028677208224150546,NaN,NaN,NaN,NaN,1.0,1
exec_vol_b,fwd_mid_30s,1692166,0,NaN,0.0016571868586518575,NaN,NaN,NaN,NaN,1.0,1
exec_vol_b,fwd_micro_30s,1692166,0,NaN,0.0015384171005431641,NaN,NaN,NaN,NaN,1.0,1
exec_vol_b,fwd_mid_60s,1692166,0,NaN,0.0025111988587967556,NaN,NaN,NaN,NaN,1.0,1
exec_vol_b,fwd_micro_60s,1692166,0,NaN,0.0023234538463294757,NaN,NaN,NaN,NaN,1.0,1
exec_cnt_b,fwd_mid_100ms,1692166,0,NaN,-0.00013283489567664754,NaN,NaN,NaN,NaN,0.9904725659302929,2
exec_cnt_b,fwd_micro_100ms,1692166,0,NaN,-0.0006837985987580428,NaN,NaN,NaN,NaN,0.9904725659302929,2
exec_cnt_b,fwd_mid_300ms,1692166,0,NaN,-0.00007554191329600263,NaN,NaN,NaN,NaN,0.9904725659302929,2
exec_cnt_b,fwd_micro_300ms,1692166,0,NaN,-0.000013317282874742159,NaN,NaN,NaN,NaN,0.9904725659302929,2
exec_cnt_b,fwd_mid_500ms,1692166,0,NaN,-0.00029217808732606373,NaN,NaN,NaN,NaN,0.9904725659302929,2
exec_cnt_b,fwd_micro_500ms,1692166,0,NaN,0.000046927001077017876,NaN,NaN,NaN,NaN,0.9904725659302929,2
exec_cnt_b,fwd_mid_1s,1692166,0,NaN,-0.0016343973632742426,NaN,NaN,NaN,NaN,0.9904725659302929,2
exec_cnt_b,fwd_micro_1s,1692166,0,NaN,-0.000660851005210414,NaN,NaN,NaN,NaN,0.9904725659302929,2
exec_cnt_b,fwd_mid_3s,1692166,0,NaN,0.004986362550506569,NaN,NaN,NaN,NaN,0.9904725659302929,2
exec_cnt_b,fwd_micro_3s,1692166,0,NaN,0.00489099592527941,NaN,NaN,NaN,NaN,0.9904725659302929,2
exec_cnt_b,fwd_mid_5s,1692166,0,NaN,0.0006293758359776733,NaN,NaN,NaN,NaN,0.9904725659302929,2
exec_cnt_b,fwd_micro_5s,1692166,0,NaN,0.0006650631386035119,NaN,NaN,NaN,NaN,0.9904725659302929,2
exec_cnt_b,fwd_mid_10s,1692166,0,NaN,0.0014776685414699675,NaN,NaN,NaN,NaN,0.9904725659302929,2
exec_cnt_b,fwd_micro_10s,1692166,0,NaN,0.001502442091396728,NaN,NaN,NaN,NaN,0.9904725659302929,2
exec_cnt_b,fwd_mid_30s,1692166,0,NaN,0.005450385317581456,NaN,NaN,NaN,NaN,0.9904725659302929,2
exec_cnt_b,fwd_micro_30s,1692166,0,NaN,0.005382588034887733,NaN,NaN,NaN,NaN,0.9904725659302929,2
exec_cnt_b,fwd_mid_60s,1692166,0,NaN,0.01035211041312203,NaN,NaN,NaN,NaN,0.9904725659302929,2
exec_cnt_b,fwd_micro_60s,1692166,0,NaN,0.010235348736743468,NaN,NaN,NaN,NaN,0.9904725659302929,2
exec_vol_a,fwd_mid_100ms,1692166,0,NaN,0.00001929972642035465,NaN,NaN,NaN,NaN,1.0,1
exec_vol_a,fwd_micro_100ms,1692166,0,NaN,-0.0005665004100961597,NaN,NaN,NaN,NaN,1.0,1
exec_vol_a,fwd_mid_300ms,1692166,0,NaN,0.0000445886466332111,NaN,NaN,NaN,NaN,1.0,1
exec_vol_a,fwd_micro_300ms,1692166,0,NaN,-0.000025121275817918956,NaN,NaN,NaN,NaN,1.0,1
exec_vol_a,fwd_mid_500ms,1692166,0,NaN,-0.00030523325130969156,NaN,NaN,NaN,NaN,1.0,1
exec_vol_a,fwd_micro_500ms,1692166,0,NaN,-0.00019191560400850092,NaN,NaN,NaN,NaN,1.0,1
exec_vol_a,fwd_mid_1s,1692166,0,NaN,-0.001582529180604096,NaN,NaN,NaN,NaN,1.0,1
exec_vol_a,fwd_micro_1s,1692166,0,NaN,-0.0007802562761396207,NaN,NaN,NaN,NaN,1.0,1
exec_vol_a,fwd_mid_3s,1692166,0,NaN,0.004879088992298351,NaN,NaN,NaN,NaN,1.0,1
exec_vol_a,fwd_micro_3s,1692166,0,NaN,0.004686948447623532,NaN,NaN,NaN,NaN,1.0,1
exec_vol_a,fwd_mid_5s,1692166,0,NaN,0.00010130617074419619,NaN,NaN,NaN,NaN,1.0,1
exec_vol_a,fwd_micro_5s,1692166,0,NaN,0.00008748432779614127,NaN,NaN,NaN,NaN,1.0,1
exec_vol_a,fwd_mid_10s,1692166,0,NaN,0.00029620037383089575,NaN,NaN,NaN,NaN,1.0,1
exec_vol_a,fwd_micro_10s,1692166,0,NaN,0.00028677208224150546,NaN,NaN,NaN,NaN,1.0,1
exec_vol_a,fwd_mid_30s,1692166,0,NaN,0.0016571868586518575,NaN,NaN,NaN,NaN,1.0,1
exec_vol_a,fwd_micro_30s,1692166,0,NaN,0.0015384171005431641,NaN,NaN,NaN,NaN,1.0,1
exec_vol_a,fwd_mid_60s,1692166,0,NaN,0.0025111988587967556,NaN,NaN,NaN,NaN,1.0,1
exec_vol_a,fwd_micro_60s,1692166,0,NaN,0.0023234538463294757,NaN,NaN,NaN,NaN,1.0,1
exec_cnt_a,fwd_mid_100ms,1692166,0,NaN,-0.00008427008039575892,NaN,NaN,NaN,NaN,0.9904501095046231,2
exec_cnt_a,fwd_micro_100ms,1692166,0,NaN,-0.0006592792932324985,NaN,NaN,NaN,NaN,0.9904501095046231,2
exec_cnt_a,fwd_mid_300ms,1692166,0,NaN,-9.473967456454492e-6,NaN,NaN,NaN,NaN,0.9904501095046231,2
exec_cnt_a,fwd_micro_300ms,1692166,0,NaN,-0.00008377637992722929,NaN,NaN,NaN,NaN,0.9904501095046231,2
exec_cnt_a,fwd_mid_500ms,1692166,0,NaN,-0.00022992860077180853,NaN,NaN,NaN,NaN,0.9904501095046231,2
exec_cnt_a,fwd_micro_500ms,1692166,0,NaN,-0.00007430847166708121,NaN,NaN,NaN,NaN,0.9904501095046231,2
exec_cnt_a,fwd_mid_1s,1692166,0,NaN,-0.0015542186592626722,NaN,NaN,NaN,NaN,0.9904501095046231,2
exec_cnt_a,fwd_micro_1s,1692166,0,NaN,-0.0007500610998439655,NaN,NaN,NaN,NaN,0.9904501095046231,2
exec_cnt_a,fwd_mid_3s,1692166,0,NaN,0.00526655972258746,NaN,NaN,NaN,NaN,0.9904501095046231,2
exec_cnt_a,fwd_micro_3s,1692166,0,NaN,0.005041525479693581,NaN,NaN,NaN,NaN,0.9904501095046231,2
exec_cnt_a,fwd_mid_5s,1692166,0,NaN,0.0009620279138481604,NaN,NaN,NaN,NaN,0.9904501095046231,2
exec_cnt_a,fwd_micro_5s,1692166,0,NaN,0.0008135154522484697,NaN,NaN,NaN,NaN,0.9904501095046231,2
exec_cnt_a,fwd_mid_10s,1692166,0,NaN,0.0018067549792948926,NaN,NaN,NaN,NaN,0.9904501095046231,2
exec_cnt_a,fwd_micro_10s,1692166,0,NaN,0.0016810809173436706,NaN,NaN,NaN,NaN,0.9904501095046231,2
exec_cnt_a,fwd_mid_30s,1692166,0,NaN,0.005608406984124622,NaN,NaN,NaN,NaN,0.9904501095046231,2
exec_cnt_a,fwd_micro_30s,1692166,0,NaN,0.0053456845096902005,NaN,NaN,NaN,NaN,0.9904501095046231,2
exec_cnt_a,fwd_mid_60s,1692166,0,NaN,0.010778901121527913,NaN,NaN,NaN,NaN,0.9904501095046231,2
exec_cnt_a,fwd_micro_60s,1692166,0,NaN,0.010493279759483025,NaN,NaN,NaN,NaN,0.9904501095046231,2
exec_imb,fwd_mid_100ms,1692166,49,0.07679124752429571,0.000013718928781560602,-0.21763896454467893,0.19132835518693336,-1.1375154735012452,NaN,0.9999273120958582,2
exec_imb,fwd_micro_100ms,1692166,49,0.0049008945962854015,-0.0005668978524695419,-0.082495635229912,0.23725226603279248,-0.3477127388891183,NaN,0.9999273120958582,2
exec_imb,fwd_mid_300ms,1692166,49,0.09400088709803249,0.000037758663760717546,-0.23578466040338955,0.27114046810544934,-0.8696033537557014,NaN,0.9999273120958582,2
exec_imb,fwd_micro_300ms,1692166,49,0.015406306596008093,-0.000026243035506197875,0.033237571815258916,0.32118286795203854,0.10348488394537346,NaN,0.9999273120958582,2
exec_imb,fwd_mid_500ms,1692166,49,0.2828167392448127,-0.00032581429009949906,-0.30790833016648467,0.3100565298624373,-0.9930715869880059,NaN,0.9999273120958582,2
exec_imb,fwd_micro_500ms,1692166,49,0.09575455894176688,-0.00019889025912609055,0.07723382706627636,0.37978765146997057,0.2033605536339645,NaN,0.9999273120958582,2
exec_imb,fwd_mid_1s,1692166,49,0.4167541679634183,-0.0016129394088008468,-0.34745778695088236,0.36988105313422714,-0.9393770889497075,NaN,0.9999273120958582,2
exec_imb,fwd_micro_1s,1692166,49,0.20677520766289012,-0.0007953441445120552,0.03235668855542938,0.42482523350176876,0.0761647049275256,NaN,0.9999273120958582,2
exec_imb,fwd_mid_3s,1692166,49,-0.1450134807564162,0.00488998516105948,0.20154405162388872,0.5436104283743827,0.37075089274241446,NaN,0.9999273120958582,2
exec_imb,fwd_micro_3s,1692166,49,-0.37054380365786677,0.004714225167251211,0.5474050013292144,0.6796335818987815,0.805441367096454,NaN,0.9999273120958582,2
exec_imb,fwd_mid_5s,1692166,49,0.002308216379834141,0.00010114574340533936,-0.019534289483130473,0.8184568336507487,-0.02386722021245427,NaN,0.9999273120958582,2
exec_imb,fwd_micro_5s,1692166,49,-0.1623602676430785,0.00009929317277964347,0.36032231176032053,0.8988172041729054,0.400884974261135,NaN,0.9999273120958582,2
exec_imb,fwd_mid_10s,1692166,49,-1.3169405959184934,0.00039195451597974387,2.078546153179562,1.913977740049776,1.0859824070500979,NaN,0.9999273120958582,2
exec_imb,fwd_micro_10s,1692166,49,-1.5453403917018502,0.0003991286483248991,2.52167412122677,1.992180077436591,1.2657862357862235,NaN,0.9999273120958582,2
exec_imb,fwd_mid_30s,1692166,49,-1.7626980763724593,0.0017854434676017616,3.6130022236990493,2.7652222108538003,1.3065865772080159,NaN,0.9999273120958582,2
exec_imb,fwd_micro_30s,1692166,49,-1.9802741690844297,0.0016824813755649873,3.9740948299202703,2.8958711246627113,1.3723313845270453,NaN,0.9999273120958582,2
exec_imb,fwd_mid_60s,1692166,49,-3.1106003706805856,0.002737500863564546,4.8695695738449505,2.7312353975425454,1.7829183007171008,NaN,0.9999273120958582,2
exec_imb,fwd_micro_60s,1692166,49,-3.192137002581089,0.002555669361030084,5.2090030011034445,2.7630563558852907,1.8852322682482767,NaN,0.9999273120958582,2
cancel_bbo_b,fwd_mid_100ms,1692166,0,NaN,0.00005484372514637168,NaN,NaN,NaN,-0.3571428571428572,0.2995344428383504,7
cancel_bbo_b,fwd_micro_100ms,1692166,0,NaN,-0.0029472612398914353,NaN,NaN,NaN,-0.642857142857143,0.2995344428383504,7
cancel_bbo_b,fwd_mid_300ms,1692166,0,NaN,0.003460116575616913,NaN,NaN,NaN,0.21428571428571433,0.2995344428383504,7
cancel_bbo_b,fwd_micro_300ms,1692166,0,NaN,0.00019958907759697257,NaN,NaN,NaN,0.10714285714285716,0.2995344428383504,7
cancel_bbo_b,fwd_mid_500ms,1692166,0,NaN,0.004734291415878513,NaN,NaN,NaN,0.6785714285714287,0.2995344428383504,7
cancel_bbo_b,fwd_micro_500ms,1692166,0,NaN,0.0017760806707779703,NaN,NaN,NaN,0.5714285714285715,0.2995344428383504,7
cancel_bbo_b,fwd_mid_1s,1692166,0,NaN,0.005665563173356853,NaN,NaN,NaN,0.7142857142857144,0.2995344428383504,7
cancel_bbo_b,fwd_micro_1s,1692166,0,NaN,0.0012947114998865148,NaN,NaN,NaN,0.42857142857142866,0.2995344428383504,7
cancel_bbo_b,fwd_mid_3s,1692166,0,NaN,0.02169567080984244,NaN,NaN,NaN,0.7857142857142859,0.2995344428383504,7
cancel_bbo_b,fwd_micro_3s,1692166,0,NaN,0.012570937031259397,NaN,NaN,NaN,0.8571428571428573,0.2995344428383504,7
cancel_bbo_b,fwd_mid_5s,1692166,0,NaN,0.02096760245058033,NaN,NaN,NaN,0.5357142857142858,0.2995344428383504,7
cancel_bbo_b,fwd_micro_5s,1692166,0,NaN,0.01100647250393449,NaN,NaN,NaN,0.39285714285714296,0.2995344428383504,7
cancel_bbo_b,fwd_mid_10s,1692166,0,NaN,0.030338764988954117,NaN,NaN,NaN,0.5714285714285715,0.2995344428383504,7
cancel_bbo_b,fwd_micro_10s,1692166,0,NaN,0.01753192353035409,NaN,NaN,NaN,0.642857142857143,0.2995344428383504,7
cancel_bbo_b,fwd_mid_30s,1692166,0,NaN,0.07251859279165793,NaN,NaN,NaN,0.7142857142857144,0.2995344428383504,7
cancel_bbo_b,fwd_micro_30s,1692166,0,NaN,0.054747207892550956,NaN,NaN,NaN,0.642857142857143,0.2995344428383504,7
cancel_bbo_b,fwd_mid_60s,1692166,0,NaN,0.11100572029034063,NaN,NaN,NaN,0.6071428571428572,0.2995344428383504,7
cancel_bbo_b,fwd_micro_60s,1692166,0,NaN,0.09147309732165398,NaN,NaN,NaN,0.5357142857142858,0.2995344428383504,7
add_bbo_b,fwd_mid_100ms,1692166,0,NaN,0.005329933270141491,NaN,NaN,NaN,0.7714285714285715,0.32585219180624125,6
add_bbo_b,fwd_micro_100ms,1692166,0,NaN,-0.0013691212983309433,NaN,NaN,NaN,0.028571428571428574,0.32585219180624125,6
add_bbo_b,fwd_mid_300ms,1692166,0,NaN,0.014667528342238447,NaN,NaN,NaN,0.7714285714285715,0.32585219180624125,6
add_bbo_b,fwd_micro_300ms,1692166,0,NaN,-0.0007222145628636076,NaN,NaN,NaN,-0.3714285714285715,0.32585219180624125,6
add_bbo_b,fwd_mid_500ms,1692166,0,NaN,0.018553497134819043,NaN,NaN,NaN,0.8857142857142858,0.32585219180624125,6
add_bbo_b,fwd_micro_500ms,1692166,0,NaN,-0.0016849880559916357,NaN,NaN,NaN,-0.2,0.32585219180624125,6
add_bbo_b,fwd_mid_1s,1692166,0,NaN,0.023726300740431156,NaN,NaN,NaN,0.8857142857142858,0.32585219180624125,6
add_bbo_b,fwd_micro_1s,1692166,0,NaN,-0.0011535266385777774,NaN,NaN,NaN,0.08571428571428573,0.32585219180624125,6
add_bbo_b,fwd_mid_3s,1692166,0,NaN,0.04488722370123773,NaN,NaN,NaN,0.7142857142857143,0.32585219180624125,6
add_bbo_b,fwd_micro_3s,1692166,0,NaN,0.013135063838759115,NaN,NaN,NaN,0.14285714285714288,0.32585219180624125,6
add_bbo_b,fwd_mid_5s,1692166,0,NaN,0.045456983671359655,NaN,NaN,NaN,0.8857142857142858,0.32585219180624125,6
add_bbo_b,fwd_micro_5s,1692166,0,NaN,0.01136140219315789,NaN,NaN,NaN,0.6,0.32585219180624125,6
add_bbo_b,fwd_mid_10s,1692166,0,NaN,0.05159956338711043,NaN,NaN,NaN,0.7714285714285715,0.32585219180624125,6
add_bbo_b,fwd_micro_10s,1692166,0,NaN,0.014950999495865577,NaN,NaN,NaN,0.6571428571428573,0.32585219180624125,6
add_bbo_b,fwd_mid_30s,1692166,0,NaN,0.09130426574725531,NaN,NaN,NaN,0.942857142857143,0.32585219180624125,6
add_bbo_b,fwd_micro_30s,1692166,0,NaN,0.05059487883102073,NaN,NaN,NaN,0.7714285714285715,0.32585219180624125,6
add_bbo_b,fwd_mid_60s,1692166,0,NaN,0.12335888021862192,NaN,NaN,NaN,0.942857142857143,0.32585219180624125,6
add_bbo_b,fwd_micro_60s,1692166,0,NaN,0.0810933867301353,NaN,NaN,NaN,0.8857142857142858,0.32585219180624125,6
cancel_deep_b,fwd_mid_100ms,1692166,21,-0.00036563098011159457,-0.006821999435593762,-0.02367987961784598,0.011594517873141866,-2.0423341338495207,-0.006060606060606061,0.16726550468452858,10
cancel_deep_b,fwd_micro_100ms,1692166,21,0.002071577705133822,-0.008847445807802078,-0.04334596212979691,0.025708786621589187,-1.686036870110266,-0.13939393939393938,0.16726550468452858,10
cancel_deep_b,fwd_mid_300ms,1692166,21,-0.0011777937215867135,-0.010773062919798843,-0.05546165920844807,0.02638015028407207,-2.1024011846488597,0.24848484848484845,0.16726550468452858,10
cancel_deep_b,fwd_micro_300ms,1692166,21,0.00015185123551464237,-0.007883858724757786,-0.10140803284517257,0.06322282723076302,-1.6039781402852127,0.22424242424242422,0.16726550468452858,10
cancel_deep_b,fwd_mid_500ms,1692166,21,0.0018980225213300027,-0.01573690474184319,-0.028255596885806932,0.016253963461007218,-1.7383819616422345,0.32121212121212117,0.16726550468452858,10
cancel_deep_b,fwd_micro_500ms,1692166,21,0.0006833912489312188,-0.011154214047093733,-0.08703831704552287,0.05682306043208911,-1.5317428590377473,0.2121212121212121,0.16726550468452858,10
cancel_deep_b,fwd_mid_1s,1692166,21,0.004108591901084482,-0.02484886294085466,-0.020490241394740642,0.038322057500986065,-0.5346853152186155,0.24848484848484845,0.16726550468452858,10
cancel_deep_b,fwd_micro_1s,1692166,21,0.001513655340220205,-0.016203598132159446,-0.05312430223891554,0.03415860350326278,-1.5552246517876873,0.22424242424242422,0.16726550468452858,10
cancel_deep_b,fwd_mid_3s,1692166,21,0.0036445079807768477,-0.0019820989268754664,0.050416269572989045,0.05060668454703848,0.9962373552870778,0.49090909090909085,0.16726550468452858,10
cancel_deep_b,fwd_micro_3s,1692166,21,0.0016795096733212623,0.0085720931307716,0.024587234528175222,0.07823413780652465,0.3142775675368237,0.8303030303030302,0.16726550468452858,10
cancel_deep_b,fwd_mid_5s,1692166,21,0.002955482686261646,-0.008596890672479991,0.04130474088200755,0.08373117059236185,0.4933018443405766,0.2121212121212121,0.16726550468452858,10
cancel_deep_b,fwd_micro_5s,1692166,21,0.0014062093099145633,-0.0015162005686770621,-0.005424279644685474,0.12503847098890847,-0.04338088591283745,0.38181818181818183,0.16726550468452858,10
cancel_deep_b,fwd_mid_10s,1692166,21,0.0056638186968077705,-0.005472514770040592,0.03131393490032767,0.16015924977635743,0.19551749239618507,0.34545454545454546,0.16726550468452858,10
cancel_deep_b,fwd_micro_10s,1692166,21,0.002695568318510604,0.0010496932067561656,-0.030897687149155285,0.2238948199313465,-0.13800090220322886,0.4424242424242424,0.16726550468452858,10
cancel_deep_b,fwd_mid_30s,1692166,21,0.02612881464263829,0.005606928698198118,0.16449788014688835,0.27416863459816954,0.5999879613799798,0.4545454545454545,0.16726550468452858,10
cancel_deep_b,fwd_micro_30s,1692166,21,0.025444515786534366,0.01090961710453479,0.07744130983358463,0.29675993243018156,0.2609560839275504,0.49090909090909085,0.16726550468452858,10
cancel_deep_b,fwd_mid_60s,1692166,21,0.05053623872589766,0.049151920154576,0.3621350903019065,0.4573418569314487,0.7918258187248913,0.38181818181818183,0.16726550468452858,10
cancel_deep_b,fwd_micro_60s,1692166,21,0.0507699669320839,0.058399154579254285,0.23794479020729625,0.4588081212297401,0.5186150357790846,0.4787878787878787,0.16726550468452858,10
add_deep_b,fwd_mid_100ms,1692166,30,0.0020242290569006637,-0.0050931485636845995,-0.010054539203062407,0.012967164639660545,-0.7753845564904939,-0.2727272727272727,0.1659718963742328,10
add_deep_b,fwd_micro_100ms,1692166,30,0.002339386482165329,-0.009787191576671394,-0.009307195541734965,0.02100080432949946,-0.44318281317736535,-0.41818181818181815,0.1659718963742328,10
add_deep_b,fwd_mid_300ms,1692166,30,0.0037838940924422777,-0.006550611953381799,-0.03936254956757805,0.02237488146202747,-1.7592294124275223,-0.33333333333333326,0.1659718963742328,10
add_deep_b,fwd_micro_300ms,1692166,30,0.0038253779037976123,-0.012369860759314058,-0.0723674682469504,0.032154521136526205,-2.2506156424996155,-0.4666666666666666,0.1659718963742328,10
add_deep_b,fwd_mid_500ms,1692166,30,0.003977325591307718,-0.010311459993310016,-0.029200863519827078,0.017677976352640533,-1.651821619020629,-0.19999999999999998,0.1659718963742328,10
add_deep_b,fwd_micro_500ms,1692166,30,0.005016603215308169,-0.016386595108171573,-0.10653519869396733,0.06562402656435756,-1.6234175845562924,-0.309090909090909,0.1659718963742328,10
add_deep_b,fwd_mid_1s,1692166,30,0.00894348603663897,-0.019540693842596393,-0.02107570764890564,0.03430949359597907,-0.6142820962934769,-0.06666666666666665,0.1659718963742328,10
add_deep_b,fwd_micro_1s,1692166,30,0.007946791700829734,-0.023964787097904283,-0.08960344184788058,0.03506727323533838,-2.5551870328367707,-0.0303030303030303,0.1659718963742328,10
add_deep_b,fwd_mid_3s,1692166,30,0.009484631536932943,0.005615994505002082,0.015903209711304274,0.043565690757744226,0.3650397694767946,0.3696969696969697,0.1659718963742328,10
add_deep_b,fwd_micro_3s,1692166,30,0.0033988903807882177,0.004395453221534888,-0.02879316362811752,0.07128063590465315,-0.40394089169788006,0.4424242424242424,0.1659718963742328,10
add_deep_b,fwd_mid_5s,1692166,30,0.009593750644925346,-0.005022256479065258,0.014808388353592696,0.07254915395099926,0.20411524528038597,0.19999999999999998,0.1659718963742328,10
add_deep_b,fwd_micro_5s,1692166,30,0.006833761378989858,-0.008888551224406184,-0.06449119781168981,0.1013205859267701,-0.6365063646424342,0.1515151515151515,0.1659718963742328,10
add_deep_b,fwd_mid_10s,1692166,30,0.007742711527636856,-0.0012513782111160821,0.051379876884282735,0.13650643631333093,0.3763916066664256,0.5515151515151515,0.1659718963742328,10
add_deep_b,fwd_micro_10s,1692166,30,0.0017429732600944717,-0.005796665754110453,-0.014407211206585018,0.15751168383659714,-0.09146757152016152,0.309090909090909,0.1659718963742328,10
add_deep_b,fwd_mid_30s,1692166,30,0.00902042713530497,0.005385368492002874,0.10966786506416541,0.3057625479500666,0.35867003921642826,0.6242424242424242,0.1659718963742328,10
add_deep_b,fwd_micro_30s,1692166,30,0.00609664335881672,-0.00036534654204430794,0.049514472644553824,0.31875270225072994,0.15533820511929616,0.5030303030303029,0.1659718963742328,10
add_deep_b,fwd_mid_60s,1692166,30,0.03649579081291254,0.016230219975597888,0.3025823257293942,0.47373240867208477,0.6387199190732171,0.5030303030303029,0.1659718963742328,10
add_deep_b,fwd_micro_60s,1692166,30,0.0294049444379367,0.01164494405690693,0.2340405247530036,0.4731299270422921,0.49466438577681265,0.5515151515151515,0.1659718963742328,10
cancel_bbo_a,fwd_mid_100ms,1692166,0,NaN,-0.000800678597415033,NaN,NaN,NaN,-0.39285714285714296,0.3079762860144927,7
cancel_bbo_a,fwd_micro_100ms,1692166,0,NaN,0.00020598640832030575,NaN,NaN,NaN,0.07142857142857144,0.3079762860144927,7
cancel_bbo_a,fwd_mid_300ms,1692166,0,NaN,-0.0017790952134471264,NaN,NaN,NaN,-0.21428571428571433,0.3079762860144927,7
cancel_bbo_a,fwd_micro_300ms,1692166,0,NaN,0.0014990275517930572,NaN,NaN,NaN,1.0,0.3079762860144927,7
cancel_bbo_a,fwd_mid_500ms,1692166,0,NaN,-0.0051971300654751465,NaN,NaN,NaN,0.10714285714285716,0.3079762860144927,7
cancel_bbo_a,fwd_micro_500ms,1692166,0,NaN,-0.0006704546422173953,NaN,NaN,NaN,0.3214285714285715,0.3079762860144927,7
cancel_bbo_a,fwd_mid_1s,1692166,0,NaN,-0.011117341752573225,NaN,NaN,NaN,0.21428571428571433,0.3079762860144927,7
cancel_bbo_a,fwd_micro_1s,1692166,0,NaN,-0.003510196984948066,NaN,NaN,NaN,0.14285714285714288,0.3079762860144927,7
cancel_bbo_a,fwd_mid_3s,1692166,0,NaN,-0.006321292148207832,NaN,NaN,NaN,0.21428571428571433,0.3079762860144927,7
cancel_bbo_a,fwd_micro_3s,1692166,0,NaN,0.002715993448846077,NaN,NaN,NaN,0.6071428571428572,0.3079762860144927,7
cancel_bbo_a,fwd_mid_5s,1692166,0,NaN,-0.017682035799087406,NaN,NaN,NaN,0.14285714285714288,0.3079762860144927,7
cancel_bbo_a,fwd_micro_5s,1692166,0,NaN,-0.006435685076602843,NaN,NaN,NaN,0.28571428571428575,0.3079762860144927,7
cancel_bbo_a,fwd_mid_10s,1692166,0,NaN,-0.021727434623174998,NaN,NaN,NaN,0.0,0.3079762860144927,7
cancel_bbo_a,fwd_micro_10s,1692166,0,NaN,-0.008742947483795515,NaN,NaN,NaN,0.25,0.3079762860144927,7
cancel_bbo_a,fwd_mid_30s,1692166,0,NaN,-0.023320365739415483,NaN,NaN,NaN,0.0,0.3079762860144927,7
cancel_bbo_a,fwd_micro_30s,1692166,0,NaN,-0.006888305665999975,NaN,NaN,NaN,0.21428571428571433,0.3079762860144927,7
cancel_bbo_a,fwd_mid_60s,1692166,0,NaN,-0.012246701213678811,NaN,NaN,NaN,0.0,0.3079762860144927,7
cancel_bbo_a,fwd_micro_60s,1692166,0,NaN,0.006698381037609051,NaN,NaN,NaN,0.4642857142857144,0.3079762860144927,7
add_bbo_a,fwd_mid_100ms,1692166,0,NaN,-0.006499693014662879,NaN,NaN,NaN,-1.0,0.3184640277608698,6
add_bbo_a,fwd_micro_100ms,1692166,0,NaN,-0.001462278170569909,NaN,NaN,NaN,-0.7714285714285715,0.3184640277608698,6
add_bbo_a,fwd_mid_300ms,1692166,0,NaN,-0.012879426843894148,NaN,NaN,NaN,-1.0,0.3184640277608698,6
add_bbo_a,fwd_micro_300ms,1692166,0,NaN,0.002081752130979332,NaN,NaN,NaN,0.8857142857142858,0.3184640277608698,6
add_bbo_a,fwd_mid_500ms,1692166,0,NaN,-0.018946295256509114,NaN,NaN,NaN,-0.8285714285714287,0.3184640277608698,6
add_bbo_a,fwd_micro_500ms,1692166,0,NaN,0.0021932254927192743,NaN,NaN,NaN,0.8285714285714287,0.3184640277608698,6
add_bbo_a,fwd_mid_1s,1692166,0,NaN,-0.029613766259686442,NaN,NaN,NaN,-0.8285714285714287,0.3184640277608698,6
add_bbo_a,fwd_micro_1s,1692166,0,NaN,-0.0017125617070427926,NaN,NaN,NaN,0.08571428571428573,0.3184640277608698,6
add_bbo_a,fwd_mid_3s,1692166,0,NaN,-0.031696194561542254,NaN,NaN,NaN,-0.8285714285714287,0.3184640277608698,6
add_bbo_a,fwd_micro_3s,1692166,0,NaN,0.0006233958541829314,NaN,NaN,NaN,0.08571428571428573,0.3184640277608698,6
add_bbo_a,fwd_mid_5s,1692166,0,NaN,-0.04206350696521966,NaN,NaN,NaN,-0.6,0.3184640277608698,6
add_bbo_a,fwd_micro_5s,1692166,0,NaN,-0.006517244615044361,NaN,NaN,NaN,0.08571428571428573,0.3184640277608698,6
add_bbo_a,fwd_mid_10s,1692166,0,NaN,-0.04555917671406097,NaN,NaN,NaN,-0.14285714285714288,0.3184640277608698,6
add_bbo_a,fwd_micro_10s,1692166,0,NaN,-0.008711050417574763,NaN,NaN,NaN,0.028571428571428574,0.3184640277608698,6
add_bbo_a,fwd_mid_30s,1692166,0,NaN,-0.04426011142231432,NaN,NaN,NaN,-0.14285714285714288,0.3184640277608698,6
add_bbo_a,fwd_micro_30s,1692166,0,NaN,-0.0034643581809554965,NaN,NaN,NaN,0.028571428571428574,0.3184640277608698,6
add_bbo_a,fwd_mid_60s,1692166,0,NaN,-0.03249843897373163,NaN,NaN,NaN,-0.08571428571428573,0.3184640277608698,6
add_bbo_a,fwd_micro_60s,1692166,0,NaN,0.0102481231829708,NaN,NaN,NaN,0.3714285714285715,0.3184640277608698,6
cancel_deep_a,fwd_mid_100ms,1692166,21,-0.0005377500313255382,0.0026190647027306423,0.012550712283620369,0.01033855464791883,1.2139716537791723,0.28484848484848485,0.1664157062604969,10
cancel_deep_a,fwd_micro_100ms,1692166,21,0.00030100844567412875,0.00017495244468629975,0.000936014128761462,0.013560597648645357,0.06902454840218385,0.12727272727272726,0.1664157062604969,10
cancel_deep_a,fwd_mid_300ms,1692166,21,0.000243394872847639,0.009280737893851641,0.06147847536059911,0.02600460178204367,2.364138311975627,-0.07878787878787878,0.1664157062604969,10
cancel_deep_a,fwd_micro_300ms,1692166,21,0.0016370787796054487,0.006596359093749909,-0.10992508023807465,0.13073604491931476,-0.8408169323610498,-0.12727272727272726,0.1664157062604969,10
cancel_deep_a,fwd_mid_500ms,1692166,21,0.0004779238177298463,0.011710736972616908,0.09562358886738874,0.04359197649924557,2.193605258275996,-0.35757575757575755,0.1664157062604969,10
cancel_deep_a,fwd_micro_500ms,1692166,21,0.002523457997357288,0.006089604421347802,-0.1677286353710994,0.14147753760235607,-1.1855495806162952,-0.09090909090909088,0.1664157062604969,10
cancel_deep_a,fwd_mid_1s,1692166,21,0.003414779666372076,0.0008247821134684636,0.10709189908331725,0.08199015209779259,1.3061556338569162,-0.23636363636363633,0.1664157062604969,10
cancel_deep_a,fwd_micro_1s,1692166,21,0.0032508877882820217,-0.0033991290938443787,-0.08792022257883167,0.06989170900246726,-1.2579492451061396,-0.5030303030303029,0.1664157062604969,10
cancel_deep_a,fwd_mid_3s,1692166,21,0.0027033643726341074,0.021262537627442506,0.07049704181679661,0.07090016964089486,0.9943141486664973,-0.01818181818181818,0.1664157062604969,10
cancel_deep_a,fwd_micro_3s,1692166,21,0.00004599636397699672,0.015863262763161724,-0.030346183256591393,0.11200810454967702,-0.27092845985205,0.06666666666666665,0.1664157062604969,10
cancel_deep_a,fwd_mid_5s,1692166,21,0.01015908942525612,0.009682864945632657,0.3131020013019298,0.2641570415724967,1.1852873557262351,-0.309090909090909,0.1664157062604969,10
cancel_deep_a,fwd_micro_5s,1692166,21,0.008328845345173488,0.002435467085841263,0.09664884198546202,0.17092587971105075,0.5654429987363315,-0.35757575757575755,0.1664157062604969,10
cancel_deep_a,fwd_mid_10s,1692166,21,0.021944054698468798,0.00397943524477394,0.353170718844411,0.366604262591278,0.9633568260993084,-0.4424242424242424,0.1664157062604969,10
cancel_deep_a,fwd_micro_10s,1692166,21,0.018215761089035814,-0.0012815870472060713,0.15422392475971883,0.27347960053188075,0.5639320975303979,-0.5515151515151515,0.1664157062604969,10
cancel_deep_a,fwd_mid_30s,1692166,21,0.016912188938919045,0.03063324838334427,0.1349176312973285,0.2835291694071152,0.47585097356809286,-0.2606060606060606,0.1664157062604969,10
cancel_deep_a,fwd_micro_30s,1692166,21,0.015295467321497338,0.023462208591338192,-0.09080728260394055,0.27365446459092413,-0.33183190612177654,-0.19999999999999998,0.1664157062604969,10
cancel_deep_a,fwd_mid_60s,1692166,21,0.012352768471749537,0.06234028886594156,0.13196698343991198,0.43098319080168657,0.306199838546918,0.006060606060606061,0.1664157062604969,10
cancel_deep_a,fwd_micro_60s,1692166,21,0.008355633401141361,0.05796065524288162,-0.10235927326019006,0.4486995482269068,-0.22812430648676987,0.11515151515151514,0.1664157062604969,10
add_deep_a,fwd_mid_100ms,1692166,23,-0.0009030449235462197,0.0008814743519649032,0.01367914906220524,0.01073364973151152,1.2744173141821848,0.24848484848484845,0.16676200798266835,10
add_deep_a,fwd_micro_100ms,1692166,23,-0.00023438123561301752,-0.00003793902699305375,0.028904380630660337,0.014026679372035573,2.060671657490499,0.4666666666666666,0.16676200798266835,10
add_deep_a,fwd_mid_300ms,1692166,23,-0.0021373596337711776,0.0059467195948358425,0.012576300084669059,0.01837898272216466,0.6842761797421089,0.406060606060606,0.16676200798266835,10
add_deep_a,fwd_micro_300ms,1692166,23,-0.0019647447656987965,0.013098218476996786,0.03026792185220992,0.028192934915112114,1.073599536314524,0.33333333333333326,0.16676200798266835,10
add_deep_a,fwd_mid_500ms,1692166,23,-0.0011666553353651208,0.00827670032410983,0.033618129205699586,0.021071147051667915,1.5954579560033253,-0.18787878787878787,0.16676200798266835,10
add_deep_a,fwd_micro_500ms,1692166,23,0.0009484765035953655,0.016082318352336807,0.008091950112347411,0.06671252255964627,0.1212958197632621,-0.13939393939393938,0.16676200798266835,10
add_deep_a,fwd_mid_1s,1692166,23,0.0015101486101552649,0.0005877478249317524,0.04261077064278406,0.033527121527912644,1.270934357049081,-0.43030303030303024,0.16676200798266835,10
add_deep_a,fwd_micro_1s,1692166,23,0.0012632201899094783,0.008545534790203722,0.03331170876343071,0.036642622772624873,0.9090972818768138,0.0303030303030303,0.16676200798266835,10
add_deep_a,fwd_mid_3s,1692166,23,0.002962941426251882,0.021011234040605876,0.10596943504120762,0.053422328538556954,1.9836169246109405,0.2606060606060606,0.16676200798266835,10
add_deep_a,fwd_micro_3s,1692166,23,0.0033513415151287832,0.029011639917655936,0.09488430135181793,0.07643590076925945,1.2413577964921159,0.17575757575757575,0.16676200798266835,10
add_deep_a,fwd_mid_5s,1692166,23,0.005164135271558547,0.009256412032170123,0.12508530472081822,0.08034324236441105,1.5568864417180426,-0.19999999999999998,0.16676200798266835,10
add_deep_a,fwd_micro_5s,1692166,23,0.004171371976155625,0.01587916552536335,0.07846103082816205,0.0935730842395887,0.8384999967219947,-0.2121212121212121,0.16676200798266835,10
add_deep_a,fwd_mid_10s,1692166,23,0.0010517250728729222,0.009679144632936752,0.10934974581410797,0.14043138744390055,0.7786702659887267,-0.24848484848484845,0.16676200798266835,10
add_deep_a,fwd_micro_10s,1692166,23,0.0020674984427995697,0.017501704168953167,0.09328591304551558,0.18120152842315668,0.5148185771792535,-0.2121212121212121,0.16676200798266835,10
add_deep_a,fwd_mid_30s,1692166,23,0.006740702905323011,0.023823577514686493,-0.03751906089639237,0.2664929756023021,-0.14078817954430262,-0.11515151515151514,0.16676200798266835,10
add_deep_a,fwd_micro_30s,1692166,23,0.00750204528468122,0.030432812777881468,-0.08839078818295816,0.3101423533826323,-0.28500070119061643,-0.04242424242424241,0.16676200798266835,10
add_deep_a,fwd_mid_60s,1692166,23,0.012868003076894455,0.031010306890939178,-0.20099094693173442,0.45147644866028735,-0.44518589514061163,-0.2121212121212121,0.16676200798266835,10
add_deep_a,fwd_micro_60s,1692166,23,0.01221824775991228,0.03956762064809826,-0.24443351229636415,0.4734564415967721,-0.5162745520411368,-0.09090909090909088,0.16676200798266835,10
net_lof,fwd_mid_100ms,1692166,98,-0.030199444645882267,0.028081572076015682,0.06987907975047611,0.011788146441341537,5.927910727797474,0.9878787878787878,0.14870467790985045,10
net_lof,fwd_micro_100ms,1692166,98,-0.012387894802379317,0.0051021649086743365,0.04010161953799386,0.01833335659492786,2.1873582903573943,0.24848484848484845,0.14870467790985045,10
net_lof,fwd_mid_300ms,1692166,98,-0.05978211488826943,0.060215032762180765,0.18258259921200376,0.029597618659193244,6.168827340955426,0.9272727272727272,0.14870467790985045,10
net_lof,fwd_micro_300ms,1692166,98,0.0032877677353441923,-0.004217790018631531,0.04130416025960907,0.030348703370479284,1.3609859951969596,-0.9030303030303028,0.14870467790985045,10
net_lof,fwd_mid_500ms,1692166,98,-0.07162868694344506,0.06811309502099608,0.2196427260673673,0.036282363023693906,6.053705099745884,0.9636363636363635,0.14870467790985045,10
net_lof,fwd_micro_500ms,1692166,98,0.010129616816248216,-0.015275895807558932,0.037855063985940435,0.0380886339606659,0.9938677250812756,-0.8787878787878788,0.14870467790985045,10
net_lof,fwd_mid_1s,1692166,98,-0.08325958769879348,0.07427247452582213,0.2728388490749128,0.055467757979506274,4.918872855393197,0.9151515151515152,0.14870467790985045,10
net_lof,fwd_micro_1s,1692166,98,0.007927503711566785,-0.015041656824374782,0.0715918906685428,0.055762537580966165,1.283870745024699,-0.8909090909090909,0.14870467790985045,10
net_lof,fwd_mid_3s,1692166,98,-0.06816149630662982,0.09878520708188057,0.3194316351994835,0.07399064997218097,4.317189203224779,0.9393939393939393,0.14870467790985045,10
net_lof,fwd_micro_3s,1692166,98,0.025917894814935182,0.0008374227478577157,0.09958411852398191,0.0738533779914916,1.3484030281655455,-0.6363636363636362,0.14870467790985045,10
net_lof,fwd_mid_5s,1692166,98,-0.07244054991484494,0.09147649065240573,0.3306869427641586,0.09007604346533589,3.6711974687411466,0.9757575757575757,0.14870467790985045,10
net_lof,fwd_micro_5s,1692166,98,0.0229259987126136,-0.004006165504085504,0.110002876363049,0.084753256872777,1.2979191646661339,-0.5515151515151515,0.14870467790985045,10
net_lof,fwd_mid_10s,1692166,98,-0.06642760019566596,0.08960843571396528,0.31772469592593927,0.08364019150157927,3.798708374788215,0.9636363636363635,0.14870467790985045,10
net_lof,fwd_micro_10s,1692166,98,0.027622525574271674,-0.008322606325779008,0.09218374946509912,0.08477297446289782,1.0874190748779817,-0.6606060606060605,0.14870467790985045,10
net_lof,fwd_mid_30s,1692166,98,-0.08017099097372213,0.14053688038421794,0.23835805032499582,0.07545295278856559,3.1590287923247113,0.8303030303030302,0.14870467790985045,10
net_lof,fwd_micro_30s,1692166,98,0.013516542066497666,0.04189299830217544,0.01365570673916032,0.07869742296385276,0.17352165070808795,0.13939393939393938,0.14870467790985045,10
net_lof,fwd_mid_60s,1692166,98,-0.07382971943014632,0.1687605840857601,0.2189406521050704,0.09872548708398116,2.2176710246952527,0.8545454545454544,0.14870467790985045,10
net_lof,fwd_micro_60s,1692166,98,0.022125380451795323,0.06882359369390809,0.009003182071182409,0.10589211657725818,0.085022212816133,-0.01818181818181818,0.14870467790985045,10
repl_b,fwd_mid_100ms,1692166,32,0.001666443109973579,-0.004131608399167697,-0.015829413947308434,0.015228729024937862,-1.0394441927088542,-0.18787878787878787,0.16655339960736712,10
repl_b,fwd_micro_100ms,1692166,32,0.0019309489208147092,-0.009485568048777827,-0.03420590930711993,0.033591659530947435,-1.0182857823861486,-0.3696969696969697,0.16655339960736712,10
repl_b,fwd_mid_300ms,1692166,32,0.0028715412266006523,-0.00594055979762025,-0.04216619139022744,0.026076548626361145,-1.6170158096612928,0.006060606060606061,0.16655339960736712,10
repl_b,fwd_micro_300ms,1692166,32,0.003925506109962465,-0.013782344591439354,-0.06795359853456227,0.028124143288607423,-2.4162015474472796,-0.4545454545454545,0.16655339960736712,10
repl_b,fwd_mid_500ms,1692166,32,0.003477611574057759,-0.008078080755033863,-0.044218786130319356,0.03087242118398269,-1.4323070376242812,0.06666666666666665,0.16655339960736712,10
repl_b,fwd_micro_500ms,1692166,32,0.0053167004909377095,-0.016734526752096614,-0.12562404399543847,0.06388343278857832,-1.9664573193990715,-0.309090909090909,0.16655339960736712,10
repl_b,fwd_mid_1s,1692166,32,0.006367188828306434,-0.01588693122967322,-0.042312750415129025,0.048673265961815974,-0.8693221952338938,-0.04242424242424241,0.16655339960736712,10
repl_b,fwd_micro_1s,1692166,32,0.008956277091477383,-0.023484450274328106,-0.11336784182549617,0.048227652617279376,-2.350681313999468,-0.06666666666666665,0.16655339960736712,10
repl_b,fwd_mid_3s,1692166,32,0.008330473204428215,0.010303086196169323,0.07722958133515398,0.055277825382624546,1.3971168511167502,0.7333333333333332,0.16655339960736712,10
repl_b,fwd_micro_3s,1692166,32,0.0032211095769982302,0.004303251416893521,0.018093570356852398,0.07667598798942545,0.2359744012603753,0.41818181818181815,0.16655339960736712,10
repl_b,fwd_mid_5s,1692166,32,0.006764579241698671,-0.0009446142602131485,0.07693964578350027,0.08972721951678635,0.857483896167163,0.5151515151515151,0.16655339960736712,10
repl_b,fwd_micro_5s,1692166,32,0.006446558553162635,-0.009482211071454496,-0.005393230093037084,0.12940056352611704,-0.041678567280339265,0.1515151515151515,0.16655339960736712,10
repl_b,fwd_mid_10s,1692166,32,0.005806833508093969,0.003261847699519386,0.13660225601183046,0.16601941653706456,0.8228089151327272,0.5272727272727272,0.16655339960736712,10
repl_b,fwd_micro_10s,1692166,32,-0.0011812844472219581,-0.00674521388062593,0.060557822274104584,0.20267051255333807,0.2987993739748756,0.4545454545454545,0.16655339960736712,10
repl_b,fwd_mid_30s,1692166,32,0.0013234863634401283,0.007460919425284593,0.18370196861683644,0.32750520389039256,0.5609131288134178,0.7696969696969697,0.16655339960736712,10
repl_b,fwd_micro_30s,1692166,32,-0.00036157725924065463,-0.004777170768883227,0.10377883296415748,0.3516410036270795,0.29512722320124096,0.6121212121212121,0.16655339960736712,10
repl_b,fwd_mid_60s,1692166,32,0.01922657935124731,0.02171841730604194,0.4749357913725739,0.46504362969423035,1.0212714701303354,0.7575757575757575,0.16655339960736712,10
repl_b,fwd_micro_60s,1692166,32,0.012680733940384334,0.00996245190116557,0.400843096792183,0.4773039812947086,0.8398067321895745,0.5878787878787878,0.16655339960736712,10
repl_a,fwd_mid_100ms,1692166,24,0.00013637259393017577,0.0002619128130407888,0.011367416192409432,0.012163759606729175,0.9345314738151193,0.04242424242424241,0.16748534127266473,10
repl_a,fwd_micro_100ms,1692166,24,0.00019192521560129752,0.0005133700025603081,0.028365702188090456,0.0146733543354669,1.9331436793240822,0.41818181818181815,0.16748534127266473,10
repl_a,fwd_mid_300ms,1692166,24,-0.0007035237994376858,0.004283871852061108,0.005844846312966931,0.021326204706373218,0.27406875219669213,-0.09090909090909088,0.16748534127266473,10
repl_a,fwd_micro_300ms,1692166,24,-0.0014165016551100312,0.013775558666404649,0.026990347070858026,0.0347145399724028,0.77749401525455,0.406060606060606,0.16748534127266473,10
repl_a,fwd_mid_500ms,1692166,24,0.000378689540709088,0.006178588239350881,0.02444969350776748,0.02017491839004019,1.2118856212988514,-0.2121212121212121,0.16748534127266473,10
repl_a,fwd_micro_500ms,1692166,24,0.001387188307120874,0.016760385402587043,-0.01631426067823818,0.08940796828072503,-0.18246987368076995,-0.11515151515151514,0.16748534127266473,10
repl_a,fwd_mid_1s,1692166,24,0.0028806602003871007,-0.0022520032410253835,0.042123013940617515,0.03383044871789295,1.2451213488734667,-0.6969696969696969,0.16748534127266473,10
repl_a,fwd_micro_1s,1692166,24,0.001062575627181461,0.008809079993337084,0.04084503919068518,0.03523317939557254,1.1592777004909707,-0.19999999999999998,0.16748534127266473,10
repl_a,fwd_mid_3s,1692166,24,0.00469473439689616,0.01616273718817777,0.07400792933520224,0.04893617026643081,1.5123359456260952,-0.16363636363636364,0.16748534127266473,10
repl_a,fwd_micro_3s,1692166,24,0.0022860719578601846,0.028473732066125308,0.0628560531644896,0.08553085005057592,0.7348933528349325,0.17575757575757575,0.16748534127266473,10
repl_a,fwd_mid_5s,1692166,24,0.007064593415687872,0.0018439030503178229,0.10516808409888685,0.07723614570199212,1.361643349017794,-0.5515151515151515,0.16748534127266473,10
repl_a,fwd_micro_5s,1692166,24,0.0030843021085986376,0.013617529628581685,0.060846266756656005,0.10214272134320346,0.595698508484126,-0.10303030303030303,0.16748534127266473,10
repl_a,fwd_mid_10s,1692166,24,0.005737318124173573,-0.00034858743883398947,0.05774228138328336,0.14888734882899085,0.38782530441592483,-0.709090909090909,0.16748534127266473,10
repl_a,fwd_micro_10s,1692166,24,0.0029634177321947106,0.01263367284307959,0.05211622358704012,0.19640291915372282,0.2653536098730244,-0.4424242424242424,0.16748534127266473,10
repl_a,fwd_mid_30s,1692166,24,0.012759063429819641,0.009829759174228967,-0.05943277474626896,0.2879207937409017,-0.206420571345577,-0.49090909090909085,0.16748534127266473,10
repl_a,fwd_micro_30s,1692166,24,0.009128438128815345,0.02215779789051174,-0.08395637815493813,0.3341122242115293,-0.2512819707601738,-0.2606060606060606,0.16748534127266473,10
repl_a,fwd_mid_60s,1692166,24,0.014951246806021057,0.015396935293067297,-0.16045949343789215,0.453140004781923,-0.3541057769002639,-0.3696969696969697,0.16748534127266473,10
repl_a,fwd_micro_60s,1692166,24,0.009700452889504267,0.03027026285948569,-0.17607778018560968,0.4751495239476908,-0.3705734117603664,-0.309090909090909,0.16748534127266473,10
depl_b,fwd_mid_100ms,1692166,25,-0.0013996485295389941,-0.006868189661238071,-0.02231284904775428,0.00990485329926186,-2.252718780743285,0.006060606060606061,0.16784641695909266,10
depl_b,fwd_micro_100ms,1692166,25,0.0013721960668386872,-0.009153882342583929,-0.03983318406379585,0.020068272471834098,-1.9848835578499289,-0.23636363636363633,0.16784641695909266,10
depl_b,fwd_mid_300ms,1692166,25,-0.002010581372233671,-0.010538332022457261,-0.049187338832666426,0.020992710586231207,-2.343067543880095,0.43030303030303024,0.16784641695909266,10
depl_b,fwd_micro_300ms,1692166,25,-0.001404201685584727,-0.007784056035762268,-0.07702903402857644,0.047425544877684536,-1.6242097845632015,0.2727272727272727,0.16784641695909266,10
depl_b,fwd_mid_500ms,1692166,25,0.0010478295848862342,-0.015300534190413159,-0.024840825183591743,0.01571248615859059,-1.5809608315874542,0.309090909090909,0.16784641695909266,10
depl_b,fwd_micro_500ms,1692166,25,-0.0006934826644122304,-0.011031694993070943,-0.06104416398494173,0.04321335174118781,-1.4126227548963506,0.2606060606060606,0.16784641695909266,10
depl_b,fwd_mid_1s,1692166,25,0.005067640014009819,-0.02392838690023487,-0.02879747716522953,0.03148609653831501,-0.9146093143107233,0.2606060606060606,0.16784641695909266,10
depl_b,fwd_micro_1s,1692166,25,0.0015132900296901378,-0.015931639502297836,-0.04358797205713959,0.029979734281734192,-1.4539145559971327,0.18787878787878787,0.16784641695909266,10
depl_b,fwd_mid_3s,1692166,25,0.004339623557996188,0.00008131853877755795,0.06386909596958212,0.04892706552277701,1.3053939631807503,0.6,0.16784641695909266,10
depl_b,fwd_micro_3s,1692166,25,-0.0015723985884316925,0.009627473778405832,0.06432593876071277,0.05721300763422367,1.124323670798147,0.7454545454545454,0.16784641695909266,10
depl_b,fwd_mid_5s,1692166,25,0.003662126863194166,-0.00719461028329879,0.039228546806858555,0.06732428710366431,0.582680463388426,0.35757575757575755,0.16784641695909266,10
depl_b,fwd_micro_5s,1692166,25,-0.00012568120376899922,-0.001020903950803187,-0.005599987668160116,0.10454894259344924,-0.05356331235157797,0.406060606060606,0.16784641695909266,10
depl_b,fwd_mid_10s,1692166,25,0.006863815493591865,-0.002248060614002457,0.045947137391376354,0.12706064540793494,0.3616158035704969,0.43030303030303024,0.16784641695909266,10
depl_b,fwd_micro_10s,1692166,25,0.0003955214768222769,0.0031961225880565887,0.006130764634488046,0.1776083506585875,0.0345184481008614,0.6606060606060605,0.16784641695909266,10
depl_b,fwd_mid_30s,1692166,25,0.012847426309625655,0.004721400963983478,0.19718513481772384,0.23640030422750166,0.8341154021018569,0.4787878787878787,0.16784641695909266,10
depl_b,fwd_micro_30s,1692166,25,0.00876405354944646,0.008252051959750895,0.13703830648881377,0.2530889617635087,0.5414629920401864,0.5151515151515151,0.16784641695909266,10
depl_b,fwd_mid_60s,1692166,25,0.022339837110966227,0.042186623292067994,0.4622423605489267,0.40179696301604395,1.1504376665247944,0.6484848484848483,0.16784641695909266,10
depl_b,fwd_micro_60s,1692166,25,0.02036995004079505,0.04870679974329728,0.36580355942907866,0.41118283455042104,0.8896372335898721,0.6606060606060605,0.16784641695909266,10
depl_a,fwd_mid_100ms,1692166,22,-0.00046832223191307947,0.0023315217287571605,0.24696026762884984,0.2347076013750842,1.0522039600847215,0.28484848484848485,0.1671827704846924,10
depl_a,fwd_micro_100ms,1692166,22,0.0003307630857432086,0.0003240320855932297,0.4320752879044264,0.43303422757328774,0.99778553378047,0.11515151515151514,0.1671827704846924,10
depl_a,fwd_mid_300ms,1692166,22,-0.0010954603485475978,0.008653176768917008,0.5302753983304652,0.46827878970893877,1.1323925191231932,-0.0303030303030303,0.1671827704846924,10
depl_a,fwd_micro_300ms,1692166,22,0.00007057405271242734,0.006350154309885233,-0.006615294436619676,0.16228163213483443,-0.04076428336093667,-0.05454545454545454,0.1671827704846924,10
depl_a,fwd_mid_500ms,1692166,22,0.0004011438829126736,0.01091844893983561,0.3897929442262768,0.29784546072528956,1.308708695029577,-0.34545454545454546,0.1671827704846924,10
depl_a,fwd_micro_500ms,1692166,22,0.002645051198031397,0.006186301271888522,0.25967217281774346,0.44993548727184474,0.5771320115073589,-0.1515151515151515,0.1671827704846924,10
depl_a,fwd_mid_1s,1692166,22,0.0023924063108918376,0.00034783565404825106,0.7878811441934992,0.6831508304872532,1.1533048179587921,-0.5757575757575757,0.1671827704846924,10
depl_a,fwd_micro_1s,1692166,22,0.002882740853715679,-0.0029069286980273677,0.617654731703836,0.7073667866873914,0.8731746292419549,-0.709090909090909,0.1671827704846924,10
depl_a,fwd_mid_3s,1692166,22,0.0032643998922181373,0.021803024171564156,0.8469699977309301,0.7674528408257539,1.103611782607539,-0.17575757575757575,0.1671827704846924,10
depl_a,fwd_micro_3s,1692166,22,0.0017567122555891003,0.01771615317309596,0.7411111287145821,0.7687180649804547,0.96408704631317,-0.11515151515151514,0.1671827704846924,10
depl_a,fwd_mid_5s,1692166,22,0.007217793539558229,0.008382860997966519,1.0860137926688351,0.7944240975480779,1.3670453804469476,-0.33333333333333326,0.1671827704846924,10
depl_a,fwd_micro_5s,1692166,22,0.006539349242063409,0.0021435961228492228,0.8478165723848909,0.7502216825855559,1.1300880687198818,-0.4666666666666666,0.1671827704846924,10
depl_a,fwd_mid_10s,1692166,22,0.0160560114294068,0.0022312521055682546,1.1317775641040029,0.8282044342825837,1.3665437146377797,-0.4787878787878787,0.1671827704846924,10
depl_a,fwd_micro_10s,1692166,22,0.013556731465033302,-0.0013586867599225045,0.911008797779332,0.7741671755486661,1.1767597833551697,-0.4545454545454545,0.1671827704846924,10
depl_a,fwd_mid_30s,1692166,22,0.015207423939112678,0.023922220198284966,0.3154195897050425,0.31695909446129455,0.9951428913599448,-0.24848484848484845,0.1671827704846924,10
depl_a,fwd_micro_30s,1692166,22,0.014738438136279194,0.018650199377187704,0.09197586395052758,0.3111977226482333,0.2955544249097664,-0.18787878787878787,0.1671827704846924,10
depl_a,fwd_mid_60s,1692166,22,0.014817524633519756,0.04811282500303873,0.16650781535288942,0.41068559840241076,0.40543865185585726,-0.22424242424242422,0.1671827704846924,10
depl_a,fwd_micro_60s,1692166,22,0.011918118389934606,0.045514299157511096,-0.05503578411761759,0.42786769058573143,-0.1286280439690973,-0.09090909090909088,0.1671827704846924,10
repl_depl_ratio,fwd_mid_100ms,1397300,74,0.0008921085941058401,-0.002725597646700337,-0.003533508722359746,0.0032691284870928635,-1.0808717786133846,-0.06666666666666665,0.11087955342446146,10
repl_depl_ratio,fwd_micro_100ms,1397300,74,0.0018652886676278797,-0.00314447363880885,-0.003632404384666507,0.0038762758683928474,-0.9370861383435404,-0.12727272727272726,0.11087955342446146,10
repl_depl_ratio,fwd_mid_300ms,1397300,74,0.0033165075881691633,-0.003899570119865758,-0.006967924819875515,0.004669116632214321,-1.492343277912719,-0.309090909090909,0.11087955342446146,10
repl_depl_ratio,fwd_micro_300ms,1397300,74,0.002940163170723705,-0.0006670872521408104,-0.001870069976286252,0.004678704833279348,-0.3996982162637309,0.06666666666666665,0.11087955342446146,10
repl_depl_ratio,fwd_mid_500ms,1397300,74,0.0030615904321131173,-0.004247053315012791,-0.008113201395022501,0.00609443187098344,-1.3312481896221935,0.09090909090909088,0.11087955342446146,10
repl_depl_ratio,fwd_micro_500ms,1397300,74,0.0050336025174123195,-0.0013568913148576914,-0.005906812298217123,0.006639589275425293,-0.8896351947671894,0.2121212121212121,0.11087955342446146,10
repl_depl_ratio,fwd_mid_1s,1397300,74,0.005525704834871729,-0.0041539958870669665,-0.011778836723750997,0.007140031950495628,-1.649689638004122,0.11515151515151514,0.11087955342446146,10
repl_depl_ratio,fwd_micro_1s,1397300,74,0.008308093540791582,-0.003000441020770288,-0.012517151462385247,0.00712107553153855,-1.7577613672187582,-0.19999999999999998,0.11087955342446146,10
repl_depl_ratio,fwd_mid_3s,1397300,74,0.010678991149671649,-0.000834152342557385,-0.01087157439114526,0.009383676976884414,-1.1585623011028734,-0.16363636363636364,0.11087955342446146,10
repl_depl_ratio,fwd_micro_3s,1397300,74,0.012513925151511032,0.00018486775033270966,-0.012753166522223362,0.010630915835898005,-1.1996300901150054,-0.16363636363636364,0.11087955342446146,10
repl_depl_ratio,fwd_mid_5s,1397300,74,0.001528426644096408,-0.004205449894143353,-0.0005936449229040703,0.01335149027781035,-0.044462821044830084,0.06666666666666665,0.11087955342446146,10
repl_depl_ratio,fwd_micro_5s,1397300,74,-0.000534634556014533,-0.00294737630451261,0.004638078527846448,0.014419546705775284,0.3216521727405492,-0.23636363636363633,0.11087955342446146,10
repl_depl_ratio,fwd_mid_10s,1397300,74,0.0011648908826541581,0.005489278507134616,0.014465956315030217,0.019088778174414536,0.7578251568987022,0.17575757575757575,0.11087955342446146,10
repl_depl_ratio,fwd_micro_10s,1397300,74,0.0003468032829776117,0.0032526376958235954,0.010025739277959954,0.020113621797032067,0.498455195147367,-0.17575757575757575,0.11087955342446146,10
repl_depl_ratio,fwd_mid_30s,1397300,74,-0.013031259158889098,0.00956789166833594,0.03820178645954322,0.03052401461479184,1.2515321769316265,-0.16363636363636364,0.11087955342446146,10
repl_depl_ratio,fwd_micro_30s,1397300,74,-0.011906747108667402,0.007106169760461791,0.035098369652374097,0.030531114708549356,1.1495934553135005,-0.29696969696969694,0.11087955342446146,10
repl_depl_ratio,fwd_mid_60s,1397300,74,0.03602533074636314,0.013231067428713968,-0.022138284173929098,0.04232478856648696,-0.5230571710748801,-0.406060606060606,0.11087955342446146,10
repl_depl_ratio,fwd_micro_60s,1397300,74,0.03250439907956236,0.008476597076882603,-0.023826144139923122,0.04362172191899903,-0.5461990744924232,-0.3696969696969697,0.11087955342446146,10
add_cancel_ratio,fwd_mid_100ms,1397286,74,0.0008921154588559005,-0.00275197348407737,-0.003553406688243284,0.003268640127294279,-1.0871208055518577,-0.13939393939393938,0.11088352706604088,10
add_cancel_ratio,fwd_micro_100ms,1397286,74,0.0018653030209707109,-0.0031672816640458197,-0.0036556063103104094,0.003876534427306608,-0.9430088598104627,-0.12727272727272726,0.11088352706604088,10
add_cancel_ratio,fwd_mid_300ms,1397286,74,0.0033165331085999905,-0.003960439623598352,-0.007022905963707684,0.0046670924652551776,-1.5047711216331559,-0.309090909090909,0.11088352706604088,10
add_cancel_ratio,fwd_micro_300ms,1397286,74,0.0029401857951950276,-0.0007141898319500983,-0.0019185354563829634,0.004678012889386574,-0.4101176079988399,0.04242424242424241,0.11088352706604088,10
add_cancel_ratio,fwd_mid_500ms,1397286,74,0.003061613990963736,-0.004336520290067071,-0.008196653637039196,0.006092906313873081,-1.3452781340779922,0.09090909090909088,0.11088352706604088,10
add_cancel_ratio,fwd_micro_500ms,1397286,74,0.005033641250839408,-0.0014095658956791495,-0.005971376992507984,0.0066404500951585755,-0.8992428083845703,0.2121212121212121,0.11088352706604088,10
add_cancel_ratio,fwd_mid_1s,1397286,74,0.005519121184908724,-0.004200263687810648,-0.011837284809233151,0.007137702574438238,-1.6584166523868902,0.13939393939393938,0.11088352706604088,10
add_cancel_ratio,fwd_micro_1s,1397286,74,0.008298884836309448,-0.0030480157126906767,-0.012572427306023001,0.007118940511604586,-1.7660531487134477,-0.19999999999999998,0.11088352706604088,10
add_cancel_ratio,fwd_mid_3s,1397286,74,0.010669134283003473,-0.0007956461267336788,-0.010851934121672364,0.009395847509879516,-1.154971290270708,-0.16363636363636364,0.11088352706604088,10
add_cancel_ratio,fwd_micro_3s,1397286,74,0.012501555039078958,0.00022961961339274233,-0.0127294267490604,0.010645280216995599,-1.1957812748543135,-0.16363636363636364,0.11088352706604088,10
add_cancel_ratio,fwd_mid_5s,1397286,74,0.0015184993640966517,-0.004194603721596026,-0.0005845843902630242,0.013383805008796256,-0.04367848977766914,0.06666666666666665,0.11088352706604088,10
add_cancel_ratio,fwd_micro_5s,1397286,74,-0.000547105076739534,-0.0029259984228718304,0.004674881004494915,0.01444214148306186,0.323697216924356,-0.23636363636363633,0.11088352706604088,10
add_cancel_ratio,fwd_mid_10s,1397286,74,0.001154960805257137,0.005608833505937664,0.014617537477097996,0.019051852355853677,0.7672501972023084,0.17575757575757575,0.11088352706604088,10
add_cancel_ratio,fwd_micro_10s,1397286,74,0.0003343395448915147,0.003359754846956406,0.010170626529072822,0.020069210907637938,0.5067775995717941,-0.17575757575757575,0.11088352706604088,10
add_cancel_ratio,fwd_mid_30s,1397286,74,-0.013061172707217118,0.009838099111535555,0.03843729824607495,0.030577274759142736,1.257054415373693,-0.16363636363636364,0.11088352706604088,10
add_cancel_ratio,fwd_micro_30s,1397286,74,-0.011947282467863035,0.0073528143465728096,0.03532930953911315,0.030579287016607812,1.1553346394219581,-0.22424242424242422,0.11088352706604088,10
add_cancel_ratio,fwd_mid_60s,1397286,74,0.035995794687088294,0.014038561374575712,-0.02138012892301934,0.042438126776254824,-0.503795302647101,-0.3939393939393939,0.11088352706604088,10
add_cancel_ratio,fwd_micro_60s,1397286,74,0.03246420546286365,0.00927387043371512,-0.023084777957800624,0.043722529937364564,-0.5279835817111019,-0.3696969696969697,0.11088352706604088,10
cancel_add_ratio,fwd_mid_100ms,1412981,73,-0.0037213633167895994,0.0013257124084558249,0.004464995481921422,0.003402841278326595,1.3121374512410875,0.16363636363636364,0.10832346648681052,10
cancel_add_ratio,fwd_micro_100ms,1412981,73,-0.004056381784488851,-0.0003146975137489026,0.004254642186838564,0.004048212545599453,1.0509927872891722,0.09090909090909088,0.10832346648681052,10
cancel_add_ratio,fwd_mid_300ms,1412981,73,-0.004830805338062267,0.0006156119146171297,0.00533190196577543,0.0037382063852023097,1.42632626889777,0.16363636363636364,0.10832346648681052,10
cancel_add_ratio,fwd_micro_300ms,1412981,73,-0.002558343897942738,-0.00025407629991177293,0.0035961961597396237,0.004605039719884836,0.7809261979242078,0.24848484848484845,0.10832346648681052,10
cancel_add_ratio,fwd_mid_500ms,1412981,73,-0.004256387364884977,0.0007867851131084936,0.004157162737858662,0.005268618045011705,0.7890423451353885,0.006060606060606061,0.10832346648681052,10
cancel_add_ratio,fwd_micro_500ms,1412981,73,-0.004012241872809251,0.0032863413528731087,0.007500415683566265,0.006591971258903057,1.1378107380908664,0.04242424242424241,0.10832346648681052,10
cancel_add_ratio,fwd_mid_1s,1412981,73,-0.00617685068431082,0.0041832112518444976,0.012319227641153218,0.006303816408200172,1.9542491156830073,-0.18787878787878787,0.10832346648681052,10
cancel_add_ratio,fwd_micro_1s,1412981,73,-0.005811536652950856,0.010054760523798986,0.018164638823894047,0.007027677964530397,2.584728400415235,-0.09090909090909088,0.10832346648681052,10
cancel_add_ratio,fwd_mid_3s,1412981,73,-0.003175868189683744,0.009024085796941533,0.015578872771796743,0.008725064287404076,1.785531001105305,-0.06666666666666665,0.10832346648681052,10
cancel_add_ratio,fwd_micro_3s,1412981,73,-0.00804309482933499,0.009816554171017301,0.02662671122838111,0.010466807378192248,2.5439191021952183,0.2606060606060606,0.10832346648681052,10
cancel_add_ratio,fwd_mid_5s,1412981,73,0.00023971573601745642,-0.0010530704572714593,0.004136027742235296,0.013703124080137621,0.30183100715189304,-0.28484848484848485,0.10832346648681052,10
cancel_add_ratio,fwd_micro_5s,1412981,73,-0.002103588089727881,0.00035254855852014783,0.011542814966938257,0.014924359023432615,0.7734211532177011,-0.06666666666666665,0.10832346648681052,10
cancel_add_ratio,fwd_mid_10s,1412981,73,0.008738388379470375,-0.010333343102043294,-0.008503653697181103,0.01885828816872664,-0.4509239450101844,-0.2727272727272727,0.10832346648681052,10
cancel_add_ratio,fwd_micro_10s,1412981,73,0.004340165300237355,-0.010961779470463343,0.00010296478272332576,0.019210180114527253,0.005359907200737854,-0.2727272727272727,0.10832346648681052,10
cancel_add_ratio,fwd_mid_30s,1412981,73,0.013785224243355843,-0.012255064001556794,-0.0024043026856692515,0.033116645080082135,-0.07260103430933917,-0.0303030303030303,0.10832346648681052,10
cancel_add_ratio,fwd_micro_30s,1412981,73,0.009494757295383582,-0.011323891698975849,0.006475023305540343,0.033733949913488756,0.1919438228296906,0.13939393939393938,0.10832346648681052,10
cancel_add_ratio,fwd_mid_60s,1412981,73,0.014944685180950018,0.024845100444255957,0.04181579910254341,0.041625558481851385,1.004570283922436,0.41818181818181815,0.10832346648681052,10
cancel_add_ratio,fwd_micro_60s,1412981,73,0.01191448972430724,0.020752183152609426,0.04794550433769659,0.04200271009179203,1.1414859715698649,0.4666666666666666,0.10832346648681052,10
cancel_intensity,fwd_mid_100ms,1692166,89,0.0005721744539013621,-0.0023875741963882437,-0.012541893357210081,0.020829846176764383,-0.6021116647131325,-0.2121212121212121,0.19479235488716828,10
cancel_intensity,fwd_micro_100ms,1692166,89,0.0002796743012146415,-0.00333047671120918,-0.014106363898306459,0.0218142649011916,-0.6466577701426878,-0.35757575757575755,0.19479235488716828,10
cancel_intensity,fwd_mid_300ms,1692166,89,0.0001818871635241038,0.0003564565657741228,-0.00878180879143428,0.019804190213686096,-0.44343185440450017,0.006060606060606061,0.19479235488716828,10
cancel_intensity,fwd_micro_300ms,1692166,89,-0.00006575232845389743,0.00116776558530714,-0.01754439342686845,0.025881764561727118,-0.6778669740629807,0.17575757575757575,0.19479235488716828,10
cancel_intensity,fwd_mid_500ms,1692166,89,0.0005775321583552976,0.000896047685104127,-0.032730232113203486,0.039119172888649904,-0.836680064948405,0.006060606060606061,0.19479235488716828,10
cancel_intensity,fwd_micro_500ms,1692166,89,0.0009319376434673918,0.0017389055715517053,-0.03201250797303123,0.03805732788897178,-0.8411654140938198,-0.0303030303030303,0.19479235488716828,10
cancel_intensity,fwd_mid_1s,1692166,89,0.0025118826268249145,-0.0034088490193218733,-0.026138531608531128,0.05930568028722425,-0.4407424631492161,-0.4424242424242424,0.19479235488716828,10
cancel_intensity,fwd_micro_1s,1692166,89,0.0031614190919846794,-0.0016971742835851014,-0.017999647503948498,0.061197462191874864,-0.29412408389605244,-0.4545454545454545,0.19479235488716828,10
cancel_intensity,fwd_mid_3s,1692166,89,0.003293688662303463,0.016266621112966638,0.0917538685311479,0.049010342426898786,1.8721327782600803,0.6484848484848483,0.19479235488716828,10
cancel_intensity,fwd_micro_3s,1692166,89,0.000251460266840233,0.01881865007478981,0.08724607922036015,0.05178577504011944,1.6847498980708298,0.406060606060606,0.19479235488716828,10
cancel_intensity,fwd_mid_5s,1692166,89,0.0012031302904431883,-0.0010988276936754018,0.13367639224998557,0.08451587601703138,1.5816719715837473,0.28484848484848485,0.19479235488716828,10
cancel_intensity,fwd_micro_5s,1692166,89,0.00020895135111734695,-0.0010152786402426593,0.11455042828850952,0.09058027271219103,1.2646288740207379,0.2606060606060606,0.19479235488716828,10
cancel_intensity,fwd_mid_10s,1692166,89,-0.0000574158056531219,0.005540072210753401,0.1889216949920426,0.11836005433983714,1.596160934918193,0.4545454545454545,0.19479235488716828,10
cancel_intensity,fwd_micro_10s,1692166,89,-0.0012359413262900036,0.0050121805356160495,0.18025401685734363,0.11628044270060292,1.5501662418112638,0.2727272727272727,0.19479235488716828,10
cancel_intensity,fwd_mid_30s,1692166,89,-0.008863163747176933,-0.005202734654759512,0.46334483528441783,0.29507465248806025,1.5702630889420988,0.6727272727272726,0.19479235488716828,10
cancel_intensity,fwd_micro_30s,1692166,89,-0.008286610542322187,-0.005838895695415376,0.4249781434468679,0.2771521753477932,1.5333747350659277,0.6363636363636362,0.19479235488716828,10
cancel_intensity,fwd_mid_60s,1692166,89,-0.011615198406871446,-0.011788208203472936,1.0777863746415568,0.5616008208705415,1.9191324773544174,0.4545454545454545,0.19479235488716828,10
cancel_intensity,fwd_micro_60s,1692166,89,-0.009467508670247753,-0.010161261016266153,1.0192872400905915,0.5442622107833299,1.8727870866205856,0.4545454545454545,0.19479235488716828,10
cancel_int_b,fwd_mid_100ms,1692166,83,0.000695173431493405,-0.0034961390425237316,-0.028575949742851107,0.02547546120720133,-1.1217049030214745,-0.22424242424242422,0.19209581093107886,10
cancel_int_b,fwd_micro_100ms,1692166,83,0.0007475051633064871,-0.004488191569365918,-0.031145817612313022,0.02461614202778552,-1.2652599086061949,-0.2121212121212121,0.19209581093107886,10
cancel_int_b,fwd_mid_300ms,1692166,83,-0.00021646459837157585,-0.0029715748327816278,-0.008862957870753708,0.018373964566806112,-0.4823650246264913,-0.09090909090909088,0.19209581093107886,10
cancel_int_b,fwd_micro_300ms,1692166,83,0.0007036420906709641,-0.0011131794081713949,-0.13040450223966954,0.1336555525094867,-0.9756759056486903,0.1515151515151515,0.19209581093107886,10
cancel_int_b,fwd_mid_500ms,1692166,83,0.0005562940922194608,-0.0024556633665549074,-0.06152681665135203,0.04006793078923364,-1.535562616771926,-0.10303030303030303,0.19209581093107886,10
cancel_int_b,fwd_micro_500ms,1692166,83,0.0010960050746016536,-0.0006867975576168428,0.046845160831799806,0.0894328303945381,0.5238027313363524,-0.0303030303030303,0.19209581093107886,10
cancel_int_b,fwd_mid_1s,1692166,83,0.003334908942798272,-0.007538159188139932,-0.028493422686113323,0.036018129818650865,-0.7910855680063348,-0.5636363636363636,0.19209581093107886,10
cancel_int_b,fwd_micro_1s,1692166,83,0.004107970162162181,-0.005696508171345395,0.03733051452499411,0.06522662570161701,0.5723201855598774,-0.4545454545454545,0.19209581093107886,10
cancel_int_b,fwd_mid_3s,1692166,83,0.004631121860809964,0.011143799975639876,0.03514788136041713,0.13755398893081328,0.2555206260001356,0.5151515151515151,0.19209581093107886,10
cancel_int_b,fwd_micro_3s,1692166,83,0.0012036944571051345,0.015023171233633595,0.017860908239939435,0.15476214081232656,0.11540876952328151,0.5393939393939393,0.19209581093107886,10
cancel_int_b,fwd_mid_5s,1692166,83,0.0021080520815463153,-0.0017462779708319073,0.12369568212277879,0.14191300163277368,0.8716303700126392,0.33333333333333326,0.19209581093107886,10
cancel_int_b,fwd_micro_5s,1692166,83,0.0008030361581879686,-0.0009565137785378495,0.09631926745048923,0.14260174091454575,0.6754424373276667,0.07878787878787878,0.19209581093107886,10
cancel_int_b,fwd_mid_10s,1692166,83,-0.004277597295666503,0.00876692147101394,0.3038136838048882,0.12364986245491434,2.4570482956717066,0.7454545454545454,0.19209581093107886,10
cancel_int_b,fwd_micro_10s,1692166,83,-0.005882685342296966,0.008699531106094987,0.29936978210491094,0.1270287230058134,2.3567093726606263,0.4787878787878787,0.19209581093107886,10
cancel_int_b,fwd_mid_30s,1692166,83,-0.015173134589459186,0.0047615517583345585,0.8405648286442827,0.3564397060520842,2.358224446861867,0.709090909090909,0.19209581093107886,10
cancel_int_b,fwd_micro_30s,1692166,83,-0.01469878522902463,0.003569225069760301,0.8248951285476277,0.3433612224895273,2.4024120212724007,0.6363636363636362,0.19209581093107886,10
cancel_int_b,fwd_mid_60s,1692166,83,-0.01033094133714196,0.010563979190802195,1.3457943987222831,0.6252376384241819,2.152452629234153,0.7454545454545454,0.19209581093107886,10
cancel_int_b,fwd_micro_60s,1692166,83,-0.009452023816093415,0.01109847476025576,1.2529041723543282,0.5846124201405343,2.143136425416935,0.6848484848484848,0.19209581093107886,10
cancel_int_a,fwd_mid_100ms,1692166,84,0.0005051326558152351,-0.0018483885080968552,-0.0030759612035627885,0.013826007907921326,-0.22247645336586852,0.05454545454545454,0.19252661972879728,10
cancel_int_a,fwd_micro_100ms,1692166,84,-0.00001233723896131032,-0.002594983682209608,-0.010310306760182924,0.021655963993011795,-0.476095488684317,-0.06666666666666665,0.19252661972879728,10
cancel_int_a,fwd_mid_300ms,1692166,84,-0.00030048886584077935,0.002037302091801325,-0.026079972094864182,0.03900281114892514,-0.668669035041668,0.3696969696969697,0.19252661972879728,10
cancel_int_a,fwd_micro_300ms,1692166,84,-0.000922232335080036,0.003145827893277356,-0.034166624255669555,0.047030707549157266,-0.7264748083995555,0.32121212121212117,0.19252661972879728,10
cancel_int_a,fwd_mid_500ms,1692166,84,0.00008522913676633822,0.002954281078214575,-0.058945856829873286,0.06616788076257964,-0.8908530264310555,0.10303030303030303,0.19252661972879728,10
cancel_int_a,fwd_micro_500ms,1692166,84,0.0006238277781851656,0.0028771754676881257,-0.08300680111409647,0.07828373580255432,-1.0603326510049875,-0.06666666666666665,0.19252661972879728,10
cancel_int_a,fwd_mid_1s,1692166,84,0.0008051407422579838,-0.0024134893275090945,-0.07357794920013803,0.09820990111627301,-0.7491907472040662,-0.24848484848484845,0.19252661972879728,10
cancel_int_a,fwd_micro_1s,1692166,84,0.0017587326083241506,-0.0022285387514834614,-0.09196066915055212,0.11293103533499793,-0.81430820923372,-0.5393939393939393,0.19252661972879728,10
cancel_int_a,fwd_mid_3s,1692166,84,0.002129514962173773,0.017317822305902838,0.03478952288476806,0.044067633812309666,0.7894574742302162,0.6242424242424242,0.19252661972879728,10
cancel_int_a,fwd_micro_3s,1692166,84,-0.0006841972892885731,0.017426984486720573,0.007129683706309888,0.05879513867827508,0.12126314975330299,0.6,0.19252661972879728,10
cancel_int_a,fwd_mid_5s,1692166,84,0.0000449346192216152,-0.00013658737771326865,0.05289634304273867,0.05943726433961338,0.8899525176747518,0.19999999999999998,0.19252661972879728,10
cancel_int_a,fwd_micro_5s,1692166,84,-0.0009026368902899526,-0.0027685577825802645,-0.018888299914982115,0.07733344568966463,-0.24424490266190838,0.006060606060606061,0.19252661972879728,10
cancel_int_a,fwd_mid_10s,1692166,84,0.0006175844453320526,0.001538065040117052,0.2330794403037204,0.11581186680809007,2.0125695814052675,0.35757575757575755,0.19252661972879728,10
cancel_int_a,fwd_micro_10s,1692166,84,-0.0015290602606619437,-0.0008366724620077133,0.18163317632870962,0.09794649793173867,1.8544121552492288,0.07878787878787878,0.19252661972879728,10
cancel_int_a,fwd_mid_30s,1692166,84,-0.006200426298846704,-0.015031664518033313,0.45582162969399914,0.3098379994015119,1.471161157038425,0.4545454545454545,0.19252661972879728,10
cancel_int_a,fwd_micro_30s,1692166,84,-0.006825634974170882,-0.017798695091080254,0.37770726862398235,0.26068616082033336,1.44889651002341,0.406060606060606,0.19252661972879728,10
cancel_int_a,fwd_mid_60s,1692166,84,0.004209799867513801,-0.014755511735746787,1.1155553445899253,0.6629516736890925,1.6827099000780146,0.33333333333333326,0.19252661972879728,10
cancel_int_a,fwd_micro_60s,1692166,84,0.00487731416699592,-0.015346687127831916,1.0549450952033061,0.616976366004167,1.7098630568876296,0.33333333333333326,0.19252661972879728,10
cancel_rate,fwd_mid_100ms,1692166,61,-0.00013122223132662,-0.003041821344510012,-0.011497697452676047,0.007709282812885328,-1.4914094776051992,0.05454545454545454,0.14944101228839252,10
cancel_rate,fwd_micro_100ms,1692166,61,0.0007465798436129771,-0.006469186906052585,-0.00876598572900519,0.007311386446334308,-1.198949856275231,0.13939393939393938,0.14944101228839252,10
cancel_rate,fwd_mid_300ms,1692166,61,0.0006677538254179388,-0.0029312651174276255,-0.013575535094619347,0.01286029010600238,-1.055616551626867,0.11515151515151514,0.14944101228839252,10
cancel_rate,fwd_micro_300ms,1692166,61,0.000660885181322036,-0.00213160493154254,-0.007365826713872222,0.022301413621263717,-0.3302851935291282,0.1515151515151515,0.14944101228839252,10
cancel_rate,fwd_mid_500ms,1692166,61,0.0010205009926598325,-0.00748642735971887,-0.01617106759731943,0.014984147763497302,-1.0792117010961124,0.33333333333333326,0.14944101228839252,10
cancel_rate,fwd_micro_500ms,1692166,61,0.0012761437306619695,-0.00856888868303623,-0.015128159931149968,0.022910391144450416,-0.6603187102204696,0.29696969696969694,0.14944101228839252,10
cancel_rate,fwd_mid_1s,1692166,61,0.0018527581715858626,-0.016142566552263864,-0.001705991837068593,0.02726900788511131,-0.06256156601869087,0.06666666666666665,0.14944101228839252,10
cancel_rate,fwd_micro_1s,1692166,61,0.002751045267539962,-0.01510430988588259,0.008868985432434206,0.03310743885696335,0.26788497505807,0.07878787878787878,0.14944101228839252,10
cancel_rate,fwd_mid_3s,1692166,61,0.0034694727540262008,0.0003549139834425436,0.06728262912178413,0.060305463759221425,1.1156970683522158,0.5636363636363636,0.14944101228839252,10
cancel_rate,fwd_micro_3s,1692166,61,-0.0023299009742295046,0.0011018924057316537,0.09066862802430377,0.06913193133077578,1.311530377915833,0.7212121212121211,0.14944101228839252,10
cancel_rate,fwd_mid_5s,1692166,61,0.002081652320136766,-0.013870264796802307,0.024191427792187133,0.06108521659664714,0.39602753562987214,0.18787878787878787,0.14944101228839252,10
cancel_rate,fwd_micro_5s,1692166,61,-0.0011618477220020902,-0.015892452885045077,0.03971967581395387,0.06874127246768892,0.5778140902559473,0.23636363636363633,0.14944101228839252,10
cancel_rate,fwd_mid_10s,1692166,61,0.0011634577574355142,-0.007177692681627887,0.045486607060768326,0.0720218884769417,0.6315664310209135,0.33333333333333326,0.14944101228839252,10
cancel_rate,fwd_micro_10s,1692166,61,-0.0024608287795334746,-0.006470991618997238,0.05879377038702035,0.08022579510045783,0.7328536951662424,0.38181818181818183,0.14944101228839252,10
cancel_rate,fwd_mid_30s,1692166,61,-0.005913615457667861,0.0058788057859703105,0.104321291849269,0.14935665760048045,0.6984709856611937,0.5878787878787878,0.14944101228839252,10
cancel_rate,fwd_micro_30s,1692166,61,-0.01070723858018612,0.005610622238359598,0.13309437047987405,0.1575017546577928,0.8450342078350228,0.6484848484848483,0.14944101228839252,10
cancel_rate,fwd_mid_60s,1692166,61,-0.011487917271180101,0.017500558769727597,0.12559890391137254,0.26291248824674407,0.4777213313408591,0.5393939393939393,0.14944101228839252,10
cancel_rate,fwd_micro_60s,1692166,61,-0.014625180951426953,0.01913482443112799,0.14414328448187003,0.26870080128604307,0.5364453093998166,0.4545454545454545,0.14944101228839252,10
cancel_to_depth,fwd_mid_100ms,1692165,61,0.00035743579481404506,0.0016533046099288765,0.004408846206713128,0.0038511338662441975,1.144817697810343,0.35757575757575755,0.13404307499564166,10
cancel_to_depth,fwd_micro_100ms,1692165,61,0.000999365892367061,-0.00321238211416489,-0.003234287886556738,0.006043912621196054,-0.5351314767877454,-0.13939393939393938,0.13404307499564166,10
cancel_to_depth,fwd_mid_300ms,1692165,61,0.001260714821590023,0.007246005911809413,0.007946599480214518,0.00862680625584895,0.9211519587363801,0.49090909090909085,0.13404307499564166,10
cancel_to_depth,fwd_micro_300ms,1692165,61,0.001742122266481842,0.005745889913475477,-0.0009173870518519458,0.011976185440682501,-0.07660093912170297,0.29696969696969694,0.13404307499564166,10
cancel_to_depth,fwd_mid_500ms,1692165,61,0.0019858502396382246,0.004380314921647845,0.011768684066977491,0.008883786515300307,1.32473737934929,0.5151515151515151,0.13404307499564166,10
cancel_to_depth,fwd_micro_500ms,1692165,61,0.002371344417859978,0.006314572224765101,0.006562632774931894,0.012422940377069081,0.5282672681135577,0.32121212121212117,0.13404307499564166,10
cancel_to_depth,fwd_mid_1s,1692165,61,0.002524550860794967,-0.003952069039702486,0.0073591032657888324,0.01299004283966368,0.5665187833960494,-0.17575757575757575,0.13404307499564166,10
cancel_to_depth,fwd_micro_1s,1692165,61,0.0030182215629495327,-0.003362887281535022,0.0054688876919222335,0.012474049654124013,0.43842118987510836,-0.07878787878787878,0.13404307499564166,10
cancel_to_depth,fwd_mid_3s,1692165,61,0.0044331064077358165,0.015084163652196458,0.038651352261663344,0.020128606611568664,1.9202199639317787,0.6606060606060605,0.13404307499564166,10
cancel_to_depth,fwd_micro_3s,1692165,61,-0.0006706237223888205,0.013119401584728468,0.03378552521261641,0.020423485191559083,1.6542487678146032,0.6,0.13404307499564166,10
cancel_to_depth,fwd_mid_5s,1692165,61,-0.0015690852846341095,-0.000134841403875256,0.021876248632273217,0.023831050965182107,0.9179724664361251,0.5757575757575757,0.13404307499564166,10
cancel_to_depth,fwd_micro_5s,1692165,61,-0.005559476930781936,-0.00701196668845841,0.014271857584458788,0.022424953675214312,0.6364275169153674,0.19999999999999998,0.13404307499564166,10
cancel_to_depth,fwd_mid_10s,1692165,61,-0.0021576821572361197,-0.006175877582778126,0.006766848619886243,0.032582261230199,0.2076850520618367,0.11515151515151514,0.13404307499564166,10
cancel_to_depth,fwd_micro_10s,1692165,61,-0.007297276350510207,-0.01180637230449278,0.0008224617790887045,0.03213817924224369,0.025591424233754607,0.12727272727272726,0.13404307499564166,10
cancel_to_depth,fwd_mid_30s,1692165,61,-0.012109834525052123,0.002329533912556079,0.02016261897163726,0.08345740572800525,0.24159172928702027,0.6,0.13404307499564166,10
cancel_to_depth,fwd_micro_30s,1692165,61,-0.018485000225945628,-0.00454799584789932,0.02254516701170581,0.0833739279485041,0.27041027772651943,0.41818181818181815,0.13404307499564166,10
cancel_to_depth,fwd_mid_60s,1692165,61,-0.02681843022053883,0.018855045028626775,0.0424566267283151,0.15214999294343448,0.2790445527269883,0.309090909090909,0.13404307499564166,10
cancel_to_depth,fwd_micro_60s,1692165,61,-0.030761592044666802,0.013376277988833367,0.03771772832885254,0.15363937927255922,0.24549518819612362,0.309090909090909,0.13404307499564166,10
cancel_z,fwd_mid_100ms,1692166,96,-0.002625409628516055,-0.0017340618889065762,0.0007741363702784022,0.00330613990130501,0.2341511228768125,-0.1515151515151515,0.12603905290615697,10
cancel_z,fwd_micro_100ms,1692166,96,-0.002890560094345926,-0.005608176490744754,-0.0015121404440260613,0.003831209755709738,-0.39469006931100137,-0.24848484848484845,0.12603905290615697,10
cancel_z,fwd_mid_300ms,1692166,96,-0.000045579793279306446,-0.0026749070223409488,0.010714115242854039,0.015473108976079763,0.6924345494765943,0.006060606060606061,0.12603905290615697,10
cancel_z,fwd_micro_300ms,1692166,96,0.0014782327235586588,-0.004377197291893162,0.004143226146014334,0.01458366541213895,0.2841004664414237,-0.18787878787878787,0.12603905290615697,10
cancel_z,fwd_mid_500ms,1692166,96,-0.002081141526695079,-0.005156071375955287,0.014368604610324723,0.018356173819315348,0.7827668637134667,0.01818181818181818,0.12603905290615697,10
cancel_z,fwd_micro_500ms,1692166,96,0.0010689464744130725,-0.006940288262233665,0.009202673385347715,0.01606913932099319,0.5726923640101294,-0.32121212121212117,0.12603905290615697,10
cancel_z,fwd_mid_1s,1692166,96,-0.0063278549818065605,-0.012240398263504752,0.015909141225423116,0.018926678834302282,0.8405669776881166,-0.18787878787878787,0.12603905290615697,10
cancel_z,fwd_micro_1s,1692166,96,-0.0060805241180168345,-0.010054701194236309,0.020644245326107435,0.019463037231175342,1.0606898132548432,-0.06666666666666665,0.12603905290615697,10
cancel_z,fwd_mid_3s,1692166,96,0.00029266174796716536,-0.00570103318593351,0.0033694617635125906,0.018155150299557807,0.18559261189893086,0.07878787878787878,0.12603905290615697,10
cancel_z,fwd_micro_3s,1692166,96,-0.0007175204329238926,-0.009902013962933602,0.004203167481805027,0.01890508644853885,0.22232997946062735,0.09090909090909088,0.12603905290615697,10
cancel_z,fwd_mid_5s,1692166,96,-0.007432204396486069,-0.01166244840950437,0.008798133820082168,0.021602749012263493,0.40726917741291285,0.006060606060606061,0.12603905290615697,10
cancel_z,fwd_micro_5s,1692166,96,-0.006938866232863827,-0.012377064029602687,0.014670492808133921,0.021822916930247262,0.6722516909643801,0.006060606060606061,0.12603905290615697,10
cancel_z,fwd_mid_10s,1692166,96,0.0007832154475470531,0.0005682274965111534,0.0025978334672481554,0.029029905569084108,0.0894881818015544,0.24848484848484845,0.12603905290615697,10
cancel_z,fwd_micro_10s,1692166,96,0.000293665478270448,0.00011759131422329469,0.013464440042262682,0.03075783345382039,0.43775645194509893,0.2606060606060606,0.12603905290615697,10
cancel_z,fwd_mid_30s,1692166,96,-0.03596462680883064,0.029861300780631858,0.05961380755497375,0.05382825508169833,1.1074817020260892,0.9757575757575757,0.12603905290615697,10
cancel_z,fwd_micro_30s,1692166,96,-0.03704944086603505,0.031169678247934294,0.06364693769821979,0.05322523815677462,1.1958037183553432,0.9636363636363635,0.12603905290615697,10
cancel_z,fwd_mid_60s,1692166,96,-0.0823277355141951,0.08453114380364996,0.094150279353524,0.10150724871974269,0.9275227192244075,0.9393939393939393,0.12603905290615697,10
cancel_z,fwd_micro_60s,1692166,96,-0.08521091921848946,0.08738623059398071,0.10449109752766701,0.1013103983070286,1.031395584992165,0.9393939393939393,0.12603905290615697,10
cancel_burst,fwd_mid_100ms,1692166,0,NaN,0.00001929972642035465,NaN,NaN,NaN,NaN,1.0,1
cancel_burst,fwd_micro_100ms,1692166,0,NaN,-0.0005665004100961597,NaN,NaN,NaN,NaN,1.0,1
cancel_burst,fwd_mid_300ms,1692166,0,NaN,0.0000445886466332111,NaN,NaN,NaN,NaN,1.0,1
cancel_burst,fwd_micro_300ms,1692166,0,NaN,-0.000025121275817918956,NaN,NaN,NaN,NaN,1.0,1
cancel_burst,fwd_mid_500ms,1692166,0,NaN,-0.00030523325130969156,NaN,NaN,NaN,NaN,1.0,1
cancel_burst,fwd_micro_500ms,1692166,0,NaN,-0.00019191560400850092,NaN,NaN,NaN,NaN,1.0,1
cancel_burst,fwd_mid_1s,1692166,0,NaN,-0.001582529180604096,NaN,NaN,NaN,NaN,1.0,1
cancel_burst,fwd_micro_1s,1692166,0,NaN,-0.0007802562761396207,NaN,NaN,NaN,NaN,1.0,1
cancel_burst,fwd_mid_3s,1692166,0,NaN,0.004879088992298351,NaN,NaN,NaN,NaN,1.0,1
cancel_burst,fwd_micro_3s,1692166,0,NaN,0.004686948447623532,NaN,NaN,NaN,NaN,1.0,1
cancel_burst,fwd_mid_5s,1692166,0,NaN,0.00010130617074419619,NaN,NaN,NaN,NaN,1.0,1
cancel_burst,fwd_micro_5s,1692166,0,NaN,0.00008748432779614127,NaN,NaN,NaN,NaN,1.0,1
cancel_burst,fwd_mid_10s,1692166,0,NaN,0.00029620037383089575,NaN,NaN,NaN,NaN,1.0,1
cancel_burst,fwd_micro_10s,1692166,0,NaN,0.00028677208224150546,NaN,NaN,NaN,NaN,1.0,1
cancel_burst,fwd_mid_30s,1692166,0,NaN,0.0016571868586518575,NaN,NaN,NaN,NaN,1.0,1
cancel_burst,fwd_micro_30s,1692166,0,NaN,0.0015384171005431641,NaN,NaN,NaN,NaN,1.0,1
cancel_burst,fwd_mid_60s,1692166,0,NaN,0.0025111988587967556,NaN,NaN,NaN,NaN,1.0,1
cancel_burst,fwd_micro_60s,1692166,0,NaN,0.0023234538463294757,NaN,NaN,NaN,NaN,1.0,1
cancel_shock_b,fwd_mid_100ms,1692166,95,0.002443418762355811,-0.01208891067261652,-0.014882921219713909,0.0034727366359013057,-4.285646387881421,-0.7575757575757575,0.13065503029844588,10
cancel_shock_b,fwd_micro_100ms,1692166,95,0.001538576931182647,-0.01575689042999299,-0.016527471624732806,0.004304458115792132,-3.8396172480101654,-0.6969696969696969,0.13065503029844588,10
cancel_shock_b,fwd_mid_300ms,1692166,95,0.005226927253979695,-0.027133009338017537,-0.027130355405458252,0.01109220660907093,-2.4458934422724985,-0.32121212121212117,0.13065503029844588,10
cancel_shock_b,fwd_micro_300ms,1692166,95,0.0032847026627102157,-0.024794767626617437,-0.026676204465476857,0.010991010442981895,-2.427092996032085,0.12727272727272726,0.13065503029844588,10
cancel_shock_b,fwd_mid_500ms,1692166,95,0.00433133725978881,-0.034209560091265544,-0.03113996137092803,0.012925190009526888,-2.4092459258220122,0.0303030303030303,0.13065503029844588,10
cancel_shock_b,fwd_micro_500ms,1692166,95,0.001754544501213985,-0.027705768059121463,-0.01927911808493707,0.012690540233390524,-1.5191723701573483,0.2606060606060606,0.13065503029844588,10
cancel_shock_b,fwd_mid_1s,1692166,95,-0.001006237684174127,-0.038488250725565526,-0.02759667041573783,0.014239451544732556,-1.9380430720273325,0.2121212121212121,0.13065503029844588,10
cancel_shock_b,fwd_micro_1s,1692166,95,-0.005053280955479052,-0.028552670976512293,-0.012407231544119879,0.015360176302068112,-0.8077531989297125,0.406060606060606,0.13065503029844588,10
cancel_shock_b,fwd_mid_3s,1692166,95,-0.0023049149450044353,-0.028091907520885372,-0.036515332489617455,0.01827896129680161,-1.9976699932072608,0.2606060606060606,0.13065503029844588,10
cancel_shock_b,fwd_micro_3s,1692166,95,-0.005506956115516078,-0.019722078063530372,-0.019918659069974143,0.017548134963577686,-1.1350869543297128,0.32121212121212117,0.13065503029844588,10
cancel_shock_b,fwd_mid_5s,1692166,95,-0.012453187550284446,-0.025505174831510262,-0.0240826584791243,0.022977618019020013,-1.0480920371811202,0.34545454545454546,0.13065503029844588,10
cancel_shock_b,fwd_micro_5s,1692166,95,-0.012895158655708694,-0.014664225890213498,-0.008779578275137088,0.021844108199613153,-0.4019197394056384,0.43030303030303024,0.13065503029844588,10
cancel_shock_b,fwd_mid_10s,1692166,95,-0.01113478597587039,-0.012472809804152113,-0.014556597518877609,0.02996191468183328,-0.48583669212914715,0.5393939393939393,0.13065503029844588,10
cancel_shock_b,fwd_micro_10s,1692166,95,-0.012692535517905583,-0.0021465398840507972,0.002800215881282946,0.029702494182789335,0.09427544582789579,0.7333333333333332,0.13065503029844588,10
cancel_shock_b,fwd_mid_30s,1692166,95,-0.040744350853713994,0.04799983767941393,0.09308097499570966,0.06744183243025287,1.3801667546914942,0.8060606060606059,0.13065503029844588,10
cancel_shock_b,fwd_micro_30s,1692166,95,-0.039072901940794116,0.056033113320910065,0.0998168733805136,0.06661689139420315,1.4983718286980803,0.8060606060606059,0.13065503029844588,10
cancel_shock_b,fwd_mid_60s,1692166,95,-0.07777187817441236,0.10924531779389049,0.22479893051143762,0.10828915519323457,2.075913604740007,0.8787878787878788,0.13065503029844588,10
cancel_shock_b,fwd_micro_60s,1692166,95,-0.07929600905909813,0.11777663069558092,0.23690753880563656,0.10698766887194419,2.2143443380301724,0.8787878787878788,0.13065503029844588,10
cancel_shock_a,fwd_mid_100ms,1692166,92,-0.005033217047058011,0.009227037286216747,0.015087932605131082,0.0033887685978903144,4.452334873063953,0.6848484848484848,0.1325945563260342,10
cancel_shock_a,fwd_micro_100ms,1692166,92,-0.0044463378465561115,0.003922475199501654,0.011619192769341338,0.004424717423976641,2.6259739675983154,0.38181818181818183,0.1325945563260342,10
cancel_shock_a,fwd_mid_300ms,1692166,92,-0.004784947568490827,0.020436749088671963,0.03774931463884876,0.009789878973795822,3.8559531471115056,0.4424242424242424,0.1325945563260342,10
cancel_shock_a,fwd_micro_300ms,1692166,92,-0.001705867595740258,0.01393726362559808,0.02495417124780993,0.009696494697581135,2.5735249722804405,0.17575757575757575,0.1325945563260342,10
cancel_shock_a,fwd_mid_500ms,1692166,92,-0.003892430901358003,0.02181314906622925,0.03723485192717853,0.010963516350093024,3.3962508686241524,0.29696969696969694,0.1325945563260342,10
cancel_shock_a,fwd_micro_500ms,1692166,92,0.001256961048303563,0.012052483129750734,0.022514268111799424,0.010657378052818908,2.1125522619369157,-0.09090909090909088,0.1325945563260342,10
cancel_shock_a,fwd_mid_1s,1692166,92,-0.0021293314765954575,0.01609431765160978,0.03916585030761257,0.014716770303101857,2.661307440489003,0.04242424242424241,0.1325945563260342,10
cancel_shock_a,fwd_micro_1s,1692166,92,-0.00024188329336995764,0.008796501866907228,0.028258046783006828,0.014148657008327735,1.9972246670743712,-0.24848484848484845,0.1325945563260342,10
cancel_shock_a,fwd_mid_3s,1692166,92,0.015925238480189768,0.021530589903295302,0.02487978169653209,0.018584260389758585,1.338755547691467,-0.07878787878787878,0.1325945563260342,10
cancel_shock_a,fwd_micro_3s,1692166,92,0.02168526245290469,0.008805193690774673,0.0013905376472060566,0.01759841701565853,0.07901492764768552,-0.34545454545454546,0.1325945563260342,10
cancel_shock_a,fwd_mid_5s,1692166,92,0.007565169002043393,0.015243812919300374,0.025545688740469242,0.022944785192736978,1.1133548876524484,-0.17575757575757575,0.1325945563260342,10
cancel_shock_a,fwd_micro_5s,1692166,92,0.009787418019548019,0.006033774722858279,0.007405120054154078,0.021535039374736532,0.34386378057154937,-0.4787878787878787,0.1325945563260342,10
cancel_shock_a,fwd_mid_10s,1692166,92,0.015404462202442017,0.013506918601423978,-0.0034797165236719425,0.03213347489230823,-0.1082894562550059,-0.5030303030303029,0.1325945563260342,10
cancel_shock_a,fwd_micro_10s,1692166,92,0.017912052595605354,0.003953025686180327,-0.02081287072207883,0.03096347697255361,-0.6721748575112415,-0.5515151515151515,0.1325945563260342,10
cancel_shock_a,fwd_mid_30s,1692166,92,-0.04021963639665882,0.034496544728840436,0.06677388994983093,0.057677546720925926,1.1577103005597282,0.38181818181818183,0.1325945563260342,10
cancel_shock_a,fwd_micro_30s,1692166,92,-0.03696473352201732,0.026119873278880996,0.042957800645856636,0.055205114901584675,0.7781489219330204,0.49090909090909085,0.1325945563260342,10
cancel_shock_a,fwd_mid_60s,1692166,92,-0.08469167757172043,0.08649380101325188,0.14107735771899496,0.1207480243730793,1.1683616229041018,0.6121212121212121,0.1325945563260342,10
cancel_shock_a,fwd_micro_60s,1692166,92,-0.08663968309757526,0.08275093414331285,0.13581413634113707,0.1169961271856086,1.1608430091508466,0.6363636363636362,0.1325945563260342,10
bbo_cancel_rate,fwd_mid_100ms,1397286,0,NaN,-0.00030433518549773315,NaN,NaN,NaN,-0.3333333333333334,0.1929791037768932,8
bbo_cancel_rate,fwd_micro_100ms,1397286,0,NaN,-0.0010301616541040315,NaN,NaN,NaN,0.1666666666666667,0.1929791037768932,8
bbo_cancel_rate,fwd_mid_300ms,1397286,0,NaN,-0.001260902717072625,NaN,NaN,NaN,0.261904761904762,0.1929791037768932,8
bbo_cancel_rate,fwd_micro_300ms,1397286,0,NaN,-0.0018541631096639665,NaN,NaN,NaN,0.28571428571428575,0.1929791037768932,8
bbo_cancel_rate,fwd_mid_500ms,1397286,0,NaN,-0.005382253119551586,NaN,NaN,NaN,0.30952380952380953,0.1929791037768932,8
bbo_cancel_rate,fwd_micro_500ms,1397286,0,NaN,-0.005772075807986232,NaN,NaN,NaN,0.11904761904761905,0.1929791037768932,8
bbo_cancel_rate,fwd_mid_1s,1397286,0,NaN,0.0005958492642345748,NaN,NaN,NaN,0.5952380952380953,0.1929791037768932,8
bbo_cancel_rate,fwd_micro_1s,1397286,0,NaN,-0.002600601950546462,NaN,NaN,NaN,0.14285714285714288,0.1929791037768932,8
bbo_cancel_rate,fwd_mid_3s,1397286,0,NaN,0.015697184579492762,NaN,NaN,NaN,0.8333333333333335,0.1929791037768932,8
bbo_cancel_rate,fwd_micro_3s,1397286,0,NaN,0.0073747124533255085,NaN,NaN,NaN,0.7142857142857144,0.1929791037768932,8
bbo_cancel_rate,fwd_mid_5s,1397286,0,NaN,-0.003835417896192721,NaN,NaN,NaN,0.2142857142857143,0.1929791037768932,8
bbo_cancel_rate,fwd_micro_5s,1397286,0,NaN,-0.008590241231367125,NaN,NaN,NaN,0.11904761904761905,0.1929791037768932,8
bbo_cancel_rate,fwd_mid_10s,1397286,0,NaN,0.013827757890825729,NaN,NaN,NaN,0.38095238095238104,0.1929791037768932,8
bbo_cancel_rate,fwd_micro_10s,1397286,0,NaN,0.006647121973599957,NaN,NaN,NaN,0.3571428571428572,0.1929791037768932,8
bbo_cancel_rate,fwd_mid_30s,1397286,0,NaN,0.06140411357533899,NaN,NaN,NaN,0.7857142857142858,0.1929791037768932,8
bbo_cancel_rate,fwd_micro_30s,1397286,0,NaN,0.05146586861123471,NaN,NaN,NaN,0.7142857142857144,0.1929791037768932,8
bbo_cancel_rate,fwd_mid_60s,1397286,0,NaN,0.10043346268609792,NaN,NaN,NaN,0.5476190476190477,0.1929791037768932,8
bbo_cancel_rate,fwd_micro_60s,1397286,0,NaN,0.09162051658452386,NaN,NaN,NaN,0.5476190476190477,0.1929791037768932,8
deep_cancel_rate,fwd_mid_100ms,1397286,98,-0.00030433518549773315,0.0006387888851915704,0.0014055302046944364,0.0014955372290290801,0.9398162596105499,0.45,0.468679282552033,9
deep_cancel_rate,fwd_micro_100ms,1397286,98,-0.0010301616541040315,0.00018723658553570542,-0.00001874721533422971,0.0016812794949478624,-0.011150564430580339,0.08333333333333334,0.468679282552033,9
deep_cancel_rate,fwd_mid_300ms,1397286,98,-0.001260902717072625,-0.0005414535529018823,0.0019798814157614914,0.0024532382001701933,0.8070481764160272,-0.06666666666666667,0.468679282552033,9
deep_cancel_rate,fwd_micro_300ms,1397286,98,-0.0018541631096639665,-0.0006190302284634456,0.0007857019582921763,0.003106682358151234,0.25290707826330283,-0.08333333333333334,0.468679282552033,9
deep_cancel_rate,fwd_mid_500ms,1397286,98,-0.005382253119551586,-0.0012836600264556396,0.003658259671802054,0.003894541902577938,0.9393299040846165,0.016666666666666666,0.468679282552033,9
deep_cancel_rate,fwd_micro_500ms,1397286,98,-0.005772075807986232,-0.0007694358619421695,0.0033941342412396294,0.004424094709712123,0.7671929431774046,-0.016666666666666666,0.468679282552033,9
deep_cancel_rate,fwd_mid_1s,1397286,98,0.0005958492642345748,-0.0005105926812390091,-0.0026096823920272647,0.005456505671909298,-0.4782698944971691,0.049999999999999996,0.468679282552033,9
deep_cancel_rate,fwd_micro_1s,1397286,98,-0.002600601950546462,0.0007014945122912589,0.0013022085411352568,0.005660713910123368,0.2300431644860987,0.08333333333333334,0.468679282552033,9
deep_cancel_rate,fwd_mid_3s,1397286,98,0.015697184579492762,-0.0005968915637602109,-0.011300314667412716,0.00857483943728293,-1.3178456284883389,-0.45,0.468679282552033,9
deep_cancel_rate,fwd_micro_3s,1397286,98,0.0073747124533255085,0.00036903807593987356,-0.005661671692495974,0.009069960015422837,-0.6242223430829568,-0.18333333333333335,0.468679282552033,9
deep_cancel_rate,fwd_mid_5s,1397286,98,-0.003835417896192721,-0.0015178319908881294,0.006722238646042427,0.010757331337323348,0.624898353992233,0.0,0.468679282552033,9
deep_cancel_rate,fwd_micro_5s,1397286,98,-0.008590241231367125,0.00011768211318760416,0.011216010897938193,0.011621546585316212,0.9651048434559981,0.06666666666666667,0.468679282552033,9
deep_cancel_rate,fwd_mid_10s,1397286,98,0.013827757890825729,-0.001445607140602624,0.005564758867507846,0.017773248600498438,0.3130974529525113,-0.08333333333333334,0.468679282552033,9
deep_cancel_rate,fwd_micro_10s,1397286,98,0.006647121973599957,-0.0007741135163416183,0.0077518158669535805,0.018607339314843683,0.41659990908908207,-0.06666666666666667,0.468679282552033,9
deep_cancel_rate,fwd_mid_30s,1397286,98,0.06140411357533899,-0.006190527932746766,-0.027337679000726606,0.03210060875037699,-0.851624939991381,-0.31666666666666665,0.468679282552033,9
deep_cancel_rate,fwd_micro_30s,1397286,98,0.05146586861123471,-0.005477758666344029,-0.019426893903515898,0.033152753156153986,-0.585981315398229,-0.26666666666666666,0.468679282552033,9
deep_cancel_rate,fwd_mid_60s,1397286,98,0.10043346268609792,-0.0051037345825980405,-0.03821824832196295,0.052105348134733546,-0.7334803372417462,-0.31666666666666665,0.468679282552033,9
deep_cancel_rate,fwd_micro_60s,1397286,98,0.09162051658452386,-0.005942588271757248,-0.032711545156820517,0.05244472025414251,-0.6237338095866131,-0.39999999999999997,0.468679282552033,9
cancel_persist,fwd_mid_100ms,1692166,0,NaN,0.000019663802783966806,NaN,NaN,NaN,0.3571428571428572,0.6654979476008855,7
cancel_persist,fwd_micro_100ms,1692166,0,NaN,-0.00037926730311990887,NaN,NaN,NaN,0.4642857142857144,0.6654979476008855,7
cancel_persist,fwd_mid_300ms,1692166,0,NaN,-0.00019799913359489228,NaN,NaN,NaN,0.3571428571428572,0.6654979476008855,7
cancel_persist,fwd_micro_300ms,1692166,0,NaN,-0.0002246176563188115,NaN,NaN,NaN,-0.1785714285714286,0.6654979476008855,7
cancel_persist,fwd_mid_500ms,1692166,0,NaN,-0.00017304735844548487,NaN,NaN,NaN,0.10714285714285716,0.6654979476008855,7
cancel_persist,fwd_micro_500ms,1692166,0,NaN,-0.00023900868155100807,NaN,NaN,NaN,-0.14285714285714288,0.6654979476008855,7
cancel_persist,fwd_mid_1s,1692166,0,NaN,-0.002043711847374442,NaN,NaN,NaN,0.1785714285714286,0.6654979476008855,7
cancel_persist,fwd_micro_1s,1692166,0,NaN,-0.0010157394966595812,NaN,NaN,NaN,0.28571428571428575,0.6654979476008855,7
cancel_persist,fwd_mid_3s,1692166,0,NaN,0.005229364327078668,NaN,NaN,NaN,0.6785714285714287,0.6654979476008855,7
cancel_persist,fwd_micro_3s,1692166,0,NaN,0.005247953475934357,NaN,NaN,NaN,0.7500000000000002,0.6654979476008855,7
cancel_persist,fwd_mid_5s,1692166,0,NaN,-0.002097366196317624,NaN,NaN,NaN,0.28571428571428575,0.6654979476008855,7
cancel_persist,fwd_micro_5s,1692166,0,NaN,-0.002136045862333596,NaN,NaN,NaN,0.42857142857142866,0.6654979476008855,7
cancel_persist,fwd_mid_10s,1692166,0,NaN,-0.003996870312114825,NaN,NaN,NaN,0.28571428571428575,0.6654979476008855,7
cancel_persist,fwd_micro_10s,1692166,0,NaN,-0.004084616000355925,NaN,NaN,NaN,0.28571428571428575,0.6654979476008855,7
cancel_persist,fwd_mid_30s,1692166,0,NaN,-0.013806686885301556,NaN,NaN,NaN,0.3214285714285715,0.6654979476008855,7
cancel_persist,fwd_micro_30s,1692166,0,NaN,-0.013506617547871564,NaN,NaN,NaN,0.3214285714285715,0.6654979476008855,7
cancel_persist,fwd_mid_60s,1692166,0,NaN,-0.031234682119181584,NaN,NaN,NaN,0.28571428571428575,0.6654979476008855,7
cancel_persist,fwd_micro_60s,1692166,0,NaN,-0.03073983821553749,NaN,NaN,NaN,0.28571428571428575,0.6654979476008855,7
t_since_cancel,fwd_mid_100ms,1692166,0,NaN,0.000019663802783966806,NaN,NaN,NaN,0.3571428571428572,0.6654979476008855,7
t_since_cancel,fwd_micro_100ms,1692166,0,NaN,-0.00037926730311990887,NaN,NaN,NaN,0.4642857142857144,0.6654979476008855,7
t_since_cancel,fwd_mid_300ms,1692166,0,NaN,-0.00019799913359489228,NaN,NaN,NaN,0.3571428571428572,0.6654979476008855,7
t_since_cancel,fwd_micro_300ms,1692166,0,NaN,-0.0002246176563188115,NaN,NaN,NaN,-0.1785714285714286,0.6654979476008855,7
t_since_cancel,fwd_mid_500ms,1692166,0,NaN,-0.00017304735844548487,NaN,NaN,NaN,0.10714285714285716,0.6654979476008855,7
t_since_cancel,fwd_micro_500ms,1692166,0,NaN,-0.00023900868155100807,NaN,NaN,NaN,-0.14285714285714288,0.6654979476008855,7
t_since_cancel,fwd_mid_1s,1692166,0,NaN,-0.002043711847374442,NaN,NaN,NaN,0.1785714285714286,0.6654979476008855,7
t_since_cancel,fwd_micro_1s,1692166,0,NaN,-0.0010157394966595812,NaN,NaN,NaN,0.28571428571428575,0.6654979476008855,7
t_since_cancel,fwd_mid_3s,1692166,0,NaN,0.005229364327078668,NaN,NaN,NaN,0.6785714285714287,0.6654979476008855,7
t_since_cancel,fwd_micro_3s,1692166,0,NaN,0.005247953475934357,NaN,NaN,NaN,0.7500000000000002,0.6654979476008855,7
t_since_cancel,fwd_mid_5s,1692166,0,NaN,-0.002097366196317624,NaN,NaN,NaN,0.28571428571428575,0.6654979476008855,7
t_since_cancel,fwd_micro_5s,1692166,0,NaN,-0.002136045862333596,NaN,NaN,NaN,0.42857142857142866,0.6654979476008855,7
t_since_cancel,fwd_mid_10s,1692166,0,NaN,-0.003996870312114825,NaN,NaN,NaN,0.28571428571428575,0.6654979476008855,7
t_since_cancel,fwd_micro_10s,1692166,0,NaN,-0.004084616000355925,NaN,NaN,NaN,0.28571428571428575,0.6654979476008855,7
t_since_cancel,fwd_mid_30s,1692166,0,NaN,-0.013806686885301556,NaN,NaN,NaN,0.3214285714285715,0.6654979476008855,7
t_since_cancel,fwd_micro_30s,1692166,0,NaN,-0.013506617547871564,NaN,NaN,NaN,0.3214285714285715,0.6654979476008855,7
t_since_cancel,fwd_mid_60s,1692166,0,NaN,-0.031234682119181584,NaN,NaN,NaN,0.28571428571428575,0.6654979476008855,7
t_since_cancel,fwd_micro_60s,1692166,0,NaN,-0.03073983821553749,NaN,NaN,NaN,0.28571428571428575,0.6654979476008855,7
add_intensity,fwd_mid_100ms,1692166,90,0.0003658708093486287,-0.002482748962456824,-0.007439116719240197,0.018148424533366767,-0.40990427050915723,-0.1515151515151515,0.19441827811219467,10
add_intensity,fwd_micro_100ms,1692166,90,0.0004520177459219575,-0.0030045520138795327,-0.011207866906704517,0.019070852418866815,-0.587696169029999,-0.2727272727272727,0.19441827811219467,10
add_intensity,fwd_mid_300ms,1692166,90,0.00013937351730714803,0.0006992648961789658,0.00029123066261302805,0.014356998060823549,0.020284927348964372,0.06666666666666665,0.19441827811219467,10
add_intensity,fwd_micro_300ms,1692166,90,0.00014018399143088292,0.0023414096084905917,-0.12425482895735923,0.1224454864488663,-1.0147767186930856,-0.05454545454545454,0.19441827811219467,10
add_intensity,fwd_mid_500ms,1692166,90,0.0005038359363487766,0.001160093563958059,-0.033542066416003,0.0322583410504788,-1.0397951451847878,0.13939393939393938,0.19441827811219467,10
add_intensity,fwd_micro_500ms,1692166,90,0.0008253170637257093,0.002574587277924739,0.0587604201704864,0.08198513111396157,0.7167204512829016,-0.13939393939393938,0.19441827811219467,10
add_intensity,fwd_mid_1s,1692166,90,0.002566546495759838,-0.003153866872888923,-0.014074877181105526,0.046170744189487106,-0.304844061497937,-0.28484848484848485,0.19441827811219467,10
add_intensity,fwd_micro_1s,1692166,90,0.0031698062508576106,-0.0011467851825272134,0.04665168217911305,0.06620983377366312,0.7046035236788363,-0.5757575757575757,0.19441827811219467,10
add_intensity,fwd_mid_3s,1692166,90,0.0031041763959738927,0.017381340900633264,0.041363768161508246,0.11114576259068953,0.3721578510719869,0.5030303030303029,0.19441827811219467,10
add_intensity,fwd_micro_3s,1692166,90,0.0004808560988861389,0.020291013332761735,0.005039343142486375,0.1329672760409216,0.0378991229461261,0.4666666666666666,0.19441827811219467,10
add_intensity,fwd_mid_5s,1692166,90,0.0004481506757407102,0.0001879812116951923,0.09654031093255712,0.10451490647160475,0.9236989649776493,0.2121212121212121,0.19441827811219467,10
add_intensity,fwd_micro_5s,1692166,90,-0.0004093416493178096,-0.00009847779495473764,0.06105106302555716,0.11036650613480098,0.5531665825408096,0.12727272727272726,0.19441827811219467,10
add_intensity,fwd_mid_10s,1692166,90,-0.0014446605679233327,0.006056179246058004,0.24422614045442084,0.126156519052414,1.9358979011853732,0.41818181818181815,0.19441827811219467,10
add_intensity,fwd_micro_10s,1692166,90,-0.002405746489021835,0.005601940036088561,0.24839185888794846,0.11871951148886538,2.092258094502393,0.28484848484848485,0.19441827811219467,10
add_intensity,fwd_mid_30s,1692166,90,-0.014064269052054794,-0.00251238120048757,0.5760367605526154,0.3103886296053819,1.8558565153787046,0.6969696969696969,0.19441827811219467,10
add_intensity,fwd_micro_30s,1692166,90,-0.012911951129971943,-0.003902876006571155,0.5166115266399071,0.29347074754192537,1.7603510093151744,0.6969696969696969,0.19441827811219467,10
add_intensity,fwd_mid_60s,1692166,90,-0.016392415254137815,-0.008528043405932587,1.3344304317666837,0.5795619476994619,2.3024811015692617,0.5878787878787878,0.19441827811219467,10
add_intensity,fwd_micro_60s,1692166,90,-0.013953521400671852,-0.00787495567008319,1.2344087492141953,0.5463847162394243,2.2592300123440507,0.5878787878787878,0.19441827811219467,10
bbo_add_int,fwd_mid_100ms,1692166,52,0.0012844611670125951,-0.0020269172649583526,-0.0012678283825166676,0.006970395729035228,-0.18188757594285793,-0.4545454545454545,0.1907348333437736,10
bbo_add_int,fwd_micro_100ms,1692166,52,0.00007062267549190962,-0.0036173624300358713,-0.01799073197056601,0.018232287610698908,-0.9867512160135543,-0.2606060606060606,0.1907348333437736,10
bbo_add_int,fwd_mid_300ms,1692166,52,0.0009381759495426755,0.0008753845482494957,0.035852721260749294,0.033025018578160224,1.0856230459309737,0.0303030303030303,0.1907348333437736,10
bbo_add_int,fwd_micro_300ms,1692166,52,0.0006456844985958492,0.002512047032187031,0.025746072211333994,0.016795357663688792,1.5329278915563946,0.4545454545454545,0.1907348333437736,10
bbo_add_int,fwd_mid_500ms,1692166,52,0.0010844234490947915,0.0011665066182961817,0.01958227596854981,0.014559211881982712,1.345009340291505,0.33333333333333326,0.1907348333437736,10
bbo_add_int,fwd_micro_500ms,1692166,52,0.001320477337301604,0.003974707122320902,0.007257743070008981,0.025107267418721803,0.28906941360719646,0.22424242424242422,0.1907348333437736,10
bbo_add_int,fwd_mid_1s,1692166,52,0.0038737754776992863,-0.003384959246535429,0.04205182544805312,0.0435720977058706,0.9651090413851559,-0.3939393939393939,0.1907348333437736,10
bbo_add_int,fwd_micro_1s,1692166,52,0.0048158136050171245,-0.0027621742700006343,0.01647847072857558,0.025939672925116664,0.6352613148263692,-0.8060606060606059,0.1907348333437736,10
bbo_add_int,fwd_mid_3s,1692166,52,0.005491285886291113,0.01241476992345023,0.00013463787820151092,0.05414655036806724,0.00248654581476188,0.6242424242424242,0.1907348333437736,10
bbo_add_int,fwd_micro_3s,1692166,52,0.005557701630717382,0.014175462530020508,0.0220706382058932,0.05966719064196002,0.36989571602810417,0.5272727272727272,0.1907348333437736,10
bbo_add_int,fwd_mid_5s,1692166,52,0.0037068820633559606,0.004125476416189905,0.05068476497059274,0.036469793936750074,1.389773823742899,0.05454545454545454,0.1907348333437736,10
bbo_add_int,fwd_micro_5s,1692166,52,0.005031057984969205,0.003466037797918211,0.050782419910293336,0.03760969960958824,1.3502479529867566,-0.24848484848484845,0.1907348333437736,10
bbo_add_int,fwd_mid_10s,1692166,52,0.007517858452966272,0.004519899184298037,0.023850115268027026,0.06989004900205599,0.34125194657290076,-0.01818181818181818,0.1907348333437736,10
bbo_add_int,fwd_micro_10s,1692166,52,0.008349512023323008,0.0028412362633478475,-0.00021293966619198793,0.06925724189515207,-0.0030746194963171564,-0.10303030303030303,0.1907348333437736,10
bbo_add_int,fwd_mid_30s,1692166,52,0.009629030727722478,-0.013184697136510309,0.23189747883678982,0.2815896508330056,0.823529835527637,0.12727272727272726,0.1907348333437736,10
bbo_add_int,fwd_micro_30s,1692166,52,0.009092410498250821,-0.015053435871570122,0.21466067690274387,0.2635504710988406,0.8144955158218581,0.12727272727272726,0.1907348333437736,10
bbo_add_int,fwd_mid_60s,1692166,52,0.014447947136320359,-0.014216809036092437,0.18626875146856453,0.35973443380996273,0.5177951676623899,0.2606060606060606,0.1907348333437736,10
bbo_add_int,fwd_micro_60s,1692166,52,0.0162996287489579,-0.016421425170839124,0.11553980340139139,0.34863143525842366,0.33140959683038135,0.2121212121212121,0.1907348333437736,10
deep_add_int,fwd_mid_100ms,1692166,88,0.0008718695008343101,-0.0023176329195477435,0.001890977557617998,0.011465835890347113,0.16492278240350353,-0.07878787878787878,0.1971189587782759,10
deep_add_int,fwd_micro_100ms,1692166,88,0.0004684822748620141,-0.0028925312256640294,0.004014593337097517,0.017306122589995105,0.23197532065434492,-0.11515151515151514,0.1971189587782759,10
deep_add_int,fwd_mid_300ms,1692166,88,0.00020036799717469822,0.000017856450917070447,0.0029731577748979845,0.009027937188089308,0.32932858447669705,-0.09090909090909088,0.1971189587782759,10
deep_add_int,fwd_micro_300ms,1692166,88,-0.0009946652015353843,0.0010312126315954633,0.0020971636674912432,0.01531353833793399,0.13694834082181034,0.06666666666666665,0.1971189587782759,10
deep_add_int,fwd_mid_500ms,1692166,88,0.001003681057773308,0.00013980267428164843,0.0016195162123406207,0.01905997002844714,0.08496950466991718,-0.17575757575757575,0.1971189587782759,10
deep_add_int,fwd_micro_500ms,1692166,88,-0.00031842627988995585,0.0010132599536974137,-0.010800405660959595,0.03221858827918399,-0.3352228088757569,-0.006060606060606061,0.1971189587782759,10
deep_add_int,fwd_mid_1s,1692166,88,0.0023619833623946297,-0.004181117373060447,0.013497205456188854,0.023795820164735127,0.5672090880982287,-0.5272727272727272,0.1971189587782759,10
deep_add_int,fwd_micro_1s,1692166,88,0.002587297112534701,-0.002235790507171525,0.009662408684620677,0.02042725866033912,0.4730154371316052,-0.5878787878787878,0.1971189587782759,10
deep_add_int,fwd_mid_3s,1692166,88,0.001631503897677924,0.012569803046909567,0.059813531986458494,0.029793924410196237,2.007574804948783,0.5515151515151515,0.1971189587782759,10
deep_add_int,fwd_micro_3s,1692166,88,-0.001002547104961145,0.015013603983728405,0.06876280419399908,0.03199772975085125,2.1489900917789253,0.5151515151515151,0.1971189587782759,10
deep_add_int,fwd_mid_5s,1692166,88,-0.0029759987960412374,-0.0034816968210684574,-0.0007922462018854694,0.06799845767252857,-0.011650943697882393,0.09090909090909088,0.1971189587782759,10
deep_add_int,fwd_micro_5s,1692166,88,-0.0029417312362230597,-0.002564460106434777,-0.03181665861810054,0.09552596031910722,-0.3330681891269774,0.24848484848484845,0.1971189587782759,10
deep_add_int,fwd_mid_10s,1692166,88,-0.0063519178024006905,-0.000879140504967876,0.20674324546926892,0.1033489300086829,2.0004391477676577,0.17575757575757575,0.1971189587782759,10
deep_add_int,fwd_micro_10s,1692166,88,-0.007735356574887678,-0.00177690179127277,0.2076417519651337,0.11458481453516525,1.8121227739248986,0.10303030303030303,0.1971189587782759,10
deep_add_int,fwd_mid_30s,1692166,88,-0.021545169454722433,-0.029145005080582608,0.23071515268688,0.1580165295430575,1.4600697367170885,0.28484848484848485,0.1971189587782759,10
deep_add_int,fwd_micro_30s,1692166,88,-0.02064588271580443,-0.030160988085941746,0.19121924722392827,0.16289627700735818,1.173871194215757,0.2121212121212121,0.1971189587782759,10
deep_add_int,fwd_mid_60s,1692166,88,-0.0180948173624639,-0.04690280993362954,0.4618626785509657,0.2865731073988635,1.6116748802536012,0.2727272727272727,0.1971189587782759,10
deep_add_int,fwd_micro_60s,1692166,88,-0.019066708702536846,-0.047243248644789626,0.4598544859101496,0.28544602639774347,1.6110032839251494,0.309090909090909,0.1971189587782759,10
repl_intensity,fwd_mid_100ms,1692166,88,0.0007621427951273862,-0.0022528700806270976,0.007766290620463826,0.011719341976459801,0.6626899902796317,-0.1515151515151515,0.19774182911132832,10
repl_intensity,fwd_micro_100ms,1692166,88,0.0004294383499759342,-0.0028695960509372872,0.014082866783261776,0.01592857967316197,0.8841257081439577,-0.24848484848484845,0.19774182911132832,10
repl_intensity,fwd_mid_300ms,1692166,88,0.00010365661079054942,0.00017567676188686698,0.008317219636759412,0.008401135034203876,0.9900114214206989,0.10303030303030303,0.19774182911132832,10
repl_intensity,fwd_micro_300ms,1692166,88,-0.0008623385716351642,0.001066256676941875,0.011594472968578932,0.012895873786287553,0.8990839365152266,0.12727272727272726,0.19774182911132832,10
repl_intensity,fwd_mid_500ms,1692166,88,0.0010400138600931098,0.00039640559400119503,0.01624266051980888,0.01457380263872755,1.1145108056181992,-0.0303030303030303,0.19774182911132832,10
repl_intensity,fwd_micro_500ms,1692166,88,0.0001265983338762651,0.00103093578425379,0.016023901717617535,0.0179541929186886,0.8924879993317986,-0.006060606060606061,0.19774182911132832,10
repl_intensity,fwd_mid_1s,1692166,88,0.002605600120049918,-0.0034816042254063985,0.02330556221869996,0.023220533396409542,1.0036617945349853,-0.4545454545454545,0.19774182911132832,10
repl_intensity,fwd_micro_1s,1692166,88,0.0032384225188499117,-0.002110888873339934,0.015239707314436883,0.017451659981269747,0.8732525920624814,-0.4545454545454545,0.19774182911132832,10
repl_intensity,fwd_mid_3s,1692166,88,0.002455761199393154,0.013322230333141899,0.06588750026905507,0.02795993126445829,2.356497219033189,0.49090909090909085,0.19774182911132832,10
repl_intensity,fwd_micro_3s,1692166,88,-0.00028650726161853275,0.015464180869155611,0.07441771563650855,0.03026504392302324,2.4588669299732113,0.5151515151515151,0.19774182911132832,10
repl_intensity,fwd_mid_5s,1692166,88,-0.0018323451047385355,-0.0016950409357130388,0.027376440127821325,0.07798909018371156,0.35102909988221714,0.17575757575757575,0.19774182911132832,10
repl_intensity,fwd_micro_5s,1692166,88,-0.0014840350406741857,-0.0012779385505654614,-0.007777221268646994,0.10312496136766688,-0.07541550722059628,0.1515151515151515,0.19774182911132832,10
repl_intensity,fwd_mid_10s,1692166,88,-0.00455584619232016,-0.00029199880247599507,0.23248899205899176,0.10817994252876897,2.149095170735227,0.23636363636363633,0.19774182911132832,10
repl_intensity,fwd_micro_10s,1692166,88,-0.005843889093272156,-0.0011747695286154494,0.22904984318834606,0.11828323963092452,1.9364522302825244,0.19999999999999998,0.19774182911132832,10
repl_intensity,fwd_mid_30s,1692166,88,-0.020835265841382202,-0.027952527651640437,0.27810743428886703,0.1630479251246649,1.7056790761135336,0.2606060606060606,0.19774182911132832,10
repl_intensity,fwd_micro_30s,1692166,88,-0.02027622625708153,-0.029429428427719253,0.24028253653490095,0.16168008342627976,1.4861603942977988,0.18787878787878787,0.19774182911132832,10
repl_intensity,fwd_mid_60s,1692166,88,-0.019365819311073052,-0.04360003445776527,0.5420992768308222,0.286019235384567,1.8953245438263717,0.2121212121212121,0.19774182911132832,10
repl_intensity,fwd_micro_60s,1692166,88,-0.020072039267082117,-0.04402901512321352,0.5411885993362711,0.28920049810944554,1.8713266501064694,0.2727272727272727,0.19774182911132832,10
arrival_acc,fwd_mid_100ms,1692166,98,0.000977911318814825,-0.0024115987905322994,-0.011538861217389,0.007571040472248988,-1.5240786599521856,-0.406060606060606,0.13241726875495666,10
arrival_acc,fwd_micro_100ms,1692166,98,0.002723797845652265,-0.006459911215397561,-0.010400773420376952,0.00673119308725526,-1.5451604619795591,-0.38181818181818183,0.13241726875495666,10
arrival_acc,fwd_mid_300ms,1692166,98,0.003917204276848839,-0.0027133180498699256,-0.007426093505326128,0.009139992644528616,-0.8124835318955687,-0.43030303030303024,0.13241726875495666,10
arrival_acc,fwd_micro_300ms,1692166,98,0.005296768531100532,-0.005244379795724143,-0.015415748147574657,0.012038262546071111,-1.2805625470102282,-0.6121212121212121,0.13241726875495666,10
arrival_acc,fwd_mid_500ms,1692166,98,0.0096549996289624,-0.0069800794100491215,-0.01379457376796497,0.010015583408917292,-1.3773110566562787,-0.6969696969696969,0.13241726875495666,10
arrival_acc,fwd_micro_500ms,1692166,98,0.011269365317663104,-0.0062582396905458545,-0.008984173896483993,0.011560599134765658,-0.7771373950218808,-0.8181818181818182,0.13241726875495666,10
arrival_acc,fwd_mid_1s,1692166,98,0.010284494950523956,-0.015238332898236963,-0.019916688382985256,0.015920754496544287,-1.2509889771435339,-0.6606060606060605,0.13241726875495666,10
arrival_acc,fwd_micro_1s,1692166,98,0.014122897939315216,-0.01706368103316269,-0.01992387147511841,0.014802095316441093,-1.346016969164387,-0.4424242424242424,0.13241726875495666,10
arrival_acc,fwd_mid_3s,1692166,98,0.016549927948048007,-0.000731561829629339,-0.02075940658142719,0.022962691337277418,-0.9040493675811668,-0.29696969696969694,0.13241726875495666,10
arrival_acc,fwd_micro_3s,1692166,98,0.02287674373409895,-0.0027163690337941395,-0.013279338284792351,0.023802678790833236,-0.5578925969419215,-0.23636363636363633,0.13241726875495666,10
arrival_acc,fwd_mid_5s,1692166,98,0.014887077717380107,-0.014596485326244864,-0.028721258086214594,0.023822229657400773,-1.205649450083773,-0.4545454545454545,0.13241726875495666,10
arrival_acc,fwd_micro_5s,1692166,98,0.016988449695152674,-0.016687127651100392,-0.018199097160065153,0.02326112525485126,-0.7823824927072096,-0.4545454545454545,0.13241726875495666,10
arrival_acc,fwd_mid_10s,1692166,98,0.01345052067271927,-0.014177270950489988,-0.006478964260531706,0.035364442946679286,-0.18320560768623895,-0.5393939393939393,0.13241726875495666,10
arrival_acc,fwd_micro_10s,1692166,98,0.01661160949099344,-0.015873907291091456,-0.00441016786565087,0.03368806781550647,-0.13091186736512353,-0.6,0.13241726875495666,10
arrival_acc,fwd_mid_30s,1692166,98,0.027561719630337166,-0.007488641832501679,-0.003151318518728802,0.04042836987820694,-0.07794819648237984,-0.13939393939393938,0.13241726875495666,10
arrival_acc,fwd_micro_30s,1692166,98,0.027244522260544753,-0.00854247787078618,0.013282171736388047,0.03944900798487472,0.3366921607123964,-0.18787878787878787,0.13241726875495666,10
arrival_acc,fwd_mid_60s,1692166,98,0.009808259356462894,0.012434091969484121,0.03864681869878679,0.04387331659432909,0.8808729701502016,0.49090909090909085,0.13241726875495666,10
arrival_acc,fwd_micro_60s,1692166,98,0.009342573872123165,0.013737571822055048,0.04892439694035385,0.044607170859121664,1.0967832300969467,0.4545454545454545,0.13241726875495666,10
arrival_burst,fwd_mid_100ms,1692166,0,NaN,0.00001929972642035465,NaN,NaN,NaN,NaN,1.0,1
arrival_burst,fwd_micro_100ms,1692166,0,NaN,-0.0005665004100961597,NaN,NaN,NaN,NaN,1.0,1
arrival_burst,fwd_mid_300ms,1692166,0,NaN,0.0000445886466332111,NaN,NaN,NaN,NaN,1.0,1
arrival_burst,fwd_micro_300ms,1692166,0,NaN,-0.000025121275817918956,NaN,NaN,NaN,NaN,1.0,1
arrival_burst,fwd_mid_500ms,1692166,0,NaN,-0.00030523325130969156,NaN,NaN,NaN,NaN,1.0,1
arrival_burst,fwd_micro_500ms,1692166,0,NaN,-0.00019191560400850092,NaN,NaN,NaN,NaN,1.0,1
arrival_burst,fwd_mid_1s,1692166,0,NaN,-0.001582529180604096,NaN,NaN,NaN,NaN,1.0,1
arrival_burst,fwd_micro_1s,1692166,0,NaN,-0.0007802562761396207,NaN,NaN,NaN,NaN,1.0,1
arrival_burst,fwd_mid_3s,1692166,0,NaN,0.004879088992298351,NaN,NaN,NaN,NaN,1.0,1
arrival_burst,fwd_micro_3s,1692166,0,NaN,0.004686948447623532,NaN,NaN,NaN,NaN,1.0,1
arrival_burst,fwd_mid_5s,1692166,0,NaN,0.00010130617074419619,NaN,NaN,NaN,NaN,1.0,1
arrival_burst,fwd_micro_5s,1692166,0,NaN,0.00008748432779614127,NaN,NaN,NaN,NaN,1.0,1
arrival_burst,fwd_mid_10s,1692166,0,NaN,0.00029620037383089575,NaN,NaN,NaN,NaN,1.0,1
arrival_burst,fwd_micro_10s,1692166,0,NaN,0.00028677208224150546,NaN,NaN,NaN,NaN,1.0,1
arrival_burst,fwd_mid_30s,1692166,0,NaN,0.0016571868586518575,NaN,NaN,NaN,NaN,1.0,1
arrival_burst,fwd_micro_30s,1692166,0,NaN,0.0015384171005431641,NaN,NaN,NaN,NaN,1.0,1
arrival_burst,fwd_mid_60s,1692166,0,NaN,0.0025111988587967556,NaN,NaN,NaN,NaN,1.0,1
arrival_burst,fwd_micro_60s,1692166,0,NaN,0.0023234538463294757,NaN,NaN,NaN,NaN,1.0,1
trade_buy_vol,fwd_mid_100ms,1692166,0,NaN,-0.0006934900259224473,NaN,NaN,NaN,NaN,0.7034587623200088,2
trade_buy_vol,fwd_micro_100ms,1692166,0,NaN,-0.0008375218776708756,NaN,NaN,NaN,NaN,0.7034587623200088,2
trade_buy_vol,fwd_mid_300ms,1692166,0,NaN,-0.0003905058392330784,NaN,NaN,NaN,NaN,0.7034587623200088,2
trade_buy_vol,fwd_micro_300ms,1692166,0,NaN,-0.00015866325018906298,NaN,NaN,NaN,NaN,0.7034587623200088,2
trade_buy_vol,fwd_mid_500ms,1692166,0,NaN,0.00046815732310721305,NaN,NaN,NaN,NaN,0.7034587623200088,2
trade_buy_vol,fwd_micro_500ms,1692166,0,NaN,0.0011018561970716138,NaN,NaN,NaN,NaN,0.7034587623200088,2
trade_buy_vol,fwd_mid_1s,1692166,0,NaN,-0.0007313335363060479,NaN,NaN,NaN,NaN,0.7034587623200088,2
trade_buy_vol,fwd_micro_1s,1692166,0,NaN,0.0006615044195149621,NaN,NaN,NaN,NaN,0.7034587623200088,2
trade_buy_vol,fwd_mid_3s,1692166,0,NaN,0.010257094372508877,NaN,NaN,NaN,NaN,0.7034587623200088,2
trade_buy_vol,fwd_micro_3s,1692166,0,NaN,0.009785576262458358,NaN,NaN,NaN,NaN,0.7034587623200088,2
trade_buy_vol,fwd_mid_5s,1692166,0,NaN,0.008016790950043463,NaN,NaN,NaN,NaN,0.7034587623200088,2
trade_buy_vol,fwd_micro_5s,1692166,0,NaN,0.007821181345842232,NaN,NaN,NaN,NaN,0.7034587623200088,2
trade_buy_vol,fwd_mid_10s,1692166,0,NaN,0.010916456048156279,NaN,NaN,NaN,NaN,0.7034587623200088,2
trade_buy_vol,fwd_micro_10s,1692166,0,NaN,0.01040101210010304,NaN,NaN,NaN,NaN,0.7034587623200088,2
trade_buy_vol,fwd_mid_30s,1692166,0,NaN,0.02255310819498039,NaN,NaN,NaN,NaN,0.7034587623200088,2
trade_buy_vol,fwd_micro_30s,1692166,0,NaN,0.021542351029716897,NaN,NaN,NaN,NaN,0.7034587623200088,2
trade_buy_vol,fwd_mid_60s,1692166,0,NaN,0.04067027917575681,NaN,NaN,NaN,NaN,0.7034587623200088,2
trade_buy_vol,fwd_micro_60s,1692166,0,NaN,0.039561853130041666,NaN,NaN,NaN,NaN,0.7034587623200088,2
trade_buy_cnt,fwd_mid_100ms,1692166,0,NaN,-0.0006172352376161049,NaN,NaN,NaN,NaN,0.7118657389405059,2
trade_buy_cnt,fwd_micro_100ms,1692166,0,NaN,-0.0008606218927225093,NaN,NaN,NaN,NaN,0.7118657389405059,2
trade_buy_cnt,fwd_mid_300ms,1692166,0,NaN,-0.00031399349104470505,NaN,NaN,NaN,NaN,0.7118657389405059,2
trade_buy_cnt,fwd_micro_300ms,1692166,0,NaN,-0.000316720108599756,NaN,NaN,NaN,NaN,0.7118657389405059,2
trade_buy_cnt,fwd_mid_500ms,1692166,0,NaN,0.0004776600180621283,NaN,NaN,NaN,NaN,0.7118657389405059,2
trade_buy_cnt,fwd_micro_500ms,1692166,0,NaN,0.0008906815863299438,NaN,NaN,NaN,NaN,0.7118657389405059,2
trade_buy_cnt,fwd_mid_1s,1692166,0,NaN,-0.0006617907329690062,NaN,NaN,NaN,NaN,0.7118657389405059,2
trade_buy_cnt,fwd_micro_1s,1692166,0,NaN,0.0007498844235166627,NaN,NaN,NaN,NaN,0.7118657389405059,2
trade_buy_cnt,fwd_mid_3s,1692166,0,NaN,0.010982623758041796,NaN,NaN,NaN,NaN,0.7118657389405059,2
trade_buy_cnt,fwd_micro_3s,1692166,0,NaN,0.01025306896182397,NaN,NaN,NaN,NaN,0.7118657389405059,2
trade_buy_cnt,fwd_mid_5s,1692166,0,NaN,0.008236208109555731,NaN,NaN,NaN,NaN,0.7118657389405059,2
trade_buy_cnt,fwd_micro_5s,1692166,0,NaN,0.00787325700450051,NaN,NaN,NaN,NaN,0.7118657389405059,2
trade_buy_cnt,fwd_mid_10s,1692166,0,NaN,0.010352739014949966,NaN,NaN,NaN,NaN,0.7118657389405059,2
trade_buy_cnt,fwd_micro_10s,1692166,0,NaN,0.00973870411027564,NaN,NaN,NaN,NaN,0.7118657389405059,2
trade_buy_cnt,fwd_mid_30s,1692166,0,NaN,0.02065425323285513,NaN,NaN,NaN,NaN,0.7118657389405059,2
trade_buy_cnt,fwd_micro_30s,1692166,0,NaN,0.019437183087492718,NaN,NaN,NaN,NaN,0.7118657389405059,2
trade_buy_cnt,fwd_mid_60s,1692166,0,NaN,0.036781136228066766,NaN,NaN,NaN,NaN,0.7118657389405059,2
trade_buy_cnt,fwd_micro_60s,1692166,0,NaN,0.035213157463407474,NaN,NaN,NaN,NaN,0.7118657389405059,2
trade_sell_vol,fwd_mid_100ms,1692166,0,NaN,-0.0005892521824300649,NaN,NaN,NaN,NaN,0.7463381252193934,2
trade_sell_vol,fwd_micro_100ms,1692166,0,NaN,-0.0008978450580091973,NaN,NaN,NaN,NaN,0.7463381252193934,2
trade_sell_vol,fwd_mid_300ms,1692166,0,NaN,-0.0007501713100114922,NaN,NaN,NaN,NaN,0.7463381252193934,2
trade_sell_vol,fwd_micro_300ms,1692166,0,NaN,0.0002046977449584944,NaN,NaN,NaN,NaN,0.7463381252193934,2
trade_sell_vol,fwd_mid_500ms,1692166,0,NaN,-0.0012047068720871731,NaN,NaN,NaN,NaN,0.7463381252193934,2
trade_sell_vol,fwd_micro_500ms,1692166,0,NaN,0.00009537237314402831,NaN,NaN,NaN,NaN,0.7463381252193934,2
trade_sell_vol,fwd_mid_1s,1692166,0,NaN,-0.004231491012379592,NaN,NaN,NaN,NaN,0.7463381252193934,2
trade_sell_vol,fwd_micro_1s,1692166,0,NaN,-0.002395592128843896,NaN,NaN,NaN,NaN,0.7463381252193934,2
trade_sell_vol,fwd_mid_3s,1692166,0,NaN,0.00026524330163240874,NaN,NaN,NaN,NaN,0.7463381252193934,2
trade_sell_vol,fwd_micro_3s,1692166,0,NaN,0.0009322374486416183,NaN,NaN,NaN,NaN,0.7463381252193934,2
trade_sell_vol,fwd_mid_5s,1692166,0,NaN,-0.004867573758161634,NaN,NaN,NaN,NaN,0.7463381252193934,2
trade_sell_vol,fwd_micro_5s,1692166,0,NaN,-0.003951490741759167,NaN,NaN,NaN,NaN,0.7463381252193934,2
trade_sell_vol,fwd_mid_10s,1692166,0,NaN,-0.00583068287265107,NaN,NaN,NaN,NaN,0.7463381252193934,2
trade_sell_vol,fwd_micro_10s,1692166,0,NaN,-0.004476937135702913,NaN,NaN,NaN,NaN,0.7463381252193934,2
trade_sell_vol,fwd_mid_30s,1692166,0,NaN,-0.008753999844498421,NaN,NaN,NaN,NaN,0.7463381252193934,2
trade_sell_vol,fwd_micro_30s,1692166,0,NaN,-0.007305638448970517,NaN,NaN,NaN,NaN,0.7463381252193934,2
trade_sell_vol,fwd_mid_60s,1692166,0,NaN,-0.0095257286954519,NaN,NaN,NaN,NaN,0.7463381252193934,2
trade_sell_vol,fwd_micro_60s,1692166,0,NaN,-0.0080128090391324,NaN,NaN,NaN,NaN,0.7463381252193934,2
trade_sell_cnt,fwd_mid_100ms,1692166,0,NaN,-0.0006193323155271935,NaN,NaN,NaN,NaN,0.7510007883387327,2
trade_sell_cnt,fwd_micro_100ms,1692166,0,NaN,-0.000832639094711561,NaN,NaN,NaN,NaN,0.7510007883387327,2
trade_sell_cnt,fwd_mid_300ms,1692166,0,NaN,-0.0009980898381765023,NaN,NaN,NaN,NaN,0.7510007883387327,2
trade_sell_cnt,fwd_micro_300ms,1692166,0,NaN,0.00013292186294293674,NaN,NaN,NaN,NaN,0.7510007883387327,2
trade_sell_cnt,fwd_mid_500ms,1692166,0,NaN,-0.0013860732826676745,NaN,NaN,NaN,NaN,0.7510007883387327,2
trade_sell_cnt,fwd_micro_500ms,1692166,0,NaN,0.00003939667395192751,NaN,NaN,NaN,NaN,0.7510007883387327,2
trade_sell_cnt,fwd_mid_1s,1692166,0,NaN,-0.0043820737702575515,NaN,NaN,NaN,NaN,0.7510007883387327,2
trade_sell_cnt,fwd_micro_1s,1692166,0,NaN,-0.0023176639131956083,NaN,NaN,NaN,NaN,0.7510007883387327,2
trade_sell_cnt,fwd_mid_3s,1692166,0,NaN,0.00029850506071214046,NaN,NaN,NaN,NaN,0.7510007883387327,2
trade_sell_cnt,fwd_micro_3s,1692166,0,NaN,0.0013320853601550813,NaN,NaN,NaN,NaN,0.7510007883387327,2
trade_sell_cnt,fwd_mid_5s,1692166,0,NaN,-0.004668494712053748,NaN,NaN,NaN,NaN,0.7510007883387327,2
trade_sell_cnt,fwd_micro_5s,1692166,0,NaN,-0.003510963366393921,NaN,NaN,NaN,NaN,0.7510007883387327,2
trade_sell_cnt,fwd_mid_10s,1692166,0,NaN,-0.006458950286823032,NaN,NaN,NaN,NaN,0.7510007883387327,2
trade_sell_cnt,fwd_micro_10s,1692166,0,NaN,-0.004908522044307761,NaN,NaN,NaN,NaN,0.7510007883387327,2
trade_sell_cnt,fwd_mid_30s,1692166,0,NaN,-0.009230077923736936,NaN,NaN,NaN,NaN,0.7510007883387327,2
trade_sell_cnt,fwd_micro_30s,1692166,0,NaN,-0.007195016567390618,NaN,NaN,NaN,NaN,0.7510007883387327,2
trade_sell_cnt,fwd_mid_60s,1692166,0,NaN,-0.009703227197913094,NaN,NaN,NaN,NaN,0.7510007883387327,2
trade_sell_cnt,fwd_micro_60s,1692166,0,NaN,-0.007721967682114004,NaN,NaN,NaN,NaN,0.7510007883387327,2
trade_dollar_imb,fwd_mid_100ms,1692166,98,-0.005712551572201019,0.00011086516679206232,0.013109545797694931,0.006861761170947946,1.9105220177582862,0.6000000000000001,0.6956226516783814,4
trade_dollar_imb,fwd_micro_100ms,1692166,98,-0.004744364054141879,-0.00033547892390938303,0.011644354922994354,0.005523326062041793,2.1082142883105144,0.19999999999999998,0.6956226516783814,4
trade_dollar_imb,fwd_mid_300ms,1692166,98,-0.021514712130605237,0.0014316345467180404,0.03147992839552821,0.01036594205550078,3.0368613124576656,0.6000000000000001,0.6956226516783814,4
trade_dollar_imb,fwd_micro_300ms,1692166,98,-0.02184823527162879,0.0012624720561921787,0.04108580732685375,0.011604170593145354,3.5406069737653936,0.6000000000000001,0.6956226516783814,4
trade_dollar_imb,fwd_mid_500ms,1692166,98,-0.03717365215359328,0.0030052866073776246,0.0525338274956297,0.013419281299259393,3.9148018678562937,1.0,0.6956226516783814,4
trade_dollar_imb,fwd_micro_500ms,1692166,98,-0.0337081043924675,0.003069772557041788,0.057666706655305905,0.014320388955347202,4.026895277434017,0.7999999999999999,0.6956226516783814,4
trade_dollar_imb,fwd_mid_1s,1692166,98,-0.062421551413736356,0.003177793490591567,0.07124477364877066,0.020460353740246545,3.482089046614507,1.0,0.6956226516783814,4
trade_dollar_imb,fwd_micro_1s,1692166,98,-0.06112857225228056,0.004015666963689597,0.09113515819781626,0.01745120147793209,5.222285600969148,0.39999999999999997,0.6956226516783814,4
trade_dollar_imb,fwd_mid_3s,1692166,98,-0.09725860957314268,0.01640440563121733,0.12779735879781334,0.02824399976487061,4.5247613603497285,1.0,0.6956226516783814,4
trade_dollar_imb,fwd_micro_3s,1692166,98,-0.09416694524821327,0.015900709083552927,0.1569091976328256,0.022453049085183627,6.988324705367844,1.0,0.6956226516783814,4
trade_dollar_imb,fwd_mid_5s,1692166,98,-0.13585376132700192,0.01511283173852647,0.16757519254740805,0.03365776580339148,4.978797271520695,0.39999999999999997,0.6956226516783814,4
trade_dollar_imb,fwd_micro_5s,1692166,98,-0.13348933836534999,0.015257266374858544,0.19804994611857235,0.028395932789169524,6.974588494381508,0.39999999999999997,0.6956226516783814,4
trade_dollar_imb,fwd_mid_10s,1692166,98,-0.14784302071605376,0.017654172555025896,0.17632991736401651,0.049368620717583495,3.5717002987124884,1.0,0.6956226516783814,4
trade_dollar_imb,fwd_micro_10s,1692166,98,-0.14703500140068607,0.017686234121468913,0.22085539213027003,0.04070837437640255,5.425306107489604,0.7999999999999999,0.6956226516783814,4
trade_dollar_imb,fwd_mid_30s,1692166,98,-0.2095206544726329,0.033737630177725894,0.2561264511235329,0.07265820993236806,3.5250861721193147,1.0,0.6956226516783814,4
trade_dollar_imb,fwd_micro_30s,1692166,98,-0.19588094661104816,0.03250832471387873,0.278855171700244,0.06827617232807136,4.084223854265396,1.0,0.6956226516783814,4
trade_dollar_imb,fwd_mid_60s,1692166,98,-0.2502829096892214,0.05601790189723079,0.3644055229431066,0.10679817590032908,3.4120950088435333,0.7999999999999999,0.6956226516783814,4
trade_dollar_imb,fwd_micro_60s,1692166,98,-0.23250096238625284,0.05441949336397896,0.3811741743899382,0.10351993979730217,3.682132883155637,0.39999999999999997,0.6956226516783814,4
trade_imb,fwd_mid_100ms,1692166,88,-0.007437733401045651,0.0001821584935568137,0.015514953263788978,0.007725210613867575,2.0083534338776454,0.39999999999999997,0.6997227222388347,4
trade_imb,fwd_micro_100ms,1692166,88,-0.006197572631534259,-0.000485118184229405,0.012559621228442903,0.005568177300718071,2.25560727508142,0.19999999999999998,0.6997227222388347,4
trade_imb,fwd_mid_300ms,1692166,88,-0.02117030908691987,0.0017121495586470627,0.0309646919970895,0.011581115873744717,2.6737226649539743,0.7999999999999999,0.6997227222388347,4
trade_imb,fwd_micro_300ms,1692166,88,-0.023552944227475135,0.0010840984754750687,0.04306976622367253,0.012326394979634383,3.4941088854309967,0.7999999999999999,0.6997227222388347,4
trade_imb,fwd_mid_500ms,1692166,88,-0.03561408653309705,0.00322033337290696,0.048141678802819235,0.014767498991139383,3.259975086621277,0.7999999999999999,0.6997227222388347,4
trade_imb,fwd_micro_500ms,1692166,88,-0.03477042720957932,0.0028538645052651754,0.05602022318041302,0.01499393065261456,3.736193295694916,1.0,0.6997227222388347,4
trade_imb,fwd_mid_1s,1692166,88,-0.06226877033486287,0.0033227884751117313,0.06416464442518839,0.0216330570621189,2.966046095146926,1.0,0.6997227222388347,4
trade_imb,fwd_micro_1s,1692166,88,-0.06483187934220525,0.003941777338605126,0.08975555633225119,0.017274352646124466,5.195885378222148,1.0,0.6997227222388347,4
trade_imb,fwd_mid_3s,1692166,88,-0.09847838583543653,0.016701539590443314,0.1146866928591057,0.029194939699249692,3.9283072354505713,1.0,0.6997227222388347,4
trade_imb,fwd_micro_3s,1692166,88,-0.10211137989464611,0.01574272005558033,0.15079634014232568,0.02070519655730719,7.283019010467075,1.0,0.6997227222388347,4
trade_imb,fwd_mid_5s,1692166,88,-0.13471876845667666,0.014615884185542216,0.15129998488935933,0.033148855501986874,4.564259688552165,1.0,0.6997227222388347,4
trade_imb,fwd_micro_5s,1692166,88,-0.13968260373365732,0.014558747722404682,0.1908907000545164,0.023944540479400672,7.97220143851741,1.0,0.6997227222388347,4
trade_imb,fwd_mid_10s,1692166,88,-0.14584759582871393,0.01674591048102609,0.15399794727649893,0.04993037914883118,3.0842535126253665,1.0,0.6997227222388347,4
trade_imb,fwd_micro_10s,1692166,88,-0.15688462721072377,0.016586501454968674,0.2143971419914625,0.037930702072691884,5.652337823343829,1.0,0.6997227222388347,4
trade_imb,fwd_mid_30s,1692166,88,-0.2195999113598931,0.02960745126242888,0.23179221081629117,0.06913425219757291,3.352783944981019,1.0,0.6997227222388347,4
trade_imb,fwd_micro_30s,1692166,88,-0.21378363116921398,0.027899525604119933,0.2684486845782807,0.061918201248899796,4.335537518268114,1.0,0.6997227222388347,4
trade_imb,fwd_mid_60s,1692166,88,-0.27713694216395657,0.04843794695694866,0.3203370523212828,0.1074785079815344,2.9804754302722465,0.7999999999999999,0.6997227222388347,4
trade_imb,fwd_micro_60s,1692166,88,-0.270671808591107,0.046350985583627845,0.3546341656396102,0.10339754995246682,3.429812077777859,0.39999999999999997,0.6997227222388347,4
signed_vol,fwd_mid_100ms,1692166,98,-0.00577545068455511,0.00010673677210132278,0.013065604826969677,0.006870338833848909,1.901740968378127,0.6000000000000001,0.6956894299968206,4
signed_vol,fwd_micro_100ms,1692166,98,-0.0046751173449269936,-0.0003410957123225745,0.011331765220448252,0.005561350961988564,2.0375921782135413,0.7999999999999999,0.6956894299968206,4
signed_vol,fwd_mid_300ms,1692166,98,-0.021439853526879868,0.0014397790069573563,0.03128281878825975,0.010391690213119038,3.0103686836975387,0.6000000000000001,0.6956894299968206,4
signed_vol,fwd_micro_300ms,1692166,98,-0.02200465001234609,0.0012636343702569336,0.04079109386622532,0.011647635685432183,3.5020921814410078,0.7999999999999999,0.6956894299968206,4
signed_vol,fwd_mid_500ms,1692166,98,-0.03700799339482872,0.003009515681408962,0.05214181014357784,0.01344960850532795,3.876827353221642,1.0,0.6956894299968206,4
signed_vol,fwd_micro_500ms,1692166,98,-0.033600344908285854,0.003060370502983663,0.05704151791413997,0.014358283783832707,3.9727253460729193,0.7999999999999999,0.6956894299968206,4
signed_vol,fwd_mid_1s,1692166,98,-0.06211461265934728,0.003153563306539576,0.07038839327885939,0.02051015718195629,3.4318797586194623,1.0,0.6956894299968206,4
signed_vol,fwd_micro_1s,1692166,98,-0.06077359067534697,0.0039893850778246545,0.08989028238680083,0.01754818022078449,5.122484568532787,1.0,0.6956894299968206,4
signed_vol,fwd_mid_3s,1692166,98,-0.09657760236359555,0.01635715048356557,0.12613789895055835,0.028301708581274974,4.456900493774921,1.0,0.6956894299968206,4
signed_vol,fwd_micro_3s,1692166,98,-0.09348707134924913,0.0158566582829528,0.1549112561057927,0.022632932884324344,6.844506494033959,1.0,0.6956894299968206,4
signed_vol,fwd_mid_5s,1692166,98,-0.1359011773999111,0.015076472965772345,0.16647598320294982,0.03373437759249247,4.934906024173951,0.39999999999999997,0.6956894299968206,4
signed_vol,fwd_micro_5s,1692166,98,-0.13377653954166263,0.015234799090559682,0.19695573951819556,0.028547407603737418,6.899251317391432,0.39999999999999997,0.6956894299968206,4
signed_vol,fwd_mid_10s,1692166,98,-0.14748673763967043,0.017644922515270625,0.1746249835512124,0.049528361424594394,3.525757334352243,1.0,0.6956894299968206,4
signed_vol,fwd_micro_10s,1692166,98,-0.14686657477730627,0.017688693868747336,0.2190588358154777,0.041028580950502866,5.339176514043993,1.0,0.6956894299968206,4
signed_vol,fwd_mid_30s,1692166,98,-0.21182903763817676,0.03380968240190569,0.2584191481026851,0.0728829369654123,3.545674184690469,1.0,0.6956894299968206,4
signed_vol,fwd_micro_30s,1692166,98,-0.1981902708049114,0.03257213594070904,0.2807587272919249,0.06847136909324879,4.10038138582521,0.7999999999999999,0.6956894299968206,4
signed_vol,fwd_mid_60s,1692166,98,-0.2555561733301738,0.055883661010783126,0.3663749682105459,0.10676246988212032,3.431683143103298,0.39999999999999997,0.6956894299968206,4
signed_vol,fwd_micro_60s,1692166,98,-0.23801511187316438,0.05427712640716907,0.3828660565879445,0.10342675383448612,3.7018086944954804,0.39999999999999997,0.6956894299968206,4
signed_cnt,fwd_mid_100ms,1692166,98,-0.00983354707516651,0.00026746933675795247,0.016440449416743972,0.0071373587262566224,2.30343605348902,0.39999999999999997,0.7023371229536582,4
signed_cnt,fwd_micro_100ms,1692166,98,-0.009573719868717325,-0.0002752399737714348,0.015120911501901913,0.005975164283332015,2.5306269057877397,0.19999999999999998,0.7023371229536582,4
signed_cnt,fwd_mid_300ms,1692166,98,-0.02758565627936455,0.0016059747863516262,0.03423971905346862,0.010769039750355534,3.179458879083273,0.7999999999999999,0.7023371229536582,4
signed_cnt,fwd_micro_300ms,1692166,98,-0.02975193327141977,0.001007256327698257,0.04431011718049229,0.011589821175507838,3.8231924815311684,0.19999999999999998,0.7023371229536582,4
signed_cnt,fwd_mid_500ms,1692166,98,-0.04849955578474705,0.0033734834181210166,0.058884647743765436,0.013009494184979972,4.526282644543577,1.0,0.7023371229536582,4
signed_cnt,fwd_micro_500ms,1692166,98,-0.0456221191888808,0.002946396724147609,0.06120619006269751,0.013461311519281963,4.546822200424219,0.39999999999999997,0.7023371229536582,4
signed_cnt,fwd_mid_1s,1692166,98,-0.08276745292901734,0.003623538861731021,0.08304424844447891,0.020121354027410197,4.1271699872360665,0.39999999999999997,0.7023371229536582,4
signed_cnt,fwd_micro_1s,1692166,98,-0.0809237894800524,0.004142220203553562,0.09947932866186536,0.01587533102854022,6.266283738148468,0.39999999999999997,0.7023371229536582,4
signed_cnt,fwd_mid_3s,1692166,98,-0.12051793921526334,0.017364898989759046,0.1397633425308099,0.02921061558491523,4.78467638330038,1.0,0.7023371229536582,4
signed_cnt,fwd_micro_3s,1692166,98,-0.11904354452539982,0.016333109852120293,0.16354011463911655,0.022490744157859233,7.271440797656693,0.7999999999999999,0.7023371229536582,4
signed_cnt,fwd_mid_5s,1692166,98,-0.15661097114972888,0.016008306753750465,0.1772458775090647,0.03436632965525124,5.157544587598437,1.0,0.7023371229536582,4
signed_cnt,fwd_micro_5s,1692166,98,-0.15358037713136047,0.01585436279232315,0.19973135804734854,0.026920300038758678,7.4193585420587445,0.7999999999999999,0.7023371229536582,4
signed_cnt,fwd_mid_10s,1692166,98,-0.1707563136237815,0.018350938010032843,0.18117544411985043,0.04939276731875291,3.668056153862505,1.0,0.7023371229536582,4
signed_cnt,fwd_micro_10s,1692166,98,-0.17113563134364723,0.017913001399686615,0.21873478672262045,0.03906626225511371,5.599071272655177,1.0,0.7023371229536582,4
signed_cnt,fwd_mid_30s,1692166,98,-0.23790501000843248,0.03180343902868321,0.24577079916205616,0.07439937374533738,3.3033987625125496,1.0,0.7023371229536582,4
signed_cnt,fwd_micro_30s,1692166,98,-0.222168833694671,0.029851940955227495,0.25999665993169263,0.0687366743492274,3.7825027526170243,0.7999999999999999,0.7023371229536582,4
signed_cnt,fwd_mid_60s,1692166,98,-0.3094881416384783,0.052251826055336036,0.3222424798599275,0.105523798796265,3.053742222473261,0.7999999999999999,0.7023371229536582,4
signed_cnt,fwd_micro_60s,1692166,98,-0.2904143242619708,0.05000785272696122,0.3314338354460904,0.10254101471292291,3.232207486672363,0.39999999999999997,0.7023371229536582,4
aggr_buy_int,fwd_mid_100ms,1692166,0,NaN,-0.0005881246416932163,NaN,NaN,NaN,-0.2333333333333333,0.1781178678687552,9
aggr_buy_int,fwd_micro_100ms,1692166,0,NaN,-0.0007203596370653629,NaN,NaN,NaN,-0.48333333333333334,0.1781178678687552,9
aggr_buy_int,fwd_mid_300ms,1692166,0,NaN,0.0010157428128017756,NaN,NaN,NaN,0.6166666666666666,0.1781178678687552,9
aggr_buy_int,fwd_micro_300ms,1692166,0,NaN,0.004297063585537573,NaN,NaN,NaN,0.33333333333333337,0.1781178678687552,9
aggr_buy_int,fwd_mid_500ms,1692166,0,NaN,0.0027729074778268382,NaN,NaN,NaN,0.8166666666666667,0.1781178678687552,9
aggr_buy_int,fwd_micro_500ms,1692166,0,NaN,0.004673943022966238,NaN,NaN,NaN,0.5833333333333334,0.1781178678687552,9
aggr_buy_int,fwd_mid_1s,1692166,0,NaN,0.0025651600386871346,NaN,NaN,NaN,0.7666666666666667,0.1781178678687552,9
aggr_buy_int,fwd_micro_1s,1692166,0,NaN,0.00822803722561908,NaN,NaN,NaN,0.3,0.1781178678687552,9
aggr_buy_int,fwd_mid_3s,1692166,0,NaN,0.03876780777001085,NaN,NaN,NaN,0.9333333333333332,0.1781178678687552,9
aggr_buy_int,fwd_micro_3s,1692166,0,NaN,0.041440587585884724,NaN,NaN,NaN,0.7666666666666667,0.1781178678687552,9
aggr_buy_int,fwd_mid_5s,1692166,0,NaN,0.04472812082949279,NaN,NaN,NaN,0.8166666666666667,0.1781178678687552,9
aggr_buy_int,fwd_micro_5s,1692166,0,NaN,0.046162541732300846,NaN,NaN,NaN,0.8166666666666667,0.1781178678687552,9
aggr_buy_int,fwd_mid_10s,1692166,0,NaN,0.06265496126826078,NaN,NaN,NaN,0.8166666666666667,0.1781178678687552,9
aggr_buy_int,fwd_micro_10s,1692166,0,NaN,0.06457272582080723,NaN,NaN,NaN,0.7999999999999999,0.1781178678687552,9
aggr_buy_int,fwd_mid_30s,1692166,0,NaN,0.13514407333116288,NaN,NaN,NaN,0.8499999999999999,0.1781178678687552,9
aggr_buy_int,fwd_micro_30s,1692166,0,NaN,0.13259104607676084,NaN,NaN,NaN,0.7666666666666667,0.1781178678687552,9
aggr_buy_int,fwd_mid_60s,1692166,0,NaN,0.2320731233857955,NaN,NaN,NaN,0.9166666666666666,0.1781178678687552,9
aggr_buy_int,fwd_micro_60s,1692166,0,NaN,0.2267704965487335,NaN,NaN,NaN,0.9,0.1781178678687552,9
aggr_sell_int,fwd_mid_100ms,1692166,0,NaN,-0.0008486264570301245,NaN,NaN,NaN,-0.7142857142857144,0.21964216276653709,7
aggr_sell_int,fwd_micro_100ms,1692166,0,NaN,-0.0026734517630251247,NaN,NaN,NaN,-0.39285714285714296,0.21964216276653709,7
aggr_sell_int,fwd_mid_300ms,1692166,0,NaN,-0.002027827487826667,NaN,NaN,NaN,0.14285714285714288,0.21964216276653709,7
aggr_sell_int,fwd_micro_300ms,1692166,0,NaN,-0.0018320154216651544,NaN,NaN,NaN,0.21428571428571433,0.21964216276653709,7
aggr_sell_int,fwd_mid_500ms,1692166,0,NaN,-0.0068550788652529185,NaN,NaN,NaN,-0.28571428571428575,0.21964216276653709,7
aggr_sell_int,fwd_micro_500ms,1692166,0,NaN,-0.007184683956223478,NaN,NaN,NaN,-0.07142857142857144,0.21964216276653709,7
aggr_sell_int,fwd_mid_1s,1692166,0,NaN,-0.015034785606776313,NaN,NaN,NaN,-0.28571428571428575,0.21964216276653709,7
aggr_sell_int,fwd_micro_1s,1692166,0,NaN,-0.014313799355101095,NaN,NaN,NaN,-0.07142857142857144,0.21964216276653709,7
aggr_sell_int,fwd_mid_3s,1692166,0,NaN,-0.005244757888547285,NaN,NaN,NaN,-0.10714285714285716,0.21964216276653709,7
aggr_sell_int,fwd_micro_3s,1692166,0,NaN,-0.009841182344067395,NaN,NaN,NaN,-0.14285714285714288,0.21964216276653709,7
aggr_sell_int,fwd_mid_5s,1692166,0,NaN,-0.030267826950544814,NaN,NaN,NaN,-0.21428571428571433,0.21964216276653709,7
aggr_sell_int,fwd_micro_5s,1692166,0,NaN,-0.031903310309267255,NaN,NaN,NaN,-0.25,0.21964216276653709,7
aggr_sell_int,fwd_mid_10s,1692166,0,NaN,-0.04036426490240418,NaN,NaN,NaN,-0.21428571428571433,0.21964216276653709,7
aggr_sell_int,fwd_micro_10s,1692166,0,NaN,-0.0412615279529155,NaN,NaN,NaN,-0.21428571428571433,0.21964216276653709,7
aggr_sell_int,fwd_mid_30s,1692166,0,NaN,-0.08528988987495899,NaN,NaN,NaN,-0.07142857142857144,0.21964216276653709,7
aggr_sell_int,fwd_micro_30s,1692166,0,NaN,-0.082013417048726,NaN,NaN,NaN,0.03571428571428572,0.21964216276653709,7
aggr_sell_int,fwd_mid_60s,1692166,0,NaN,-0.13261764617449698,NaN,NaN,NaN,0.0,0.21964216276653709,7
aggr_sell_int,fwd_micro_60s,1692166,0,NaN,-0.12218698805949899,NaN,NaN,NaN,0.0,0.21964216276653709,7
aggr_imb,fwd_mid_100ms,1692166,22,-0.0026813439451484566,0.0018571818983461514,0.006613819152518561,0.007169598028013819,0.9224811665418815,0.32121212121212117,0.25394021626719837,10
aggr_imb,fwd_micro_100ms,1692166,22,-0.003241520194279004,-0.0003603878131627834,0.0035551873921337105,0.00463986102410433,0.7662271291455324,0.406060606060606,0.25394021626719837,10
aggr_imb,fwd_mid_300ms,1692166,22,-0.004188738857788446,0.0020817219312267853,0.005398104953070724,0.005858483377222132,0.9214167909153133,0.4424242424242424,0.25394021626719837,10
aggr_imb,fwd_micro_300ms,1692166,22,-0.002178505233282554,0.002256520861682402,0.007943094497133228,0.00785390781898139,1.0113557072743191,0.4424242424242424,0.25394021626719837,10
aggr_imb,fwd_mid_500ms,1692166,22,-0.012761900828599761,0.004785579637363901,0.014065024880671618,0.0067424764174495895,2.086032491603709,0.6121212121212121,0.25394021626719837,10
aggr_imb,fwd_micro_500ms,1692166,22,-0.009059315038678245,0.004345675483347581,0.014723081722554023,0.00964107964881845,1.5271196026638354,0.6484848484848483,0.25394021626719837,10
aggr_imb,fwd_mid_1s,1692166,22,-0.024200343900877552,0.007909665353094739,0.025188879400126964,0.011538360797903883,2.183055274602169,0.7939393939393938,0.25394021626719837,10
aggr_imb,fwd_micro_1s,1692166,22,-0.02101495188068312,0.010048210554848102,0.03608330836918289,0.01201464750545097,3.0032764883707253,0.7939393939393938,0.25394021626719837,10
aggr_imb,fwd_mid_3s,1692166,22,-0.042836889404262765,0.028363004523163166,0.05974396309066239,0.027059678180482535,2.2078593356573695,0.5272727272727272,0.25394021626719837,10
aggr_imb,fwd_micro_3s,1692166,22,-0.06507100984974545,0.03336638705842706,0.10873778327096204,0.021029946102596543,5.170616355385538,0.5272727272727272,0.25394021626719837,10
aggr_imb,fwd_mid_5s,1692166,22,-0.05501780286783642,0.03331906786203048,0.08018714332595665,0.027794953197388395,2.8849533494983906,0.8181818181818182,0.25394021626719837,10
aggr_imb,fwd_micro_5s,1692166,22,-0.0749548586142749,0.0389687127015081,0.12687587408141449,0.021334910973387834,5.946866815599723,0.8545454545454544,0.25394021626719837,10
aggr_imb,fwd_mid_10s,1692166,22,-0.0887285001473264,0.042844570409619476,0.11927754553992692,0.044511181308875644,2.6797209607227988,0.7939393939393938,0.25394021626719837,10
aggr_imb,fwd_micro_10s,1692166,22,-0.11744301155549576,0.04954826333866849,0.1782652725070473,0.036282732372814715,4.913226233220923,0.8545454545454544,0.25394021626719837,10
aggr_imb,fwd_mid_30s,1692166,22,-0.20631558028260671,0.08982752529443054,0.2547773224433218,0.08694866480436302,2.9302039659444805,0.8424242424242423,0.25394021626719837,10
aggr_imb,fwd_micro_30s,1692166,22,-0.2305028630963999,0.09019220586626088,0.3011916307710358,0.07894799680027771,3.8150636238812874,0.8424242424242423,0.25394021626719837,10
aggr_imb,fwd_mid_60s,1692166,22,-0.3061044731974329,0.13940861168932525,0.3746513270963236,0.12539596352624005,2.9877463082607516,0.7212121212121211,0.25394021626719837,10
aggr_imb,fwd_micro_60s,1692166,22,-0.32484588501616074,0.1352498588697944,0.41426086830540004,0.12100330009248898,3.4235501675471607,0.7212121212121211,0.25394021626719837,10
aggr_mom,fwd_mid_100ms,1692166,98,0.0001841898990821333,-0.001147518874209623,-0.0004001818661059764,0.0038988604511814755,-0.10264072569837909,0.33333333333333326,0.19096767102045545,10
aggr_mom,fwd_micro_100ms,1692166,98,-0.0011545153944799136,-0.003399858365126177,-0.0005163286939094476,0.004436253108432043,-0.11638846596197477,0.10303030303030303,0.19096767102045545,10
aggr_mom,fwd_mid_300ms,1692166,98,-0.002403945199712761,-0.0003026722201244343,0.0033368932836583573,0.007362014463220321,0.45325818094069875,0.6606060606060605,0.19096767102045545,10
aggr_mom,fwd_micro_300ms,1692166,98,-0.003906130803604913,0.005256310491235661,0.020264165909533362,0.008303936813497293,2.4403082976975217,0.9151515151515152,0.19096767102045545,10
aggr_mom,fwd_mid_500ms,1692166,98,-0.01249078099236351,0.004472669763327335,0.017064051694645456,0.009871166527746984,1.7286763065621376,0.7818181818181817,0.19096767102045545,10
aggr_mom,fwd_micro_500ms,1692166,98,-0.013527348055335318,0.009096152785491352,0.03537914137742014,0.011527809818597266,3.0690254206262715,0.8303030303030302,0.19096767102045545,10
aggr_mom,fwd_mid_1s,1692166,98,-0.02452849656202383,0.007929271067887626,0.03754306880564479,0.013642268424899281,2.751966728430794,0.8545454545454544,0.19096767102045545,10
aggr_mom,fwd_micro_1s,1692166,98,-0.02773255526151932,0.01396799043027814,0.057144264878692376,0.013221737200157482,4.321993699739528,0.9272727272727272,0.19096767102045545,10
aggr_mom,fwd_mid_3s,1692166,98,-0.03490172265151977,0.03996501059159471,0.08858796356263822,0.02179905964309157,4.0638433498076605,0.8424242424242423,0.19096767102045545,10
aggr_mom,fwd_micro_3s,1692166,98,-0.048602698274636674,0.05053968138338585,0.12717332386132066,0.021277885484123477,5.976783922265735,0.9393939393939393,0.19096767102045545,10
aggr_mom,fwd_mid_5s,1692166,98,-0.07298200599875963,0.05569963785893399,0.1471504605500506,0.028215866058048808,5.215167248360067,0.9272727272727272,0.19096767102045545,10
aggr_mom,fwd_micro_5s,1692166,98,-0.08256078996343065,0.06651521261383175,0.1776618796889566,0.026471471192098556,6.711447142461305,0.9151515151515152,0.19096767102045545,10
aggr_mom,fwd_mid_10s,1692166,98,-0.08993196753553331,0.07988525448642049,0.19389687847840412,0.045905759155674214,4.223802896296016,0.9515151515151514,0.19096767102045545,10
aggr_mom,fwd_micro_10s,1692166,98,-0.10601042824766664,0.09657190642538842,0.23784155167737622,0.04381288951333789,5.428574885593211,0.9515151515151514,0.19096767102045545,10
aggr_mom,fwd_mid_30s,1692166,98,-0.13018347176353157,0.14854980276131927,0.31106623709856657,0.08914070552420755,3.48960932347671,0.9030303030303028,0.19096767102045545,10
aggr_mom,fwd_micro_30s,1692166,98,-0.14491050593982144,0.1633417169138074,0.35312469167110877,0.08791782398245816,4.016531297926187,0.9151515151515152,0.19096767102045545,10
aggr_mom,fwd_mid_60s,1692166,98,-0.19322850005535044,0.26372174498209017,0.47631869457094944,0.13610032188919158,3.499761704889666,0.9151515151515152,0.19096767102045545,10
aggr_mom,fwd_micro_60s,1692166,98,-0.19854025021376573,0.2767143901813166,0.509554425532141,0.13561489391491846,3.757363301495655,0.9030303030303028,0.19096767102045545,10
aggr_acc,fwd_mid_100ms,1692166,98,-0.0021457498346542617,-0.0007869815154534935,0.0015525167634532961,0.004841124332615315,0.3206934292089503,0.3714285714285715,0.4625627745741257,6
aggr_acc,fwd_micro_100ms,1692166,98,-0.0013315927201487773,-0.0007700653508737352,0.003349123746988924,0.004348939367764306,0.7701012738447617,0.3714285714285715,0.4625627745741257,6
aggr_acc,fwd_mid_300ms,1692166,98,-0.007570607350905613,0.0009311622621737787,0.011535443421796302,0.00782822795602152,1.4735701983388423,0.8285714285714287,0.4625627745741257,6
aggr_acc,fwd_micro_300ms,1692166,98,-0.005348099854971005,0.0023244885340044986,0.017561487801569128,0.008455339889100034,2.0769700605658716,0.942857142857143,0.4625627745741257,6
aggr_acc,fwd_mid_500ms,1692166,98,-0.012832613631567511,0.0012533337653935152,0.01914627642929916,0.0107164135913914,1.7866309718280704,0.8285714285714287,0.4625627745741257,6
aggr_acc,fwd_micro_500ms,1692166,98,-0.010627142929512152,0.0036086405338916845,0.02645855027473534,0.0102483200333189,2.5817451239534317,0.8285714285714287,0.4625627745741257,6
aggr_acc,fwd_mid_1s,1692166,98,-0.030278975553645875,0.004708660867980859,0.04648479867289683,0.014633165371793029,3.1766741844181703,0.6571428571428573,0.4625627745741257,6
aggr_acc,fwd_micro_1s,1692166,98,-0.03236275231058858,0.0076038580187628955,0.0654536871548715,0.013349459226527477,4.903096525798193,0.7714285714285715,0.4625627745741257,6
aggr_acc,fwd_mid_3s,1692166,98,-0.05045965522825252,0.021357187492499936,0.09962296208008442,0.018982770771984004,5.24807275380022,0.8285714285714287,0.4625627745741257,6
aggr_acc,fwd_micro_3s,1692166,98,-0.04754934845307363,0.022798035257685947,0.12585898163423825,0.017016617889150695,7.396239514462055,0.942857142857143,0.4625627745741257,6
aggr_acc,fwd_mid_5s,1692166,98,-0.07408302773295092,0.021112667273048398,0.11676287603044404,0.022693783046378112,5.14514815761752,0.8285714285714287,0.4625627745741257,6
aggr_acc,fwd_micro_5s,1692166,98,-0.07319607459957665,0.023286888953799358,0.14226374944995562,0.021224550066761688,6.702792238349736,0.8285714285714287,0.4625627745741257,6
aggr_acc,fwd_mid_10s,1692166,98,-0.06279328695786104,0.020145266164054605,0.10566376868153751,0.031481875423699617,3.3563365352114194,0.8285714285714287,0.4625627745741257,6
aggr_acc,fwd_micro_10s,1692166,98,-0.06723752945570473,0.023119858979858795,0.14541327618905514,0.029649213972904723,4.904456365080799,0.8285714285714287,0.4625627745741257,6
aggr_acc,fwd_mid_30s,1692166,98,-0.04085636891150695,0.030699622963674386,0.12437532992085679,0.03739136800850985,3.3263112997778093,0.8285714285714287,0.4625627745741257,6
aggr_acc,fwd_micro_30s,1692166,98,-0.04031543014310125,0.03247390809054786,0.15450942855742295,0.03600910621134051,4.2908432009001825,0.7142857142857143,0.4625627745741257,6
aggr_acc,fwd_mid_60s,1692166,98,-0.01236403390072226,0.05209618132682469,0.1729752598168413,0.04876635588041346,3.5470204138487853,0.2571428571428572,0.4625627745741257,6
aggr_acc,fwd_micro_60s,1692166,98,-0.012531289831413628,0.0544791173317403,0.20524339613133677,0.049471124494226755,4.148751382339985,0.2571428571428572,0.4625627745741257,6
aggr_shock,fwd_mid_100ms,1692166,0,NaN,0.00001929972642035465,NaN,NaN,NaN,NaN,1.0,1
aggr_shock,fwd_micro_100ms,1692166,0,NaN,-0.0005665004100961597,NaN,NaN,NaN,NaN,1.0,1
aggr_shock,fwd_mid_300ms,1692166,0,NaN,0.0000445886466332111,NaN,NaN,NaN,NaN,1.0,1
aggr_shock,fwd_micro_300ms,1692166,0,NaN,-0.000025121275817918956,NaN,NaN,NaN,NaN,1.0,1
aggr_shock,fwd_mid_500ms,1692166,0,NaN,-0.00030523325130969156,NaN,NaN,NaN,NaN,1.0,1
aggr_shock,fwd_micro_500ms,1692166,0,NaN,-0.00019191560400850092,NaN,NaN,NaN,NaN,1.0,1
aggr_shock,fwd_mid_1s,1692166,0,NaN,-0.001582529180604096,NaN,NaN,NaN,NaN,1.0,1
aggr_shock,fwd_micro_1s,1692166,0,NaN,-0.0007802562761396207,NaN,NaN,NaN,NaN,1.0,1
aggr_shock,fwd_mid_3s,1692166,0,NaN,0.004879088992298351,NaN,NaN,NaN,NaN,1.0,1
aggr_shock,fwd_micro_3s,1692166,0,NaN,0.004686948447623532,NaN,NaN,NaN,NaN,1.0,1
aggr_shock,fwd_mid_5s,1692166,0,NaN,0.00010130617074419619,NaN,NaN,NaN,NaN,1.0,1
aggr_shock,fwd_micro_5s,1692166,0,NaN,0.00008748432779614127,NaN,NaN,NaN,NaN,1.0,1
aggr_shock,fwd_mid_10s,1692166,0,NaN,0.00029620037383089575,NaN,NaN,NaN,NaN,1.0,1
aggr_shock,fwd_micro_10s,1692166,0,NaN,0.00028677208224150546,NaN,NaN,NaN,NaN,1.0,1
aggr_shock,fwd_mid_30s,1692166,0,NaN,0.0016571868586518575,NaN,NaN,NaN,NaN,1.0,1
aggr_shock,fwd_micro_30s,1692166,0,NaN,0.0015384171005431641,NaN,NaN,NaN,NaN,1.0,1
aggr_shock,fwd_mid_60s,1692166,0,NaN,0.0025111988587967556,NaN,NaN,NaN,NaN,1.0,1
aggr_shock,fwd_micro_60s,1692166,0,NaN,0.0023234538463294757,NaN,NaN,NaN,NaN,1.0,1
size_wgt_imb,fwd_mid_100ms,1692166,88,-0.007393594610964294,0.00018115257586546481,0.015462557028454256,0.0077259307408628205,2.0013843699985614,0.39999999999999997,0.6997262679902563,4
size_wgt_imb,fwd_micro_100ms,1692166,88,-0.0061149505125429405,-0.00048600219598325667,0.012464953509523806,0.005568477353076727,2.238485086526678,0.19999999999999998,0.6997262679902563,4
size_wgt_imb,fwd_mid_300ms,1692166,88,-0.02112113398096233,0.0017112857731282761,0.03091904913574879,0.011583520120338496,2.6692273863677003,0.7999999999999999,0.6997262679902563,4
size_wgt_imb,fwd_micro_300ms,1692166,88,-0.023454179407070532,0.001080993359594325,0.042958457299409204,0.012336507972464826,3.482221824465464,0.7999999999999999,0.6997262679902563,4
size_wgt_imb,fwd_mid_500ms,1692166,88,-0.035535399539498295,0.0032198671023603576,0.04807922195500916,0.01476891867178793,3.2554327790328794,0.7999999999999999,0.6997262679902563,4
size_wgt_imb,fwd_micro_500ms,1692166,88,-0.034618809800405784,0.0028520590786078755,0.05588502023387361,0.015006509430266823,3.7240519185066705,1.0,0.6997262679902563,4
size_wgt_imb,fwd_mid_1s,1692166,88,-0.06204800552541428,0.003324757276272593,0.0639729897894353,0.021634547886384695,2.95698297581229,1.0,0.6997262679902563,4
size_wgt_imb,fwd_micro_1s,1692166,88,-0.06454637156615822,0.003945058995455754,0.08949488086656471,0.017288302454425048,5.176614714052388,1.0,0.6997262679902563,4
size_wgt_imb,fwd_mid_3s,1692166,88,-0.09818886057857977,0.01669136890782073,0.11438384498207559,0.029183631078138785,3.919452129716633,1.0,0.6997262679902563,4
size_wgt_imb,fwd_micro_3s,1692166,88,-0.10177655615142,0.015727437199954817,0.15042576122965717,0.020703914559165454,7.265571001067762,1.0,0.6997262679902563,4
size_wgt_imb,fwd_mid_5s,1692166,88,-0.1344581723603404,0.01463202445477101,0.15107434127082986,0.03312989642284132,4.560060778417407,1.0,0.6997262679902563,4
size_wgt_imb,fwd_micro_5s,1692166,88,-0.1393924104447129,0.014573142973677398,0.19061881019879312,0.023926291205924856,7.966918422843164,1.0,0.6997262679902563,4
size_wgt_imb,fwd_mid_10s,1692166,88,-0.1458118188508197,0.016750582519721204,0.15386086372983646,0.04993235691399945,3.0813859637116137,1.0,0.6997262679902563,4
size_wgt_imb,fwd_micro_10s,1692166,88,-0.15683261943061613,0.01659048480457818,0.21423010050546967,0.037935354854089644,5.647241243147999,1.0,0.6997262679902563,4
size_wgt_imb,fwd_mid_30s,1692166,88,-0.21966132392001847,0.029577620646704158,0.23174925060213322,0.06915000910367901,3.3513986998130907,1.0,0.6997262679902563,4
size_wgt_imb,fwd_micro_30s,1692166,88,-0.21382819727983857,0.027869611108610335,0.268390202129857,0.061931422079498206,4.33366767818343,1.0,0.6997262679902563,4
size_wgt_imb,fwd_mid_60s,1692166,88,-0.2774676054301827,0.04838480507641147,0.32060683287963837,0.10759039098602047,2.97988351879208,0.7999999999999999,0.6997262679902563,4
size_wgt_imb,fwd_micro_60s,1692166,88,-0.2709456115549574,0.04629942882323735,0.35485571184959963,0.10349691772030244,3.428659709544079,0.39999999999999997,0.6997262679902563,4
d_depth,fwd_mid_100ms,1692166,98,0.0005460660018819634,-0.0034880623416091608,-0.0063926210402110465,0.004874276044892492,-1.3115016427741206,-0.3939393939393939,0.21213462508997344,10
d_depth,fwd_micro_100ms,1692166,98,0.00023221365303083077,-0.003240991033745622,-0.007028852327235169,0.005737103148351275,-1.2251570427586116,-0.4424242424242424,0.21213462508997344,10
d_depth,fwd_mid_300ms,1692166,98,0.0020273738309376957,-0.006006574085628762,-0.015720971959827267,0.007592836277632511,-2.070500585682213,-0.5151515151515151,0.21213462508997344,10
d_depth,fwd_micro_300ms,1692166,98,0.004236493463633793,-0.004114901025410126,-0.01570711529484463,0.009548408142136531,-1.6449983139629427,-0.5030303030303029,0.21213462508997344,10
d_depth,fwd_mid_500ms,1692166,98,-0.005106238514489017,-0.004635672238054195,-0.007239647833410631,0.00903973536497899,-0.8008694437514055,-0.11515151515151514,0.21213462508997344,10
d_depth,fwd_micro_500ms,1692166,98,-0.0016460910591251342,-0.0058801748067056295,-0.018456231682222213,0.0126433947740187,-1.4597528600584782,-0.3939393939393939,0.21213462508997344,10
d_depth,fwd_mid_1s,1692166,98,-0.008324774104906858,-0.007434253209324652,0.0022361567063873787,0.01279205588367402,0.1748082346357863,-0.28484848484848485,0.21213462508997344,10
d_depth,fwd_micro_1s,1692166,98,-0.006068665524098346,-0.005427382566994326,0.0005310002155153056,0.013602878197813865,0.03903587224655465,-0.13939393939393938,0.21213462508997344,10
d_depth,fwd_mid_3s,1692166,98,0.0024246598778393234,-0.001163140072954213,0.0013351609640997152,0.018664420009586263,0.07153508994193021,-0.49090909090909085,0.21213462508997344,10
d_depth,fwd_micro_3s,1692166,98,0.0022160756582799853,-0.0004493267586212053,-0.004280556725381092,0.01678913655319827,-0.2549599088564004,-0.32121212121212117,0.21213462508997344,10
d_depth,fwd_mid_5s,1692166,98,-0.017389903184761746,0.00036241738203324014,0.026593892610884462,0.020195104887012386,1.3168484521210475,0.10303030303030303,0.21213462508997344,10
d_depth,fwd_micro_5s,1692166,98,-0.017231913422889017,0.0003132862672024372,0.013175439399210608,0.02118608901243316,0.6218910621719062,0.1515151515151515,0.21213462508997344,10
d_depth,fwd_mid_10s,1692166,98,-0.011758748369439014,-0.0023617050235328328,0.022414261228102837,0.028325905720194496,0.7912990126251445,0.1515151515151515,0.21213462508997344,10
d_depth,fwd_micro_10s,1692166,98,-0.010376053429700901,-0.004829286321358916,-0.007860769818760634,0.026774766246654032,-0.2935887374831133,-0.01818181818181818,0.21213462508997344,10
d_depth,fwd_mid_30s,1692166,98,0.026130683243128516,0.0027707032961801223,-0.019400565564079597,0.0426663415876993,-0.45470421981698045,-0.17575757575757575,0.21213462508997344,10
d_depth,fwd_micro_30s,1692166,98,0.024278616034840845,0.0029947019134009367,-0.024158308030706434,0.041653707389868365,-0.5799797795809786,-0.18787878787878787,0.21213462508997344,10
d_depth,fwd_mid_60s,1692166,98,0.05338791337536626,0.015496931368027026,0.02826222015570899,0.05683943885566654,0.49722904948931285,-0.05454545454545454,0.21213462508997344,10
d_depth,fwd_micro_60s,1692166,98,0.0538605346948735,0.01650760149099337,0.00745624478565179,0.05574754532819545,0.13375019010712644,-0.01818181818181818,0.21213462508997344,10
depth_vol,fwd_mid_100ms,1692166,80,0.001507708189380877,0.0006387917126373653,0.0011446840490959788,0.0023859694895716718,0.4797563649070265,-0.3939393939393939,0.17187379961540417,10
depth_vol,fwd_micro_100ms,1692166,80,0.00032233653142363947,-0.0011008052567205331,0.00021560864759803192,0.003102671913140805,0.069491281590187,-0.19999999999999998,0.17187379961540417,10
depth_vol,fwd_mid_300ms,1692166,80,0.0018403623615750528,0.0025443767793625195,0.0027499887024223166,0.004592994370801283,0.5987354828703089,-0.17575757575757575,0.17187379961540417,10
depth_vol,fwd_micro_300ms,1692166,80,0.00029230757657780027,0.002936735753254776,0.0034852091386253356,0.007200731054186165,0.4840076809422287,-0.06666666666666665,0.17187379961540417,10
depth_vol,fwd_mid_500ms,1692166,80,0.001791157643260319,0.00231016883845621,0.007888060413145893,0.006214922451226478,1.2692130070889671,-0.07878787878787878,0.17187379961540417,10
depth_vol,fwd_micro_500ms,1692166,80,0.0010605257590391485,0.0027408714963731776,0.007042592840134152,0.00813702691122263,0.8654995143768015,-0.10303030303030303,0.17187379961540417,10
depth_vol,fwd_mid_1s,1692166,80,0.0010241119063182141,0.004346952094838423,0.02205167681555999,0.007839930696577624,2.8127387433649433,0.13939393939393938,0.17187379961540417,10
depth_vol,fwd_micro_1s,1692166,80,0.0003242428681446947,0.00524089422346798,0.028772760874415555,0.010686254346493928,2.6925019694908965,-0.01818181818181818,0.17187379961540417,10
depth_vol,fwd_mid_3s,1692166,80,0.0006205818998261805,0.01499613688822611,0.018230117602107094,0.013160502444497249,1.3852144079597495,0.5515151515151515,0.17187379961540417,10
depth_vol,fwd_micro_3s,1692166,80,0.0001528764018050251,0.013436118479105095,0.021018701273741443,0.014017002851876096,1.499514660577258,0.406060606060606,0.17187379961540417,10
depth_vol,fwd_mid_5s,1692166,80,0.0012175660719788706,0.004384610772001757,0.02321250698454098,0.02336614655221967,0.9934246938263728,0.29696969696969694,0.17187379961540417,10
depth_vol,fwd_micro_5s,1692166,80,0.0011543504434395715,0.004295751951180388,0.013149849009121573,0.01914119436523265,0.6869920840993322,0.23636363636363633,0.17187379961540417,10
depth_vol,fwd_mid_10s,1692166,80,0.000836456504838837,0.007626775324954305,0.06055440368765992,0.04417059548584042,1.3709211528984613,0.2606060606060606,0.17187379961540417,10
depth_vol,fwd_micro_10s,1692166,80,0.0012024847136993856,0.0075169902183100075,0.04000463094328033,0.03628098070355907,1.1026336710726228,0.2606060606060606,0.17187379961540417,10
depth_vol,fwd_mid_30s,1692166,80,0.004283357488834823,0.02537136902378823,0.23283406659034975,0.11818173902638943,1.9701357291616686,0.5151515151515151,0.17187379961540417,10
depth_vol,fwd_micro_30s,1692166,80,0.0017040305168233554,0.022359977893818127,0.20918429382316836,0.1191730092481186,1.7552992505848868,0.5151515151515151,0.17187379961540417,10
depth_vol,fwd_mid_60s,1692166,80,0.024884328821942598,0.035350268893522455,0.2850517677650539,0.19957726599202705,1.42827774670709,0.35757575757575755,0.17187379961540417,10
depth_vol,fwd_micro_60s,1692166,80,0.01878948988940596,0.03293714311774681,0.2580058463198073,0.1986443581985005,1.298832993092048,0.3939393939393939,0.17187379961540417,10
depl_rate,fwd_mid_100ms,1692166,61,-0.00013122350134618318,-0.003041821344510012,-0.011497338818037082,0.00770931167502504,-1.4913573743922783,0.05454545454545454,0.14944101228839252,10
depl_rate,fwd_micro_100ms,1692166,61,0.0007465870693017746,-0.00646920700235704,-0.00876489115132137,0.007311714659949866,-1.1987463350192427,0.13939393939393938,0.14944101228839252,10
depl_rate,fwd_mid_300ms,1692166,61,0.0006778174272843989,-0.0029342524340928004,-0.013602355164399277,0.012860338023571923,-1.0576981055604682,0.11515151515151514,0.14944101228839252,10
depl_rate,fwd_micro_300ms,1692166,61,0.0006812284169642384,-0.002130984355822548,-0.007408265169011928,0.02229999483661321,-0.33220927732452565,0.1515151515151515,0.14944101228839252,10
depl_rate,fwd_mid_500ms,1692166,61,0.0010248258624776302,-0.007499872062227465,-0.016216669911523,0.014980014223427223,-1.082553705867767,0.33333333333333326,0.14944101228839252,10
depl_rate,fwd_micro_500ms,1692166,61,0.0012889689517551557,-0.008574932037634457,-0.01518074618525023,0.022907498250663474,-0.662697690473928,0.29696969696969694,0.14944101228839252,10
depl_rate,fwd_mid_1s,1692166,61,0.0018608306379024732,-0.016160775157170647,-0.0017547885621907833,0.027266695768959327,-0.06435648004656477,0.06666666666666665,0.14944101228839252,10
depl_rate,fwd_micro_1s,1692166,61,0.0027673076527389884,-0.015119888032908192,0.008802553930188205,0.033105761279597884,0.2658919049118186,0.07878787878787878,0.14944101228839252,10
depl_rate,fwd_mid_3s,1692166,61,0.003474074443817777,0.0003134986321582327,0.067153256460967,0.06030223370786232,1.1136114258436072,0.5636363636363636,0.14944101228839252,10
depl_rate,fwd_micro_3s,1692166,61,-0.0023307976453376036,0.0010679623477923145,0.09056695109832798,0.06912828809679773,1.310128654878745,0.7212121212121211,0.14944101228839252,10
depl_rate,fwd_mid_5s,1692166,61,0.002086240578064828,-0.013921733826872385,0.024026779397484047,0.06108352978016737,0.39334300889214613,0.18787878787878787,0.14944101228839252,10
depl_rate,fwd_micro_5s,1692166,61,-0.0011627543674609018,-0.015934720400964452,0.03958179449315659,0.06874043468170395,0.5758153069068639,0.23636363636363633,0.14944101228839252,10
depl_rate,fwd_mid_10s,1692166,61,0.0011500021260021861,-0.007277169228893356,0.045281937485031544,0.07201006341035172,0.6288279073855404,0.33333333333333326,0.14944101228839252,10
depl_rate,fwd_micro_10s,1692166,61,-0.0024713463719947303,-0.006573779587882498,0.058598477863314485,0.0802158626396705,0.7305098509822021,0.38181818181818183,0.14944101228839252,10
depl_rate,fwd_mid_30s,1692166,61,-0.005939244883408688,0.005765224324537451,0.1040876060892081,0.14934809558776835,0.6969463231490506,0.5878787878787878,0.14944101228839252,10
depl_rate,fwd_micro_30s,1692166,61,-0.010721104554292685,0.005489030238236715,0.13284404403860073,0.1574935603164546,0.8434887354865485,0.6484848484848483,0.14944101228839252,10
depl_rate,fwd_mid_60s,1692166,61,-0.011461754528830349,0.017351962715109314,0.12528928081722313,0.2629299549507409,0.4765120080771918,0.5515151515151515,0.14944101228839252,10
depl_rate,fwd_micro_60s,1692166,61,-0.014595321273267138,0.018984917521532904,0.1438501501301964,0.2687184048937258,0.5353193064207382,0.5393939393939393,0.14944101228839252,10
repl_rate,fwd_mid_100ms,1692166,61,0.0005677750577347317,-0.002993001698271951,-0.02167118204861564,0.011084098688132291,-1.9551596082249705,-0.17575757575757575,0.14946051392121104,10
repl_rate,fwd_micro_100ms,1692166,61,0.0009954280369694998,-0.0064985508552513555,-0.015591477142527958,0.006405794162794604,-2.433964742901759,-0.13939393939393938,0.14946051392121104,10
repl_rate,fwd_mid_300ms,1692166,61,0.0014878028012645847,-0.0011726439076388017,0.010176532445112747,0.01879166003691014,0.5415451548785067,0.12727272727272726,0.14946051392121104,10
repl_rate,fwd_micro_300ms,1692166,61,0.0003481640946718926,-0.0008059653305733759,0.0006563047452645153,0.016514600150771525,0.03974088014682294,0.28484848484848485,0.14946051392121104,10
repl_rate,fwd_mid_500ms,1692166,61,0.0010141866356674098,-0.005883593918935437,-0.0032973260086663738,0.01351276719321059,-0.24401560106231207,0.07878787878787878,0.14946051392121104,10
repl_rate,fwd_micro_500ms,1692166,61,0.000980150024039517,-0.007262960257288269,-0.002389245961966627,0.017237150499328422,-0.13861026287724962,0.1515151515151515,0.14946051392121104,10
repl_rate,fwd_mid_1s,1692166,61,0.0020722750982455646,-0.015174626416449604,0.03054548125952123,0.039417690120999,0.7749180930124753,0.16363636363636364,0.14946051392121104,10
repl_rate,fwd_micro_1s,1692166,61,0.0023297650262045872,-0.01584389177724217,0.04514895570685543,0.048797537157076375,0.9252302131872685,0.006060606060606061,0.14946051392121104,10
repl_rate,fwd_mid_3s,1692166,61,0.0008317567310938016,0.0038027875092810593,0.08528059275175191,0.06674818565757105,1.2776466043474963,0.8181818181818182,0.14946051392121104,10
repl_rate,fwd_micro_3s,1692166,61,-0.004239070184367867,0.004526853074931256,0.11761283659126374,0.07744856700536439,1.5185928047334618,0.7818181818181817,0.14946051392121104,10
repl_rate,fwd_mid_5s,1692166,61,-0.0016800209524405424,-0.013865129012351275,0.05317937577548866,0.06946865744714513,0.7655161007818514,0.2606060606060606,0.14946051392121104,10
repl_rate,fwd_micro_5s,1692166,61,-0.005478987453420935,-0.014772198864350909,0.07499142948440056,0.07757440051658882,0.966703306567791,0.2121212121212121,0.14946051392121104,10
repl_rate,fwd_mid_10s,1692166,61,-0.005321478327127542,-0.005728793780320689,0.10157776396321508,0.08710703723735407,1.1661258055009995,0.32121212121212117,0.14946051392121104,10
repl_rate,fwd_micro_10s,1692166,61,-0.009407866919377415,-0.005030516584580473,0.1340289190193505,0.10389273680672245,1.290070154458363,0.4545454545454545,0.14946051392121104,10
repl_rate,fwd_mid_30s,1692166,61,-0.011943224514791876,-0.003925358812325934,0.12895624625476207,0.19834349333029855,0.6501662549626123,0.6484848484848483,0.14946051392121104,10
repl_rate,fwd_micro_30s,1692166,61,-0.01572728884017181,-0.003985776605226176,0.169823344953747,0.20991645916690327,0.8090044278934866,0.49090909090909085,0.14946051392121104,10
repl_rate,fwd_mid_60s,1692166,61,-0.01931302181530738,0.0010284547891543535,0.17885476872031866,0.31533669826052557,0.5671866601855267,0.709090909090909,0.14946051392121104,10
repl_rate,fwd_micro_60s,1692166,61,-0.02384847903166379,0.002293213906913434,0.20183827678237534,0.32284831792192026,0.6251798927792129,0.7454545454545454,0.14946051392121104,10
d_micro,fwd_mid_100ms,1692166,98,-0.030872826933185313,0.015026577680313742,0.0510022953741052,0.005905645461353643,8.63619323372231,0.9757575757575757,0.20959763994785383,10
d_micro,fwd_micro_100ms,1692166,98,0.06121779021730724,-0.044974098399482895,-0.15220648399603937,0.011757825748559408,-12.945121593989263,-0.4424242424242424,0.20959763994785383,10
d_micro,fwd_mid_300ms,1692166,98,-0.05364630368569471,0.026817826505000572,0.07789474418185371,0.014692743126194566,5.301579392821559,0.9757575757575757,0.20959763994785383,10
d_micro,fwd_micro_300ms,1692166,98,0.1670420778478662,-0.11139144979503735,-0.39130472336467964,0.028585515868595427,-13.688915923835896,-0.4424242424242424,0.20959763994785383,10
d_micro,fwd_mid_500ms,1692166,98,-0.07526071858025893,0.03497548243636963,0.1136555654509584,0.020354965828305555,5.583677536461854,0.9393939393939393,0.20959763994785383,10
d_micro,fwd_micro_500ms,1692166,98,0.2086724815604277,-0.14243825966579723,-0.49455008234992803,0.03646783340481595,-13.56126855303166,-0.43030303030303024,0.20959763994785383,10
d_micro,fwd_mid_1s,1692166,98,-0.10388293885691378,0.05136486300829847,0.16391026106170067,0.028152111550406093,5.822307885084246,0.9515151515151514,0.20959763994785383,10
d_micro,fwd_micro_1s,1692166,98,0.21657928917096236,-0.14938762167212333,-0.5118301665884186,0.04270483088018119,-11.985298994029103,-0.43030303030303024,0.20959763994785383,10
d_micro,fwd_mid_3s,1692166,98,-0.14118888006478358,0.0929527739331364,0.25881291530282574,0.039016121656776835,6.633486474631999,0.9515151515151514,0.20959763994785383,10
d_micro,fwd_micro_3s,1692166,98,0.21512344669200617,-0.13240742362067187,-0.501753010767581,0.04916031848562337,-10.206463794865682,-0.35757575757575755,0.20959763994785383,10
d_micro,fwd_mid_5s,1692166,98,-0.16595558042903144,0.0939579416319371,0.27791749349000644,0.0444629040760424,6.250547490436068,0.9636363636363635,0.20959763994785383,10
d_micro,fwd_micro_5s,1692166,98,0.200361039036403,-0.14018145289746328,-0.5060559279607998,0.05256062294573793,-9.62804281226342,-0.32121212121212117,0.20959763994785383,10
d_micro,fwd_mid_10s,1692166,98,-0.17836036358644938,0.10473176432226122,0.30485193743076616,0.05471642496902912,5.571488590552472,0.8666666666666665,0.20959763994785383,10
d_micro,fwd_micro_10s,1692166,98,0.19822976423180783,-0.1353726021420648,-0.5059116943222182,0.06037953956798666,-8.378859758487682,-0.01818181818181818,0.20959763994785383,10
d_micro,fwd_mid_30s,1692166,98,-0.21980109901376763,0.1369533744346907,0.4113115114510668,0.07052901821706375,5.8318054305703395,0.9515151515151514,0.20959763994785383,10
d_micro,fwd_micro_30s,1692166,98,0.16280033758937845,-0.10601170134726583,-0.41700919873833414,0.07094793359813302,-5.8776792725265175,-0.11515151515151514,0.20959763994785383,10
d_micro,fwd_mid_60s,1692166,98,-0.22102377066428192,0.17459533488481407,0.5066130168858826,0.08472787928014139,5.979295377036813,0.9030303030303028,0.20959763994785383,10
d_micro,fwd_micro_60s,1692166,98,0.1643480375148099,-0.06822303389854714,-0.327188600479001,0.08165423527970117,-4.007000976229073,-0.01818181818181818,0.20959763994785383,10
micro_ret,fwd_mid_100ms,1692166,98,-0.030632913503629972,0.015031927410742281,0.051133714647278644,0.005804675236128752,8.809056935523008,0.9757575757575757,0.2095805021493163,10
micro_ret,fwd_micro_100ms,1692166,98,0.0609939799867274,-0.0450169601881601,-0.15190586645768292,0.011884636784531015,-12.781700376018462,-0.4424242424242424,0.2095805021493163,10
micro_ret,fwd_mid_300ms,1692166,98,-0.053636221238083745,0.02689703267280696,0.07891202371319095,0.014948563858474165,5.278903342173345,0.9757575757575757,0.2095805021493163,10
micro_ret,fwd_micro_300ms,1692166,98,0.1671909151095634,-0.11182487472330635,-0.3914177998980703,0.028931351914806565,-13.529191482329225,-0.4424242424242424,0.2095805021493163,10
micro_ret,fwd_mid_500ms,1692166,98,-0.07542590212807783,0.035259452329856424,0.11589001653330888,0.020810195147658472,5.5689058036704004,0.9272727272727272,0.2095805021493163,10
micro_ret,fwd_micro_500ms,1692166,98,0.2084275369325163,-0.1426481459398348,-0.4934810830410261,0.03668138460796582,-13.45317490915707,-0.4424242424242424,0.2095805021493163,10
micro_ret,fwd_mid_1s,1692166,98,-0.1043287428651361,0.051466216207973016,0.16490148843837102,0.028372978442703974,5.811920266720357,0.9515151515151514,0.2095805021493163,10
micro_ret,fwd_micro_1s,1692166,98,0.21611407478660588,-0.14972070389807987,-0.5110333759168939,0.043149811746366416,-11.843235352235975,-0.43030303030303024,0.2095805021493163,10
micro_ret,fwd_mid_3s,1692166,98,-0.14205944983670798,0.09234357857629105,0.25878852038591393,0.03967621014985795,6.522511081790922,0.9515151515151514,0.2095805021493163,10
micro_ret,fwd_micro_3s,1692166,98,0.21388165708922238,-0.1334683583691454,-0.501604560995538,0.04978823847997169,-10.074760150378053,-0.29696969696969694,0.2095805021493163,10
micro_ret,fwd_mid_5s,1692166,98,-0.16593638039033895,0.09299909753456911,0.27623914508410125,0.04517397295127367,6.115006651774088,0.9636363636363635,0.2095805021493163,10
micro_ret,fwd_micro_5s,1692166,98,0.20040526671732042,-0.14142728740341945,-0.5062415221761145,0.05314401006895487,-9.525843486768522,-0.32121212121212117,0.2095805021493163,10
micro_ret,fwd_mid_10s,1692166,98,-0.18176412063843161,0.10416843113244949,0.31213799975093065,0.0554042053352301,5.633832267105006,0.8666666666666665,0.2095805021493163,10
micro_ret,fwd_micro_10s,1692166,98,0.194769944927208,-0.13573122977658827,-0.4988288991371117,0.060679367777777236,-8.220733297089478,-0.07878787878787878,0.2095805021493163,10
micro_ret,fwd_mid_30s,1692166,98,-0.22418545930822953,0.1360294694062458,0.4148619205733956,0.072139696669226,5.750813210036287,0.9515151515151514,0.2095805021493163,10
micro_ret,fwd_micro_30s,1692166,98,0.15881684685176398,-0.10770450596760343,-0.4137144668022706,0.07113419344055971,-5.81597185252369,-0.11515151515151514,0.2095805021493163,10
micro_ret,fwd_mid_60s,1692166,98,-0.22695710012788856,0.17668723019418578,0.5142377341035478,0.08598336430723605,5.980665425768545,0.8666666666666665,0.2095805021493163,10
micro_ret,fwd_micro_60s,1692166,98,0.15827810049126448,-0.06592307313516699,-0.3188829394173744,0.0820308191452651,-3.887355298167599,-0.006060606060606061,0.2095805021493163,10
micro_mom,fwd_mid_100ms,1692166,98,-0.01171596554165365,0.0050576160695722915,0.006822713759231228,0.007279873857973435,0.9372021950295892,0.9515151515151514,0.14008200141120908,10
micro_mom,fwd_micro_100ms,1692166,98,0.026480096946113633,-0.03162886517858208,-0.07117404114127167,0.006874850769252518,-10.35281252352336,-0.9878787878787878,0.14008200141120908,10
micro_mom,fwd_mid_300ms,1692166,98,-0.020795384553036967,0.013075247384731162,-0.012015788051105593,0.027704387302642564,-0.4337142677022666,0.9515151515151514,0.14008200141120908,10
micro_mom,fwd_micro_300ms,1692166,98,0.06736949506707073,-0.06870397694680684,-0.18458255678495994,0.02922833411207039,-6.315192514127348,-0.9636363636363635,0.14008200141120908,10
micro_mom,fwd_mid_500ms,1692166,98,-0.024923423973295493,0.020428278934089078,-0.008104320933779408,0.030275446153445747,-0.2676862594428531,0.9757575757575757,0.14008200141120908,10
micro_mom,fwd_micro_500ms,1692166,98,0.09220585663506364,-0.08855805295840449,-0.23483502784123758,0.03135918686569495,-7.488556028158143,-0.9636363636363635,0.14008200141120908,10
micro_mom,fwd_mid_1s,1692166,98,-0.03947313439844541,0.031930415590010905,0.008074157006701482,0.036675324033983596,0.22015230183705847,0.9878787878787878,0.14008200141120908,10
micro_mom,fwd_micro_1s,1692166,98,0.09321047434172976,-0.09592390430562027,-0.24507450866756572,0.03657674985991139,-6.700281178787038,-0.9393939393939393,0.14008200141120908,10
micro_mom,fwd_mid_3s,1692166,98,-0.07152319017067227,0.09543453301745118,0.07711502984640413,0.049317623539555364,1.563640425304633,0.9878787878787878,0.14008200141120908,10
micro_mom,fwd_micro_3s,1692166,98,0.08564028926024624,-0.05960659245261777,-0.23350935461248573,0.051663317858320554,-4.519828851349667,-0.8181818181818182,0.14008200141120908,10
micro_mom,fwd_mid_5s,1692166,98,-0.1118842838430588,0.1241986121362128,0.15160133095553344,0.05705164233912865,2.65726497502699,0.9999999999999999,0.14008200141120908,10
micro_mom,fwd_micro_5s,1692166,98,0.048974969609727935,-0.04288896586333333,-0.17751445573445643,0.05558925017062266,-3.193323442744831,-0.7333333333333332,0.14008200141120908,10
micro_mom,fwd_mid_10s,1692166,98,-0.14790013944390668,0.17955361893582328,0.22131096822069307,0.0848376745661599,2.6086401985017362,0.9636363636363635,0.14008200141120908,10
micro_mom,fwd_micro_10s,1692166,98,0.025836521049285282,0.0019684924729499744,-0.13276911260727853,0.08477692768879787,-1.5660996007622743,-0.19999999999999998,0.14008200141120908,10
micro_mom,fwd_mid_30s,1692166,98,-0.18643942551833226,0.2797634053804186,0.40034255730765267,0.1189687891770526,3.3651057565346147,0.9151515151515152,0.14008200141120908,10
micro_mom,fwd_micro_30s,1692166,98,0.001414617339101104,0.08985999554802,0.009643550654290397,0.11697637986114176,0.08244015300984602,0.7575757575757575,0.14008200141120908,10
micro_mom,fwd_mid_60s,1692166,98,-0.27726412742053846,0.44716666399819455,0.616841484367318,0.14546282213736156,4.2405439087716195,0.9636363636363635,0.14008200141120908,10
micro_mom,fwd_micro_60s,1692166,98,-0.08158102185661899,0.24784052060345935,0.21335277056869914,0.14396475000127495,1.481979238437254,0.7818181818181817,0.14008200141120908,10
micro_persist,fwd_mid_100ms,1692166,0,NaN,0.0004565298830812778,NaN,NaN,NaN,0.5,0.3532555316676969,9
micro_persist,fwd_micro_100ms,1692166,0,NaN,0.0007693640252518407,NaN,NaN,NaN,0.19999999999999998,0.3532555316676969,9
micro_persist,fwd_mid_300ms,1692166,0,NaN,-0.00006510511256429394,NaN,NaN,NaN,0.39999999999999997,0.3532555316676969,9
micro_persist,fwd_micro_300ms,1692166,0,NaN,0.00017929384502138267,NaN,NaN,NaN,-0.08333333333333334,0.3532555316676969,9
micro_persist,fwd_mid_500ms,1692166,0,NaN,0.0006176000185644922,NaN,NaN,NaN,0.18333333333333335,0.3532555316676969,9
micro_persist,fwd_micro_500ms,1692166,0,NaN,0.000821356328919844,NaN,NaN,NaN,0.03333333333333333,0.3532555316676969,9
micro_persist,fwd_mid_1s,1692166,0,NaN,-0.0005892280839119999,NaN,NaN,NaN,0.0,0.3532555316676969,9
micro_persist,fwd_micro_1s,1692166,0,NaN,-0.001597021928020427,NaN,NaN,NaN,0.09999999999999999,0.3532555316676969,9
micro_persist,fwd_mid_3s,1692166,0,NaN,0.0033449724520729206,NaN,NaN,NaN,-0.11666666666666665,0.3532555316676969,9
micro_persist,fwd_micro_3s,1692166,0,NaN,0.0011004125668702008,NaN,NaN,NaN,0.08333333333333334,0.3532555316676969,9
micro_persist,fwd_mid_5s,1692166,0,NaN,0.003265147648163165,NaN,NaN,NaN,-0.06666666666666667,0.3532555316676969,9
micro_persist,fwd_micro_5s,1692166,0,NaN,0.0034133759472264077,NaN,NaN,NaN,0.09999999999999999,0.3532555316676969,9
micro_persist,fwd_mid_10s,1692166,0,NaN,0.002666411884932203,NaN,NaN,NaN,0.03333333333333333,0.3532555316676969,9
micro_persist,fwd_micro_10s,1692166,0,NaN,0.0004773300230003108,NaN,NaN,NaN,-0.016666666666666666,0.3532555316676969,9
micro_persist,fwd_mid_30s,1692166,0,NaN,0.008070337849172144,NaN,NaN,NaN,0.43333333333333335,0.3532555316676969,9
micro_persist,fwd_micro_30s,1692166,0,NaN,0.00738581340651889,NaN,NaN,NaN,0.48333333333333334,0.3532555316676969,9
micro_persist,fwd_mid_60s,1692166,0,NaN,-0.025461155004399393,NaN,NaN,NaN,0.11666666666666665,0.3532555316676969,9
micro_persist,fwd_micro_60s,1692166,0,NaN,-0.028226883755233252,NaN,NaN,NaN,0.19999999999999998,0.3532555316676969,9
micro_minus_bid,fwd_mid_100ms,1692166,98,-0.040722346020610596,0.03564417125880352,0.07991290461752928,0.0072419403408818,11.03473666669268,0.9272727272727272,0.105258585741588,10
micro_minus_bid,fwd_micro_100ms,1692166,98,0.006916780464362553,-0.16879912951127038,-0.1821739028806173,0.013455638465849457,-13.53885238095364,-0.7333333333333332,0.105258585741588,10
micro_minus_bid,fwd_mid_300ms,1692166,98,-0.0989073784691216,0.06715031981350054,0.17369523995545108,0.01626486910062915,10.67916617593512,0.9030303030303028,0.105258585741588,10
micro_minus_bid,fwd_micro_300ms,1692166,98,0.022555475698798857,-0.3459551774477663,-0.3811770820923343,0.02487885051425605,-15.321330134361018,-0.8060606060606059,0.105258585741588,10
micro_minus_bid,fwd_mid_500ms,1692166,98,-0.13233653441405266,0.08783984845049714,0.2350827881793161,0.02069689817902288,11.358358443178782,0.9030303030303028,0.105258585741588,10
micro_minus_bid,fwd_micro_500ms,1692166,98,0.02993095819167313,-0.4194864838841138,-0.45931664807526046,0.028975113464096237,-15.852108694739394,-0.8060606060606059,0.105258585741588,10
micro_minus_bid,fwd_mid_1s,1692166,98,-0.17685310281692704,0.11968293960782848,0.3135245796727602,0.025532182377559415,12.279584057347218,0.9272727272727272,0.105258585741588,10
micro_minus_bid,fwd_micro_1s,1692166,98,0.04346904534696615,-0.4839499101327593,-0.5391105878154143,0.03170452910672003,-17.004213688231236,-0.8060606060606059,0.105258585741588,10
micro_minus_bid,fwd_mid_3s,1692166,98,-0.23875172418429347,0.1852048682818557,0.45244684813346314,0.034933889554805246,12.9515165330689,0.9636363636363635,0.105258585741588,10
micro_minus_bid,fwd_micro_3s,1692166,98,0.06311942417963082,-0.5620511390352553,-0.6321516850222643,0.03670400746796449,-17.222960887145923,-0.8060606060606059,0.105258585741588,10
micro_minus_bid,fwd_mid_5s,1692166,98,-0.27791141834577393,0.1947302482235338,0.5040854810393236,0.03752553291087052,13.433133174593731,0.9636363636363635,0.105258585741588,10
micro_minus_bid,fwd_micro_5s,1692166,98,0.06998977517093441,-0.6193994372062979,-0.6956577757027201,0.04129082350580768,-16.847757361992883,-0.8060606060606059,0.105258585741588,10
micro_minus_bid,fwd_mid_10s,1692166,98,-0.33226578753226316,0.22036405804726156,0.5891405644947695,0.043421707171099035,13.567881202213401,0.9636363636363635,0.105258585741588,10
micro_minus_bid,fwd_micro_10s,1692166,98,0.07174787993400206,-0.6777845577979111,-0.7564031407677013,0.0469454706026706,-16.112377425494838,-0.8060606060606059,0.105258585741588,10
micro_minus_bid,fwd_mid_30s,1692166,98,-0.42828426337273584,0.27716664200071917,0.7527874756729622,0.06625645321598671,11.361723109732136,0.9878787878787878,0.105258585741588,10
micro_minus_bid,fwd_micro_30s,1692166,98,0.061437234320642305,-0.7241675348860107,-0.7898921680985257,0.06734482931418494,-11.72906927142734,-0.8181818181818182,0.105258585741588,10
micro_minus_bid,fwd_mid_60s,1692166,98,-0.4874445360390646,0.3623770847193882,0.9277611729083621,0.09434411005033758,9.833800673018724,0.9636363636363635,0.105258585741588,10
micro_minus_bid,fwd_micro_60s,1692166,98,0.046104869826411356,-0.687127073361733,-0.7072405236879793,0.09239681336195592,-7.654382201661332,-0.7696969696969697,0.105258585741588,10
micro_minus_ask,fwd_mid_100ms,1692166,98,-0.048614428871035086,0.04422105378216576,0.09580761241345823,0.007416705276349915,12.917813077858925,0.9636363636363635,0.10406721326394691,10
micro_minus_ask,fwd_micro_100ms,1692166,98,0.1537509802244232,-0.010809453024404177,-0.167940990772537,0.012692305225072455,-13.231716996592972,-0.7333333333333332,0.10406721326394691,10
micro_minus_ask,fwd_mid_300ms,1692166,98,-0.09525210340953418,0.10281462448635437,0.20626166233111565,0.013627443350294395,15.135756357898178,0.9636363636363635,0.10406721326394691,10
micro_minus_ask,fwd_micro_300ms,1692166,98,0.3294124508142195,-0.0350758730191657,-0.3707210698723408,0.028087673021593956,-13.198710679497317,-0.8060606060606059,0.10406721326394691,10
micro_minus_ask,fwd_mid_500ms,1692166,98,-0.10966473180369189,0.1368230446591131,0.2523522224917896,0.018038921886213716,13.989318435080666,0.9636363636363635,0.10406721326394691,10
micro_minus_ask,fwd_micro_500ms,1692166,98,0.400822700750958,-0.04999651299253362,-0.45944974492651136,0.03229185056218068,-14.228040106955225,-0.8060606060606059,0.10406721326394691,10
micro_minus_ask,fwd_mid_1s,1692166,98,-0.13255404442667962,0.1792558193971014,0.32165673455158983,0.02198953557574999,14.627718418314943,0.9878787878787878,0.10406721326394691,10
micro_minus_ask,fwd_micro_1s,1692166,98,0.47410824484177655,-0.0635186784386699,-0.5520295608194093,0.03559269863107694,-15.509629279343757,-0.8060606060606059,0.10406721326394691,10
micro_minus_ask,fwd_mid_3s,1692166,98,-0.16989645024281994,0.2532923248163735,0.4358682349735097,0.02922568323893875,14.913876654653603,0.9999999999999999,0.10406721326394691,10
micro_minus_ask,fwd_micro_3s,1692166,98,0.5741139052776113,-0.08486978033193443,-0.6709505526878232,0.04230491753535994,-15.85987142338758,-0.8787878787878788,0.10406721326394691,10
micro_minus_ask,fwd_mid_5s,1692166,98,-0.19913160638775032,0.28340608377521753,0.4968166860793564,0.032766841006379284,15.162178312600613,0.9878787878787878,0.10406721326394691,10
micro_minus_ask,fwd_micro_5s,1692166,98,0.6065848188391384,-0.09483980980782647,-0.7208054357123326,0.04536010516882991,-15.890735548991808,-0.8666666666666665,0.10406721326394691,10
micro_minus_ask,fwd_mid_10s,1692166,98,-0.22552405285923421,0.3346142673036781,0.5717889978262746,0.03962257807688562,14.430888285884548,0.9878787878787878,0.10406721326394691,10
micro_minus_ask,fwd_micro_10s,1692166,98,0.6654444955040054,-0.10491879068478303,-0.7965680267783242,0.05103388783928256,-15.608609504470833,-0.8787878787878788,0.10406721326394691,10
micro_minus_ask,fwd_mid_30s,1692166,98,-0.21618872610482756,0.42336622119525674,0.6510305163631989,0.06099935000460651,10.67274514095699,0.9878787878787878,0.10406721326394691,10
micro_minus_ask,fwd_micro_30s,1692166,98,0.787011424096977,-0.1119006271355524,-0.9337185138247871,0.07516772052203156,-12.421801636928917,-0.8787878787878788,0.10406721326394691,10
micro_minus_ask,fwd_mid_60s,1692166,98,-0.21378477918821995,0.5080149384535835,0.7345228086484814,0.08806351319926095,8.340830179991567,0.9878787878787878,0.10406721326394691,10
micro_minus_ask,fwd_micro_60s,1692166,98,0.8341023257952465,-0.07282339794313458,-0.9415644037566183,0.10637941206166768,-8.851002139500428,-0.8060606060606059,0.10406721326394691,10
