hd,qd,n,n_fill,s_label_pnl_0.1s_bp,s_label_pnl_1s_bp,s_label_pnl_10s_bp,s_label_pnlmu_0.1s_bp,s_label_pnlmu_1s_bp,s_label_pnlmu_10s_bp,s_rt_taker_1s_bp,s_rt_hyb_10s_bp,s_rt_hyb_60s_bp,s_rt_pass_10s_bp,s_rt_pass_60s_bp,s_n_rt_pass_10s_bp,s_n_rt_pass_60s_bp,mean_p,mean_q,mean_spread,mean_obi,mean_ofi,p_fill,pnl_per_fill,pnlmu_per_fill,ev_pooled,ev_daily,se_daily,n_days,ev_0.1s_pooled,ev_0.1s,se_ev_0.1s,ev_1s_pooled,ev_1s,se_ev_1s,ev_10s_pooled,ev_10s,se_ev_10s,evmu_0.1s_pooled,evmu_0.1s,se_evmu_0.1s,evmu_1s_pooled,evmu_1s,se_evmu_1s,evmu_10s_pooled,evmu_10s,se_evmu_10s,evrt_taker_1s_pooled,evrt_taker_1s,se_evrt_taker_1s,evrt_hyb_10s_pooled,evrt_hyb_10s,se_evrt_hyb_10s,evrt_hyb_60s_pooled,evrt_hyb_60s,se_evrt_hyb_60s,ev_h1,ev_h2
0,0,68435,93.0,-97.80831664055586,-195.08515547960997,-237.7727957200259,-129.30090842023492,-221.7502278983593,-259.1045782767469,-327.66911363601685,-394.2188280671835,-629.6597972661257,0.2475406676530838,5.778498992323875,8.0,22.0,0.0006412478122467958,-2.9384939893397557,0.5471055970712925,0.6832106803627535,36.537898646722816,0.001358953751735223,-2.0976898438667737,-2.38441105267053,-0.0028506634832996267,-0.0036191180138867908,0.0007963063742300537,39,-0.001429214826339678,-0.0017994996665518796,0.00032286568890119106,-0.0028506634832996267,-0.0036191180138867908,0.0007963063742300537,-0.0034744326107989465,-0.005384164777850228,0.0014642596388919407,-0.0018893973612951695,-0.002308426979794542,0.0003746142620968032,-0.00324030434570555,-0.004146573784985968,0.0009425844884237649,-0.003786141276784495,-0.005834550310304305,0.00155278966050258,-0.0047880341000367775,-0.005673992661554424,0.001043852324562667,-0.0057604855420060426,-0.007926433762810168,0.0017473811655276661,-0.009200844557114425,-0.0122552835287592,0.002881971118654846,-0.004258663067455051,-0.001964024766310155
0,1,53456,32.0,-17.259822338819504,-29.639412466436625,-47.741943787783384,-25.813489340245724,-44.02601996995509,-54.266459748730995,-77.9253117442131,-101.0249403975904,-171.17750808224082,12.706782553344965,16.371537182480097,8.0,12.0,0.0007995365658058103,-1.3254241797476831,0.9504820256863615,0.5325470767754759,48.85044528792596,0.000598623166716552,-0.9262316395761445,-1.3758131240610965,-0.0005544637171961356,-0.0011500320120479885,0.000860447965175832,39,-0.00032287904704466296,-0.00031403639869886295,0.00022048310087089188,-0.0005544637171961356,-0.0011500320120479885,0.000860447965175832,-0.0008931072992327033,-0.0019137717554520883,0.0013429437609178189,-0.0004828922729019329,-0.0004296376951444403,0.0001999268286907453,-0.0008235936091356459,-0.0013934238444839682,0.0009479208948879603,-0.0010151612494150514,-0.0020742534963380573,0.0014003953979300158,-0.00145774677761548,-0.001974646285102005,0.0011833966114805296,-0.00188987092931739,-0.0027480360643148266,0.00166533013179653,-0.003202213186213724,-0.004246579041168387,0.0026600027630832262,-0.001004792270319146,-0.00003863545800000788
0,2,69288,35.0,-28.97894437238574,-73.7475625127554,-97.19240597262979,-21.486025094985962,-95.86800484359264,-111.6634278818965,-127.14408384636045,-116.69924396462739,-187.6907815039158,5.639249809086323,9.89350700378418,8.0,15.0,0.0008299433531264614,-0.8122399951031093,1.0867530341939622,0.5171836525284721,60.57870341626508,0.0005051379748296964,-2.1070732146501543,-2.7390858526740756,-0.001064362696466277,-0.0011953425156903921,0.0007013478288991625,39,-0.0004182390077991245,-0.00026551800614840726,0.00010932103550064251,-0.001064362696466277,-0.0011953425156903921,0.0007013478288991625,-0.001402730717766854,-0.0020670880014719215,0.0012928546493300116,-0.0003100973486748926,-0.00018342377223476775,0.00004634682523288391,-0.0013836162805044546,-0.0014199317317832455,0.0007962365558118174,-0.0016115839377943727,-0.002231258890795209,0.0013854395314429262,-0.0018350087150207893,-0.0018597273381088615,0.0008968376056040538,-0.0016842634217271012,-0.0023779896146259197,0.001339701227991953,-0.00270884975037403,-0.0030059780784641786,0.001577560434989684,-0.001767609148953008,-0.00017809552312033383
0,3,84397,47.0,-4.5004221852868795,-27.675234097987413,-165.51917032524943,-16.322952669113874,-40.53547780122608,-170.7045665429905,-95.85890647768974,-186.46060729026794,-311.01781218498945,8.688113242387772,13.859378881752491,7.0,17.0,0.0008507583026627386,-0.4229065736872543,1.1451334841979763,0.54575188637892,75.47253695788235,0.0005568918326480799,-0.5888347680422854,-0.8624569744941719,-0.00032791727310197533,-0.000373693244629317,0.00014308926116762032,39,-0.000053324433158606104,-0.00003907318220429331,0.00004777772786924948,-0.00032791727310197533,-0.000373693244629317,0.00014308926116762032,-0.0019611973212939966,-0.002481868917822892,0.0008022437827394136,-0.00019340678779001475,-0.0001088057082381936,0.00010844050858081764,-0.0004802952451061777,-0.0005422333049515132,0.000194697510946417,-0.0020226378490111083,-0.0025788304415815216,0.0008480416917078756,-0.0011358094064681178,-0.0012765581857280463,0.00035895619690657244,-0.002209327432139388,-0.002241450437277558,0.0006675771726526212,-0.003685176157742449,-0.004199396775233202,0.0008892869767597382,-0.0005103490982261848,-0.00009524304163542419
0,4,103125,66.0,-14.365878224372864,2.9599809013307095,-21.3301989659667,-33.28880334086716,-29.098793495446444,-54.44568705186248,-88.31654219701886,-96.41868514195085,-253.31383472308517,37.163672018796206,55.955027777701616,21.0,35.0,0.0008617464213803665,-0.08811767704817029,1.1839849886020748,0.6007991255605666,89.880761631908,0.00064,0.04484819547470772,-0.4408908105370673,0.00002870284510381294,-0.0002122426570015977,0.0004991915845361329,39,-0.0001393054858121005,-0.00029763819495461644,0.0002847691722294006,0.00002870284510381294,-0.0002122426570015977,0.0004991915845361329,-0.00020683829300331347,-0.0005278417149786497,0.0007148457070229342,-0.0003228005172447725,-0.0006923460537638524,0.0005183966083245405,-0.00028217011874372307,-0.0005411047067916986,0.0005530095707851349,-0.0005279581774726059,-0.0008402182927415344,0.0007585157920675492,-0.0008564028334256375,-0.0011278941521028576,0.0006815795226508933,-0.0009349690680431598,-0.0012706699726869343,0.000653234695982229,-0.002456376579132947,-0.0031556474121907643,0.000724415362411727,-0.0003264827744577478,0.00047728534599793563
0,5,131755,82.0,-10.498141708783805,-13.687771439552307,-96.28988879732788,-13.188903346657753,-44.98828089935705,-130.43002091161907,-127.21663116756827,-191.31246547959745,-260.98691150546074,13.65891144797206,37.23292222619057,20.0,45.0,0.0008648673830732596,0.2237600417261887,1.2358190892765764,0.6317148249937353,100.92989350695555,0.0006223672725892756,-0.16692404194575985,-0.5486375719433787,-0.00010388806071536038,-0.00010390247734833265,0.00010962733624358124,39,-0.00007967926612867675,-0.00006929335186832993,0.00005328028774914383,-0.00010388806071536038,-0.00010390247734833265,0.00010962733624358124,-0.0007308253105941169,-0.0007312393284297042,0.0003300132976473505,-0.00010010172932076774,-0.00012021918637955446,0.00005247593942211787,-0.00034145406929040305,-0.0003103555143004503,0.00007296563047884642,-0.000989943614372275,-0.0009812959503235998,0.00036989836747822175,-0.0009655544849726254,-0.0008721695307043856,0.00008271699085466588,-0.0014520319189374024,-0.0013490095795573012,0.0004987026734907708,-0.0019808501499408806,-0.0018197452675861815,0.00043357911619222307,0.000032546466769082116,-0.0002707782243318193
0,6,172957,94.0,-48.933732719160616,-29.63486239593476,-144.61879863776267,-48.92519439943135,-59.256475683847384,-179.58513556607068,-168.27649350836873,-195.61642463877797,-309.2816742248833,27.608845990151167,63.51643285155296,27.0,51.0,0.0008613901127639819,0.5366375664662559,1.3655443399393905,0.6428682137364647,103.75984295684184,0.0005434876876911603,-0.31526449357377406,-0.6303880391898657,-0.0001713423706235351,-0.0001280610945267947,0.00010050007827955748,39,-0.0002829242685705731,-0.00023609952247444785,0.00013379511594413583,-0.0001713423706235351,-0.0001280610945267947,0.00010050007827955748,-0.0008361546432799058,-0.0008262614100363159,0.0006048618157030934,-0.00028287490185093027,-0.00027818452616904156,0.00015030080469294115,-0.00034260813776746464,-0.00033142771172418325,0.00013331203793482926,-0.0010383224475798648,-0.0010287027424075582,0.0006494874290676771,-0.0009729383228685091,-0.0008941041350295406,0.00025624072896169236,-0.0011310118968227824,-0.0010510792172920302,0.0002673357823116799,-0.0017881998081886441,-0.0017411211870391307,0.0005504944056545655,-0.0003158179786615309,-0.000010944162265790923
0,7,247615,135.0,27.42150824703276,36.191414166241884,-59.18329144269228,-6.763899167999625,-21.671798512805253,-120.6134931370616,-150.37851334456354,-234.71813861839473,-157.45937113743275,75.33470412902534,127.30729866959155,46.0,86.0,0.0008579572366670855,0.8818936970043073,1.5653599142239014,0.636497802680833,100.54815615048444,0.0005452012196353209,0.2680845493795695,-0.16053184083559446,0.00014616002328712673,0.0001343255032701962,0.00010215827501615544,39,0.00011074251659646129,0.0001050509798196772,0.00006905012982411249,0.00014616002328712673,0.0001343255032701962,0.00010215827501615544,-0.0002390133531599147,-0.0002915507289540975,0.0003201543994059257,-0.000027316193154694283,-3.4357296148478055e-6,0.00005382195961759301,-0.00008752215541386932,-0.00007029162772509933,0.00009410447693357828,-0.00048710091528001776,-0.0005166107411378756,0.0003425765809685377,-0.0006073077694992773,-0.0005997091431718293,0.0000993145946670235,-0.0009479156699650455,-0.001023926062642514,0.0004051319909508223,-0.0006359040087936222,-0.0008537210289749025,0.0003170603644530046,0.00023437743580006256,0.00006059342835837304
0,8,400860,199.0,2.105039397254586,14.810495915822685,11.22118654474616,-40.743309098819736,-76.12218719115481,-88.383426242508,-273.0982604911551,-300.779002469033,-381.9736608210951,116.00125738978386,195.89594546705484,61.0,115.0,0.0008461541190174503,1.3143308944727585,1.8005984616008872,0.6142971904350223,98.79051301554432,0.000496432669760016,0.0744246025920738,-0.382523553724396,0.0000369468041606114,0.000028989835105602996,0.000051332941301861654,39,5.251308180548287e-6,-0.000021611174751952536,0.00003720413443082883,0.0000369468041606114,0.000028989835105602996,0.000051332941301861654,0.000027992781880821636,0.000037914896676163214,0.00016282928714036048,-0.00010163974729037504,-0.000041771066564251104,0.000047262732578780274,-0.0001898971890214908,-0.00013830293256228662,0.000046280533645549846,-0.00022048452387992814,-0.00015011096493091583,0.00015310444397397102,-0.0006812808972986956,-0.0007331258180116748,0.0001941344407477499,-0.0007503342874545552,-0.0007523940749641361,0.0001435473095082175,-0.0009528854483388093,-0.0006788373521551159,0.00023270578771955822,0.00015808936776400546,-0.00006832221011225708
0,9,483418,437.0,503.8915647473186,825.4085618499666,1088.7040419075638,487.12213869340485,545.2696766027948,822.399775869213,166.59108914714307,54.36413498595357,-269.4919522218406,685.3265693485737,1034.0959359444678,158.0,308.0,0.000761620639475025,2.073733110688181,2.4004827266990834,0.5785598213890671,111.83447424569515,0.0009039795787496535,1.888806777688711,1.247756697031567,0.0017074427552345314,0.001394358763501808,0.0003658934693636141,39,0.0010423516806310866,0.0009386922313973315,0.00018775494171851533,0.0017074427552345314,0.001394358763501808,0.0003658934693636141,0.002252096615987745,0.0021433999695435724,0.0006486387809955023,0.0010076623929878591,0.001185973859442594,0.0004694412874760865,0.001127946573364655,0.000834273235265757,0.00027793140217842693,0.0017012187710619237,0.0016783850321913417,0.0005837554102783445,0.00034461085261025255,-0.00012383344575256814,0.00035854438371219177,0.00011245782115261238,-0.00003664570017639132,0.00017427561773669835,-0.0005574719026222454,-0.00010080998144702126,0.0002011854996317537,0.002694146176360763,0.0007193667623730728
1,0,59774,159.0,-214.7322033252567,-358.5689970385283,-419.04182832315564,-270.37693188292906,-385.19317715847865,-442.58577704429626,-583.8336002081633,-615.2777227312326,-863.8342467183247,4.269786819815636,18.39056858792901,12.0,47.0,0.002122268811272438,-2.586325863290478,0.638853508161156,0.5336702924934366,12.136576895087874,0.00266001940643089,-2.2551509247706183,-2.422598598480998,-0.005998745224320412,-0.0063688810763352895,0.0017345176172776672,39,-0.003592401434156267,-0.004251734416370246,0.001172991186665747,-0.005998745224320412,-0.0063688810763352895,0.0017345176172776672,-0.007010436449345127,-0.008448109804567231,0.0023159521542808394,-0.0045233200368543025,-0.00520331161666691,0.0016701918481085841,-0.006444159285951729,-0.006997614119089368,0.0019416227465899377,-0.007404319219799516,-0.00886927885618236,0.0024521641277569827,-0.009767350356478792,-0.010935552682262801,0.003070487405871471,-0.010293400520815616,-0.01246699457321315,0.0037546158471430495,-0.014451672076794672,-0.018070081575144576,0.005022765129703301,-0.009235493472160093,-0.004066554392107486
1,1,88428,92.0,-50.654688376933336,-79.45587646588683,88.17690820246935,-77.831477669999,-99.59733125753701,57.70779328350909,-202.99858807353303,-129.61562077887356,-318.033270124346,25.665561601519585,36.9103825353086,33.0,54.0,0.0021433747569785284,-1.3199706051711626,0.9641148239165543,0.46911041320597113,43.76264090011084,0.0010403944451983535,-0.8636508311509438,-1.082579687581924,-0.000898537527320383,-0.0012115107620170628,0.000451509908042351,39,-0.0005728353957675549,-0.000712270077524322,0.00020945142037887682,-0.000898537527320383,-0.0012115107620170628,0.000451509908042351,0.000997160494441459,0.0013171565967926779,0.0008641081558746912,-0.0008801677937983331,-0.0011208562932227793,0.0002932178262917558,-0.0011263098934448026,-0.0014901771463631383,0.0004921639487750159,0.0006525963867045403,0.0009253808692086606,0.0007818820549575661,-0.002295636993639266,-0.002865447819305608,0.0007311446602715986,-0.0014657757811877862,-0.001858295063353681,0.0003247089696161681,-0.003596522256800403,-0.004253465876478383,0.0008402799027284885,-0.0012748808852712948,-0.0005385808176381424
1,2,121545,125.0,0.6287412997335196,-13.034467682242393,-25.564735451713204,-29.960738978348672,-40.82119265187066,-64.92291554808617,-184.04973412305117,-286.92427526414394,-537.0681023001671,31.391784645617008,66.81353896856308,29.0,64.0,0.0021445737446529737,-0.810438670413405,1.0359849174387699,0.49317959606626344,53.13212074536639,0.0010284256859599324,-0.10427574145793915,-0.3265695412149653,-0.00010723985093786164,-0.00025816987263066064,0.0004133993094389109,39,5.172909619758275e-6,0.00006778770942689727,0.00017153657917990135,-0.00010723985093786164,-0.00025816987263066064,0.0004133993094389109,-0.00021033144474649887,-0.0003885914976465526,0.0007818846309048275,-0.00024649914828539775,-0.00022188471902066873,0.0001986016361066159,-0.00033585250443762116,-0.0004913707196670911,0.0004606654090656732,-0.0005341471516564743,-0.0007208062808526811,0.0007389394832349569,-0.0015142517925299367,-0.0016841374209529086,0.0005968321592432385,-0.00236064235685667,-0.0023712946038450897,0.0008622659582588433,-0.004418677052121988,-0.004731937449987122,0.0020113076230106027,-0.00005028797205009885,-0.00016709299574807447
1,3,156384,161.0,-16.769448213279247,-32.981489626690745,9.873370066285133,-60.88590309675783,-74.72655799239874,-30.52482978068292,-259.2504070159048,-284.350003387779,-493.2697115726769,46.37590626999736,94.34521381184459,59.0,95.0,0.0021469133565350618,-0.4218910795093962,1.0331007841283104,0.5236892131824769,62.215010461452565,0.0010295170861469203,-0.2048539728365885,-0.4641401117540294,-0.00021090066520034495,-0.0003703127584742449,0.0002784234803447027,39,-0.00010723250596786914,-0.000058236740978323244,0.000137804374278254,-0.00021090066520034495,-0.0003703127584742449,0.0002784234803447027,0.00006313542348504408,-0.0005791953137525719,0.000825228032169869,-0.000389335885363962,-0.00038149288729346324,0.00023480991073885593,-0.0004778401754169144,-0.0006274719654904875,0.00031599825478803665,-0.000195191514353661,-0.0008833186801320508,0.0009201986238057704,-0.0016577808920088038,-0.002058037591768978,0.0006805103408291511,-0.0018182806641841812,-0.0024179835902818315,0.0009914504657857026,-0.0031542210940548707,-0.00289572102530327,0.000923824093834088,-0.00047512938179199285,0.0000461612387117258
1,4,195044,187.0,-9.727669877000153,-0.17941275797784328,-58.9762891670689,-21.986621299758554,-45.832032760372385,-100.95649479422718,-258.70650891400874,-356.7499656055588,-645.0818175598979,44.874546743929386,107.31969147920609,61.0,118.0,0.0021390486837199922,-0.08892410156419243,1.0400919620778435,0.5386176840007143,66.64263123482667,0.0009587580238305203,-0.0009594265132504988,-0.24509108428006623,-9.198578678546548e-7,0.000021892069639138958,0.00015575449608016363,39,-0.00004987423287565961,-0.00002177618396049206,0.00010955094920440727,-9.198578678546548e-7,0.000021892069639138958,0.00015575449608016363,-0.00030237428050629034,-0.00032106813397059117,0.00025856094864083176,-0.00011272646838538255,-0.0000759966127082216,0.00013849344681991785,-0.0002349830436228358,-0.00017209899701552524,0.0001375397244935679,-0.0005176088205442217,-0.000507667255861973,0.0002707544397052134,-0.0013264007552860316,-0.001246936155574178,0.0002285312012258313,-0.0018290742889069073,-0.0017796016952697107,0.0001541573521298203,-0.003307365607554695,-0.003099223478496153,0.00023797343745195307,0.0003251247500958992,-0.0003101386684714292
1,5,235062,262.0,26.0951539138332,20.322195536457002,121.44923784583807,0.01632731407880783,-45.351175328643876,47.1337699983269,-350.16827882640064,-387.078435562551,-947.2675143778324,110.76589381322265,187.13770976290107,106.0,170.0,0.002130157494482184,0.22226200754886516,1.1315553801826808,0.5268747151238196,65.451705131571,0.0011145995524585004,0.07756563181853818,-0.17309608904062548,0.00008645461851110347,0.00011028370926214774,0.00009881561940711546,39,0.00011101391936524492,0.00012717555154038825,0.00003070531067220641,0.00008645461851110347,0.00011028370926214774,0.00009881561940711546,0.0005166689547686912,0.0006909783045480222,0.0002367488852865925,6.945960673697931e-8,1.9115188406276945e-7,0.00005875544713823669,-0.0001929328233769979,-0.00012590193892451237,0.00009449445200672681,0.00020051633185426355,0.00042139400041307204,0.00023513808332444887,-0.0014896847590269828,-0.0014060525989117321,0.0003417365067324162,-0.0016467078284135718,-0.0013292571320519023,0.00036603575763061814,-0.004029862395358809,-0.0029100198593802295,0.0005202262218583293,0.00015962757863569976,0.000015329536262795158
1,6,295187,352.0,54.85239478293806,39.583151046186686,-230.07077299058437,33.06910222955048,-123.09254910476739,-347.8358309902251,-474.96483313897625,-658.8451604275033,-1133.5690561626107,183.49015320837498,300.1878646761179,133.0,215.0,0.002126121741678649,0.5359988447585257,1.2802798917835996,0.4972151949518284,63.08029505478981,0.0011924644377970574,0.11245213365393945,-0.34969474177490734,0.00013409517033672447,0.00012213012010819346,0.00008061927825794808,39,0.00018582252871209796,0.00014337661661392186,0.00009877695935949998,0.00013409517033672447,0.00012213012010819346,0.00008061927825794808,-0.0007794068607038399,-0.0006490656540940171,0.00044452356719949787,0.00011202763749606344,0.00011561201171478203,0.00014955079567599008,-0.0004169985436512021,-0.0003193293317097,0.00010982222044610882,-0.0011783575529756565,-0.0009592618887538084,0.0004787142132085777,-0.0016090303202342118,-0.0015687145410263244,0.0002880117964673552,-0.0022319585904104966,-0.002153417298006554,0.00038687168517762287,-0.003840172691082638,-0.0032351782046002486,0.0006978101085228061,0.0001720916351397138,0.0000968493769735323
1,7,405286,510.0,139.43938695825636,130.68669534940273,19.615624252706766,54.5741501643206,-57.53360119089484,-160.80945092998445,-607.5351854674518,-821.5305873900652,-1078.507561193779,251.05965914949775,465.71612671390176,195.0,342.0,0.002113309376742367,0.8791177944442016,1.4476975480270602,0.45912747278820454,61.670090239653355,0.0012583706320968403,0.25624842225373085,-0.11281098272724478,0.0003224554890852453,0.00022384758589232776,0.00018266540539312433,39,0.00034405182256050387,0.00033001769009025414,0.00011627774955512708,0.0003224554890852453,0.00022384758589232776,0.00018266540539312433,0.00004839946174480926,-0.00007788507633606627,0.00029375285001123885,0.0001346558977224,0.00022165474559771102,0.00010909078486075461,-0.00014195802764194876,-0.00015383694743740766,0.00015608113926709617,-0.00039678017728217717,-0.00045728599610646184,0.0002785000205616877,-0.0014990283046230361,-0.0015875308316892578,0.0001773014277010498,-0.002027039146158676,-0.001943581979772558,0.0003047218834357818,-0.0026611024343149753,-0.0022619445932917323,0.0002154436759898154,0.0005387656262883524,0.00011956278848728958
1,8,509688,778.0,265.0580648416653,344.6303689898923,136.37042880617082,199.26277446508175,42.741140628932044,-148.12877795100212,-799.030889634043,-1051.4251969978213,-2030.8760525770485,525.9117326140404,845.1566713266075,315.0,535.0,0.0020663526190345992,1.2958691399172169,1.6764281059434447,0.4358351109250555,64.81190201429234,0.0015264240084129899,0.4429696259510184,0.05493719875184067,0.0006761594720493563,0.0006134919868974702,0.0001431453210744357,39,0.0005200398377863817,0.00043855738502845726,0.0000855489926522073,0.0006761594720493563,0.0006134919868974702,0.0001431453210744357,0.00026755667939243387,0.0004016056806044381,0.00038751962561549383,0.0003909504921934237,0.0004582791295340609,0.0002164404337954497,0.00008385745912976575,0.00013818597149079767,0.00009163518301169979,-0.0002906263791790313,-0.000011943155317512338,0.00041829035252335776,-0.0015676862897185003,-0.001576284077729816,0.0002605237292310362,-0.0020628800305242056,-0.0018479839807219833,0.00016050442917134715,-0.00398454751255091,-0.0035063130076572755,0.0003102969497625354,0.0009251848038530463,0.0004369000649455282
1,9,353100,935.0,798.0157430721447,1195.931955570355,1030.0634052976966,840.0745245378203,937.5058103455231,777.4683174369857,-207.54400881007314,-369.48826045542955,-1164.7759717144072,1060.5560786165297,1581.1648340187967,386.0,639.0,0.002038945814691368,1.986493416521474,2.178030864484302,0.39238796589867636,73.1861928877002,0.00264797507788162,1.2790716102356738,1.0026800110647305,0.0033869497467299775,0.003191460669229854,0.0004791589649316078,39,0.0022600275929542473,0.0021171371683963163,0.00028948153528422576,0.0033869497467299775,0.003191460669229854,0.0004791589649316078,0.0029172002415681015,0.002834171716306824,0.0005422187623285521,0.0023791405396143307,0.0024658562231811595,0.0004276917131584413,0.0026550716803894732,0.0027950469902020595,0.0005217746052073289,0.0022018360731718653,0.002517594073226285,0.0005813785654540391,-0.0005877768587087882,-0.0009517683507966867,0.0008671567792153528,-0.0010464125189901714,-0.0010586076076683783,0.0005052599901914066,-0.0032987141651498364,-0.003207605125594213,0.0007223384696015725,0.0027573274536417947,0.004149409203448857
2,0,78706,358.0,-536.856364053674,-894.648200398311,-987.6861436627805,-725.8430991838686,-972.9132274613203,-1058.4437761604786,-1422.7523505166173,-1422.1677995435894,-1982.9963754694909,29.187016086652875,63.10363692604005,53.0,142.0,0.0036372205232155386,-2.4289973458704766,0.7820912821504871,0.4330238532918888,1.2372092052779002,0.004548573171041598,-2.4990173195483547,-2.717634713579107,-0.011366963133665935,-0.011896278963136064,0.0024016117481924578,39,-0.006821034788372857,-0.007035445602765486,0.0009742759227301702,-0.011366963133665935,-0.011896278963136064,0.0024016117481924578,-0.012549057805793466,-0.013167747915583746,0.0032180110236299554,-0.009222207953445336,-0.009937510856297216,0.0019891435416086404,-0.012361360346877242,-0.012851559307483273,0.002505231270787039,-0.013448069729886903,-0.013941867255523434,0.0032915986411808135,-0.01807679656591133,-0.01974008511398517,0.004041334995863394,-0.018069369546712948,-0.02018338640908476,0.0048561711313495175,-0.025194983552327535,-0.025732158925045347,0.006533543222350936,-0.014722471278553058,-0.009148888971202772
2,1,127884,236.0,-82.49280776642263,-61.845720652490854,-90.21305413916707,-121.39196321135387,-113.36966859549284,-138.96002012304962,-403.69467183202505,-540.2969986777753,-774.601260047406,68.54172750934958,125.68669577687979,66.0,130.0,0.003647134606640834,-1.3195002310298383,1.0590289398691195,0.4144504772852382,28.395732700758867,0.0018454224140627444,-0.2620581383580121,-0.4803799516758171,-0.00048360796231343135,-0.0006404679809440427,0.0005013818565457217,39,-0.0006450596459793456,-0.0005978584274220852,0.0002378946633740764,-0.00048360796231343135,-0.0006404679809440427,0.0005013818565457217,-0.0007054287802943846,-0.00123402599553531,0.0010155596717849051,-0.0009492349567682733,-0.0009270939953607074,0.0002592781112624964,-0.0008865039300889309,-0.0010763960396647893,0.0006267049733606106,-0.001086609897430872,-0.0016066922263822186,0.0010653028761221338,-0.003156725406086962,-0.0034943213146481464,0.0010467260012424007,-0.004224899116994896,-0.004519105739768084,0.0011162984746127462,-0.006057061556155625,-0.006293236201683959,0.0013625126591736742,-0.0011830967396905543,0.0002127155593107406
2,2,173892,316.0,-74.41202097851783,-84.53633360564709,-116.61486919783056,-97.07528829795774,-163.26959907473065,-188.42485158424824,-534.3264826545492,-566.4290206311271,-1182.2450068481266,95.55828622728586,180.54785450175405,108.0,187.0,0.003641587772766649,-0.8108551961438146,1.0460451044992483,0.4363217866148561,39.67539609370919,0.0018172198836059162,-0.2675200430558452,-0.516675946439021,-0.00048614274150419275,-0.00027406638200099204,0.00021994515199529047,39,-0.0004279208990552632,-0.0002908433559890066,0.00008426698571603688,-0.00048614274150419275,-0.00027406638200099204,0.00021994515199529047,-0.0006706166425012684,-0.0005853486874065292,0.0005083851400536476,-0.0005582504560184352,-0.00040136628211294743,0.0001267316283252312,-0.0009389138032498944,-0.0006612091720901508,0.00029629021057234753,-0.0010835740090645242,-0.0010256883354960837,0.0005858149150465438,-0.003072749077902084,-0.0029712779088797887,0.0006538621679227607,-0.0032573610093111073,-0.00331661075848274,0.000916125072474467,-0.0067987314358804694,-0.005891469652332056,0.0008294203904944555,-0.0003115609666101986,-0.0006454079342229597
2,3,215107,383.0,-87.36195505969226,1.8979592369869351,23.49033895507455,-132.13649532105774,-62.495263427263126,-45.46767479972914,-541.7068900428712,-802.9651743220165,-1415.559534670785,128.29074348323047,238.89068709127605,149.0,254.0,0.003627397329435984,-0.423476453637792,0.9879394411511324,0.4558432070963795,46.41571379874173,0.0017805092349388908,0.004955507146179987,-0.16317301155943376,8.823326237579135e-6,-0.00011704300221298827,0.00018540254960959358,39,-0.0004061325529140951,-0.00033587242941361624,0.00014287930541072573,8.823326237579135e-6,-0.00011704300221298827,0.00018540254960959358,0.00010920304292781987,-0.00026886648611191514,0.0005994618065824994,-0.0006142826375759865,-0.0005628694987802299,0.0001636238446336227,-0.00029053105397436216,-0.0004534959017147502,0.00014963362097707985,-0.00021137236259038126,-0.0006002508602846019,0.0005852899238745152,-0.002518313630160205,-0.0025102261767655626,0.0003575048000401286,-0.0037328639901166236,-0.003605007920489601,0.0006194124679199962,-0.006580722778295384,-0.0054336019242096825,0.0007229766660273641,0.0002367485791971208,-0.0001856762673389983
2,4,247658,473.0,-65.0429631350562,-77.97202122863382,-40.43306629359722,-114.57544344756752,-187.57673576800153,-156.4859874676913,-762.0245363730937,-827.9429481308907,-1531.2572647761554,173.83050149865448,315.55807006545365,192.0,327.0,0.0036188040524839466,-0.09075105719387791,0.9995567642399541,0.4460064463266791,48.22553435148818,0.001909891867010151,-0.16484571084277763,-0.39656815172939014,-0.0003148374824501281,-0.00034552401388465476,0.00032244209816387665,39,-0.00026263219090461926,-0.00017103483790596445,0.0001410722880964723,-0.0003148374824501281,-0.00034552401388465476,0.00032244209816387665,-0.00016326170078736493,-0.0004159009944026622,0.0009013861036583591,-0.00046263574545368015,-0.0003744756807041447,0.00021609542526290215,-0.0007574022877032098,-0.0007416861485074564,0.0003802021988649839,-0.0006318632447475603,-0.0008187832204982058,0.0009233395503447435,-0.0030769227578882723,-0.0028276644056965533,0.0005563869590123247,-0.0033430898583162697,-0.003044084611473212,0.0006907966369191538,-0.006182950943543739,-0.004999834547864114,0.0006052951966881763,-0.000811206019469148,0.00012414649176193597
2,5,281164,541.0,30.850887522101402,35.088086957111955,-85.395920753479,-16.56585411564447,-97.00398653984303,-213.6442858185619,-742.104134881869,-914.9470168296248,-2001.875969670713,254.42212356254458,410.92909560725093,243.0,367.0,0.003613837601015798,0.22157989401311642,1.0870115861696896,0.40508914989387557,46.922431358483415,0.0019241439160063165,0.06485783171370046,-0.17930496587771355,0.00012479580229727828,0.00007623373788980583,0.0002916096009341131,39,0.00010972559617199003,0.00010170807827391667,0.00010484703963406822,0.00012479580229727828,0.00007623373788980583,0.0002916096009341131,-0.00030372281214337184,-0.00044165644816434365,0.0005264900827554615,-0.00005891883070252404,0.00002204569836767456,0.00019205813766580752,-0.0003450085592033227,-0.0003135631825768538,0.0002569666027684975,-0.0007598564745791137,-0.0008205344904249401,0.0004768817514178851,-0.002639399549308834,-0.0025537742776539298,0.00023897226032485716,-0.003254139992423016,-0.0032230214075066764,0.0003647189021693078,-0.007119958350538166,-0.006363360337119333,0.0009303597521847347,0.00059942974908778,-0.0003190463100705161
2,6,336283,811.0,35.18760925158858,207.0423081908375,122.48689198866487,-9.339248374744784,14.53378652734682,-122.47847156785429,-946.1102389534935,-1281.620384639129,-1995.444241605699,405.4088350702077,693.6138072386384,337.0,579.0,0.0036026168488952444,0.5338752236850118,1.2259230329398092,0.3663038512168849,46.74386678087777,0.002411659227495889,0.2552926118259402,0.0179208218586274,0.0006156787830215548,0.0005375754659542907,0.00017547924813146132,39,0.00010463689586327166,0.00012480928318172476,0.000094235949736103,0.0006156787830215548,0.0005375754659542907,0.00017547924813146132,0.0003642375379923007,0.00013337687884698753,0.00029708768223595693,-0.000027771990777841235,0.00014768223060086325,0.00014446832030304987,0.00004321891539966879,0.00011614125525785032,0.0001953035363524497,-0.0003642124983060526,-0.00042423723368114897,0.0002662656885844728,-0.0028134346337861074,-0.0025491025503666326,0.00035812971800992994,-0.003811136407844372,-0.0032281161079032138,0.0004346787287306731,-0.005933824313467226,-0.005194591884704493,0.0005687842449668899,0.0005584193616246843,0.0006698476768100308
2,7,388037,956.0,168.8886322118342,353.2429722957313,332.29759411048144,180.01784383217455,107.39918610733002,63.37737907329574,-1012.2577699106187,-1351.4558666655794,-2236.6803413555026,485.5905273593962,844.2237082868814,394.0,663.0,0.003579692398436364,0.8714392684387344,1.3909306089045093,0.34278689090033454,47.42807836065647,0.002463682586969799,0.36950101704574406,0.11234224488214438,0.0009103332215632306,0.0008646235523284846,0.00013835715053037736,39,0.00043523847522745045,0.00037511248092045584,0.0001022658512392308,0.0009103332215632306,0.0008646235523284846,0.00013835715053037736,0.0008563554354622921,0.000826939538485529,0.0006167794566906343,0.0004639192753066706,0.00046637539643450593,0.0001587809329230378,0.00027677563249723616,0.00038953251952724175,0.00012224806520787473,0.00016332818538772266,0.0002759852951563587,0.0006307143608052045,-0.0026086630138636743,-0.0026227819520451196,0.000384545711083253,-0.003482801554144526,-0.003410990123318538,0.00035967260228095987,-0.005764090386626798,-0.005028020667823645,0.0006141576580001612,0.0012478396466053625,0.0005763276707346055
2,8,385548,1244.0,505.3271096935496,827.5129635212943,1054.0258232252672,466.3447551049758,524.2236372924526,725.006326316623,-997.5985478232615,-1345.4107597079128,-2603.9060144331306,847.0040519107133,1364.2626911718398,489.0,857.0,0.0035713874775072183,1.2882465857591887,1.6044473704174422,0.31159507189532654,47.957163266842294,0.0032265761980350047,0.6652033468820694,0.4214016376948976,0.002146329285902908,0.00195814740171761,0.00020732157787085856,39,0.0013106723668480957,0.0012205119809651818,0.00008088538380687289,0.002146329285902908,0.00195814740171761,0.00020732157787085856,0.0027338381296888254,0.0023165713828554283,0.0004045223098306485,0.0012095634139068956,0.0013514904182081692,0.00018914268875026643,0.0013596844939993272,0.0014263873979743036,0.00015967059530496203,0.0018804567169758966,0.0016950161822820676,0.0004412027658039128,-0.002587482097749856,-0.0025583745471794554,0.0006909265761482928,-0.0034896063776959363,-0.0031034975553384052,0.000364094905082334,-0.0067537790740274375,-0.005875172695992713,0.0006029290169152989,0.0020411367186619293,0.00226927732604235
2,9,247274,1203.0,1017.7370926840231,1374.2841966189444,1410.7986708087847,1282.2829459975474,1231.0819138516672,1332.652892071288,-450.6372207251843,-901.5753367999569,-1797.0056846402586,1245.0006597414613,1944.505799792707,482.0,795.0,0.003566042744056819,1.9723596858897385,2.052361157971283,0.26087626829217775,52.759348316995215,0.004865048488721014,1.1423808783199871,1.0233432367844282,0.005557738365614438,0.005450832174374724,0.0009495289242454448,39,0.00411582735218431,0.004204093005497294,0.0009090809482932247,0.005557738365614438,0.005450832174374724,0.0009495289242454448,0.005705406435002405,0.0050572773598476645,0.0016963805111859065,0.00518567639944979,0.005413209983234431,0.0013983603464878046,0.004978614467560954,0.0045699561404736995,0.0007367694338084533,0.005389377338787289,0.0048703765868557585,0.0019971991481931442,-0.0018224205566504538,-0.002262226751078693,0.0007647427324440436,-0.0036460579632308972,-0.004406272835052008,0.0008172857573244778,-0.007267264996078272,-0.008662521291834827,0.001340847324234725,0.005490129271317609,0.00565567176785836
3,0,108024,644.0,-807.6978300372139,-1241.158254686743,-1420.8783453935757,-1161.3880493613542,-1321.6164352058804,-1506.4002801398747,-2160.6741441395134,-2231.8476580968127,-2843.7175073269755,50.62449602037668,144.82017295062542,99.0,276.0,0.005472777928796745,-2.3660412487444815,0.8984644244333474,0.35935299008405885,-13.143010436496438,0.0059616381544841885,-1.9272643706315886,-2.0521994335495037,-0.011489652805735235,-0.01440277916982106,0.0033650112811730143,39,-0.007477022050999906,-0.009462168175102818,0.0023360433340658925,-0.011489652805735235,-0.01440277916982106,0.0033650112811730143,-0.013153358007420348,-0.015513629411340775,0.0032619255780723423,-0.010751203893221453,-0.013061199554428452,0.00319263407858822,-0.012234470443659561,-0.015028624966943219,0.003287319039426711,-0.013945051841626626,-0.016136176643846385,0.003295099233732002,-0.020001797231536635,-0.024768692266408248,0.005909700864020183,-0.020660664834636865,-0.024727240885404657,0.005161270700450659,-0.026324867689837217,-0.02932121863839914,0.00551585963924593,-0.01432282908605676,-0.009466803151817135
3,1,176439,505.0,-203.49093300383538,-372.526563805528,-689.5723084341735,-342.86642677453347,-418.6424310669827,-780.2122624907643,-1111.5226004067808,-1377.182779208757,-2040.7877092268318,126.61996826715767,268.8371554259211,133.0,281.0,0.0054654287712416864,-1.3238575068140404,1.09695837665172,0.3562562023040902,17.246374458724066,0.002862178996707077,-0.7376763639713425,-0.8289949130039261,-0.002111361795326022,-0.002032672204699884,0.0007365566692968841,39,-0.0011533217316116924,-0.0010120090950634538,0.00009143560568424833,-0.002111361795326022,-0.002032672204699884,0.0007365566692968841,-0.003908275995863576,-0.00333443858335044,0.0011129006311885775,-0.0019432575948318312,-0.0018406906339311613,0.00021628009424291283,-0.002372731828376848,-0.0023162248994965024,0.0007544874890298382,-0.004421994357771039,-0.003855554405362488,0.001150735828840181,-0.006299755725246577,-0.006341203428854206,0.0014921235644376639,-0.007805432921342543,-0.007984061462339221,0.0011421960152127105,-0.011566534095221757,-0.01032287903654046,0.0020918302190813315,-0.0029884812501205903,-0.0013276838999118738
3,2,221899,618.0,-131.36967654898763,-193.68360253982246,-136.4128062725067,-198.61397748587478,-298.83992135780863,-235.92821963317692,-1065.9816706469283,-1189.7790505783632,-1900.219731129706,178.01071656867862,334.03959086351097,208.0,381.0,0.005445964284150938,-0.8143882687674626,1.007305630707448,0.3776590148092148,29.04517559992612,0.0027850508564707366,-0.3134038876048907,-0.48355974329742496,-0.0008728457655952594,-0.0008104568177522889,0.00022373849544576356,39,-0.0005920246443156013,-0.00046816754615397677,0.00015909345070751964,-0.0008728457655952594,-0.0008104568177522889,0.00022373849544576356,-0.0006147517846971221,-0.0008623192573397189,0.00045543947604084273,-0.000895064770394976,-0.0008137772947681266,0.0001495481023585029,-0.001346738477225263,-0.0011930227271955108,0.0001994894831734136,-0.0010632234468527435,-0.0012474213945462766,0.0004367029814661788,-0.004803904797439053,-0.0046949406176871825,0.0007075869737263798,-0.00536180447220746,-0.005263594227365944,0.0007666734894578078,-0.008563444319846894,-0.007861268700367356,0.0008698932855045827,-0.0005219611191828074,-0.0011594863149109386
3,3,252618,666.0,-62.937217011116445,-93.783985667862,-622.6355946650729,-100.56957377967774,-192.63793880623416,-721.8832488586195,-1053.2672640839592,-1552.9238930363208,-1967.6560039557517,189.80108177103102,380.52268675528467,264.0,452.0,0.005438099226742092,-0.42553676174606964,0.9311834743783232,0.37545922972435675,34.69313271821244,0.0026363917060542004,-0.1408167952970901,-0.289246154363715,-0.00037124823119438045,-0.00034092435016154027,0.00023998924680022093,39,-0.00024913987527063174,-0.0001865530194995025,0.0000632451128429344,-0.00037124823119438045,-0.00034092435016154027,0.00023998924680022093,-0.0024647317082118966,-0.002480642788217672,0.0008639543655638209,-0.0003981092945858084,-0.00029843990116629497,0.0001312925728100006,-0.0007625661623725711,-0.0006073492946773468,0.000257566410696783,-0.0028576081231686556,-0.002815934919651112,0.0008987701801013364,-0.004169407025959983,-0.003930112505832919,0.0002950128788519016,-0.006147320828429965,-0.005922846833585736,0.0008720820226206117,-0.007789057010805848,-0.006770550948727789,0.0010453923494605068,0.00011007124825640267,-0.0007668722091758589
3,4,279735,795.0,-31.62937123514712,-52.253221010789275,-154.7285175640136,-40.63947640609695,-156.7368163210922,-279.77490281680366,-1143.9224482858554,-1432.31317352131,-2408.99242740497,240.08639476634562,470.7274226490408,307.0,537.0,0.005435742394772688,-0.09141006222004637,0.9598398108445563,0.33278631511144324,34.65525284343576,0.0028419754410424153,-0.06572732202615003,-0.19715322807684552,-0.0001867954350038046,-0.00022914973281850341,0.0003590022914597268,39,-0.00011306905190679436,-0.00013756831651748442,0.000148195510802296,-0.0001867954350038046,-0.00022914973281850341,0.0003590022914597268,-0.0005531253420702222,-0.0009913661334120492,0.0006081731351521706,-0.00014527848287163546,-0.00012982097959487486,0.00016575838326041676,-0.0005603046323166289,-0.0005006604817090055,0.0003723441940128427,-0.0010001426450633767,-0.0013391393377931453,0.000606406108156842,-0.004089307552811966,-0.003858906545605093,0.00029259780046025203,-0.005120250142174951,-0.005151447034083146,0.00045538683569603956,-0.008611694737537205,-0.008159623512474793,0.0007488028630089219,0.0007009197079772181,-0.0009681666249178571
3,5,308451,970.0,7.0657742116600275,161.28614460118115,-16.92132632061839,24.67393383308081,-11.80397055967478,-202.27656091423705,-1218.0365720323753,-1810.0378852132708,-2786.0310700833797,399.36760387197137,678.5874499641359,407.0,683.0,0.005431214746985776,0.22004882146235147,1.069418014259297,0.29162274946292155,34.12503147323433,0.003144745842937776,0.16627437587750635,-0.012169041814097711,0.0005228906523278614,0.000419716166353197,0.00016741946753228465,39,0.0000229072825559328,0.000016255395403836808,0.0001238257395081554,0.0005228906523278614,0.000419716166353197,0.00016741946753228465,-0.000054859041859544596,-0.00022120206352783034,0.0005570855984780835,0.00007999304211392024,0.00014732159106987093,0.00010647418440305137,-0.000038268543657419756,-0.000024994958592790566,0.00013988434190986208,-0.0006557818289265947,-0.0006759855754670385,0.0004981812771158899,-0.003948881903551537,-0.003624946216674558,0.000520938982323791,-0.005868153726891048,-0.005270758555369952,0.0004625081201287573,-0.00903232951127855,-0.008008680882102161,0.0007680899356314181,0.0006594880701946001,0.0003956318908753606
3,6,338606,1259.0,206.83170005772263,502.91616567596793,241.61020972114056,176.12740665691672,261.31030186871067,-0.5904013765975833,-1300.1030923095532,-2009.4253755770624,-3382.645821014419,608.0995527729392,1005.7920073736459,507.0,870.0,0.0054218714969575975,0.5308549735110208,1.2038144573637202,0.2610934021781315,34.01572850451723,0.0037181857379963734,0.39945684326923586,0.20755385374798305,0.0014852547375887254,0.0013909075639523393,0.0004987766637878863,39,0.0006108329446546211,0.0005525482413763355,0.00018583702937862215,0.0014852547375887254,0.0013909075639523393,0.0004987766637878863,0.0007135437934388066,0.000485588827335201,0.0007901639225420505,0.0005201544173963743,0.0005468334676106438,0.00029869196205687136,0.0007717237788719357,0.0008499532305771137,0.0005034918783489521,-1.7436234933745513e-6,-0.00006334346624677739,0.0008649782535582384,-0.003839574881453823,-0.003596862233083107,0.000226179563157246,-0.005934405697409563,-0.005244563182432192,0.0006959632201459932,-0.00998991695662339,-0.008360133947166618,0.0007377335374801192,0.0025782036751567086,0.00038316537129696787
3,7,359000,1500.0,293.77558103296906,478.3932849764824,804.7048753611743,388.4127959498437,278.1989328614436,601.5966353814583,-1653.0202888468048,-2058.4581848196685,-3151.4650098495185,705.3349847309291,1324.5863387417048,557.0,1022.0,0.005414440377057153,0.8697608127325843,1.3516027863031477,0.2283331749361899,33.672679009564845,0.004178272980501393,0.31892885665098825,0.1854659552409624,0.0013325718244470261,0.0013157337301157605,0.00029941979933055226,39,0.0008183163817074347,0.0007499764005742249,0.00014963707631530007,0.0013325718244470261,0.0013157337301157605,0.00029941979933055226,0.0022415177586662238,0.001730742059693519,0.0005084375961087332,0.0010819297937321552,0.0012747851131949602,0.00043297363139331666,0.0007749273895861939,0.000926288321693994,0.00048312971095824334,0.001675756644516597,0.0014093097682142746,0.000524573620960613,-0.004604513339406141,-0.004413498877081108,0.00033976188363606027,-0.005733866810082642,-0.005853352068008983,0.0005901962893623115,-0.008778454066433199,-0.008335823451031293,0.0008986446022136377,0.001842631282516364,0.0007558783687812025
3,8,342023,1803.0,758.4361812714487,990.14614423085,944.8018893124536,935.8099159882186,790.2931071111234,768.5451650274917,-1601.971797653474,-2225.595074816607,-3500.9109943751246,1053.2843340504915,1835.3582248147577,680.0,1202.0,0.005402316588124945,1.2854497051449336,1.5411973298012702,0.20056432416683354,33.93155374797053,0.0052715753034152674,0.5491659147148364,0.43832119085475507,0.0028949694734881864,0.0028058145157249634,0.00031369349159176256,39,0.002217500522688383,0.0021464581168126216,0.00018930315180402734,0.0028949694734881864,0.0028058145157249634,0.00031369349159176256,0.002762392848762959,0.0023390195127189935,0.0010350377325611276,0.0027361022971794835,0.002976852740149681,0.0005565147415845695,0.002310643164673497,0.0025304692423635694,0.0006833052948634097,0.0022470569670095045,0.0022929988615118194,0.001460401200772279,-0.004683813070037611,-0.004868270811544088,0.0004971324203305802,-0.006507150322687676,-0.0069206837571378285,0.000642720650106202,-0.010235893476097001,-0.010417442090113744,0.0015231336191649095,0.0032211300572514735,0.002451561003390876
3,9,190442,1520.0,1140.3993828790262,1503.6582611361519,1839.7469806717709,1616.9978044299642,1636.0771703546197,1975.28600647836,-772.2721885158098,-764.0521628507413,-2284.5397230163217,1322.6442711502314,2175.3102773521096,610.0,1083.0,0.005369805719310922,1.941843510219228,2.0170149779774147,0.17632294082039954,45.424284521592035,0.007981432667163757,0.9892488560106262,1.0763665594438288,0.007895623135317586,0.010619902876573115,0.0028268411304692076,39,0.005988171636923716,0.007272175641109535,0.0019057600002016298,0.007895623135317586,0.010619902876573115,0.0028268411304692076,0.009660405691348394,0.013056206904468669,0.0033894519952555233,0.008490762565137753,0.010607590915377446,0.0035439158788372178,0.008590947219387633,0.012557445748205415,0.004286422165348602,0.010372113328353829,0.013986182450300312,0.0038852396815325257,-0.004055156890369823,-0.0037154793166208552,0.001340942876786618,-0.004011994007890808,-0.0015764160200011916,0.0029295804942914313,-0.01199598682547086,-0.006914916196083833,0.002509481810603972,0.007140946167345147,0.009152003049423442
4,0,156427,1273.0,-1450.916212586686,-2448.823635423556,-2106.6957967923954,-1972.894990427827,-2597.3375280171167,-2257.402474524919,-4233.448967514327,-4311.242036871146,-6713.426638156176,121.96994002349675,331.3372347801924,214.0,554.0,0.007859685478549037,-2.3371663982425965,0.980658188997997,0.29124813166206587,-24.709657314657676,0.008137981294789263,-1.9236634999399498,-2.040327987444711,-0.015654737579980156,-0.018655651916428772,0.003086554859653965,39,-0.0092753566365569,-0.010444947525522419,0.0017910028651785608,-0.015654737579980156,-0.018655651916428772,0.003086554859653965,-0.013467597005583407,-0.016834219298043185,0.003847164565341512,-0.012612240792368497,-0.014663085061139034,0.0028883774464278458,-0.01660415099706008,-0.01967343247360978,0.0031556231939056925,-0.014431028368024184,-0.01753934891492859,0.0037442297575463013,-0.027063415954498436,-0.03262802913806129,0.006036217825122855,-0.02756072824302164,-0.032677397586943456,0.007096217617590625,-0.042917313751182185,-0.045117146078884826,0.0124368200766253,-0.017386940176505668,-0.014437744452149234
4,1,231833,1010.0,-315.1725266119465,-680.4707376100123,-1160.4729248378426,-496.6084862224816,-852.008389407536,-1295.809987689834,-2095.8175965035334,-2678.352046339307,-4017.250171288848,255.0317263044417,479.1877787448466,304.0,579.0,0.007823371613856118,-1.3305932082479446,1.0685878671568463,0.292901716654466,9.345035159463203,0.004356584265397937,-0.6737334035742696,-0.8435726627797386,-0.002935176345084661,-0.0032886484891544512,0.0005412396154543872,39,-0.0013594808617062564,-0.0014322976023886612,0.00015633271826071826,-0.002935176345084661,-0.0032886484891544512,0.0005412396154543872,-0.0050056416680879885,-0.005558472885548836,0.0010449902404694826,-0.0021420957595445064,-0.0024344022472993767,0.00041150381449692663,-0.0036750953893860496,-0.0040212351107795615,0.0006243939862288141,-0.0055894112904109165,-0.0061235045056247635,0.0010899022313908477,-0.009040203924823185,-0.009841976305916916,0.0013642247665965877,-0.011552937012156626,-0.012154205657015105,0.0015693808110573508,-0.017328206818221944,-0.016049196939838563,0.0008945806242941901,-0.003865312126781867,-0.0022200634072191403
4,2,265986,1124.0,-184.67697750590742,-322.375014744699,-585.7634025663137,-311.7292210427113,-466.83744573267177,-712.8567385001516,-1908.1607468008297,-2239.176157195121,-3510.563489375032,306.46466099470854,587.1462859828025,418.0,730.0,0.007814758648623358,-0.8163971056389708,0.939383851579787,0.2996853855372844,20.025251660050237,0.0042257863195807295,-0.28681051133870017,-0.41533580581198554,-0.001211999935127033,-0.0014029418473474177,0.00024437534068037434,39,-0.0006943108942046101,-0.0007500370008973304,0.00015217878847803364,-0.001211999935127033,-0.0014029418473474177,0.00024437534068037434,-0.0022022339618111998,-0.0020737179036729556,0.0006150652408833902,-0.0011719760477721056,-0.0011759830073237946,0.00019731060056474292,-0.0017551203662323272,-0.0018024387509801686,0.0002857135641823104,-0.0026800536062054074,-0.0024122471235920643,0.0006378649784790065,-0.007173914216540831,-0.0070724700532282395,0.0008092509399752031,-0.008418398551785135,-0.007740695059573146,0.0007240969789612306,-0.013198301750374201,-0.011285604936456405,0.0012345593812848647,-0.0011933520668758347,-0.0012264264891464892
4,3,297469,1279.0,-108.71720678452402,-19.585410377942026,-313.2975591327995,-161.59727646422107,-175.44398765359074,-436.6299736511428,-1803.975523296278,-2257.6633505136706,-3461.2295857667923,378.5049808137119,655.9832008481026,561.0,873.0,0.007817670443973102,-0.42554059366927655,0.8991568448183577,0.2738241450854556,23.077951271139973,0.004299607690213098,-0.015313065189946854,-0.13717278158998494,-0.00006584017285142998,0.00003242482931459233,0.0002552963792144274,39,-0.0003654740722042432,-0.0002933460972631311,0.00014231143537226772,-0.00006584017285142998,0.00003242482931459233,0.0002552963792144274,-0.0010532107854357917,-0.0003595274067872754,0.0008754047339240175,-0.000543240729165799,-0.0003649715359191692,0.0002700840296128975,-0.0005897891466122209,-0.0003684731212637726,0.0003230277851846341,-0.0014678167259483939,-0.0007094302490017046,0.000875498426013846,-0.00606441519383962,-0.00568140054844598,0.0006930730383520248,-0.007589575217967824,-0.006586702247831149,0.0006286836053634599,-0.011635597611068018,-0.010003543962991735,0.0014334123495935633,0.0002180784703231036,-0.00030131488215548176
4,4,328267,1501.0,85.56803378183395,325.3252008650452,-144.201157534495,19.804487525776494,118.4029770634952,-337.27859332045773,-1807.056395650492,-2930.0705004092306,-5208.954856064171,558.6149615645409,946.382457062602,599.0,991.0,0.007813225427508206,-0.0919654527427486,0.9667911875026463,0.22791034318662887,23.07047191553724,0.004572497387797129,0.21673897459363436,0.0788827295559595,0.0009910383951632214,0.0006659665044576282,0.00029790211135181325,39,0.0002606659633220334,0.00018310955488075697,0.00008753658464550923,0.0009910383951632214,0.0006659665044576282,0.00029790211135181325,-0.00043928009070206566,-0.00046706759815805953,0.000452252251601313,0.00006033042470238097,0.0000729443578781432,0.00007355294653800277,0.0003606910748369321,0.00015998590695855513,0.00025281747526656754,-0.0010274520232629468,-0.0009038709836791489,0.0004315506385766152,-0.005504837207670866,-0.005380159170461179,0.00046550213888689923,-0.008925875888862513,-0.008171035392491852,0.0005943073099119901,-0.0158680429530357,-0.013838476209889348,0.001239790820161138,0.0015702454334641364,0.00046427826999614614
4,5,351230,1841.0,198.83597442973405,408.97423809580505,489.7124150060117,253.93409170710947,246.8547716006433,304.99209160124883,-2177.197696396848,-2878.8689857218415,-4809.773798531038,700.4522576462477,1281.6848920043558,722.0,1245.0,0.007811177144294996,0.21881741040934855,1.0727051223072632,0.1861413493193387,22.715677040847115,0.005241579591720525,0.22214787511993755,0.1340873284088231,0.0011644057685727446,0.0010564009269668061,0.0002184734821677364,39,0.0005661133002013895,0.0005764112744115973,0.00013304833020989846,0.0011644057685727446,0.0010564009269668061,0.0002184734821677364,0.0013942784357999366,0.0009417868436974364,0.0005856398590736576,0.0007229851997469165,0.0008361118293393474,0.00022556139479663873,0.0007028294040960149,0.0006522747209483294,0.00019002405883624199,0.0008683543307839559,0.000501523674089111,0.0005538564022500535,-0.006198780560877056,-0.005967770209399658,0.0005039903137798141,-0.008196534993371413,-0.007702767344514345,0.0006310589172333532,-0.013694085922418466,-0.012503766883902864,0.0009256602683687511,0.0016256930044121775,0.0007014291057967996
4,6,370234,2061.0,318.1600178964436,278.35001860000193,499.9778623133898,500.23427544668084,102.55735246720724,311.8019721271703,-2639.839945388725,-3192.3119312319905,-5142.5232062693685,813.726939830929,1509.274905083701,763.0,1383.0,0.007802565129000945,0.5298336851767014,1.1857290609437967,0.15006343447958576,22.596967963016514,0.005566749677231157,0.13505580718098104,0.04976096674779584,0.0007518218710329196,0.0006493293985356465,0.0002489306970763616,39,0.0008593484604235257,0.0007560284381945063,0.00014798020825218243,0.0007518218710329196,0.0006493293985356465,0.0002489306970763616,0.0013504374593186735,0.0006442022216845405,0.0006476538614962851,0.0013511300297830043,0.001346744742140378,0.00041413143081923926,0.00027700684558200285,0.0003596655229961135,0.00032411405514370993,0.0008421754137306954,0.00032450136958061545,0.0006107662134932375,-0.007130193189681998,-0.006961910790426877,0.0006696445704897695,-0.008622416988261453,-0.008465507847450263,0.0008433510571413884,-0.013889926928022192,-0.012977667264432858,0.0011898811187860743,0.0008775512334313106,0.0006129087776582306
4,7,370662,2331.0,631.3037854190916,952.9983217893168,621.1517410231754,841.7107363028335,844.9745659159234,483.9986608205363,-2341.1898164942395,-3187.7792454689043,-5958.3860396970995,1034.633414749056,1867.3529887143523,825.0,1536.0,0.007780974290123257,0.8672228971839393,1.3207688401503324,0.127425834043391,23.244287885708864,0.006288748239636111,0.4088366888843058,0.36249445127238245,0.0025710710075198344,0.0023684471866988314,0.00023528936195990055,39,0.0017031791373787752,0.001555096095525083,0.00022565454152489572,0.0025710710075198344,0.0023684471866988314,0.00023528936195990055,0.001675790183572029,0.0013573855584536883,0.0006599948929692115,0.00227083093573885,0.0022906165096289394,0.0004661469793590451,0.002279636342317053,0.0022495078457932336,0.0003673973856725152,0.0013057682223171956,0.0011880404006194916,0.0006606386812626445,-0.006316239097868785,-0.006315114157484867,0.0006758574517566165,-0.008600232139979022,-0.008663310620413485,0.0009171935939303755,-0.016074984864100177,-0.01555021217246955,0.002035184074318822,0.0029644105809476305,0.0020595476920980183
4,8,307210,2510.0,1034.5736429439858,1257.392495745793,1093.2795221721753,1567.7956849061884,1269.9084565953817,1111.7872190955095,-2383.8710293453187,-2868.0703267529607,-5277.625366332009,1444.2613615747541,2490.8859069999307,950.0,1690.0,0.007735779830865113,1.2771625071647639,1.542175724324553,0.12201374142744041,26.849395415470983,0.008170306956153771,0.5009531855560928,0.5059396241415863,0.004092941296656336,0.003712948112398804,0.0008557716138331698,39,0.0033676431201588026,0.0031665571144322614,0.0005512499074137086,0.004092941296656336,0.003712948112398804,0.0008557716138331698,0.0035587367669417513,0.0030750642068827125,0.0010312900632179678,0.00510333545426968,0.005318704880757399,0.0012294988824840488,0.0041336820305178275,0.004168541881054896,0.0012072214118159382,0.0036189812151150988,0.0033807663182788585,0.0012489087790381883,-0.007759744244475501,-0.008193477390284714,0.0005418276337151338,-0.009335862526457343,-0.00953133653379642,0.0007848285772844141,-0.017179210853592038,-0.018389788882949582,0.002118337351929907,0.005120286505988403,0.0024030415252400297
4,9,138851,1757.0,1371.0333477295935,2049.2606265349314,2002.9496017536148,2113.37871677964,2327.3600212467136,2237.6220657844096,-617.4234315673821,-1069.4806910948828,-2046.037628222257,1688.706958860159,2723.6424059774727,709.0,1240.0,0.007691418459725128,1.9211816173121723,2.0565400008787247,0.11313519424025273,44.48626092088187,0.012653851970817639,1.1663407094678038,1.324621526036832,0.014758702685144013,0.01311075507619888,0.0014770380017036992,39,0.009874133767344804,0.008420694725157397,0.0009786376150776855,0.014758702685144013,0.01311075507619888,0.0014770380017036992,0.014425172319634824,0.01104329043054155,0.001749317408465338,0.015220478907459362,0.014442711466562855,0.0025078648822168498,0.016761564707828632,0.016530288267471337,0.0023666039761115224,0.016115275120700677,0.013051593754713285,0.0020929679254541337,-0.0044466617566123546,-0.006100577151615226,0.0028252793305248124,-0.007702362180285938,-0.00933465382717891,0.0014828670030460496,-0.014735490765080964,-0.01656115060698049,0.003690610106160133,0.01457173493128913,0.015103650261176937
5,0,225793,2429.0,-2341.3690704451874,-3936.4785215333104,-4326.2684929240495,-3090.6292683010397,-4147.424492356833,-4524.93328495184,-7287.403423235752,-7934.289062164258,-11606.282874032855,239.82841094210744,683.1623382456601,421.0,1110.0,0.011181255583520747,-2.332754296890066,1.011507707570126,0.210903134259108,-34.684125057308236,0.010757640848033375,-1.6206169294085264,-1.707461709492315,-0.017434014878819584,-0.021510026171052368,0.003752192077919833,39,-0.010369537897300569,-0.012300101710626078,0.0021056638253977526,-0.017434014878819584,-0.021510026171052368,0.003752192077919833,-0.019160330448348927,-0.023845915070623183,0.0044406057919179325,-0.013687887880939798,-0.016394644721184088,0.002726375665228281,-0.018368259832487424,-0.022411905861830523,0.0037074126447721634,-0.020040184084324314,-0.024261707177477308,0.0042967721827253825,-0.03227470923915157,-0.040598984971417375,0.008049813750417672,-0.03513965916642348,-0.04309387407370925,0.008820042739668722,-0.05140231483718652,-0.05431344542038895,0.010899441820069024,-0.021001367481758404,-0.015146841513612884
5,1,291789,2041.0,-682.2637982452288,-1200.581714165397,-1411.4846941009164,-1003.5263340481251,-1357.1763833900113,-1596.3181070229039,-4051.310269312933,-4930.064781349036,-8110.858918777201,433.31162139587104,891.4948485456407,596.0,1191.0,0.01113595473175692,-1.3339164544055009,1.0058051453310588,0.21329084101979506,1.153903157793697,0.006994780474932228,-0.5882320990521298,-0.6649565817687464,-0.0041145544011782385,-0.004816131260270775,0.0009349497344595741,39,-0.002338209453561405,-0.002462746014107353,0.00031718858508407455,-0.0041145544011782385,-0.004816131260270775,0.0009349497344595741,-0.004837347172446242,-0.005792427093889228,0.0008074439093885722,-0.003439219209936376,-0.003709422325105651,0.0005819638064802842,-0.004651225314833703,-0.005144564175499578,0.0008938721300477232,-0.005470796044480443,-0.006212174358934413,0.0008487795100215108,-0.01388438313066268,-0.014868587384083387,0.0025828781050172955,-0.01689599258830537,-0.01705707281959183,0.002010485045206042,-0.027797000293969962,-0.026877286469915385,0.0037648677711536005,-0.0060589446701164226,-0.0027480108174975986
5,2,334051,2204.0,-313.74520438630134,-314.62857022322714,-528.5348832691088,-335.73631742422003,-415.21837368269917,-662.0801691758679,-3439.150300826528,-4581.574695487972,-6812.022704181494,508.7937581446022,1017.6934862304479,835.0,1455.0,0.011147061811713925,-0.8149815444083366,0.9042778800385639,0.1954435717106182,10.020265811461307,0.00659779494747808,-0.14275343476552957,-0.18839309150757674,-0.0009418578906311525,-0.0013855946662225357,0.00048307467169619373,39,-0.0009392134865224212,-0.0008962838363947986,0.0001513025031358913,-0.0009418578906311525,-0.0013855946662225357,0.00048307467169619373,-0.0015821981771319614,-0.0023074202590847746,0.0006167662432529932,-0.0010050450901934736,-0.0010758273939468434,0.00019965949829587768,-0.0012429789872884654,-0.0016195872467920764,0.0004609302958778205,-0.0019819733189718573,-0.0025943016523921553,0.0006401879839799671,-0.010295285153544003,-0.010433018564020801,0.0015359759233521321,-0.013715195271045356,-0.013024823756154914,0.0011358867867368092,-0.020392163783917706,-0.018668982728776866,0.0022203551975859106,-0.001423241624345416,-0.0005655692029568585
5,3,376080,2419.0,-131.9077326040715,-124.41784621495754,-978.0414495905861,-132.76726688544295,-219.77178562953486,-1053.4512687888928,-3489.872916605207,-4692.280993116088,-7447.127929285169,643.8418747838587,1234.6727235019207,898.0,1569.0,0.011143427097723632,-0.4258483450521645,0.9134938436526258,0.15834509207955472,12.106111751823825,0.006432142097426079,-0.0514335866948977,-0.09085232973523558,-0.0003308281382018654,-0.0003817113936618797,0.00018882890533936824,39,-0.00035074381143392763,-0.0002608063677159416,0.00008849589179616282,-0.0003308281382018654,-0.0003817113936618797,0.00018882890533936824,-0.0026006207444974104,-0.0019935855814241215,0.0006650346816156427,-0.0003530293205845643,-0.00023514409384573992,0.00024925586029436237,-0.0005843750947392439,-0.0005383060971863843,0.0002950798755322501,-0.0028011361114361113,-0.0020830554110029213,0.0007578888156888257,-0.00927960252234952,-0.008937998790204543,0.0009426104202352153,-0.012476816084652436,-0.0113940164817654,0.0007566661665909447,-0.01980197811445748,-0.017529487617345643,0.0014388600303753584,-0.00017648020222065457,-0.0004651600765172647
5,4,407526,2813.0,65.02869026735425,200.2081465907395,-454.2652509631589,203.73667695489712,79.36959655625105,-529.5650636481587,-3701.2260032936465,-5349.5201882030815,-8498.606915773824,863.6528126355261,1635.2928515914828,1049.0,1885.0,0.01113764781728653,-0.09240967997765887,0.9839656528049435,0.11170057352563495,12.853983096066559,0.006902627071646962,0.07117246590499093,0.028215284947120885,0.0004912769899116608,0.00039445431507233576,0.00027853650297366393,39,0.0001595694269012388,0.00009675440525874205,0.00021308523340496605,0.0004912769899116608,0.00039445431507233576,0.00027853650297366393,-0.0011146902307169577,-0.001200351002445553,0.0012192457116372982,0.0004999354076915268,0.0005296911120786187,0.00020311004933253816,0.00019475958971022967,0.0002240917900883492,0.0003688116306565926,-0.0012994632579225833,-0.0012957652888585089,0.0012577481021204557,-0.009082183721513834,-0.008748559959534465,0.0006406888227168481,-0.01312681936417083,-0.012179587096437497,0.0009539356033468054,-0.02085414652261162,-0.01885134898840753,0.00118997071017205,0.0010974664320347106,-0.00009418057913050246
5,5,421965,3277.0,441.7836752925068,579.2595747858286,421.37961259204894,773.3209153066673,474.0266424705769,346.7797801485285,-4077.072767943144,-5386.088186771143,-8203.720705641434,1132.4137338325381,2146.326427714899,1230.0,2194.0,0.011115382045181811,0.2176021083316292,1.0765149424317888,0.07241282147929558,13.52191240936818,0.007766046947021672,0.17676520438993854,0.1446526220538837,0.001372766875892144,0.0013319251628158202,0.00024037680231204692,39,0.0010469675809427483,0.000932869004165618,0.0002663672549196125,0.001372766875892144,0.0013319251628158202,0.00024037680231204692,0.000998612710987994,0.001120934688810607,0.0008110313422998393,0.001832666015680607,0.001870157835449513,0.0006425992004097018,0.0011233790538802435,0.0012039690154562834,0.0004681602077327929,0.0008218211940528918,0.0010691183991933864,0.0009438931033695728,-0.009662111236579203,-0.009292635139743065,0.0010795865977704141,-0.01276430079928701,-0.01201124170903694,0.0008919083898913066,-0.01944170892287615,-0.01762315940710382,0.0014287497150110827,0.0016704727865825253,0.001049779593748593
5,6,412366,3506.0,576.8995097838342,883.312814113684,31.145406065508723,1042.6032598323654,967.2612829951249,63.37436285079457,-4043.3439431282386,-5487.206533680204,-9070.219974772539,1314.5120672285557,2584.045617133379,1240.0,2366.0,0.011077412477103771,0.5266862478834664,1.1910438766653784,0.05070402652602126,14.5930025155704,0.008502155851840356,0.2519431871402407,0.27588741671281375,0.0021420602428757077,0.002084967605488875,0.00041818685204640183,39,0.001398998728759971,0.0013142208973015025,0.00031895475991524454,0.0021420602428757077,0.002084967605488875,0.00041818685204640183,0.00007552855003930665,0.0005036857619694391,0.0010107186709604895,0.0025283443829810545,0.0027562555654639747,0.0007853846222334098,0.002345637814453968,0.0024847259956701567,0.0006700994362821517,0.00015368474328823076,0.0007794355022671316,0.0011567664172711476,-0.009805231137213637,-0.009757650836710458,0.0012529932711468127,-0.013306641511861318,-0.01290211327928959,0.001210570476828932,-0.021995557283511588,-0.020408763920118377,0.00164322226056137,0.002493808314959299,0.0016966871742361846
5,7,354244,3440.0,964.9569426169619,1046.9472561450675,843.0308107249439,1639.1084343710245,1341.521849192388,1073.3928384929895,-3901.425740532597,-4948.688167967834,-8219.842309396714,1512.4380968976766,2849.7292131967843,1245.0,2332.0,0.011011362438048357,0.8612914619265457,1.3468710518703748,0.05320424690933326,17.794401316028118,0.009710820790189813,0.3043451326003103,0.3899772817419732,0.002955441041048169,0.003012047433116626,0.0010388409960545707,39,0.002723989517442672,0.002515839479205895,0.0007415379644432552,0.002955441041048169,0.003012047433116626,0.0010388409960545707,0.002379802652197197,0.00231905494197992,0.002061837885043829,0.004627060541240006,0.005086498284914347,0.0015933114184431148,0.0037869994952416637,0.004220815879370652,0.0016406590227957172,0.0030300946197902843,0.00343477578309358,0.002646453896114413,-0.011013385521088846,-0.01162212194499293,0.0012857107020902614,-0.01396971626327569,-0.013516043336936049,0.0009458959597009409,-0.023203899880863795,-0.021715829654069336,0.0014384893491574341,0.0041531247426437965,0.0010748513498060458
5,8,239263,3167.0,1341.243925716728,1684.8974523618817,1724.6636331696063,2238.0319336849498,2137.5099125302513,2088.4274783524743,-2982.6899190702243,-3363.154840812378,-6347.730273512192,1858.9207129441202,3251.0567271579057,1238.0,2195.0,0.010948674856590016,1.2691043154868644,1.5912082383493196,0.0656466928122204,24.51888026864628,0.013236480358434024,0.532016877916603,0.6749320847901015,0.007042030954898508,0.008065959017493098,0.001228294085839694,39,0.005605730621603541,0.005581456415534554,0.0009531676988229577,0.007042030954898508,0.008065959017493098,0.001228294085839694,0.00720823375603251,0.006504063052751132,0.001341347640101925,0.00935385719348562,0.009923141037065847,0.0022005104379016365,0.008933725283601106,0.010217112608656872,0.001647420127891483,0.008728585190156748,0.008787224333012681,0.002064840023793591,-0.01246615615063852,-0.012969881872019475,0.00155791987170886,-0.014056309754589628,-0.013938388559214964,0.0006520910019106126,-0.026530346411740187,-0.024160141670492647,0.0012994042887030253,0.006745124396336321,0.007596652762189056
5,9,94834,1797.0,1341.6097477246076,1809.568392100744,2219.608273141086,2387.514725552406,2389.6300173478085,2725.4113543545827,-956.1077582306825,-1434.1767073602532,-3098.5774569455534,1808.7453379873186,2762.228533150628,794.0,1298.0,0.010930283263999292,1.9079187684842072,2.149070675257883,0.06890827287886256,47.76836204699668,0.0189489001834785,1.0069940968841091,1.3297885461033994,0.01908143062720906,0.024839128199601854,0.008575535548275327,38,0.014146927765617896,0.016282938493741805,0.004930410330723023,0.01908143062720906,0.024839128199601854,0.008575535548275327,0.023405195110836684,0.027908005947069343,0.009776066960012694,0.025175725220410467,0.029932283820127668,0.009502125140446837,0.02519803042524631,0.03479054945526212,0.013446132541759259,0.02873875776994098,0.03585978365634925,0.012522281806276491,-0.010081909001314745,-0.007264092335654101,0.0027123611978419958,-0.015123022411374119,-0.009974371568724555,0.004651810338585397,-0.032673697797683886,-0.028249286988931664,0.00737958952270507,0.019016005668536808,0.019199630828521545
6,0,335373,5408.0,-4926.258253865875,-8443.498807774857,-9729.719070845284,-6545.917529525759,-8613.98742084828,-9756.093378516991,-15936.532736817317,-18128.62852146721,-26726.849604837596,626.369040152058,1490.8878353051841,1001.0,2628.0,0.016239441021132332,-2.361957197385643,0.9834054315894489,0.11501746333961772,-43.99585506858463,0.01612532911116876,-1.5612978564672442,-1.5928231177604069,-0.025176441776096636,-0.03262750812453409,0.0074453285998408655,39,-0.014688893422743857,-0.01772143074327573,0.003948153563539955,-0.025176441776096636,-0.03262750812453409,0.0074453285998408655,-0.029011635017861557,-0.03509333773302144,0.006449547728104646,-0.019518319988567234,-0.024923225848974613,0.006336521823201101,-0.02568479698976447,-0.032774746964785224,0.007113524113566634,-0.02909027673222648,-0.03419018488613242,0.005812672030646432,-0.04751883048670381,-0.061643108328787055,0.014299719211291296,-0.05405512227122401,-0.06555682218635997,0.013203798840858543,-0.07969290791100535,-0.08823409843268412,0.018962840952703924,-0.03663663747917722,-0.018614231796278746
6,1,401864,4461.0,-1633.171557947062,-2793.2458090083674,-3144.7588055636734,-2077.5605780927,-2867.2727965071463,-3184.6351006395416,-9036.169255289424,-11233.106251046876,-17415.690557687543,839.1116148158908,1906.9798093717545,1386.0,2707.0,0.016213874950380316,-1.3328958271419733,0.9374142487646132,0.09929350489149336,-7.872359341769726,0.011100770409889913,-0.6261479060767468,-0.6427421646507837,-0.006950724147991279,-0.007544747537990344,0.0012486621836929291,39,-0.004063990698213978,-0.003921434849136383,0.00046375172158317774,-0.006950724147991279,-0.007544747537990344,0.0012486621836929291,-0.0078254305077431,-0.00909168963428292,0.0012999047292084958,-0.005169810130025829,-0.005133863799177395,0.0008387777159399439,-0.007134933202544011,-0.00736537073371919,0.0010685291583166236,-0.00792465884139794,-0.008786069397025453,0.0009750949982726654,-0.022485640055564627,-0.02342523268025031,0.0033240254730868162,-0.027952506945252316,-0.027550465132790178,0.0026443320390484894,-0.04333727469414415,-0.039290779491383376,0.003565607948335815,-0.008478443815563208,-0.005902270730212742
6,2,467856,4758.0,-821.4841446662322,-825.3877325085923,-1641.744725397788,-818.2001690306133,-789.587402944584,-1653.5028206720017,-7430.053137667244,-9471.812241239037,-15338.347883236711,1098.3218777440488,2224.942319719121,1655.0,3079.0,0.01621974527839215,-0.8154760726573658,0.8971521432383249,0.06966433457314133,-0.047636923403142115,0.01016979583461578,-0.17347367223803958,-0.16594943315354854,-0.0017641918293419179,-0.002120200619814016,0.00040416778476393557,39,-0.0017558482624273968,-0.0016815230613410582,0.00027448172116124284,-0.0017641918293419179,-0.002120200619814016,0.00040416778476393557,-0.0035090812673082912,-0.004498271155947234,0.000775450952353973,-0.0017488290607165738,-0.001592580616690692,0.0001853011202289662,-0.0016876718540418077,-0.0018953205569617038,0.0003573759163895947,-0.00353421313539209,-0.004300384020035586,0.0007299033652446992,-0.015881068400677226,-0.01590260944405276,0.0017782600035981524,-0.020245144320558114,-0.019754069962743252,0.0015721570290243901,-0.032784335101477186,-0.030300917009486453,0.0030299496402631104,-0.002401741432523606,-0.0012558186549910396
6,3,510269,5209.0,-200.14924087841064,-196.9008429767564,-1465.800945404917,138.31774162883085,-38.97324907914299,-1296.3928666507418,-7456.602679520001,-10375.878464928828,-14767.355834385147,1277.7583535332233,2613.8064783085138,1879.0,3404.0,0.01618388256561677,-0.42705774945276853,0.9356263928992277,0.02658294324582947,3.146750055981877,0.010208341090679623,-0.03780012343573745,-0.007481906139209635,-0.00038587655330180043,-0.00044510503378568145,0.00016492507813958414,39,-0.00039224260317285715,-0.0003707645721560209,0.00015464630210197054,-0.00038587655330180043,-0.00044510503378568145,0.00016492507813958414,-0.0028726043428170572,-0.0030003487030081364,0.001090648818954897,0.0002710682828641968,0.0004091903886782146,0.00022869437792692106,-0.00007637784987750185,0.00006642340262259946,0.0002490658728052908,-0.0025406067518323507,-0.0024938911326920273,0.0009629881243716933,-0.014613081883320368,-0.014156438065533287,0.0013925808777117603,-0.02033413447598978,-0.01906285438084663,0.001494888276323546,-0.028940335067160945,-0.026377490091503163,0.00216556363418163,-0.0002945053778900911,-0.0004678612122905072
6,4,517949,5591.0,292.53103895299137,336.41908417642117,-865.776497787796,944.8566951163266,635.0362837463908,-530.3098016867079,-7466.584453275595,-9656.172295330209,-15297.8875336973,1657.1449602488428,3141.6228607855737,2035.0,3722.0,0.01611904541643759,-0.09479155991815312,1.0136903900158942,-0.009504081801637563,5.323449305959957,0.010794499072302486,0.06017154072194977,0.11358187868831887,0.000649521640502098,0.00041964284233047156,0.0002091154916289713,39,0.0005647873419062328,0.00039091732255920484,0.0002797213563668645,0.000649521640502098,0.00041964284233047156,0.0002091154916289713,-0.0016715477735989373,-0.0016147793072674925,0.0006947061045984257,0.0018242272793582506,0.0019908361782180416,0.0007554810415181246,0.0012260594841314316,0.0012098104444948072,0.0005793699141500602,-0.0010238649011518662,-0.0007663569680321346,0.0009295651012691201,-0.014415675005214016,-0.01453686977085424,0.0015695457022789731,-0.018643094774447307,-0.01798130974932836,0.001701348410253299,-0.02953550935265306,-0.027493818488663304,0.0023619343906892106,0.0009518789917286561,0.00034180856851080915
6,5,477404,5713.0,699.6725244633853,959.1145693063736,536.3458645790815,1609.8625933230542,1381.8011499625936,940.119946757186,-7113.1037668826175,-9672.891179524595,-15319.657053840347,1978.072710942477,3700.5597335211933,2090.0,3811.0,0.016035275953748603,0.21390808060640157,1.1127097030545823,-0.026064429153571354,7.257919534461851,0.011966803797203208,0.16788282326384973,0.24186962190838326,0.0020090208069190323,0.0020847263788986345,0.0005975612738544621,39,0.0014655774238661289,0.0014071545239956475,0.00033258991930335647,0.0020090208069190323,0.0020847263788986345,0.0005975612738544621,0.0011234632817887608,0.0014616484798434914,0.0014296862638158686,0.0033721179406185414,0.0037935521208691406,0.001249591607234117,0.002894406309881345,0.003327383900905616,0.00126425654281607,0.0019692334935551147,0.0025996437329339553,0.001679742051779943,-0.014899547902578565,-0.015120315782538066,0.001756156656424487,-0.02026143723036379,-0.02001634549704205,0.001721120932857388,-0.032089502923813684,-0.030407510179518864,0.002457852711176074,0.0024240323136014135,0.0015059988162277208
6,6,396535,5507.0,1101.668628912419,1361.551815006882,-668.8807855164632,2338.566878202095,2002.881270427024,-97.93145263311453,-6501.145450126962,-9035.725768723758,-13952.0200028494,2137.2394695170224,4057.062748823315,2044.0,3744.0,0.01592903133307954,0.5217654426931888,1.2381881955932565,-0.02044420127672556,10.204170820723977,0.013887803094304412,0.24724020610257527,0.3636973434586933,0.0034336232993478055,0.0034895402271136224,0.000873514738176893,39,0.002778238059471217,0.002638280448452067,0.0005573487117406685,0.0034336232993478055,0.0034895402271136224,0.000873514738176893,-0.0016868139899793543,-0.0011579502946474259,0.001251974937507081,0.005897504326735584,0.006528444353641041,0.0019511357819112208,0.005050957091875936,0.005467110491303126,0.001609476676397506,-0.00024696799181185656,0.0006370113410222859,0.001863148928612808,-0.016394884310658484,-0.01731142595381573,0.0019138275737908238,-0.02278670424735208,-0.022367654291803034,0.0014223144593250977,-0.035184838672120744,-0.03310156259275981,0.002265720750246664,0.004139585439990808,0.00239254546495478
6,7,281474,4761.0,1406.5289644692093,1736.4849292589352,1122.0026534600183,2797.6046618880937,2505.5745405364432,1751.7819072502607,-5267.049762591254,-6979.454832271615,-11059.315346864983,2272.111285928637,4152.865602582693,1861.0,3326.0,0.01585545928610794,0.8560960401468838,1.4046005719496073,-0.0005448695520135117,15.251983646274162,0.016914528517731654,0.36473113405984775,0.5262706449351907,0.006169255168359903,0.004666910808208299,0.0012631594487090524,39,0.004997012031197231,0.004493003288056682,0.001343487174309014,0.006169255168359903,0.004666910808208299,0.0012631594487090524,0.003986168006494448,0.004227007333346115,0.001377673343535075,0.009939122838656835,0.010732536952165162,0.003201313846449318,0.008901619831801315,0.008292594070232381,0.002360678107038026,0.0062236011398930655,0.0070518888413846435,0.001998106585156025,-0.01871238466995621,-0.022103893501309948,0.0031242869589927515,-0.02479609069495447,-0.025743527228889,0.0024098439737330114,-0.03929071724871563,-0.03549674805697562,0.002756939426043809,0.007150967045026547,0.00448434185421296
6,8,168788,3632.0,1556.0891467081383,2065.4540600730106,970.7119343802333,3000.5464611798816,2823.685165136725,1753.9122576307273,-3383.029667297378,-4766.183065843768,-8673.26216955483,2314.112773558125,3901.404533870518,1499.0,2565.0,0.01583097315821083,1.2668461068674828,1.6722026720237735,0.012259200705566863,24.149398871990023,0.021518117401711022,0.5686822852623928,0.7774463560398472,0.012236972178549486,0.010019327510797241,0.002120267401479013,39,0.009219192991848582,0.00836883291441822,0.0017290578010232072,0.012236972178549486,0.010019327510797241,0.002120267401479013,0.005751071962344677,0.0022489110320457633,0.002000606434626051,0.017777012946298798,0.017942032363628662,0.003335264178143221,0.016729181962797858,0.014997869429044495,0.0031595570518239383,0.010391214171805621,0.007280446309572533,0.002666820486678779,-0.02004306981122697,-0.022420497010206264,0.0012936131493186634,-0.02823768908834614,-0.031186666324091734,0.0017426153922883339,-0.05138553789105167,-0.04465786576997323,0.0038446874270582306,0.014515788379898196,0.00793066889704858
6,9,61247,1684.0,1237.5996900964528,1893.0554186264053,1577.6063815588132,2325.643113440601,2504.0665466714418,2194.264862614218,-736.5829929304309,-1128.9422870697454,-3555.9336593411863,1810.3192215170711,2650.9634790401906,786.0,1234.0,0.015752815871572828,1.8874441069133268,2.2451628908862404,0.023708103185251912,51.2405180578975,0.027495224255881922,1.1241421725810008,1.4869753840091697,0.03090854113060893,0.036753480349926704,0.014701663932391348,38,0.02020669894193108,0.024027341197966873,0.010203737351591233,0.03090854113060893,0.036753480349926704,0.014701663932391348,0.025758100503842037,0.028263150340836714,0.010602886775390301,0.03797154331543751,0.03653380010829752,0.009819949714043121,0.040884721646308256,0.04432748355954411,0.014996294244352842,0.03582648721756524,0.035764879232885724,0.010501750165079753,-0.012026433832358008,-0.00574486411946713,0.009996676032116503,-0.018432613631194104,-0.011657161804601109,0.009251323553323957,-0.058058903445739156,-0.04199490260584645,0.010905366726562844,0.03334296934762642,0.026747603973730282
7,0,555086,14848.0,-12873.214479343966,-22750.80791582167,-26434.277366267517,-16583.766597612906,-22415.396719899174,-25984.070885696565,-43108.592137211934,-51345.06450837059,-72554.43841169402,1480.8606416098773,4003.4667866621166,2877.0,7322.0,0.025122194274946223,-2.389839887925546,0.9124505725808681,-0.008160944317960795,-54.11287844657562,0.02674900826178286,-1.532247300365145,-1.5096576454673474,-0.040986095696561746,-0.05058148073912157,0.010389172727316324,39,-0.023191387423469455,-0.027504186308029234,0.005878308922454521,-0.040986095696561746,-0.05058148073912157,0.010389172727316324,-0.04762194933085597,-0.05845475162801911,0.01088838082443157,-0.029876031097186572,-0.03757549881088212,0.009071672239432851,-0.040381844831069734,-0.04901602470703214,0.009449029164620572,-0.04681089216030771,-0.056053913000130656,0.009716491136622011,-0.07766110501293842,-0.09696312568758464,0.02067254724988254,-0.09249929652048618,-0.1108353132957275,0.021322449194582576,-0.1307084639347669,-0.1401763221891334,0.021824914397382912,-0.05748325873003512,-0.03250359676360213
7,1,643787,11511.0,-3957.560452705249,-6937.881323263049,-8556.219504569657,-4547.148138900042,-6262.8916809541115,-7792.520068554906,-22877.45570485195,-28916.88808314735,-44636.539140760666,1880.8228596709669,4501.061937997118,3238.0,6827.0,0.02509136583303042,-1.3325235880967425,0.8899793620765561,-0.053544551108067565,-17.35561990765544,0.017880137374628565,-0.6027175157035053,-0.5440788533536715,-0.010776671978873524,-0.012269083412940246,0.0025877893058923493,39,-0.00614731340133499,-0.0065831468756492395,0.0011465303751014128,-0.010776671978873524,-0.012269083412940246,0.0025877893058923493,-0.013290450886037862,-0.015040858504347306,0.002883951252200395,-0.00706312513129349,-0.0077335097606863286,0.0016265205711960867,-0.009728204640594033,-0.010518356004155757,0.001864445957775525,-0.012104189846261118,-0.01304704107493758,0.0023491300550529683,-0.035535752826403685,-0.03869987967649566,0.006872781409294325,-0.04491685617004902,-0.04613135440493815,0.0064749619284281594,-0.06933432818736736,-0.06733643072555642,0.008662325995553579,-0.014202967866215003,-0.00849604715849443
7,2,709041,11642.0,-1728.5355400731787,-2905.642579527572,-6111.478424893692,-1151.33343030998,-1839.093259596615,-4963.195765000884,-18927.60835100271,-25770.929653857747,-39079.361273364164,2296.6903851367533,5158.235538477078,3775.0,7370.0,0.024951511223613363,-0.8195558419482843,0.9121101575448071,-0.08354639130460066,-8.325102087375969,0.0164193607985998,-0.24958276752513073,-0.1579705600065809,-0.004097989509108178,-0.004452856503105704,0.000836154431472153,39,-0.0024378499128727095,-0.0024491545323489647,0.00040255499062526407,-0.004097989509108178,-0.004452856503105704,0.000836154431472153,-0.00861935829506854,-0.009386533960757526,0.0015635682860028503,-0.0016237896402464455,-0.0013861544974514365,0.00022149585289762063,-0.002593775620304912,-0.0024060632159604977,0.00029407038717037053,-0.0069998713262010015,-0.007116671383546711,0.0007398079812676803,-0.026694659901194302,-0.027171175766711755,0.0038480884687353356,-0.03634617695430553,-0.035773860995575335,0.004142311871259071,-0.05511579904880559,-0.051620372874816044,0.005276352351806936,-0.004748261133423829,-0.0035904444257590443
7,3,673192,11298.0,-402.4255182687193,-857.9547337200493,-1636.370394946076,965.9758175980387,428.4127357414691,-298.56209125487294,-16462.939604891755,-21050.36739203945,-33559.829455982544,2904.5881755575538,5867.2475670631975,4032.0,7513.0,0.024745430320676737,-0.43188787304891946,0.9796357289294025,-0.10702571113990257,-3.623638863024664,0.01678273063256842,-0.0759386381412683,0.03791934286966446,-0.001274457708528992,-0.0014931634690732278,0.00042619335692363984,39,-0.0005977871369070329,-0.000744304586914393,0.0003903343004552942,-0.001274457708528992,-0.0014931634690732278,0.00042619335692363984,-0.0024307632814205694,-0.004068342301601157,0.0016027384320488115,0.001434918741752782,0.0019509846662169612,0.0008420277970258189,0.0006363901171455826,0.0008073894341985227,0.0008788685384049922,-0.0004435021379559961,-0.0016908635142891904,0.0007808277680804272,-0.024455043442126102,-0.024607665657646365,0.002923633813489005,-0.031269485365303586,-0.031170909278769126,0.002898238138450237,-0.04985179481631176,-0.04787011944384842,0.004749239250080765,-0.0002949072957791405,-0.0021846927084262224
7,4,570721,10515.0,584.1073865704238,708.4386114049703,-403.72752252873033,2151.6029625676583,2119.458155009086,892.7763119238948,-14046.013910814305,-18639.61923722975,-30221.813047556556,3147.349597848952,6159.52919591032,3801.0,7055.0,0.024529776266622654,-0.09974828872497993,1.066094224377654,-0.11131443780636983,-0.270694236863691,0.018424063596748676,0.06737409523585072,0.2015652073237362,0.0012413046153987154,0.0010993431424237909,0.0003038037072041772,39,0.001023455219924313,0.000936495259564305,0.0005886483961861578,0.0012413046153987154,0.0010993431424237909,0.0003038037072041772,-0.0007073991013625403,-0.0026928633331406203,0.0008838094811886069,0.0037699733539989914,0.004509315842371034,0.0015791937652416366,0.003713650198624347,0.004142882875626779,0.0014041037228116622,0.0015642955348127978,0.00016906691603202383,0.0015151772451450043,-0.024610998913329463,-0.024912334005461324,0.0030121355443126574,-0.032659774631089,-0.03252945266073511,0.0024159364919563698,-0.05295374280525258,-0.04964155391256566,0.0036280719923127546,0.0013701507540194973,0.0010988762372664779
7,5,438096,9282.0,1180.35728960298,1560.2106522759423,323.0982150416821,3281.451874286824,3025.2107169830415,1722.143956091334,-11637.279977605853,-14895.703066733317,-24389.806487696245,3354.5440890658647,6243.004581656307,3525.0,6325.0,0.024368934019131514,0.20941067536348798,1.176362608610824,-0.09886385409973238,3.121126605665013,0.021187137065848582,0.1680899215983562,0.3259222922843182,0.0035613442082921146,0.0037702364363221873,0.000824255569230225,39,0.0026942891275039717,0.0025212954353683145,0.0009903105281879733,0.0035613442082921146,0.0037702364363221873,0.000824255569230225,0.0007375055125855569,0.0008211697889522798,0.001689893913810751,0.007490257556076348,0.008538998784472444,0.0026993529224951353,0.006905360279443413,0.007983219046020045,0.0021572199682348045,0.003930973932862509,0.004666501100348586,0.002839988372868929,-0.02656331027356071,-0.02781671122334428,0.0033894050469080467,-0.034001002215800456,-0.03393529548315194,0.002525486507512932,-0.0556722875527196,-0.05242075244748417,0.0036272575194041157,0.004650234255249054,0.0021302749621984725
7,6,310655,7728.0,1860.3778237076476,2473.8732123682275,2698.436804340221,4046.3479282401713,4025.9877727097337,4119.186780327931,-8744.693867489492,-11388.946924253034,-18249.043903199956,3695.0456373225898,6366.386612962931,3145.0,5443.0,0.024268799902371803,0.518741058615006,1.311800283246136,-0.08025008841957453,7.356687517973637,0.024876470682911912,0.32011816930230685,0.5209611507129572,0.007963410253716269,0.0068990092409246025,0.0017249695122391407,39,0.005988565526734312,0.0058646425621144554,0.001583025827123885,0.007963410253716269,0.0068990092409246025,0.0017249695122391407,0.008686281580339029,0.004024184442000089,0.0014484560866652942,0.013025214235213247,0.014461929685553567,0.0038581943165004484,0.012959674792646935,0.013152075695163181,0.003914457988849656,0.013259682864682465,0.00988875060504946,0.00246963849733225,-0.028149213331475405,-0.03233095953741597,0.0032411485576959802,-0.0366610771571455,-0.04072291629033558,0.0038503638635813352,-0.058743763670953165,-0.061390937021078104,0.0018418481942261737,0.00944056762266283,0.005708419093118739
7,7,200769,5747.0,1906.0687608718872,2218.1688891584054,634.320529865101,4063.280061491212,3549.798916092943,1886.2370154712116,-6375.353137492406,-9456.252267106436,-14859.186600493616,3165.9777721762657,5384.8816055879,2399.0,4117.0,0.024177582127119478,0.8536736423994841,1.4993447554717996,-0.06401708688324681,13.260153635859158,0.02862493711678596,0.3859698780508797,0.6176786003293793,0.011048363488179974,0.010608404461688802,0.003149231324681324,39,0.009493839989599425,0.009616293605206426,0.0027251803323828745,0.011048363488179974,0.010608404461688802,0.003149231324681324,0.0031594545465938517,0.006811704827699798,0.004686543528989941,0.020238582955990278,0.022431559430199595,0.006072211125746828,0.017681011092812848,0.019195747002286087,0.005784512056616585,0.009395061067551324,0.014462338833231713,0.00614563332327384,-0.03175466898521388,-0.0362178012728996,0.0030871695346966345,-0.04710016121565798,-0.04562369184578823,0.002642991010633742,-0.07401135932586014,-0.06723142679743803,0.005122200652473637,0.012858864992321584,0.00789318724905296
7,8,107582,3679.0,1689.6045055640861,1973.0624731685966,1096.0430873502046,3614.985609874042,3308.1003889206113,2359.450732164085,-3680.1261872106697,-5277.460651826346,-9170.729162678123,2590.498723216355,4343.138133406639,1587.0,2675.0,0.023978889243224832,1.2599462803458177,1.784416578194892,-0.058205882675963584,25.470630862561542,0.03419717053038612,0.5363040155391673,0.8991846667356921,0.018340079875523756,0.01547272873249617,0.006898653182554129,38,0.0157052713796368,0.014557032749705665,0.004400119237588148,0.018340079875523756,0.01547272873249617,0.006898653182554129,0.010187978354652308,0.004520605703776484,0.004008639923743906,0.033602141713986004,0.034159744082218106,0.008393292511587,0.030749571386668877,0.031126290379378675,0.01141234904714883,0.021931649645517696,0.018391389838494584,0.007013154393774165,-0.03420763870545881,-0.04069122105555002,0.0021526646912155443,-0.049055238346808444,-0.05423756582415139,0.0043864002386027655,-0.0852440850948869,-0.08521502550085007,0.008824624899742955,0.024756782722026395,0.0065540159877038795
7,9,32555,1325.0,864.2364342156798,1204.3000896545127,1150.7454794403166,1855.8031780379242,1831.5724065501709,1793.2289517074823,-920.2162704236107,-1555.9571591150016,-3119.2459322288632,1436.1635962724686,2150.7892950624228,629.0,996.0,0.023779509979003795,1.858722691917419,2.3820976716754183,-0.0060536020006407495,60.30057937579911,0.04070035324834895,0.9089057280411417,1.3823187973963553,0.036992784200722245,0.03587396692523685,0.005774402059420192,35,0.026546964651072945,0.02239082454039886,0.003774655902844246,0.036992784200722245,0.03587396692523685,0.005774402059420192,0.03534773397144268,0.035659589998579135,0.012791777435284096,0.05700516596645444,0.05496427944212688,0.004800010903509847,0.05626086335586456,0.05511848812301166,0.00442625502028022,0.05508305795446114,0.05369829492121492,0.011158650010141713,-0.02826651114801446,-0.03401173542186722,0.011390168004358903,-0.04779472152096457,-0.058224505576391,0.0060713750863256736,-0.09581465004542661,-0.10654352762207521,0.011263513594433172,0.03142654779620709,0.045175320645144186
8,0,1145960,56577.0,-50363.820691770874,-86078.18376545608,-101008.94415968191,-61009.284955787196,-81382.92939372436,-95142.89810089921,-163167.23885924014,-198385.7640564617,-288029.69881154073,5062.917217072099,12771.532245170325,10855.0,28292.0,0.04535490260148741,-2.4138810412106864,0.7930459001728406,-0.2029630301965777,-64.09765159916819,0.04937083318789486,-1.521434218241619,-1.4384454706634209,-0.0751144749951622,-0.09404985501248311,0.02224362963801,39,-0.04394902151189472,-0.05155245415446949,0.011402740694089003,-0.0751144749951622,-0.09404985501248311,0.02224362963801,-0.08814351649244469,-0.1108992648581036,0.02638601947161969,-0.05323858158730427,-0.06454089068642088,0.01507280606894151,-0.07101725138200667,-0.08721245965767939,0.019099644715505276,-0.08302462398416979,-0.10163482608860297,0.02226232449462049,-0.1423847593801181,-0.17714856542305582,0.03997258340371157,-0.1731175294569284,-0.20511155161883685,0.0432831580749913,-0.25134358861700296,-0.2718489527940777,0.04862299505441309,-0.10941069432219609,-0.05892215640770119
8,1,1123600,36682.0,-13236.262865819968,-22343.638879251666,-29514.518683998846,-12785.138703434144,-16858.494218144504,-23665.461728396618,-72743.57324777254,-94132.16476267957,-146671.00066497189,5631.963714746758,13220.877153262496,10295.0,21815.0,0.044478409956184094,-1.3458261745817937,0.8819186508110944,-0.24844871438349814,-26.257223669307173,0.03264684941260235,-0.6091172476760173,-0.45958492498076725,-0.019885759059497746,-0.023894766625207058,0.006342371615003494,39,-0.011780226829672454,-0.012995815758225065,0.003091553439602146,-0.019885759059497746,-0.023894766625207058,0.006342371615003494,-0.026267816557492742,-0.03239357953324625,0.007973294868783197,-0.011378727931144663,-0.01273500838960417,0.0032574396741017566,-0.015003999838149255,-0.017189358907861323,0.003708334672568027,-0.021062176689566232,-0.02520753498950893,0.005327210764078005,-0.06474152122443266,-0.0730318465466254,0.01578021407462213,-0.0837772915296187,-0.09001390667880638,0.01650523883383668,-0.1305366684451512,-0.13037083355294718,0.021499276658370113,-0.027547741788027998,-0.015073329183824763
8,2,944841,29669.0,-5026.715383761562,-7474.667939359322,-11945.787805371918,-1610.1179751017626,-1974.9732002182227,-6465.938333234259,-48863.1022843019,-64763.728181134094,-101957.85851545027,6532.999176252633,13916.66450629197,9885.0,19217.0,0.043608328235618464,-0.8292066752172291,0.9557263030731027,-0.23440860347136905,-15.472821003247354,0.03140105054712909,-0.25193528394483544,-0.0665668947459713,-0.007911032585757097,-0.009199302293530455,0.0023403522576061634,39,-0.005320170678200419,-0.005209820868475072,0.0009722456180282362,-0.007911032585757097,-0.009199302293530455,0.0023403522576061634,-0.012643172560644508,-0.016454532371742176,0.005088233214047054,-0.0017041152692376417,-0.0009287925818056724,0.000650936245016685,-0.002090270426683667,-0.0022861082468521006,0.0005065940911390264,-0.0068434142180898785,-0.009526064371146578,0.0028588790711858536,-0.051715687913947324,-0.05473429967705854,0.009830054518360092,-0.06854457859167214,-0.0697381480754319,0.010331878654278146,-0.10791007007046716,-0.10449731916375914,0.013014970786988003,-0.010832843061369116,-0.005634345882046504
8,3,700437,23211.0,-1146.3491952093318,-2851.4036414660513,-6064.441521179862,3227.7941396425886,1638.533405831382,-1602.3149181478366,-35570.74913814883,-47490.09861570009,-74749.74515952216,6672.0528499837965,13165.464343389496,8604.0,15771.0,0.042941048575927884,-0.43868627021031287,1.0457721329803293,-0.21341448500924595,-9.584044762647737,0.033137883921037864,-0.12284708291181126,0.07059296910220939,-0.004070892373569716,-0.004732470756902956,0.0009657666734473545,39,-0.0016366199889630785,-0.0017225053383764638,0.0009161229811187057,-0.004070892373569716,-0.004732470756902956,0.0009657666734473545,-0.00865808277001338,-0.009864817159985762,0.0011154006889567782,0.004608257615806402,0.005588389745547716,0.002224189017959903,0.002339301615750427,0.002529638430828469,0.0016857020317440645,-0.002287593199884981,-0.0024658254128477083,0.00149414236813882,-0.05078365240292679,-0.052457004932186226,0.006869688444681491,-0.06780067103208438,-0.06567507491999044,0.005751542892754526,-0.10671872725101925,-0.1001915516128766,0.008412512463732905,-0.004754968786251355,-0.003424455492933214
8,4,487088,17612.0,977.203739262186,932.7851895336062,-1499.4748315857723,5398.808033067511,4848.198799363985,2516.733791893057,-24420.61309268829,-33142.765217808774,-53496.778325604275,6190.675916813314,11443.764462025836,7004.0,12224.0,0.04253624029211312,-0.1042970438822932,1.1489773638755352,-0.19151352926484946,-5.041678011513398,0.03615773741089906,0.05296304732759517,0.2752781512243916,0.0019150239577522053,0.0004848043090374397,0.0014005778195919137,39,0.002006216000521848,0.0017175854134094844,0.0015220138702856712,0.0019150239577522053,0.0004848043090374397,0.0014005778195919137,-0.003078447491183877,-0.0049874725861177695,0.0012533598918621693,0.011083845286821912,0.012875949785061335,0.004095553925870754,0.009953435106929313,0.00947370227427634,0.0036094751089725515,0.00516689754601439,0.004156873475096196,0.0019125775992262111,-0.05013593661245666,-0.053512865851738575,0.006186114380448113,-0.06804266419581015,-0.06718466187359291,0.004848922532715348,-0.10982980144369041,-0.1021610766212312,0.007618725278575244,0.00425175302698357,-0.0007115201243085683
8,5,319344,12977.0,1823.7429487323388,2521.5711698886007,2046.6388153797016,6093.39107672387,5822.796999426631,5376.834584301454,-16502.49856029969,-22124.293109312493,-36756.17477327585,5609.801678130403,10013.179034803063,5413.0,9336.0,0.04204667058875296,0.20569221830131973,1.2700501149381693,-0.17917801863429045,-0.8588413659992327,0.040636429680845736,0.19431079370336754,0.44870131767177557,0.007896096904556218,0.005973768445050521,0.0013121801814382796,39,0.005710904068128222,0.005341208264652373,0.002388723682975641,0.007896096904556218,0.005973768445050521,0.0013121801814382796,0.0064088845113097525,-0.00015100557897829693,0.002533295174748763,0.019080963089094738,0.020969889867606735,0.0062939399115880075,0.01823361954327193,0.018003410959957496,0.004410526936604775,0.016837124180512093,0.010943152502692847,0.00333655872870858,-0.051676244301755124,-0.05778291024683876,0.008211790239597326,-0.06928044087038583,-0.07101581632415978,0.005222309312243221,-0.11509899911467211,-0.10870319386199831,0.008389555363969618,0.009808357968625626,0.005374802252380426
8,6,196527,8835.0,2072.005928814411,2834.821977908723,1657.899059283547,5628.435321756617,5524.888772152226,4229.89391409402,-10529.51482928684,-14444.174572227523,-23828.286591175944,4870.5216851606965,8144.120040245354,3979.0,6472.0,0.04145583369991353,0.5144765978500939,1.4278187365909885,-0.1644923616850758,4.399048052824427,0.04495565494817506,0.3208627026495442,0.6253411173913103,0.014424592946051805,0.01200061931419347,0.002246089134844057,39,0.010543110762462213,0.010078377904208907,0.003878021185715166,0.014424592946051805,0.01200061931419347,0.002246089134844057,0.008435986196723845,0.007291653561349383,0.006806072728383689,0.028639501553255363,0.03198238405129358,0.009809344373519163,0.028112619498349978,0.0278951463123689,0.0064555502647915776,0.021523220290820193,0.021437580269842327,0.010690701993188329,-0.05357795534092944,-0.06281626598046507,0.00857470988165177,-0.07349715088627783,-0.07366345512636205,0.0018095136336658759,-0.12124688511591762,-0.11343491147276238,0.005340115770167049,0.017434580649992225,0.009884756095516284
8,7,106083,5188.0,1845.796464646235,2313.3907793806866,2027.497125275433,4508.9357412471145,4379.35253443566,3975.8493105315138,-5668.079093892367,-7956.762600404552,-12884.256435384974,3483.9707784000784,5659.959765503183,2435.0,3895.0,0.040881580706713196,0.8467789870353748,1.6447288807816787,-0.16210135966768782,12.327365431699844,0.048905102608334985,0.4459118695799319,0.8441311747177449,0.021807365736081056,0.022000788331531584,0.0068897162459375,38,0.017399550018817673,0.01666240154968242,0.005417494950740731,0.021807365736081056,0.022000788331531584,0.0068897162459375,0.019112366027312887,0.0073051891183261615,0.005730267580330227,0.042503848319213396,0.04335591690963597,0.01122593678213272,0.04128232171446566,0.04053531891879703,0.011193760723561897,0.03747866586099105,0.02511632553311028,0.007460210689369772,-0.053430607108512836,-0.053791687898686005,0.005870467136762879,-0.07500506773379856,-0.07258824227047937,0.006132410868479446,-0.12145448785747927,-0.10735444130210485,0.009948168115524953,0.027548896471888393,0.012819770793646717
8,8,46479,2545.0,1167.8377283718437,1643.487200761214,963.2415347825736,2767.4903618471,2959.384687983529,2217.1421010177583,-2447.6276109364117,-3945.3712428155122,-6020.068140204996,2102.253030192107,3308.627778619528,1230.0,1932.0,0.040392668983682004,1.2498981845189001,1.9556081540426213,-0.14059499140883858,28.90388723158046,0.054755911271757135,0.6457710022637383,1.1628230601114062,0.03535977970182693,0.03748907321902224,0.005024897567901079,33,0.025126137145202,0.024524537306674254,0.004993380751393798,0.03535977970182693,0.03748907321902224,0.005024897567901079,0.020724231045904033,0.028630884016764196,0.01577159168505606,0.059542812062374405,0.05983268577717823,0.012215284270045873,0.06367143630421328,0.06436987042728849,0.009882900909581193,0.047702018137605336,0.05383854045248261,0.011926967827171675,-0.05266093528123263,-0.05429693830080227,0.010887392475299129,-0.08488502856807402,-0.0721260890496319,0.01076910208101128,-0.12952232492534255,-0.10516197956117751,0.016815725510628005,0.04110338351857695,0.02706188542270465
8,9,10126,594.0,446.33505697362125,668.8289123140275,468.5466826427728,1006.6140715451911,1120.6913770879619,922.363845883985,-315.4094988561701,-586.1168234907091,-827.7811443693936,742.7515351809561,1120.1510745547712,311.0,487.0,0.03924192094648451,1.8115227385892183,2.5587226811979638,-0.02104092374100687,71.22071784339342,0.05866087300019751,1.1259745998552653,1.8866858200134038,0.06605065300355792,0.07443681510255047,0.0250144398504385,27,0.044078121368123765,0.04881741645764997,0.008833933093726194,0.06605065300355792,0.07443681510255047,0.0250144398504385,0.04627164553059182,0.028735372769796038,0.01735756211594471,0.09940885557428314,0.09764217206248471,0.007926880475863833,0.11067463727907978,0.117638094726171,0.027943115820852137,0.09108866737941784,0.0718292075364481,0.018713764207591632,-0.03114847904959215,-0.019033601277680154,0.025323917976557593,-0.057882364555669474,-0.04977098458238895,0.01821186199135406,-0.0817480885215676,-0.06763963008938205,0.015437073685862581,0.05009153041083066,0.08365374751860974
9,0,4255629,751978.0,-870362.9602472587,-1395814.8331313925,-1649484.769363489,-999701.7396661277,-1282807.4911806893,-1527742.145338466,-2416174.123956419,-3060987.1854676898,-4674702.592799994,54400.41383781843,118912.9894747641,152686.0,391340.0,0.20414848043307388,-2.7432301133606765,0.5851677702856258,-0.556050454143396,-86.54810400380809,0.17670196344653163,-1.8561910496469212,-1.705910932475005,-0.32799260300448946,-0.33598152471866133,0.049813797327733174,39,-0.20452040350492456,-0.20030975507991214,0.026603724142438962,-0.32799260300448946,-0.33598152471866133,0.049813797327733174,-0.3876006976556201,-0.39050956066567155,0.05310661525232186,-0.23491280364574255,-0.23600702656426853,0.030415670628844076,-0.30143781123323704,-0.30394887711721363,0.03894736368131296,-0.35899326406001697,-0.3527744261262004,0.04059083945645209,-0.5677595777161071,-0.587024102138822,0.0830299879208459,-0.7192796142397962,-0.6986511178044377,0.08198042953336272,-1.0984751238418562,-0.9888055935902406,0.09046881400787903,-0.3648626909272965,-0.3133902104012497
9,1,1529751,133061.0,-55951.463777528144,-90925.49640512839,-127051.60898250435,-38439.628662999785,-54211.13840824585,-89161.96710096489,-276893.9410389662,-380101.5300055328,-579980.4645347908,27887.737487394363,57778.69176726788,45273.0,87426.0,0.12355252422991259,-1.3785600161331206,0.908903825592371,-0.4186799166193589,-36.16026118251613,0.08698212977144647,-0.6833369387358309,-0.40741568459763455,-0.059438102282743,-0.06262001089287339,0.012410031445848804,39,-0.03657553665761823,-0.03566488054610711,0.006236436460549132,-0.059438102282743,-0.06262001089287339,0.012410031445848804,-0.08305378390503051,-0.08780263904071292,0.015871022964310182,-0.025128029766282086,-0.025090374384561232,0.004603054087332387,-0.03543788394859415,-0.03622859631712277,0.004859168242433226,-0.05828528113461922,-0.05975998501270151,0.007603210670526157,-0.18100588987290492,-0.1876302766417442,0.03323989812045376,-0.24847281028450563,-0.24043490346791543,0.03430859772883994,-0.379133901226272,-0.35178429453300125,0.04513454074351776,-0.07409662315190997,-0.051222714923291085
9,2,765930,59095.0,-12544.987335235812,-20721.92059696559,-38433.96999596432,1353.5804268090114,-2846.7449703543025,-20157.265052664097,-105353.75607154242,-148645.65287894686,-224534.62639475614,17588.230330623686,33463.32436864264,23312.0,41261.0,0.10554351605092611,-0.8444252067702159,1.0232958148085407,-0.3635962115901101,-24.716343861236698,0.0771545702609899,-0.35065438018386647,-0.04817234910490401,-0.027054588013219992,-0.026267446226006762,0.004010987630373778,39,-0.016378764815630425,-0.013956062393675764,0.0019164913730604922,-0.027054588013219992,-0.026267446226006762,0.004010987630373778,-0.05017948114836123,-0.046747639167099626,0.004709905064721295,0.001767237772131933,0.005891649141930025,0.004611909059561603,-0.0037167168936512508,-0.0014197415178680843,0.004148054830001644,-0.02631737241348961,-0.02102571573991194,0.004323598978645185,-0.13755011041680365,-0.13756797657810962,0.02105716730265184,-0.19407211217597803,-0.18007450609165118,0.019251696581606387,-0.29315293355105054,-0.26035072458958913,0.026051485383987265,-0.027481283714333907,-0.026750831257237262
9,3,392749,29416.0,-2806.2894060267136,-4526.551324581727,-9549.323942922056,6167.417819684066,5284.493437000645,25.312313815258676,-47619.90317631988,-67358.34943664572,-100296.9658363536,11319.318810811266,20346.431309647858,12586.0,21346.0,0.09648869567372151,-0.44828259554399624,1.136523498330007,-0.3381862326619957,-18.965484493271962,0.07489770820549511,-0.15388058623136142,0.17964690770331265,-0.011525303246047036,-0.010570540494993863,0.0021987646998044797,39,-0.007145249016615481,-0.00438619142947016,0.0027611239212493735,-0.011525303246047036,-0.010570540494993863,0.0021987646998044797,-0.02431406303497159,-0.024569864364816126,0.002195567126640296,0.015703204386730625,0.02043841501456827,0.007431055924131319,0.013455141673182224,0.015451587609495368,0.006204927108585108,0.0000644490853325118,0.001161175893015026,0.005826171173238295,-0.121247675172489,-0.12117347672728632,0.016892501662864323,-0.17150482734939038,-0.15824466160016473,0.01280572745336534,-0.25537166443798354,-0.22358004952813693,0.014183811488800614,-0.010159859977772058,-0.012713788562604635
9,4,199146,15188.0,215.57918810937554,746.0418161302805,-467.7252589315176,5959.49528328493,6522.632044759353,5062.579225225956,-22073.59139779199,-31365.842672919855,-48838.51340459427,7404.280711758882,12394.778283495456,6945.0,11250.0,0.0910441364620393,-0.11250902477544979,1.2814024295323965,-0.3213355136939376,-14.936471834725417,0.07626565434404908,0.04912047775416648,0.4294595762944004,0.0037462053776138133,0.003046070928723511,0.0038370796579194513,39,0.0010825182936608094,0.0033158219172777646,0.004432030809089613,0.0037462053776138133,0.003046070928723511,0.0038370796579194513,-0.0023486550517284686,-0.008520565429315868,0.00429072070929224,0.02992525726494597,0.03545992027622761,0.01183522618917827,0.03275301560041052,0.03294701367715717,0.011530457809994985,0.025421445699265646,0.01983784621075435,0.006998666570695503,-0.11084124912271395,-0.11183037522551288,0.012968008101268868,-0.15750174581924745,-0.14664718514878633,0.014035524961394139,-0.24523974071582794,-0.2103810671754975,0.01444665752900412,0.011117813448371585,-0.003740601556123584
9,5,97995,7665.0,955.5271425116807,1404.8713558176532,-241.08793531544507,4500.309983369196,4662.739273422143,2847.297863506945,-10458.794707147637,-16468.550836656326,-24787.641524409875,4321.052871435881,7075.490411169827,3542.0,5726.0,0.08731201765601514,0.1989778427473436,1.459619663396571,-0.31050509003418253,-12.401723077996905,0.07821827644267565,0.1832839342227858,0.6083156260172398,0.014336153434539041,0.013349226250392912,0.004703882769458875,39,0.0097507744528974,0.014310663272121299,0.005620740242777896,0.014336153434539041,0.013349226250392912,0.004703882769458875,-0.002460206493346039,-0.006105484349837612,0.009373894848432544,0.045923873497313084,0.05373710602260441,0.013786993768636,0.04758139980021576,0.04665653725163123,0.0059766717498381874,0.029055542257328894,0.0279497686367776,0.004118030238270521,-0.10672784026886716,-0.10695476277817448,0.018224240157301487,-0.16805501134401069,-0.14804976981627088,0.01879671360919189,-0.25294802310740216,-0.20677205877691746,0.021415044298146124,0.01446081821358709,0.014196728522439127
9,6,46276,3789.0,933.7550464300439,1483.2025155629963,2944.162167762406,3070.3648943927255,3359.514901992283,4738.65719007398,-4574.110186843784,-6031.135339535773,-9602.116489887238,2817.584429586306,4602.485865980387,1857.0,2898.0,0.0847269063608064,0.5077967835666743,1.6685879895467932,-0.2996498239769105,-7.187641055859343,0.08187829544472297,0.3914495950285026,0.8866494858781427,0.032051225593460894,0.042547822292569794,0.007194521740827283,33,0.020177955018369,0.02628147670005637,0.009088859255925761,0.032051225593460894,0.042547822292569794,0.007194521740827283,0.06362179461842869,0.04403720740871642,0.00928432856364209,0.06634896910693935,0.07391151645582149,0.018457510975988644,0.07259734856064229,0.08484668677050944,0.014160102738786842,0.10239988741624124,0.08597044687616846,0.01007086421185107,-0.0988441132950943,-0.09195777407360943,0.01717877305291502,-0.13032965985685394,-0.13019578103366128,0.017374305154720503,-0.20749668272727198,-0.1550612251210555,0.013780059663088,0.03189951758852409,0.03223312525039709
9,7,19093,1592.0,560.6178470440209,698.0256623923779,555.3904550001025,1646.3740412448533,1571.0882176901214,1473.5316768235061,-1811.4288632490207,-2606.5935328062624,-4770.977140361443,1352.064148005098,2091.110439285636,823.0,1234.0,0.08184572625291517,0.8385835739395476,1.9296348144186677,-0.25140440946687437,4.194220124988287,0.08338134394804378,0.43845833064847856,0.9868644583480662,0.0365592448746859,0.03374726375609707,0.0034702784710248383,28,0.02936248085916414,0.025573405853661028,0.004236680819893175,0.0365592448746859,0.03374726375609707,0.0034702784710248383,0.02908869507149754,0.024262101917304286,0.025007889266796084,0.08622919610563312,0.07709799670300242,0.011504515144161419,0.08228608483162003,0.07483054307921735,0.010361088002081425,0.07717653992685833,0.06797992293065828,0.0283450038989205,-0.09487397806782699,-0.08742017880795593,0.007500853818458946,-0.13652089942943813,-0.12366206446395105,0.015637609339183473,-0.24988095848538433,-0.21758012736965976,0.024883013148465,0.04073671325418879,0.03131767643677633
9,8,5977,548.0,232.58632054459304,354.7412845529616,438.30740132927895,696.827338331379,729.9554241420701,807.6946547698462,-548.0698798147496,-867.647560685873,-1445.036072468385,621.0330619998276,885.0059971101582,307.0,437.0,0.07816525208391462,1.2319401547123197,2.28077676994497,-0.14685442136749075,27.309650419540695,0.09168479170152251,0.6473381104981051,1.3320354455147265,0.05935105982147592,0.035881159497286305,0.0187008057302703,27,0.038913555386413425,0.024347639932067674,0.011814665271138707,0.05935105982147592,0.035881159497286305,0.0187008057302703,0.07333234086151563,0.04558243286034977,0.017072182666647923,0.1165847981146694,0.09110583931631105,0.017456929464928914,0.12212739236106243,0.08969104809405616,0.0211089106969372,0.1351337886514717,0.10165330542677434,0.02140542280626737,-0.09169648315455071,-0.09956771389412544,0.0166635428136052,-0.14516439027704084,-0.10752589431397187,0.02161352314137058,-0.24176611552089428,-0.1946500090226457,0.01658436223287697,0.07975054649353758,0.034791943308097865
9,9,674,70.0,70.6826105248183,82.79319797456264,-1.6248870976269245,160.9928085487336,153.6487267576158,65.03012454509735,-39.5190508402884,-10.918228562921286,-159.80830704048276,112.7211765088141,156.8415039293468,42.0,57.0,0.07523109645817577,1.7801591078756733,3.0025118472447025,0.021604025763449917,104.5479629976393,0.10385756676557864,1.1827599710651806,2.1949818108230827,0.12283857266255585,NaN,NaN,2,0.10487034202495298,NaN,NaN,0.12283857266255585,NaN,NaN,-0.002410811717547366,NaN,NaN,0.23886173375183026,NaN,NaN,0.227965469966789,NaN,NaN,0.09648386431023345,NaN,NaN,-0.05863360658796499,NaN,NaN,-0.016199152170506357,NaN,NaN,-0.23710431311644325,NaN,NaN,0.07616658484897552,0.1630641533195643
