luid,usd,n,pnl,days,long_share
L1,4741613.05719,439,-269613.410243,3,1.0
L2,3050590.3646,183,-411971.372608,1,1.0
L3,2159444.57778,202,-196671.296703,4,1.0
L4,1900264.4838,123,-106103.75216399999,1,0.0
L5,1759738.8696,159,-235848.968976,1,1.0
L6,1750479.69711,168,-173780.30289,1,1.0
L7,1039663.9572599999,99,-218448.47756,1,1.0
L8,884122.55511,175,-43906.243717,4,0.022857142857142857
L9,781529.56028,182,-43092.932903,2,0.7307692307692307
L10,779974.60098,89,28409.681128,2,0.9325842696629213
L11,712657.9664500001,62,-76966.36645,1,0.0
L12,705881.29746,123,-45421.182846,3,0.7886178861788617
L13,576584.81551,157,-68498.055433,7,1.0
L14,574595.2186,60,-27095.268225,1,0.0
L15,555381.33529,105,-24413.12452,3,1.0
L16,539315.43004,37,-31480.16996,1,1.0
L17,502396.02231000003,90,-26693.189936,3,0.6111111111111112
L18,472993.29133,47,-61091.47556,2,1.0
L19,463746.31989,61,-99141.88011,1,1.0
L20,441242.58809,95,-104245.13160000001,3,0.0
L21,435763.97194,30,-21555.209518,1,0.0
L22,423786.10993000004,110,-21730.923263,9,0.2
L23,417478.7522,17,-24012.139025,1,1.0
L24,411638.2917,96,-23267.583722,3,0.9270833333333334
L25,382357.67926,88,-21261.30835,5,1.0
L26,380849.36264,37,-22765.36264,1,0.0
L27,366924.7071,50,-32106.893059,1,1.0
L28,366098.14411,68,-25578.427374,8,0.27941176470588236
L29,331341.70984,68,-18036.344171,6,1.0
L30,315174.6201,29,-23540.883176,1,0.0
L31,314624.33055,44,-14624.45109,1,0.0
L32,309457.55776,53,-18894.313229,3,1.0
L33,305882.71426,59,-11052.297338,5,1.0
L34,290959.07293,54,-18642.510429,7,1.0
L35,288511.60702,41,-31490.561048,1,1.0
L36,284223.95573,52,-49081.591594,1,1.0
L37,279305.66251,83,-16194.33749,1,1.0
L38,273330.39384000003,61,-36671.463532,4,0.9836065573770492
L39,261247.5602,13,-27008.164792,1,1.0
L40,253865.789,3,-62264.056269,1,1.0
L41,253767.20812999998,45,-3785.1026580000002,1,0.0
L42,252971.269,25,-14013.938306,2,0.8
L43,252000.84537,27,-35428.816509,2,1.0
L44,241904.89138000002,20,-12898.314019999998,2,1.0
L45,228801.49744,51,-26578.483997,3,0.9411764705882353
L46,225306.40831,26,-15372.617678,4,1.0
L47,218364.98535,47,-20427.888487,4,1.0
L48,213757.2148,29,-13310.676445,1,0.0
L49,213727.78832999998,32,-10218.72833,1,0.0
L50,211148.35306999998,39,-10115.345191,3,0.2564102564102564
L51,207944.9237,14,-16635.613985,1,0.0
L52,205991.92778,33,-11460.139642,4,1.0
L53,204586.60807000002,62,-9439.891517,1,0.0
L54,202438.47819,35,-9546.46116,1,0.0
L55,199667.4912,21,-11131.660075,1,1.0
L56,195534.74516000002,49,22689.656312,1,1.0
L57,194083.60397,67,23854.709714,1,1.0
L58,192193.82246,48,-58353.82246,1,0.0
L59,189755.423,63,-10417.138875,1,1.0
L60,189513.80482000002,47,-10679.790252,2,1.0
L61,168675.6877,18,-8580.339134,1,1.0
L62,165399.17104,25,-12626.801926,1,0.0
L63,160564.58751,20,-9393.555615,2,1.0
L64,156904.73186,23,-8670.158591,1,0.0
L65,154846.00828,17,-11345.687003000001,2,1.0
L66,152002.5894,23,-5235.8106,1,1.0
L67,149495.59207,22,-10901.569682000001,2,1.0
L68,142461.62491,22,-7892.176058,1,1.0
L69,140714.88449,14,-26182.342138,1,1.0
L70,140222.78737,50,-7836.390083,2,1.0
L71,137489.4787,33,-11521.25688,1,1.0
L72,136606.58005,51,-2613.17495,2,1.0
L73,136069.86434,24,-10112.834139999999,1,1.0
L74,135202.8728,93,-6315.1984,4,0.0
L75,132776.60009,13,-7586.6132800000005,1,1.0
L76,132112.45624,65,-9815.93702,4,0.0
L77,130680.14962,13,-60202.638107,2,1.0
L78,129197.41581,8,-17745.008838,1,1.0
L79,126565.49003999999,65,-8217.061177,2,0.3384615384615385
L80,124314.82581,35,-3470.959566,1,1.0
L81,123776.52186000001,29,-19670.677864999998,5,0.9655172413793104
L82,123603.23087,46,-7796.903756,2,1.0
L83,122223.89929999999,17,-8108.581005,1,1.0
L84,121783.20847,19,-8372.955396000001,3,1.0
L85,118278.37075999999,67,-6782.853184,2,1.0
L86,115180.8485,6,-7503.81178,2,1.0
L87,114180.36464999999,28,-6351.213887,8,1.0
L88,113192.85801,16,-6840.345603,1,0.0
L89,111875.89279000001,15,-6483.3751250000005,5,1.0
L90,108703.58785000001,50,-6165.52118,1,1.0
L91,108342.8783,16,-6642.8783,1,0.0
L92,106066.40615999998,6,-4905.45916,1,0.0
L93,105889.81358,17,-5895.99502,1,1.0
L94,105770.71244,33,-5101.85624,1,0.0
L95,104894.75925,21,-5792.65035,1,1.0
L96,104580.75996,23,-52430.78718299999,1,1.0
L97,99085.12258,32,-5643.985866,1,1.0
L98,97702.18736,27,-5532.722511,1,1.0
L99,96088.41868999999,22,-5401.58131,1,1.0
L100,95633.59153,23,-19977.363763999998,1,1.0
L101,94621.99717,19,-17478.56299,1,1.0
L102,93282.80621,13,-6970.104917,3,0.0
L103,92892.77524,62,-5981.51023,12,1.0
L104,91111.40606,13,-1790.658778,1,1.0
L105,90839.944,19,-5104.972223000001,1,1.0
L106,90764.85557999999,12,-5035.177644,1,1.0
L107,90750.95523,10,-4999.050306,1,1.0
L108,90084.64347,16,-21448.12253,1,1.0
L109,89657.97569,22,-9073.045626,4,0.8181818181818182
L110,87600.18345,26,-5079.053961,3,1.0
L111,87518.20896,24,-4931.12324,8,1.0
L112,86442.89940000001,10,-7565.913301,1,1.0
L113,85250.1249,24,-15792.4751,1,1.0
L114,83307.40714,19,-4363.3636400000005,2,0.0
L115,82978.5613,22,-13895.98048,1,0.0
L116,81191.571,11,-3819.963932,1,0.0
L117,81155.12284,50,-3774.284202,4,0.0
L118,81123.43478,15,-4123.43478,1,0.0
L119,80219.62964,16,-4453.09675,1,1.0
L120,79990.84577,15,-6100.1221399999995,5,1.0
L121,78867.96836,24,-6011.291848,1,1.0
L122,78804.5434,15,-19778.4866,1,1.0
L123,78691.15039,8,-4359.95411,1,1.0
L124,78629.29424999999,2,-3630.377214,1,0.0
L125,78100.81324,38,-3902.2762399999997,1,0.0
L126,77923.47297,1,-3744.218352,1,0.0
L127,77744.0,5,-4278.18,1,1.0
L128,77239.21992,16,3688.1714620000002,2,1.0
L129,76706.02192,7,-24472.60808,1,1.0
L130,76590.5663,33,-3588.364605,2,0.0
L131,76392.7975,5,-3999.966422,4,0.4
L132,75522.16575,9,-3851.019842,3,0.4444444444444444
L133,73740.03944,22,-3504.219196,1,0.0
L134,73386.66338,7,-4065.978844,2,1.0
L135,73370.72457,13,-7010.798491,1,0.0
L136,73205.50409,13,-4129.848722000001,1,1.0
L137,73040.52276,9,-7959.9366150000005,2,1.0
L138,71384.02224,29,-3894.868141,1,1.0
L139,71037.61416,15,-3937.749409,3,1.0
L140,70944.02538,29,-3859.0574739999997,7,0.5172413793103449
L141,65541.082,14,-8508.043816,1,1.0
L142,64404.57783,6,-20396.429797,1,1.0
L143,63277.982659999994,9,19664.648748,1,0.0
L144,62968.12904999999,3,-11590.790573999999,1,1.0
L145,62895.173749999994,26,-2947.80887,1,0.0
L146,61919.72382,6,-5032.948536,1,1.0
L147,61800.96607,18,-3578.834638,4,0.7777777777777778
L148,61721.94279,22,-16160.047681,2,1.0
L149,60485.29602,16,-2839.13602,1,0.0
L150,58699.19784000001,20,-24128.914380000002,1,1.0
L151,57942.89812,2,-2795.885888,1,0.0
L152,57797.59617999999,22,-3212.842296,3,0.9090909090909091
L153,57750.189399999996,15,-6856.935238,1,0.0
L154,57744.20689,36,-7103.65451,1,0.0
L155,57709.11049,18,-2397.0148289999997,1,1.0
L156,57626.8993,9,-3931.312709,1,1.0
L157,56249.96807,3,-4630.1760699999995,2,0.0
L158,56184.2778,13,-3168.5292,2,1.0
L159,56057.6768,2,-4830.812175999999,1,1.0
L160,55879.923389999996,8,-3037.92661,1,1.0
L161,53831.54899999999,8,-3835.6018400000003,1,0.0
L162,53646.511900000005,14,-4087.74129,2,0.0
L163,52253.38177,18,-2478.59265,1,0.0
L164,52168.60403,10,-2878.238048,2,1.0
L165,51998.784,3,-2939.2695,1,1.0
L166,51958.16703,9,-2883.637772,2,1.0
L167,51824.3146,3,-4039.7854,1,1.0
L168,51221.24938,22,-7041.5070000000005,2,0.2727272727272727
L169,51170.24142,12,-2670.572748,1,0.0
L170,51036.67143,10,-7143.413308,1,1.0
L171,50525.86614,4,-4456.6396,2,1.0
L172,50431.92480000001,2,-4546.57659,1,1.0
L173,50382.94480999999,8,-7216.908520999999,1,1.0
L174,49707.432,1,-2296.5616,1,0.0
L175,49592.02174,10,-10592.506136,1,1.0
L176,49497.08682,15,-2400.848183,3,0.06666666666666667
L177,49091.11421,9,-2714.376526,4,1.0
L178,49068.733309999996,45,-2294.896192,2,0.0
L179,48764.13834,22,-2697.92466,2,1.0
L180,48722.96419,13,-3214.4531300000003,1,1.0
L181,48535.23609,13,-13305.273702,1,1.0
L182,48161.20744,5,-2835.5254449999998,1,1.0
L183,47996.33528,10,-7159.70472,2,0.2
L184,47906.34169,15,-3362.169486,2,1.0
L185,47297.61613,18,-2608.370812,2,1.0
L186,46694.38880000001,1,-2184.17864,1,0.0
L187,46246.9914,3,-5711.298606,1,1.0
L188,45871.39957,44,-2464.66981,1,0.0
L189,44521.54491,7,-4846.846385999999,1,1.0
L190,44418.10931,10,-3722.19069,1,1.0
L191,43847.40268,24,-3554.541938,10,1.0
L192,43737.85816,12,-2220.5829799999997,1,1.0
L193,43666.71361,9,-2064.50939,1,1.0
L194,43659.58236,19,-6356.999334,1,1.0
L195,42495.5,1,-3552.0,1,1.0
L196,42102.029839999996,9,-2933.7020599999996,1,1.0
L197,41966.06573,12,-1950.9567,1,0.0
L198,41710.96286,7,-2072.079682,2,0.42857142857142855
L199,41670.13896,2,-3330.100782,1,1.0
L200,40893.44653,11,-2292.51165,2,1.0
L201,40772.27672,6,-2803.092028,1,1.0
L202,40467.0467,9,-4081.0777820000003,1,0.0
L203,40441.572400000005,6,-1920.8524,1,0.0
L204,40002.4221,8,-2318.808936,2,1.0
L205,39359.134809999996,5,-2158.557795,1,1.0
L206,39343.779109999996,10,944.2837099999999,1,1.0
L207,39134.52657,7,-3918.725841,2,1.0
L208,39091.02255,6,-2150.3596159999997,2,1.0
L209,38446.3012,2,-4952.527096,1,0.0
L210,38335.504,1,-5005.69074,1,1.0
L211,37969.76855,16,-4320.84109,1,1.0
L212,37554.92146,5,-1732.8606949999999,3,0.0
L213,37537.464869999996,2,-2215.389336,1,1.0
L214,37492.79552,10,-2492.45766,1,1.0
L215,37393.186149999994,8,-2606.050241,1,1.0
L216,37269.044649999996,13,-2087.494334,1,1.0
L217,37127.08998,4,-2052.4376700000003,1,1.0
L218,36869.64494,5,-914.50486,1,1.0
L219,36678.76748,11,-1963.00748,1,0.0
L220,36165.52397,8,-2040.500869,2,1.0
L221,36139.36289999999,4,-2187.616618,2,0.25
L222,35763.24,6,-1001.5109679999999,1,1.0
L223,35654.89163,5,-2057.010074,1,1.0
L224,35155.296,2,-1540.578204,1,1.0
L225,35141.4897,2,-1964.132271,1,1.0
L226,35129.90466,2,-4872.995532,1,1.0
L227,34981.143729999996,16,-1793.95527,3,0.9375
L228,34977.50252,7,-1928.452241,1,1.0
L229,34762.21009,5,-1931.54491,1,1.0
L230,34744.87539,9,-12019.824462,1,1.0
L231,34611.7057,8,-1924.4087,1,1.0
L232,34519.19164,1,-1842.558212,1,1.0
L233,34225.37735,10,-6237.024374,1,0.0
L234,33909.6552,2,-1859.421648,1,1.0
L235,33897.57137,12,-1977.5713700000001,1,0.0
L236,33352.78258,3,-7880.734375,2,1.0
L237,33308.41537,16,-1861.13144,2,1.0
L238,33109.67102,4,-1855.898186,1,1.0
L239,33098.60006,15,-1025.013452,4,1.0
L240,33065.98015,4,-2983.71241,1,1.0
L241,32988.09105,6,-4010.794998,1,1.0
L242,32863.8958,4,-6049.458614,1,1.0
L243,32749.40726,8,-1547.20726,1,0.0
L244,32643.84044,3,-1920.036388,2,0.0
L245,32603.320119999997,5,-11335.264879999999,1,1.0
L246,32475.58794,5,-3528.6645599999997,1,1.0
L247,31991.951660000002,4,-1759.152488,1,1.0
L248,31434.83954,8,-1416.2398,1,1.0
L249,31206.29578,11,-1131.935692,1,0.0
L250,30870.113920000003,13,-1434.55392,1,0.0
L251,30634.78949,9,-4496.46779,1,1.0
L252,30093.839930000002,5,-7477.26007,1,1.0
L253,30085.15766,5,1452.66966,1,1.0
L254,29878.86045,15,-7628.619549999999,1,1.0
L255,29579.74362,9,-1665.7335,2,1.0
L256,29025.08851,10,-1561.573032,2,1.0
L257,28995.434849999998,7,-1731.737003,2,1.0
L258,28685.69698,12,-2032.89302,1,1.0
L259,28649.39512,28,-1338.062783,1,1.0
L260,28592.195140000003,8,-1595.462927,2,1.0
L261,28551.10349,8,-1580.783455,1,1.0
L262,28507.925280000003,10,-1606.2054540000001,1,1.0
L263,28413.149699999998,9,-1668.226225,3,1.0
L264,28332.347449999997,2,-1436.698967,2,1.0
L265,28222.611250000005,6,-1573.60145,1,1.0
L266,28194.840799999998,6,-1596.655132,1,1.0
L267,27836.46291,19,-1268.05545,3,0.0
L268,27516.45898,3,-2087.76602,1,1.0
L269,27287.82743,7,-699.9823779999999,2,1.0
L270,27160.19714,10,-1871.607527,3,1.0
L271,26630.38006,19,-3026.995129,1,1.0
L272,26526.13732,5,-2164.8620290000003,2,0.0
L273,26524.34982,23,-1475.868669,13,1.0
L274,26521.699399999998,2,-3484.440846,1,1.0
L275,26449.54641,13,-1492.153566,2,1.0
L276,26332.148289999997,9,-1185.84669,1,0.0
L277,26243.411300000003,6,-1243.7813,1,0.0
L278,26153.5708,10,-1302.63678,3,0.2
L279,25893.91429,7,-1427.299982,2,1.0
L280,25685.124300000003,1,-303.352533,1,1.0
L281,25564.99176,2,-10300.986135000001,1,1.0
L282,25423.593820000002,18,-3821.4453679999997,1,1.0
L283,25375.84078,8,-1404.139619,3,1.0
L284,25348.42349,2,-1746.28021,1,1.0
L285,25174.379449999997,1,-1183.271485,1,0.0
L286,25073.50385,3,-1275.397887,2,0.6666666666666666
L287,24987.44101,15,-3348.111328,3,1.0
L288,24985.168469999997,10,-1574.820321,2,0.0
L289,24690.538400000005,5,-3307.922392,1,1.0
L290,24642.2112,14,-1467.047916,1,1.0
L291,24459.3691,3,-1693.6979499999998,1,1.0
L292,24175.15851,8,-1045.197838,1,0.0
L293,24048.39001,21,-1322.78499,1,1.0
L294,23877.143649999998,4,-1354.89143,1,1.0
L295,23433.51882,12,-1568.933661,1,1.0
L296,23302.67013,2,-1289.495754,1,1.0
L297,23069.5122,7,-2472.652457,2,1.0
L298,22988.352639999997,3,-2830.974296,1,1.0
L299,22576.2956,15,-1294.6956,1,0.0
L300,22563.19942,12,-1249.1813789999999,6,1.0
L301,22292.54263,8,-2767.198507,1,1.0
L302,22244.12266,8,-3752.82104,1,1.0
L303,22081.67433,5,-1011.910046,1,0.0
L304,21797.774940000003,1,-847.504371,1,1.0
L305,21762.786,1,-1615.117306,1,1.0
L306,21734.65987,1,-3231.287532,1,1.0
L307,21716.29013,4,-2478.313216,2,1.0
L308,21709.24393,13,-1749.05607,4,1.0
L309,21601.444799999997,2,-1816.2774760000002,1,1.0
L310,21578.89897,3,-1231.30396,2,1.0
L311,21479.48051,8,-968.681061,1,1.0
L312,21378.83484,10,-1216.845957,2,1.0
L313,21371.14272,30,-1603.884454,4,0.8666666666666667
L314,21135.896,1,-1192.826724,1,1.0
L315,21064.619179999998,10,-5399.82982,1,1.0
L316,20981.249350000002,20,-975.879923,1,0.0
L317,20961.77037,13,-974.5501059999999,1,0.0
L318,20956.50442,40,-978.55642,1,0.0
L319,20947.37097,4,-1179.352389,1,1.0
L320,20886.5249,5,-247.269692,2,1.0
L321,20808.063059999997,5,-8493.793743,1,1.0
L322,20673.188860000002,6,-1651.637508,4,1.0
L323,20656.50388,4,-1025.044913,3,0.25
L324,20475.38556,4,-1156.7074400000001,2,1.0
L325,20436.207029999998,11,-1146.14797,2,1.0
L326,20379.220370000003,4,-9724.723170000001,1,1.0
L327,20339.679060000002,2,-2166.862102,1,1.0
L328,20236.25116,2,-1128.142825,2,1.0
L329,20021.04768,5,22.195478,1,1.0
L330,20009.02336,10,-1127.161695,2,1.0
L331,20000.832000000002,3,-1070.1138,1,0.6666666666666666
L332,19987.90098,4,-1100.97107,3,1.0
L333,19737.33583,7,-1070.5564630000001,2,1.0
L334,19558.54755,7,-904.54755,1,0.0
L335,19383.78787,17,-905.045137,1,0.0
L336,19361.9115,1,-2705.003277,1,1.0
L337,19255.682579999997,7,-613.681012,2,1.0
L338,19252.8,1,-844.41,1,0.0
L339,19211.0071,6,-1062.571575,1,1.0
L340,19197.52014,4,-1061.588079,2,1.0
L341,19150.89777,7,-1085.503038,1,1.0
L342,19139.10021,20,-1058.943234,3,1.0
L343,19057.15695,3,-1043.976414,2,1.0
L344,19052.99532,11,-1995.7090509999998,3,1.0
L345,19037.50746,1,-1044.885297,1,1.0
L346,19021.493019999998,12,-1078.50698,1,1.0
L347,18979.85987,9,-971.65423,1,1.0
L348,18903.7739,4,-1063.423724,2,1.0
L349,18826.916579999997,3,-1052.75142,1,1.0
L350,18811.363830000002,1,-1046.506909,1,1.0
L351,18726.33181,4,-1278.11874,1,0.0
L352,18710.77447,2,-2724.71553,1,1.0
L353,18478.17546,6,-997.6995400000001,1,1.0
L354,18242.952380000002,9,-956.60691,2,0.7777777777777778
L355,18158.0529,3,-2586.0291,1,1.0
L356,17974.690860000002,10,-3188.24867,1,1.0
L357,17967.24046,4,-1263.758652,1,1.0
L358,17852.80808,17,-4448.891462,1,0.0
L359,17755.211819999997,7,-882.0294289999999,1,0.14285714285714285
L360,17714.32755,2,-1873.9432900000002,1,1.0
L361,17699.117700000003,4,-993.706912,1,1.0
L362,17651.42269,11,-2187.98009,1,1.0
L363,17592.78437,8,-896.882243,3,0.25
L364,17449.72065,12,-865.449307,4,0.25
L365,17436.947099999998,20,-1091.529614,2,1.0
L366,17356.43358,1,-1177.319442,1,0.0
L367,17343.221759999997,2,-726.644736,1,0.0
L368,17341.525560000002,5,-952.99244,2,1.0
L369,17330.02367,6,-1760.388542,1,0.0
L370,17227.32942,7,-784.33578,1,1.0
L371,17152.114129999998,4,-8928.01387,1,1.0
L372,16996.13064,3,-2810.42322,1,1.0
L373,16957.20264,2,-945.7273200000001,1,1.0
L374,16904.38584,4,-742.68178,2,0.75
L375,16879.83325,19,-899.835273,7,0.15789473684210525
L376,16861.76525,11,-784.071988,3,0.0
L377,16834.4674,2,-932.4464700000001,1,1.0
L378,16823.021119999998,5,-8428.654032,1,1.0
L379,16719.5068,5,-932.17001,2,1.0
L380,16648.5056,1,-4337.04512,1,1.0
L381,16629.9373,5,-1228.65956,1,0.0
L382,16563.14361,16,-922.00037,2,1.0
L383,16545.951,1,-906.632082,1,1.0
L384,16466.64827,3,-960.961185,2,1.0
L385,16429.04741,2,-907.2808439999999,1,1.0
L386,16391.870669999997,3,-1335.12533,1,1.0
L387,16388.17887,12,-6121.6552090000005,1,1.0
L388,16342.30447,6,-923.304586,2,0.16666666666666666
L389,16336.917640000001,5,-1676.406311,1,1.0
L390,15951.61224,4,-886.091589,1,0.0
L391,15668.170489999999,7,-1390.4798990000002,6,1.0
L392,15542.8416,3,-1773.1583999999998,1,1.0
L393,15316.25118,8,-832.551858,1,1.0
L394,15220.223,13,-836.764376,2,1.0
L395,15182.75985,13,-1831.239098,2,1.0
L396,15110.03724,2,93.73308,1,1.0
L397,14923.197,10,-817.7759120000001,1,1.0
L398,14894.51564,2,-862.853994,1,1.0
L399,14893.072200000002,3,-763.100604,1,0.0
L400,14888.51784,15,-763.157801,10,0.9333333333333333
L401,14812.87,2,-422.94561600000003,1,1.0
L402,14806.48646,18,-1287.241371,2,0.0
L403,14715.70369,2,-772.325996,2,0.5
L404,14703.447100000001,2,-805.413489,1,1.0
L405,14695.792000000001,1,-800.65416,1,1.0
L406,14677.105,1,-677.12,1,0.0
L407,14649.22106,8,-1414.71598,3,1.0
L408,14603.435759999998,3,-2488.734672,1,1.0
L409,14556.9276,1,-657.9,1,0.0
L410,14300.04144,5,-801.806148,4,1.0
L411,14255.639000000001,1,-792.1399,1,1.0
L412,14230.5248,1,-778.7712,1,1.0
L413,14207.685000000001,2,-792.149,1,1.0
L414,14124.42108,6,-1510.449288,1,1.0
L415,14019.298999999999,4,-762.281515,1,1.0
L416,14014.22752,9,-767.701704,3,1.0
L417,13999.29752,16,-785.644314,5,1.0
L418,13967.74107,26,-644.05102,1,0.0
L419,13958.66,2,-3879.9069329999998,1,1.0
L420,13889.518919999999,1,-2518.162008,1,1.0
L421,13794.402000000002,1,-636.03,1,0.0
L422,13730.058869999999,15,-773.137486,4,1.0
L423,13566.966840000001,2,-759.988026,2,1.0
L424,13554.603879999999,4,-989.33626,1,1.0
L425,13526.53513,4,-633.04552,1,0.0
L426,13472.45218,13,-617.408137,6,0.6153846153846154
L427,13438.97696,2,-2174.53704,1,1.0
L428,13437.46386,2,-738.9041400000001,1,1.0
L429,13320.6008,2,-785.741002,2,1.0
L430,13125.51096,1,-2442.58584,1,1.0
L431,13108.84158,2,-764.912644,1,0.0
L432,12822.592,1,-5170.67538,1,1.0
L433,12777.599999999999,1,-725.988,1,1.0
L434,12755.411499999998,3,-2243.9885,1,1.0
L435,12650.60167,6,-2347.662511,1,1.0
L436,12608.023130000001,4,-1047.975766,1,1.0
L437,12591.3478,4,-2310.45313,1,1.0
L438,12473.16398,2,-1167.663374,2,1.0
L439,12424.851999999999,6,-678.7578100000001,2,1.0
L440,12376.198,6,-667.483825,1,1.0
L441,12305.00716,3,-687.039065,1,1.0
L442,12258.197820000001,1,-1048.854015,1,1.0
L443,12256.21751,7,-739.2770660000001,2,0.5714285714285714
L444,12186.72952,2,-666.091624,1,1.0
L445,12164.06407,3,-3366.06833,1,1.0
L446,12116.61169,7,-577.48359,2,0.2857142857142857
L447,12099.47136,3,-555.834885,1,0.0
L448,11985.47524,2,-1014.9553,1,1.0
L449,11952.28882,12,-656.949045,6,0.9166666666666666
L450,11923.4185,2,1288.305095,1,1.0
L451,11903.71298,1,-667.84752,1,1.0
L452,11819.6231,1,144.7673,1,1.0
L453,11793.54966,3,-662.13396,1,1.0
L454,11591.49455,3,-652.67633,2,1.0
L455,11398.0443,2,-519.73574,1,0.0
L456,11382.52255,6,-632.70425,3,1.0
L457,11366.34325,8,-1234.71515,1,1.0
L458,11344.879920000001,13,-504.270858,1,0.0
L459,11337.43657,2,-227.578942,1,1.0
L460,11203.120200000001,3,-1086.392364,1,1.0
L461,11144.61313,5,-594.82687,1,1.0
L462,11083.37693,11,-616.483714,2,1.0
L463,10976.203010000001,4,-504.06473,1,0.0
L464,10954.16949,5,-619.36551,1,1.0
L465,10936.25197,9,-2019.540892,1,1.0
L466,10926.52453,5,-606.5218619999999,1,1.0
L467,10899.406900000002,3,-611.91622,1,1.0
L468,10840.7267,3,-609.2733000000001,1,1.0
L469,10724.72076,2,-591.952775,1,1.0
L470,10721.68893,5,-605.2432739999999,1,1.0
L471,10676.45,2,-562.375,2,0.5
L472,10595.1864,2,-1014.8376000000001,2,1.0
L473,10555.04995,5,-653.654545,4,1.0
L474,10534.0092,1,-589.1197,1,1.0
L475,10527.974390000001,5,-527.794202,1,0.0
L476,10522.41788,6,-485.87928,1,0.0
L477,10502.51166,8,-594.849653,1,0.0
L478,10494.12,1,-1439.274324,1,1.0
L479,10485.25204,1,-495.845324,1,0.0
L480,10473.29955,1,-464.50323,1,0.0
L481,10428.164760000001,2,-512.092187,1,0.0
L482,10413.769199999999,2,-584.3652159999999,2,1.0
L483,10311.0,1,-871.67,1,1.0
L484,10309.219299999999,5,-618.0208,1,0.0
L485,10306.251320000001,3,-991.236082,1,1.0
L486,10302.88386,3,-536.690955,1,0.0
L487,10298.184220000001,3,-1292.5489740000003,3,1.0
L488,10257.0576,4,-577.85896,1,1.0
L489,10206.46175,4,321.413071,1,1.0
L490,10154.094169999998,5,-998.5539870000001,1,1.0
L491,10097.11673,1,-826.879347,1,1.0
L492,10055.087490000002,5,-2252.1878699999997,1,1.0
L493,9946.49777,2,-545.469546,1,1.0
L494,9946.38339,16,-499.148069,7,1.0
L495,9907.58777,2,-546.7277409999999,1,1.0
L496,9903.990300000001,2,-544.991799,1,1.0
L497,9846.161900000001,18,-514.001353,10,0.5555555555555556
L498,9816.26178,5,-527.50149,1,1.0
L499,9807.4584,1,-3847.637052,1,1.0
L500,9791.85,2,-825.26,2,1.0
L501,9781.250759999999,10,-729.64396,6,1.0
L502,9714.23129,3,-1104.7975700000002,1,1.0
L503,9679.28804,8,-508.93935999999997,4,1.0
L504,9644.34368,18,-479.219625,1,0.0
L505,9600.41595,2,-523.70771,1,1.0
L506,9579.739399999999,5,-529.942,2,0.8
L507,9572.2026,4,-531.2406289999999,3,1.0
L508,9534.4548,4,-588.7977000000001,2,1.0
L509,9491.27147,6,-514.6910379999999,1,1.0
L510,9483.638780000001,1,-527.171106,1,1.0
L511,9481.485999999999,1,-519.629306,1,1.0
L512,9481.25074,2,-530.943784,1,1.0
L513,9480.3839,1,-521.447862,1,1.0
L514,9459.475789999999,3,-1832.8983449999998,3,1.0
L515,9402.513429999999,5,-507.521617,5,0.8
L516,9401.33208,1,-524.26612,1,1.0
L517,9378.6352,3,-650.5488,1,1.0
L518,9369.06565,15,-1364.396866,1,0.0
L519,9349.32753,8,-520.261013,7,1.0
L520,9316.56086,4,-428.352389,1,0.0
L521,9312.22727,1,-919.559577,1,1.0
L522,9293.16728,3,-1187.90728,1,0.0
L523,9271.714,1,-514.418,1,1.0
L524,9269.9877,6,-427.075644,1,0.0
L525,9249.4204,1,-1823.354456,1,1.0
L526,9245.1284,1,-415.7398,1,0.0
L527,9156.78463,4,-1631.170308,1,1.0
L528,9133.9328,2,-510.88120000000004,1,1.0
L529,9038.115600000001,5,-968.3549840000001,2,1.0
L530,8995.380000000001,1,-1003.16125,1,1.0
L531,8985.51682,3,-510.99588000000006,2,1.0
L532,8957.19124,1,-2204.701038,1,1.0
L533,8901.59943,2,-422.191894,1,0.0
L534,8901.45245,1,-4820.233176,1,1.0
L535,8899.44,1,-1648.000996,1,1.0
L536,8889.93404,1,-502.94676,1,1.0
L537,8881.22244,1,-501.98323,1,1.0
L538,8856.246,1,-1899.442506,1,1.0
L539,8830.08712,5,-378.960969,1,0.0
L540,8829.4757,2,-496.62719,2,1.0
L541,8783.70255,2,-1682.3305169999999,1,1.0
L542,8775.2884,1,-954.3116,1,1.0
L543,8698.88789,6,-413.072095,1,0.0
L544,8612.84532,5,-836.050193,3,1.0
L545,8606.36739,4,-143.70768800000002,2,1.0
L546,8545.06098,1,-2854.84908,1,1.0
L547,8521.6079,4,-399.407066,1,0.0
L548,8519.92914,8,-397.977402,2,0.25
L549,8514.548200000001,6,-399.1042,1,0.0
L550,8471.8811,3,-392.380264,1,0.0
L551,8431.01125,3,-461.34884999999997,1,1.0
L552,8426.418,1,-1574.763678,1,1.0
L553,8416.967,3,-477.242144,1,1.0
L554,8394.0784,3,-385.3124,1,0.0
L555,8375.97663,1,-836.962358,1,1.0
L556,8371.7119,9,-266.9306,3,1.0
L557,8334.16161,7,-387.289107,1,0.0
L558,8330.425299999999,4,-463.7194,1,1.0
L559,8250.13811,14,-455.55989,5,1.0
L560,8240.8,1,-1188.0,1,1.0
L561,8231.176950000001,10,-378.281022,1,0.0
L562,8076.638899999999,6,-448.65044,2,1.0
L563,8059.5102,3,-808.163916,2,1.0
L564,8058.62934,5,-1836.53066,1,1.0
L565,8056.382439999999,6,-442.749151,1,1.0
L566,7989.782,2,-877.959877,2,1.0
L567,7964.61596,8,-499.447323,5,0.0
L568,7960.1,2,-1421.6094999999998,2,1.0
L569,7959.8328,1,-441.580464,1,1.0
L570,7936.9341,3,-432.30758699999996,2,1.0
L571,7894.4353599999995,1,-1105.417168,1,1.0
L572,7892.70092,3,-1091.503416,2,1.0
L573,7886.88526,7,-1779.7414099999999,1,1.0
L574,7868.41906,2,-436.68094,1,1.0
L575,7859.428980000001,2,-1102.3200120000001,1,1.0
L576,7766.010200000001,1,-470.3132,1,1.0
L577,7757.168199999999,3,-465.281433,1,1.0
L578,7699.63011,1,-376.162266,1,0.0
L579,7689.327399999999,3,-1013.042856,1,1.0
L580,7655.452799999999,1,-446.7738,1,1.0
L581,7618.36014,1,-423.286704,1,1.0
L582,7588.490280000001,1,-412.58997,1,1.0
L583,7580.3374,1,-421.344522,1,1.0
L584,7563.9985,2,-429.89277,1,1.0
L585,7562.730820000001,5,-346.17244,1,0.0
L586,7487.45331,3,-2923.188784,1,1.0
L587,7486.253280000001,4,-410.589342,1,1.0
L588,7478.6387,2,-589.0213,1,1.0
L589,7441.64569,4,-396.96635000000003,1,1.0
L590,7429.421969999999,6,-410.09253,2,1.0
L591,7421.350450000001,3,-415.18955,2,1.0
L592,7402.6752,1,116.021648,1,1.0
L593,7344.76248,1,-903.725424,1,1.0
L594,7343.962799999999,6,-397.80111600000004,3,0.8333333333333334
L595,7298.774399999999,5,-395.923965,2,0.8
L596,7296.928999999999,1,-412.810188,1,1.0
L597,7286.62777,6,-399.40237,2,1.0
L598,7248.7168,5,-330.072944,4,0.0
L599,7227.28455,12,-497.115689,3,1.0
L600,7221.98745,17,-355.514862,2,0.058823529411764705
L601,7205.25815,2,-1118.6749810000001,2,1.0
L602,7200.852739999999,2,-610.8355799999999,1,1.0
L603,7188.245999999999,1,-908.712324,1,0.0
L604,7149.718940000001,2,-1302.65746,1,1.0
L605,7144.58703,2,-2472.12327,1,1.0
L606,7143.8706,4,-1128.75576,1,0.0
L607,7133.77883,12,-323.159306,1,0.0
L608,7095.584879999999,3,-398.96924,1,1.0
L609,7093.5985,4,-401.89572999999996,2,1.0
L610,7091.40645,4,-436.594473,3,1.0
L611,7080.327110000001,1,-1319.662604,1,1.0
L612,7050.525049999999,2,-690.1887200000001,1,1.0
L613,7002.6221000000005,6,-275.37356,3,0.8333333333333334
L614,6990.984,1,-778.272,1,1.0
L615,6977.1644400000005,7,-809.655218,2,0.8571428571428571
L616,6975.46,4,-1234.1778709999999,1,1.0
L617,6967.91478,1,-949.58022,1,1.0
L618,6905.23398,12,-68.988285,7,1.0
L619,6899.73655,1,-401.232139,1,1.0
L620,6865.008,1,-348.205657,1,0.0
L621,6844.19457,6,-692.398008,1,0.0
L622,6835.5046,3,-387.871355,2,1.0
L623,6801.03395,1,-375.392008,1,1.0
L624,6758.86501,3,-368.862796,2,1.0
L625,6755.54121,3,-692.8910520000001,2,1.0
L626,6697.8681400000005,6,-436.22586,4,1.0
L627,6691.440600000001,2,-836.072172,1,0.0
L628,6690.67561,2,-313.07561,1,0.0
L629,6637.33705,3,-388.257385,3,1.0
L630,6634.50704,2,-362.981199,2,1.0
L631,6632.25532,1,-1469.373092,1,1.0
L632,6630.88652,1,-363.86184,1,1.0
L633,6622.5985,7,-362.53711500000003,7,0.7142857142857143
L634,6607.936000000001,1,-304.76512,1,0.0
L635,6604.7406,3,-287.271679,1,0.0
L636,6591.0379,3,-318.10079199999996,1,0.0
L637,6589.8243299999995,3,-554.87267,1,1.0
L638,6577.613910000001,3,-544.7570400000001,3,0.6666666666666666
L639,6576.669099999999,2,-467.42999999999995,2,0.0
L640,6541.171200000001,2,-367.8147,1,1.0
L641,6473.88,1,-360.815,1,1.0
L642,6442.96797,2,-359.41601,2,1.0
L643,6427.259749999999,1,-573.62044,1,1.0
L644,6416.2524,4,-349.076517,1,1.0
L645,6361.59331,10,-806.80489,4,1.0
L646,6344.13988,1,-1617.70492,1,1.0
L647,6322.8889500000005,4,-364.10935,4,1.0
L648,6294.56666,5,-292.29274,1,0.0
L649,6276.462239999999,1,-1391.109832,1,1.0
L650,6247.89342,8,-385.995655,3,0.0
L651,6218.59572,1,-426.74256,1,1.0
L652,6077.12542,1,-1122.90956,1,1.0
L653,5954.13,1,-325.59422,1,1.0
L654,5943.1805,1,-335.4975,1,1.0
L655,5937.4975699999995,3,-548.142175,3,1.0
L656,5937.27682,1,686.337328,1,1.0
L657,5886.3058,5,-331.196548,1,1.0
L658,5856.181500000001,2,-313.49070700000004,2,0.5
L659,5832.474469999999,9,-334.9477,1,1.0
L660,5817.03852,3,-325.696394,2,1.0
L661,5798.6422,3,-330.316935,3,1.0
L662,5780.9069,5,283.61880199999996,1,1.0
L663,5778.518400000001,1,-318.985372,1,1.0
L664,5771.22004,1,-319.83676,1,1.0
L665,5734.079299999999,2,-320.99681499999997,1,1.0
L666,5729.2447600000005,1,-316.95524,1,1.0
L667,5683.78503,1,-318.077298,1,1.0
L668,5661.264999999999,2,-380.26800000000003,1,1.0
L669,5641.789500000001,3,-484.179435,3,0.6666666666666666
L670,5639.6237599999995,1,-312.30936,1,1.0
L671,5638.147220000001,2,-309.36713599999996,1,1.0
L672,5626.25287,1,-309.210807,1,1.0
L673,5614.605320000001,2,-256.73852,1,0.0
L674,5597.46376,2,-308.3193,2,1.0
L675,5591.7492,1,-2295.391021,1,1.0
L676,5583.76303,2,-1038.86177,1,1.0
L677,5579.4392,1,-310.6568,1,1.0
L678,5552.882,1,-693.152366,1,0.0
L679,5511.56931,7,893.339766,1,1.0
L680,5511.1,3,-305.343,2,1.0
L681,5500.1944,4,-318.741565,1,1.0
L682,5488.62225,2,-310.080044,2,1.0
L683,5472.80517,1,-247.472239,1,0.0
L684,5439.3903,2,-305.499138,2,1.0
L685,5431.21705,1,-469.45304,1,1.0
L686,5409.20016,3,-1479.3040079999998,1,1.0
L687,5407.214,3,-452.93399999999997,1,0.0
L688,5403.42164,4,-363.673122,3,1.0
L689,5362.9268,2,-290.685492,1,1.0
L690,5342.16206,7,-636.835929,1,1.0
L691,5327.08387,2,-301.035622,1,1.0
L692,5288.19803,6,-407.654605,2,1.0
L693,5271.88847,13,-2689.16847,1,0.0
L694,5246.8640000000005,1,-723.7664,1,0.0
L695,5246.3684,1,-246.064,1,0.0
L696,5244.24894,1,-243.003093,1,0.0
L697,5238.5392,3,-239.43519999999998,1,0.0
L698,5234.64573,2,-945.65427,1,1.0
L699,5217.056210000001,6,-1994.419026,1,1.0
L700,5215.15445,14,-303.21575,8,1.0
L701,5204.24704,5,-686.686151,5,1.0
L702,5184.1067,2,-731.598025,2,0.5
L703,5169.71571,2,-288.644117,2,1.0
L704,5168.21588,2,-851.19532,1,1.0
L705,5166.77795,7,-286.31978200000003,5,1.0
L706,5164.766320000001,2,-320.443736,1,1.0
L707,5162.77671,2,-281.0271,1,1.0
L708,5123.47006,2,-278.50259,2,0.5
L709,5119.9643,2,-289.4346,1,1.0
L710,5096.12826,2,-277.067688,1,1.0
L711,5089.07189,8,-279.26504600000004,2,0.875
L712,5077.70992,7,-426.27314,2,1.0
L713,5051.79332,2,-280.92494999999997,1,1.0
L714,5045.470800000001,5,-246.63768799999997,2,0.6
L715,5031.39508,2,-307.80692,2,0.5
L716,5027.97282,1,-283.036312,1,1.0
L717,5014.271,4,-399.555666,1,1.0
L718,5001.98022,4,-472.204556,1,0.0
L719,4993.0176200000005,2,-313.89761599999997,1,1.0
L720,4977.85,1,-442.15,1,1.0
L721,4972.8,1,-278.2016,1,1.0
L722,4972.43722,3,-278.79278999999997,3,1.0
L723,4940.15,1,-1152.35,1,1.0
L724,4883.3554,1,-278.519857,1,1.0
L725,4847.6428,2,-269.28104,2,0.5
L726,4828.482800000001,1,-269.8852,1,1.0
L727,4821.274009999999,2,-266.849172,1,1.0
L728,4809.27938,4,-276.274469,3,1.0
L729,4801.18908,2,-271.220298,1,1.0
L730,4790.30458,3,-976.151364,2,1.0
L731,4789.78955,1,-409.2453,1,1.0
L732,4780.99908,1,-224.957304,1,0.0
L733,4757.73,4,-247.915,2,1.0
L734,4747.653429999999,2,-642.378386,2,1.0
L735,4742.1496,3,-260.65923200000003,1,1.0
L736,4741.847879999999,2,-267.64430400000003,1,1.0
L737,4740.615,1,-848.17755,1,1.0
L738,4739.41755,12,-265.565873,1,1.0
L739,4739.20227,1,-261.12663,1,1.0
L740,4735.8528,1,-264.20787,1,1.0
L741,4734.897200000001,4,-263.99920000000003,1,1.0
L742,4733.9644,4,-264.5212,1,1.0
L743,4732.3472,1,-264.467936,1,1.0
L744,4729.43909,5,-246.54846,1,0.8
L745,4698.99032,8,-219.628456,2,0.0
L746,4697.7376,1,-262.083114,1,1.0
L747,4645.56193,3,-213.02512000000002,1,0.0
L748,4638.432459999999,2,-267.343528,2,1.0
L749,4633.716849999999,2,-543.1013,1,1.0
L750,4622.575290000001,4,-247.96250899999998,4,1.0
L751,4594.5256,2,-210.884549,1,0.0
L752,4571.28118,3,-486.783047,2,1.0
L753,4567.26063,2,-387.59091,1,1.0
L754,4548.736,3,-223.831309,3,0.3333333333333333
L755,4546.08,2,-253.99384500000002,2,1.0
L756,4541.46046,4,-384.34090000000003,4,1.0
L757,4516.706,1,-248.92418,1,1.0
L758,4501.41409,2,-246.57018,1,1.0
L759,4489.952,1,-208.9398,1,0.0
L760,4488.870130000001,3,-244.846052,1,1.0
L761,4476.12492,2,-209.79319800000002,1,0.0
L762,4474.0660800000005,2,-532.004136,1,1.0
L763,4472.19042,5,-452.80958,1,1.0
L764,4465.7126100000005,4,-257.417292,4,1.0
L765,4455.415800000001,1,-462.130044,1,1.0
L766,4454.90346,1,-1291.375243,1,1.0
L767,4431.24192,5,-278.2501,2,0.8
L768,4429.13219,2,-1120.86781,1,1.0
L769,4420.48965,6,-785.203434,1,1.0
L770,4417.19066,2,-245.58769,1,1.0
L771,4409.45,1,-563.55,1,1.0
L772,4409.17436,1,-248.923613,1,1.0
L773,4407.57534,5,-247.808646,1,1.0
L774,4402.89394,3,122.16394,1,1.0
L775,4386.400199999999,1,-613.80541,1,1.0
L776,4383.07665,1,-391.98141,1,1.0
L777,4382.4,1,-644.420964,1,1.0
L778,4367.4225,1,-810.42486,1,1.0
L779,4366.02672,1,-253.4976,1,1.0
L780,4358.48156,5,-239.334392,2,1.0
L781,4345.9640500000005,1,-289.316192,1,0.0
L782,4339.98223,9,-241.695464,1,1.0
L783,4336.48455,1,-238.703379,1,1.0
L784,4318.14,1,-236.80092,1,1.0
L785,4315.87269,2,-194.143898,2,0.0
L786,4315.2,1,-1657.2,1,0.0
L787,4312.0,1,-244.4,1,1.0
L788,4307.1511,1,-737.17303,1,1.0
L789,4299.687,1,-262.14288,1,1.0
L790,4276.190529999999,5,-240.838029,2,1.0
L791,4274.382299999999,2,-234.0137,1,1.0
L792,4272.42285,9,-242.15148399999998,1,1.0
L793,4267.738590000001,3,-232.822208,2,1.0
L794,4248.59554,8,-237.78581000000003,1,1.0
L795,4245.31751,4,-754.05529,1,1.0
L796,4227.98776,4,-773.27553,1,1.0
L797,4221.00276,2,-764.534992,1,1.0
L798,4220.0932,2,-775.7674,1,1.0
L799,4210.18942,1,-787.98178,1,1.0
L800,4207.91163,4,-220.116736,4,0.75
L801,4203.6,2,-223.44,1,0.0
L802,4192.71182,5,-194.87059,2,0.0
L803,4183.8658,4,-229.389024,1,1.0
L804,4164.73616,1,-202.911184,1,0.0
L805,4164.048,1,-198.270504,1,0.0
L806,4156.26764,3,-227.62516,1,1.0
L807,4154.1708,2,-191.7508,2,0.0
L808,4153.4295,1,-232.635,1,1.0
L809,4151.3283599999995,5,-219.24796,3,0.6
L810,4149.77016,1,-1867.50875,1,1.0
L811,4111.89479,4,-386.551193,1,1.0
L812,4107.84951,5,-225.405306,1,1.0
L813,4106.933309999999,4,-113.628918,2,1.0
L814,4100.2715,3,-291.76307,1,1.0
L815,4094.0499999999997,1,-1059.95,1,1.0
L816,4091.63088,2,-223.623696,1,1.0
L817,4077.5,2,-582.075,1,1.0
L818,4071.5671899999998,1,-950.325014,1,0.0
L819,4068.92397,6,-300.11261400000006,1,1.0
L820,4066.7582599999996,2,-266.6818,1,1.0
L821,4066.54805,2,-765.209923,2,1.0
L822,4063.4705000000004,3,-227.394007,1,1.0
L823,4059.0660000000003,5,-41.17006,2,0.0
L824,4058.31,4,-244.036,4,1.0
L825,4045.629,1,-190.134,1,0.0
L826,4033.64037,4,-182.305074,1,0.0
L827,4030.0060000000003,1,-279.24,1,0.0
L828,4023.6852500000005,5,-222.62198800000002,5,0.8
L829,4012.0772999999995,4,-190.02727199999998,1,0.0
L830,3996.435,1,-1569.5553,1,1.0
L831,3995.9926000000005,1,-274.077574,1,1.0
L832,3982.4826000000003,1,-183.31042,1,0.0
L833,3970.00252,5,-179.58942,1,0.0
L834,3965.9115599999996,1,-230.236929,1,1.0
L835,3964.79457,1,-186.151979,1,0.0
L836,3953.7344000000003,1,-234.175776,1,0.0
L837,3946.2435,2,-220.273515,1,1.0
L838,3936.1900000000005,1,-334.694,1,1.0
L839,3905.615,1,-318.379675,1,1.0
L840,3896.98912,3,-216.81119999999999,3,1.0
L841,3881.1120199999996,4,-316.832128,3,0.0
L842,3880.4832699999993,2,-216.53862999999998,2,1.0
L843,3877.8500000000004,1,-186.0,1,0.0
L844,3872.6545800000004,1,-179.217159,1,0.0
L845,3869.2429299999994,2,-406.60267999999996,1,1.0
L846,3854.6779799999995,7,-177.202424,3,0.0
L847,3850.98346,6,-213.96654,1,1.0
L848,3847.50704,3,-179.186195,1,0.0
L849,3846.80346,5,-214.260348,2,1.0
L850,3836.58559,5,-284.70034000000004,1,1.0
L851,3832.8970500000005,4,-327.05295,1,1.0
L852,3828.07404,10,-226.16654,4,0.2
L853,3823.6426,4,-254.869538,1,1.0
L854,3820.28088,1,-215.040336,1,1.0
L855,3808.8506,3,-1648.4546,1,0.0
L856,3794.6697,5,-206.89434300000002,1,1.0
L857,3792.7554400000004,1,-1497.63766,1,1.0
L858,3792.0780999999997,4,-202.18337200000002,1,1.0
L859,3786.651,2,-211.23371400000002,2,1.0
L860,3779.7867,2,-208.452933,1,1.0
L861,3773.83632,1,-203.97168,1,1.0
L862,3770.26505,5,-1125.934135,1,1.0
L863,3761.6935500000004,7,-198.86334599999998,1,1.0
L864,3761.00577,3,-171.70710400000002,1,0.0
L865,3753.1930999999995,2,-851.238431,1,0.0
L866,3750.9566999999997,1,-212.089515,1,1.0
L867,3747.9882,2,-174.25734,1,0.0
L868,3730.58774,3,-208.480249,1,1.0
L869,3725.2338,1,-208.085916,1,1.0
L870,3701.7537500000003,1,-297.78284,1,1.0
L871,3698.8431,2,-207.76531,2,1.0
L872,3688.5963,5,-254.0552,1,1.0
L873,3683.8311300000005,4,-408.001455,2,0.75
L874,3677.68742,2,-204.44227,1,1.0
L875,3641.5607,2,-247.763152,1,1.0
L876,3640.5303,6,-513.31527,1,1.0
L877,3635.5,1,-206.05,1,1.0
L878,3623.8132,1,-672.8631,1,1.0
L879,3583.8765,1,-166.02075,1,0.0
L880,3574.1,2,-256.3,2,0.0
L881,3562.6816800000006,2,-181.03070000000002,2,1.0
L882,3554.59116,6,-201.990194,3,1.0
L883,3535.59546,2,-165.17421,1,0.0
L884,3534.8186299999998,14,-169.261388,1,0.0
L885,3529.2849,1,-198.9001,1,1.0
L886,3525.1782000000003,2,-196.514883,2,1.0
L887,3506.46624,1,-352.398168,1,0.0
L888,3478.66644,4,-190.22650399999998,3,1.0
L889,3473.31878,3,-160.953802,1,0.0
L890,3468.95407,1,-326.212442,1,1.0
L891,3467.2650000000003,3,-188.8844,3,1.0
L892,3446.6825999999996,4,-190.9512,1,1.0
L893,3442.1100000000006,2,-194.62900000000002,2,1.0
L894,3415.5137,8,-190.4729,1,1.0
L895,3411.90624,2,-367.968976,1,1.0
L896,3401.925,2,-191.591,1,1.0
L897,3365.34404,6,-200.020624,4,0.8333333333333334
L898,3361.5785799999994,9,-163.19245999999998,2,0.3333333333333333
L899,3360.43501,4,-237.615795,2,1.0
L900,3359.3199200000004,1,-373.325805,1,1.0
L901,3355.9323999999997,1,-343.51146,1,1.0
L902,3326.9033,2,-154.230868,1,0.0
L903,3326.68096,2,-185.582728,1,1.0
L904,3321.4810100000004,8,-265.055676,1,1.0
L905,3311.7315000000003,1,-183.84135,1,1.0
L906,3308.1048,1,-481.79394,1,1.0
L907,3307.78344,2,-282.26952,1,1.0
L908,3303.87911,9,-182.392362,1,1.0
L909,3266.3639600000006,3,-148.25316,1,0.0
L910,3257.29564,3,-202.92768,1,1.0
L911,3249.75291,7,-177.646471,1,1.0
L912,3203.9626000000003,1,-180.7794,1,1.0
L913,3199.0869999999995,2,-495.48253800000003,2,1.0
L914,3199.0562600000003,1,-804.012994,1,1.0
L915,3188.5,1,-1334.3,1,0.0
L916,3179.813,3,-147.6447,1,0.0
L917,3179.3684,1,-178.655776,1,1.0
L918,3170.61344,2,-178.080644,1,0.0
L919,3167.11395,1,-404.47407,1,0.0
L920,3156.8381600000002,1,-176.09984,1,1.0
L921,3150.2388600000004,5,-206.455806,2,0.0
L922,3149.803,2,-150.13633,1,0.0
L923,3143.8030200000003,3,-175.051182,2,1.0
L924,3141.879,1,-141.6389,1,0.0
L925,3126.546149999999,3,11.239014000000001,1,0.0
L926,3108.28569,2,-140.88972,1,0.0
L927,3101.69522,5,-144.60386,4,0.0
L928,3099.98306,2,-140.46519999999998,1,0.0
L929,3088.1285000000003,1,-138.4539,1,0.0
L930,3021.3,1,291.375,1,1.0
L931,3016.10092,3,-168.250584,1,1.0
L932,3008.03854,1,-186.21257,1,1.0
L933,3000.22788,1,-168.612828,1,1.0
L934,2990.2465599999996,1,-150.671367,1,0.0
L935,2990.05767,3,-191.55033,2,1.0
L936,2974.5455199999997,2,-140.22692,1,0.0
L937,2964.9624,5,-409.712288,1,1.0
L938,2961.0050800000004,1,-139.2919,1,0.0
L939,2959.2622,5,-164.5163,2,1.0
L940,2952.6157999999996,2,-160.8662,2,1.0
L941,2952.2034,1,-166.9656,1,1.0
L942,2950.0475100000003,7,-164.708621,5,1.0
L943,2947.8779,3,-163.88485200000002,1,1.0
L944,2940.0764,2,-165.5258,1,0.5
L945,2936.0297,2,-193.819509,1,1.0
L946,2934.55422,7,-164.073131,4,1.0
L947,2908.40774,2,-593.65343,1,1.0
L948,2891.94931,4,-130.16622999999998,3,0.0
L949,2882.4519999999998,1,-160.00926,1,1.0
L950,2868.6806500000002,1,-160.835125,1,1.0
L951,2866.7876100000003,10,-160.28795,3,1.0
L952,2864.21087,2,-160.01614,1,1.0
L953,2858.3784,3,-161.63488999999998,1,1.0
L954,2852.0411,2,-135.222,2,0.0
L955,2850.40196,3,-503.973864,2,0.6666666666666666
L956,2845.6798,1,-160.3664,1,1.0
L957,2844.49618,1,-157.851886,1,1.0
L958,2843.2201,1,-155.171317,1,1.0
L959,2841.79233,1,-156.389709,1,1.0
L960,2841.70327,2,-159.13988,1,1.0
L961,2841.18696,2,-157.33079999999998,1,1.0
L962,2841.04655,5,-158.807552,1,1.0
L963,2840.20272,4,-159.21956600000001,1,1.0
L964,2821.2666600000002,3,-403.45183599999996,2,1.0
L965,2820.6076000000003,1,-192.415965,1,0.0
L966,2805.70901,1,-854.172854,1,0.0
L967,2795.79764,5,-148.460091,2,0.0
L968,2779.985,1,-175.37,1,1.0
L969,2779.39394,2,-154.969345,1,1.0
L970,2778.6415999999995,1,-133.957536,1,0.0
L971,2749.79832,2,-146.06868,1,1.0
L972,2741.2833499999997,2,-151.287774,2,1.0
L973,2736.4968000000003,2,-148.5358,1,1.0
L974,2726.55669,1,-191.484018,1,1.0
L975,2725.2585,10,-127.39879,1,0.0
L976,2725.03756,3,-66.574494,2,1.0
L977,2698.4695500000003,1,-124.620867,1,0.0
L978,2695.75768,1,-376.09268,1,1.0
L979,2685.8111,1,-149.142647,1,1.0
L980,2680.9196,3,-149.6985,3,1.0
L981,2679.98208,1,-374.4,1,1.0
L982,2676.9873900000002,3,-166.182714,3,1.0
L983,2672.8912,1,-138.18257,1,0.0
L984,2661.59217,5,-297.495407,3,1.0
L985,2660.2818300000004,1,-148.561479,1,1.0
L986,2658.37496,1,-281.834984,1,1.0
L987,2655.1757999999995,2,-150.155,2,1.0
L988,2639.4470499999998,2,-352.45295,1,1.0
L989,2639.35997,3,-333.63117,1,0.0
L990,2622.5331000000006,1,-248.103463,1,1.0
L991,2617.9455199999998,1,-143.298,1,1.0
L992,2613.7720000000004,1,-120.772,1,0.0
L993,2608.11953,4,-148.269079,1,1.0
L994,2607.61104,1,-223.40276,1,1.0
L995,2606.1294100000005,2,-140.085598,1,1.0
L996,2605.96465,4,-389.550236,2,1.0
L997,2596.9558,3,-147.512458,1,1.0
L998,2587.9386000000004,1,-34.963565,1,1.0
L999,2585.25606,4,-158.373654,1,1.0
L1000,2583.57316,2,-144.66398999999998,1,1.0
L1001,2575.6499999999996,2,-163.1245,1,1.0
L1002,2570.8759999999997,1,-120.6966,1,0.0
L1003,2568.69334,4,-137.294588,3,1.0
L1004,2559.7980399999997,2,-143.20195999999999,1,1.0
L1005,2549.7651,2,-208.535027,1,1.0
L1006,2539.6161,1,-90.025054,1,0.0
L1007,2532.0448,1,-520.2624,1,1.0
L1008,2531.9434,2,-330.548694,1,1.0
L1009,2515.2887,3,-197.04083,3,1.0
L1010,2494.136,1,-627.275204,1,1.0
L1011,2486.1774,1,-140.7504,1,1.0
L1012,2479.9322,1,-116.509,1,0.0
L1013,2465.1358000000005,2,-136.7001,1,1.0
L1014,2457.24415,5,-138.048785,1,1.0
L1015,2454.6605999999997,1,-133.7454,1,1.0
L1016,2450.17048,2,-137.888049,1,1.0
L1017,2448.2514,1,-949.2889,1,1.0
L1018,2445.68596,3,53.299938,1,0.0
L1019,2439.81838,4,-134.942698,3,1.0
L1020,2433.16982,4,-569.284464,1,1.0
L1021,2425.70967,2,-109.968941,1,0.0
L1022,2416.5191999999997,2,-286.40470400000004,2,1.0
L1023,2416.51563,2,-136.86019,1,1.0
L1024,2412.39725,3,214.80029000000002,1,1.0
L1025,2409.85928,2,172.19252,1,1.0
L1026,2398.62615,1,-135.60693,1,1.0
L1027,2397.27257,13,-124.359297,9,0.6923076923076923
L1028,2391.1199799999995,2,-607.046048,1,1.0
L1029,2389.6338,1,-378.01773,1,1.0
L1030,2384.8523499999997,7,-123.356634,4,1.0
L1031,2380.57984,2,-140.58484,1,0.0
L1032,2379.41817,3,-115.757895,2,0.3333333333333333
L1033,2378.5938699999997,1,-129.76873,1,1.0
L1034,2370.5263,2,-132.2027,1,1.0
L1035,2368.71898,1,-132.527052,1,1.0
L1036,2368.6139399999997,1,-140.97006,1,1.0
L1037,2365.15219,2,-131.71781,2,1.0
L1038,2362.6142600000003,2,-165.194784,1,1.0
L1039,2360.54508,2,-105.52742,1,0.0
L1040,2358.75328,1,-933.192896,1,1.0
L1041,2358.63716,1,-131.41172,1,1.0
L1042,2354.47296,1,-440.77824,1,1.0
L1043,2350.99063,2,-169.459853,2,1.0
L1044,2344.7400000000002,1,-130.38,1,1.0
L1045,2337.34411,4,-745.6401940000001,1,1.0
L1046,2332.48678,4,-128.419612,3,1.0
L1047,2326.55516,1,-107.83725,1,0.0
L1048,2323.65297,6,-123.889928,1,1.0
L1049,2321.42504,2,-130.7308,1,1.0
L1050,2320.63792,1,-128.05783,1,1.0
L1051,2320.46721,2,-127.84392,1,1.0
L1052,2319.4269,1,-142.278852,1,0.0
L1053,2316.2862,2,-130.06526,2,1.0
L1054,2314.29744,1,-173.610528,1,0.0
L1055,2313.31412,3,-228.417665,3,0.6666666666666666
L1056,2306.42947,1,-239.266404,1,0.0
L1057,2304.6606,1,-101.789895,1,0.0
L1058,2303.3665900000005,2,-105.7987,1,0.0
L1059,2296.7490000000003,1,-246.8158,1,1.0
L1060,2293.16284,7,-206.56332,2,0.0
L1061,2290.0684,7,-176.197726,3,1.0
L1062,2289.819,1,-139.1405,1,0.0
L1063,2282.7054500000004,2,-198.06955000000002,1,1.0
L1064,2279.7558,1,-124.8696,1,1.0
L1065,2279.3965799999996,3,-288.82644,1,0.0
L1066,2279.1665,1,-127.5495,1,1.0
L1067,2271.17618,1,-102.209092,1,0.0
L1068,2270.1114199999997,2,-125.95701,1,0.0
L1069,2261.1535999999996,3,-104.5536,1,0.0
L1070,2255.1797,2,-367.321472,1,0.0
L1071,2253.251,3,-209.651387,1,1.0
L1072,2252.01431,1,-122.305905,1,1.0
L1073,2248.19505,1,-121.9869,1,1.0
L1074,2245.93908,1,-124.788048,1,1.0
L1075,2244.38314,6,-140.020518,3,0.0
L1076,2240.9654800000003,3,-156.78932,1,1.0
L1077,2238.04194,2,-699.089292,2,1.0
L1078,2234.6688000000004,1,-120.4672,1,1.0
L1079,2231.17776,1,-109.19376,1,0.0
L1080,2216.8651600000003,6,-166.81358699999998,5,1.0
L1081,2214.4521,3,-122.15028,1,1.0
L1082,2211.1913,5,-104.59784,2,0.0
L1083,2210.5170000000003,2,-373.632,1,1.0
L1084,2208.28074,2,-120.896028,1,1.0
L1085,2205.45024,5,-123.62410100000001,4,1.0
L1086,2201.26574,3,-121.74490599999999,3,1.0
L1087,2198.2799999999997,1,-899.037,1,1.0
L1088,2188.7832,1,-183.4856,1,1.0
L1089,2187.24312,1,-119.716399,1,1.0
L1090,2185.2546300000004,1,-101.03782,1,0.0
L1091,2184.974,1,-401.995,1,1.0
L1092,2182.11255,6,-117.546053,4,0.6666666666666666
L1093,2179.716,1,-121.9266,1,1.0
L1094,2173.26631,3,-326.515271,1,1.0
L1095,2171.2554999999998,2,-115.735748,1,1.0
L1096,2168.11661,2,-100.79141,1,0.0
L1097,2165.36647,3,-99.346123,1,0.0
L1098,2165.095,1,-99.475,1,0.0
L1099,2164.4,2,-100.548,1,0.0
L1100,2158.19278,4,-103.288159,1,0.0
L1101,2158.07411,2,-120.29029,1,1.0
L1102,2157.7212,1,-163.88964,1,1.0
L1103,2146.62132,5,-118.13678,5,0.8
L1104,2144.04047,4,-118.38302999999999,1,1.0
L1105,2139.0,1,-378.333,1,1.0
L1106,2133.64441,6,-122.70472,4,1.0
L1107,2132.66488,2,-866.945588,1,1.0
L1108,2130.0,1,-228.807,1,1.0
L1109,2113.65,1,-290.105508,1,1.0
L1110,2113.6101,1,-114.80707,1,1.0
L1111,2112.3829,2,-95.19978,1,0.0
L1112,2105.9038,1,-97.097,1,0.0
L1113,2102.13229,4,-114.79921,1,1.0
L1114,2099.70115,6,-387.01645,1,1.0
L1115,2097.6043,1,-97.60676,1,0.0
L1116,2097.18524,1,-97.5456,1,0.0
L1117,2096.28475,2,-112.48997,1,1.0
L1118,2095.8008200000004,4,-96.24598,1,0.0
L1119,2080.0377,1,34.76112,1,1.0
L1120,2077.25518,2,-115.632603,2,1.0
L1121,2076.57492,3,-167.888628,1,1.0
L1122,2076.2019999999998,1,-132.73533,1,0.0
L1123,2071.57538,2,-93.64573399999999,1,0.0
L1124,2069.75922,2,-174.54288,2,1.0
L1125,2068.09092,2,-143.04192,1,1.0
L1126,2067.36684,1,-112.2198,1,1.0
L1127,2065.793,3,-121.890498,3,1.0
L1128,2064.1275699999997,3,-96.211166,2,0.0
L1129,2062.5974,3,-117.0568,1,1.0
L1130,2058.6904799999998,1,-94.203494,1,0.0
L1131,2053.5575,1,-113.02637,1,1.0
L1132,2051.5717,3,-116.4228,1,1.0
L1133,2042.0178,7,-111.82205,1,1.0
L1134,2039.4902,1,-114.3989,1,1.0
L1135,2038.2592,1,-112.74562,1,1.0
L1136,2032.6465699999999,3,-114.243678,2,1.0
L1137,2024.25,3,-92.527,2,0.0
L1138,2022.965,2,-94.51393,1,0.0
L1139,2021.3763900000001,1,-112.381995,1,1.0
L1140,2016.6422699999998,3,-111.56419500000001,1,1.0
L1141,2009.532,1,-110.4376,1,1.0
L1142,2002.7669999999998,2,-2.596575,1,0.0
L1143,2002.6340800000003,2,-106.92112,2,1.0
L1144,1990.335,3,-79.091328,1,0.0
L1145,1989.8946600000002,1,-358.63254,1,1.0
L1146,1987.7200999999998,4,-108.815948,2,0.75
L1147,1980.0076800000002,2,-248.470656,1,1.0
L1148,1979.9558499999998,5,-106.26075,3,0.6
L1149,1979.10761,1,-109.68699,1,1.0
L1150,1974.69,1,-501.145575,1,1.0
L1151,1972.4535600000004,1,-91.2543,1,0.0
L1152,1971.5177,4,-16.721131,3,1.0
L1153,1965.54,1,-137.377757,1,1.0
L1154,1965.292,1,-134.162,1,1.0
L1155,1956.57,1,-131.78715,1,1.0
L1156,1954.62687,2,-106.08633,1,1.0
L1157,1947.7716299999997,1,-361.09787,1,1.0
L1158,1942.75,1,-106.97,1,1.0
L1159,1930.5511900000001,3,-107.15564599999999,2,0.6666666666666666
L1160,1927.92186,1,-103.187642,1,1.0
L1161,1926.46482,1,-104.554182,1,1.0
L1162,1923.14245,8,-923.19418,1,0.0
L1163,1918.20135,2,-99.822097,2,0.5
L1164,1917.6355799999997,1,-416.2011,1,0.0
L1165,1913.2643,1,-109.909356,1,1.0
L1166,1911.14,1,-89.06,1,0.0
L1167,1906.97905,2,-90.63615999999999,2,0.5
L1168,1904.62,1,-106.53,1,1.0
L1169,1904.5439999999999,1,-86.68521,1,0.0
L1170,1900.8778,3,-101.93405,1,1.0
L1171,1900.6416,1,-122.0544,1,1.0
L1172,1895.23246,2,-104.08452,2,1.0
L1173,1893.65248,2,-106.81344,1,1.0
L1174,1892.175,1,-450.87,1,1.0
L1175,1891.32048,2,-107.905266,1,1.0
L1176,1891.2525699999997,2,-346.56505500000003,2,1.0
L1177,1890.48426,2,-104.225061,1,1.0
L1178,1883.9979,1,-105.2046,1,1.0
L1179,1883.1552700000002,2,-85.19494900000001,1,0.0
L1180,1880.0964,3,-104.837008,3,1.0
L1181,1878.9323599999998,1,-128.291992,1,1.0
L1182,1878.87144,4,-339.71826,2,1.0
L1183,1876.3039599999997,2,-113.90644,2,1.0
L1184,1875.8268300000002,1,-200.189725,1,1.0
L1185,1875.0166800000002,3,-85.88482,3,0.0
L1186,1874.11,9,-103.6715,1,1.0
L1187,1873.6823,4,-240.02813,3,1.0
L1188,1872.2692000000002,6,-261.670952,4,0.3333333333333333
L1189,1870.7104000000002,1,-140.02368,1,1.0
L1190,1865.9899999999998,1,-94.99,1,0.0
L1191,1861.754,1,-102.860712,1,1.0
L1192,1858.40334,1,-337.55409,1,1.0
L1193,1854.8922400000001,1,-209.5136,1,0.0
L1194,1854.5595,1,-251.223225,1,1.0
L1195,1852.2124999999999,1,-107.2171,1,1.0
L1196,1852.1993900000002,5,-102.64746000000001,2,1.0
L1197,1845.7675,3,-101.7325,1,1.0
L1198,1845.075,1,-469.317,1,1.0
L1199,1843.36286,1,-347.484883,1,1.0
L1200,1832.43115,4,-102.58661000000001,1,1.0
L1201,1831.875,1,-100.625,1,1.0
L1202,1828.1353599999998,2,-98.53484,1,1.0
L1203,1827.3369000000002,9,-101.6931,2,1.0
L1204,1827.2023,1,-101.736292,1,1.0
L1205,1822.4607999999998,2,-99.97670000000001,2,0.5
L1206,1818.28303,3,-249.865052,2,1.0
L1207,1810.3108,3,-133.874136,2,1.0
L1208,1803.5071500000001,1,-96.151966,1,1.0
L1209,1800.85174,6,-114.077184,5,0.16666666666666666
L1210,1798.1242200000002,2,-347.079702,1,0.0
L1211,1795.31128,5,-130.78872,1,1.0
L1212,1788.2451500000002,4,-190.68406,1,1.0
L1213,1786.61463,1,-201.90517,1,1.0
L1214,1785.9984,1,-100.34859,1,1.0
L1215,1784.92396,1,-272.640225,1,1.0
L1216,1769.72618,1,-80.38722,1,0.0
L1217,1768.35848,7,-97.780464,7,1.0
L1218,1762.8665999999998,1,-94.48692,1,0.0
L1219,1761.9636,1,-98.501005,1,1.0
L1220,1751.19,1,-208.461281,1,0.0
L1221,1747.372,1,-118.567163,1,1.0
L1222,1742.2524000000003,1,-80.3166,1,0.0
L1223,1736.58044,5,-95.50540000000001,1,1.0
L1224,1733.7637399999999,4,-320.26276,1,1.0
L1225,1724.09445,4,-78.35445000000001,1,0.0
L1226,1720.97528,1,2.47912,1,1.0
L1227,1718.4691699999998,5,-169.41212,3,1.0
L1228,1717.9346700000003,2,-96.438486,1,1.0
L1229,1714.2453,1,-365.80448,1,1.0
L1230,1711.8584,2,-88.80312,2,0.5
L1231,1708.74572,2,-310.61987999999997,2,1.0
L1232,1705.35764,1,-332.49356,1,1.0
L1233,1704.3952,1,-92.062176,1,1.0
L1234,1702.1631,2,-135.940956,1,1.0
L1235,1698.78499,5,-94.203311,2,1.0
L1236,1696.00952,1,-95.409117,1,1.0
L1237,1695.4309700000001,1,-453.204795,1,1.0
L1238,1693.4311999999998,3,-158.163645,2,1.0
L1239,1691.81954,1,-92.688248,1,1.0
L1240,1687.5815499999999,3,-93.26715,3,0.6666666666666666
L1241,1685.55492,1,-308.86758,1,1.0
L1242,1685.47401,2,-93.711847,1,1.0
L1243,1683.1634999999999,2,-77.09457,1,0.0
L1244,1677.0253500000001,5,-91.065819,5,1.0
L1245,1676.30416,4,-110.61416000000001,1,1.0
L1246,1673.1148,3,-143.065733,1,1.0
L1247,1671.3382,3,-94.2296,1,1.0
L1248,1671.2879999999998,1,-93.624,1,1.0
L1249,1670.81347,5,-142.99847,1,1.0
L1250,1670.0533500000001,3,-93.06672,2,1.0
L1251,1667.45121,5,-168.31112299999998,1,0.0
L1252,1661.8959999999997,2,-124.29895,2,1.0
L1253,1660.5675,1,-76.5327,1,0.0
L1254,1657.8108,1,-129.63168,1,0.0
L1255,1651.23128,3,-305.72184,2,1.0
L1256,1649.4549,1,-88.4535,1,1.0
L1257,1649.176,1,-89.464,1,1.0
L1258,1647.51813,3,-84.42893000000001,2,0.3333333333333333
L1259,1645.23065,2,-89.84065000000001,1,1.0
L1260,1645.0186399999998,2,-319.380384,2,0.5
L1261,1637.2181999999998,1,-68.4168,1,0.0
L1262,1636.84951,4,-104.668405,2,1.0
L1263,1634.7258,1,-93.231081,1,1.0
L1264,1625.26091,2,-74.42943199999999,1,0.0
L1265,1623.924,1,-55.458,1,1.0
L1266,1623.5027,4,-91.66193200000001,1,1.0
L1267,1623.4875,3,-88.36994,1,1.0
L1268,1619.60007,1,-77.37004,1,0.0
L1269,1614.16869,4,-83.996425,1,1.0
L1270,1611.4087,3,-90.452936,1,1.0
L1271,1609.1272000000001,2,-89.5448,1,1.0
L1272,1608.31356,1,-89.621076,1,1.0
L1273,1602.31731,4,-88.067088,3,1.0
L1274,1601.7735,5,-89.117934,2,1.0
L1275,1601.39366,6,-84.66342,4,0.6666666666666666
L1276,1599.4028000000003,3,-88.941346,2,1.0
L1277,1598.7570399999997,3,-79.155091,2,0.3333333333333333
L1278,1598.68618,2,-128.24682,1,1.0
L1279,1597.0937,4,-124.72732,4,0.0
L1280,1593.39066,2,-87.94521800000001,2,1.0
L1281,1588.81349,2,-89.96188000000001,1,1.0
L1282,1588.7196000000001,1,-96.352542,1,1.0
L1283,1587.8104700000001,1,-211.37136,1,1.0
L1284,1587.68324,2,-88.18487999999999,2,1.0
L1285,1587.1085999999998,1,-165.4884,1,0.0
L1286,1583.97646,5,-87.44434000000001,1,1.0
L1287,1583.1850200000001,11,-87.062466,10,0.8181818181818182
L1288,1581.54148,5,-144.205884,3,1.0
L1289,1578.6624,1,-221.5488,1,1.0
L1290,1577.6724599999998,1,-85.55274,1,1.0
L1291,1572.3931499999999,1,-215.37395,1,1.0
L1292,1571.8719999999998,2,-72.3968,1,0.0
L1293,1567.08576,1,-72.802006,1,0.0
L1294,1565.866,2,-168.51871699999998,2,1.0
L1295,1565.3999999999999,1,-2.1495,1,1.0
L1296,1564.08913,5,-85.90889,3,0.8
L1297,1559.0995200000002,2,-84.691941,1,1.0
L1298,1555.50951,8,-197.694116,1,0.0
L1299,1545.00782,3,-86.23144,3,1.0
L1300,1541.0407,2,-82.454564,2,1.0
L1301,1533.1975699999998,2,-256.77357,1,0.0
L1302,1532.6829000000002,1,-166.968942,1,1.0
L1303,1531.9482,1,-81.0492,1,1.0
L1304,1531.05,4,-84.88944000000001,2,1.0
L1305,1529.8572,3,-74.8068,1,0.0
L1306,1529.2095000000002,4,-86.1315,1,1.0
L1307,1521.44644,2,-79.76716,2,1.0
L1308,1514.8875,1,-46.70225,1,1.0
L1309,1513.0743,1,-84.2022,1,1.0
L1310,1506.1068000000002,1,-84.251952,1,1.0
L1311,1503.86737,2,-83.388781,1,1.0
L1312,1502.33502,3,-100.983924,2,1.0
L1313,1502.18418,1,-94.02619,1,1.0
L1314,1497.1249,3,-133.38309999999998,3,1.0
L1315,1495.9129799999998,4,-83.354815,2,1.0
L1316,1494.0244,3,-84.10759999999999,1,1.0
L1317,1493.28868,1,-83.91754,1,1.0
L1318,1486.55784,2,-400.964607,2,1.0
L1319,1486.15798,2,-84.06827200000001,1,1.0
L1320,1483.53282,1,-81.95418,1,1.0
L1321,1480.98642,1,-80.337286,1,1.0
L1322,1478.09268,1,-83.171815,1,1.0
L1323,1475.2892000000002,1,-271.84388,1,1.0
L1324,1472.0948,1,-76.101982,1,1.0
L1325,1469.3596,1,-83.0484,1,1.0
L1326,1466.1297,1,-122.19039,1,1.0
L1327,1457.0477700000001,2,-80.89791,2,1.0
L1328,1455.93669,4,-183.48222,3,0.75
L1329,1455.9222300000001,2,-137.43483,2,0.0
L1330,1453.4554000000003,3,-137.4751,2,1.0
L1331,1452.87574,2,-79.3024,1,1.0
L1332,1452.4056000000003,1,-80.893944,1,1.0
L1333,1444.28407,5,-525.558098,1,1.0
L1334,1444.2792000000002,4,-73.247096,1,1.0
L1335,1441.58916,1,-78.80004,1,1.0
L1336,1431.61166,4,-79.41522,1,1.0
L1337,1423.65,1,-237.1965,1,1.0
L1338,1423.20778,8,-79.626578,3,1.0
L1339,1422.37018,4,-80.2095,1,1.0
L1340,1422.3535,1,-77.58575,1,1.0
L1341,1422.1680000000001,1,-77.484,1,1.0
L1342,1419.84,1,-579.3736,1,1.0
L1343,1419.6750000000002,1,-78.903225,1,1.0
L1344,1418.75284,5,-100.18847,1,0.0
L1345,1415.8691,2,392.32910000000004,1,1.0
L1346,1415.6965,2,-69.554575,1,0.0
L1347,1414.7346,1,-89.6954,1,1.0
L1348,1414.2123900000001,5,-82.12810999999999,5,1.0
L1349,1411.0880000000002,1,-79.51727,1,1.0
L1350,1410.8858999999998,5,-144.792921,5,1.0
L1351,1410.3481199999999,2,-89.4063,1,1.0
L1352,1409.45978,2,-78.8695,1,1.0
L1353,1401.59835,1,-85.15165,1,1.0
L1354,1399.1,1,-318.0785,1,1.0
L1355,1394.34288,2,-75.95232,1,1.0
L1356,1390.93397,2,-63.37397,1,0.0
L1357,1390.5804,1,-78.1044,1,1.0
L1358,1390.52946,4,-76.73154,2,1.0
L1359,1388.24128,1,-122.25392,1,1.0
L1360,1386.44802,1,-41.430508,1,1.0
L1361,1385.38785,2,-73.7688,2,0.5
L1362,1381.84652,5,-73.15859,2,0.2
L1363,1371.42372,2,-148.98543999999998,2,1.0
L1364,1367.0726900000002,3,-77.5619,1,1.0
L1365,1360.0760799999998,1,-74.58462,1,1.0
L1366,1354.5488,2,-75.071915,1,1.0
L1367,1352.7365599999998,2,-78.76371999999999,1,1.0
L1368,1351.34575,3,-75.54337000000001,2,1.0
L1369,1349.6630499999999,4,-96.52715,1,1.0
L1370,1339.9439399999997,2,-63.88767,2,0.0
L1371,1337.97159,3,-73.87828999999999,1,1.0
L1372,1335.62171,5,-86.97728000000001,3,0.0
L1373,1335.06034,1,-68.331376,1,0.0
L1374,1333.6976,1,-61.58624,1,0.0
L1375,1331.94876,1,-74.15478,1,1.0
L1376,1330.18266,2,-61.11434,1,0.0
L1377,1328.3676,4,-73.05606,1,1.0
L1378,1326.6453999999999,2,-226.80251,1,1.0
L1379,1326.41388,1,-125.91612,1,1.0
L1380,1325.7410399999999,1,-60.494148,1,0.0
L1381,1325.214,1,-73.839504,1,1.0
L1382,1324.9280999999999,1,-74.32392,1,1.0
L1383,1324.2567099999999,1,-64.791475,1,1.0
L1384,1324.148,1,-238.350972,1,1.0
L1385,1321.2406999999998,4,-62.319739999999996,1,0.0
L1386,1319.3204,1,-194.0246,1,1.0
L1387,1318.8617,3,-70.4834,2,1.0
L1388,1316.70145,1,-72.24075,1,1.0
L1389,1312.9987899999999,5,-69.34246999999999,4,0.8
L1390,1312.1816999999999,1,195.815568,1,0.0
L1391,1308.1038999999998,1,-536.542082,1,1.0
L1392,1305.43365,1,-72.90972,1,1.0
L1393,1304.3067099999998,5,-69.33622,1,1.0
L1394,1304.28758,3,-74.13185899999999,2,1.0
L1395,1300.8600000000001,1,-71.982,1,1.0
L1396,1298.4348,1,-141.10824,1,1.0
L1397,1298.30121,1,-100.858986,1,1.0
L1398,1294.49295,2,-54.720536,1,1.0
L1399,1289.5203800000002,8,-68.45004,6,1.0
L1400,1288.7420000000002,2,-151.427535,2,1.0
L1401,1286.8409800000002,1,-70.43911,1,1.0
L1402,1284.43378,4,-70.5685,2,1.0
L1403,1282.78898,3,-71.62331499999999,1,1.0
L1404,1281.86303,3,-300.71274300000005,2,1.0
L1405,1280.0240999999999,1,-66.713922,1,1.0
L1406,1279.55736,1,-70.55901,1,1.0
L1407,1271.18122,4,-69.69402000000001,2,0.75
L1408,1268.0779799999998,1,-57.269774,1,0.0
L1409,1265.28834,4,-77.21066400000001,4,1.0
L1410,1264.18208,2,-70.25718,2,1.0
L1411,1261.366,1,-479.0345,1,1.0
L1412,1261.25205,1,-141.164547,1,1.0
L1413,1261.2480999999998,1,-231.9999,1,1.0
L1414,1259.8529,1,-267.33227,1,1.0
L1415,1257.3319999999999,1,-132.58594,1,1.0
L1416,1256.6879999999999,3,-103.14,1,0.0
L1417,1250.3466,1,-510.5508,1,1.0
L1418,1238.53184,2,-58.574698,1,0.0
L1419,1237.61417,7,-71.03967,6,1.0
L1420,1232.52979,5,-112.492492,5,0.8
L1421,1232.45922,5,-124.80731399999999,1,1.0
L1422,1232.35649,1,-221.030591,1,1.0
L1423,1229.6149599999999,1,-95.1832,1,0.0
L1424,1227.08036,1,-66.22407,1,1.0
L1425,1224.78026,3,-67.38094,2,1.0
L1426,1217.055,1,-67.41637,1,1.0
L1427,1215.93285,1,-226.20114,1,1.0
L1428,1211.38173,1,-258.604746,1,0.0
L1429,1208.20747,3,-65.40253,1,1.0
L1430,1206.01305,1,-125.39945,1,1.0
L1431,1201.28895,3,-127.30905,2,1.0
L1432,1198.61304,4,-77.488792,3,1.0
L1433,1198.2849,1,-66.92657,1,1.0
L1434,1196.42272,1,-66.99948,1,1.0
L1435,1195.0369899999998,2,-53.684041,1,0.0
L1436,1191.3889000000001,1,-64.8055,1,1.0
L1437,1187.53419,1,-57.514581,1,1.0
L1438,1184.82432,1,-64.72704,1,1.0
L1439,1184.77607,2,-65.28923,1,1.0
L1440,1184.5658,1,-308.2112,1,1.0
L1441,1184.42407,2,-64.48793,1,1.0
L1442,1180.4924,1,-128.3493,1,1.0
L1443,1180.08303,3,-64.659378,1,1.0
L1444,1179.65731,6,-67.043685,5,1.0
L1445,1170.8400000000001,1,-64.2312,1,1.0
L1446,1170.51228,1,-64.48644,1,1.0
L1447,1168.8864,1,-103.483776,1,1.0
L1448,1164.42121,7,-63.572564,4,1.0
L1449,1161.6214400000001,1,-43.922088,1,1.0
L1450,1160.45302,2,-53.9332,2,0.0
L1451,1158.8816800000002,1,-62.98952,1,1.0
L1452,1156.6799999999998,1,-63.0504,1,1.0
L1453,1153.9589999999998,1,-92.81679,1,1.0
L1454,1152.7665000000002,3,-73.600272,3,0.6666666666666666
L1455,1151.9279800000002,1,-52.931748,1,0.0
L1456,1149.20512,3,-53.3721,2,0.0
L1457,1147.8108300000001,7,-63.899121,4,1.0
L1458,1146.12707,3,-62.77776999999999,1,1.0
L1459,1144.40973,2,-53.4495,1,0.0
L1460,1141.0259999999998,1,-63.56868,1,1.0
L1461,1140.5281999999997,1,-51.7598,1,0.0
L1462,1139.0994799999999,3,-53.076356000000004,1,0.0
L1463,1137.1107,1,-143.1579,1,0.0
L1464,1132.67679,7,-52.073985,4,0.0
L1465,1126.4638,1,-61.81868,1,1.0
L1466,1124.6235,2,-59.263985,2,0.0
L1467,1122.51532,4,-109.38029600000002,2,1.0
L1468,1122.5081400000001,1,-63.42414,1,1.0
L1469,1120.70555,1,-127.22915,1,1.0
L1470,1120.4287000000002,5,-56.14735,2,0.0
L1471,1119.67101,1,-262.003326,1,1.0
L1472,1118.89927,2,-61.757006,1,1.0
L1473,1118.878,1,-60.499,1,1.0
L1474,1117.16472,1,-63.15316,1,1.0
L1475,1116.99744,1,-86.062444,1,1.0
L1476,1116.1106,1,-206.026062,1,1.0
L1477,1115.31446,2,-61.71199,1,1.0
L1478,1111.1,1,-90.0483,1,1.0
L1479,1108.3,1,-68.7,1,1.0
L1480,1106.26854,1,-94.107,1,1.0
L1481,1105.54043,2,-68.651,2,1.0
L1482,1103.38686,1,-95.97141,1,1.0
L1483,1103.027,2,-61.388000000000005,1,1.0
L1484,1102.35,1,-522.549,1,1.0
L1485,1100.8158,1,-117.9969,1,1.0
L1486,1098.73218,2,-88.50267,2,1.0
L1487,1098.3673999999999,1,-61.472396,1,1.0
L1488,1093.9950000000001,1,-60.795,1,1.0
L1489,1091.3398399999999,2,-59.56252,2,1.0
L1490,1090.47672,6,-58.62507,6,0.6666666666666666
L1491,1088.0,1,-59.382,1,1.0
L1492,1085.3465999999999,1,-92.600073,1,1.0
L1493,1082.4981,1,-58.39824,1,1.0
L1494,1081.0752,1,-59.361,1,1.0
L1495,1077.281,2,-116.765425,1,1.0
L1496,1073.73277,1,-50.208895,1,0.0
L1497,1072.25238,1,-59.76318,1,1.0
L1498,1069.34712,2,-473.14367400000003,1,1.0
L1499,1067.7485000000001,2,-59.0135,1,1.0
L1500,1065.41706,2,-59.6051,1,1.0
L1501,1065.056,1,-73.919136,1,0.0
L1502,1062.6607999999999,1,-57.8908,1,1.0
L1503,1062.5615,1,-60.1612,1,1.0
L1504,1060.598,1,-62.177,1,0.0
L1505,1059.73822,1,-51.55741,1,0.0
L1506,1056.20034,2,-56.35446,1,1.0
L1507,1054.9384599999998,5,-55.609669000000004,5,0.6
L1508,1054.76875,2,-58.88328,2,1.0
L1509,1054.3923,2,-59.0881,1,1.0
L1510,1051.29929,4,-49.292505,2,0.0
L1511,1051.1424000000002,1,-52.58484,1,0.0
L1512,1050.26231,7,-50.805930000000004,1,0.0
L1513,1049.42575,1,-50.3315,1,0.0
L1514,1049.31396,1,-49.83012,1,0.0
L1515,1048.66128,1,-48.20418,1,0.0
L1516,1047.36096,1,-57.39692,1,1.0
L1517,1037.13462,2,-73.09461999999999,2,0.0
L1518,1035.9156,3,-190.89960000000002,1,1.0
L1519,1034.7749999999999,1,-49.6125,1,0.0
L1520,1033.8841,2,-50.071854,2,1.0
L1521,1032.8503699999999,1,-33.49571,1,0.0
L1522,1030.27147,6,-57.417082,4,1.0
L1523,1030.26025,4,-56.76444,3,1.0
L1524,1027.73944,1,-47.63542,1,0.0
L1525,1026.82558,2,-47.89438,1,0.0
L1526,1024.9526,1,-57.687,1,1.0
L1527,1024.164,1,-56.02104,1,1.0
L1528,1023.21042,2,-52.912136,2,1.0
L1529,1022.0044,2,-48.101600000000005,1,0.0
L1530,1021.3125,1,-83.07975,1,0.0
L1531,1019.1,1,-46.60942,1,0.0
L1532,1014.7728000000001,1,-258.056384,1,1.0
L1533,1013.9472,2,-48.263040000000004,1,0.0
L1534,1012.3756000000001,3,-104.68064999999999,1,1.0
L1535,1009.3038,1,-442.7594,1,1.0
L1536,1007.41228,6,-56.379882,1,1.0
L1537,1006.5573,2,-127.549226,2,1.0
L1538,1003.6,1,-139.8,1,1.0
L1539,1001.1953299999999,3,-61.06036,3,1.0
L1540,997.9956,1,-52.98546,1,1.0
L1541,997.52397,4,-52.61157,2,0.5
L1542,996.5167600000001,5,-54.399988,4,1.0
L1543,992.5468,1,-55.40164,1,1.0
L1544,988.665,1,-46.9995,1,1.0
L1545,988.05783,2,-53.104175,1,1.0
L1546,987.4480000000001,1,-53.8608,1,1.0
L1547,986.011,1,-44.33413,1,0.0
L1548,984.93488,1,-57.814848,1,1.0
L1549,982.9763499999999,7,-47.267053000000004,4,0.14285714285714285
L1550,982.29452,2,-54.64864,1,1.0
L1551,981.9497000000001,1,44.09684,1,1.0
L1552,981.51073,2,-45.91738,1,0.0
L1553,975.39247,8,-50.974046,8,0.5
L1554,973.42318,2,-63.137338,1,1.0
L1555,972.71532,2,-52.690335,2,1.0
L1556,971.8077599999999,2,-121.80776,1,0.0
L1557,969.8872299999999,2,-69.42018,1,1.0
L1558,967.0384100000001,3,-53.585383,3,1.0
L1559,965.11,1,-44.55,1,0.0
L1560,964.392,1,-44.968,1,0.0
L1561,958.1871,2,-51.3019,1,1.0
L1562,954.22413,1,-154.39986,1,0.0
L1563,954.19272,2,-51.10728,2,1.0
L1564,951.1098,1,-98.952762,1,1.0
L1565,950.1258300000001,3,-53.6303,2,1.0
L1566,949.42093,1,-49.86961,1,1.0
L1567,948.9606400000001,1,-53.24368,1,1.0
L1568,948.4410399999999,1,-456.36724,1,0.0
L1569,948.4161,1,-51.2808,1,1.0
L1570,948.3352,1,-51.6402,1,1.0
L1571,948.28852,1,-51.971573,1,1.0
L1572,948.1031999999999,1,-51.4008,1,1.0
L1573,948.0354299999999,6,-51.23717,1,1.0
L1574,947.757,1,-52.4295,1,1.0
L1575,947.61499,3,-51.741444,1,1.0
L1576,947.0868,1,-53.1948,1,1.0
L1577,947.0124000000001,1,-51.556896,1,1.0
L1578,946.8942,1,-53.2777,1,1.0
L1579,946.4580000000001,1,-52.536222,1,1.0
L1580,946.4521,1,-53.2398,1,1.0
L1581,945.04863,5,-52.074870000000004,1,1.0
L1582,944.82795,1,-55.4466,1,1.0
L1583,942.90328,2,-52.388017,1,1.0
L1584,942.9031,1,-52.383922,1,1.0
L1585,941.27161,4,-58.34109,1,1.0
L1586,939.27859,2,-51.504728,1,1.0
L1587,937.8252,1,-42.71004,1,0.0
L1588,937.44288,1,-52.016152,1,1.0
L1589,937.4396,1,-42.9039,1,1.0
L1590,936.44,2,-52.3,1,1.0
L1591,936.4239,1,-51.36909,1,1.0
L1592,933.1255999999998,1,-51.1888,1,1.0
L1593,932.8935,1,-50.682765,1,1.0
L1594,930.2446,3,-83.45666,2,0.6666666666666666
L1595,930.177,1,-42.8076,1,0.0
L1596,929.936,1,-54.403878,1,1.0
L1597,929.92144,1,-52.18136,1,1.0
L1598,929.451,1,-49.7951,1,1.0
L1599,928.78014,1,-52.49262,1,1.0
L1600,927.42992,1,-264.56408,1,1.0
L1601,926.89134,1,-50.072582,1,1.0
L1602,924.8237000000001,2,-53.889857000000006,2,1.0
L1603,922.8278399999999,1,-72.42096,1,0.0
L1604,922.7582,2,-50.27896,2,1.0
L1605,922.22357,2,-51.168319000000004,1,1.0
L1606,920.0307600000001,5,-50.209789,4,1.0
L1607,918.6943200000001,3,-42.70498,3,0.3333333333333333
L1608,918.20023,1,-42.06259,1,0.0
L1609,916.5039999999999,1,-51.05232,1,1.0
L1610,914.27886,1,-111.53076,1,1.0
L1611,913.5705,5,-28.6494,1,1.0
L1612,913.33789,3,-151.41114000000002,1,1.0
L1613,908.696,1,-113.684,1,0.0
L1614,908.6215,1,-171.14835,1,1.0
L1615,907.5371,2,-41.78335,1,0.0
L1616,907.2329399999999,2,-50.0283,2,1.0
L1617,904.85378,8,-50.400074,7,1.0
L1618,902.7866799999999,2,-51.58929,1,1.0
L1619,901.8817300000001,5,-48.986383000000004,4,1.0
L1620,901.7223,1,-228.30789,1,1.0
L1621,899.79361,1,-41.4981,1,0.0
L1622,893.9163,1,-164.895421,1,1.0
L1623,893.198,1,-60.44945,1,0.0
L1624,892.7577200000002,1,-42.21698,1,0.0
L1625,892.6524000000001,1,-47.82456,1,1.0
L1626,890.9114400000001,2,-46.773904,1,0.5
L1627,890.1518,1,-40.92478,1,0.0
L1628,889.5592599999999,1,-41.212485,1,0.0
L1629,888.57836,3,-49.090174000000005,1,1.0
L1630,886.20774,6,-48.509965,5,1.0
L1631,886.04016,1,-157.765168,1,1.0
L1632,882.48262,2,-112.13149600000001,1,0.0
L1633,880.17945,2,-357.42055,1,1.0
L1634,874.39816,1,-48.001856,1,1.0
L1635,873.0909200000001,3,-122.05802800000001,2,1.0
L1636,873.0673,1,-48.4194,1,1.0
L1637,870.81925,1,-47.708045,1,1.0
L1638,869.8643999999999,2,-47.902874999999995,2,1.0
L1639,868.29,1,-53.49,1,1.0
L1640,866.32773,1,-48.8551,1,1.0
L1641,864.35508,2,-63.582936000000004,2,1.0
L1642,862.241,4,-47.572,4,1.0
L1643,861.4521,3,-50.2533,3,0.6666666666666666
L1644,860.7598999999999,1,-349.604255,1,1.0
L1645,860.3199999999999,1,-47.4874,1,1.0
L1646,859.99104,1,-72.327168,1,1.0
L1647,855.4791,1,-45.9162,1,1.0
L1648,853.3421799999999,3,-32.750846,1,1.0
L1649,853.03692,2,-47.272400000000005,2,1.0
L1650,849.384,1,-47.205296,1,1.0
L1651,845.856,1,-38.11968,1,0.0
L1652,844.7270399999999,1,-153.328896,1,1.0
L1653,844.49988,1,-337.06092,1,1.0
L1654,844.1544799999999,1,-44.71688,1,1.0
L1655,842.5372600000001,3,-83.21300600000001,3,0.6666666666666666
L1656,842.367,1,-46.41941,1,1.0
L1657,841.2547000000001,1,-45.809101,1,1.0
L1658,840.125,1,-119.2343,1,1.0
L1659,834.7528000000001,1,-58.06856,1,1.0
L1660,832.0929100000001,3,-104.7607,1,0.0
L1661,831.51752,4,-43.691563,3,0.25
L1662,831.09708,1,-77.991672,1,1.0
L1663,829.5883200000001,1,-44.783563,1,1.0
L1664,828.4753400000001,1,-151.425582,1,1.0
L1665,828.4185,1,-38.887625,1,0.0
L1666,827.23212,2,-40.667835,2,0.5
L1667,825.9971800000001,2,-46.36002,1,1.0
L1668,824.1295600000001,1,-99.096742,1,0.0
L1669,823.83609,1,-44.60451,1,1.0
L1670,823.3338200000002,4,-45.61018,1,1.0
L1671,818.677,1,-44.714,1,1.0
L1672,817.70773,3,-154.45745399999998,1,1.0
L1673,815.3475699999999,1,-36.822175,1,0.0
L1674,814.26213,2,-38.274464,1,0.0
L1675,813.58831,1,-45.2838,1,1.0
L1676,811.19572,2,-132.105912,2,0.0
L1677,810.28464,1,-44.02376,1,1.0
L1678,810.1579999999999,3,-68.87758,3,1.0
L1679,808.0,1,-104.31,1,1.0
L1680,805.4195,1,-43.806,1,1.0
L1681,804.58875,1,-43.84674,1,1.0
L1682,802.5266099999999,2,-44.99517,1,1.0
L1683,801.4734,1,-195.8796,1,1.0
L1684,801.44178,1,-1.647288,1,0.0
L1685,800.61976,1,-85.273496,1,1.0
L1686,799.22815,1,-40.61708,1,1.0
L1687,798.9816999999999,1,-44.7359,1,1.0
L1688,796.4354999999999,1,-43.5512,1,1.0
L1689,796.1128,1,-144.108249,1,1.0
L1690,793.5586000000001,5,-67.26354,3,0.6
L1691,790.5844999999999,2,-36.728796,1,0.0
L1692,789.52912,1,-42.71088,1,1.0
L1693,788.89011,3,-43.70353,1,1.0
L1694,786.78969,4,-99.69269,1,0.0
L1695,784.2364,1,-36.068954,1,0.0
L1696,783.71574,3,-44.78409,1,0.0
L1697,783.3653999999999,1,-43.3458,1,1.0
L1698,783.0104,1,-38.3098,1,0.0
L1699,782.433,2,-43.2702,1,1.0
L1700,782.3990899999999,1,-317.236172,1,1.0
L1701,778.62382,3,-76.867317,3,1.0
L1702,778.19112,1,-38.23554,1,0.0
L1703,777.308,1,-89.03258,1,1.0
L1704,773.4737700000001,2,-42.73758,1,1.0
L1705,772.493,2,-37.733450000000005,1,0.0
L1706,770.9890700000001,2,-107.652761,2,1.0
L1707,768.5493,1,-42.4212,1,1.0
L1708,768.39285,1,-300.62565,1,1.0
L1709,766.9305,1,-42.4375,1,1.0
L1710,765.81904,1,-232.90176,1,1.0
L1711,764.014,1,-216.2101,1,1.0
L1712,763.7664,1,-88.2864,1,1.0
L1713,763.11312,1,-82.567254,1,1.0
L1714,762.6820000000001,1,-97.369025,1,0.0
L1715,760.39,1,-42.568,1,1.0
L1716,760.33964,4,-42.52066,1,1.0
L1717,760.1437000000001,1,-42.10272,1,1.0
L1718,758.4196099999999,2,-43.007799999999996,1,1.0
L1719,758.268,1,-80.835,1,1.0
L1720,757.7600000000001,1,-41.9944,1,1.0
L1721,756.5293999999999,1,-43.0974,1,1.0
L1722,753.47408,2,-180.50287600000001,2,1.0
L1723,753.063,1,-45.522531,1,1.0
L1724,752.7284999999999,1,-41.31441,1,1.0
L1725,752.5720099999999,2,-63.23001,1,1.0
L1726,752.1360000000001,1,-63.40224,1,1.0
L1727,751.74785,1,-171.261655,1,1.0
L1728,751.05834,1,-65.757276,1,1.0
L1729,750.6162,1,-41.22,1,1.0
L1730,749.39785,1,-105.23937,1,1.0
L1731,747.53496,1,-41.515575,1,1.0
L1732,746.2334900000001,6,-39.28991,4,0.8333333333333334
L1733,746.16,1,-107.173,1,1.0
L1734,743.32314,1,-47.42374,1,1.0
L1735,742.104,1,-41.514,1,1.0
L1736,739.6856399999999,2,-135.395688,1,1.0
L1737,739.05564,2,-40.28526,2,1.0
L1738,737.5766,1,-61.5636,1,1.0
L1739,736.76254,5,-40.77648,2,1.0
L1740,730.38108,1,-40.69494,1,1.0
L1741,729.36,1,-40.92,1,1.0
L1742,728.94588,2,-39.96892,2,1.0
L1743,728.826,1,-44.488,1,0.0
L1744,728.72113,2,-47.841743,2,1.0
L1745,728.2553399999999,2,-32.92398,1,0.0
L1746,726.29198,2,-74.43102,2,1.0
L1747,724.96775,1,-40.25749,1,1.0
L1748,724.22397,3,-40.630672,2,1.0
L1749,723.3012,1,-39.8524,1,1.0
L1750,720.9218999999999,4,-34.729459,4,0.25
L1751,720.6092,3,-73.30733599999999,2,1.0
L1752,720.51,1,-266.23,1,1.0
L1753,718.1866399999999,2,149.75009599999998,1,1.0
L1754,717.8634999999999,1,-39.3229,1,1.0
L1755,717.4993000000001,1,-39.5857,1,1.0
L1756,717.2199999999999,2,-44.284099999999995,1,1.0
L1757,709.94628,3,-36.90308,3,1.0
L1758,709.07,1,-40.01,1,1.0
L1759,708.2898,3,-39.45003,1,1.0
L1760,706.3201799999999,2,-32.560688,1,0.0
L1761,704.4256,1,-37.368192,1,1.0
L1762,702.108,2,-32.5116,1,0.0
L1763,701.32433,1,-39.05167,1,1.0
L1764,701.2714,2,-42.07065,2,0.5
L1765,700.5411,1,-38.621862,1,1.0
L1766,700.2700199999999,1,-27.979236,1,1.0
L1767,696.89798,1,-38.44,1,1.0
L1768,696.2541,2,-38.275059999999996,2,1.0
L1769,694.9902,2,-46.90347,1,1.0
L1770,693.6971,2,-39.0291,2,1.0
L1771,691.39917,1,-92.22714,1,1.0
L1772,685.1711,1,-60.2906,1,1.0
L1773,684.9477,1,-32.308137,1,0.0
L1774,684.3824000000001,1,-37.2476,1,1.0
L1775,684.04962,2,-71.44504,2,0.5
L1776,683.67667,4,-31.760607999999998,2,0.0
L1777,683.63296,3,-37.007376,2,0.3333333333333333
L1778,681.952,1,-125.89104,1,1.0
L1779,681.90792,3,-37.646814000000006,3,0.3333333333333333
L1780,679.7997,3,-23.676000000000002,2,1.0
L1781,679.32139,2,-72.32135,2,1.0
L1782,678.95217,4,-95.36113499999999,2,0.0
L1783,678.8279000000001,1,-106.578079,1,1.0
L1784,678.5904,1,-153.276672,1,1.0
L1785,678.433,1,-206.9844,1,0.0
L1786,677.50622,1,-32.23114,1,0.0
L1787,674.3657800000001,3,-71.18422,1,1.0
L1788,673.8167400000001,1,-397.57521,1,1.0
L1789,670.41862,2,-54.29138,1,1.0
L1790,668.9860400000001,2,-36.398275,1,1.0
L1791,666.7177,1,-87.5501,1,1.0
L1792,665.7484,1,-37.1998,1,1.0
L1793,665.04807,2,-30.443862000000003,2,0.0
L1794,664.6505,4,-34.26943,3,0.25
L1795,664.5147999999999,3,-36.001202,2,1.0
L1796,664.4352,1,-38.1264,1,1.0
L1797,664.08019,2,-79.335132,1,1.0
L1798,663.117,1,-36.63387,1,1.0
L1799,662.0435600000001,1,-115.126745,1,1.0
L1800,661.48296,1,-36.859248,1,1.0
L1801,660.06,2,-37.4784,1,1.0
L1802,658.665,1,-37.023,1,1.0
L1803,658.5828,4,-36.822028,2,1.0
L1804,655.69383,3,-36.22311,1,1.0
L1805,654.89872,1,-33.246945,1,0.0
L1806,654.8842999999999,1,-30.1687,1,0.0
L1807,654.3720000000001,1,-44.7534,1,1.0
L1808,653.9961999999999,3,-36.398900000000005,3,1.0
L1809,652.9357500000001,3,-35.241279,2,1.0
L1810,652.68405,2,-56.44395,1,1.0
L1811,652.5388800000001,1,-36.61623,1,1.0
L1812,651.9009,1,-120.511335,1,1.0
L1813,649.9075399999999,2,-35.76451,1,1.0
L1814,649.22112,1,-35.973816,1,1.0
L1815,645.2634,2,-34.55642,1,1.0
L1816,641.1992000000001,1,-29.5936,1,0.0
L1817,640.87407,1,-39.766941,1,1.0
L1818,640.4200000000001,1,-29.31555,1,0.0
L1819,634.533,1,-117.689,1,1.0
L1820,634.2006,1,-115.523292,1,1.0
L1821,632.78642,1,-35.79996,1,1.0
L1822,632.5761200000001,1,-116.46088,1,1.0
L1823,632.2714500000001,2,-35.45256,1,1.0
L1824,631.0071999999999,1,-35.197,1,1.0
L1825,629.97935,1,-35.2066,1,1.0
L1826,627.91146,1,-29.272698,1,0.0
L1827,626.62799,7,-34.300086,4,1.0
L1828,625.4741999999999,1,-34.5878,1,1.0
L1829,625.4637600000001,1,-34.18608,1,1.0
L1830,624.86312,1,-28.318346,1,0.0
L1831,623.91348,1,-28.134054,1,0.0
L1832,623.56531,1,-34.50854,1,1.0
L1833,620.375,1,-262.52625,1,1.0
L1834,618.3177400000001,2,-28.892850000000003,1,0.0
L1835,616.5936,4,-33.85871,3,1.0
L1836,615.3595,1,-34.008,1,1.0
L1837,615.03585,1,-93.0787,1,1.0
L1838,614.96388,2,-36.86076,1,1.0
L1839,614.4000000000001,2,-240.6,1,1.0
L1840,612.90456,1,-28.93494,1,0.0
L1841,610.536,1,-32.464,1,1.0
L1842,610.2558,1,-33.9031,1,1.0
L1843,608.1528000000001,1,-34.547616,1,1.0
L1844,607.6412700000001,4,-55.693264,4,1.0
L1845,606.6024,1,-65.537763,1,1.0
L1846,605.32989,5,-28.677588999999998,5,0.2
L1847,604.2,1,-184.38,1,0.0
L1848,603.6384,1,-58.769428,1,1.0
L1849,602.514,1,-35.0124,1,1.0
L1850,599.77088,2,-27.743949,2,0.0
L1851,598.22652,1,-107.63928,1,1.0
L1852,598.17297,4,-32.280018,2,1.0
L1853,596.666,1,-234.701852,1,1.0
L1854,593.85708,4,-32.367,3,1.0
L1855,592.5798000000001,1,-33.5886,1,1.0
L1856,590.427,1,-32.51094,1,1.0
L1857,590.1492000000001,1,-27.7608,1,0.0
L1858,584.6818000000001,4,-42.508894,2,1.0
L1859,581.5746600000001,1,-75.49437,1,0.0
L1860,581.3054000000001,1,-29.76542,1,1.0
L1861,580.82271,1,-105.69689,1,1.0
L1862,580.60037,1,-32.690904,1,1.0
L1863,580.33,1,-26.554355,1,0.0
L1864,579.10032,1,-32.06124,1,1.0
L1865,578.543,1,-119.6979,1,1.0
L1866,577.8849999999999,1,-163.8147,1,1.0
L1867,577.47456,1,-33.314944,1,1.0
L1868,576.8707999999999,2,-32.054646,2,1.0
L1869,576.1725299999999,1,-32.431752,1,1.0
L1870,574.62531,3,-26.601456,1,0.0
L1871,574.0495099999999,2,-26.26951,1,0.0
L1872,572.26652,5,-28.10827,3,0.2
L1873,571.8484199999999,1,-28.03086,1,1.0
L1874,571.16505,1,-26.0173,1,0.0
L1875,570.77568,1,-71.90388,1,0.0
L1876,570.2604,1,-71.69004,1,0.0
L1877,569.7336000000001,1,-30.9686,1,1.0
L1878,568.86643,2,-30.16299,2,1.0
L1879,568.8485000000001,4,-25.818707,1,0.0
L1880,568.0684,1,-30.916,1,1.0
L1881,567.23135,1,-50.7297,1,0.0
L1882,566.2956,3,-31.6116,1,1.0
L1883,565.74848,3,-30.55522,2,1.0
L1884,564.2601999999999,2,-48.10805,1,1.0
L1885,563.3275,1,1.37764,1,0.0
L1886,563.2584,2,-30.5176,1,1.0
L1887,557.95636,4,-28.042606,3,0.0
L1888,557.712,1,-126.288,1,1.0
L1889,554.8101,1,-29.8623,1,0.0
L1890,554.5618,1,-25.9844,1,0.0
L1891,553.0671199999999,2,-26.03424,1,0.0
L1892,552.41368,1,-24.83208,1,0.0
L1893,549.9131100000001,6,-30.214854,1,1.0
L1894,549.49776,1,-144.34121,1,1.0
L1895,549.3193,3,-77.088148,2,1.0
L1896,547.75419,2,-30.63561,2,0.5
L1897,547.27845,1,-30.5993,1,1.0
L1898,547.1188,3,-27.670816000000002,1,0.0
L1899,546.6396000000001,2,-26.829900000000002,1,0.0
L1900,546.57651,1,-29.071158,1,1.0
L1901,546.45425,1,-219.029025,1,1.0
L1902,546.44192,3,-81.58158,2,1.0
L1903,545.81554,2,-46.083866,2,1.0
L1904,544.8874900000001,1,-24.811451,1,0.0
L1905,543.456,1,-30.291008,1,1.0
L1906,540.69228,3,-30.022095999999998,2,1.0
L1907,535.55,1,-25.05,1,0.0
L1908,535.236,1,-24.02076,1,0.0
L1909,534.38039,1,-86.429936,1,1.0
L1910,532.3921399999999,6,-29.301865,6,1.0
L1911,531.64128,2,-25.143176,2,0.0
L1912,531.4884,1,-24.1635,1,0.0
L1913,530.05388,2,-24.925179999999997,2,0.0
L1914,526.5260000000001,1,-72.7458,1,1.0
L1915,526.194,1,-213.194916,1,1.0
L1916,526.1918000000001,1,-23.699942,1,0.0
L1917,525.8053600000001,3,-24.273359999999997,2,0.0
L1918,525.144,1,-29.464,1,1.0
L1919,523.428,1,-214.8408,1,1.0
L1920,522.7432200000001,1,-24.37167,1,0.0
L1921,520.50891,2,-70.357042,1,1.0
L1922,520.42841,2,-39.55092,2,1.0
L1923,520.326,1,-28.98507,1,1.0
L1924,520.3150999999999,1,2.93584,1,1.0
L1925,517.91196,1,-27.900912,1,1.0
L1926,517.7904000000001,2,-28.94102,2,1.0
L1927,517.58868,1,-96.47154,1,1.0
L1928,517.13051,2,-71.55476,2,1.0
L1929,516.45,1,-96.25,1,1.0
L1930,512.99259,1,-24.08934,1,0.0
L1931,511.42143000000004,1,-25.2152,1,1.0
L1932,510.6046,6,-27.893768,2,1.0
L1933,510.36427,3,-23.846161000000002,1,0.0
L1934,509.9484299999999,2,-23.40441,1,0.0
L1935,509.07347999999996,1,-28.70268,1,1.0
L1936,508.23882,1,-93.19347,1,1.0
L1937,507.22153,3,-25.50393,3,0.6666666666666666
L1938,506.72736000000003,1,-28.42504,1,1.0
L1939,506.1604,2,-41.547200000000004,2,1.0
L1940,505.61129999999997,1,-28.66743,1,1.0
L1941,504.88877,6,-27.786732999999998,6,1.0
L1942,502.584,1,-22.98264,1,0.0
L1943,501.64347,2,-27.8282,1,1.0
L1944,500.7861,2,-44.229352000000006,2,1.0
L1945,500.64000000000004,1,-54.00864,1,1.0
L1946,497.213,1,50.84319,1,1.0
L1947,497.1972099999999,3,-27.38344,1,1.0
L1948,496.44978000000003,1,-27.131497,1,1.0
L1949,495.99080000000004,2,-27.327612,2,1.0
L1950,494.91850999999997,3,-27.337391,2,1.0
L1951,494.5265,1,-150.1448,1,1.0
L1952,493.90000000000003,1,-28.3319,1,1.0
L1953,492.97068,1,-26.938032,1,1.0
L1954,488.64654999999993,2,-27.1836,2,1.0
L1955,488.21130000000005,1,11.3487,1,0.0
L1956,487.4438400000001,1,-198.32196,1,1.0
L1957,487.0454,1,-76.266204,1,1.0
L1958,486.97300000000007,1,-26.390396,1,1.0
L1959,485.809,1,-4.03194,1,0.0
L1960,485.68609000000004,2,-26.47501,1,1.0
L1961,485.244,1,-26.6976,1,1.0
L1962,482.81989999999996,2,-24.807446,1,1.0
L1963,482.71887,2,-26.68572,1,1.0
L1964,482.30172000000005,1,-37.93284,1,1.0
L1965,475.22639999999996,1,-169.092276,1,1.0
L1966,475.15515,1,-24.9813,1,1.0
L1967,474.94839,1,-25.63281,1,1.0
L1968,473.85378000000003,1,-27.36846,1,1.0
L1969,473.44259,3,-26.168788,2,1.0
L1970,473.37605,1,-26.42395,1,1.0
L1971,473.2756,1,-26.190836,1,1.0
L1972,473.043,2,-51.425850000000004,1,1.0
L1973,472.668,1,-26.166,1,1.0
L1974,472.41720000000004,1,-25.9652,1,1.0
L1975,470.82976,2,-25.976528000000002,1,1.0
L1976,470.77610000000004,1,-10.56998,1,1.0
L1977,470.47247999999996,1,-40.15432,1,1.0
L1978,470.4539,1,-25.6711,1,1.0
L1979,469.852,1,-26.0782,1,1.0
L1980,469.67,1,-26.25127,1,1.0
L1981,469.60122,5,-25.505560000000003,4,1.0
L1982,468.73088,2,-44.513220000000004,2,0.0
L1983,468.40617,1,-121.764006,1,1.0
L1984,468.36128,1,-26.384058,1,1.0
L1985,468.072,1,-31.372,1,1.0
L1986,467.043,1,-25.7757,1,1.0
L1987,466.767,1,-28.3836,1,1.0
L1988,466.63243,2,-80.36757,1,1.0
L1989,466.19568,1,-50.70904,1,0.0
L1990,465.1637,1,-25.7513,1,1.0
L1991,464.88,1,-26.182,1,1.0
L1992,464.57207999999997,1,-20.922552,1,0.0
L1993,464.56125000000003,1,-121.5309,1,1.0
L1994,462.85176,1,-36.57352,1,1.0
L1995,462.61487999999997,2,-25.40582,1,1.0
L1996,460.7642599999999,1,-25.757992,1,1.0
L1997,460.04600000000005,1,-62.1736,1,1.0
L1998,459.94614,3,-25.93036,3,1.0
L1999,459.775,1,-31.82,1,1.0
L2000,459.11404000000005,1,-86.25276,1,1.0
L2001,456.80121,2,-25.911839999999998,2,1.0
L2002,454.938,1,-20.5326,1,0.0
L2003,454.57574999999997,2,-31.831850000000003,2,0.5
L2004,452.89214,1,-47.08786,1,1.0
L2005,452.405,1,-63.895,1,1.0
L2006,452.0484,1,-45.4914,1,0.0
L2007,451.73436,1,-24.68004,1,1.0
L2008,451.483,1,-82.458,1,1.0
L2009,449.12635,1,-24.67365,1,1.0
L2010,449.03647,4,-25.17953,1,1.0
L2011,448.2254,1,-20.696004,1,0.0
L2012,447.925,1,-32.175,1,1.0
L2013,447.7592000000001,1,-21.39032,1,0.0
L2014,447.66085000000004,1,-59.2501,1,0.0
L2015,447.6,1,-24.4,1,1.0
L2016,447.35886000000005,2,-80.79216600000001,1,1.0
L2017,446.4734000000001,1,-24.306214,1,1.0
L2018,443.63620000000003,1,-23.89716,1,1.0
L2019,443.586,1,-61.15593,1,1.0
L2020,443.058,1,-23.6736,1,1.0
L2021,442.86,1,-147.03678,1,1.0
L2022,442.7132,1,-24.0948,1,1.0
L2023,442.56206999999995,1,-81.54423,1,1.0
L2024,442.35696,2,-24.382573,2,1.0
L2025,441.9765,1,-21.39372,1,0.0
L2026,440.38767,2,-38.60769,2,0.5
L2027,439.74152999999995,1,-77.85117,1,1.0
L2028,438.84636,1,-81.09,1,1.0
L2029,438.18845,1,-60.7624,1,1.0
L2030,436.7754,1,-81.1573,1,1.0
L2031,436.338,1,-52.542,1,1.0
L2032,434.24,1,-81.722,1,1.0
L2033,434.03849999999994,1,-132.255018,1,0.0
L2034,431.46599999999995,1,-79.8,1,1.0
L2035,430.95366,10,-20.034216,1,0.0
L2036,429.72397,2,-19.96416,1,0.0
L2037,429.18661999999995,2,-23.6985,2,1.0
L2038,428.1095,1,-19.94265,1,0.0
L2039,427.5501,1,-26.9382,1,1.0
L2040,425.3553,3,-28.632599999999996,1,1.0
L2041,425.26218,1,-174.57552,1,1.0
L2042,425.14527999999996,3,-23.594693000000003,1,1.0
L2043,424.74993000000006,1,-23.37126,1,1.0
L2044,424.64916000000005,6,-21.909126,1,1.0
L2045,424.20304000000004,1,-23.245312,1,1.0
L2046,423.23319999999995,1,-78.2417,1,1.0
L2047,422.51,1,-77.02332,1,1.0
L2048,422.36225,1,-44.38041,1,1.0
L2049,422.307,1,-19.8891,1,0.0
L2050,421.933,1,-77.8502,1,1.0
L2051,421.37151,1,-77.36329,1,1.0
L2052,421.2760099999999,1,-78.65673,1,1.0
L2053,420.6585,1,-78.2133,1,1.0
L2054,420.61859999999996,1,-23.909625,1,1.0
L2055,419.56507999999997,1,-77.322872,1,1.0
L2056,419.2862399999999,1,-140.93216,1,1.0
L2057,418.81003999999996,1,-7.772556,1,0.0
L2058,418.72319999999996,1,-46.812096,1,0.0
L2059,415.998,3,-63.44297,2,0.3333333333333333
L2060,415.09,1,-75.4784,1,1.0
L2061,414.897,1,-18.90945,1,0.0
L2062,414.06,1,-11.299615,1,1.0
L2063,412.36238,1,-44.73095,1,1.0
L2064,410.67190000000005,2,-22.749208,2,1.0
L2065,410.3105,2,-37.20604,2,1.0
L2066,409.8252,2,-23.848399999999998,1,1.0
L2067,408.87203999999997,4,-20.10372,4,0.25
L2068,408.672,1,-18.65952,1,0.0
L2069,407.34533000000005,1,-22.08682,1,1.0
L2070,406.54799999999994,2,-18.6642,1,0.0
L2071,405.65426,2,-33.66308,2,1.0
L2072,405.15420000000006,1,-22.5998,1,1.0
L2073,403.2,1,38.973696,1,0.0
L2074,402.7962,3,-22.409838,2,1.0
L2075,401.67159999999996,1,-22.93192,1,1.0
L2076,399.83186,3,-29.34222,2,0.0
L2077,398.79239,4,-21.55545,2,1.0
L2078,398.04,1,-26.755885,1,1.0
L2079,396.25314000000003,2,-21.489196,1,1.0
L2080,395.99840000000006,1,-21.8344,1,1.0
L2081,395.31226,2,-25.078424,1,0.0
L2082,395.12088,1,-72.27792,1,1.0
L2083,394.37958000000003,1,40.510869,1,1.0
L2084,394.35488,4,-21.70211,3,1.0
L2085,393.71395,2,-48.46703,2,1.0
L2086,392.63568,1,-20.47782,1,1.0
L2087,391.30216999999993,3,-21.700017,3,1.0
L2088,390.71569999999997,1,-17.19777,1,1.0
L2089,389.7193,1,-106.2717,1,1.0
L2090,385.81557000000004,1,-146.652025,1,1.0
L2091,383.32255999999995,1,-18.05356,1,0.0
L2092,382.54635,2,-21.258394,1,1.0
L2093,382.0558,2,-21.215264,1,1.0
L2094,380.95969999999994,1,-81.4178,1,0.0
L2095,380.83164,2,-21.05948,2,1.0
L2096,380.64,1,-31.0368,1,0.0
L2097,380.42940000000004,1,-20.3184,1,1.0
L2098,380.3193,1,-24.722919,1,1.0
L2099,380.28276000000005,1,-62.17848,1,0.0
L2100,380.12332,1,-31.19298,1,0.0
L2101,379.79619999999994,3,-52.18172,1,1.0
L2102,379.0116,1,-20.63919,1,1.0
L2103,378.9576,1,-20.886103,1,1.0
L2104,378.79808,1,-21.04576,1,1.0
L2105,378.553,2,4.00606,1,1.0
L2106,378.46815,1,-41.24765,1,1.0
L2107,377.12148999999994,1,-69.8382,1,1.0
L2108,376.68800000000005,1,-19.072,1,0.0
L2109,376.6662,2,-22.1071,2,1.0
L2110,376.60155000000003,1,-39.08484,1,1.0
L2111,376.42856,1,-20.59848,1,1.0
L2112,375.23370000000006,4,-20.52713,3,1.0
L2113,374.27299999999997,1,-17.27488,1,0.0
L2114,374.09138,1,-20.33928,1,1.0
L2115,373.39259999999996,1,-71.77884,1,1.0
L2116,373.3373,1,-20.43804,1,1.0
L2117,373.318,1,-149.75501,1,1.0
L2118,372.6432,1,-20.9646,1,1.0
L2119,372.18240000000003,2,-17.203236,2,0.0
L2120,371.46635,1,-20.2148,1,1.0
L2121,371.42,1,-21.205,1,1.0
L2122,371.37809999999996,1,-20.855,1,1.0
L2123,369.96959999999996,1,-16.9104,1,0.0
L2124,368.44236,1,-31.39084,1,1.0
L2125,367.96692,1,-31.54548,1,1.0
L2126,367.27,1,-19.98,1,1.0
L2127,366.63588,1,-31.64148,1,1.0
L2128,366.253,1,-35.79587,1,1.0
L2129,366.0909,2,-20.045045000000002,2,1.0
L2130,365.93078,2,-18.552799999999998,2,0.5
L2131,365.365,1,-16.2778,1,0.0
L2132,363.84194,2,-58.39196,2,1.0
L2133,363.6856,2,-54.010256,2,1.0
L2134,361.77160000000003,1,-44.1738,1,1.0
L2135,360.70488,1,-19.25442,1,1.0
L2136,360.26466,1,-20.29038,1,1.0
L2137,359.1513,2,-17.40267,1,1.0
L2138,357.68003999999996,2,-41.816744,2,0.5
L2139,356.76147999999995,2,-19.69324,2,1.0
L2140,354.2154,1,-44.5434,1,1.0
L2141,354.02630999999997,1,-19.37881,1,1.0
L2142,354.00347999999997,1,-86.43979,1,1.0
L2143,352.28304,1,-37.60992,1,1.0
L2144,352.27449,1,-16.43976,1,0.0
L2145,351.52924,1,-19.22576,1,1.0
L2146,350.5,1,-20.34,1,1.0
L2147,348.72416,2,-15.954644,2,0.0
L2148,346.71099000000004,2,-19.3761,2,1.0
L2149,345.72069999999997,1,-32.93249,1,1.0
L2150,345.6195,1,-21.21153,1,1.0
L2151,345.54470999999995,1,-29.24866,1,1.0
L2152,345.50564,4,-17.96259,4,0.5
L2153,345.28952,1,-64.22851,1,1.0
L2154,344.8643,1,-37.25821,1,1.0
L2155,344.76274,2,-57.920519999999996,2,1.0
L2156,344.71709999999996,1,-19.163715,1,1.0
L2157,344.38645,3,-19.15875,2,1.0
L2158,344.1655,1,-19.1345,1,1.0
L2159,344.12311,3,-16.12316,1,0.0
L2160,342.4756,1,-97.421372,1,0.0
L2161,341.69440000000003,1,-18.960188,1,1.0
L2162,340.12431,4,-24.222464,4,0.5
L2163,338.80186000000003,1,-18.787668,1,1.0
L2164,338.34704999999997,1,-18.361533,1,1.0
L2165,338.306,1,-34.27192,1,0.0
L2166,337.7416,2,-18.007199999999997,1,1.0
L2167,335.53723,2,-16.47235,2,0.5
L2168,335.0638,2,-35.8802,1,1.0
L2169,333.29439,1,-19.11013,1,1.0
L2170,332.51475999999997,2,-18.5815,2,1.0
L2171,332.079,1,-18.8848,1,1.0
L2172,332.0145,1,-18.414545,1,1.0
L2173,331.61400000000003,1,-18.26725,1,1.0
L2174,331.40250000000003,1,-16.09075,1,0.0
L2175,331.38267,1,-61.65393,1,1.0
L2176,330.752,1,-19.684,1,0.0
L2177,330.23231000000004,8,-22.245926,8,1.0
L2178,329.52000000000004,1,-18.36,1,1.0
L2179,328.79273,1,-17.891349,1,1.0
L2180,326.8516,1,-17.6128,1,1.0
L2181,326.74703,2,-19.656978,2,1.0
L2182,325.31974,3,-15.232510000000001,1,0.0
L2183,324.1133,1,-59.58891,1,1.0
L2184,320.943,1,-17.487,1,1.0
L2185,320.90119000000004,1,-14.85859,1,0.0
L2186,320.1084,2,-18.83089,2,1.0
L2187,319.4433,1,-3.6531,1,0.0
L2188,318.9065,4,-23.1589,4,1.0
L2189,318.74399999999997,1,-44.172,1,1.0
L2190,318.4655,2,-27.824568,2,0.5
L2191,318.3365,6,-16.95033,4,0.8333333333333334
L2192,317.95799,2,-11.32919,2,1.0
L2193,317.02272000000005,1,-81.30048,1,1.0
L2194,316.57500000000005,2,-17.325,1,1.0
L2195,316.32452,2,-17.78935,2,0.5
L2196,315.71130999999997,1,-16.07609,1,1.0
L2197,315.39156,1,-17.11286,1,1.0
L2198,314.95776,2,-17.501523,2,1.0
L2199,314.6706,1,-17.55132,1,1.0
L2200,314.65636,1,-15.372948,1,0.0
L2201,314.52299999999997,1,-14.16236,1,0.0
L2202,314.39404,1,-14.633232,1,0.0
L2203,314.38253000000003,1,-14.49903,1,0.0
L2204,313.4295,1,-17.650884,1,1.0
L2205,311.77456,1,-14.09672,1,0.0
L2206,311.73299999999995,1,-17.841,1,1.0
L2207,310.437,1,-17.1666,1,1.0
L2208,310.35,1,-14.25375,1,0.0
L2209,310.27,1,-16.26184,1,1.0
L2210,309.62624,1,-29.219168,1,1.0
L2211,308.633,1,-13.959725,1,0.0
L2212,306.69274,1,-78.57708,1,1.0
L2213,305.30159000000003,3,-17.414659999999998,2,1.0
L2214,304.03053,1,-122.827767,1,1.0
L2215,303.962,1,-70.813,1,1.0
L2216,303.215,1,-17.0456,1,1.0
L2217,302.28601,1,-16.587435,1,1.0
L2218,302.19536999999997,3,-16.72625,2,1.0
L2219,302.14215,1,-13.8287,1,0.0
L2220,301.09986000000004,1,-77.591313,1,1.0
L2221,300.63755000000003,2,-16.143909999999998,2,1.0
L2222,300.41604,1,-15.54876,1,1.0
L2223,299.7324,1,-33.73524,1,0.0
L2224,299.12149999999997,7,-16.4903,7,1.0
L2225,298.89856,3,-24.78639,1,1.0
L2226,296.53286,1,-2.317208,1,1.0
L2227,296.0208,2,-17.88198,1,0.0
L2228,295.81953,8,-16.202548,7,0.875
L2229,295.24890000000005,1,-16.7366,1,1.0
L2230,295.204,1,-13.804,1,0.0
L2231,294.85126,3,-14.071428000000001,2,0.0
L2232,294.56960000000004,1,-13.57668,1,0.0
L2233,294.3,1,-16.7888,1,1.0
L2234,294.2055,1,-16.6625,1,1.0
L2235,294.0201,1,-54.718444,1,1.0
L2236,291.0645,2,-15.9691,1,1.0
L2237,290.5308,1,-13.4932,1,0.0
L2238,289.97424,1,-30.54456,1,1.0
L2239,289.8476,2,-16.3346,2,1.0
L2240,288.68307999999996,5,-35.42438,4,0.2
L2241,288.25919999999996,1,-16.7616,1,1.0
L2242,286.2031,1,-17.1272,1,1.0
L2243,285.3461,2,-15.428099999999999,2,0.5
L2244,285.30216,3,-15.951757,3,1.0
L2245,285.10405,2,-15.592500000000001,1,1.0
L2246,284.44535999999994,1,-14.94504,1,1.0
L2247,283.97655,1,-15.39945,1,1.0
L2248,283.89124,1,-26.62616,1,0.0
L2249,283.6936,1,-15.56149,1,1.0
L2250,283.65600000000006,1,-15.7675,1,1.0
L2251,283.57680000000005,2,-15.982,1,1.0
L2252,283.44943,2,-15.80075,2,1.0
L2253,283.43159999999995,1,-15.6672,1,1.0
L2254,282.7146,2,-15.6704,2,1.0
L2255,282.5487,1,-26.9745,1,1.0
L2256,282.08763000000005,1,-61.84356,1,0.0
L2257,281.97792,1,-15.23808,1,1.0
L2258,281.85974,1,-15.56031,1,1.0
L2259,281.12098000000003,3,-15.52968,2,1.0
L2260,281.05537,1,-15.33963,1,1.0
L2261,280.09869000000003,8,-16.024624,5,1.0
L2262,278.87055,1,-15.259489,1,1.0
L2263,276.567,1,-18.6318,1,1.0
L2264,276.0415,1,-23.2505,1,1.0
L2265,275.73662,7,-16.10477,7,0.7142857142857143
L2266,275.1694,1,-15.1525,1,1.0
L2267,274.32,1,-22.464,1,1.0
L2268,273.44961,1,-40.56939,1,1.0
L2269,273.02658,1,-12.30984,1,0.0
L2270,272.73984,1,-38.15808,1,1.0
L2271,272.64720000000005,1,-12.79236,1,0.0
L2272,271.58112,1,-14.92974,1,1.0
L2273,271.2988,1,-18.23027,1,1.0
L2274,271.27495999999996,5,-15.20453,4,1.0
L2275,271.21776,1,-15.42002,1,1.0
L2276,271.1544,2,-14.8262,2,1.0
L2277,270.54071999999996,2,-14.824201,2,1.0
L2278,269.41454999999996,3,-11.524572,2,1.0
L2279,269.3988,1,-50.2491,1,1.0
L2280,266.7346,1,-12.07433,1,0.0
L2281,266.67056,2,-78.931476,2,1.0
L2282,266.50292,1,-14.53828,1,1.0
L2283,264.88624,1,-15.018902,1,1.0
L2284,264.384,1,-26.66844,1,0.0
L2285,263.97702,1,-36.40482,1,1.0
L2286,263.8424,2,-36.1464,1,1.0
L2287,263.7056,1,-48.7936,1,1.0
L2288,263.51640000000003,1,-21.616812,1,0.0
L2289,262.90728,1,-12.42666,1,0.0
L2290,262.813,1,-14.0418,1,1.0
L2291,260.73994,1,-14.27086,1,1.0
L2292,260.05245,1,-27.73384,1,1.0
L2293,259.22652,4,-18.608303,3,1.0
L2294,258.62354000000005,1,-48.54446,1,1.0
L2295,258.4035,1,-11.6505,1,0.0
L2296,257.964,1,-45.49728,1,1.0
L2297,257.43366,3,-13.9143,1,1.0
L2298,256.8657,1,-11.990433,1,0.0
L2299,255.96599999999998,1,-13.90312,1,1.0
L2300,253.87884000000003,1,-13.988223,1,1.0
L2301,253.45009,2,-46.88941,1,1.0
L2302,253.3289,1,-14.5475,1,1.0
L2303,253.07328,1,-11.57712,1,0.0
L2304,252.88155999999998,2,-14.07844,1,1.0
L2305,252.80884,2,-21.46124,2,1.0
L2306,252.60840000000002,1,-14.0481,1,1.0
L2307,250.85376000000002,2,-14.06013,2,1.0
L2308,250.50905999999998,1,-13.91952,1,1.0
L2309,250.05839999999998,1,-13.888,1,1.0
L2310,249.73415999999997,1,-126.277632,1,1.0
L2311,249.49328,2,-29.859847,2,1.0
L2312,248.7441,1,-13.8699,1,1.0
L2313,248.63484,2,-13.30693,2,1.0
L2314,248.5344,1,-99.34176,1,1.0
L2315,248.501,2,-23.779,2,1.0
L2316,248.19356,1,-13.40104,1,1.0
L2317,247.39358000000001,1,-13.37355,1,1.0
L2318,247.3123,1,-13.63045,1,1.0
L2319,247.28495000000004,2,-11.19589,1,0.0
L2320,246.7926,1,-13.22306,1,1.0
L2321,246.16505,4,-43.68960800000001,2,0.25
L2322,245.44260000000003,1,-13.7258,1,1.0
L2323,244.9253,1,-13.6474,1,1.0
L2324,244.1624,1,-13.4079,1,1.0
L2325,244.04452,1,-13.46168,1,1.0
L2326,243.51606000000004,1,-45.04324,1,1.0
L2327,242.5437,1,-12.84865,1,1.0
L2328,241.75734,1,-13.6213,1,1.0
L2329,241.12900000000002,1,-11.48665,1,0.0
L2330,238.18536000000003,1,-43.12584,1,1.0
L2331,237.46992,1,-11.09552,1,0.0
L2332,237.34163999999998,1,-25.28168,1,1.0
L2333,237.33,1,-13.72302,1,1.0
L2334,236.7775,1,-11.1775,1,0.0
L2335,236.47799999999998,1,-12.645,1,1.0
L2336,235.40745,1,-13.0645,1,1.0
L2337,235.248,1,-13.152,1,1.0
L2338,234.71800000000002,1,-13.166,1,1.0
L2339,234.1235,1,-12.7491,1,1.0
L2340,233.83584,1,-12.94776,1,1.0
L2341,233.82531999999998,2,-6.758991999999999,2,1.0
L2342,233.74218,1,-42.106008,1,1.0
L2343,232.43102,1,-13.22268,1,1.0
L2344,232.36620000000002,1,-4.289368,1,1.0
L2345,232.26108,4,-12.01492,4,0.75
L2346,232.09858000000003,1,-12.74522,1,1.0
L2347,231.86644,1,-12.81176,1,1.0
L2348,231.60325999999998,2,-18.45774,1,1.0
L2349,230.64660000000003,1,-28.7702,1,0.0
L2350,230.61192,2,-10.49572,2,0.0
L2351,230.17199999999997,1,-59.52408,1,1.0
L2352,229.63915000000003,2,-12.827531,2,1.0
L2353,229.23577,2,-12.69347,2,1.0
L2354,229.153,2,-24.675435,2,0.5
L2355,229.11762,4,-17.29046,3,1.0
L2356,228.855,1,-11.702922,1,1.0
L2357,228.70559999999998,1,-32.012,1,1.0
L2358,228.46096,1,-10.13454,1,0.0
L2359,228.42944,1,-10.32203,1,0.0
L2360,228.21562,1,-10.75407,1,0.0
L2361,227.59321,1,-11.293334,1,0.0
L2362,227.4862,2,-12.916960000000001,2,1.0
L2363,227.3614,1,-38.56993,1,1.0
L2364,227.32992,1,-10.11624,1,0.0
L2365,227.217,1,-12.5208,1,1.0
L2366,226.61928999999998,2,-65.38213,1,1.0
L2367,226.01247999999998,1,-12.72512,1,1.0
L2368,225.88812000000001,1,-92.77968,1,1.0
L2369,225.40544,1,-3.22176,1,0.0
L2370,224.28236,1,-34.57724,1,1.0
L2371,224.25813000000002,2,-41.88537,1,1.0
L2372,222.59430000000003,3,-0.9618440000000001,3,1.0
L2373,222.56624,2,-12.39296,2,1.0
L2374,220.17474,1,-10.71453,1,0.0
L2375,220.05212,2,-10.1036,1,0.0
L2376,219.71717999999998,1,-30.65202,1,1.0
L2377,219.45000000000002,1,-12.2199,1,1.0
L2378,219.41108,2,-12.46892,1,1.0
L2379,219.008,1,-10.03864,1,0.0
L2380,218.7967,1,-10.1729,1,0.0
L2381,218.0218,1,-12.045154,1,1.0
L2382,217.88028,2,-12.42976,2,0.0
L2383,217.54287,1,-36.104079,1,0.0
L2384,217.15377,1,-42.16998,1,1.0
L2385,215.89231,1,-12.27017,1,1.0
L2386,215.70139999999998,2,5.001399999999999,2,1.0
L2387,215.326,1,-53.815796,1,1.0
L2388,214.87219000000002,3,-14.515833,2,1.0
L2389,214.65912,1,-39.718536,1,1.0
L2390,213.99617999999998,1,-23.121224,1,1.0
L2391,213.90189999999998,1,-12.8731,1,1.0
L2392,213.24489,2,-19.44269,2,1.0
L2393,213.20064,1,-24.52224,1,1.0
L2394,212.9478,2,-20.320688,2,1.0
L2395,211.07041999999998,1,-9.704668,1,0.0
L2396,210.54219999999998,3,-11.217445999999999,2,1.0
L2397,210.29442,1,-38.32038,1,1.0
L2398,210.18426,1,-49.98994,1,1.0
L2399,209.6356,1,-25.854788,1,1.0
L2400,209.5552,3,-10.9672,3,0.6666666666666666
L2401,209.49003999999996,2,-11.57696,1,1.0
L2402,209.4414,1,-10.3236,1,1.0
L2403,209.3133,1,-38.6106,1,1.0
L2404,209.28052,1,-11.66386,1,1.0
L2405,209.0214,1,-38.42748,1,1.0
L2406,208.83146000000002,5,-9.752252,3,0.0
L2407,208.44035,1,-9.6664,1,0.0
L2408,208.31139000000002,3,-11.253480000000001,3,0.6666666666666666
L2409,208.26416,1,-11.69412,1,1.0
L2410,208.25272,1,-9.552725,1,0.0
L2411,208.07833,2,-37.531473,2,1.0
L2412,207.86736000000002,1,-9.4076,1,0.0
L2413,207.55970000000002,1,-11.2308,1,1.0
L2414,207.54840000000002,2,-11.443200000000001,2,1.0
L2415,207.20000000000002,1,-38.08,1,1.0
L2416,207.06273,1,-38.29437,1,1.0
L2417,206.91925999999998,1,-9.4739,1,0.0
L2418,206.54846,1,-9.50698,1,0.0
L2419,205.53,1,-9.249292,1,0.0
L2420,205.3863,1,-11.0376,1,1.0
L2421,205.15842000000004,2,-44.074780000000004,2,1.0
L2422,205.14643,2,-14.827432,2,1.0
L2423,204.98037,1,-11.11474,1,1.0
L2424,204.96777000000003,1,-10.89974,1,1.0
L2425,204.035,1,-9.10955,1,0.0
L2426,203.9182,2,-17.943493,2,1.0
L2427,203.2422,1,-11.4762,1,1.0
L2428,202.83776,1,-9.27904,1,0.0
L2429,202.6128,1,23.255969,1,1.0
L2430,202.1841,1,-9.2432,1,0.0
L2431,201.67000000000002,1,-77.2366,1,1.0
L2432,201.327,1,-11.046,1,1.0
L2433,201.27635999999998,1,-13.5065,1,1.0
L2434,201.24848,1,-11.030834,1,1.0
L2435,201.10514000000003,1,-49.57686,1,1.0
L2436,200.97178,3,-11.11306,1,0.0
L2437,199.6298,1,-9.41068,1,0.0
L2438,199.06447,2,-10.862969999999999,2,1.0
L2439,198.7737,2,-9.26159,1,0.0
L2440,198.50840000000002,1,-11.34935,1,1.0
L2441,198.11766,1,-11.98041,1,1.0
L2442,197.95083,2,-15.418979,2,1.0
L2443,197.79999999999998,1,-20.2272,1,0.0
L2444,197.63,1,-11.12,1,1.0
L2445,197.41152000000002,1,-11.04432,1,1.0
L2446,197.06,1,-36.15992,1,1.0
L2447,196.95780000000002,1,-10.7901,1,1.0
L2448,196.64999999999998,2,-18.731682,1,0.0
L2449,196.42494,1,-10.89326,1,1.0
L2450,196.29575,1,-10.650257,1,1.0
L2451,196.2004,1,-0.761464,1,1.0
L2452,196.0888,2,-9.055826,1,0.0
L2453,195.16253999999998,1,-13.300741,1,0.0
L2454,195.10904,1,-11.04096,1,1.0
L2455,194.24192,1,-9.24112,1,0.0
L2456,194.1996,1,-10.9617,1,1.0
L2457,193.2637,2,-35.581680000000006,2,1.0
L2458,192.93048,2,-9.098462000000001,2,0.0
L2459,192.60999999999999,1,-20.8266,1,1.0
L2460,192.47003999999998,1,-10.627092,1,1.0
L2461,191.8338,2,-11.3774,2,1.0
L2462,190.91952,2,-11.87175,2,0.0
L2463,190.5012,1,-10.6392,1,1.0
L2464,190.33225,1,-10.44475,1,1.0
L2465,190.19689,2,-8.803704,2,0.0
L2466,190.17900000000003,1,-10.489,1,0.0
L2467,190.1105,4,-8.7304,2,0.0
L2468,190.106,1,-10.814,1,1.0
L2469,189.90934,1,-9.8777,1,1.0
L2470,189.8874,1,-10.6904,1,1.0
L2471,189.76788000000002,1,-10.07199,1,1.0
L2472,189.244,1,-10.40128,1,1.0
L2473,189.22442,1,-10.38142,1,1.0
L2474,189.034,1,-10.5468,1,1.0
L2475,188.88105000000002,1,-10.56975,1,1.0
L2476,188.79448,1,-10.44312,1,1.0
L2477,188.72563000000002,1,-11.59772,1,0.0
L2478,188.72356,1,-11.04462,1,1.0
L2479,188.68424,1,-10.3774,1,1.0
L2480,188.58624,2,-10.29668,2,1.0
L2481,188.2558,1,-9.44382,1,1.0
L2482,188.23585,2,-9.014526,2,0.5
L2483,187.51528,1,-10.22504,1,1.0
L2484,187.3764,1,-10.28169,1,1.0
L2485,186.93888,1,-20.386304,1,1.0
L2486,186.8727,1,-10.92065,1,1.0
L2487,186.7453,2,-10.223040000000001,2,1.0
L2488,186.6592,1,-10.36896,1,1.0
L2489,186.35218,1,-10.050526,1,1.0
L2490,184.73504000000003,2,-8.959951,2,1.0
L2491,184.46887999999998,1,-8.53458,1,0.0
L2492,183.98556,1,-8.494849,1,1.0
L2493,181.98399999999998,1,-10.4192,1,1.0
L2494,181.71999999999997,2,-10.0896,1,1.0
L2495,181.43514,3,-9.45168,3,0.6666666666666666
L2496,180.45279999999997,1,-9.8736,1,1.0
L2497,179.78220000000002,1,-11.2723,1,1.0
L2498,179.60607999999996,2,-10.029959999999999,1,1.0
L2499,179.55115999999998,1,-10.10316,1,1.0
L2500,179.5497,3,-10.0639,3,1.0
L2501,179.31288,1,-47.31456,1,1.0
L2502,179.30550000000002,1,-9.8835,1,1.0
L2503,178.99220000000003,1,-9.73842,1,1.0
L2504,178.26906000000002,1,-8.17218,1,0.0
L2505,178.1381,1,-9.7053,1,1.0
L2506,177.87356,1,-9.64532,1,1.0
L2507,176.3508,1,-9.819582,1,1.0
L2508,176.12,1,-69.93154,1,1.0
L2509,175.37471999999997,1,-7.75608,1,1.0
L2510,175.1114,1,-10.241244,1,1.0
L2511,172.85424,2,-10.19336,2,0.5
L2512,172.61333,1,-9.97295,1,1.0
L2513,172.5571,2,-9.73414,2,0.5
L2514,172.4382,1,-7.8588,1,0.0
L2515,171.90086,1,-15.43517,1,0.0
L2516,171.88400000000001,2,-8.016,2,0.0
L2517,171.258,2,-9.561758999999999,1,1.0
L2518,171.1668,1,-21.3591,1,0.0
L2519,171.02751,3,-9.34757,3,1.0
L2520,169.98218999999997,1,-43.28991,1,1.0
L2521,169.95235,1,-14.62852,1,1.0
L2522,169.87255,1,-9.2315,1,1.0
L2523,168.58335,1,-9.3873,1,1.0
L2524,167.97894,5,-8.17123,3,0.6
L2525,167.83200000000002,1,-9.1056,1,1.0
L2526,167.54561,1,-8.544414,1,1.0
L2527,167.51049,1,-9.288511,1,1.0
L2528,166.7327,1,-7.8729,1,0.0
L2529,166.28214,1,-9.34278,1,1.0
L2530,165.88485,2,-8.12205,2,0.5
L2531,165.66152,1,-7.61856,1,0.0
L2532,165.44,1,-9.12,1,1.0
L2533,164.9427,1,-9.24261,1,1.0
L2534,164.74,3,-9.0712,1,1.0
L2535,163.2575,1,-7.905625,1,1.0
L2536,163.072,1,-8.834,1,1.0
L2537,162.91299,2,-9.097626,2,0.5
L2538,162.49077000000003,2,-9.641206,1,1.0
L2539,162.37040000000002,1,-7.5888,1,0.0
L2540,162.21392,1,-13.902224,1,1.0
L2541,162.07953,1,-8.66645,1,1.0
L2542,161.9902,1,-8.78336,1,1.0
L2543,161.74089999999998,1,-12.07245,1,0.0
L2544,161.6832,1,-7.392,1,0.0
L2545,161.25324,1,-7.672656,1,0.0
L2546,160.528,1,-18.416,1,1.0
L2547,160.37622,1,-0.884304,1,1.0
L2548,159.21279,1,-8.741114,1,1.0
L2549,159.12,1,-9.847656,1,1.0
L2550,158.46834,3,-7.8146,3,0.3333333333333333
L2551,158.07624,1,-6.49068,1,0.0
L2552,157.4176,1,-7.1856,1,0.0
L2553,157.13048,1,-7.46672,1,0.0
L2554,156.39360000000002,1,-7.06695,1,0.0
L2558,156.39360000000002,1,-7.06695,1,0.0
L2555,156.39360000000002,1,-7.06695,1,0.0
L2556,156.39360000000002,1,-7.06695,1,0.0
L2557,156.39360000000002,1,-7.06695,1,0.0
L2559,156.3562,1,-10.4104,1,0.0
L2560,156.2306,1,-7.347622,1,0.0
L2561,156.11674,3,-8.699770000000001,2,1.0
L2562,155.6979,1,-8.5697,1,1.0
L2563,155.37764,1,-7.88255,1,1.0
L2564,155.07800000000003,1,-7.13104,1,0.0
L2565,155.04762,1,-11.594492,1,1.0
L2566,154.71892,4,-7.2189700000000006,2,0.25
L2567,154.687,1,-6.91446,1,0.0
L2568,154.60105,2,-17.352023,2,0.0
L2569,154.4178,1,-40.67964,1,1.0
L2570,154.3311,1,-8.7057,1,1.0
L2571,153.8591,2,-8.9655,2,1.0
L2572,153.84827,2,-8.324166,2,0.5
L2573,153.17424,1,-8.851848,1,1.0
L2574,152.70029,3,-8.40633,2,1.0
L2575,152.64999999999998,1,-8.2644,1,1.0
L2576,152.60224000000002,1,-6.893698,1,0.0
L2577,152.2115,1,-7.23927,1,0.0
L2578,152.18346,2,-8.323770000000001,2,0.5
L2579,152.05273,2,-8.58018,1,1.0
L2580,151.6098,1,-7.00772,1,0.0
L2581,151.57996,1,-8.35558,1,1.0
L2582,151.2789,1,-8.278392,1,1.0
L2583,150.6899,1,-8.1176,1,1.0
L2584,150.5484,1,-6.9722,1,0.0
L2585,149.832,1,-8.3354,1,1.0
L2586,149.66616,2,-16.1384,1,1.0
L2587,149.4504,1,-8.2368,1,1.0
L2588,149.24993,2,-6.8923380000000005,1,0.0
L2589,148.57590000000002,2,-31.2947,1,1.0
L2590,148.50479,1,-7.6475,1,1.0
L2591,148.414,1,-12.621525,1,1.0
L2592,148.36738,3,-7.975,2,0.3333333333333333
L2593,148.24318,2,-8.16422,2,1.0
L2594,147.5709,2,-7.44294,1,0.0
L2595,147.24831,1,-6.748755,1,0.0
L2596,146.8885,1,-25.45631,1,1.0
L2597,146.58893,2,-6.65896,2,0.0
L2598,145.45170000000002,1,-8.2863,1,1.0
L2599,145.365,2,-8.4513,2,1.0
L2600,145.32366,1,-12.22392,1,1.0
L2601,144.81521999999998,2,-6.539727,1,0.0
L2602,144.80145,1,-12.01205,1,1.0
L2603,143.79308999999998,1,-57.69981,1,1.0
L2604,143.45972,2,-7.311120000000001,2,0.5
L2605,143.40592,1,-12.54608,1,1.0
L2606,143.24752,2,-11.52168,2,1.0
L2607,142.38119,2,-7.96873,1,1.0
L2608,142.31074,2,-7.978759999999999,2,1.0
L2609,142.03079999999997,1,-7.9812,1,1.0
L2610,141.55056000000002,2,-7.236222,2,0.5
L2611,141.44704000000002,1,-11.98624,1,0.0
L2612,140.47220000000002,1,-7.797594,1,1.0
L2613,140.23212,1,-24.599421,1,1.0
L2614,140.22036,1,-4.58493,1,1.0
L2615,140.03607,1,-2.090373,1,0.0
L2616,139.9108,2,-22.461299999999998,1,0.0
L2617,139.31222999999997,1,-7.72257,1,1.0
L2618,139.31203,1,-7.617896,1,1.0
L2619,138.732,1,-15.6552,1,1.0
L2620,138.69142000000002,1,-25.012633,1,1.0
L2621,138.48198,2,-56.71302,1,1.0
L2622,138.29001,1,-11.46705,1,1.0
L2623,138.04145,1,-7.43705,1,1.0
L2624,138.02208,1,-6.37038,1,0.0
L2625,137.94,1,-24.90235,1,1.0
L2626,137.60603999999998,1,-6.174454,1,0.0
L2627,137.56400000000002,2,-12.546,2,1.0
L2628,137.25879,6,-7.5871200000000005,6,1.0
L2629,137.20203999999998,1,-6.157696,1,0.0
L2630,136.906,1,-7.7978,1,1.0
L2631,136.81525,2,-7.3658,2,1.0
L2632,136.05795,1,-7.437468,1,1.0
L2633,135.69913,1,-7.63981,1,1.0
L2634,134.93679999999998,1,-7.559505,1,1.0
L2635,134.53153999999998,1,-7.10424,1,1.0
L2636,134.3286,1,-7.6104,1,1.0
L2637,133.9842,1,-7.76435,1,1.0
L2638,133.34199999999998,1,-6.4525,1,0.0
L2639,133.309,1,-6.10258,1,0.0
L2640,132.98439000000002,1,-3.334954,1,0.0
L2641,132.33262,4,-6.15701,4,0.25
L2642,132.1848,1,-7.3656,1,1.0
L2643,132.00288,1,-24.00992,1,1.0
L2644,131.6136,1,-7.2102,1,1.0
L2645,131.17499999999998,2,-7.263,2,1.0
L2646,130.47781,1,-5.97043,1,0.0
L2647,130.03760000000003,1,-5.9892,1,0.0
L2648,129.8925,1,-7.1415,1,1.0
L2649,129.40583999999998,1,-23.12236,1,1.0
L2650,129.328,1,-6.0954,1,0.0
L2651,128.87858,1,-7.19196,1,1.0
L2652,128.72028,1,-6.84528,1,0.0
L2653,128.55,1,-22.3125,1,1.0
L2654,128.32943,3,-7.14694,3,0.6666666666666666
L2655,128.16064,1,-7.10016,1,1.0
L2656,128.12734,3,-7.243098000000001,3,0.3333333333333333
L2657,128.025,1,-7.1,1,1.0
L2658,127.86241999999999,1,-14.93288,1,1.0
L2659,127.776,1,-7.38,1,1.0
L2660,127.67999999999999,1,-7.5318,1,1.0
L2661,127.2531,2,-6.7468,1,1.0
L2662,126.92,1,-6.944272,1,1.0
L2663,126.7654,1,-5.7346,1,0.0
L2664,126.54840000000002,1,-11.88,1,1.0
L2665,125.91390000000001,2,-5.8568999999999996,1,0.0
L2666,125.8972,1,-23.4236,1,1.0
L2667,125.5386,1,-5.89248,1,0.0
L2668,125.37440000000001,2,-6.84896,2,1.0
L2669,125.2764,2,-13.338540000000002,1,1.0
L2670,125.22622,1,-5.69372,1,0.0
L2671,124.944,1,-6.897,1,1.0
L2672,124.93462000000001,3,-6.71647,2,1.0
L2673,124.83269999999999,1,-7.0602,1,1.0
L2674,124.4973,2,-9.3733,2,0.5
L2675,124.45209000000001,1,-5.60063,1,0.0
L2676,124.08,1,-7.09536,1,1.0
L2677,124.04675,4,-6.348027,4,0.0
L2678,123.93440000000001,1,-0.812,1,1.0
L2679,123.91593,2,-16.787565,1,1.0
L2680,123.91344,1,-6.57818,1,1.0
L2681,123.20027999999999,1,-32.28372,1,1.0
L2682,123.0492,1,-6.6002,1,1.0
L2683,122.83788000000001,1,-6.881028,1,1.0
L2684,122.68176,2,-6.896014,1,1.0
L2685,122.25663,3,-13.492026,3,1.0
L2686,121.94921000000001,1,-6.80676,1,1.0
L2687,121.37393999999999,1,-6.63216,1,1.0
L2688,120.34487999999999,2,-21.14956,1,1.0
L2689,119.103,1,-27.951,1,1.0
L2690,118.49472,1,-5.23904,1,0.0
L2691,118.41570000000002,1,-6.723756,1,1.0
L2692,118.1985,1,-6.8565,1,1.0
L2693,117.9852,1,0.4284,1,0.0
L2694,117.79416000000002,1,-6.40929,1,1.0
L2695,117.62988,3,-6.370813,2,1.0
L2696,117.53511,1,-5.591457,1,0.0
L2697,117.15248,1,-6.50256,1,1.0
L2698,116.81898,1,-9.91446,1,1.0
L2699,115.71911999999999,2,-5.2348799999999995,1,0.0
L2700,115.12236,1,-6.4713,1,1.0
L2701,114.975,1,-8.54196,1,0.0
L2702,114.86274999999999,1,-9.7092,1,1.0
L2703,114.83511,8,-6.34937,8,1.0
L2704,114.50192999999999,1,-6.39477,1,1.0
L2705,114.33159999999998,1,-5.1834,1,0.0
L2706,114.19265,3,-6.26215,2,1.0
L2707,114.06934000000001,1,-6.32478,1,1.0
L2708,113.92513,1,-6.05363,1,1.0
L2709,113.73647999999999,1,-44.72182,1,1.0
L2710,113.48840999999999,1,-6.18723,1,1.0
L2711,113.30009999999999,1,-6.17265,1,1.0
L2712,112.9458,1,-6.0931,1,1.0
L2713,112.79455999999999,2,-12.4617,2,1.0
L2714,112.75164,1,-5.39355,1,0.0
L2715,112.70259,1,-5.18193,1,0.0
L2716,112.54319999999998,1,-6.26545,1,1.0
L2717,111.98611,3,-6.19048,3,1.0
L2718,111.65700000000001,1,-6.132,1,1.0
L2719,111.43974999999999,1,-23.760425,1,0.0
L2720,111.309,1,-6.094,1,1.0
L2721,109.935,1,-5.1513,1,0.0
L2722,109.7558,1,-6.0742,1,1.0
L2723,109.568,1,-6.17856,1,1.0
L2724,109.50499,1,-5.81196,1,1.0
L2725,108.96480000000001,1,-4.9404,1,0.0
L2726,108.0765,1,-43.6788,1,1.0
L2727,107.9718,2,-18.585865,2,1.0
L2728,107.88000000000001,1,-4.941716,1,0.0
L2729,107.71249999999999,1,-5.266625,1,0.0
L2730,107.48034,1,-4.99434,1,0.0
L2731,107.34779999999999,1,0.52338,1,1.0
L2732,107.08929999999998,1,-4.86776,1,0.0
L2733,106.86386999999999,4,-5.63957,4,0.75
L2734,106.63119999999999,1,-5.772,1,1.0
L2735,106.5686,1,-4.9395,1,0.0
L2736,106.44719999999998,1,-11.3424,1,1.0
L2737,106.43087,1,-4.81562,1,0.0
L2738,106.40960000000001,2,-5.7774,2,1.0
L2739,105.71973,1,-14.61537,1,1.0
L2740,105.67962,1,-16.207064,1,1.0
L2741,105.59119999999999,1,-5.824,1,1.0
L2742,105.35329,1,-5.72432,1,1.0
L2743,105.10641,1,-6.025599,1,1.0
L2744,105.07496,1,-5.8072,1,1.0
L2745,104.9703,1,-4.75268,1,0.0
L2746,104.94279,1,-5.32899,1,0.0
L2747,104.85776,1,-5.62464,1,1.0
L2748,104.76440999999998,1,-5.61462,1,1.0
L2749,104.76263,1,-4.73903,1,0.0
L2750,104.749,1,-4.87557,1,0.0
L2751,104.73700000000001,1,-5.53379,1,0.0
L2752,104.59683000000001,1,-5.43933,1,1.0
L2753,104.50470000000001,1,-5.46612,1,0.0
L2754,104.44800000000001,1,-14.4576,1,1.0
L2755,104.4192,1,-4.848,1,0.0
L2756,104.34000000000002,1,-4.9603,1,0.0
L2757,104.21539999999999,3,-4.91284,1,0.0
L2758,104.04926999999999,1,-4.77086,1,0.0
L2759,103.99565,1,-5.95125,1,1.0
L2760,103.8588,1,-5.838,1,1.0
L2761,103.7718,1,-14.65992,1,1.0
L2762,103.72104,1,-4.7034,1,0.0
L2763,103.58,1,-5.79,1,1.0
L2764,103.56754000000001,2,-5.190196,2,0.5
L2765,103.38992,5,-10.002209,5,0.8
L2766,103.34609999999999,1,-5.73144,1,1.0
L2767,103.24634,2,-3.1027780000000003,2,0.0
L2768,103.12750000000001,1,-4.7144,1,0.0
L2769,103.037,1,-5.9044,1,1.0
L2770,102.84676,1,-5.61904,1,1.0
L2771,102.55410000000002,1,-4.847436,1,0.0
L2772,102.46715999999999,1,-4.698432,1,0.0
L2773,102.31823,1,-43.78227,1,1.0
L2774,102.16344000000001,2,-5.66394,2,0.5
L2775,101.9636,1,-6.1732,1,1.0
L2776,101.96028,1,-18.90756,1,1.0
L2777,101.92,1,-4.64814,1,0.0
L2778,101.772,1,-5.58756,1,1.0
L2779,101.25420000000001,1,-5.59107,1,1.0
L2780,101.12584,1,-4.54203,1,0.0
L2781,100.9155,2,-5.48217,2,1.0
L2782,100.73980000000002,1,10.90264,1,1.0
L2783,100.69026000000001,1,-15.39274,1,1.0
L2784,100.3563,1,-5.29849,1,1.0
L2785,100.10909999999998,1,-5.5146,1,1.0
L2786,100.00731999999999,3,-5.584192,3,1.0
L2787,99.85360000000001,1,-18.2903,1,1.0
L2788,99.79739000000001,3,-5.09809,3,0.3333333333333333
L2789,99.57638999999999,4,-5.4784239999999995,3,1.0
L2790,99.57384,1,-6.79428,1,1.0
L2791,99.56661,2,-5.10192,2,0.5
L2792,99.43863999999999,2,-4.88592,2,0.0
L2793,99.141,1,-4.3302,1,0.0
L2794,98.7552,1,-5.4336,1,1.0
L2795,98.6781,2,-17.3301,1,1.0
L2796,98.51299999999999,1,-12.47,1,0.0
L2797,98.34044,2,-5.46434,2,1.0
L2798,98.24785000000001,1,-12.80855,1,1.0
L2799,98.217,1,-4.977,1,0.0
L2800,98.10992,1,-17.3283,1,1.0
L2801,97.89288,2,-5.252230000000001,2,1.0
L2802,97.8439,1,-5.248476,1,1.0
L2803,97.77409,1,-12.95901,1,1.0
L2804,97.5,1,-10.46,1,1.0
L2805,97.4088,1,-4.520512,1,0.0
L2806,97.34886,1,-3.775968,1,1.0
L2807,96.91904000000001,1,-5.34349,1,1.0
L2808,96.75,1,-5.193,1,1.0
L2809,96.7011,2,-4.411024,1,0.0
L2810,96.679,1,-4.90413,1,1.0
L2811,96.51257000000001,1,-4.5248,1,0.0
L2812,95.9505,2,-5.120419999999999,2,1.0
L2813,95.88810000000001,1,-3.036,1,1.0
L2814,95.82257000000001,1,-5.271309,1,1.0
L2815,95.5698,1,-3.823544,1,1.0
L2816,95.55208,1,-4.437904,1,0.0
L2817,95.46239999999999,1,-5.2712,1,1.0
L2818,95.39999999999999,1,-17.5332,1,1.0
L2819,95.14367999999999,1,-5.2096,1,1.0
L2820,94.92784,1,-5.226032,1,1.0
L2821,94.794,1,-5.24722,1,1.0
L2822,94.76,1,-5.19,1,1.0
L2823,94.6593,1,-5.1786,1,1.0
L2824,94.6086,1,-5.27706,1,1.0
L2825,94.47000000000001,1,-4.9239,1,1.0
L2826,94.43853000000001,2,-5.22562,1,1.0
L2827,94.43756,2,-5.242,1,1.0
L2828,94.43079,1,-5.19921,1,1.0
L2829,94.40037,1,-5.26669,1,1.0
L2830,94.27984,1,-5.17773,1,1.0
L2831,94.161,1,-4.0174,1,0.0
L2832,94.12480000000001,1,-5.1904,1,1.0
L2833,94.08617,1,-4.8364,1,1.0
L2834,94.05569999999999,1,-5.0112,1,1.0
L2835,94.02047999999999,1,-5.30604,1,1.0
L2836,93.964,1,-5.036,1,1.0
L2837,93.83780000000002,2,-5.25769,2,1.0
L2838,93.6603,1,-5.1801,1,1.0
L2839,93.5176,1,-5.0534,1,1.0
L2840,93.4708,1,-5.34134,1,1.0
L2841,93.443,1,-5.505,1,1.0
L2842,93.44025,1,-5.16509,1,1.0
L2843,93.42179999999999,1,-5.1772,1,1.0
L2844,93.35798,1,-5.15402,1,1.0
L2845,93.11894,1,-4.92026,1,1.0
L2846,93.11509,1,-5.12219,1,1.0
L2847,93.04224,1,-4.21152,1,0.0
L2848,93.03274,1,-5.14086,1,1.0
L2849,92.8668,1,-5.15944,1,1.0
L2850,92.759,1,-5.12736,1,1.0
L2851,92.70473,3,-5.0717099999999995,3,1.0
L2852,92.6586,1,-5.05656,1,1.0
L2853,92.44050999999999,1,-5.08036,1,1.0
L2854,92.3962,2,-5.1006,1,1.0
L2855,91.60676,1,-4.30896,1,0.0
L2856,91.35488000000001,4,-5.13072,3,1.0
L2857,91.3185,2,-5.1259999999999994,2,1.0
L2858,91.20320000000001,1,-5.0336,1,1.0
L2859,91.02394000000001,4,-5.098292,3,1.0
L2860,90.88352,1,-4.1328,1,0.0
L2861,90.7688,1,-5.0132,1,1.0
L2862,90.70848000000001,1,-4.98856,1,1.0
L2863,90.61,1,-4.1,1,0.0
L2864,90.57478,1,-4.97324,1,1.0
L2865,90.29597999999999,1,-4.074577,1,1.0
L2866,90.155,1,-4.079775,1,0.0
L2867,89.904,1,-4.824,1,1.0
L2868,89.41169000000001,1,-4.05169,1,0.0
L2869,89.29723,1,-4.82575,1,1.0
L2870,89.2594,1,-4.12886,1,0.0
L2871,89.07558999999999,3,-5.00877,1,1.0
L2872,88.52409999999999,1,-35.711543,1,1.0
L2873,88.21788,1,-4.77572,1,1.0
L2874,88.15525000000001,1,-4.98465,1,1.0
L2875,88.09861,2,-4.965407,2,1.0
L2876,88.00125,1,-4.99875,1,1.0
L2877,87.92656,1,-4.965362,1,1.0
L2878,87.85308,1,-5.22732,1,1.0
L2879,87.83355,1,-4.840925,1,1.0
L2880,87.813,1,-1.74636,1,1.0
L2881,87.68132999999999,1,-4.02969,1,0.0
L2882,87.59976,2,-4.67872,2,1.0
L2883,87.18245,1,-4.87255,1,1.0
L2884,87.14952000000001,1,-35.0352,1,1.0
L2885,87.1083,2,-4.88112,2,1.0
L2886,87.072,1,-16.3104,1,1.0
L2887,86.80909999999999,1,-11.22965,1,0.0
L2888,86.78202,1,-4.08702,1,0.0
L2889,86.73673,1,-3.9338,1,0.0
L2890,86.6851,5,-4.235556,3,1.0
L2891,86.25,1,-3.946156,1,0.0
L2892,85.85568,1,-11.21232,1,1.0
L2893,85.38485999999999,1,-3.90951,1,0.0
L2894,85.09734999999999,1,-22.30785,1,1.0
L2895,85.02676000000001,1,-14.89404,1,1.0
L2896,84.7807,1,-4.8433,1,1.0
L2897,84.3246,1,-4.7889,1,1.0
L2898,84.30493999999999,1,-15.41206,1,1.0
L2899,84.23895999999999,1,-5.73976,1,1.0
L2900,84.20279000000001,1,-4.73263,1,1.0
L2901,84.08945999999999,1,-4.63008,1,1.0
L2902,83.81232,1,-4.71888,1,1.0
L2903,83.79945000000001,1,-14.91525,1,1.0
L2904,83.79926999999999,1,-16.48903,1,1.0
L2905,83.36202,1,-4.63603,1,1.0
L2906,83.33852,2,-15.503995,1,1.0
L2907,83.29466000000001,2,-3.8096520000000003,1,0.0
L2908,83.25416,1,-2.32913,1,0.0
L2909,83.21208,1,-4.56792,1,1.0
L2910,82.64800000000001,2,-9.081204,2,1.0
L2911,82.44045,5,-5.285056,4,1.0
L2912,82.30319999999999,1,-10.5222,1,0.0
L2913,82.24636,1,-4.15664,1,1.0
L2914,82.11119,1,-4.55413,1,1.0
L2915,81.90797,1,-3.89355,1,0.0
L2916,81.86412,1,-17.581929,1,1.0
L2917,81.69,1,-4.39635,1,1.0
L2918,81.61000000000001,1,-32.74,1,1.0
L2919,81.60973000000001,1,-4.44881,1,1.0
L2920,81.57786,1,-11.63344,1,1.0
L2921,81.5262,1,-4.418,1,1.0
L2922,81.0825,1,-4.3575,1,1.0
L2923,81.07464,2,-4.0067,2,0.5
L2924,80.8404,1,-4.486677,1,1.0
L2925,80.584,1,-4.304,1,1.0
L2926,80.48143999999999,1,-32.37936,1,1.0
L2927,80.22524,1,-4.51576,1,1.0
L2928,80.12186000000001,2,-14.478422,1,1.0
L2929,80.01565,1,-4.7956,1,1.0
L2930,79.91614,2,-9.98996,2,1.0
L2931,79.85548,4,-4.342033,1,1.0
L2932,79.71358,1,-10.9129,1,1.0
L2933,79.49900000000001,1,-7.6951,1,0.0
L2934,79.41005,1,-20.99661,1,1.0
L2935,79.15296000000001,1,-4.340916,1,1.0
L2936,79.10324,3,-3.877853,2,0.0
L2937,78.85909999999998,2,-4.239491,2,1.0
L2938,78.82414,1,-14.449958,1,1.0
L2939,78.77613000000001,1,-4.30687,1,1.0
L2940,78.02559,1,-30.52611,1,1.0
L2941,77.88312,1,-3.57136,1,0.0
L2942,77.84928,1,-4.27584,1,1.0
L2943,77.77901999999999,2,-4.600139,2,1.0
L2944,77.65318,1,-3.51288,1,0.0
L2945,77.35520000000001,1,-4.2128,1,1.0
L2946,77.198,1,-4.247826,1,1.0
L2947,77.04216,1,-4.21824,1,1.0
L2948,76.96787,3,-8.27191,3,1.0
L2949,76.96054,1,-3.58104,1,0.0
L2950,76.9542,2,-9.673868,2,1.0
L2951,76.72073,2,-4.29045,1,1.0
L2952,76.27477999999999,2,-4.17704,2,1.0
L2953,76.146,1,-4.627,1,0.0
L2954,76.10123,1,-4.28001,1,1.0
L2955,75.97055,1,-6.85121,1,1.0
L2956,75.94391999999999,1,-4.148664,1,1.0
L2957,75.6874,2,-4.18884,2,1.0
L2958,75.5157,1,-19.727514,1,1.0
L2959,75.39259,1,-13.96486,1,1.0
L2960,75.2031,1,-3.6477,1,0.0
L2961,75.09105,1,-10.49355,1,1.0
L2962,75.08815,1,-4.2823,1,1.0
L2963,74.951,2,-12.4544,2,1.0
L2964,74.88866,1,-3.44421,1,0.0
L2965,74.632,1,-4.1768,1,1.0
L2966,74.49582,1,-4.244371,1,1.0
L2967,74.33496000000001,1,-3.99924,1,1.0
L2968,73.90823,7,-6.09091,6,0.8571428571428571
L2969,73.77320000000002,1,-9.34592,1,0.0
L2970,73.7621,1,-4.01056,1,1.0
L2971,73.65276,1,-4.9679,1,1.0
L2972,73.40186,1,-29.83814,1,1.0
L2973,72.77578,1,-6.20312,1,1.0
L2974,72.77556,1,-4.408716,1,1.0
L2975,72.77430000000001,1,-3.999861,1,1.0
L2976,72.60000000000001,1,-4.0854,1,1.0
L2977,72.1935,1,-3.2757,1,0.0
L2978,72.0768,1,-3.8656,1,1.0
L2979,72.0,1,-0.429,1,1.0
L2980,71.92509999999999,1,-3.3428,1,0.0
L2981,71.74423999999999,2,-3.9718400000000003,1,1.0
L2982,71.72658,1,-5.84714,1,1.0
L2983,71.31715,2,-4.06695,2,0.5
L2984,71.16199999999999,1,-12.74728,1,1.0
L2985,70.93053,1,-9.49509,1,1.0
L2986,70.8288,1,-3.8144,1,1.0
L2987,70.71173999999999,1,-4.885297,1,1.0
L2988,70.61216,2,-3.8708159999999996,2,1.0
L2989,70.06536,1,-27.51904,1,1.0
L2990,70.038,1,-3.834,1,1.0
L2991,69.87400000000001,1,-25.575158,1,1.0
L2992,69.69975,1,-3.8025,1,1.0
L2993,69.5695,1,-9.0987,1,0.0
L2994,69.482,1,-0.41846,1,1.0
L2995,69.447,1,0.4123,1,1.0
L2996,69.15115999999999,1,-3.78714,1,1.0
L2997,68.9386,2,-9.08713,2,1.0
L2998,68.79599999999999,1,-3.138,1,0.0
L2999,68.6465,1,-4.11957,1,1.0
L3000,68.5038,1,-3.6704,1,1.0
L3001,68.46762,1,-3.76038,1,1.0
L3002,68.306,1,-17.302,1,1.0
L3003,67.795,1,-12.218024,1,1.0
L3004,67.53556,1,-3.721096,1,1.0
L3005,67.37412,2,-5.474094,2,1.0
L3006,67.05770000000001,2,-5.380269,2,1.0
L3007,67.01324,2,-3.0244400000000002,1,0.0
L3008,66.8194,1,-3.9711,1,1.0
L3009,66.56377,1,-3.64,1,1.0
L3010,66.50019999999999,2,-3.5995,2,1.0
L3011,66.2865,1,-6.70355,1,0.0
L3012,65.98768,1,-3.75408,1,1.0
L3013,65.9008,1,-3.6672,1,1.0
L3014,65.8546,1,-7.0714,1,1.0
L3015,65.85282000000001,1,-3.71778,1,1.0
L3016,65.71767,2,-3.779108,1,1.0
L3017,65.504,1,-3.5584,1,1.0
L3018,65.35579,2,-3.6007100000000003,2,1.0
L3019,65.26146,1,-2.9172,1,0.0
L3020,65.1,1,-3.71862,1,1.0
L3021,64.66896,1,-3.40704,1,1.0
L3022,64.194,1,-3.56694,1,1.0
L3023,64.06374000000001,1,-3.55524,1,1.0
L3024,63.9568,1,-3.24752,1,0.0
L3025,63.8435,2,-3.5555000000000003,2,1.0
L3026,63.707359999999994,2,-2.99632,1,0.0
L3027,63.548100000000005,1,-8.757,1,1.0
L3028,63.39513,1,-3.50865,1,1.0
L3029,63.377919999999996,1,-5.63692,1,1.0
L3030,63.2358,1,-30.324285,1,0.0
L3031,63.193020000000004,2,-3.86706,2,1.0
L3032,63.15274,2,-3.4280600000000003,2,1.0
L3033,63.05135,2,-3.52541,1,1.0
L3034,63.01728,1,-11.43072,1,1.0
L3035,62.821000000000005,2,-3.095828,1,0.0
L3036,62.79,1,-2.79409,1,0.0
L3037,62.68053,3,-3.42393,3,1.0
L3038,62.59104,1,-3.44736,1,1.0
L3039,62.33424,1,-2.94372,1,0.0
L3040,62.32795,1,-23.128585,1,1.0
L3041,62.23035,1,-2.8418,1,0.0
L3042,62.19312000000001,1,-2.915616,1,0.0
L3043,62.12180000000001,2,-12.56217,2,0.5
L3044,61.73175,1,-5.2341,1,1.0
L3045,61.66464,1,-2.62336,1,1.0
L3046,61.4589,3,-2.9485,1,0.0
L3047,61.446000000000005,1,-3.3744,1,1.0
L3048,61.31869999999999,1,-2.81312,1,0.0
L3049,61.2833,1,-2.905337,1,0.0
L3050,61.20935000000001,1,-16.60815,1,1.0
L3051,61.116,1,-7.616,1,0.0
L3052,60.65358,1,-3.36336,1,1.0
L3053,60.599250000000005,1,-3.26991,1,1.0
L3054,60.4975,3,-3.3241,1,1.0
L3055,60.291000000000004,1,-4.1643,1,1.0
L3056,60.13049000000001,1,-3.398106,1,1.0
L3057,59.99520000000001,1,-8.12116,1,0.0
L3058,59.802330000000005,1,-23.780413,1,1.0
L3059,59.42790000000001,1,-3.2907,1,1.0
L3060,59.283,1,-10.92555,1,1.0
L3061,59.1052,1,-3.230988,1,1.0
L3062,58.99146,1,-3.23004,1,1.0
L3063,58.6189,2,-5.057084,1,1.0
L3064,58.553,1,-3.2615,1,1.0
L3065,57.916799999999995,1,-3.185496,1,1.0
L3066,57.8682,1,-3.15,1,1.0
L3067,57.519130000000004,2,-3.2982699999999996,1,1.0
L3068,57.28980000000001,2,-3.1196,1,1.0
L3069,57.2364,1,-3.1928,1,1.0
L3070,57.21352,1,-3.08328,1,1.0
L3071,56.69578,2,-2.55578,2,0.0
L3072,56.68026,1,-23.02794,1,1.0
L3073,56.43,1,-3.08,1,1.0
L3074,56.42566,4,-6.10528,4,1.0
L3075,56.35,1,-7.1438,1,0.0
L3076,56.188,1,-3.150455,1,1.0
L3077,56.15841,1,-10.53129,1,1.0
L3078,56.0851,1,-7.0641,1,0.0
L3079,56.016299999999994,1,-3.27143,1,1.0
L3080,55.7964,1,-22.4004,1,1.0
L3081,55.738150000000005,1,-2.8366,1,0.0
L3082,55.67122,1,-3.07213,1,1.0
L3083,55.61163,1,-2.57535,1,0.0
L3084,55.4625,1,-5.9874,1,1.0
L3085,55.28664,1,-3.02616,1,1.0
L3086,54.504999999999995,1,-3.11,1,1.0
L3087,54.398399999999995,2,-4.8416999999999994,2,1.0
L3088,54.27118000000001,1,-2.50096,1,0.0
L3089,54.1578,2,-2.5028,1,0.0
L3090,54.121539999999996,2,-2.778787,2,1.0
L3091,54.04113,2,-2.94122,2,1.0
L3092,53.684200000000004,2,-2.9488,2,1.0
L3093,53.37088,1,-5.4016,1,1.0
L3094,53.22432,1,-2.481153,1,0.0
L3095,53.030969999999996,1,-2.49275,1,0.0
L3096,53.02857,1,-9.72141,1,1.0
L3097,52.99409999999999,1,-3.009,1,1.0
L3098,52.96633,2,-9.888612,1,1.0
L3099,52.79600000000001,1,-9.4269,1,1.0
L3100,52.600080000000005,1,-2.35566,1,0.0
L3101,52.556380000000004,1,-2.41133,1,0.0
L3102,52.50790000000001,2,-7.1847199999999996,2,0.5
L3103,52.4806,1,-2.6818,1,1.0
L3104,52.4484,1,-2.66271,1,0.0
L3105,52.3663,1,-2.845969,1,1.0
L3106,52.35769,1,-2.41934,1,0.0
L3107,52.35359999999999,1,-7.1812,1,1.0
L3108,52.30224,1,-2.34684,1,0.0
L3109,52.24,1,-2.404,1,0.0
L3110,52.1312,1,-2.35565,1,0.0
L3111,52.031310000000005,1,-2.34099,1,0.0
L3112,51.9092,2,-2.4832,2,0.0
L3113,51.874559999999995,1,-2.32254,1,0.0
L3114,51.864700000000006,1,-2.8341,1,1.0
L3115,51.78880000000001,1,-2.9029,1,1.0
L3116,51.744,1,-5.5536,1,1.0
L3117,51.675399999999996,1,-2.401,1,0.0
L3118,51.663869999999996,1,-2.39507,1,0.0
L3119,51.65769999999999,2,-2.794428,2,1.0
L3120,51.54476,1,0.533301,1,1.0
L3121,51.39919999999999,1,-2.8529,1,1.0
L3122,51.1434,1,-2.90466,1,1.0
L3123,51.095439999999996,2,-8.370932,2,1.0
L3124,51.009,1,-2.8665,1,1.0
L3125,50.9772,1,-2.825274,1,1.0
L3126,50.90952000000001,2,-2.2892,1,0.0
L3127,50.757039999999996,1,-2.738722,1,1.0
L3128,50.38952999999999,1,-2.78817,1,1.0
L3129,50.169900000000005,1,-2.75103,1,1.0
L3130,50.157360000000004,1,-2.27907,1,0.0
L3131,50.1014,2,-2.624593,1,0.5
L3132,50.03673,1,-2.77104,1,1.0
L3133,49.9323,1,-2.23608,1,0.0
L3134,49.425270000000005,1,-2.71035,1,1.0
L3135,49.33638,1,-2.23941,1,0.0
L3136,49.25745,1,-2.72525,1,1.0
L3137,49.254490000000004,1,-2.88161,1,1.0
L3138,49.068200000000004,1,-2.6956,1,1.0
L3139,48.990089999999995,1,-2.33427,1,0.0
L3140,48.684599999999996,1,-2.7004,1,1.0
L3141,48.5243,2,-2.6868,2,1.0
L3142,48.431639999999994,1,-2.21391,1,0.0
L3143,48.34596,1,-2.27103,1,0.0
L3144,48.296079999999996,1,-2.73616,1,1.0
L3145,48.201600000000006,1,-2.5296,1,1.0
L3146,48.132659999999994,1,-2.69071,1,1.0
L3147,47.8588,1,-2.75,1,1.0
L3148,47.66256,1,-2.68884,1,1.0
L3149,47.65336,1,-2.68657,1,1.0
L3150,47.47325,1,-2.4607,1,1.0
L3151,47.434560000000005,1,-2.63424,1,1.0
L3152,47.431999999999995,1,-2.6576,1,1.0
L3153,47.296099999999996,1,-2.6038,1,1.0
L3154,47.17106,1,-11.81264,1,1.0
L3155,47.028850000000006,1,-2.64605,1,1.0
L3156,46.84239999999999,1,-2.7104,1,1.0
L3157,46.819990000000004,1,-2.67001,1,1.0
L3158,46.8012,1,-2.4725,1,1.0
L3159,46.75341,3,-2.52503,3,1.0
L3160,46.746,1,-2.7384,1,1.0
L3161,46.72696,1,-2.73504,1,1.0
L3162,46.71387,1,-2.54709,1,1.0
L3163,46.696,1,-2.586,1,1.0
L3164,46.66844,1,-2.65876,1,1.0
L3165,46.590720000000005,1,-2.55296,1,1.0
L3166,46.5152,1,-2.6036,1,1.0
L3167,46.51088,1,-2.57816,1,1.0
L3168,46.502880000000005,1,-2.39115,1,1.0
L3169,46.485,1,-2.61,1,1.0
L3170,46.475,1,-18.3625,1,1.0
L3171,46.427710000000005,2,-2.59915,2,1.0
L3172,46.38379,1,-2.53272,1,1.0
L3173,46.21651,1,-2.50369,1,1.0
L3174,46.19412,1,-2.6145,1,1.0
L3175,45.97117,1,-2.50933,1,1.0
L3176,45.9606,1,-2.5536,1,0.0
L3177,45.9273,2,-2.5956,2,1.0
L3178,45.9138,1,-2.52815,1,1.0
L3179,45.74324,1,-2.59859,1,1.0
L3180,45.696000000000005,1,-5.75526,1,0.0
L3181,45.69045,1,-2.535,1,1.0
L3182,45.25756,1,-2.11324,1,0.0
L3183,45.25488,1,-2.05488,1,0.0
L3184,45.234,1,-2.6628,1,1.0
L3185,45.18865,1,-2.57205,1,1.0
L3186,45.182120000000005,1,-2.045979,1,0.0
L3187,45.1748,1,-2.5608,1,1.0
L3188,45.1287,1,-2.4477,1,1.0
L3189,45.105729999999994,2,-2.20751,2,0.5
L3190,45.08632,1,-2.49368,1,1.0
L3191,45.085159999999995,1,-2.46326,1,1.0
L3192,44.83994,2,-5.33217,2,0.0
L3193,44.81138,1,-2.43252,1,1.0
L3194,44.72947,1,-10.793706,1,1.0
L3195,44.674279999999996,1,-2.43432,1,1.0
L3196,44.67191999999999,1,-8.33748,1,1.0
L3197,44.602560000000004,1,-10.20336,1,0.0
L3198,44.39,1,-2.11048,1,0.0
L3199,44.3212,1,-2.4068,1,1.0
L3200,44.24082,3,-2.15638,3,0.3333333333333333
L3201,44.173100000000005,2,-2.0685729999999998,2,0.0
L3202,44.14149999999999,3,-2.4536000000000002,2,0.6666666666666666
L3203,44.128,1,-7.84224,1,1.0
L3204,44.116299999999995,1,-7.8039,1,1.0
L3205,44.0655,1,-3.0305,1,1.0
L3206,43.9362,1,-2.4696,1,1.0
L3207,43.875299999999996,1,-8.1039,1,1.0
L3208,43.593779999999995,1,-1.98288,1,0.0
L3209,43.4712,1,-2.46336,1,1.0
L3210,43.38213,1,-5.87163,1,1.0
L3211,43.27431,1,-3.05547,1,1.0
L3212,43.134,1,-7.938,1,1.0
L3213,43.12,1,-2.4026,1,1.0
L3214,42.870799999999996,1,-1.98799,1,0.0
L3215,42.80748,1,-2.484256,1,1.0
L3216,42.59186,1,-16.92714,1,1.0
L3217,42.54444,1,-2.06334,1,0.0
L3218,42.360839999999996,3,-2.3083,3,1.0
L3219,42.28752,1,-16.93008,1,1.0
L3220,42.06621,2,-2.31379,2,1.0
L3221,42.045899999999996,1,-2.2542,1,1.0
L3222,41.970240000000004,1,-7.614801,1,1.0
L3223,41.84752,1,-1.99144,1,0.0
L3224,41.67792,1,-7.026528,1,1.0
L3225,41.6628,1,-2.286,1,1.0
L3226,41.62776,1,-2.231956,1,1.0
L3227,41.6252,1,-2.4662,1,1.0
L3228,41.55592,1,-2.2792,1,1.0
L3229,41.55417,1,-7.43778,1,1.0
L3230,41.52816,3,-2.27624,3,1.0
L3231,41.52456,1,-7.51954,1,1.0
L3232,41.45781,1,-7.44249,1,1.0
L3233,41.31152,2,-9.94004,2,1.0
L3234,41.1432,2,-2.28038,2,1.0
L3235,41.09019,1,-5.785746,1,1.0
L3236,41.05585,1,-2.27645,1,1.0
L3237,41.05134,1,-1.869372,1,0.0
L3238,40.80284,3,-2.213092,3,1.0
L3239,40.76685,1,-1.766895,1,0.0
L3240,40.719899999999996,1,-1.87673,1,0.0
L3241,40.40732,1,-2.185966,1,1.0
L3242,40.383,1,-1.86102,1,0.0
L3243,40.2876,1,-2.3864,1,1.0
L3244,40.000699999999995,1,-2.149663,1,1.0
L3245,39.96904,2,-1.843216,2,0.0
L3246,39.842999999999996,1,-2.05785,1,1.0
L3247,39.818859999999994,1,-2.26567,1,1.0
L3248,39.55655,1,-2.243543,1,1.0
L3249,39.4485,1,-7.5894,1,1.0
L3250,39.325,1,-7.38672,1,1.0
L3251,39.1212,1,-2.1132,1,1.0
L3252,39.02496,1,-2.19738,1,1.0
L3253,38.962239999999994,2,-2.15433,2,1.0
L3254,38.66216,1,-2.1328,1,1.0
L3255,38.658,1,-1.751,1,0.0
L3256,38.641400000000004,1,-1.685159,1,1.0
L3257,38.51675,2,-1.80785,1,0.0
L3258,38.478,2,-1.9679,1,0.5
L3259,38.43921,1,-12.657894,1,1.0
L3260,38.1695,1,-2.1275,1,1.0
L3261,38.09088,1,-2.11803,1,1.0
L3262,38.0754,1,-6.1182,1,1.0
L3263,37.96,2,-8.2544,1,0.0
L3264,37.880500000000005,1,-3.8248,1,0.0
L3265,37.850669999999994,1,-2.23533,1,1.0
L3266,37.849000000000004,1,-2.0825,1,1.0
L3267,37.80732,1,-2.16189,1,1.0
L3268,37.801500000000004,1,-1.7952,1,0.0
L3269,37.681599999999996,1,-4.30364,1,1.0
L3270,37.6312,1,-2.0808,1,1.0
L3271,37.61856,1,-13.35684,1,1.0
L3272,37.61478,1,-2.10168,1,1.0
L3273,37.57738,2,-6.900577,2,1.0
L3274,37.49764,1,-2.04516,1,1.0
L3275,37.45700000000001,1,-2.0265,1,1.0
L3276,37.272690000000004,1,-1.691947,1,0.0
L3277,37.1628,1,-1.73012,1,0.0
L3278,37.14528,1,-6.823008,1,1.0
L3279,37.03596,1,-1.66959,1,0.0
L3280,37.0224,1,-3.9744,1,1.0
L3281,36.9558,1,0.12978,1,1.0
L3282,36.94247,1,-2.03933,1,1.0
L3283,36.934200000000004,1,-2.0162,1,1.0
L3284,36.916160000000005,2,-2.05444,2,1.0
L3285,36.7567,1,-4.578173,1,0.0
L3286,36.60302,2,-2.01518,2,1.0
L3287,36.584,1,-1.9652,1,1.0
L3288,36.416610000000006,1,-5.02209,1,1.0
L3289,36.329,1,-3.12,1,1.0
L3290,36.27400000000001,1,-3.90887,1,1.0
L3291,35.99687,1,-2.0188,1,1.0
L3292,35.85528,1,-1.6264,1,0.0
L3293,35.802,1,-2.409,1,0.0
L3294,35.788,1,-21.4636,1,1.0
L3295,35.58622999999999,1,-20.56497,1,0.0
L3296,35.386280000000006,1,-2.0049,1,1.0
L3297,35.308800000000005,1,-14.3712,1,1.0
L3298,35.256299999999996,1,-1.9406,1,1.0
L3299,35.217600000000004,1,-1.9008,1,1.0
L3300,35.052800000000005,1,-1.9872,1,1.0
L3301,34.901799999999994,2,-1.9291999999999998,2,1.0
L3302,34.8708,1,-4.3552,1,0.0
L3303,34.75803,1,-1.59999,1,0.0
L3304,34.4456,1,-1.8704,1,1.0
L3305,34.39268,2,-3.015746,2,0.0
L3306,34.330949999999994,1,-6.40863,1,1.0
L3307,34.2822,1,-1.8938,1,1.0
L3308,34.2657,1,-8.8809,1,1.0
L3309,34.225390000000004,2,-1.88819,2,1.0
L3310,34.00964,1,-13.80276,1,1.0
L3311,33.93299999999999,1,-1.872,1,1.0
L3312,33.89445,1,-1.90665,1,1.0
L3313,33.882000000000005,1,-1.584,1,0.0
L3314,33.615359999999995,1,-1.578492,1,0.0
L3315,33.608290000000004,1,-12.2059,1,1.0
L3316,33.413039999999995,1,-1.8657,1,1.0
L3317,33.37248,1,-2.844,1,1.0
L3318,33.26336,1,-1.83716,1,1.0
L3319,32.93472,1,-12.76548,1,1.0
L3320,32.891,2,-1.8047999999999997,2,1.0
L3321,32.778240000000004,1,-3.33729,1,0.0
L3322,32.5404,1,-1.6204,1,0.0
L3323,32.5188,1,-4.2804,1,1.0
L3324,32.36834,1,-8.22766,1,1.0
L3325,32.35176,1,-1.48407,1,0.0
L3326,32.17853,1,-1.75972,1,1.0
L3327,31.96992,1,-1.46928,1,0.0
L3328,31.898,1,-8.34473,1,1.0
L3329,31.847640000000002,1,-1.493877,1,0.0
L3330,31.70304,2,-1.75736,2,1.0
L3331,31.6148,1,-1.7276,1,1.0
L3332,31.61037,1,-1.79883,1,1.0
L3333,31.43744,1,-1.44384,1,0.0
L3334,31.432799999999997,1,-1.7164,1,1.0
L3335,31.404999999999998,1,-1.4498,1,0.0
L3336,31.39383,1,-2.246556,1,0.0
L3337,31.20712,1,-1.77135,1,1.0
L3338,31.108000000000004,1,-1.7038,1,1.0
L3339,31.086,1,-3.33,1,1.0
L3340,31.029760000000003,1,-1.46166,1,0.0
L3341,30.849700000000002,1,-0.440475,1,0.0
L3342,30.833999999999996,1,-1.4805,1,0.0
L3343,30.8196,1,-0.1253,1,1.0
L3344,30.81,1,-3.8792,1,0.0
L3345,30.631040000000002,1,-1.82016,1,1.0
L3346,30.6152,1,-1.8144,1,0.0
L3347,30.3076,1,-1.723154,1,1.0
L3348,30.184,1,-1.638,1,1.0
L3349,30.1339,1,-1.7023,1,1.0
L3350,29.84,1,-1.65696,1,1.0
L3351,29.754,1,-1.7313,1,1.0
L3352,29.71872,1,-1.388,1,0.0
L3353,29.701800000000002,1,-5.5593,1,1.0
L3354,29.5812,1,-1.6136,1,1.0
L3355,29.51265,2,-1.60655,2,1.0
L3356,29.4717,1,-3.1533,1,1.0
L3357,29.45248,1,-1.60992,1,1.0
L3358,29.44088,1,-3.78822,1,0.0
L3359,29.3636,1,-1.3328,1,0.0
L3360,29.328,1,-1.6094,1,1.0
L3361,29.2523,1,-1.6008,1,1.0
L3362,29.1928,1,-1.6072,1,1.0
L3363,29.18682,1,-1.32288,1,0.0
L3364,29.151210000000003,1,-1.66419,1,1.0
L3365,29.122199999999996,1,-1.332423,1,0.0
L3366,29.001019999999997,2,-1.61401,2,1.0
L3367,28.966910000000002,1,-10.45869,1,1.0
L3368,28.90952,1,-1.58688,1,1.0
L3369,28.752499999999998,1,-1.3525,1,0.0
L3370,28.7226,1,-2.540322,1,1.0
L3371,28.71104,2,-1.45409,2,0.5
L3372,28.6671,1,-1.3482,1,0.0
L3373,28.4804,1,-1.6276,1,1.0
L3374,28.432499999999997,1,-1.3026,1,0.0
L3375,28.273249999999997,2,-2.657667,2,1.0
L3376,28.047629999999998,1,-1.580007,1,1.0
L3377,28.0432,1,-1.55618,1,1.0
L3378,28.01925,1,-3.53565,1,0.0
L3379,27.8642,1,-1.5483,1,1.0
L3380,27.83918,1,-1.53482,1,1.0
L3381,27.8044,1,-1.5054,1,1.0
L3382,27.747400000000003,1,-1.59494,1,1.0
L3383,27.54,1,-1.516779,1,1.0
L3384,27.50469,1,-1.50331,1,1.0
L3385,27.48003,2,-1.51199,2,1.0
L3386,27.37084,1,-1.51536,1,1.0
L3387,27.36615,1,-1.519805,1,1.0
L3388,27.0625,1,-1.4575,1,1.0
L3389,26.56892,1,-1.24236,1,0.0
L3390,26.43928,1,-1.46971,1,1.0
L3391,26.37696,1,-0.71488,1,1.0
L3392,26.2038,1,-4.8372,1,1.0
L3393,26.180000000000003,1,-0.30532,1,1.0
L3394,26.17623,1,-1.20933,1,0.0
L3395,26.160960000000003,1,-1.422652,1,1.0
L3396,26.11,1,-1.45516,1,1.0
L3397,26.02663,1,-4.85837,1,1.0
L3398,26.017500000000002,1,-1.182,1,0.0
L3399,25.98453,1,-4.634718,1,1.0
L3400,25.945,1,-1.4725,1,1.0
L3401,25.885,1,-3.60096,1,1.0
L3402,25.87728,1,-1.41933,1,1.0
L3403,25.779329999999998,1,-1.22904,1,0.0
L3404,25.724619999999998,1,-1.43819,1,1.0
L3405,25.64028,1,-1.1745,1,0.0
L3406,25.48286,1,-1.15388,1,0.0
L3407,25.027,1,-1.16203,1,0.0
L3408,25.019399999999997,1,-1.4812,1,0.0
L3409,25.01056,1,-1.4448,1,1.0
L3410,24.88536,1,-1.29951,1,1.0
L3411,24.84482,1,-1.14998,1,0.0
L3412,24.772799999999997,1,-4.496596,1,1.0
L3413,24.57432,1,-4.51298,1,1.0
L3414,24.500339999999998,1,-3.384693,1,1.0
L3415,24.382599999999996,1,-1.4476,1,1.0
L3416,24.359939999999998,1,-2.78091,1,1.0
L3417,24.24563,2,-2.00343,2,0.0
L3418,24.12465,5,-1.22533,5,0.2
L3419,23.92768,1,-1.153572,1,1.0
L3420,23.850199999999997,1,-1.3134,1,1.0
L3421,23.81975,1,-1.40025,1,1.0
L3422,23.79132,1,-0.84672,1,1.0
L3423,23.74226,2,-1.07627,2,0.0
L3424,23.69225,1,-1.6125,1,0.0
L3425,23.690710000000003,2,-1.32769,2,1.0
L3426,23.50528,1,-1.27424,1,1.0
L3427,23.30614,1,-1.24852,1,1.0
L3428,23.244900000000005,1,-1.3041,1,1.0
L3429,23.2135,1,-1.055,1,0.0
L3430,23.00665,1,-1.26976,1,1.0
L3431,22.995,1,-1.1109,1,0.0
L3432,22.96814,1,-1.2701,1,1.0
L3433,22.646720000000002,1,-1.04159,1,0.0
L3434,22.635900000000003,1,-1.2306,1,1.0
L3435,22.471,1,-1.2006,1,1.0
L3436,22.45896,1,-1.0284,1,0.0
L3437,22.426799999999997,1,-1.207998,1,1.0
L3438,22.31352,1,-1.2372,1,1.0
L3439,22.03682,1,-1.24072,1,1.0
L3440,22.01808,1,-1.19882,1,0.0
L3441,22.0022,1,-3.008698,1,1.0
L3442,21.868000000000002,1,-1.268,1,0.0
L3443,21.849800000000002,1,-8.7822,1,1.0
L3444,21.763799999999996,1,-2.1942,1,0.0
L3445,21.539,1,-4.021,1,1.0
L3446,21.233040000000003,1,-1.1604,1,1.0
L3447,21.1995,1,-1.1508,1,1.0
L3448,21.16975,1,-6.92275,1,1.0
L3449,21.12576,1,-3.88704,1,1.0
L3450,21.05664,1,-2.25,1,1.0
L3451,21.043000000000003,1,-8.457,1,1.0
L3452,20.995500000000003,1,-1.1265,1,1.0
L3453,20.797060000000002,1,-2.93204,1,1.0
L3454,20.69901,1,-3.71682,1,1.0
L3455,20.630319999999998,2,-1.788755,2,1.0
L3456,20.613390000000003,1,-0.92505,1,0.0
L3457,20.530440000000002,1,-3.80828,1,1.0
L3458,20.48966,1,-8.4245,1,1.0
L3459,20.426849999999998,1,-0.91449,1,0.0
L3460,20.2755,1,-0.93219,1,0.0
L3461,20.236800000000002,1,-0.9061,1,0.0
L3462,20.0607,1,-9.77955,1,0.0
L3463,19.99998,1,-1.00212,1,1.0
L3464,19.983880000000003,1,-1.11244,1,1.0
L3465,19.9698,1,-1.0782,1,1.0
L3466,19.926750000000002,1,-8.29825,1,1.0
L3467,19.90317,1,-1.09683,1,1.0
L3468,19.86094,1,-3.88146,1,1.0
L3469,19.74969,1,-1.07352,1,1.0
L3470,19.57959,1,-1.07541,1,1.0
L3471,19.56032,1,-1.10058,1,1.0
L3472,19.4584,1,-1.0516,1,1.0
L3473,19.3932,1,-1.0548,1,1.0
L3474,19.341,1,-1.0405,1,1.0
L3475,19.2563,2,-0.88307,1,0.0
L3476,19.201500000000003,1,-1.071,1,1.0
L3477,19.1964,1,-0.87648,1,0.0
L3478,19.018799999999995,1,-1.0458,1,1.0
L3479,18.9806,1,-0.8432,1,0.0
L3480,18.98,1,-3.6816,1,0.0
L3481,18.9792,1,-0.8676,1,0.0
L3482,18.9568,1,-0.8672,1,0.0
L3483,18.86833,1,-1.02657,1,1.0
L3484,18.856199999999998,1,-0.8792,1,0.0
L3485,18.8282,1,-1.065,1,1.0
L3487,18.817300000000003,1,-1.054,1,1.0
L3486,18.817300000000003,1,-1.1679,1,1.0
L3488,18.81624,1,-1.02696,1,1.0
L3489,18.79176,1,-1.0413,1,1.0
L3490,18.74882,1,-1.02638,1,1.0
L3491,18.72486,1,-0.98784,1,1.0
L3492,18.6384,1,-0.9736,1,1.0
L3493,18.58409,1,-1.02011,1,1.0
L3494,18.52914,1,-1.00086,1,1.0
L3495,18.4739,1,-1.0047,1,1.0
L3496,18.3174,1,-0.9872,1,1.0
L3497,18.28675,1,-1.0435,1,1.0
L3498,18.23682,1,-0.9681,1,1.0
L3499,18.1566,1,-3.3642,1,1.0
L3500,18.1296,1,-0.99984,1,1.0
L3501,18.1188,1,-2.4156,1,1.0
L3502,18.117330000000003,1,-0.98091,1,1.0
L3503,18.07676,1,-1.01218,1,1.0
L3504,18.033250000000002,1,-0.9885,1,1.0
L3505,18.016199999999998,1,-1.0098,1,1.0
L3506,17.9996,1,-0.9962,1,1.0
L3507,17.9814,1,-1.064,1,1.0
L3508,17.967139999999997,1,-2.61947,1,1.0
L3509,17.89876,1,-0.83292,1,0.0
L3510,17.8778,1,-0.8066,1,0.0
L3511,17.871,1,-3.37985,1,1.0
L3512,17.83093,1,-0.98458,1,1.0
L3513,17.787959999999998,1,-0.99864,1,1.0
L3514,17.75818,1,-7.14582,1,1.0
L3515,17.725099999999998,1,-0.99465,1,1.0
L3516,17.72092,1,-2.2344,1,0.0
L3517,17.6787,1,-1.34694,1,0.0
L3518,17.601599999999998,1,-1.1456,1,1.0
L3519,17.54624,1,-2.22824,1,0.0
L3520,17.520750000000003,1,-0.793,1,0.0
L3521,17.48399,1,-0.96235,1,1.0
L3522,17.450400000000002,1,-0.96168,1,1.0
L3523,17.4342,1,-0.9652,1,1.0
L3524,17.2448,1,-2.3647,1,1.0
L3525,17.232,1,-1.8352,1,1.0
L3526,17.224,1,-0.7856,1,0.0
L3527,17.1832,1,-3.1848,1,1.0
L3528,17.069200000000002,1,-0.958,1,1.0
L3529,17.04132,1,-0.79056,1,0.0
L3530,16.99398,1,-3.07002,1,1.0
L3531,16.74812,1,-0.91827,1,1.0
L3532,16.6889,1,-0.9214,1,1.0
L3533,16.6848,1,-0.75648,1,0.0
L3534,16.66413,1,-4.63197,1,1.0
L3535,16.6448,1,-3.0662,1,1.0
L3536,16.55352,1,-0.75672,1,0.0
L3537,16.5366,1,-3.0378,1,1.0
L3538,16.45182,1,-0.9093,1,1.0
L3539,16.3968,1,-3.1752,1,1.0
L3540,16.36056,1,-0.7434,1,0.0
L3541,16.322,1,-6.642,1,1.0
L3542,16.272,1,-0.912,1,1.0
L3543,16.235,1,-2.9002,1,1.0
L3544,16.15635,1,-0.86919,1,1.0
L3545,16.06806,1,-0.91494,1,1.0
L3546,16.041,1,-0.864,1,1.0
L3547,15.927810000000001,1,-0.73066,1,0.0
L3548,15.9276,1,-0.7226,1,0.0
L3549,15.810599999999999,1,-2.9262,1,1.0
L3550,15.797250000000002,1,-0.74902,1,0.0
L3551,15.72832,1,-0.70144,1,0.0
L3552,15.711990000000002,1,-0.8778,1,1.0
L3553,15.65938,1,-0.72488,1,0.0
L3554,15.628499999999999,1,-1.02636,1,1.0
L3555,15.552,1,-0.7332,1,0.0
L3556,15.540399999999998,4,-0.83218,4,0.5
L3557,15.4759,1,-0.71082,1,0.0
L3558,15.41072,1,-0.83728,1,1.0
L3559,15.398670000000001,1,-4.0257,1,1.0
L3560,15.391680000000001,1,-2.73952,1,1.0
L3561,15.284190000000002,1,-1.64169,1,1.0
L3562,15.283000000000001,1,-0.8551,1,1.0
L3563,15.2451,1,-0.8294,1,1.0
L3564,15.209999999999999,1,-2.8095,1,1.0
L3565,15.188600000000001,1,-0.6958,1,0.0
L3566,15.16544,1,-0.68912,1,0.0
L3567,15.1552,1,-3.872,1,1.0
L3568,15.146999999999998,1,-0.69795,1,0.0
L3569,15.146999999999998,1,-0.828,1,1.0
L3570,15.04944,1,-0.689556,1,0.0
L3571,14.96608,1,-0.676,1,0.0
L3572,14.92,1,-0.67824,1,0.0
L3573,14.909370000000001,1,-0.66549,1,1.0
L3574,14.896590000000002,1,-0.82297,1,1.0
L3575,14.89605,1,-0.69945,1,1.0
L3576,14.807,1,-0.8248,1,1.0
L3577,14.784,1,-0.868,1,1.0
L3578,14.75175,1,-0.71085,1,0.0
L3579,14.70276,1,-2.69586,1,1.0
L3580,14.587200000000001,1,-0.804,1,1.0
L3581,14.55077,1,-0.79458,1,1.0
L3582,14.53824,1,-0.79984,1,1.0
L3583,14.48598,1,-0.76494,1,1.0
L3584,14.471400000000001,1,-0.75958,1,1.0
L3585,14.462,1,-0.819,1,1.0
L3586,14.4261,1,-0.7865,1,1.0
L3587,14.39025,1,-0.79425,1,1.0
L3588,14.376919999999998,1,-0.79515,1,1.0
L3589,14.348600000000001,1,-0.7882,1,1.0
L3590,14.304480000000002,1,-2.18093,1,1.0
L3591,14.24448,1,-0.73456,1,1.0
L3592,14.23216,1,-0.73328,1,1.0
L3593,14.23216,1,-0.73728,1,1.0
L3595,14.23216,1,-0.7376,1,1.0
L3594,14.23216,1,-0.7328,1,1.0
L3596,14.22208,1,-0.74832,1,1.0
L3597,14.10896,1,-0.78144,1,1.0
L3598,14.079999999999998,1,-0.79266,1,1.0
L3599,14.078399999999998,1,-0.7725,1,1.0
L3600,14.078339999999999,1,-0.79668,1,1.0
L3601,14.0535,1,-0.7845,1,1.0
L3602,14.046149999999999,1,-0.77895,1,1.0
L3603,14.0236,1,-0.82196,1,1.0
L3604,14.0216,1,-0.77486,1,1.0
L3605,14.002220000000001,1,-0.77401,1,1.0
L3606,13.985399999999998,1,-0.7683,1,1.0
L3607,13.947659999999999,1,-0.8001,1,1.0
L3608,13.947299999999998,1,-0.7731,1,1.0
L3609,13.9458,1,-0.8108,1,1.0
L3610,13.9412,1,-0.7588,1,1.0
L3611,13.9224,1,-1.19584,1,1.0
L3612,13.831999999999999,1,-1.5392,1,1.0
L3613,13.831999999999999,1,-0.7982,1,1.0
L3614,13.8149,1,-0.79477,1,1.0
L3615,13.8149,1,-0.75354,1,1.0
L3616,13.790399999999998,1,-0.7592,1,1.0
L3617,13.7646,1,-0.7542,1,1.0
L3618,13.713420000000001,1,-0.75348,1,1.0
L3619,13.70132,1,-1.16416,1,1.0
L3620,13.5732,1,-0.7392,1,1.0
L3621,13.56796,1,-0.91084,1,1.0
L3622,13.53942,1,-0.73782,1,1.0
L3623,13.46772,1,-0.74648,1,1.0
L3624,13.453520000000001,1,-6.25328,1,1.0
L3625,13.45176,1,-0.74239,1,1.0
L3626,13.363199999999999,1,-0.740796,1,1.0
L3627,13.348799999999999,1,-0.74124,1,1.0
L3628,13.3471,1,-2.3933,1,1.0
L3629,13.316400000000002,1,-0.7356,1,1.0
L3630,13.269760000000002,1,-0.60298,1,0.0
L3631,13.2282,1,-2.44188,1,1.0
L3632,13.20528,1,-0.81696,1,1.0
L3633,13.163680000000001,1,-3.41552,1,1.0
L3634,13.123199999999999,1,-0.9096,1,1.0
L3635,13.1064,1,-0.702,1,1.0
L3636,13.032719999999998,1,-1.1898,1,1.0
L3637,13.01616,1,-0.65344,1,0.0
L3638,13.0143,1,-0.66555,1,1.0
L3639,13.013,1,-2.4219,1,1.0
L3640,13.008000000000001,1,-0.7284,1,1.0
L3641,12.961620000000002,1,-0.59934,1,0.0
L3642,12.74208,1,-0.58864,1,0.0
L3643,12.5412,1,-2.3184,1,1.0
L3644,12.540000000000001,1,-2.322,1,1.0
L3645,12.448800000000002,1,-0.5658,1,0.0
L3646,12.443200000000001,1,-0.65936,1,1.0
L3647,12.437850000000001,1,-1.9083,1,1.0
L3648,12.331520000000001,1,-3.232,1,1.0
L3649,12.328809999999999,1,-0.64532,1,0.0
L3650,12.32192,1,-0.56199,1,0.0
L3651,12.2733,1,-1.67385,1,1.0
L3652,12.17372,1,-0.6708,1,1.0
L3653,12.01902,1,-0.6669,1,1.0
L3654,11.9339,1,-1.93776,1,0.0
L3655,11.9185,1,-0.6457,1,1.0
L3656,11.91808,1,-0.66112,1,1.0
L3657,11.89592,3,-0.60792,3,0.3333333333333333
L3658,11.864160000000002,1,-2.74064,1,1.0
L3659,11.85938,1,-0.61555,1,1.0
L3660,11.7858,1,-0.64558,1,1.0
L3661,11.6982,1,-0.5427,1,0.0
L3662,11.59416,1,-0.5364,1,0.0
L3663,11.59416,1,-0.53748,1,0.0
L3664,11.59404,1,-0.5322,1,0.0
L3665,11.527949999999999,1,-2.7732,1,1.0
L3666,11.49,1,-0.548,1,0.0
L3667,11.47452,1,-0.51864,1,0.0
L3668,11.46504,1,-0.525,1,0.0
L3669,11.443200000000001,1,-0.52596,1,0.0
L3670,11.3848,1,-0.74752,1,0.0
L3671,11.28444,1,-0.51672,1,0.0
L3672,11.182360000000001,1,-0.93044,1,0.0
L3673,11.15931,1,-2.05717,1,1.0
L3674,11.1072,1,-0.52092,1,0.0
L3675,11.08812,1,-0.56292,1,0.0
L3676,11.01672,1,-1.52373,1,1.0
L3677,11.001,1,-0.6161,1,1.0
L3678,10.927000000000001,1,-0.597,1,1.0
L3679,10.867,1,-0.587,1,1.0
L3680,10.825000000000001,1,-0.574,1,1.0
L3681,10.76999,1,-0.58751,1,1.0
L3682,10.71334,1,-0.57486,1,1.0
L3683,10.71103,1,-0.49654,1,0.0
L3684,10.69838,1,-0.51205,1,0.0
L3685,10.669649999999999,1,-4.33035,1,1.0
L3686,10.615499999999999,1,-0.5175,1,0.0
L3687,10.44187,3,-0.48629999999999995,3,0.3333333333333333
L3688,10.40718,1,-0.89208,1,1.0
L3689,10.35468,1,-4.19652,1,1.0
L3690,10.30634,1,-0.58113,1,1.0
L3691,10.30128,1,-1.40232,1,1.0
L3692,10.29063,2,-0.51141,2,0.0
L3693,10.26685,1,-1.60875,1,1.0
L3694,10.19592,1,-0.56016,1,1.0
L3695,10.19271,1,-0.52943,1,1.0
L3696,10.186219999999999,1,-0.583,1,1.0
L3697,10.129499999999998,1,-0.5535,1,1.0
L3698,10.104049999999999,1,-0.54857,1,1.0
L3699,10.048,1,-0.563,1,1.0
L3700,10.04304,1,-3.68802,1,1.0
L3701,9.94938,1,-4.29282,1,1.0
L3702,9.8971,1,-0.5379,1,1.0
L3703,9.89688,1,-2.56632,1,1.0
L3704,9.82896,1,-0.551256,1,1.0
L3705,9.706069999999999,1,-0.53251,1,1.0
L3706,9.627149999999999,1,-0.06838,1,1.0
L3707,9.593200000000001,1,-0.5528,1,1.0
L3708,9.518399999999998,1,-0.7371,1,1.0
L3709,9.513,1,-0.5328,1,1.0
L3710,9.392399999999999,1,-1.7334,1,1.0
L3711,8.9214,1,-2.18424,1,1.0
L3712,8.802100000000001,1,-2.4789,1,1.0
L3713,8.770900000000001,1,-0.4844,1,1.0
L3714,8.7317,1,-0.4832,1,1.0
L3715,8.693999999999999,1,-1.560501,1,1.0
L3716,8.59798,2,-0.48049,2,1.0
L3717,8.53303,1,-1.56948,1,1.0
L3718,8.1697,1,-0.449328,1,1.0
L3719,7.843,1,-2.75803,1,1.0
L3720,7.5937,1,-0.41862,1,1.0
L3721,7.46,1,-2.865,1,1.0
L3722,7.34706,1,-3.00564,1,1.0
L3723,7.2933,1,-2.7857,1,1.0
L3724,7.2022,1,-2.6063,1,1.0
L3725,7.1708,2,-0.34097,2,0.5
L3726,7.12488,1,-0.359096,1,1.0
L3727,6.936400000000001,2,-0.632703,2,0.5
L3728,6.39784,1,-0.3,1,0.0
L3729,5.933940000000001,3,-0.289601,3,0.3333333333333333
L3730,5.8383,1,-0.266643,1,0.0
L3731,5.5415,1,-0.32,1,1.0
L3732,5.4766200000000005,2,-0.24996,2,0.0
L3733,5.3775,1,-0.2485,1,0.0
L3734,4.83385,1,-0.27515,1,1.0
L3735,4.69828,2,-0.58004,2,1.0
L3736,4.6244,1,-0.3924,1,0.0
L3737,4.5943000000000005,1,-0.2817,1,1.0
L3738,4.288,1,-0.649712,1,0.0
L3739,4.2408,1,-0.1984,1,0.0
L3740,3.6856,1,-0.20572,1,1.0
L3741,3.50148,1,-0.19768,1,1.0
L3742,3.45156,1,-0.18936,1,1.0
L3743,2.43,1,0.0144,1,0.0
L3744,2.42256,1,-0.123,1,0.0
L3745,2.03499,2,-0.094856,2,0.0
L3746,1.9120000000000001,1,-0.1338,1,1.0
L3747,1.5472700000000001,2,-0.072387,2,0.0
L3748,1.222,1,-0.081633,1,0.0
L3749,1.0272999999999999,1,-0.05026,1,0.0
L3750,1.0014,1,-0.0587,1,1.0
L3751,0.9955700000000001,1,-0.05513,1,1.0
L3752,0.9815499999999999,1,-0.04432,1,0.0
L3753,0.96053,1,-0.17636,1,1.0
L3754,0.95479,1,-0.04764,1,0.0
L3755,0.95075,1,-0.04904,1,1.0
L3756,0.94543,1,-0.047371,1,1.0
L3757,0.8807,1,-0.04869,1,1.0
L3758,0.8621900000000001,1,-0.04498,1,1.0
L3759,0.85191,1,-0.050144,1,1.0
L3760,0.849,1,-0.06925,1,0.0
L3761,0.81144,1,-0.03667,1,0.0
L3762,0.7594400000000001,1,-0.03531,1,0.0
L3763,0.7559199999999999,1,-0.041677,1,1.0
L3764,0.7496,1,-0.034412,1,0.0
L3765,0.64063,1,-0.03693,1,1.0
