dt,side,n,sum_A,nq_0.1,A_0.1,spr_0.1,B_0.1,nB_0.1,nq_0.5,A_0.5,spr_0.5,B_0.5,nB_0.5,nq_1,A_1,spr_1,B_1,nB_1,nq_2,A_2,spr_2,B_2,nB_2,nq_5,A_5,spr_5,B_5,nB_5,nq_10,A_10,spr_10,B_10,nB_10,nq_30,A_30,spr_30,B_30,nB_30,nq_60,A_60,spr_60,B_60,nB_60,sum_B_1,n_B_1,sum_rest_1,sum_tot_1,sum_B_10,n_B_10,sum_rest_10,sum_tot_10
2026-05-04,1,12249,-20363.9802282744,418,-4.456008317641401,1070.2286647541819,-864.5206246325816,418,1523,-169.39915746297723,3905.1260523150568,-4818.24346386164,1523,2672,-874.3289661382856,6852.951036310709,-8271.490408154608,2672,4305,-2495.383819503498,10908.695073786392,-13679.705448784138,4305,7950,-8918.108062019197,20252.201731470916,-25246.18763038129,7950,12249,-20363.9802282744,31289.881377924612,-37213.83419232915,12249,12249,-20363.9802282744,31289.881377924612,-37213.83419232915,12249,12249,-20363.9802282744,31289.881377924612,-37213.83419232915,12249,-24669.91121787398,12249,-32923.03291437663,-53287.01314265105,-37213.83419232915,12249,-32923.03291437663,-53287.01314265105
2026-05-04,-1,14263,21507.639437758615,650,4.412316023037482,1797.1282958798267,1468.7379596770188,650,1785,255.65661425263988,4402.954597004606,6129.050635724565,1785,2871,971.6460810680154,7056.633370993071,9469.350275714609,2871,4857,2606.408365669238,12055.08188709247,15705.399939157101,4857,9135,9205.566993917197,22881.773461938123,27067.54824348037,9135,14263,21507.639437758615,36138.9630370955,39958.0838193985,14263,14263,21507.639437758615,36138.9630370955,39958.0838193985,14263,14263,21507.639437758615,36138.9630370955,39958.0838193985,14263,24093.835585386165,14263,34036.08038800114,55543.71982575981,39958.0838193985,14263,34036.08038800114,55543.71982575981
2026-05-05,1,9552,-15764.049396647575,342,-4.888676544188078,520.4351355307177,-921.5348151994276,342,1166,-117.37232358513661,1699.9106658375342,-3015.943620714632,1166,2008,-587.5352161432547,2977.7797323975037,-4908.102068255083,2008,3318,-1886.7262272100636,5038.225659584125,-7833.538785132625,3318,6163,-6960.227993697378,9661.629911190506,-14097.669010336376,6163,9552,-15764.049396647575,15221.776382159715,-21065.788426191008,9552,9552,-15764.049396647575,15221.776382159715,-21065.788426191008,9552,9552,-15764.049396647575,15221.776382159715,-21065.788426191008,9552,-15308.11171551793,9552,-18758.168569577057,-34522.21796622467,-21065.788426191008,9552,-18758.168569577057,-34522.21796622467
2026-05-05,-1,11982,19378.610035295424,416,12.475775500193585,635.2354150891002,1324.227889657422,416,1378,170.4193416632875,2054.9740561905537,5023.111654626502,1378,2367,691.673948069644,3529.130138018167,8379.040891453946,2367,3940,2067.6274364002757,5964.770395731348,12956.51768619244,3940,7489,7719.3505326159775,11445.833512857262,23742.311971916235,7489,11982,19378.610035295424,18422.17584506758,35593.37066926674,11982,11982,19378.610035295424,18422.17584506758,35593.37066926674,11982,11982,19378.610035295424,18422.17584506758,35593.37066926674,11982,20517.679143979647,11982,30431.13267195677,49809.74270725222,35593.37066926674,11982,30431.13267195677,49809.74270725222
2026-05-06,1,15078,-33351.734667107376,816,-13.99443841073204,1788.382361428245,-1911.3830496294277,816,2117,-392.724332004845,4718.025860339729,-7518.054128919083,2117,3346,-1461.5390595065583,7612.738674373098,-12452.06397404352,3346,5425,-4028.7849791590806,12190.764844081796,-18851.588488052294,5425,9885,-15019.642376160064,22221.616057964828,-33641.68199058127,9885,15078,-33351.734667107376,34349.36664049361,-49563.01200489664,15078,15078,-33351.734667107376,34349.36664049361,-49563.01200489664,15078,15078,-33351.734667107376,34349.36664049361,-49563.01200489664,15078,-29518.52953965045,15078,-43813.611329280124,-77165.34599638758,-49563.01200489664,15078,-43813.611329280124,-77165.34599638758
2026-05-06,-1,14094,30998.832223984395,462,2.5618454126613153,1081.1741239899072,1059.5023443546268,462,1677,357.0999424906577,3623.112563515103,4514.345282949205,1677,2830,1334.872454302783,6380.591803825104,8521.42369295832,2830,4713,3656.9790017930763,10573.547747569408,14278.621813484438,4713,8952,13167.92469716736,19911.50867218103,26023.594279214623,8952,14094,30998.832223984395,31645.750137304225,39031.32664055001,14094,14094,30998.832223984395,31645.750137304225,39031.32664055001,14094,14094,30998.832223984395,31645.750137304225,39031.32664055001,14094,23804.72007714366,14094,33412.10828873768,64410.94051272214,39031.32664055001,14094,33412.10828873768,64410.94051272214
2026-05-07,1,12789,-29010.651566023127,410,-4.843958812956046,622.1292455664004,-1262.4562173095194,410,1603,-278.09761751369615,2221.805583885936,-4709.117344799768,1603,2667,-1239.9149092411799,3724.6639199024667,-7778.405043846778,2667,4320,-3400.437048449361,6108.241529531197,-11764.187221864038,4320,8059,-11994.330265985438,11717.320079153093,-21718.400454514296,8058,12789,-29010.651566023127,19247.32737750915,-33964.10109195218,12788,12789,-29010.651566023127,19247.32737750915,-33964.10109195218,12788,12789,-29010.651566023127,19247.32737750915,-33964.10109195218,12788,-25863.10869641333,12789,-30843.31731366591,-59853.968879689135,-33964.10109195218,12788,-30843.31731366591,-59853.968879689135
2026-05-07,-1,11680,27882.989015804756,406,13.429803712523608,606.1760550153949,1547.840891516088,406,1420,338.7348965833231,1956.244012084765,4246.45355130166,1420,2355,1167.8264445014265,3206.473232923665,6557.7420543742155,2355,3833,3254.0350142288144,5257.456492338309,9990.782887499421,3833,7354,12025.835963618625,10373.467825640837,17527.917505688027,7354,11680,27882.989015804756,16968.908883825836,26816.525220306896,11677,11680,27882.989015804756,16968.908883825836,26816.525220306896,11677,11680,27882.989015804756,16968.908883825836,26816.525220306896,11677,20638.52030860033,11680,24516.75088882314,52399.73990462803,26816.525220306896,11677,24516.75088882314,52399.73990462803
2026-05-08,1,14410,-27102.344272343842,534,-8.384049918450849,699.72016331949,-718.7240975635463,534,1755,-274.0639777104446,2205.570644928569,-3484.1004073153304,1755,3036,-1071.1869711846234,3799.454361546711,-5995.976348238171,3036,4941,-3340.0705301178214,6214.660373698345,-9515.83350217346,4941,9155,-11425.364972701283,11720.74059692157,-17435.926454762477,9155,14410,-27102.344272343842,18664.08078764824,-26846.134278559322,14410,14410,-27102.344272343842,18664.08078764824,-26846.134278559322,14410,14410,-27102.344272343842,18664.08078764824,-26846.134278559322,14410,-21398.26202823698,14410,-25576.623226468124,-52678.96749881188,-26846.134278559322,14410,-25576.623226468124,-52678.96749881188
2026-05-08,-1,16055,30007.553493687883,684,6.127370455157102,838.6945550539933,1412.7420699710972,684,2062,276.93740918289944,2510.5568083917483,5329.42521432771,2062,3404,1129.2636415567792,4109.712112776613,8685.711532676549,3404,5510,3370.63502165504,6760.356944326537,13647.657251466682,5510,10218,12371.55893530496,12689.813848643284,24957.880163650865,10218,16055,30007.553493687883,20350.298484107436,39490.878545355394,16055,16055,30007.553493687883,20350.298484107436,39490.878545355394,16055,16055,30007.553493687883,20350.298484107436,39490.878545355394,16055,25011.52716151539,16055,34443.0754163724,64450.62891006028,39490.878545355394,16055,34443.0754163724,64450.62891006028
2026-05-09,1,5960,-1259.4538497641765,154,3.831341799358454,324.29204248341,-187.44168573702797,154,486,7.348324895340276,1120.9795016408054,-753.0882964725081,486,851,-28.38800063658765,2025.211356891304,-1398.7461201901008,851,1573,-144.9118968055378,3697.9512327947905,-2351.641274585975,1573,3401,-511.24271546235315,7886.646084058839,-4649.702953902212,3401,5960,-1259.4538497641765,13820.638001517478,-7675.140835451214,5960,5960,-1259.4538497641765,13820.638001517478,-7675.140835451214,5960,5960,-1259.4538497641765,13820.638001517478,-7675.140835451214,5960,-7173.96485714878,5960,-7115.157315217979,-8374.61116498219,-7675.140835451214,5960,-7115.157315217979,-8374.61116498219
2026-05-09,-1,4025,1069.3402864939828,75,0.0,129.45219285448832,128.4280983473121,75,404,7.351766838542438,861.7271896841478,726.5617976802348,404,655,30.706974650755875,1389.1165884226891,1248.807562868495,655,1143,49.83109253542869,2449.345214818167,2296.419187137812,1143,2333,232.26989330211273,5029.52112450766,4727.878313973593,2333,4025,1069.3402864939828,8668.020009189302,8322.607849506407,4025,4025,1069.3402864939828,8668.020009189302,8322.607849506407,4025,4025,1069.3402864939828,8668.020009189302,8322.607849506407,4025,8863.434246859368,4025,8318.32363620438,9387.66392269825,8322.607849506407,4025,8318.32363620438,9387.66392269825
2026-05-10,1,8687,-2729.952363758498,539,0.0046992188982329375,1131.160194025697,-526.0572231175825,539,883,-13.471306299794513,1776.3724191113429,-1894.0275423790208,883,1260,-32.44282850238811,2518.4685421717822,-2781.480323544027,1260,2354,-210.39602965727386,4756.458576766377,-4506.706378222469,2354,5043,-918.857565034779,10170.95774993511,-8480.299606344184,5043,8687,-2729.952363758498,17398.299705535792,-13725.634948365487,8687,8687,-2729.952363758498,17398.299705535792,-13725.634948365487,8687,8687,-2729.952363758498,17398.299705535792,-13725.634948365487,8687,-12919.615150692582,8687,-14016.14343152175,-16746.095795280256,-13725.634948365487,8687,-14016.14343152175,-16746.095795280256
2026-05-10,-1,6459,2518.7235775263475,117,2.5519368055666143,212.66993963430895,334.02792908873937,117,581,41.894253492326285,1098.7265183076593,1386.2437941692697,581,1075,127.20210888977238,2082.575226896928,2781.058622218408,1075,1941,325.91931483371803,3750.845670651408,5121.673747654967,1940,3950,1121.7308420572538,7589.737281713644,10019.12924819479,3946,6459,2518.7235775263475,12239.363911099208,16469.288231174476,6453,6459,2518.7235775263475,12239.363911099208,16469.288231174476,6453,6459,2518.7235775263475,12239.363911099208,16469.288231174476,6453,13723.4832360223,6459,15618.995478798619,18137.71905632495,16469.288231174476,6453,15618.995478798619,18137.71905632495
2026-05-11,1,20974,-36922.20508783315,1619,-7.621172716473995,2935.984305945737,-3207.8909829197323,1619,3373,-363.9995778299684,5418.0743322003,-9741.719806594338,3373,4953,-1490.46003950221,7785.467187338205,-14999.770896414087,4952,7953,-4433.077125156855,12520.682808712309,-23326.058459797474,7951,14178,-15618.516787267103,22901.937150871516,-39132.29431492956,14173,20974,-36922.20508783315,34565.58686070562,-58073.60734401531,20964,20974,-36922.20508783315,34565.58686070562,-58073.60734401531,20964,20974,-36922.20508783315,34565.58686070562,-58073.60734401531,20964,-41112.01926494589,20974,-52756.39946011254,-89678.6045479459,-58073.60734401531,20964,-52756.39946011254,-89678.6045479459
2026-05-11,-1,19203,38686.83021942048,857,12.489406593376291,1489.1095151870923,1886.8238200217913,857,2657,378.52255180837506,4373.9818486918775,8282.845552785071,2657,4361,1599.9821387260695,7147.666061749659,12928.06188210243,4361,6975,4676.011764780149,11423.275902941306,20570.037239164158,6975,12669,16805.251691681115,20851.82264723935,35597.782100831675,12669,19203,38686.83021942048,31861.014349300433,52107.926142927216,19203,19203,38686.83021942048,31861.014349300433,52107.926142927216,19203,19203,38686.83021942048,31861.014349300433,52107.926142927216,19203,32027.645353207085,19203,46457.8315906526,85144.66181007307,52107.926142927216,19203,46457.8315906526,85144.66181007307
2026-05-12,1,20773,-46390.82911689563,964,-8.252043901594915,1185.767033293043,-2140.8879737953125,963,3146,-540.386893750118,3916.7168410065356,-8132.814850693728,3145,5043,-2147.4747015699904,6388.302393215134,-12880.783943003178,5041,7881,-5825.356889310314,10041.232246813644,-20397.86415950475,7879,13866,-20196.133816194117,18218.121574358913,-34368.8699914686,13864,20773,-46390.82911689563,27945.962896767276,-50700.06546607902,20771,20773,-46390.82911689563,27945.962896767276,-50700.06546607902,20771,20773,-46390.82911689563,27945.962896767276,-50700.06546607902,20771,-36327.76815371646,20773,-45537.51966033096,-91928.34877722675,-50700.06546607902,20771,-45537.51966033096,-91928.34877722675
2026-05-12,-1,18413,43822.22172301887,953,9.773607836274387,1323.6250788342766,1557.6419855776016,953,2653,402.86297831393784,3577.967453381176,6335.934229828232,2653,4268,1737.7009162346449,5716.184768233179,10298.013725230403,4268,6693,5556.046308742725,9035.19620423346,15226.571970085137,6693,12017,19190.282307456633,16347.56333400337,26174.76008158471,12017,18413,43822.22172301887,25404.32346043324,39111.0991961533,18413,18413,43822.22172301887,25404.32346043324,39111.0991961533,18413,18413,43822.22172301887,25404.32346043324,39111.0991961533,18413,29147.339338820188,18413,36425.95112891823,80248.17285193694,39111.0991961533,18413,36425.95112891823,80248.17285193694
2026-05-13,1,20409,-38783.28160306063,1290,-13.88844024376241,1269.2532210752902,-1994.2604828867488,1290,3425,-521.4922575069779,3624.697493716957,-7700.883449194973,3425,5251,-1901.5384776222695,5518.938915503437,-11720.218447739744,5250,7936,-5197.523450916635,8250.179211382378,-17530.459021640938,7933,13709,-17467.16307262902,14227.311218919283,-30003.8384377027,13706,20409,-38783.28160306063,21573.206916522642,-44817.17949247895,20404,20409,-38783.28160306063,21573.206916522642,-44817.17949247895,20404,20409,-38783.28160306063,21573.206916522642,-44817.17949247895,20404,-34878.853836461436,20409,-41144.27614770202,-79927.55775076288,-44817.17949247895,20404,-41144.27614770202,-79927.55775076288
2026-05-13,-1,19200,40235.112812572675,964,18.909938075646238,970.1113370856331,1255.4294181070422,964,2815,471.6750108664413,3015.4963044191873,5373.574280363659,2815,4547,1791.5060774851281,4829.813568350402,8847.285679606644,4547,7052,5122.959451366379,7445.306878196356,14478.54681325367,7052,12490,17698.438420056897,13183.471094731838,25651.03856723133,12490,19200,40235.112812572675,20514.571783999643,38437.00215497745,19200,19200,40235.112812572675,20514.571783999643,38437.00215497745,19200,19200,40235.112812572675,20514.571783999643,38437.00215497745,19200,29466.78687873928,19200,36127.18313296261,76362.29594553527,38437.00215497745,19200,36127.18313296261,76362.29594553527
2026-05-14,1,17911,-33487.041056214315,1380,-23.998913735499595,1421.5506078952667,-1759.769805884552,1380,3150,-328.52403442377084,3441.2799594446815,-6219.4293727128315,3150,4682,-1256.8153014788306,5096.203692240745,-8955.68447515776,4682,6932,-3692.5720312879353,7370.305547011233,-12842.550166840725,6932,11916,-14667.262161931325,12701.568804806227,-21189.16759559221,11916,17911,-33487.041056214315,19275.31904844418,-30431.703949150557,17911,17911,-33487.041056214315,19275.31904844418,-30431.703949150557,17911,17911,-33487.041056214315,19275.31904844418,-30431.703949150557,17911,-26341.67819838974,17911,-27728.05357893819,-61215.09463515247,-30431.703949150557,17911,-27728.05357893819,-61215.09463515247
2026-05-14,-1,16539,33584.12779273402,749,7.486940239267432,839.1329830956561,811.5399990006212,748,2392,309.7921337384036,2752.3404608119918,4217.135846106707,2391,3866,1326.5495125270236,4486.2484555803,6480.825794505767,3865,6006,3934.779633581632,6749.088038000966,9944.569811019206,6005,10679,14852.822190985957,11829.618175190699,17530.61474285322,10678,16539,33584.12779273402,18214.851577384896,25817.486192685996,16538,16539,33584.12779273402,18214.851577384896,25817.486192685996,16538,16539,33584.12779273402,18214.851577384896,25817.486192685996,16538,20362.072291217402,16539,23327.010255928566,56911.138048662746,25817.486192685996,16538,23327.010255928566,56911.138048662746
2026-05-15,1,19706,-50499.14556520321,1138,-5.529896279087749,1252.4609557059082,-1554.7273961294968,1138,3110,-306.09734641189084,3686.333566533767,-7006.86401911708,3110,4796,-1643.2306536236672,5737.994788507158,-10814.618357297046,4796,7291,-5153.209619594971,8613.858481321291,-16246.008118597238,7291,12916,-21166.606032856747,15725.068047520608,-28658.030479861987,12916,19706,-50499.14556520321,24510.484930438302,-45119.63756692502,19706,19706,-50499.14556520321,24510.484930438302,-45119.63756692502,19706,19706,-50499.14556520321,24510.484930438302,-45119.63756692502,19706,-33958.35990349942,19706,-40549.21804056219,-91048.36360576545,-45119.63756692502,19706,-40549.21804056219,-91048.36360576545
2026-05-15,-1,17320,45910.27445786499,545,5.761653273553998,781.0073745626319,1581.0280892399046,545,2391,299.02516113756354,3257.050058101582,7584.517685739949,2391,4062,1549.7137788120763,5521.850318347863,11762.780170320737,4062,6313,4806.053914167533,8301.536005522763,18223.083707920385,6313,11339,19148.783520808727,14919.845358952178,31686.064496708073,11338,17320,45910.27445786499,22790.14720516604,46364.23367100251,17317,17320,45910.27445786499,22790.14720516604,46364.23367100251,17317,17320,45910.27445786499,22790.14720516604,46364.23367100251,17317,32207.55706678312,17320,42168.35398280148,88078.62844066633,46364.23367100251,17317,42168.35398280148,88078.62844066633
2026-05-16,1,6831,-3019.105435434515,218,0.0,277.3496618388194,-324.732483662342,218,706,-6.980792569618842,803.1902159566968,-1199.4455123422886,706,1204,-90.82460713763811,1350.923558398627,-1924.6731202296419,1204,2056,-270.58735039593864,2268.170602269483,-3224.55318474,2056,4100,-1075.969014880066,4378.984868087681,-6331.6897416589045,4100,6831,-3019.105435434515,7003.588639725675,-10464.6732845166,6831,6831,-3019.105435434515,7003.588639725675,-10464.6732845166,6831,6831,-3019.105435434515,7003.588639725675,-10464.6732845166,6831,-10350.370711899057,6831,-10025.51889730295,-13044.624332737418,-10464.6732845166,6831,-10025.51889730295,-13044.624332737418
2026-05-16,-1,7272,3723.598601815258,146,3.6118664277613064,174.27626448376247,280.9649164665901,146,708,40.451489457655434,821.3803219904041,1225.7228252438154,708,1247,132.36560513540752,1376.2146491486897,1967.5976724626018,1247,2172,417.2026701971869,2329.674805667511,3306.4565545423684,2172,4372,1522.9842668810677,4560.347883123544,6360.280596541322,4372,7272,3723.598601815258,7447.770047613327,10326.91506717182,7272,7272,3723.598601815258,7447.770047613327,10326.91506717182,7272,7272,3723.598601815258,7447.770047613327,10326.91506717182,7272,10200.207515830849,7272,9725.421547674121,13449.020149489428,10326.91506717182,7272,9725.421547674121,13449.020149489428
2026-05-17,1,10097,-6721.251940555443,327,1.043198289012538,353.28873734928413,-391.79166641749185,327,1026,-51.03936322500398,1068.4845971496115,-1500.5106640594472,1026,1785,-281.11081873643445,1847.9659942649437,-2459.4570360581192,1785,3103,-714.5161147496492,3171.141849246883,-4031.6565080312203,3103,6156,-2616.081861030652,6183.595617048449,-7569.879238613683,6156,10097,-6721.251940555443,10018.89509209789,-11900.513649983324,10097,10097,-6721.251940555443,10018.89509209789,-11900.513649983324,10097,10097,-6721.251940555443,10018.89509209789,-11900.513649983324,10097,-11329.585114364285,10097,-11832.830505435573,-18554.08244599097,-11900.513649983324,10097,-11832.830505435573,-18554.08244599097
2026-05-17,-1,11756,8788.625312615713,519,-1.755189873525866,469.32218562074195,418.33779616837154,519,1275,56.193110726558885,1227.945912394958,1268.961547348776,1275,2073,208.11735999869052,2075.1285206548137,2018.7064993814004,2073,3589,762.4162546120299,3683.473391976169,3356.907075246252,3589,7280,3706.04410568767,7557.345691917431,6694.119038444454,7280,11756,8788.625312615713,12117.273521181818,10930.748343669266,11756,11756,8788.625312615713,12117.273521181818,10930.748343669266,11756,11756,8788.625312615713,12117.273521181818,10930.748343669266,11756,12111.638164122915,11756,11013.460039515614,19802.085352131387,10930.748343669266,11756,11013.460039515614,19802.085352131387
2026-05-18,1,15609,-40718.201121210324,857,-10.901555082122874,908.1202900730102,-1394.836254914322,857,2392,-291.5424480727644,2572.1130445961726,-5241.650646151954,2392,3783,-1402.0646282378616,4172.189264818677,-7831.520580279906,3783,5787,-4447.688835060904,6416.753180522886,-11851.627113983155,5787,10198,-16354.890617169587,11576.100690799738,-19277.606287378636,10198,15609,-40718.201121210324,17967.895582233403,-28017.559329575713,15609,15609,-40718.201121210324,17967.895582233403,-28017.559329575713,15609,15609,-40718.201121210324,17967.895582233403,-28017.559329575713,15609,-21607.65544917104,15609,-26018.8497393575,-66737.05086056792,-28017.559329575713,15609,-26018.8497393575,-66737.05086056792
2026-05-18,-1,23954,41474.66833567689,1082,-0.08561522453732473,1260.160091522568,1499.9380341194994,1082,2925,254.97840994908825,3191.502564729979,4668.397143443758,2925,4784,1268.7623482026247,5156.045381916263,7262.99051832289,4782,8071,4253.157280657271,8741.11528112154,10852.510601471418,8068,15570,17593.708229929514,17173.522041980046,19138.276364083828,15564,23954,41474.66833567689,26984.3154151266,26443.12981156345,23943,23954,41474.66833567689,26984.3154151266,26443.12981156345,23943,23954,41474.66833567689,26984.3154151266,26443.12981156345,23943,21148.99866557672,23954,24034.1041869847,65508.77252266154,26443.12981156345,23943,24034.1041869847,65508.77252266154
2026-05-19,1,14998,-34982.419645409536,834,-1.2103123728548513,752.8947617291998,-1352.4728616297625,834,2222,-335.97985200550596,2165.016951003073,-4350.153407374828,2222,3433,-1340.2433832389988,3354.2296111017713,-6320.668111758334,3433,5306,-3802.713541458482,5098.393905402299,-9156.724496145122,5306,9563,-14305.572997452458,9470.545407432042,-15675.465400128383,9563,14998,-34982.419645409536,15184.783767564531,-24208.204673935557,14998,14998,-34982.419645409536,15184.783767564531,-24208.204673935557,14998,14998,-34982.419645409536,15184.783767564531,-24208.204673935557,14998,-19846.279369925032,14998,-22339.24229173016,-57321.6619371397,-24208.204673935557,14998,-22339.24229173016,-57321.6619371397
2026-05-19,-1,16027,36827.33168408423,796,7.594631067862038,776.9948335774766,1194.7812138199731,796,2230,371.0998667857756,2131.112448321251,4605.373196687182,2230,3576,1489.690066100426,3525.753173446737,7327.092265398511,3576,5595,4087.8696266321454,5482.93174163695,11104.459823527352,5595,10233,15146.508969705023,10318.572901504416,19844.455091803706,10233,16027,36827.33168408423,16619.98599165082,30639.84843036039,16027,16027,36827.33168408423,16619.98599165082,30639.84843036039,16027,16027,36827.33168408423,16619.98599165082,30639.84843036039,16027,22264.961251682224,16027,26897.87479879649,63725.206482880705,30639.84843036039,16027,26897.87479879649,63725.206482880705
2026-05-20,1,12636,-24840.687347177925,458,-7.395499584255427,384.8416294185147,-432.86754613667625,458,1593,-225.3393841563531,1339.2120006967884,-2473.7850866569106,1593,2694,-1022.4561101636436,2307.169001958767,-4635.018944665852,2694,4293,-2789.7877502778506,3608.7414685734525,-7068.721465498054,4293,7983,-10301.658257217321,6921.609075008972,-12765.397857650947,7983,12636,-24840.687347177925,11302.713329435124,-18789.33537992451,12636,12636,-24840.687347177925,11302.713329435124,-18789.33537992451,12636,12636,-24840.687347177925,11302.713329435124,-18789.33537992451,12636,-15171.886171436687,12636,-17524.392079366007,-42365.079426543976,-18789.33537992451,12636,-17524.392079366007,-42365.079426543976
2026-05-20,-1,10747,20388.05483344558,457,7.510306612797774,373.1891486167771,642.006560873131,457,1438,172.32946582426035,1161.177528934817,2923.9979605357394,1438,2266,696.2353502013692,1826.9295493707705,4465.302670332035,2266,3706,2223.779366935365,2982.97746372307,6965.229395158129,3706,6813,8315.189898380417,5619.647697867292,10996.066965819204,6813,10747,20388.05483344558,9217.702336597196,16820.085833578272,10747,10747,20388.05483344558,9217.702336597196,16820.085833578272,10747,10747,20388.05483344558,9217.702336597196,16820.085833578272,10747,13937.662397646614,10747,15798.501936197405,36186.55676964296,16820.085833578272,10747,15798.501936197405,36186.55676964296
2026-05-21,1,10397,-23128.868941985962,365,-2.7877601734652346,282.24563440243077,-148.29512821249756,365,1258,-242.81644193071577,1038.0523340169061,-1065.9347883257815,1258,2076,-905.4356851950402,1763.437967328195,-2114.8324166600323,2076,3325,-2606.8409440781516,2828.1765549987913,-2810.5408259758165,3325,6359,-9600.997951471863,5440.799871227146,-4778.051267655121,6359,10397,-23128.868941985962,8907.00865639902,-8803.262977467895,10397,10397,-23128.868941985962,8907.00865639902,-8803.262977467895,10397,10397,-23128.868941985962,8907.00865639902,-8803.262977467895,10397,-11677.32182508154,10397,-9357.979886965308,-32486.84882895129,-8803.262977467895,10397,-9357.979886965308,-32486.84882895129
2026-05-21,-1,12861,25026.20581776662,579,1.525131485289711,418.6104003065049,899.5939855944325,579,1752,202.1103846810565,1254.436972967576,3430.363573461298,1752,2862,1145.7680738386166,2114.2706524038445,5805.311906194633,2862,4530,3004.6038465815673,3436.0996066310554,7978.299662717076,4530,8231,10820.052244751017,6471.588406536625,13519.26199613479,8231,12861,25026.20581776662,10357.735222060355,20409.00685915986,12861,12861,25026.20581776662,10357.735222060355,20409.00685915986,12861,12861,25026.20581776662,10357.735222060355,20409.00685915986,12861,14746.64568577216,12861,17774.75261865813,42800.95843642491,20409.00685915986,12861,17774.75261865813,42800.95843642491
2026-05-22,1,10040,-20001.319275601374,493,-2.0143028148286386,345.5377070045044,-706.8887176522119,493,1294,-183.43742507121996,879.8120235835588,-2145.3706836255806,1294,2048,-744.3223013931874,1388.163646263034,-3395.522913705618,2048,3235,-2177.0722927936804,2286.933918833688,-5017.760604283827,3235,6115,-8351.78992061953,4532.603162191284,-8494.753111937156,6115,10040,-20001.319275601374,7557.989216460052,-13500.383582733255,10040,10040,-20001.319275601374,7557.989216460052,-13500.383582733255,10040,10040,-20001.319275601374,7557.989216460052,-13500.383582733255,10040,-9637.481197825278,10040,-11645.680870732573,-31647.00014633403,-13500.383582733255,10040,-11645.680870732573,-31647.00014633403
2026-05-22,-1,12081,19962.74165929466,465,-5.970919705821712,307.95676446682637,437.39316629675795,465,1476,162.60708892638397,921.5528353630376,1741.031629372313,1476,2431,678.486751495783,1563.8648829061235,2894.332445839179,2431,3968,2155.6755528035765,2621.55431064168,4537.00876474714,3968,7530,8259.619528884625,5142.240623559844,7879.885623312533,7530,12081,19962.74165929466,8555.043507755512,12816.245393678088,12081,12081,19962.74165929466,8555.043507755512,12816.245393678088,12081,12081,19962.74165929466,8555.043507755512,12816.245393678088,12081,10887.27636865587,12081,11690.667196086037,31653.40885538062,12816.245393678088,12081,11690.667196086037,31653.40885538062
2026-05-23,1,5609,-3692.5167239362704,120,1.3316525957113985,112.27504882147309,-232.4178888988754,120,580,-21.40848850132768,552.9842626052873,-739.8806454727087,580,1068,-137.83473826442648,1000.3174324398321,-1345.7246161198268,1068,1771,-433.0716859823955,1571.8385947829313,-2143.163685136029,1771,3431,-1557.922868084765,2958.493375764523,-4209.101744446844,3431,5609,-3692.5167239362704,4727.962899708236,-7262.834089078913,5609,5609,-3692.5167239362704,4727.962899708236,-7262.834089078913,5609,5609,-3692.5167239362704,4727.962899708236,-7262.834089078913,5609,-7100.271943263732,5609,-7177.899493892668,-10870.416217828863,-7262.834089078913,5609,-7177.899493892668,-10870.416217828863
2026-05-23,-1,5579,3916.92661289028,149,1.0121088202344115,136.386773857063,273.6203986298438,149,559,40.98654870624216,519.3075319502456,1136.1153876159483,558,970,114.57114722265959,872.3316390633639,1999.0436713623951,968,1600,354.32351081630156,1350.0957037192609,3085.24143821879,1595,3248,1455.4813560989537,2659.9688333608915,6033.451602223042,3240,5579,3916.92661289028,4506.129916753319,9842.087827012663,5566,5579,3916.92661289028,4506.129916753319,9842.087827012663,5566,5579,3916.92661289028,4506.129916753319,9842.087827012663,5566,7729.0501147731575,5579,8635.639579767943,12552.56619265824,9842.087827012663,5566,8635.639579767943,12552.56619265824
2026-05-24,1,4662,-4763.947390718098,110,0.0,96.55188701078954,-218.24184888938436,110,472,-44.60593551292615,434.0121463589715,-858.8848854425453,472,823,-167.86079630765693,776.9939942676817,-1330.7136349399389,823,1392,-506.3469286334954,1290.6370954459903,-2216.534596174086,1392,2785,-1869.9518795743488,2597.475568917812,-4516.88397795613,2785,4662,-4763.947390718098,4381.342263467388,-7502.232173292688,4662,4662,-4763.947390718098,4381.342263467388,-7502.232173292688,4662,4662,-4763.947390718098,4381.342263467388,-7502.232173292688,4662,-6319.12959692148,4662,-6852.799604890866,-11616.746995608977,-7502.232173292688,4662,-6852.799604890866,-11616.746995608977
2026-05-24,-1,4736,4134.583762785612,185,-0.6590654454370497,165.2368901198612,280.2800748234485,185,454,31.76044509419456,414.9644036950815,717.9219863773149,454,750,165.0767398550403,704.9790596887509,1315.65261363241,750,1289,473.2216251743454,1207.8755071962687,2160.705232985466,1289,2686,1616.627568204706,2527.4549553431557,4134.91863853793,2686,4736,4134.583762785612,4457.290273363611,6619.65698003012,4736,4736,4134.583762785612,4457.290273363611,6619.65698003012,4736,4736,4134.583762785612,4457.290273363611,6619.65698003012,4736,6351.1618682669305,4736,6354.592010382043,10489.17577316763,6619.65698003012,4736,6354.592010382043,10489.17577316763
2026-05-25,1,5220,-4155.617298929717,154,-0.3250605425530972,129.6577367515437,-108.34401722154072,154,456,-49.097460035226405,363.4324680589993,-534.212580000973,456,754,-169.32403024187875,599.9066456496969,-793.065614719264,754,1425,-502.6240685777202,1115.716842007268,-1078.8139671352706,1425,3045,-1766.246378472803,2342.7052438230985,-2045.019919228364,3045,5220,-4155.617298929717,3960.997802009249,-3412.6552112833815,5220,5220,-4155.617298929717,3960.997802009249,-3412.6552112833815,5220,5220,-4155.617298929717,3960.997802009249,-3412.6552112833815,5220,-3874.8373275523454,5220,-3658.4593606650783,-7814.076659594817,-3412.6552112833815,5220,-3658.4593606650783,-7814.076659594817
2026-05-25,-1,4242,3108.4634548295867,152,0.0,104.97575870543733,147.7153998593845,152,405,27.37663760831068,278.80982498097273,660.9051494126923,405,647,85.365270989713,442.9346229782061,1030.708836118311,647,1159,282.26921798498506,788.5946045734258,1775.6344879735007,1159,2453,1130.3114767993188,1688.1013348428035,3477.251877019578,2453,4242,3108.4634548295867,2991.5279243168634,5657.983349466832,4242,4242,3108.4634548295867,2991.5279243168634,5657.983349466832,4242,4242,3108.4634548295867,2991.5279243168634,5657.983349466832,4242,4807.652332113124,4242,5210.888962064362,8319.352416893913,5657.983349466832,4242,5210.888962064362,8319.352416893913
2026-05-26,1,10566,-21017.292618090018,1008,0.5228303284360292,628.209510141553,-1376.052244640985,1008,1955,-206.6442618478943,1330.128670310531,-3715.612964513776,1955,2792,-703.1541908227813,1979.508359815734,-4716.443550520485,2792,4030,-2202.8734166687304,2984.119273821595,-6494.101904675242,4030,6868,-8707.362018466421,5407.194676355396,-10077.492427442598,6868,10566,-21017.292618090018,8660.090989518338,-14840.387003954233,10566,10566,-21017.292618090018,8660.090989518338,-14840.387003954233,10566,10566,-21017.292618090018,8660.090989518338,-14840.387003954233,10566,-12057.67009437792,10566,-13658.005466446211,-34675.29808453612,-14840.387003954233,10566,-13658.005466446211,-34675.29808453612
2026-05-26,-1,13750,25552.849728599133,1070,11.785293428971691,678.4579950270373,904.3040644575245,1070,2244,281.860907674994,1521.5658393302579,2679.184006333576,2244,3364,1074.579812174969,2419.1485791453324,4898.055584808483,3364,5074,3118.1126834602783,3747.1401366503405,7531.195928231024,5074,8982,11062.914690925372,6994.391106447104,12711.497579850193,8982,13750,25552.849728599133,11138.641339597227,17871.66140728075,13750,13750,25552.849728599133,11138.641339597227,17871.66140728075,13750,13750,25552.849728599133,11138.641339597227,17871.66140728075,13750,13284.653902330414,13750,15741.696069345573,41294.54579794444,17871.66140728075,13750,15741.696069345573,41294.54579794444
2026-05-27,1,13626,-25340.73812896239,981,-7.565620026511721,692.4221255191617,-1338.6734123442063,981,2155,-156.08896909093488,1549.12357218866,-4047.680211412415,2155,3287,-827.7564148757601,2441.253523456916,-6051.240371851325,3287,4918,-2307.413638651248,3702.2760766345323,-9487.939967197271,4918,8695,-9544.170491861018,6867.585319896076,-17034.88533961895,8695,13626,-25340.73812896239,11270.472223041621,-26699.00528548377,13626,13626,-25340.73812896239,11270.472223041621,-26699.00528548377,13626,13626,-25340.73812896239,11270.472223041621,-26699.00528548377,13626,-17268.71822018741,13626,-22173.870268073893,-47514.6083970363,-26699.00528548377,13626,-22173.870268073893,-47514.6083970363
2026-05-27,-1,13757,24248.246051755115,1087,3.6352600379126505,791.8652824385384,1425.8265390414754,1087,2144,160.43028688763278,1534.988320869795,3503.205273504976,2144,3254,718.8628843749348,2426.1244340015196,5353.016943145225,3254,4885,2081.83050458695,3702.6976392300458,7376.044523269754,4884,8769,9365.546546801073,7061.738848276687,12635.702022672338,8766,13757,24248.246051755115,11560.273937380063,20148.742323542305,13751,13757,24248.246051755115,11560.273937380063,20148.742323542305,13751,13757,24248.246051755115,11560.273937380063,20148.742323542305,13751,15027.89584123188,13757,18147.465405376977,42395.71145713189,20148.742323542305,13751,18147.465405376977,42395.71145713189
2026-05-28,1,11433,-23081.14655611988,726,-4.928353781856856,530.6076372012449,-648.5682889351714,726,1802,-177.72222068284702,1249.263154463626,-3081.2381289492755,1800,2754,-706.8661453165352,1955.1259480758185,-4863.152369346397,2752,4197,-2229.7830933508867,3080.496157826768,-7184.912536223365,4194,7352,-9154.885568190643,5772.215973617907,-12449.111410216763,7346,11433,-23081.14655611988,9414.648714647265,-19022.81778034346,11423,11433,-23081.14655611988,9414.648714647265,-19022.81778034346,11423,11433,-23081.14655611988,9414.648714647265,-19022.81778034346,11423,-13250.296617727192,11433,-16824.113353388115,-39905.25990950801,-19022.81778034346,11423,-16824.113353388115,-39905.25990950801
2026-05-28,-1,12676,24006.866520312,813,-0.9246964906194342,614.2119257423856,1380.6480752557545,813,2005,192.79545007842182,1449.7495458092912,4137.7379255114765,2005,3040,783.9990149568667,2239.436455000331,6548.664329086085,3040,4685,2474.1953981799697,3590.767882595797,9364.545630956529,4685,8251,10016.80463264049,6699.819359709931,15259.693813349702,8251,12676,24006.866520312,10611.525520476409,22675.345708084536,12676,12676,24006.866520312,10611.525520476409,22675.345708084536,12676,12676,24006.866520312,10611.525520476409,22675.345708084536,12676,14650.484375036754,12676,20286.40333879115,44293.26985910308,22675.345708084536,12676,20286.40333879115,44293.26985910308
2026-05-29,1,9264,-16198.84289653066,347,-0.8955685000208131,185.77785404989578,-565.3709671275399,347,1201,-153.11411483099212,698.089315732392,-2524.378109923961,1201,1924,-571.4396245786693,1156.5627232181553,-3381.106553290089,1924,3077,-1713.586680301496,1941.9622517190433,-5100.441742709917,3077,5730,-6501.2725701114305,3859.151357205814,-8471.670299203628,5730,9264,-16198.84289653066,6485.005814680639,-12489.936126625205,9264,9264,-16198.84289653066,6485.005814680639,-12489.936126625205,9264,9264,-16198.84289653066,6485.005814680639,-12489.936126625205,9264,-8335.071578653164,9264,-11044.796676467955,-27243.639572998778,-12489.936126625205,9264,-11044.796676467955,-27243.639572998778
2026-05-29,-1,9921,16586.367040316378,353,10.46263146107674,230.00637594474375,435.03148911946477,353,1170,107.26322912012483,721.2842904897667,1886.751718162173,1170,1916,602.1947731073242,1220.9664301492603,2925.159200992642,1916,3172,1685.8693319493927,2127.5542071373075,4068.4538171867384,3172,6103,6415.259142307891,4248.1959719061715,7284.095538521546,6103,9921,16586.367040316378,7095.880924696822,11257.460715071753,9921,9921,16586.367040316378,7095.880924696822,11257.460715071753,9921,9921,16586.367040316378,7095.880924696822,11257.460715071753,9921,8016.72115837256,9921,9684.50488084357,26270.871921159924,11257.460715071753,9921,9684.50488084357,26270.871921159924
2026-05-30,1,3390,-1775.2789405340523,73,-0.29748181644738253,39.13442083971306,-115.802700343151,73,318,-16.042731204992094,197.42700039007323,-566.6415713284068,318,523,-75.03264193694518,332.5769241029456,-922.4783330932885,522,937,-219.1268662837668,604.9109071703401,-1588.5508642169834,935,1951,-718.7399809281023,1276.620598673323,-3332.567382446555,1948,3390,-1775.2789405340523,2277.407979068549,-5565.637233725735,3387,3390,-1775.2789405340523,2277.407979068549,-5565.637233725735,3387,3390,-1775.2789405340523,2277.407979068549,-5565.637233725735,3387,-3726.6546734131252,3390,-5106.013076709696,-6881.292017243668,-5565.637233725735,3387,-5106.013076709696,-6881.292017243668
2026-05-30,-1,4956,3060.782464270209,58,0.0,35.55679145269699,5.635050456818567,58,275,28.472992921875132,177.89410660310494,240.14893398102927,275,516,130.22327565480438,340.03511866922423,435.17894569085877,516,1089,426.3106502379319,752.3035024090868,708.9744658457603,1089,2623,1357.1488299513917,1774.5940216114168,1624.3657649390818,2623,4956,3060.782464270209,3352.1358525989435,3088.3644765754125,4956,4956,3060.782464270209,3352.1358525989435,3088.3644765754125,4956,4956,3060.782464270209,3352.1358525989435,3088.3644765754125,4956,3098.988600828064,4956,3184.436851168387,6245.219315438673,3088.3644765754125,4956,3184.436851168387,6245.219315438673
2026-05-31,1,4528,-1988.0647030278396,232,0.0,185.40038126486496,-73.53975900657255,232,476,-8.79501601626766,385.2033885464348,-287.4733382438025,476,750,-37.6899633618795,609.2458233457127,-600.5194745697992,750,1280,-168.02783163228315,1019.7231628563876,-1134.1165737398874,1280,2618,-795.8099185424999,2058.5149075944278,-2474.003854297661,2618,4528,-1988.0647030278396,3571.8455996314815,-4167.112610400341,4528,4528,-1988.0647030278396,3571.8455996314815,-4167.112610400341,4528,4528,-1988.0647030278396,3571.8455996314815,-4167.112610400341,4528,-3703.2587459876972,4528,-3921.5048001261894,-5909.569503154062,-4167.112610400341,4528,-3921.5048001261894,-5909.569503154062
2026-05-31,-1,3529,2235.711014723019,143,2.3147065288637316,112.53611998312347,130.6292218851525,143,347,23.265783930482925,309.94769427704375,426.7055865727466,347,599,77.14228137688676,527.4762880926485,809.5599142543751,599,1026,266.90042272816504,893.325848489954,1434.5823484059001,1026,2047,898.344520604003,1697.3348582558865,3254.036748324773,2047,3529,2235.711014723019,2839.3256937842125,5736.660863754358,3529,3529,2235.711014723019,2839.3256937842125,5736.660863754358,3529,3529,2235.711014723019,2839.3256937842125,5736.660863754358,3529,4602.49597861676,3529,5196.980689311227,7432.691704034205,5736.660863754358,3529,5196.980689311227,7432.691704034205
2026-06-01,1,11170,-23309.398424226263,527,-10.688275316122791,418.7754129459156,106.24101918677451,527,1587,-275.14867691633333,1261.648089883326,-2156.3931310537782,1587,2542,-945.205899742826,2131.260575606576,-3440.3780442921566,2542,4029,-2711.0306383244197,3425.55836257832,-4961.952782365653,4029,7217,-9704.644408219967,6203.422666558179,-8546.818144665802,7217,11170,-23309.398424226263,9623.231732868671,-11654.068231811172,11170,11170,-23309.398424226263,9623.231732868671,-11654.068231811172,11170,11170,-23309.398424226263,9623.231732868671,-11654.068231811172,11170,-10556.128730255034,11170,-12005.341994277416,-35314.74041850364,-11654.068231811172,11170,-12005.341994277416,-35314.74041850364
2026-06-01,-1,11483,23744.30079936984,581,7.740727884589425,409.3070684347517,599.5760541332713,581,1656,274.2083483068093,1320.1475488089545,2606.517652913352,1656,2686,957.630232150707,2153.0666711201784,4058.8945070701293,2686,4147,2455.431006399184,3377.6965881556566,5674.17936029211,4147,7408,9804.329846853863,6226.095853111464,11238.672762850721,7408,11483,23744.30079936984,9742.566377247225,16227.190072199264,11483,11483,23744.30079936984,9742.566377247225,16227.190072199264,11483,11483,23744.30079936984,9742.566377247225,16227.190072199264,11483,11453.842408859764,11483,14814.995754251055,38559.29655362079,16227.190072199264,11483,14814.995754251055,38559.29655362079
2026-06-02,1,11769,-20221.10836124869,399,-1.4302643677723612,253.45569633439771,-988.3796032095178,399,1410,-160.68339271464015,935.0837417723749,-2696.414522781304,1410,2394,-657.4614312266131,1671.3788465293367,-4842.8418668163,2394,3888,-2018.2330891643132,2811.5855787743,-7119.168291862137,3888,7311,-7874.341013663901,5526.315659312442,-11960.795785238835,7311,11769,-20221.10836124869,9194.32566495205,-18458.38200430644,11769,11769,-20221.10836124869,9194.32566495205,-18458.38200430644,11769,11769,-20221.10836124869,9194.32566495205,-18458.38200430644,11769,-12653.242583230993,11769,-16008.574922624884,-36229.683283873586,-18458.38200430644,11769,-16008.574922624884,-36229.683283873586
2026-06-02,-1,11911,21298.23680182229,406,4.582812168958673,272.6894435271513,218.1252749565301,406,1281,209.25718683253672,924.9975230308106,1433.5653554520525,1281,2180,820.27448889237,1599.2284984595342,2811.379033648386,2180,3606,2096.8629443121927,2670.4997244754786,4105.046077720563,3606,7107,8393.195750089031,5487.640677861113,7864.761014862122,7107,11911,21298.23680182229,9470.834982521432,12471.411162019089,11911,11911,21298.23680182229,9470.834982521432,12471.411162019089,11911,11911,21298.23680182229,9470.834982521432,12471.411162019089,11911,10627.214484282602,11911,12287.942986902803,33586.17978872505,12471.411162019089,11911,12287.942986902803,33586.17978872505
2026-06-03,1,12612,-25558.210922497485,421,-12.066529257838416,380.0424688925263,-1028.8008287911064,421,1576,-346.09111009732794,1381.528957298949,-3632.3663272451568,1576,2714,-1169.656977247622,2453.002467566487,-6313.104122852219,2714,4382,-3026.143365488577,3973.670735505443,-8879.413921806068,4382,8120,-11142.47821673397,7590.178631841913,-15035.29643881291,8120,12612,-25558.210922497485,11933.139273734985,-22289.285237556403,12612,12612,-25558.210922497485,11933.139273734985,-22289.285237556403,12612,12612,-25558.210922497485,11933.139273734985,-22289.285237556403,12612,-15050.83118485819,12612,-20326.96416169488,-45885.17508419244,-22289.285237556403,12612,-20326.96416169488,-45885.17508419244
2026-06-03,-1,12228,27843.81987001613,489,-1.0557327848919882,424.18781065724517,795.6735555287809,489,1538,191.3884161673838,1322.496629253703,2918.638175817962,1538,2631,943.476272861431,2292.8258027321335,4406.01207501556,2631,4204,2860.2425563263578,3716.328508092656,6249.831182102202,4204,7718,11483.086552820416,6879.39736530921,12157.992746193437,7718,12228,27843.81987001613,11129.64098831184,19637.12084450101,12228,12228,27843.81987001613,11129.64098831184,19637.12084450101,12228,12228,27843.81987001613,11129.64098831184,19637.12084450101,12228,15645.742028915127,12228,18148.62511082417,45992.44498084024,19637.12084450101,12228,18148.62511082417,45992.44498084024
2026-06-04,1,16448,-35172.571538307224,836,1.9877661949808094,722.6412896318568,-1429.9995056179887,836,2393,-387.0552596464727,1948.6964208131667,-3883.7324652192456,2393,3872,-1361.844245647065,3242.606246849734,-6376.327995409714,3872,6002,-3806.206811419499,5181.9004300404595,-8914.030238669186,6002,10696,-15020.386987834572,9710.035434058853,-15700.705607627202,10696,16448,-35172.571538307224,15177.97322576832,-24276.341345938803,16448,16448,-35172.571538307224,15177.97322576832,-24276.341345938803,16448,16448,-35172.571538307224,15177.97322576832,-24276.341345938803,16448,-19367.57946051823,16448,-22380.390536248018,-57552.96207455543,-24276.341345938803,16448,-22380.390536248018,-57552.96207455543
2026-06-04,-1,14616,32320.114372203603,661,1.094713888617156,537.5115798807406,1171.965523366523,661,2008,359.98271349478773,1641.7492722605666,3722.6737054355035,2008,3258,1353.9568037943368,2805.955381603422,5614.054747323168,3258,5077,3530.173573721054,4518.761224163437,8274.558459268568,5077,9321,13816.918907676354,8644.080292629245,14745.890254236121,9321,14616,32320.114372203603,13861.409604161254,20969.327664456476,14616,14616,32320.114372203603,13861.409604161254,20969.327664456476,14616,14616,32320.114372203603,13861.409604161254,20969.327664456476,14616,17224.306702429458,14616,19808.09765733762,52128.212029541275,20969.327664456476,14616,19808.09765733762,52128.212029541275
2026-06-05,1,18664,-40221.80365451867,786,-6.063384947553439,675.8071580242871,-2085.1931292190884,786,2685,-481.82813765518523,2257.9784108795766,-7491.176715559873,2685,4444,-1551.9978299471177,3835.6633286830674,-11471.889609835629,4444,6945,-4323.746119251914,6245.6080778613095,-16188.843560894165,6945,12445,-17511.052338394315,11974.417571802343,-26415.23014763333,12445,18664,-40221.80365451867,18705.057703680977,-37302.061269924896,18664,18664,-40221.80365451867,18705.057703680977,-37302.061269924896,18664,18664,-40221.80365451867,18705.057703680977,-37302.061269924896,18664,-22737.602467566077,18664,-33740.774398613,-73962.57805313166,-37302.061269924896,18664,-33740.774398613,-73962.57805313166
2026-06-05,-1,16322,35508.86433046262,760,1.669944635781227,664.7225987949832,1261.1903855985952,760,2438,397.92310419108776,2090.2140094306824,4693.560532128533,2438,3956,1402.873440012491,3547.282328564057,7540.615480771094,3955,6168,3876.7685948213702,5730.438618515802,11061.382488100138,6166,10779,14808.449213965929,10590.590590056183,17840.120632310056,10775,16322,35508.86433046262,16624.42752918664,25478.918805206435,16318,16322,35508.86433046262,16624.42752918664,25478.918805206435,16318,16322,35508.86433046262,16624.42752918664,25478.918805206435,16318,18114.353377391948,16322,23766.576410618956,59275.440741081635,25478.918805206435,16318,23766.576410618956,59275.440741081635
2026-06-06,1,8764,-8090.625101027563,237,1.2813727176789254,189.07770956149903,-354.7467550767362,237,936,-82.13354300609656,767.8985199288056,-1409.6748326825907,936,1668,-272.71068048470437,1401.3775904056015,-2911.101309379943,1668,2782,-777.5238461554816,2286.4956749570338,-4895.4479493265335,2782,5337,-3007.477452825779,4361.350985957273,-9194.960970503078,5337,8764,-8090.625101027563,7270.792881823774,-14764.34940494393,8764,8764,-8090.625101027563,7270.792881823774,-14764.34940494393,8764,8764,-8090.625101027563,7270.792881823774,-14764.34940494393,8764,-10374.38669865817,8764,-13156.419526181187,-21247.04462720872,-14764.34940494393,8764,-13156.419526181187,-21247.04462720872
2026-06-06,-1,8576,8374.009496785791,276,-0.3489408532769875,220.74532934769923,417.3840084151917,276,857,65.23050921255057,740.2628826814613,1391.000048548639,857,1474,245.93694607041544,1290.0575036390453,2507.488835599183,1474,2563,868.0335683079305,2225.3186832638658,4186.840186617017,2563,5123,3308.538566567293,4458.7509767674655,8041.900360181196,5123,8576,8374.009496785791,7454.322483242793,13134.614865355596,8576,8576,8374.009496785791,7454.322483242793,13134.614865355596,8576,8576,8374.009496785791,7454.322483242793,13134.614865355596,8576,8854.040044002046,8576,11580.187609207731,19954.197105993353,13134.614865355596,8576,11580.187609207731,19954.197105993353
2026-06-07,1,8172,-8507.679670885596,222,-1.9051434833559018,176.93315885628496,-368.17519391569215,222,876,-92.66475844072835,707.3339110429865,-1411.0698363768147,876,1519,-323.90133504213605,1257.4020029900107,-2604.620314249957,1519,2515,-865.9309821532579,2052.5113431458367,-4435.8758965203715,2515,4954,-3297.027318320368,4036.9004578970707,-8320.84451344548,4954,8172,-8507.679670885596,6813.502535830201,-13185.417409196027,8172,8172,-8507.679670885596,6813.502535830201,-13185.417409196027,8172,8172,-8507.679670885596,6813.502535830201,-13185.417409196027,8172,-10049.040189812982,8172,-12363.828632618239,-20871.508303503884,-13185.417409196027,8172,-12363.828632618239,-20871.508303503884
2026-06-07,-1,9177,9246.893858066498,380,0.32219089813574225,334.44722372607254,379.20486825790977,380,966,76.47598182067205,828.2750470958076,1121.6729341995797,966,1548,262.48798532444516,1379.5624880507896,2048.364851169117,1548,2682,869.4729485210701,2370.526492329923,3418.220646441334,2682,5457,3479.119494732651,4799.456672501039,6647.5076174118585,5457,9177,9246.893858066498,8070.299890864809,11368.831531653894,9177,9177,9246.893858066498,8070.299890864809,11368.831531653894,9177,9177,9246.893858066498,8070.299890864809,11368.831531653894,9177,9107.564971215603,9177,10952.229358531918,20199.12321659859,11368.831531653894,9177,10952.229358531918,20199.12321659859
2026-06-08,1,15689,-41252.79824064255,639,-6.155691413705613,526.7544293595072,-1025.2634228162326,639,2047,-400.28594584266637,1735.5387964396361,-3711.8364648988877,2047,3385,-1419.2736511743606,3016.1991618613943,-5955.604092589269,3385,5456,-4269.161810084099,5173.6082242348175,-9116.793151316571,5456,9937,-16691.396500883056,10118.118398739254,-15244.674200776994,9937,15689,-41252.79824064255,16566.11826613025,-21345.050760442813,15689,15689,-41252.79824064255,16566.11826613025,-21345.050760442813,15689,15689,-41252.79824064255,16566.11826613025,-21345.050760442813,15689,-18675.09702147993,15689,-21667.53308594801,-62920.33132659063,-21345.050760442813,15689,-21667.53308594801,-62920.33132659063
2026-06-08,-1,18591,43697.03655703005,998,1.867122376145687,919.9325795123375,1213.1075874754772,998,2735,363.0663902812364,2273.7761189532266,5182.074839267716,2735,4313,1306.0386076917553,3689.2075131460115,7986.1552810342855,4313,6784,4087.9809798297088,6079.879542435203,11942.1886415934,6783,12076,17573.352321993672,11734.795793237752,18991.685961425854,12072,18591,43697.03655703005,19013.355506282645,27441.06540686148,18587,18591,43697.03655703005,19013.355506282645,27441.06540686148,18587,18591,43697.03655703005,19013.355506282645,27441.06540686148,18587,21573.370014316726,18591,25810.780966121485,69507.81752315129,27441.06540686148,18587,25810.780966121485,69507.81752315129
2026-06-09,1,17819,-45813.023324923946,1001,-9.829358730569542,906.9028648557821,-2595.89043379997,1001,3013,-480.1366621050671,2720.1467195278497,-9043.09113495463,3013,4847,-1924.8521331547395,4615.573174874595,-12527.419475230883,4846,7177,-5233.758187919219,7136.770316467975,-17014.319183338193,7176,12121,-20435.12233624192,12800.784481525046,-25508.743714425436,12120,17819,-45813.023324923946,19371.169716437693,-35357.73378745126,17818,17819,-45813.023324923946,19371.169716437693,-35357.73378745126,17818,17819,-45813.023324923946,19371.169716437693,-35357.73378745126,17818,-24248.60386560186,17819,-32673.505193776247,-78486.52851870022,-35357.73378745126,17818,-32673.505193776247,-78486.52851870022
2026-06-09,-1,20103,44869.83418103658,1194,11.987891076802963,1008.7078164860293,1896.908531393016,1194,3369,547.5062111244229,2828.189331340618,7385.842709186323,3366,5470,1889.8003765385715,4800.326378515181,11189.89350853099,5466,8223,5230.105779265273,7502.851813531546,15642.28863758009,8218,13877,20161.35777344098,13434.569318913378,23884.576301703615,13871,20103,44869.83418103658,20106.729788659697,33863.48255902464,20093,20103,44869.83418103658,20106.729788659697,33863.48255902464,20093,20103,44869.83418103658,20106.729788659697,33863.48255902464,20093,23895.218734431837,20103,31715.862586271956,76585.69676730828,33863.48255902464,20093,31715.862586271956,76585.69676730828
2026-06-10,1,20327,-57396.07005369998,973,1.4925210909737048,942.5117624234176,-1316.7927485145824,973,3172,-618.2516773349428,3023.549334670057,-4697.975564614846,3170,5020,-2205.5562322946503,4959.251496543891,-8166.201632647731,5018,7722,-6431.955771013561,7803.550404828806,-12112.982126354163,7719,13509,-24492.581892962116,14233.192626394512,-18941.578513536937,13501,20327,-57396.07005369998,22025.95802014348,-28085.313288380326,20313,20327,-57396.07005369998,22025.95802014348,-28085.313288380326,20313,20327,-57396.07005369998,22025.95802014348,-28085.313288380326,20313,-26069.772203038956,20327,-28025.518731905257,-85421.5887856053,-28085.313288380326,20313,-28025.518731905257,-85421.5887856053
2026-06-10,-1,18240,54917.817076011546,830,8.55003478482562,838.2529886922264,1406.1434926093805,830,2945,625.1794237200273,2813.62168513515,7990.0838075635065,2945,4809,2245.259372471897,4785.391488394863,11946.415960403596,4809,7266,6381.250688911165,7502.971409806972,15656.768821192138,7266,12366,23960.7110721996,13508.423397945127,24835.168967294812,12366,18240,54917.817076011546,20401.35066620707,34892.68022021014,18240,18240,54917.817076011546,20401.35066620707,34892.68022021014,18240,18240,54917.817076011546,20401.35066620707,34892.68022021014,18240,25725.83908544398,18240,33020.96094792887,87938.7780239402,34892.68022021014,18240,33020.96094792887,87938.7780239402
2026-06-11,1,20936,-55669.70884928569,898,-17.037053840998,711.869257258641,-767.0819156848601,898,2988,-553.7243150151106,2387.562492502977,-3352.5047479101822,2988,5029,-2199.0910751756537,4220.2081936961995,-5595.106495511765,5029,7820,-6309.31619214467,6618.747100803813,-7854.406038280992,7820,14089,-25309.417105564702,12707.698460029756,-12084.033648237128,14089,20936,-55669.70884928569,19575.426075547704,-17140.573458579867,20936,20936,-55669.70884928569,19575.426075547704,-17140.573458579867,20936,20936,-55669.70884928569,19575.426075547704,-17140.573458579867,20936,-23309.635008957055,20936,-19431.046290834387,-75100.75514011999,-17140.573458579867,20936,-19431.046290834387,-75100.75514011999
2026-06-11,-1,23207,60379.050305043536,1436,0.4335080101993878,1069.9794038393056,2151.5532278686037,1435,3544,623.041138885545,2813.4407692421564,8383.883187859305,3542,5626,2387.2387924622053,4792.270579843913,12718.965713702055,5624,8898,7227.453266127777,7714.315498328615,17755.15604821768,8894,15559,26579.028672850385,13951.188139687354,26487.559698427704,15555,23207,60379.050305043536,21487.5519563426,35843.34356419467,23203,23207,60379.050305043536,21487.5519563426,35843.34356419467,23203,23207,60379.050305043536,21487.5519563426,35843.34356419467,23203,26243.833389671738,23207,32802.53872397478,93181.58902901811,35843.34356419467,23203,32802.53872397478,93181.58902901811
2026-06-12,1,23752,-48637.101364894974,1148,-11.105498109203388,876.8676354817627,-1368.5706733414354,1148,3742,-532.5781674817805,2964.6767219832473,-5072.347397607637,3741,6112,-1956.0778190895928,5044.203575437398,-8063.561457170107,6110,9387,-5811.86289740447,7962.02655905317,-10657.452670702029,9383,16059,-21965.67509959814,14381.092905646448,-16184.318925388958,16050,23752,-48637.101364894974,21941.054543031503,-22557.285680855533,23738,23752,-48637.101364894974,21941.054543031503,-22557.285680855533,23738,23752,-48637.101364894974,21941.054543031503,-22557.285680855533,23738,-24824.90006104356,23752,-24569.04853726241,-73206.14990215727,-22557.285680855533,23738,-24569.04853726241,-73206.14990215727
2026-06-12,-1,24664,52020.33091038064,1235,-1.3991109623818194,948.1098173281363,1534.9838310388855,1235,3759,618.0827647917342,3100.1470807840783,6338.651550796611,3759,6085,2301.57488931527,5293.73493464915,9523.09901694965,6085,9570,6638.9546850018805,8527.907932381471,13666.68839062227,9570,16726,24377.064904416773,15611.8861120463,20270.15869516992,16726,24664,52020.33091038064,23427.954141816506,27254.14034362773,24664,24664,52020.33091038064,23427.954141816506,27254.14034362773,24664,24664,52020.33091038064,23427.954141816506,27254.14034362773,24664,25127.195260626817,24664,28357.895394386873,80378.22630476732,27254.14034362773,24664,28357.895394386873,80378.22630476732
2026-06-13,1,9456,-3771.182777457106,509,0.5023046062546206,283.9968345175816,-281.9671585337204,509,1009,-3.2670795993002217,599.735814638558,-957.3709104628128,1009,1611,-78.1264605733046,982.7990919420066,-1739.283242325993,1611,2768,-297.21376953239803,1589.4368440874014,-2861.575101379797,2768,5596,-1370.2351915144231,3121.3144877572863,-5572.663397615937,5596,9456,-3771.182777457106,5236.802934881155,-9019.54650896391,9456,9456,-3771.182777457106,5236.802934881155,-9019.54650896391,9456,9456,-3771.182777457106,5236.802934881155,-9019.54650896391,9456,-7614.390947541601,9456,-8428.921781528436,-12200.104558985668,-9019.54650896391,9456,-8428.921781528436,-12200.104558985668
2026-06-13,-1,9651,5430.747143175513,415,2.2642634853391925,252.8685672629634,282.3895557289173,415,1028,55.30646282056631,658.563507335348,1105.1991023530763,1028,1661,232.9597293206832,1043.0892879768403,1791.2771610033649,1661,2858,634.7459843118215,1697.8933333918444,2956.9979065556977,2858,5818,2270.765968301538,3325.142178862174,5731.422012494921,5818,9651,5430.747143175513,5438.795056031302,9298.656513504895,9651,9651,5430.747143175513,5438.795056031302,9298.656513504895,9651,9651,5430.747143175513,5438.795056031302,9298.656513504895,9651,7892.977212765187,9651,8999.12225218803,14429.869395363377,9298.656513504895,9651,8999.12225218803,14429.869395363377
2026-06-14,1,7898,-5947.988905189615,289,-1.9788601946254205,247.77001070334506,-114.37226009418222,289,783,-74.40325793756108,675.0249212132749,-880.5379705922925,783,1331,-249.4128634087584,1105.6574822152927,-1276.786282484416,1331,2335,-703.0405127808276,1785.471556138822,-1712.8727568500797,2335,4762,-2557.8650799232546,3497.7906347259614,-2965.0691670512024,4762,7898,-5947.988905189615,5641.557881741353,-5596.895031830611,7898,7898,-5947.988905189615,5641.557881741353,-5596.895031830611,7898,7898,-5947.988905189615,5641.557881741353,-5596.895031830611,7898,-6506.6790228626405,7898,-5969.155613927785,-11917.144519117337,-5596.895031830611,7898,-5969.155613927785,-11917.144519117337
2026-06-14,-1,6967,5367.75315987976,227,5.100565038446684,216.69219620801704,349.49534875339833,227,825,43.95163048696368,771.3101332756763,1395.1610031942473,825,1420,244.1212852866061,1256.6719026902042,2810.724030375691,1420,2335,686.7931253560606,1905.756045233081,4039.927130890201,2334,4448,2454.79063193747,3435.526269084233,7645.417549426045,4446,6967,5367.75315987976,5157.328309981187,12125.06898679805,6963,6967,5367.75315987976,5157.328309981187,12125.06898679805,6963,6967,5367.75315987976,5157.328309981187,12125.06898679805,6963,8044.784992939123,6967,10402.15087722432,15769.904037104076,12125.06898679805,6963,10402.15087722432,15769.904037104076
2026-06-15,1,16644,-24695.376407874282,711,-3.545009082937424,476.0890693181508,-1055.1885157132824,711,2282,-305.3152037096373,1449.6535002045289,-2923.8221133148213,2282,3760,-1084.6304871780724,2468.0563168538997,-4090.2164998263297,3760,5923,-3019.1138200585638,3876.6569506363626,-5884.34509172648,5923,10702,-10841.12621305894,7110.091361148461,-9579.397889809425,10702,16644,-24695.376407874282,11146.362089841608,-14417.69937256849,16644,16644,-24695.376407874282,11146.362089841608,-14417.69937256849,16644,16644,-24695.376407874282,11146.362089841608,-14417.69937256849,16644,-14739.272089568327,16644,-15046.18905827558,-39741.56546614981,-14417.69937256849,16644,-15046.18905827558,-39741.56546614981
2026-06-15,-1,15579,24938.078468349377,661,6.993575675711419,425.6050957846385,888.9262779911187,661,1894,315.2322153833052,1264.5889402929697,2341.5929597169597,1894,3193,1125.3492771534213,2141.2941423490574,3809.5213709146824,3193,5220,3133.347916234091,3485.00996691577,5570.215629185585,5220,9873,11127.22763403766,6687.661799530243,10058.097642373843,9873,15579,24938.078468349377,10628.501970712876,14758.293499332849,15579,15579,24938.078468349377,10628.501970712876,14758.293499332849,15579,15579,24938.078468349377,10628.501970712876,14758.293499332849,15579,12844.551389615375,15579,13371.828988604073,38309.907456953166,14758.293499332849,15579,13371.828988604073,38309.907456953166
2026-06-16,1,17672,-36140.42701878114,891,-2.1443966908850327,596.4043815852357,-984.5648595125868,891,2402,-325.16007954475117,1534.0704244417143,-3238.998311659111,2402,3874,-1394.7095275254947,2640.8826470430135,-4759.943075400684,3874,6135,-4118.635451938572,4320.277838087712,-7445.260704658041,6135,11287,-15319.761650548344,8355.389753504578,-13711.956192928163,11287,17672,-36140.42701878114,13585.768636270908,-20888.87517109453,17672,17672,-36140.42701878114,13585.768636270908,-20888.87517109453,17672,17672,-36140.42701878114,13585.768636270908,-20888.87517109453,17672,-13665.542849206384,17672,-18546.135302725877,-54686.56232150696,-20888.87517109453,17672,-18546.135302725877,-54686.56232150696
2026-06-16,-1,17729,32638.65982716594,1012,8.001007489777777,646.3270696920493,734.0418318352479,1011,2415,279.9120263663847,1523.5818148533779,2856.0228116720823,2414,3849,1123.950112384163,2550.2854442019493,4447.1102939644425,3848,6144,3536.3992327639426,4183.114897251453,6246.1411427626535,6143,11400,13714.110325232263,8241.897700888469,11606.367360571963,11399,17729,32638.65982716594,13186.2723317024,17972.339955014344,17728,17729,32638.65982716594,13186.2723317024,17972.339955014344,17728,17729,32638.65982716594,13186.2723317024,17972.339955014344,17728,13386.726914102024,17729,16107.159024286108,48745.81885145199,17972.339955014344,17728,16107.159024286108,48745.81885145199
2026-06-17,1,18608,-39719.52181041432,1102,-5.659197214266436,717.573863450284,-1532.408646127883,1102,2764,-428.3475820813686,1778.7692631535997,-4975.406701518749,2763,4393,-1627.1320422436474,2900.318642616702,-7350.188920897746,4392,6869,-4980.127077309704,4700.5857858866675,-10218.297341194793,6868,12318,-18066.97197209793,8880.179882363504,-16478.624724747362,12317,18608,-39719.52181041432,13678.426940111473,-24391.730754330136,18607,18608,-39719.52181041432,13678.426940111473,-24391.730754330136,18607,18608,-39719.52181041432,13678.426940111473,-24391.730754330136,18607,-17143.968891344273,18608,-21832.159037240403,-61551.68084765472,-24391.730754330136,18607,-21832.159037240403,-61551.68084765472
2026-06-17,-1,18616,38168.67738879372,1341,15.940489661447057,777.8087051620435,1248.77523546486,1341,2882,350.9831818028034,1734.169753730496,3755.5164532508784,2882,4354,1448.4904467797328,2776.59730786857,4777.592452814715,4354,6779,4513.5000700275305,4438.761141258468,6909.642672123362,6779,12210,17064.42526989828,8452.29811410289,12294.169751673153,12210,18616,38168.67738879372,13220.704345043681,19236.016186531277,18616,18616,38168.67738879372,13220.704345043681,19236.016186531277,18616,18616,38168.67738879372,13220.704345043681,19236.016186531277,18616,15635.201718573386,18616,18192.35517671713,56361.03256551059,19236.016186531277,18616,18192.35517671713,56361.03256551059
2026-06-18,1,16211,-26580.55927708529,779,-9.019765414436083,494.89154262370477,-504.55421821449767,779,2206,-323.61558125238605,1318.048735043635,-2225.549523412879,2205,3553,-1186.721922620215,2243.952233955664,-3463.5538945595376,3552,5675,-3244.937804510943,3634.0032694270803,-4522.562649920141,5673,10432,-11620.571430152006,6899.683330167947,-6745.951077254331,10427,16211,-26580.55927708529,10769.367161988892,-9038.027859855245,16201,16211,-26580.55927708529,10769.367161988892,-9038.027859855245,16201,16211,-26580.55927708529,10769.367161988892,-9038.027859855245,16201,-11062.244751953811,16211,-10241.750071473793,-36822.30934855901,-9038.027859855245,16201,-10241.750071473793,-36822.30934855901
2026-06-18,-1,16876,32243.491586751883,702,6.74855436032259,449.5154733113822,1177.2440459476654,702,2289,312.6416367775586,1386.9724342703892,3676.4883639855425,2289,3802,1365.7711310717987,2395.5288400510117,5065.83570403956,3802,6028,3898.1331021668775,3856.8919418546375,7604.632483913418,6028,10956,14644.254886676797,7294.705535403839,11482.58239102702,10956,16876,32243.491586751883,11341.175297651875,16736.62878088303,16876,16876,32243.491586751883,11341.175297651875,16736.62878088303,16876,16876,32243.491586751883,11341.175297651875,16736.62878088303,16876,12326.594713757675,16876,15228.365293187413,47471.856879939136,16736.62878088303,16876,15228.365293187413,47471.856879939136
2026-06-19,1,11439,-8070.679142747822,552,-0.22437459127481016,261.045166410343,-790.9587368216419,552,1484,-70.03842147833703,656.8006678023306,-1884.0607043425978,1484,2435,-217.3360082434018,1072.5242191761522,-3075.5429418094122,2435,3997,-727.0377093379127,1800.9945484889433,-4919.600165740217,3997,7362,-3093.8430143578853,3398.774411549188,-8834.505727206357,7362,11439,-8070.679142747822,5554.489129995485,-13514.150575699394,11439,11439,-8070.679142747822,5554.489129995485,-13514.150575699394,11439,11439,-8070.679142747822,5554.489129995485,-13514.150575699394,11439,-12387.831739576843,11439,-12927.021124773779,-20997.70026752152,-13514.150575699394,11439,-12927.021124773779,-20997.70026752152
2026-06-19,-1,11590,10247.898895780587,476,-2.2921649609110952,243.91913650392604,363.7616836717506,476,1337,105.37982156669212,656.7662225825122,1641.6201900155338,1337,2193,384.5421959552362,1101.4977609920697,2967.59536518542,2193,3759,1112.4068695291835,1900.5435337161607,4432.465396808768,3759,7342,4322.365939238976,3775.0926068244526,7745.505517948279,7342,11590,10247.898895780587,6013.746358299093,11544.669689890434,11590,11590,10247.898895780587,6013.746358299093,11544.669689890434,11590,11590,10247.898895780587,6013.746358299093,11544.669689890434,11590,9371.876250893762,11590,10583.709456022938,20831.608351803585,11544.669689890434,11590,10583.709456022938,20831.608351803585
2026-06-20,1,5761,-3006.637709104558,175,-0.22271172912510728,102.61361132509009,-113.77853993104792,175,546,-10.358408069639845,294.3722544090396,-524.2181710045732,546,964,-100.9970684118741,494.87692577296275,-1026.6418321061747,964,1666,-327.959805415692,857.1400371008178,-1870.4544911170647,1666,3423,-1190.0457705934018,1740.1561279067382,-3945.868318865236,3423,5761,-3006.637709104558,2980.784228966261,-6622.429664927261,5761,5761,-3006.637709104558,2980.784228966261,-6622.429664927261,5761,5761,-3006.637709104558,2980.784228966261,-6622.429664927261,5761,-6425.85192871288,5761,-6909.836065800904,-9916.473774905488,-6622.429664927261,5761,-6909.836065800904,-9916.473774905488
2026-06-20,-1,5910,3495.368963195881,264,0.8981003166567763,148.980997072552,161.35386732499265,264,625,24.29995116764084,314.6458246456049,713.1499720087763,625,1044,113.87019774672252,520.7661230893367,1282.9082440893972,1044,1818,384.91182771963247,915.1044221658142,2195.9450505077834,1818,3625,1422.6106227629639,1867.0216752202343,4448.607455126357,3625,5910,3495.368963195881,3094.7063289984003,7464.0755003525255,5910,5910,3495.368963195881,3094.7063289984003,7464.0755003525255,5910,5910,3495.368963195881,3094.7063289984003,7464.0755003525255,5910,6187.155893417524,5910,7188.023703802748,10683.392666998549,7464.0755003525255,5910,7188.023703802748,10683.392666998549
2026-06-21,1,4750,-3180.6032366251557,192,-0.22603722834147044,131.41715457490824,-138.13451015977103,192,464,-22.335052389226412,302.57694764515,-385.53367291266113,464,754,-93.44979862604565,505.40205163053474,-829.2956023732249,753,1340,-308.68997127654586,906.7235701260854,-1551.4563672946388,1338,2755,-1186.6794083129046,1871.8183193331663,-3225.9195154232357,2750,4750,-3180.6032366251557,3241.559231680922,-5495.807605553208,4740,4750,-3180.6032366251557,3241.559231680922,-5495.807605553208,4740,4750,-3180.6032366251557,3241.559231680922,-5495.807605553208,4740,-5342.703922331701,4750,-5447.145985285468,-8627.749221910588,-5495.807605553208,4740,-5447.145985285468,-8627.749221910588
2026-06-21,-1,4437,3594.8322154790994,123,0.0,64.72419582327817,132.22497693618604,123,368,42.565875062036554,224.2639759973712,529.4823574793472,368,679,152.63302821520372,436.8851008055519,858.6974441935519,678,1193,415.03141826734793,783.6369148618055,1521.8564360603025,1192,2536,1539.1120256999543,1691.329067797933,3181.3853168504556,2535,4437,3594.8322154790994,2962.6167848459154,5584.779938696111,4435,4437,3594.8322154790994,2962.6167848459154,5584.779938696111,4435,4437,3594.8322154790994,2962.6167848459154,5584.779938696111,4435,5164.5300339180285,4437,5828.848557718242,9423.680773197311,5584.779938696111,4435,5828.848557718242,9423.680773197311
2026-06-22,1,16139,-27231.24742905058,530,-0.670475019265182,352.86094454194995,-512.3380007068813,530,1854,-305.4758542111809,1149.6197978732098,-2653.3676446816635,1853,3297,-1113.5618633785848,2138.173002519158,-5253.3425301426805,3296,5389,-3085.268174395828,3597.3305641117886,-8187.0637579277345,5387,10271,-11883.608446580885,7116.089873201339,-14834.32018824131,10266,16139,-27231.24742905058,11505.816089519125,-22810.111180914977,16131,16139,-27231.24742905058,11505.816089519125,-22810.111180914977,16131,16139,-27231.24742905058,11505.816089519125,-22810.111180914977,16131,-17658.778937365947,16139,-21658.64455034888,-48889.89197939944,-22810.111180914977,16131,-21658.64455034888,-48889.89197939944
2026-06-22,-1,16935,28172.67427250979,616,6.552787799622793,351.8347586227346,1028.0796069856183,615,2023,281.8791047432581,1159.7343837035096,3167.3025115863106,2022,3432,1075.9721997321496,2118.8088217348077,5311.536378558654,3431,5640,3015.5748944330226,3618.796197041115,8801.612477578701,5638,10684,11401.483377811213,7184.360367866015,15738.853594744323,10680,16935,28172.67427250979,11890.59925705672,24222.13623848142,16926,16935,28172.67427250979,11890.59925705672,24222.13623848142,16926,16935,28172.67427250979,11890.59925705672,24222.13623848142,16926,19991.392799291956,16935,22632.715359069225,50805.38963157864,24222.13623848142,16926,22632.715359069225,50805.38963157864
2026-06-23,1,25122,-58684.00000177359,1302,-9.108345257909633,1109.5803447038895,-1969.216103211561,1302,3849,-730.0620256993756,3175.5275305615332,-8835.084530774006,3849,6372,-2539.9077425886385,5569.788418353887,-14339.449354365197,6372,9700,-7008.498739879071,8839.304126638934,-21084.76795581564,9700,16906,-25823.654243949757,16364.768413636819,-36592.48212839578,16906,25122,-58684.00000177359,25273.336369394354,-53461.75662281286,25122,25122,-58684.00000177359,25273.336369394354,-53461.75662281286,25122,25122,-58684.00000177359,25273.336369394354,-53461.75662281286,25122,-35648.0948054538,25122,-46727.14872348958,-105411.14872526319,-53461.75662281286,25122,-46727.14872348958,-105411.14872526319
2026-06-23,-1,25136,59841.852821585766,1402,3.2713676182799163,1283.6110196696504,1468.998807833813,1402,3519,677.4258400906765,3155.4912874081983,5104.953777310478,3519,5776,2639.782108587583,5376.524863249446,8421.827028057713,5776,9158,7176.043037061558,8807.832735587914,13578.658005953697,9157,16505,26241.589928672314,16550.75129029293,23922.304961428395,16502,25136,59841.852821585766,25922.34225713148,35861.267895777666,25132,25136,59841.852821585766,25922.34225713148,35861.267895777666,25132,25136,59841.852821585766,25922.34225713148,35861.267895777666,25132,29776.089549622044,25136,33850.15554687267,93692.00836845831,35861.267895777666,25132,33850.15554687267,93692.00836845831
2026-06-24,1,19045,-55183.48202125708,690,16.31002077721009,643.0047099198393,-749.5681322348069,690,2607,-728.0940715713373,2371.9309824561597,-5268.084216028822,2607,4346,-2376.0868645977434,4217.144582114903,-8484.336857746792,4346,6867,-6634.714024072575,6792.5636992571035,-11695.141728483282,6867,12488,-24765.108336236677,12984.482425427119,-21409.49551799764,12488,19045,-55183.48202125708,20199.968306675622,-32832.22056170084,19044,19045,-55183.48202125708,20199.968306675622,-32832.22056170084,19044,19045,-55183.48202125708,20199.968306675622,-32832.22056170084,19044,-23742.939723748954,19045,-28077.506487445098,-83260.98850870233,-32832.22056170084,19044,-28077.506487445098,-83260.98850870233
2026-06-24,-1,19062,51570.072973591465,858,19.746911502372953,829.200480898168,2554.2909031999093,858,2949,662.5468758890522,2751.0731309679813,9774.700165660935,2949,4839,2294.3537916234145,4682.767371011444,14442.738894006612,4839,7407,6257.628405415369,7375.241065889134,20877.64453199743,7407,12955,23558.35735128312,13514.450498864753,31982.506782096007,12955,19062,51570.072973591465,20332.404630042467,43879.64235248961,19061,19062,51570.072973591465,20332.404630042467,43879.64235248961,19061,19062,51570.072973591465,20332.404630042467,43879.64235248961,19061,26441.95434763509,19062,38202.84385004255,89772.91682363389,43879.64235248961,19061,38202.84385004255,89772.91682363389
2026-06-25,1,20182,-49842.70969504559,892,-16.460084945383723,829.7636602255347,-1440.010702986558,892,2728,-695.1091834922688,2458.9115590193087,-4788.953892460078,2728,4579,-2398.4329359527806,4263.453319174703,-7778.307889246992,4579,7333,-6090.801118206893,6806.773288286929,-11705.005873341224,7333,13284,-22009.348590913796,12690.594055110982,-19582.161783590316,13284,20182,-49842.70969504559,19553.038735937975,-29293.18987453074,20182,20182,-49842.70969504559,19553.038735937975,-29293.18987453074,20182,20182,-49842.70969504559,19553.038735937975,-29293.18987453074,20182,-20403.61016061372,20182,-26379.206149155238,-76221.9158442008,-29293.18987453074,20182,-26379.206149155238,-76221.9158442008
2026-06-25,-1,21671,53956.14373860899,1143,7.154140256590974,967.0290957678377,2600.6084812879462,1143,3200,631.9209969182529,2642.6751857751206,7028.945615309303,3200,5184,2214.1500138153942,4492.0714053585425,12316.79999011806,5184,8181,6422.572329097847,7249.446992667674,18770.737233984502,8181,14477,24355.713633370164,13450.206242435206,31873.134025288717,14477,21671,53956.14373860899,20637.867527589995,45871.47593035711,21671,21671,53956.14373860899,20637.867527589995,45871.47593035711,21671,21671,53956.14373860899,20637.867527589995,45871.47593035711,21671,27140.345385988323,21671,39893.48350174001,93849.62724034904,45871.47593035711,21671,39893.48350174001,93849.62724034904
2026-06-26,1,24741,-66590.54970340006,1215,-13.848207069891698,1336.2988014271675,-1517.289808083075,1215,3509,-535.0121192013291,3593.132989003863,-5776.032321535478,3509,5834,-2386.4839588219966,6175.0434158279995,-10123.115318113403,5834,9243,-7213.901531421885,9981.01100481024,-15055.361562056287,9243,16542,-29212.81046351196,18572.074090573573,-26967.214669979774,16542,24741,-66590.54970340006,28333.6759843554,-40801.086506267755,24741,24741,-66590.54970340006,28333.6759843554,-40801.086506267755,24741,24741,-66590.54970340006,28333.6759843554,-40801.086506267755,24741,-29816.01620950486,24741,-36451.84420811648,-103042.39391151644,-40801.086506267755,24741,-36451.84420811648,-103042.39391151644
2026-06-26,-1,22796,65219.750282022826,1165,13.921479470103966,1263.5548734048577,2111.6055786262796,1165,3183,674.787005757371,3302.6722676542086,6246.030206403295,3181,5228,2361.203025818805,5523.902798594801,9700.160057782014,5223,8300,7084.616329096496,9053.962262769392,14088.019445286769,8293,15061,27978.91355105968,17124.464986574956,25034.80023817421,15053,22796,65219.750282022826,26317.958675087837,38222.503815085875,22788,22796,65219.750282022826,26317.958675087837,38222.503815085875,22788,22796,65219.750282022826,26317.958675087837,38222.503815085875,22788,27505.172002983396,22796,33970.366976335106,99190.11725835799,38222.503815085875,22788,33970.366976335106,99190.11725835799
2026-06-27,1,5564,-3174.628127585048,178,-1.6729801790884826,131.00376749623848,-33.476815001495,178,518,-27.369247730464917,390.2654643370933,-425.2680725142718,518,918,-120.19310130823017,676.1365528573208,-923.1527098080194,918,1577,-281.3285684352676,1137.0466206662795,-1538.5015519255717,1577,3221,-1044.5331883549084,2267.297119556442,-3203.171188105938,3221,5564,-3174.628127585048,3849.169005118906,-5091.839238695586,5564,5564,-3174.628127585048,3849.169005118906,-5091.839238695586,5564,5564,-3174.628127585048,3849.169005118906,-5091.839238695586,5564,-4028.5940578805366,5564,-4816.89645148276,-7991.524579067828,-5091.839238695586,5564,-4816.89645148276,-7991.524579067828
2026-06-27,-1,5518,3509.282852823037,167,-0.9472972307556912,100.69832916329241,151.57828773905663,167,552,6.4237885612869325,360.35470247979873,593.6700921587357,552,984,76.71233742399448,661.3825712156764,1133.4574809614633,984,1677,301.5042457439365,1170.5632498672867,1839.097535772959,1677,3341,1303.1313494866577,2384.21129863085,3387.1575653534887,3341,5518,3509.282852823037,3969.0114726227575,5372.172343262326,5518,5518,3509.282852823037,3969.0114726227575,5372.172343262326,5518,5518,3509.282852823037,3969.0114726227575,5372.172343262326,5518,3505.166368923635,5518,4852.95554522639,8362.238398049503,5372.172343262326,5518,4852.95554522639,8362.238398049503
2026-06-28,1,6238,-6186.760629005063,103,0.2377358042108405,73.21999666851985,13.150780938183036,103,502,-42.24229192659448,368.73286315077405,-262.02718189633345,502,989,-229.23671122119126,740.0391995237896,-672.7157007960343,989,1754,-689.6831696430928,1282.0153403175404,-1344.9328769611502,1754,3681,-2558.503767927153,2638.859911189311,-2960.9000537887405,3681,6238,-6186.760629005063,4423.724227321851,-5021.552795537884,6238,6238,-6186.760629005063,4423.724227321851,-5021.552795537884,6238,6238,-6186.760629005063,4423.724227321851,-5021.552795537884,6238,-4973.244418395194,6238,-5260.852648027449,-11447.613277032462,-5021.552795537884,6238,-5260.852648027449,-11447.613277032462
2026-06-28,-1,6909,4652.1956974150735,253,-0.4705921449753405,168.86859939369938,257.3305495865405,253,621,34.544112323844715,380.4996118854094,691.4500889689411,621,1044,134.21193818735907,670.1056518215883,1147.9468443996846,1044,1875,415.808553579623,1204.3946360481573,1911.9325996071843,1875,4004,1856.0510283376439,2601.5802028563035,3815.3797687724864,4004,6909,4652.1956974150735,4529.491660172664,6778.157149284645,6909,6909,4652.1956974150735,4529.491660172664,6778.157149284645,6909,6909,4652.1956974150735,4529.491660172664,6778.157149284645,6909,5057.9112893979855,6909,6263.736306528957,10915.932003944052,6778.157149284645,6909,6263.736306528957,10915.932003944052
2026-06-29,1,20795,-54202.88960437651,843,-17.630979959395194,648.6612358047588,-1186.196396290276,843,2726,-595.32512022366,2079.1808594645736,-5672.753023781608,2726,4671,-2083.89848820027,3777.093389213983,-9379.431764419274,4671,7449,-5854.2698882305685,6318.659043525095,-13756.969553222072,7449,13620,-23432.02157844635,12529.597751136727,-23182.439866457575,13620,20795,-54202.88960437651,19848.14603239544,-34043.937950983505,20795,20795,-54202.88960437651,19848.14603239544,-34043.937950983505,20795,20795,-54202.88960437651,19848.14603239544,-34043.937950983505,20795,-24940.989132161325,20795,-31012.416292375052,-85215.3058967516,-34043.937950983505,20795,-31012.416292375052,-85215.3058967516
2026-06-29,-1,19695,54066.2957020843,1034,8.724425275544295,854.4824886144567,1270.4273463748646,1034,2804,557.3599183267017,2257.0851218239823,4992.724556626999,2804,4589,2067.2864492031076,3895.041512300387,7884.334290478677,4589,7197,6184.498573521563,6365.553422412668,10800.934578882723,7197,12968,23578.57329592453,12290.760256437545,17227.390978572763,12968,19695,54066.2957020843,19281.63863123647,26615.586121948694,19695,19695,54066.2957020843,19281.63863123647,26615.586121948694,19695,19695,54066.2957020843,19281.63863123647,26615.586121948694,19695,22003.213195006792,19695,24445.412890256266,78511.70859234067,26615.586121948694,19695,24445.412890256266,78511.70859234067
2026-06-30,1,21057,-44202.899671918916,855,-7.000944949982911,733.5794443991808,-709.8462161472303,855,2716,-496.4433415572193,2110.7669719831474,-3200.14581999468,2716,4654,-1984.3282754631414,3687.4079570625436,-4761.888933786249,4654,7587,-5597.215060799482,6218.263954841247,-6990.811628946949,7587,13832,-19943.908195522687,11941.96829297971,-11665.967569123313,13832,21057,-44202.899671918916,18659.30163744303,-17272.92216092934,21057,21057,-44202.899671918916,18659.30163744303,-17272.92216092934,21057,21057,-44202.899671918916,18659.30163744303,-17272.92216092934,21057,-16981.810594101116,21057,-17763.770055070014,-61966.669726989014,-17272.92216092934,21057,-17763.770055070014,-61966.669726989014
2026-06-30,-1,21577,46875.537523562816,933,7.19361125256147,724.2623469534559,1202.2383764704496,933,3070,513.9585016264614,2296.2641312521646,4396.193656650542,3070,5048,1954.7128677657074,3948.2188815734435,6759.95664313075,5048,8151,5531.368751117098,6684.884774450211,9712.834574769617,8151,14380,20508.248089637404,12385.726531547378,15873.483438002364,14380,21577,46875.537523562816,19038.9467149354,22693.42458053535,21577,21577,46875.537523562816,19038.9467149354,22693.42458053535,21577,21577,46875.537523562816,19038.9467149354,22693.42458053535,21577,17144.73032195407,21577,20478.09276192911,67353.63028549202,22693.42458053535,21577,20478.09276192911,67353.63028549202
2026-07-01,1,26129,-54038.341224132244,1581,-6.403472027154572,1064.9334810385321,-1058.3070531064996,1581,4183,-529.0424781191853,2927.7678835904826,-5825.23798458308,4183,6618,-2127.987303875229,4868.217285968187,-9285.99612204896,6618,10263,-6121.857986012651,7792.22063490658,-12517.500702234036,10263,17661,-23263.62264596141,14146.450198305689,-17692.84466985711,17661,26129,-54038.341224132244,21505.808049118536,-21974.651925250648,26129,26129,-54038.341224132244,21505.808049118536,-21974.651925250648,26129,26129,-54038.341224132244,21505.808049118536,-21974.651925250648,26129,-20213.36372649813,26129,-22077.46855977141,-76115.80978390359,-21974.651925250648,26129,-22077.46855977141,-76115.80978390359
2026-07-01,-1,24982,51941.040628647126,2024,3.610999883739888,1445.8078586590075,1127.451721316662,2024,4196,570.4676431725359,3012.0841562069168,3280.20850262783,4195,6366,2099.308644883718,4690.540510556012,4412.31687387344,6364,9865,6325.83029122328,7602.649991775214,5794.223084261892,9862,17047,22950.49613146895,13805.477123007127,9766.75900857862,17043,24982,51941.040628647126,20964.483591209726,14515.734514251473,24978,24982,51941.040628647126,20964.483591209726,14515.734514251473,24978,24982,51941.040628647126,20964.483591209726,14515.734514251473,24978,17427.174610178514,24981,15793.10441942246,67734.14504806962,14515.734514251473,24978,15793.10441942246,67734.14504806962
2026-07-02,1,28993,-93847.6513798303,1375,-21.545705103107025,1399.8311643363588,-1734.8956481413027,1375,4306,-962.0273536903261,4347.5133787818795,-6458.063265259403,4306,6970,-4041.00807586908,7281.142522751483,-10206.902111145566,6970,10871,-11603.668671082745,11865.515972680549,-15280.034547587848,10871,19576,-44176.27236349066,22574.02853747189,-23770.280825335904,19576,28993,-93847.6513798303,34249.31156226669,-31927.465804942312,28991,28993,-93847.6513798303,34249.31156226669,-31927.465804942312,28991,28993,-93847.6513798303,34249.31156226669,-31927.465804942312,28991,-19494.45651160073,28993,-27222.78173311463,-121070.43311294485,-31927.465804942312,28991,-27222.78173311463,-121070.43311294485
2026-07-02,-1,29096,86272.57567233763,1599,23.00773789503419,1545.1809312292457,1936.3216978720347,1599,4796,1103.627324726065,4625.890349942983,7049.701913714359,4796,7810,4282.221918443619,7974.172716566509,9122.96407718596,7810,11769,11402.196983113003,12539.745284088489,11592.622899775772,11769,20154,41015.946638854664,22879.401029844783,15747.164503752298,20154,29096,86272.57567233763,33929.275311700796,22591.12604944351,29096,29096,86272.57567233763,33929.275311700796,22591.12604944351,29096,29096,86272.57567233763,33929.275311700796,22591.12604944351,29096,20831.313224882164,29096,20390.84325993497,106663.4189322725,22591.12604944351,29096,20390.84325993497,106663.4189322725
2026-07-03,1,16776,-23060.82087607699,691,-3.6045557940252895,411.10642900330186,-936.8844927163001,691,2274,-180.95680463123472,1324.990314749203,-2851.016761319255,2274,3862,-768.7342339878364,2328.033935383114,-4964.7158841178325,3862,6119,-2416.1631738088904,3784.159414069678,-7359.8300700065465,6119,10963,-9595.815254956977,7076.3388147607075,-12369.301916437398,10963,16776,-23060.82087607699,11253.386957050001,-18572.283864240748,16776,16776,-23060.82087607699,11253.386957050001,-18572.283864240748,16776,16776,-23060.82087607699,11253.386957050001,-18572.283864240748,16776,-18406.367709812872,16776,-18756.802573928388,-41817.62345000541,-18572.283864240748,16776,-18756.802573928388,-41817.62345000541
2026-07-03,-1,18099,21806.663769312436,921,0.2732818569169177,561.418211028298,1108.0892190383825,921,2609,175.01329910980422,1598.7418009229712,4211.503932378185,2609,4249,713.6548110834822,2674.69683874915,6544.75402858036,4249,6747,2070.838863064074,4307.939233545554,9294.88241247915,6747,12018,8784.288582824025,7900.078050554371,14939.818179570337,12018,18099,21806.663769312436,12105.91347748502,20642.21256511926,18099,18099,21806.663769312436,12105.91347748502,20642.21256511926,18099,18099,21806.663769312436,12105.91347748502,20642.21256511926,18099,16636.222009368466,18099,20056.654039694768,41863.31780900694,20642.21256511926,18099,20056.654039694768,41863.31780900694
2026-07-04,1,4305,-2225.92043185301,68,-0.821779688782792,41.366579745541216,-42.15861013912625,68,369,-23.014940805427933,213.7574486022339,-288.0790586000237,369,696,-97.5545188113492,410.2859335059369,-628.498311032097,696,1206,-265.8940129610945,706.0294240252673,-1128.5344460281099,1206,2463,-881.7168538897229,1411.7666901378038,-2295.0719708239553,2463,4305,-2225.92043185301,2460.1067050997062,-4143.211939461213,4305,4305,-2225.92043185301,2460.1067050997062,-4143.211939461213,4305,4305,-2225.92043185301,2460.1067050997062,-4143.211939461213,4305,-3885.6185557992744,4305,-4044.284675681998,-6270.205107535024,-4143.211939461213,4305,-4044.284675681998,-6270.205107535024
2026-07-04,-1,4455,2793.973232548236,80,-0.2740814844435899,43.83232503459665,42.70058925537079,80,383,28.233288415881166,243.60166196449507,344.01806780277195,383,674,95.40759952816558,408.0728234025944,629.7403741075425,674,1190,316.0742585138423,712.3108970513111,1114.975320117654,1190,2515,1106.2732358186745,1469.9138550562666,2390.3746620389334,2515,4455,2793.973232548236,2588.040998491835,4379.447570835177,4455,4455,2793.973232548236,2588.040998491835,4379.447570835177,4455,4455,2793.973232548236,2588.040998491835,4379.447570835177,4455,4205.940379328649,4455,4361.944311584959,7155.917544133175,4379.447570835177,4455,4361.944311584959,7155.917544133175
2026-07-05,1,9029,-6406.846991771999,329,0.5380683348095224,179.06283596451425,-331.7352233803715,329,1129,-78.50215043461753,607.7228185656344,-1130.5375939043838,1129,1871,-293.0781141892473,1031.9709766704166,-1690.563451939332,1871,2971,-766.4586979620938,1624.0901871357444,-2824.8015699768407,2971,5632,-2781.56070888103,3121.3518846216325,-5602.963973951142,5632,9029,-6406.846991771999,5023.509083007761,-8998.01241965518,9029,9029,-6406.846991771999,5023.509083007761,-8998.01241965518,9029,9029,-6406.846991771999,5023.509083007761,-8998.01241965518,9029,-8363.61900422901,9029,-8756.532757607429,-15163.379749379501,-8998.01241965518,9029,-8756.532757607429,-15163.379749379501
2026-07-05,-1,10096,5458.6356123310525,479,1.086165009377385,248.82238335129927,463.8671574707005,479,1198,62.389331866626435,638.4074117768133,1294.9034208720225,1198,1899,197.51961874431493,1043.9913952135685,2114.2785344665745,1899,3200,556.699648224051,1772.7799804159704,3340.768101252741,3200,6413,2274.2630735957655,3570.6313029561434,6200.201595459199,6413,10096,5458.6356123310525,5581.535082133589,9697.574023281859,10096,10096,5458.6356123310525,5581.535082133589,9697.574023281859,10096,10096,5458.6356123310525,5581.535082133589,9697.574023281859,10096,7873.837358122085,10096,8983.266774684804,14441.902387015696,9697.574023281859,10096,8983.266774684804,14441.902387015696
2026-07-06,1,23298,-60590.993743874096,895,-10.339720816873337,716.7525207205615,-1326.1144855289117,895,3256,-713.1944759427483,2525.3937900012043,-4590.916136841782,3256,5579,-2768.3072756081065,4578.791599244805,-9614.55821015639,5579,8773,-7721.594223314498,7426.6487728837565,-13676.170584163916,8773,15471,-27497.570844440233,13865.864525249832,-22025.1287819656,15471,23298,-60590.993743874096,21346.605029885774,-33884.243450451824,23298,23298,-60590.993743874096,21346.605029885774,-33884.243450451824,23298,23298,-60590.993743874096,21346.605029885774,-33884.243450451824,23298,-25230.613432799288,23298,-30397.570858388393,-90988.56460226257,-33884.243450451824,23298,-30397.570858388393,-90988.56460226257
2026-07-06,-1,22640,58545.87044234303,874,18.221279654194518,684.6991126496046,1433.8519390038928,874,3176,734.4582076123697,2526.736094004706,5862.01487805824,3176,5359,2705.7078356467023,4443.436144092861,8225.147021709678,5359,8350,7047.7414131903615,7104.984107088213,10671.553829500752,8350,15027,26355.396175810092,13436.968852105234,15841.606563580968,15026,22640,58545.87044234303,20643.96465948883,22317.02359340738,22637,22640,58545.87044234303,20643.96465948883,22317.02359340738,22637,22640,58545.87044234303,20643.96465948883,22317.02359340738,22637,19803.64920915121,22637,22437.87826612994,80983.7487084729,22317.02359340738,22637,22437.87826612994,80983.7487084729
2026-07-07,1,27924,-78695.79643166851,1373,-11.413752109093897,973.0643791816648,-2888.0273715719177,1373,4090,-863.8574446270143,2897.286459663935,-6778.838397467025,4089,6783,-3339.250725353426,5128.715317646836,-11172.368733953786,6782,10669,-9832.090974409339,8510.745092213785,-15030.67506934228,10668,18842,-36340.041695203814,16083.40134176788,-21591.95884768945,18841,27924,-78695.79643166851,24641.39506607216,-29328.277842144904,27923,27924,-78695.79643166851,24641.39506607216,-29328.277842144904,27923,27924,-78695.79643166851,24641.39506607216,-29328.277842144904,27923,-23215.783723801793,27924,-27117.838068977537,-105813.6345006461,-29328.277842144904,27923,-27117.838068977537,-105813.6345006461
2026-07-07,-1,28148,77325.03588259482,1487,22.63780373805676,1123.1282548842007,2561.468683748171,1487,4397,879.7610200730552,3185.522476184827,6665.440822372273,4397,7271,3428.4291414261584,5606.553909425722,10166.991259349274,7271,11176,9868.987633241633,8965.936882453861,13065.128138393786,11176,19342,35827.56650973551,16602.04850692782,17752.154792754412,19342,28148,77325.03588259482,24888.908785950298,22493.277062774305,28148,28148,77325.03588259482,24888.908785950298,22493.277062774305,28148,28148,77325.03588259482,24888.908785950298,22493.277062774305,28148,24218.894657531386,28148,24576.728913351693,101901.76479594634,22493.277062774305,28148,24576.728913351693,101901.76479594634
2026-07-08,1,29710,-99158.79355534949,1312,-34.170766446601746,1118.4395870377698,-2831.4902813223816,1312,4463,-1220.2221967271323,3720.4534449698185,-7385.296095357796,4463,7589,-4431.092112707771,6750.869264253111,-10755.132769900927,7588,11779,-13010.7891868437,10937.373577531716,-13444.076542309693,11777,20452,-46504.932631133124,20380.58639710084,-18995.530381165765,20449,29710,-99158.79355534949,30523.518927288507,-23163.12143032915,29707,29710,-99158.79355534949,30523.518927288507,-23163.12143032915,29707,29710,-99158.79355534949,30523.518927288507,-23163.12143032915,29707,-22136.103584004988,29710,-22142.369916665288,-121301.16347201505,-23163.12143032915,29707,-22142.369916665288,-121301.16347201505
2026-07-08,-1,31192,103771.97498410569,1485,25.069334360805186,1218.7980811263442,3477.7240545955083,1484,5058,1155.6945325254446,4097.63759063934,12493.54553701852,5057,8404,4523.171438507819,7286.824006108655,17852.233631317402,8403,12797,13369.636122457714,11735.129171328024,22569.159009265986,12796,21707,49154.613183973415,21544.47613190649,32613.039462583874,21706,31192,103771.97498410569,31891.4879949687,42650.36345401921,31191,31192,103771.97498410569,31891.4879949687,42650.36345401921,31191,31192,103771.97498410569,31891.4879949687,42650.36345401921,31191,26161.659677178253,31192,37043.22763475612,140815.2026188617,42650.36345401921,31191,37043.22763475612,140815.2026188617
2026-07-09,1,28995,-68113.17064096735,1473,-32.31417542479026,958.2341114149277,-1579.0132483864486,1472,4466,-788.2008185237645,2766.6451153205808,-5705.209804528404,4464,7497,-3242.156179593185,4879.555908135042,-9720.683483685742,7495,11709,-9520.643352280349,7850.284782621388,-12877.56772109757,11705,20211,-33049.935122966446,14260.202884192742,-18474.972241629104,20207,28995,-68113.17064096735,21050.24277771408,-26165.398906518345,28990,28995,-68113.17064096735,21050.24277771408,-26165.398906518345,28990,28995,-68113.17064096735,21050.24277771408,-26165.398906518345,28990,-22258.091037234335,28995,-25050.59766735486,-93163.7683083225,-26165.398906518345,28990,-25050.59766735486,-93163.7683083225
2026-07-09,-1,29674,68996.80720780606,1763,14.036646872893648,1121.4719147613664,1727.2618276885619,1763,4844,667.3721399494731,2920.2351935370752,6043.790484055597,4843,7835,2904.1576241517237,4895.5262396424305,10506.52099513984,7834,12002,8874.389421755008,7726.468067262173,13687.426990545788,12000,20529,32358.186404066517,14150.531775340369,21607.23597382534,20526,29674,68996.80720780606,21234.76087286187,30096.500937950335,29668,29674,68996.80720780606,21234.76087286187,30096.500937950335,29668,29674,68996.80720780606,21234.76087286187,30096.500937950335,29668,21622.43851190596,29674,26489.550832251538,95486.35804005725,30096.500937950335,29668,26489.550832251538,95486.35804005725
2026-07-10,1,24365,-54633.106043341955,1367,-11.817853189615192,761.8052617902838,-1871.8869826976184,1367,3687,-589.6202278985788,2036.516244791691,-5340.752440607581,3687,5999,-2381.11154676141,3461.2515715456043,-7359.028929171949,5999,9359,-7146.576260407044,5548.924087693495,-10490.142670250985,9359,16402,-25016.80794752271,10067.865519799454,-18374.24132058541,16402,24365,-54633.106043341955,15284.643142625677,-25229.508703604948,24365,24365,-54633.106043341955,15284.643142625677,-25229.508703604948,24365,24365,-54633.106043341955,15284.643142625677,-25229.508703604948,24365,-19693.56805817313,24365,-23493.884632116966,-78126.99067545915,-25229.508703604948,24365,-23493.884632116966,-78126.99067545915
2026-07-10,-1,24901,56020.4697067865,1113,8.82396311173728,593.6294852250586,1789.1748147343988,1113,3761,643.524557906931,1934.0804112039314,6713.892576595901,3761,6287,2457.542941453766,3457.468604111903,10728.45744401608,6286,9806,7170.857663436952,5544.927990229906,14382.496385922968,9805,17067,26216.237117733916,10210.76128969494,22774.6107887463,17065,24901,56020.4697067865,15380.563911270467,31738.646972373623,24896,24901,56020.4697067865,15380.563911270467,31738.646972373623,24896,24901,56020.4697067865,15380.563911270467,31738.646972373623,24896,21584.56790031605,24900,28474.49158189736,84494.9612886837,31738.646972373623,24896,28474.49158189736,84494.9612886837
2026-07-11,1,10931,-6473.885350338674,358,-2.034431421144859,173.55676593695452,-275.2668199176951,358,1157,-63.659189343485274,578.5079651599156,-1620.7709142892086,1157,2101,-240.71382183330934,1018.696704486922,-3001.7472760638357,2101,3559,-634.1330020541045,1629.799671940782,-4701.847817028436,3559,6891,-2411.4607549260345,3062.8142456481173,-8475.52480920132,6891,10931,-6473.885350338674,4873.245543825852,-13077.208785207164,10931,10931,-6473.885350338674,4873.245543825852,-13077.208785207164,10931,10931,-6473.885350338674,4873.245543825852,-13077.208785207164,10931,-9012.587666638663,10931,-11585.335569216713,-18059.220919555344,-13077.208785207164,10931,-11585.335569216713,-18059.220919555344
2026-07-11,-1,9805,6390.62307155075,253,0.5151187349808796,150.66511589584957,382.9485670365639,253,1028,82.6442529102886,538.5965328382212,1292.3034143187538,1028,2013,292.4011677444314,996.3647944331029,2718.956910554088,2013,3354,705.7812914713215,1588.3643454335058,4464.2681611867465,3354,6174,2421.413763154977,2821.2741664524124,8257.8123004331,6174,9805,6390.62307155075,4444.804309136516,13128.01562691943,9805,9805,6390.62307155075,4444.804309136516,13128.01562691943,9805,9805,6390.62307155075,4444.804309136516,13128.01562691943,9805,9370.82386935177,9805,12181.769532557333,18572.392604107998,13128.01562691943,9805,12181.769532557333,18572.392604107998
2026-07-12,1,8845,-7031.9041519053335,250,-0.7717593393685946,89.5380511412047,-302.21475866669306,250,939,-52.98022783151415,342.0347933712004,-1012.4583569932556,937,1664,-231.6982993102771,622.5490926684467,-1667.5421028383207,1662,2774,-676.1768908935945,1036.3144403271772,-2802.614930867271,2772,5372,-2677.7056296245764,2022.127789189394,-5284.544572490988,5369,8845,-7031.9041519053335,3324.152080891356,-8503.725768880553,8838,8845,-7031.9041519053335,3324.152080891356,-8503.725768880553,8838,8845,-7031.9041519053335,3324.152080891356,-8503.725768880553,8838,-6194.244607786893,8845,-7625.147135637931,-14657.051287543247,-8503.725768880553,8838,-7625.147135637931,-14657.051287543247
2026-07-12,-1,10370,7638.790894871676,402,1.0368011153269285,160.37830211586362,281.75587172182793,402,986,79.33298991599645,412.4813754430388,765.9486163188992,986,1722,349.73620342979143,709.1761623386757,1439.0736327259845,1722,3017,1028.9851768108915,1193.8964094052312,2298.892894327283,3017,6215,3402.4985442718553,2363.162740169101,4601.210538422509,6215,10370,7638.790894871676,3850.36641501595,7780.439120750771,10370,10370,7638.790894871676,3850.36641501595,7780.439120750771,10370,10370,7638.790894871676,3850.36641501595,7780.439120750771,10370,6550.640338013918,10370,7269.495337783981,14908.286232655633,7780.439120750771,10370,7269.495337783981,14908.286232655633
2026-07-13,1,26463,-72335.53541446898,1019,-13.280145839929224,554.6477949185671,-1497.8394818082777,1019,3886,-735.2401128558904,2083.819283784447,-6746.534061198926,3886,6744,-3034.365509165988,3842.9568634728093,-10092.73602691445,6743,10259,-8859.482204990967,6111.623946022488,-14140.213007794206,10257,17869,-32731.77314023164,11430.741264951892,-21509.311326881092,17866,26463,-72335.53541446898,17457.966343859902,-28529.984649636033,26458,26463,-72335.53541446898,17457.966343859902,-28529.984649636033,26458,26463,-72335.53541446898,17457.966343859902,-28529.984649636033,26458,-21333.45613109286,26463,-26895.82687140425,-99231.36228587336,-28529.984649636033,26458,-26895.82687140425,-99231.36228587336
2026-07-13,-1,26626,70086.6884998643,1045,16.188808116632995,610.6313226094726,1389.736530481844,1045,3899,853.6035201092154,2184.7654891960183,4049.2231720664113,3899,6669,3202.848559243478,3937.015908321373,6880.019768770337,6669,10472,9382.96009253256,6394.073230083643,9071.843234231845,10472,18189,32578.011898461453,11689.607512917326,12816.080310634501,18189,26626,70086.6884998643,17566.114093255368,15369.328792445056,26626,26626,70086.6884998643,17566.114093255368,15369.328792445056,26626,26626,70086.6884998643,17566.114093255368,15369.328792445056,26626,19728.719363612625,26626,18976.386365013474,89063.07486487777,15369.328792445056,26626,18976.386365013474,89063.07486487777
2026-07-14,1,25512,-67702.17358920457,1066,-9.932635120201214,578.1602770922663,-1454.103498233339,1066,3791,-881.1149248886718,2094.379510812072,-4365.262383386589,3789,6517,-3381.459935122397,3895.824745957184,-7669.75787204756,6514,9952,-9386.018169444511,6095.173406185144,-10123.831852580915,9948,17290,-31412.432221093288,11098.950889865206,-15009.193765363756,17286,25512,-67702.17358920457,16890.880114761665,-20502.911331683146,25506,25512,-67702.17358920457,16890.880114761665,-20502.911331683146,25506,25512,-67702.17358920457,16890.880114761665,-20502.911331683146,25506,-18197.891816614327,25512,-20011.44550635098,-87713.61909555577,-20502.911331683146,25506,-20011.44550635098,-87713.61909555577
2026-07-14,-1,24304,69141.97565455965,975,12.752942067650462,662.5949434771373,1455.0007687827401,975,3522,882.2988432793084,2251.7695600275156,5709.758283478523,3522,6091,3224.6165307252836,4038.5198872576284,8875.07703805605,6091,9329,9153.714458308832,6280.741891458519,12465.040368778416,9329,16314,32027.607528096356,11212.311902965444,19558.536994400994,16314,24304,69141.97565455965,16817.048903058745,26440.470138734563,24304,24304,69141.97565455965,16817.048903058745,26440.470138734563,24304,24304,69141.97565455965,16817.048903058745,26440.470138734563,24304,17420.567440299696,24304,24440.662397143224,93582.63805170271,26440.470138734563,24304,24440.662397143224,93582.63805170271
2026-07-15,1,22128,-65059.3297902102,806,-4.5469532757107345,509.46389064715714,-1571.4231499838656,806,3052,-788.2441495007158,1861.436705087678,-6753.319394178756,3052,5374,-3181.0540228287955,3404.5666006448864,-11363.361135594394,5374,8499,-9114.034161998312,5395.9654503260845,-15109.205881877191,8499,14928,-30659.06872449068,9714.80360202817,-22185.628861567664,14925,22128,-65059.3297902102,14457.700247295728,-29902.173242813173,22125,22128,-65059.3297902102,14457.700247295728,-29902.173242813173,22125,22128,-65059.3297902102,14457.700247295728,-29902.173242813173,22125,-17317.396721731577,22128,-26058.151280929418,-91117.48107113967,-29902.173242813173,22125,-26058.151280929418,-91117.48107113967
2026-07-15,-1,22856,61111.483076443306,1003,6.158142258636252,568.9697805129396,898.433128287709,1003,3575,645.7294956232702,1971.5508146837105,3919.7447797041414,3575,5935,2645.0518894484185,3454.5290312825623,6063.469824683439,5935,9096,7837.66941864564,5436.843720197329,8466.74960833809,9096,15621,27922.45557546293,9719.067481634735,14842.56852129364,15621,22856,61111.483076443306,14425.810473177273,21394.340037908376,22856,22856,61111.483076443306,14425.810473177273,21394.340037908376,22856,22856,61111.483076443306,14425.810473177273,21394.340037908376,22856,17979.08617787531,22856,19489.893251236343,80601.37632767958,21394.340037908376,22856,19489.893251236343,80601.37632767958
2026-07-16,1,26220,-77096.70512073417,1053,-11.51886461053279,651.8369300244005,-1983.2849789717002,1052,3956,-838.794986816398,2373.314052696118,-8975.497166684756,3955,6664,-3350.609317859365,4137.768793378286,-12676.813145791444,6663,10326,-9731.378013453863,6461.686203831841,-15749.593087179594,10321,17730,-34624.33957989127,11499.169020454257,-23336.665830104197,17721,26220,-77096.70512073417,17289.32101358238,-29323.61035611605,26211,26220,-77096.70512073417,17289.32101358238,-29323.61035611605,26211,26220,-77096.70512073417,17289.32101358238,-29323.61035611605,26211,-20859.835299834187,26217,-27813.818794359446,-104910.5239150935,-29323.61035611605,26211,-27813.818794359446,-104910.5239150935
2026-07-16,-1,27396,73589.37430108234,1445,11.274703900666108,835.0290110566798,2241.9740609106757,1445,4695,816.8376047690493,2653.8039467069543,6410.855119203265,4695,7487,2998.16672267676,4352.6777913317355,9578.993027609926,7487,11376,9038.706065764214,6822.857471753753,11850.667796900725,11376,19058,32942.59134384761,12002.666319679409,16533.33196394625,19058,27396,73589.37430108234,17607.925288026705,21288.425321131297,27396,27396,73589.37430108234,17607.925288026705,21288.425321131297,27396,27396,73589.37430108234,17607.925288026705,21288.425321131297,27396,24333.953935912716,27396,22198.08376677098,95787.45806785297,21288.425321131297,27396,22198.08376677098,95787.45806785297
2026-07-17,1,33995,-100241.47347183895,1491,-37.82014304747785,940.1107754266934,-2874.990664674386,1491,5752,-1473.5094605027166,3612.032506548339,-11034.062067355313,5752,9655,-5224.115364886648,6407.2175183881445,-16887.572626564106,9655,14585,-14603.68850570809,9948.440103960307,-22471.986050752508,14583,24201,-49392.34772232508,17260.060130697893,-32855.344385615885,24199,33995,-100241.47347183895,24808.639878475024,-42868.62508074059,33992,33995,-100241.47347183895,24808.639878475024,-42868.62508074059,33992,33995,-100241.47347183895,24808.639878475024,-42868.62508074059,33992,-33349.68664838279,33995,-40722.251121222725,-140963.7245930618,-42868.62508074059,33992,-40722.251121222725,-140963.7245930618
2026-07-17,-1,31939,100477.20173269397,1643,16.92069661582362,1167.8809957690223,3685.2195627016627,1643,5576,1334.2038841831718,3703.2436981579217,11463.164125084753,5576,9078,5153.911976363097,6332.416791082511,18637.625648925346,9078,13540,14621.24039889228,9511.67703863941,24471.76752205773,13540,22637,49934.96734005632,16693.76855458055,33173.5849945414,22637,31939,100477.20173269397,24022.448063772354,42242.30139274825,31939,31939,100477.20173269397,24022.448063772354,42242.30139274825,31939,31939,100477.20173269397,24022.448063772354,42242.30139274825,31939,33195.032614026,31939,38757.0035400676,139234.20527276152,42242.30139274825,31939,38757.0035400676,139234.20527276152
2026-07-18,1,8572,-4131.303720540813,353,-4.425356437839206,151.7099728673212,-376.448706799052,353,930,-33.36849736517216,405.2464391095882,-1180.62451691308,930,1605,-123.6139152177801,693.0252083927237,-2300.376567584075,1605,2731,-335.72758088446574,1162.1811348279732,-3853.955350230757,2731,5378,-1468.9393454102728,2284.304703744232,-7182.0827668021775,5378,8572,-4131.303720540813,3624.9587809100963,-11486.964135711467,8572,8572,-4131.303720540813,3624.9587809100963,-11486.964135711467,8572,8572,-4131.303720540813,3624.9587809100963,-11486.964135711467,8572,-8375.15299957485,8572,-10412.469747614696,-14543.773468155487,-11486.964135711467,8572,-10412.469747614696,-14543.773468155487
2026-07-18,-1,8241,4754.499196550749,278,0.3691739732786705,118.98780375544212,309.8943225003825,278,848,40.73233559119216,375.94921761717404,1043.6784425698133,848,1540,147.85631241205974,677.2958478866208,1796.6145462033119,1540,2648,353.7238039550086,1132.893747821519,3094.930154293564,2648,5206,1682.9492895442177,2212.8303358816493,5922.489721668484,5206,8241,4754.499196550749,3499.0870424847176,9079.255531467961,8241,8241,4754.499196550749,3499.0870424847176,9079.255531467961,8241,8241,4754.499196550749,3499.0870424847176,9079.255531467961,8241,6968.026245134033,8241,8379.235667750192,13133.734864300875,9079.255531467961,8241,8379.235667750192,13133.734864300875
2026-07-19,1,13090,-13653.763725584964,637,-0.7328634473803308,291.2957722109075,-814.3712070396062,637,1616,-129.1428237302384,767.039941924809,-2150.750291107342,1616,2716,-467.1596507774455,1291.5565437143882,-3970.4230287420787,2715,4491,-1637.5125041646056,2104.456610753759,-6264.525239346978,4489,8374,-5843.395089809279,3925.1473692164054,-11041.646147625906,8369,13090,-13653.763725584964,6105.762341748318,-16470.38894718409,13083,13090,-13653.763725584964,6105.762341748318,-16470.38894718409,13083,13090,-13653.763725584964,6105.762341748318,-16470.38894718409,13083,-14954.551028199196,13090,-16910.294005372467,-30564.05773095742,-16470.38894718409,13083,-16910.294005372467,-30564.05773095742
2026-07-19,-1,10223,12773.752109516965,334,0.7297139543962508,165.50422610236927,524.4407116785922,334,1256,139.35788205075204,629.0797000527139,2197.7308370506535,1256,2210,439.2610740247152,1091.0558759672585,3514.3347979611276,2210,3553,1343.3089608747684,1728.4720833973065,5230.12513827114,3553,6495,5116.176046063694,3129.9640216096086,8705.965486583886,6495,10223,12773.752109516965,4909.959774407707,13056.938568843409,10223,10223,12773.752109516965,4909.959774407707,13056.938568843409,10223,10223,12773.752109516965,4909.959774407707,13056.938568843409,10223,10588.708399246154,10223,12860.283943062106,25634.03605257917,13056.938568843409,10223,12860.283943062106,25634.03605257917
2026-07-20,1,21123,-57482.92160360755,796,-11.660109482661724,464.40169506283064,-1280.587275852663,796,2935,-632.8800045296025,1622.6053786891648,-4655.115399551485,2935,5026,-2282.8108328095286,2931.059362326989,-6988.646114435552,5025,7890,-6717.674152304558,4706.049742692885,-9885.780909344663,7889,13976,-25224.248397854673,8554.687061170001,-15412.682388329895,13975,21123,-57482.92160360755,13128.542746043764,-20770.22141108263,21121,21123,-57482.92160360755,13128.542746043764,-20770.22141108263,21121,21123,-57482.92160360755,13128.542746043764,-20770.22141108263,21121,-18276.096992375,21121,-20762.44225896312,-78245.36386257067,-20770.22141108263,21121,-20762.44225896312,-78245.36386257067
2026-07-20,-1,23242,62913.7400863489,977,17.675593231315368,547.1564300453617,2005.2199501124085,977,3407,630.6845923854471,1928.0596958995166,6515.05215188517,3407,5600,2482.468179682469,3280.3450878652793,8617.064847261754,5600,8802,7633.320485788142,5121.030576859679,12199.162416356967,8802,15542,27341.584466830252,9257.7663808513,19807.14457633963,15542,23242,62913.7400863489,14119.224545273735,25442.009865350286,23242,23242,62913.7400863489,14119.224545273735,25442.009865350286,23242,23242,62913.7400863489,14119.224545273735,25442.009865350286,23242,21735.829882913502,23242,25061.489282310322,87975.22936865946,25442.009865350286,23242,25061.489282310322,87975.22936865946
2026-07-21,1,23712,-43498.91212096104,841,-11.083718624500104,404.47697254150916,-1330.22979984137,841,3467,-443.365760176973,1570.9770524779162,-4906.843866195957,3467,5935,-1771.7816418447092,2811.6207206109602,-6765.513943171002,5935,9269,-5390.373646277038,4369.826815455972,-9252.249123375166,9269,16029,-19374.137747291395,7708.813651689587,-14298.168267310199,16029,23712,-43498.91212096104,11575.844708125685,-19558.090669244848,23712,23712,-43498.91212096104,11575.844708125685,-19558.090669244848,23712,23712,-43498.91212096104,11575.844708125685,-19558.090669244848,23712,-20829.85118840562,23712,-20615.025316449315,-64113.93743741046,-19558.090669244848,23712,-20615.025316449315,-64113.93743741046
2026-07-21,-1,24326,43346.27931488561,1047,11.677542863986796,504.7119075952835,1556.6073228722503,1047,3646,506.92413067397626,1708.2586621255268,6164.458235739718,3646,6086,1625.6810261376722,2874.716355043626,9709.466348879614,6086,9548,4976.758916911152,4466.136321348189,13669.534355674155,9548,16498,18563.071631874154,7858.508253600356,21128.034613191725,16498,24326,43346.27931488561,11834.971110378883,30221.50326206701,24326,24326,43346.27931488561,11834.971110378883,30221.50326206701,24326,24326,43346.27931488561,11834.971110378883,30221.50326206701,24326,23059.204560819722,24326,27339.533086369545,70685.81240125527,30221.50326206701,24326,27339.533086369545,70685.81240125527
2026-07-22,1,29555,-57428.21124942802,1255,-19.80973212441497,625.2486427541925,-1801.221662101103,1255,5011,-688.6262220219664,2442.8461738969536,-6736.617070498845,5010,8144,-2296.1861585439538,4022.329454733961,-10095.50647516799,8143,12434,-7136.6883837376445,6143.8687491305,-14234.237127751054,12433,20690,-26211.802608639795,10465.49768325136,-23962.09182884321,20689,29555,-57428.21124942802,15220.373350328973,-31501.023676772733,29554,29555,-57428.21124942802,15220.373350328973,-31501.023676772733,29554,29555,-57428.21124942802,15220.373350328973,-31501.023676772733,29554,-24555.39938775935,29555,-28747.36644428184,-86175.57769370994,-31501.023676772733,29554,-28747.36644428184,-86175.57769370994
2026-07-22,-1,29163,57554.418367037884,1210,11.155792553673534,621.8797461553985,2458.6647682073985,1210,4571,746.9866686203154,2248.627017061533,8392.344316974813,4571,7721,2604.058203170111,3881.094429502165,13034.76278391017,7720,12117,7876.693809676575,6094.84819481334,18735.99624426432,12115,20448,27266.07403083515,10513.49210250189,28564.63148570184,20445,29163,57554.418367037884,15170.190788258758,38767.18882207389,29158,29163,57554.418367037884,15170.190788258758,38767.18882207389,29158,29163,57554.418367037884,15170.190788258758,38767.18882207389,29158,25415.749372596536,29163,34389.88609867128,91944.3044657092,38767.18882207389,29158,34389.88609867128,91944.3044657092
2026-07-23,1,29098,-62991.880088332444,1294,-20.65240651890304,611.2681508604941,-1554.054426242614,1293,4993,-770.8946574021556,2389.5288464808946,-6568.6771705663805,4988,8226,-2731.0589461225445,4082.5037612028095,-10111.165017394176,8221,12311,-8305.286399398949,6267.314988073273,-13990.513092335634,12304,20445,-29751.440119946325,10807.061458393948,-20098.137810308443,20435,29098,-62991.880088332444,15802.687375599682,-28175.90089593074,29087,29098,-62991.880088332444,15802.687375599682,-28175.90089593074,29087,29098,-62991.880088332444,15802.687375599682,-28175.90089593074,29087,-23811.766463319072,29097,-25454.466420078745,-88446.34650841137,-28175.90089593074,29087,-25454.466420078745,-88446.34650841137
2026-07-23,-1,27897,61038.325912145556,1230,5.246668788974649,609.5884537308973,2034.6470879360452,1230,4785,738.260434927759,2328.752069010886,8270.8180401227,4785,7864,2794.451350229121,4011.3156285649147,10750.57477485574,7864,11773,8112.524760533383,6151.2138192250695,14863.282466205732,11773,19516,28939.946782147992,10613.996013690288,21301.024065864687,19516,27897,61038.325912145556,15446.710905376423,26772.69873028474,27896,27897,61038.325912145556,15446.710905376423,26772.69873028474,27896,27897,61038.325912145556,15446.710905376423,26772.69873028474,27896,19034.298331626804,27897,25259.20066156819,86297.52657371383,26772.69873028474,27896,25259.20066156819,86297.52657371383
2026-07-24,1,24147,-53830.92483564505,992,-11.038891787949474,471.0373324039804,-1646.849423187371,992,3872,-486.11570643514324,1884.813664194713,-6896.8173297963995,3871,6235,-1925.7300440978731,3136.717090083557,-9936.210655231891,6233,9612,-6275.499466570261,4959.7108366282155,-13573.099423937025,9609,16428,-23824.261826153095,8833.644108840872,-21137.842596287133,16423,24147,-53830.92483564505,13343.979735995657,-29835.554849605338,24142,24147,-53830.92483564505,13343.979735995657,-29835.554849605338,24142,24147,-53830.92483564505,13343.979735995657,-29835.554849605338,24142,-20078.78962773156,24143,-25359.283105508483,-79190.20794115374,-29835.554849605338,24142,-25359.283105508483,-79190.20794115374
2026-07-24,-1,21227,53698.601463675484,674,8.720968075989374,371.7862683150412,695.7261722829094,674,2862,519.3090233593181,1469.2830805727526,3606.6288705589423,2862,4914,2017.3741241632279,2622.80055962187,4780.020439517695,4914,7850,6186.889354476593,4277.732523948396,6536.033508606035,7850,14003,23828.188450364636,7903.690660587057,9215.306322153843,14003,21227,53698.601463675484,12108.448460548478,12226.53319667713,21227,21227,53698.601463675484,12108.448460548478,12226.53319667713,21227,21227,53698.601463675484,12108.448460548478,12226.53319667713,21227,12542.007731044823,21227,11286.658636368724,64985.260100044274,12226.53319667713,21227,11286.658636368724,64985.260100044274
2026-07-25,1,6309,-3849.8910667954938,187,-0.6955312122443154,86.80601373042515,-159.80745566582755,187,636,-40.62257045756992,284.1305214948014,-782.6183232274545,636,1147,-140.19372311293847,489.0834885733856,-1425.3536412939197,1147,1970,-422.03429061461094,812.6993535749806,-2336.9659972720447,1970,3907,-1596.517664268692,1576.5786163819973,-4499.51967325162,3907,6309,-3849.8910667954938,2547.226761166088,-6974.987480541171,6309,6309,-3849.8910667954938,2547.226761166088,-6974.987480541171,6309,6309,-3849.8910667954938,2547.226761166088,-6974.987480541171,6309,-5481.51553650578,6309,-6748.8982000781725,-10598.789266873677,-6974.987480541171,6309,-6748.8982000781725,-10598.789266873677
2026-07-25,-1,8217,4846.5342810688,203,2.4279396544920315,83.99930744396417,334.4424403302727,203,827,29.49675974754106,332.5247209710468,1236.3574257021905,827,1534,128.68994560664706,619.9205927622836,2122.086371330216,1534,2578,372.3018528217237,1038.5677688808078,3411.1703560284022,2578,5071,1727.4860703827821,2027.9830244916036,6266.786974569018,5071,8217,4846.5342810688,3287.180636631965,10041.823833095386,8217,8217,4846.5342810688,3287.180636631965,10041.823833095386,8217,8217,4846.5342810688,3287.180636631965,10041.823833095386,8217,7764.405293416639,8217,9296.728318342317,14143.262599410988,10041.823833095386,8217,9296.728318342317,14143.262599410988
2026-07-26,1,9512,-7100.427552160055,248,-3.765944650532354,112.26345967021054,-344.6717550781142,248,1068,-79.28877847849068,469.735981629296,-1315.3966506779725,1068,1844,-275.52589599088384,798.2859099393484,-1994.0392569536864,1844,3063,-858.6194007940552,1289.9793796347149,-2873.987280927593,3063,5868,-2961.709049708653,2415.621806586716,-5012.570313792471,5868,9512,-7100.427552160055,3865.064500156829,-7308.0768523422685,9512,9512,-7100.427552160055,3865.064500156829,-7308.0768523422685,9512,9512,-7100.427552160055,3865.064500156829,-7308.0768523422685,9512,-6289.051619648409,9512,-7085.321418418231,-14185.748970578336,-7308.0768523422685,9512,-7085.321418418231,-14185.748970578336
2026-07-26,-1,11126,6987.973012780149,608,1.3509283098826388,250.77280377420968,501.6103433261206,608,1430,64.1825463259832,580.6248221348399,1568.8001672443281,1430,2238,221.08863182956708,915.9732618010167,2674.025445253481,2238,3671,720.3855311736884,1488.862340997865,4212.3830107057265,3671,7019,2880.589365346458,2816.203935603219,7375.917631308263,7018,11126,6987.973012780149,4453.886716382234,10916.811640194239,11125,11126,6987.973012780149,4453.886716382234,10916.811640194239,11125,11126,6987.973012780149,4453.886716382234,10916.811640194239,11125,7780.169928189136,11126,9700.257244234781,16688.230257014875,10916.811640194239,11125,9700.257244234781,16688.230257014875
2026-07-27,1,26816,-72169.66902158162,1276,-29.11145150979546,808.1966520752998,-3982.0008542361493,1276,4636,-1225.762460212938,2800.852644413043,-12377.441187898909,4636,7543,-4163.041128047489,4691.817571235231,-17675.50345012392,7543,11291,-11155.85649440683,7047.262921805772,-22271.512220938956,11288,18700,-35201.14069888428,11838.966353644086,-31495.925158402657,18693,26816,-72169.66902158162,16828.250551308258,-42278.093737246425,26808,26816,-72169.66902158162,16828.250551308258,-42278.093737246425,26808,26816,-72169.66902158162,16828.250551308258,-42278.093737246425,26808,-24467.115660780546,26816,-37269.33146121108,-109439.00048279276,-42278.093737246425,26808,-37269.33146121108,-109439.00048279276
2026-07-27,-1,26239,72221.45385404935,1191,33.66830663046264,727.8485868977756,2682.9589094517364,1191,4434,1014.7038542036746,2618.280131233927,7234.151324712075,4433,7324,4073.8056209542838,4465.873638751162,9662.31584220836,7323,11025,11428.433113015648,6815.689240683278,12135.673826844999,11023,18366,36372.31966638402,11404.01169044157,15987.493122060298,18364,26239,72221.45385404935,16367.422808438638,20801.65668591983,26236,26239,72221.45385404935,16367.422808438638,20801.65668591983,26236,26239,72221.45385404935,16367.422808438638,20801.65668591983,26236,21302.765253464353,26239,20948.37204817993,93169.82590222885,20801.65668591983,26236,20948.37204817993,93169.82590222885
2026-07-28,1,34738,-103728.1095274201,2193,-64.19842570002163,1719.7510114014299,-6904.842136068991,2192,6712,-1650.748011261568,4748.79241681273,-19227.28102349031,6710,10528,-5695.679102901395,7476.390744363045,-25838.362125209525,10526,15491,-16414.608135069284,10995.586636614436,-33576.94290776625,15487,24991,-52675.720700045225,17883.54412835377,-47511.16624509736,24986,34738,-103728.1095274201,24883.10858190884,-60213.326918067665,34733,34738,-103728.1095274201,24883.10858190884,-60213.326918067665,34733,34738,-103728.1095274201,24883.10858190884,-60213.326918067665,34733,-35945.31644057641,34738,-53745.133137439276,-157473.2426648596,-60213.326918067665,34733,-53745.133137439276,-157473.2426648596
2026-07-28,-1,32778,106545.4279711421,1825,60.22364312112896,1449.7995476777307,6052.592520404794,1825,6197,1878.8414830161819,4583.236936047307,14818.185630014412,6197,9863,6069.547590749546,7239.521671346303,20437.544386063782,9862,14588,17274.644105282736,10622.854981191198,24401.324773477238,14587,23515,53361.22489728118,17253.233002257737,35094.47853256957,23514,32778,106545.4279711421,23994.842845484636,46934.0620937465,32772,32778,106545.4279711421,23994.842845484636,46934.0620937465,32772,32778,106545.4279711421,23994.842845484636,46934.0620937465,32772,34356.09489885706,32778,41811.115417358174,148356.54338850046,46934.0620937465,32772,41811.115417358174,148356.54338850046
2026-07-29,1,39414,-147679.09228041128,2877,-64.51280893804056,2186.031903448373,-8940.760385301672,2877,8873,-2639.2445513216308,6556.952328669189,-25489.154562536907,8873,13503,-8817.059347192147,10292.99721102735,-34885.14780022572,13502,19061,-23376.388168635087,14712.73749196854,-41084.44447807898,19060,29286,-73965.27420499356,23352.116773339105,-53589.76905443247,29284,39414,-147679.09228041128,32063.005180080385,-68969.60076546292,39410,39414,-147679.09228041128,32063.005180080385,-68969.60076546292,39410,39414,-147679.09228041128,32063.005180080385,-68969.60076546292,39410,-43016.736616111775,39413,-61993.412091600025,-209672.50437201138,-68969.60076546292,39410,-61993.412091600025,-209672.50437201138
2026-07-29,-1,36905,148875.31092868865,2892,65.58038278950492,2263.18898218615,6770.850736421902,2891,8450,2685.5851871850155,6530.204140188713,21717.95309826277,8449,12594,8865.43729861034,9946.669816163765,28356.219679720773,12593,17651,23540.054123812864,13976.189913884959,31442.73722125464,17649,27220,74903.90178464161,22092.037275435043,39526.894097629905,27217,36905,148875.31092868865,30349.9716783157,47819.29609890017,36901,36905,148875.31092868865,30349.9716783157,47819.29609890017,36901,36905,148875.31092868865,30349.9716783157,47819.29609890017,36901,40524.875153571156,36905,47798.779961248816,196674.09088993754,47819.29609890017,36901,47798.779961248816,196674.09088993754
2026-07-30,1,31065,-73726.79949524766,2229,-26.735008361972223,1332.8789558463873,-3473.5831193816534,2229,7399,-1182.4942953591699,4376.157606796799,-10343.115823898916,7398,11118,-3734.9880027801573,6701.559755370743,-14293.340149658135,11116,15676,-10603.594948671904,9558.249818432507,-18308.381499020514,15673,23423,-35169.290405447566,14683.169238477562,-24515.313588694527,23416,31065,-73726.79949524766,19951.90034035503,-29445.7526199386,31054,31065,-73726.79949524766,19951.90034035503,-29445.7526199386,31054,31065,-73726.79949524766,19951.90034035503,-29445.7526199386,31054,-29423.085425289402,31064,-29272.325530318336,-102999.12502556607,-29445.7526199386,31054,-29272.325530318336,-102999.12502556607
2026-07-30,-1,33334,79959.22387998519,2405,36.850346295996864,1453.216660902259,6384.7816751289565,2405,7817,1136.0634308822423,4644.132047230198,20417.556717241285,7817,11983,4056.806414596802,7257.334828819837,30203.75234528658,11983,16892,11172.429907900096,10278.854120046135,39858.90858744348,16891,25246,37985.166525880835,15836.355369734945,53630.356213282415,25244,33334,79959.22387998519,21478.086302314747,67802.64975398417,33331,33334,79959.22387998519,21478.086302314747,67802.64975398417,33331,33334,79959.22387998519,21478.086302314747,67802.64975398417,33331,38978.41314505266,33334,58603.311312035585,138562.53519202094,67802.64975398417,33331,58603.311312035585,138562.53519202094
2026-07-31,1,32277,-84977.92507089485,2040,-41.98045265363088,1291.0873529561331,-7260.025804494088,2040,7235,-1991.8797404334448,4539.570861710625,-20533.638511802914,7235,11343,-6008.424718636395,7116.276047350355,-31126.987008533277,11342,16064,-15049.88729717549,9987.11511518372,-39902.29542300157,16062,24212,-43731.250817440596,15223.944246686327,-57322.15717350063,24209,32277,-84977.92507089485,20348.100519595704,-71841.55032785275,32274,32277,-84977.92507089485,20348.100519595704,-71841.55032785275,32274,32277,-84977.92507089485,20348.100519595704,-71841.55032785275,32274,-42389.215916747184,32277,-65566.7644766971,-150544.68954759193,-71841.55032785275,32274,-65566.7644766971,-150544.68954759193
2026-07-31,-1,31932,85991.96922168,2092,68.10654559969983,1327.9827810751237,3517.905730454545,2092,7187,1803.6738681643537,4323.5707832815,12279.81247896658,7187,11132,5606.160329713309,6760.195298516521,19039.401810160707,11132,15812,14561.367246562697,9534.510324588786,23691.085610126192,15812,24011,44399.85735687836,14771.015597531195,32194.966326596397,24010,31932,85991.96922168,19845.117814355035,41809.19082668045,31931,31932,85991.96922168,19845.117814355035,41809.19082668045,31931,31932,85991.96922168,19845.117814355035,41809.19082668045,31931,33840.271216433845,31932,41063.695239617475,127055.66446129719,41809.19082668045,31931,41063.695239617475,127055.66446129719
2026-08-01,1,10636,-4470.516168364552,411,-0.8223519676441203,187.3974359790967,-736.3280313178046,410,1329,-38.60145810103688,637.6392802354641,-3051.890580583414,1328,2179,-120.71404993019642,1025.3066803264205,-4563.631529125875,2178,3625,-398.1050258271491,1668.0194578328687,-7252.287023784299,3623,6807,-1566.014343896435,3082.6977565817397,-12543.46655295805,6805,10636,-4470.516168364552,4768.269558068299,-19031.328362623655,10634,10636,-4470.516168364552,4768.269558068299,-19031.328362623655,10634,10636,-4470.516168364552,4768.269558068299,-19031.328362623655,10634,-14014.783365756022,10636,-17754.868538112278,-22225.384706476863,-19031.328362623655,10634,-17754.868538112278,-22225.384706476863
2026-08-01,-1,9724,4777.788850070188,433,0.41749295486955007,209.1611311918398,865.3706122143873,433,1220,64.5772699965807,568.9941701190019,2753.0679071024215,1220,2038,226.25806544812042,959.7638694788857,4439.109549706713,2038,3340,628.4466904778274,1550.7539585968418,6743.21172339767,3340,6314,2054.466234179568,2884.6384549207014,11295.536069655314,6314,9724,4777.788850070188,4379.979926877735,16678.467238493082,9724,9724,4777.788850070188,4379.979926877735,16678.467238493082,9724,9724,4777.788850070188,4379.979926877735,16678.467238493082,9724,11512.870458542719,9724,15238.814848874494,20016.603698944666,16678.467238493082,9724,15238.814848874494,20016.603698944666
2026-08-02,1,16303,-10540.156815113434,900,0.0020568707460572044,389.5763745477639,-1433.924142313462,899,2659,-90.84965883705755,1181.4610986466778,-4181.913239743075,2658,4179,-367.7234205346838,1887.9308446460518,-6458.514503797222,4178,6654,-1210.858132560635,3010.4077362580747,-9473.303510493002,6652,11366,-4286.323741416587,5166.834099576137,-14447.022492320822,11361,16303,-10540.156815113434,7475.744734742328,-19224.783134243175,16298,16303,-10540.156815113434,7475.744734742328,-19224.783134243175,16298,16303,-10540.156815113434,7475.744734742328,-19224.783134243175,16298,-15024.154969389318,16303,-18530.703934257876,-29070.86074937135,-19224.783134243175,16298,-18530.703934257876,-29070.86074937135
2026-08-02,-1,16559,11066.112621665825,1142,4.029773930548014,535.9517266755361,1212.3214093062443,1142,2542,105.15138267213237,1179.4018555091607,3995.894664212784,2541,3770,324.751086511373,1777.654260269112,6414.567331580305,3769,6202,1142.413101156355,2882.431473294594,9792.069652925169,6200,11173,4400.59200975651,5137.927443303992,16168.985859037979,11169,16559,11066.112621665825,7637.634966306343,21649.564832713677,16553,16559,11066.112621665825,7637.634966306343,21649.564832713677,16553,16559,11066.112621665825,7637.634966306343,21649.564832713677,16553,16661.57188145873,16559,20628.326188204515,31694.43880987028,21649.564832713677,16553,20628.326188204515,31694.43880987028
2026-08-03,1,28200,-68479.35835657004,1897,-20.993565385491156,1072.5732374652007,-3348.620426469615,1897,5983,-978.393532308193,3322.076773567459,-9436.622325794404,5983,9271,-3745.042384626302,5271.101455905501,-13834.57616846832,9271,13460,-10239.646056410404,7733.67152796231,-18359.34334530675,13460,20840,-33469.72089722829,12240.481054181375,-26108.395130907935,20840,28200,-68479.35835657004,16772.25737911314,-32724.943770618596,28200,28200,-68479.35835657004,16772.25737911314,-32724.943770618596,28200,28200,-68479.35835657004,16772.25737911314,-32724.943770618596,28200,-27272.256290013258,28200,-30856.993503868187,-99336.35186043804,-32724.943770618596,28200,-30856.993503868187,-99336.35186043804
2026-08-03,-1,27786,69159.72366963347,1714,33.333550971223346,1016.8399044210166,3700.276401694313,1714,5657,1147.4180168279368,3215.9981138406774,11751.392181580266,5654,8979,3945.506987522536,5170.278945887901,17342.15272234512,8974,13174,11056.701451217858,7573.002290471733,23387.363241022817,13167,20509,33973.048315836866,12032.268573671347,31342.758933734793,20498,27786,69159.72366963347,16473.368958109295,37522.97584344655,27772,27786,69159.72366963347,16473.368958109295,37522.97584344655,27772,27786,69159.72366963347,16473.368958109295,37522.97584344655,27772,28250.87542049761,27786,37275.65423512492,106435.37790475824,37522.97584344655,27772,37275.65423512492,106435.37790475824
2026-08-04,1,26253,-55808.17340746001,1639,-9.624765495854847,750.6767120828483,-3079.4735473954665,1639,5585,-792.2158701669151,2603.932280374629,-9108.739535919143,5584,8805,-2888.513009630301,4242.852340595555,-13237.63964202306,8802,12720,-7774.209182201716,6173.574262371286,-16783.35837878407,12716,19456,-26139.23082111784,9686.64395748831,-23504.84526151191,19450,26253,-55808.17340746001,13282.706502455922,-28733.01922386565,26243,26253,-55808.17340746001,13282.706502455922,-28733.01922386565,26243,26253,-55808.17340746001,13282.706502455922,-28733.01922386565,26243,-25309.784025196095,26252,-27790.025038126336,-83598.19844558643,-28733.01922386565,26243,-27790.025038126336,-83598.19844558643
2026-08-04,-1,25932,56485.662332178,1648,16.30445812905468,811.2429308487364,4013.5841511393623,1648,5380,744.7631903959314,2614.3090769694486,11447.09084471357,5379,8531,2809.108983056439,4229.173835857374,16945.423387875602,8530,12365,7521.5062196838735,6128.376004140269,21808.308691875834,12363,19002,26041.621545498136,9560.783484230265,27000.756021120666,18999,25932,56485.662332178,13251.461254301696,36378.469594926406,25928,25932,56485.662332178,13251.461254301696,36378.469594926406,25928,25932,56485.662332178,13251.461254301696,36378.469594926406,25928,26840.097310715733,25929,33804.43094311032,90290.09327528815,36378.469594926406,25928,33804.43094311032,90290.09327528815
2026-08-05,1,29307,-67232.21094784289,2053,-62.839023062470076,1911.495912202715,-7279.369237301984,2053,6702,-1807.588363500704,5047.251314892988,-21170.45237095161,6702,10388,-4582.070088639746,7302.568135765341,-28440.202604134727,10388,14570,-10482.218101543738,9373.750370008871,-35901.457677198465,14570,21968,-33472.42041895883,13463.957987242087,-49339.15205473556,21967,29307,-67232.21094784289,17514.593090874863,-63060.85326027781,29306,29307,-67232.21094784289,17514.593090874863,-63060.85326027781,29306,29307,-67232.21094784289,17514.593090874863,-63060.85326027781,29306,-43252.15199400925,29307,-57224.97139022978,-124457.1823380727,-63060.85326027781,29306,-57224.97139022978,-124457.1823380727
2026-08-05,-1,25976,63677.32567002326,1653,0.4751898355248736,1629.4687707114683,3323.571488715166,1653,5493,1154.6868588485534,4434.938899802288,10915.351876628885,5493,8525,3771.137108484245,6353.694717091117,17700.46969585587,8525,12413,10047.65725354596,8406.549991915337,22007.214292821292,12410,19244,31815.16288455329,12361.762391424472,32074.971396748246,19240,25976,63677.32567002326,16084.80683134529,41495.10950432306,25970,25976,63677.32567002326,16084.80683134529,41495.10950432306,25970,25976,63677.32567002326,16084.80683134529,41495.10950432306,25970,29402.560935766323,25975,37152.44209502578,100829.76776504896,41495.10950432306,25970,37152.44209502578,100829.76776504896
2026-08-06,1,25967,-59237.32334444845,1589,-29.941311219272727,912.5232709519921,-3038.243407785988,1589,5445,-907.167530762439,2898.8368285972247,-10632.087788621859,5445,8454,-3286.045116943457,4506.410777147072,-15532.375119562832,8454,12161,-8445.347717594244,6430.576639517601,-20118.83034580309,12160,18960,-27627.224413217707,10021.429926014174,-27028.414413039194,18957,25967,-59237.32334444845,13766.318390586428,-35441.509477440166,25962,25967,-59237.32334444845,13766.318390586428,-35441.509477440166,25962,25967,-59237.32334444845,13766.318390586428,-35441.509477440166,25962,-30989.16887981607,25964,-35043.04560804316,-94280.36895249161,-35441.509477440166,25962,-35043.04560804316,-94280.36895249161
2026-08-06,-1,24551,59144.335378768796,1512,74.07697126925346,922.1886375073883,4148.6599916291325,1511,5135,1212.448614655076,2924.0917234184417,12921.32931116275,5134,7888,3512.178178612957,4415.059708364797,18810.203589616955,7887,11400,9007.30968649073,6242.991275184582,22694.68069374806,11399,17830,27966.032189981153,9723.586146231835,30049.15146051877,17829,24551,59144.335378768796,13444.223197939202,37305.25461383375,24548,24551,59144.335378768796,13444.223197939202,37305.25461383375,24548,24551,59144.335378768796,13444.223197939202,37305.25461383375,24548,27336.903508469524,24551,35313.42248228463,94457.75786105338,37305.25461383375,24548,35313.42248228463,94457.75786105338
2026-08-07,1,18508,-34832.677756705336,1030,-30.702398215832805,541.3716354536351,-2522.730042401373,1030,3801,-633.6496877969494,1919.5872870056269,-7871.953610526001,3801,5957,-2038.246998027973,2994.2553352197697,-12062.433353221753,5957,8761,-5109.3749487689565,4364.849527784432,-16892.847808085276,8761,13574,-16147.861179826905,6753.723362900611,-24725.745444316177,13574,18508,-34832.677756705336,9197.616307413411,-31513.183190014395,18508,18508,-34832.677756705336,9197.616307413411,-31513.183190014395,18508,18508,-34832.677756705336,9197.616307413411,-31513.183190014395,18508,-21378.5720674377,18508,-28132.566472639428,-62965.2442293448,-31513.183190014395,18508,-28132.566472639428,-62965.2442293448
2026-08-07,-1,18431,36978.04987716406,1115,33.970024280068984,587.8156237384474,1707.2444754799446,1115,3638,626.1889718435555,1808.6673704122445,6611.5941958094245,3638,5684,2090.0782200016747,2845.4062364186425,9615.312205169681,5684,8337,5225.71811566622,4121.722862247896,12192.359372231658,8337,13184,17051.620668303105,6562.027855725393,15994.128076375298,13184,18431,36978.04987716406,9178.202334208985,20102.646253938525,18431,18431,36978.04987716406,9178.202334208985,20102.646253938525,18431,18431,36978.04987716406,9178.202334208985,20102.646253938525,18431,19605.676785384647,18431,20302.172825563575,57280.22270272772,20102.646253938525,18431,20302.172825563575,57280.22270272772
2026-08-08,1,3092,-793.2575353649944,106,-3.295707371020158,46.036024633929124,-159.92259347318642,106,395,-9.04820970103142,168.55008166204226,-539.509700801297,395,688,-23.007717441534147,290.2077502926303,-905.7686133250713,688,1120,-81.38881860656161,469.035128213544,-1422.1947328715066,1120,2057,-261.86395288235633,858.7870438128798,-2307.1561157079122,2057,3092,-793.2575353649944,1291.2412167667762,-3170.027209872189,3092,3092,-793.2575353649944,1291.2412167667762,-3170.027209872189,3092,3092,-793.2575353649944,1291.2412167667762,-3170.027209872189,3092,-2696.359705593164,3092,-3104.4405850235034,-3897.698120388501,-3170.027209872189,3092,-3104.4405850235034,-3897.698120388501
2026-08-08,-1,3991,1079.296810500824,121,0.0,51.791155366852394,181.7020073626199,121,493,8.625963592603465,208.79549448987115,761.9434429654948,493,832,27.53362202606054,355.111407681842,1220.898325073753,832,1363,98.64322049046382,577.4893051127262,1961.0090155722874,1363,2576,383.0692678505568,1080.6371155512452,3570.8780584051224,2576,3991,1079.296810500824,1671.3887831342563,5366.039326987486,3991,3991,1079.296810500824,1671.3887831342563,5366.039326987486,3991,3991,1079.296810500824,1671.3887831342563,5366.039326987486,3991,4403.7083367465075,3991,5006.778202204727,6086.075012705573,5366.039326987486,3991,5006.778202204727,6086.075012705573
2026-08-09,1,4078,-1900.1686801968813,123,-1.6237232035370384,54.667671871396806,-205.60575772525425,123,492,-20.365983103985798,212.12235836884315,-690.6007807856171,491,815,-68.48208978635188,348.0008790399276,-1104.2036617831182,814,1329,-189.23071369060398,563.8806504317392,-1697.6718011212295,1328,2551,-707.2050414569085,1078.074251185871,-3315.0543305192473,2548,4078,-1900.1686801968813,1720.9953190356073,-5058.822215453472,4073,4078,-1900.1686801968813,1720.9953190356073,-5058.822215453472,4073,4078,-1900.1686801968813,1720.9953190356073,-5058.822215453472,4073,-3944.7033925134647,4078,-4565.773804521794,-6465.942484718682,-5058.822215453472,4073,-4565.773804521794,-6465.942484718682
2026-08-09,-1,5722,1832.5412892048166,302,0.40934116545149585,126.24216538463898,337.8366323615594,302,645,10.590586245459654,268.6753983886222,868.2519427699685,645,962,37.85536126485067,410.34997200572064,1379.6475590061104,962,1671,164.81089145594086,711.7730777663476,2267.9075527024634,1671,3411,679.9225450778426,1436.1961487026201,4129.078981100232,3411,5722,1832.5412892048166,2392.401580470624,6533.588900189249,5722,5722,1832.5412892048166,2392.401580470624,6533.588900189249,5722,5722,1832.5412892048166,2392.401580470624,6533.588900189249,5722,5076.651935996602,5722,5934.92572204625,7767.467011251046,6533.588900189249,5722,5934.92572204625,7767.467011251046
2026-08-10,1,16003,-28075.502874709764,861,-7.378519016859875,438.9137045154416,-1790.217948251559,861,3051,-432.76344122944283,1517.3210848750377,-6765.965192065632,3051,4759,-1509.65174445635,2373.051041411786,-9123.920879520392,4759,6997,-3668.345492359107,3440.1742915532186,-12246.735639914212,6997,11257,-12253.82205520439,5518.0084027894,-17854.501949521153,11257,16003,-28075.502874709764,7793.796742579658,-22789.349532034626,16003,16003,-28075.502874709764,7793.796742579658,-22789.349532034626,16003,16003,-28075.502874709764,7793.796742579658,-22789.349532034626,16003,-18475.697435060887,16003,-22054.187274228774,-50129.69014893843,-22789.349532034626,16003,-22054.187274228774,-50129.69014893843
2026-08-10,-1,14825,30062.38536379654,883,21.383411000079054,461.3735135575298,1839.3647098456515,883,3031,495.3636048171269,1518.3041707678274,6853.429377957138,3031,4633,1742.586015082989,2350.8990283505655,9678.721098870037,4633,6733,4335.857845390361,3403.0006930783647,12814.94060137968,6733,10610,13938.929252817798,5363.333208124772,17488.293644757767,10610,14825,30062.38536379654,7445.483381050488,23747.68626135469,14825,14825,30062.38536379654,7445.483381050488,23747.68626135469,14825,14825,30062.38536379654,7445.483381050488,23747.68626135469,14825,17306.94851686385,14825,22372.03988219265,52434.42524598919,23747.68626135469,14825,22372.03988219265,52434.42524598919
