dt,side,delta,var,auc,n
2026-05-04,1,0.5,obi,0.4878886809940641,4063
2026-05-04,1,0.5,ofi,0.35235382442263935,4063
2026-05-04,1,0.5,aggr,0.47328375531960626,4063
2026-05-04,1,0.5,depth,0.5489185069883581,4063
2026-05-04,1,0.5,qdepl,0.5673073949974019,4063
2026-05-04,1,0.5,drift,0.3524201898806251,4063
2026-05-04,1,1.0,obi,0.501358606506379,4063
2026-05-04,1,1.0,ofi,0.35781389164783167,4063
2026-05-04,1,1.0,aggr,0.46517434884550496,4063
2026-05-04,1,1.0,depth,0.5613759821899243,4063
2026-05-04,1,1.0,qdepl,0.5582545432057985,4063
2026-05-04,1,1.0,drift,0.39206789488013116,4063
2026-05-04,1,2.0,obi,0.5025068043448259,4063
2026-05-04,1,2.0,ofi,0.35646244959430345,4063
2026-05-04,1,2.0,aggr,0.4986915446635761,4063
2026-05-04,1,2.0,depth,0.5719925700853173,4063
2026-05-04,1,2.0,qdepl,0.5229583006219499,4063
2026-05-04,1,2.0,drift,0.4488224279048651,4063
2026-05-04,-1,0.5,obi,0.4107466299626712,3399
2026-05-04,-1,0.5,ofi,0.3759761995297747,3399
2026-05-04,-1,0.5,aggr,0.5617012730359524,3399
2026-05-04,-1,0.5,depth,0.4704341818454469,3399
2026-05-04,-1,0.5,qdepl,0.5613429806286452,3399
2026-05-04,-1,0.5,drift,0.4345288910073426,3399
2026-05-04,-1,1.0,obi,0.4139428767292027,3399
2026-05-04,-1,1.0,ofi,0.4100262961991013,3399
2026-05-04,-1,1.0,aggr,0.5488107798349391,3399
2026-05-04,-1,1.0,depth,0.48675496334063484,3399
2026-05-04,-1,1.0,qdepl,0.55523862060101,3399
2026-05-04,-1,1.0,drift,0.44690149368837667,3399
2026-05-04,-1,2.0,obi,0.41714876365019093,3399
2026-05-04,-1,2.0,ofi,0.47363578425334324,3399
2026-05-04,-1,2.0,aggr,0.5282344057112559,3399
2026-05-04,-1,2.0,depth,0.4805542017684328,3399
2026-05-04,-1,2.0,qdepl,0.5602895259721828,3399
2026-05-04,-1,2.0,drift,0.4957181647288171,3399
2026-05-05,1,0.5,obi,0.5098819965981825,8269
2026-05-05,1,0.5,ofi,0.4292933779719062,8269
2026-05-05,1,0.5,aggr,0.5316968598537091,8269
2026-05-05,1,0.5,depth,0.5214957943408453,8269
2026-05-05,1,0.5,qdepl,0.6050794199179067,8269
2026-05-05,1,0.5,drift,0.43111840463714707,8269
2026-05-05,1,1.0,obi,0.51230229563275,8269
2026-05-05,1,1.0,ofi,0.4450560769786888,8269
2026-05-05,1,1.0,aggr,0.5161619235898041,8269
2026-05-05,1,1.0,depth,0.5366345221415182,8269
2026-05-05,1,1.0,qdepl,0.5937785674527771,8269
2026-05-05,1,1.0,drift,0.4572418407104881,8269
2026-05-05,1,2.0,obi,0.5227984838971192,8269
2026-05-05,1,2.0,ofi,0.4539353508432797,8269
2026-05-05,1,2.0,aggr,0.5501034163497456,8269
2026-05-05,1,2.0,depth,0.5394864004986651,8269
2026-05-05,1,2.0,qdepl,0.587514909228504,8269
2026-05-05,1,2.0,drift,0.48381513562028333,8269
2026-05-05,-1,0.5,obi,0.5175096369294296,10023
2026-05-05,-1,0.5,ofi,0.3720708806602043,10023
2026-05-05,-1,0.5,aggr,0.5600693232369343,10023
2026-05-05,-1,0.5,depth,0.5690753520363359,10023
2026-05-05,-1,0.5,qdepl,0.668003305794987,10023
2026-05-05,-1,0.5,drift,0.3850674336429284,10023
2026-05-05,-1,1.0,obi,0.5074246126580919,10023
2026-05-05,-1,1.0,ofi,0.40069735964046,10023
2026-05-05,-1,1.0,aggr,0.5716199638590284,10023
2026-05-05,-1,1.0,depth,0.5736251090246015,10023
2026-05-05,-1,1.0,qdepl,0.6820074972128488,10023
2026-05-05,-1,1.0,drift,0.4304382639802607,10023
2026-05-05,-1,2.0,obi,0.5194588401671992,10023
2026-05-05,-1,2.0,ofi,0.40573219530048027,10023
2026-05-05,-1,2.0,aggr,0.5709519550833559,10023
2026-05-05,-1,2.0,depth,0.5788871310692019,10023
2026-05-05,-1,2.0,qdepl,0.6862953838212961,10023
2026-05-05,-1,2.0,drift,0.5001801330075275,10023
2026-05-06,1,0.5,obi,0.4778318738483792,14700
2026-05-06,1,0.5,ofi,0.4292732863484182,14700
2026-05-06,1,0.5,aggr,0.49694590543110456,14700
2026-05-06,1,0.5,depth,0.512922295609439,14700
2026-05-06,1,0.5,qdepl,0.5326595063014471,14700
2026-05-06,1,0.5,drift,0.4563531462646623,14700
2026-05-06,1,1.0,obi,0.4874072999776708,14700
2026-05-06,1,1.0,ofi,0.4377549506914836,14700
2026-05-06,1,1.0,aggr,0.5017677101097504,14700
2026-05-06,1,1.0,depth,0.5229953928815209,14700
2026-05-06,1,1.0,qdepl,0.5303811583952123,14700
2026-05-06,1,1.0,drift,0.4774228033593394,14700
2026-05-06,1,2.0,obi,0.5079274193147808,14700
2026-05-06,1,2.0,ofi,0.4615156071726561,14700
2026-05-06,1,2.0,aggr,0.4850329295245911,14700
2026-05-06,1,2.0,depth,0.5316092362311754,14700
2026-05-06,1,2.0,qdepl,0.528674931594404,14700
2026-05-06,1,2.0,drift,0.5084396165751839,14700
2026-05-06,-1,0.5,obi,0.5085468576883249,14112
2026-05-06,-1,0.5,ofi,0.4006602121501289,14112
2026-05-06,-1,0.5,aggr,0.4467059633503528,14112
2026-05-06,-1,0.5,depth,0.5439526569630837,14112
2026-05-06,-1,0.5,qdepl,0.5634090558720245,14112
2026-05-06,-1,0.5,drift,0.43191892069393034,14112
2026-05-06,-1,1.0,obi,0.5267782671898986,14112
2026-05-06,-1,1.0,ofi,0.4337982795549522,14112
2026-05-06,-1,1.0,aggr,0.4327847505747541,14112
2026-05-06,-1,1.0,depth,0.567911477939569,14112
2026-05-06,-1,1.0,qdepl,0.5605193372700306,14112
2026-05-06,-1,1.0,drift,0.4444367253073197,14112
2026-05-06,-1,2.0,obi,0.5437006867553131,14112
2026-05-06,-1,2.0,ofi,0.4572937954109228,14112
2026-05-06,-1,2.0,aggr,0.47039448901304776,14112
2026-05-06,-1,2.0,depth,0.5720633068400623,14112
2026-05-06,-1,2.0,qdepl,0.5376566651438629,14112
2026-05-06,-1,2.0,drift,0.49200468407281883,14112
2026-05-07,1,0.5,obi,0.46633076529382034,8377
2026-05-07,1,0.5,ofi,0.389706911553471,8377
2026-05-07,1,0.5,aggr,0.5050978213987938,8377
2026-05-07,1,0.5,depth,0.49486558305870354,8377
2026-05-07,1,0.5,qdepl,0.5919645983091613,8377
2026-05-07,1,0.5,drift,0.432783693809815,8377
2026-05-07,1,1.0,obi,0.5146266417686385,8377
2026-05-07,1,1.0,ofi,0.43192249651763587,8377
2026-05-07,1,1.0,aggr,0.4888059488859106,8377
2026-05-07,1,1.0,depth,0.5348987024698697,8377
2026-05-07,1,1.0,qdepl,0.5941898031818711,8377
2026-05-07,1,1.0,drift,0.460672435525065,8377
2026-05-07,1,2.0,obi,0.5191474823513321,8377
2026-05-07,1,2.0,ofi,0.4856927456059527,8377
2026-05-07,1,2.0,aggr,0.5216622461150848,8377
2026-05-07,1,2.0,depth,0.5292603177169796,8377
2026-05-07,1,2.0,qdepl,0.5749017262767392,8377
2026-05-07,1,2.0,drift,0.5099104468787653,8377
2026-05-07,-1,0.5,obi,0.5001961670625485,7739
2026-05-07,-1,0.5,ofi,0.39850013585612526,7739
2026-05-07,-1,0.5,aggr,0.5137496415777342,7739
2026-05-07,-1,0.5,depth,0.5315196644958903,7739
2026-05-07,-1,0.5,qdepl,0.589392495649891,7739
2026-05-07,-1,0.5,drift,0.4277330975989569,7739
2026-05-07,-1,1.0,obi,0.5352599860512697,7739
2026-05-07,-1,1.0,ofi,0.4515392227694031,7739
2026-05-07,-1,1.0,aggr,0.5233811313163186,7739
2026-05-07,-1,1.0,depth,0.5480622867987497,7739
2026-05-07,-1,1.0,qdepl,0.592774081906844,7739
2026-05-07,-1,1.0,drift,0.48007850438892496,7739
2026-05-07,-1,2.0,obi,0.5499195088978458,7739
2026-05-07,-1,2.0,ofi,0.469790794088443,7739
2026-05-07,-1,2.0,aggr,0.5286048097659477,7739
2026-05-07,-1,2.0,depth,0.5564962183581484,7739
2026-05-07,-1,2.0,qdepl,0.5885787153728614,7739
2026-05-07,-1,2.0,drift,0.4899208737197491,7739
2026-05-08,1,0.5,obi,0.4697102789913459,8267
2026-05-08,1,0.5,ofi,0.3981721540383156,8267
2026-05-08,1,0.5,aggr,0.47958566460003027,8267
2026-05-08,1,0.5,depth,0.5333228438141062,8267
2026-05-08,1,0.5,qdepl,0.5223884799845528,8267
2026-05-08,1,0.5,drift,0.45347773274984543,8267
2026-05-08,1,1.0,obi,0.4972320103069126,8267
2026-05-08,1,1.0,ofi,0.457338985117987,8267
2026-05-08,1,1.0,aggr,0.4707387211916874,8267
2026-05-08,1,1.0,depth,0.5360299443165609,8267
2026-05-08,1,1.0,qdepl,0.5160568269856505,8267
2026-05-08,1,1.0,drift,0.50533072978712,8267
2026-05-08,1,2.0,obi,0.5031067201004361,8267
2026-05-08,1,2.0,ofi,0.4780231163160906,8267
2026-05-08,1,2.0,aggr,0.49096883479116926,8267
2026-05-08,1,2.0,depth,0.5469643081461143,8267
2026-05-08,1,2.0,qdepl,0.5042293302682727,8267
2026-05-08,1,2.0,drift,0.5249727964284193,8267
2026-05-08,-1,0.5,obi,0.520179613304468,10288
2026-05-08,-1,0.5,ofi,0.4435652681430667,10288
2026-05-08,-1,0.5,aggr,0.4887483473761725,10288
2026-05-08,-1,0.5,depth,0.5730482896962737,10288
2026-05-08,-1,0.5,qdepl,0.5548583171457203,10288
2026-05-08,-1,0.5,drift,0.44588922567465505,10288
2026-05-08,-1,1.0,obi,0.5371531909767698,10288
2026-05-08,-1,1.0,ofi,0.4542977544618704,10288
2026-05-08,-1,1.0,aggr,0.4971592369491778,10288
2026-05-08,-1,1.0,depth,0.5791390580145992,10288
2026-05-08,-1,1.0,qdepl,0.5544458288485781,10288
2026-05-08,-1,1.0,drift,0.47524235089173666,10288
2026-05-08,-1,2.0,obi,0.5345168424655315,10288
2026-05-08,-1,2.0,ofi,0.47842510327404986,10288
2026-05-08,-1,2.0,aggr,0.47638668278375124,10288
2026-05-08,-1,2.0,depth,0.5841499438929747,10288
2026-05-08,-1,2.0,qdepl,0.5475345104093242,10288
2026-05-08,-1,2.0,drift,0.5045932333623179,10288
2026-05-09,1,0.5,obi,0.4696448415660238,2289
2026-05-09,1,0.5,ofi,0.5292391425396351,2289
2026-05-09,1,0.5,aggr,0.47950416669628493,2289
2026-05-09,1,0.5,depth,0.5269218101730417,2289
2026-05-09,1,0.5,qdepl,0.49759144340425127,2289
2026-05-09,1,0.5,drift,0.598859815608584,2289
2026-05-09,1,1.0,obi,0.47619047619047616,2289
2026-05-09,1,1.0,ofi,0.5872162867236759,2289
2026-05-09,1,1.0,aggr,0.48492549231465487,2289
2026-05-09,1,1.0,depth,0.5272618277544386,2289
2026-05-09,1,1.0,qdepl,0.5093724009980167,2289
2026-05-09,1,1.0,drift,0.6013584117032393,2289
2026-05-09,1,2.0,obi,0.46018003160860305,2289
2026-05-09,1,2.0,ofi,0.5760051843795686,2289
2026-05-09,1,2.0,aggr,0.488067396934392,2289
2026-05-09,1,2.0,depth,0.5307638903698016,2289
2026-05-09,1,2.0,qdepl,0.505287451100259,2289
2026-05-09,1,2.0,drift,0.5161905235796861,2289
2026-05-09,-1,0.5,obi,0.5413368193314818,2840
2026-05-09,-1,0.5,ofi,0.4976040220194406,2840
2026-05-09,-1,0.5,aggr,0.4969631831481849,2840
2026-05-09,-1,0.5,depth,0.6018879562586789,2840
2026-05-09,-1,0.5,qdepl,0.45059806462011504,2840
2026-05-09,-1,0.5,drift,0.5229291683197779,2840
2026-05-09,-1,1.0,obi,0.5545929627058124,2840
2026-05-09,-1,1.0,ofi,0.4813707287740528,2840
2026-05-09,-1,1.0,aggr,0.49886942694901804,2840
2026-05-09,-1,1.0,depth,0.6048767295675461,2840
2026-05-09,-1,1.0,qdepl,0.4487669857171196,2840
2026-05-09,-1,1.0,drift,0.5133328580638762,2840
2026-05-09,-1,2.0,obi,0.5579544609204523,2840
2026-05-09,-1,2.0,ofi,0.46770466549295775,2840
2026-05-09,-1,2.0,aggr,0.5044246553263242,2840
2026-05-09,-1,2.0,depth,0.59262175163658,2840
2026-05-09,-1,2.0,qdepl,0.46874070124975203,2840
2026-05-09,-1,2.0,drift,0.515893113965483,2840
2026-05-10,1,0.5,obi,0.5225069448381428,2801
2026-05-10,1,0.5,ofi,0.5213140389666837,2801
2026-05-10,1,0.5,aggr,0.6155441540525729,2801
2026-05-10,1,0.5,depth,0.5126692115325258,2801
2026-05-10,1,0.5,qdepl,0.5151195897978595,2801
2026-05-10,1,0.5,drift,0.5885136156622636,2801
2026-05-10,1,1.0,obi,0.5543500513382593,2801
2026-05-10,1,1.0,ofi,0.4624317327134947,2801
2026-05-10,1,1.0,aggr,0.5822506629879497,2801
2026-05-10,1,1.0,depth,0.5307690975174959,2801
2026-05-10,1,1.0,qdepl,0.541485565445257,2801
2026-05-10,1,1.0,drift,0.5396580179022494,2801
2026-05-10,1,2.0,obi,0.5493595315935018,2801
2026-05-10,1,2.0,ofi,0.5030669098147413,2801
2026-05-10,1,2.0,aggr,0.5846372621274827,2801
2026-05-10,1,2.0,depth,0.5208762464488412,2801
2026-05-10,1,2.0,qdepl,0.5750192124774017,2801
2026-05-10,1,2.0,drift,0.5532240741790603,2801
2026-05-10,-1,0.5,obi,0.5774743880545672,2403
2026-05-10,-1,0.5,ofi,0.49904647237779903,2403
2026-05-10,-1,0.5,aggr,0.49511518656676307,2403
2026-05-10,-1,0.5,depth,0.6672994850735839,2403
2026-05-10,-1,0.5,qdepl,0.3786751663567075,2403
2026-05-10,-1,0.5,drift,0.5205949066359933,2403
2026-05-10,-1,1.0,obi,0.590121797834944,2403
2026-05-10,-1,1.0,ofi,0.4665254829450781,2403
2026-05-10,-1,1.0,aggr,0.501020177805489,2403
2026-05-10,-1,1.0,depth,0.6563978800941702,2403
2026-05-10,-1,1.0,qdepl,0.3944680347870957,2403
2026-05-10,-1,1.0,drift,0.49961084892983454,2403
2026-05-10,-1,2.0,obi,0.5617470948045107,2403
2026-05-10,-1,2.0,ofi,0.4847919331778162,2403
2026-05-10,-1,2.0,aggr,0.4228577878589166,2403
2026-05-10,-1,2.0,depth,0.6629930232308139,2403
2026-05-10,-1,2.0,qdepl,0.39936574825580773,2403
2026-05-10,-1,2.0,drift,0.5563731550261763,2403
2026-05-11,1,0.5,obi,0.4778299383069378,9523
2026-05-11,1,0.5,ofi,0.4509055033881384,9523
2026-05-11,1,0.5,aggr,0.5076520860101824,9523
2026-05-11,1,0.5,depth,0.5102188303872668,9523
2026-05-11,1,0.5,qdepl,0.5189455821813498,9523
2026-05-11,1,0.5,drift,0.4593744373364875,9523
2026-05-11,1,1.0,obi,0.5043698161771847,9523
2026-05-11,1,1.0,ofi,0.43369328644533867,9523
2026-05-11,1,1.0,aggr,0.5061992001378702,9523
2026-05-11,1,1.0,depth,0.5262224099431864,9523
2026-05-11,1,1.0,qdepl,0.5200676374063042,9523
2026-05-11,1,1.0,drift,0.4815064083887025,9523
2026-05-11,1,2.0,obi,0.5025524173367658,9523
2026-05-11,1,2.0,ofi,0.49600310015110893,9523
2026-05-11,1,2.0,aggr,0.5267791669955687,9523
2026-05-11,1,2.0,depth,0.531528374221191,9523
2026-05-11,1,2.0,qdepl,0.5153658196217358,9523
2026-05-11,1,2.0,drift,0.5119905617866701,9523
2026-05-11,-1,0.5,obi,0.4032221012389748,8793
2026-05-11,-1,0.5,ofi,0.43539591244163683,8793
2026-05-11,-1,0.5,aggr,0.5091649240085052,8793
2026-05-11,-1,0.5,depth,0.44321882454223305,8793
2026-05-11,-1,0.5,qdepl,0.503894822867477,8793
2026-05-11,-1,0.5,drift,0.4933563926436386,8793
2026-05-11,-1,1.0,obi,0.4166438312800817,8793
2026-05-11,-1,1.0,ofi,0.4688749250701292,8793
2026-05-11,-1,1.0,aggr,0.509375879484576,8793
2026-05-11,-1,1.0,depth,0.4409528453697166,8793
2026-05-11,-1,1.0,qdepl,0.5059487994386119,8793
2026-05-11,-1,1.0,drift,0.5125661481141032,8793
2026-05-11,-1,2.0,obi,0.4205028102426898,8793
2026-05-11,-1,2.0,ofi,0.4791212073322614,8793
2026-05-11,-1,2.0,aggr,0.50817216866579,8793
2026-05-11,-1,2.0,depth,0.45407058687829555,8793
2026-05-11,-1,2.0,qdepl,0.49144401963376066,8793
2026-05-11,-1,2.0,drift,0.5339185636147152,8793
2026-05-12,1,0.5,obi,0.49370974601238937,8543
2026-05-12,1,0.5,ofi,0.3984910358820907,8543
2026-05-12,1,0.5,aggr,0.5286610953696066,8543
2026-05-12,1,0.5,depth,0.5168359234228465,8543
2026-05-12,1,0.5,qdepl,0.5807796229212248,8543
2026-05-12,1,0.5,drift,0.41912157280687823,8543
2026-05-12,1,1.0,obi,0.48597252609303826,8543
2026-05-12,1,1.0,ofi,0.42468740446216147,8543
2026-05-12,1,1.0,aggr,0.5312419620120205,8543
2026-05-12,1,1.0,depth,0.5106799988386015,8543
2026-05-12,1,1.0,qdepl,0.5731710962064966,8543
2026-05-12,1,1.0,drift,0.47406545847060894,8543
2026-05-12,1,2.0,obi,0.5355382825990049,8543
2026-05-12,1,2.0,ofi,0.44972450943721703,8543
2026-05-12,1,2.0,aggr,0.522541464489386,8543
2026-05-12,1,2.0,depth,0.5331340168505263,8543
2026-05-12,1,2.0,qdepl,0.5597619816191604,8543
2026-05-12,1,2.0,drift,0.4864879820871356,8543
2026-05-12,-1,0.5,obi,0.4663127203108464,7368
2026-05-12,-1,0.5,ofi,0.46027313641669404,7368
2026-05-12,-1,0.5,aggr,0.48498511294240954,7368
2026-05-12,-1,0.5,depth,0.4878755843653264,7368
2026-05-12,-1,0.5,qdepl,0.5374095315477275,7368
2026-05-12,-1,0.5,drift,0.43621860134949836,7368
2026-05-12,-1,1.0,obi,0.5304420513871017,7368
2026-05-12,-1,1.0,ofi,0.47284045334098285,7368
2026-05-12,-1,1.0,aggr,0.47273779979852376,7368
2026-05-12,-1,1.0,depth,0.5346805530720535,7368
2026-05-12,-1,1.0,qdepl,0.5398385781647084,7368
2026-05-12,-1,1.0,drift,0.47980942455865,7368
2026-05-12,-1,2.0,obi,0.5424479279869916,7368
2026-05-12,-1,2.0,ofi,0.46632464876717683,7368
2026-05-12,-1,2.0,aggr,0.4697135920286714,7368
2026-05-12,-1,2.0,depth,0.5463265114415116,7368
2026-05-12,-1,2.0,qdepl,0.5349022617844259,7368
2026-05-12,-1,2.0,drift,0.4906724632847275,7368
2026-05-13,1,0.5,obi,0.48101453700405405,8575
2026-05-13,1,0.5,ofi,0.417990348243516,8575
2026-05-13,1,0.5,aggr,0.4271685919291639,8575
2026-05-13,1,0.5,depth,0.511258120875952,8575
2026-05-13,1,0.5,qdepl,0.5738549352874324,8575
2026-05-13,1,0.5,drift,0.40713585398537816,8575
2026-05-13,1,1.0,obi,0.5332485200074636,8575
2026-05-13,1,1.0,ofi,0.42603090597594695,8575
2026-05-13,1,1.0,aggr,0.43957796889047207,8575
2026-05-13,1,1.0,depth,0.5609004630807592,8575
2026-05-13,1,1.0,qdepl,0.5589793564364833,8575
2026-05-13,1,1.0,drift,0.4454173663766051,8575
2026-05-13,1,2.0,obi,0.5432406323681577,8575
2026-05-13,1,2.0,ofi,0.4505651111902702,8575
2026-05-13,1,2.0,aggr,0.44811451495258936,8575
2026-05-13,1,2.0,depth,0.5530530252913338,8575
2026-05-13,1,2.0,qdepl,0.5307597577731413,8575
2026-05-13,1,2.0,drift,0.515586738588367,8575
2026-05-13,-1,0.5,obi,0.46852290598788443,9256
2026-05-13,-1,0.5,ofi,0.3924108807082945,9256
2026-05-13,-1,0.5,aggr,0.5061235292404473,9256
2026-05-13,-1,0.5,depth,0.5237026007688723,9256
2026-05-13,-1,0.5,qdepl,0.5159367719012116,9256
2026-05-13,-1,0.5,drift,0.4388328576421249,9256
2026-05-13,-1,1.0,obi,0.45586803937558246,9256
2026-05-13,-1,1.0,ofi,0.4556047588536813,9256
2026-05-13,-1,1.0,aggr,0.5070215662861137,9256
2026-05-13,-1,1.0,depth,0.5155792753960857,9256
2026-05-13,-1,1.0,qdepl,0.5244462808713887,9256
2026-05-13,-1,1.0,drift,0.48198254019105313,9256
2026-05-13,-1,2.0,obi,0.4999839090167754,9256
2026-05-13,-1,2.0,ofi,0.48300835857409136,9256
2026-05-13,-1,2.0,aggr,0.4686956838303821,9256
2026-05-13,-1,2.0,depth,0.5359895590633738,9256
2026-05-13,-1,2.0,qdepl,0.5027262202935694,9256
2026-05-13,-1,2.0,drift,0.5157422239049394,9256
2026-05-14,1,0.5,obi,0.4995686670447054,8223
2026-05-14,1,0.5,ofi,0.4577254055848305,8223
2026-05-14,1,0.5,aggr,0.5211091287129626,8223
2026-05-14,1,0.5,depth,0.5022399254987114,8223
2026-05-14,1,0.5,qdepl,0.5574969226726415,8223
2026-05-14,1,0.5,drift,0.4723377084399449,8223
2026-05-14,1,1.0,obi,0.48486821662540514,8223
2026-05-14,1,1.0,ofi,0.44086349575167466,8223
2026-05-14,1,1.0,aggr,0.5377290937674324,8223
2026-05-14,1,1.0,depth,0.5017488439852658,8223
2026-05-14,1,1.0,qdepl,0.5539151441387863,8223
2026-05-14,1,1.0,drift,0.4711414464130119,8223
2026-05-14,1,2.0,obi,0.500214928841127,8223
2026-05-14,1,2.0,ofi,0.4532810533449511,8223
2026-05-14,1,2.0,aggr,0.5332242553328815,8223
2026-05-14,1,2.0,depth,0.5201297318230226,8223
2026-05-14,1,2.0,qdepl,0.548506885375895,8223
2026-05-14,1,2.0,drift,0.48231083080923337,8223
2026-05-14,-1,0.5,obi,0.4786899674557737,6806
2026-05-14,-1,0.5,ofi,0.4647874215227126,6806
2026-05-14,-1,0.5,aggr,0.5215931486179161,6806
2026-05-14,-1,0.5,depth,0.440303193777956,6806
2026-05-14,-1,0.5,qdepl,0.5266314042570704,6806
2026-05-14,-1,0.5,drift,0.4605915202633773,6806
2026-05-14,-1,1.0,obi,0.4627510032463528,6806
2026-05-14,-1,1.0,ofi,0.48239239941612183,6806
2026-05-14,-1,1.0,aggr,0.5336360052631345,6806
2026-05-14,-1,1.0,depth,0.43826919644664447,6806
2026-05-14,-1,1.0,qdepl,0.5144902303435065,6806
2026-05-14,-1,1.0,drift,0.47899473753795,6806
2026-05-14,-1,2.0,obi,0.48802378659208007,6806
2026-05-14,-1,2.0,ofi,0.4778868861845139,6806
2026-05-14,-1,2.0,aggr,0.504392872038394,6806
2026-05-14,-1,2.0,depth,0.4672904097086352,6806
2026-05-14,-1,2.0,qdepl,0.5356482140890125,6806
2026-05-14,-1,2.0,drift,0.4920277607078736,6806
2026-05-15,1,0.5,obi,0.48935888232370645,8707
2026-05-15,1,0.5,ofi,0.4589987826618742,8707
2026-05-15,1,0.5,aggr,0.46914744297178856,8707
2026-05-15,1,0.5,depth,0.5027415245820706,8707
2026-05-15,1,0.5,qdepl,0.5402938919626837,8707
2026-05-15,1,0.5,drift,0.4398647328820583,8707
2026-05-15,1,1.0,obi,0.49916698466912224,8707
2026-05-15,1,1.0,ofi,0.48128208699722985,8707
2026-05-15,1,1.0,aggr,0.4851531727853636,8707
2026-05-15,1,1.0,depth,0.5381965593095871,8707
2026-05-15,1,1.0,qdepl,0.526496678900489,8707
2026-05-15,1,1.0,drift,0.47016540798135337,8707
2026-05-15,1,2.0,obi,0.5136862762228397,8707
2026-05-15,1,2.0,ofi,0.4721663920718897,8707
2026-05-15,1,2.0,aggr,0.4963039735334043,8707
2026-05-15,1,2.0,depth,0.5276083550440409,8707
2026-05-15,1,2.0,qdepl,0.5493820587272924,8707
2026-05-15,1,2.0,drift,0.49146148983394916,8707
2026-05-15,-1,0.5,obi,0.5118885237770475,7620
2026-05-15,-1,0.5,ofi,0.47512976970398385,7620
2026-05-15,-1,0.5,aggr,0.4973040709970309,7620
2026-05-15,-1,0.5,depth,0.5321084218557326,7620
2026-05-15,-1,0.5,qdepl,0.4718041519416372,7620
2026-05-15,-1,0.5,drift,0.4739656527924167,7620
2026-05-15,-1,1.0,obi,0.508849548949098,7620
2026-05-15,-1,1.0,ofi,0.5023861436611762,7620
2026-05-15,-1,1.0,aggr,0.4901810532787732,7620
2026-05-15,-1,1.0,depth,0.51685660662988,7620
2026-05-15,-1,1.0,qdepl,0.46604373764303086,7620
2026-05-15,-1,1.0,drift,0.48623360441165325,7620
2026-05-15,-1,2.0,obi,0.4756998263996528,7620
2026-05-15,-1,2.0,ofi,0.45758577975489284,7620
2026-05-15,-1,2.0,aggr,0.4598996975771729,7620
2026-05-15,-1,2.0,depth,0.5178236363417171,7620
2026-05-15,-1,2.0,qdepl,0.46947828617879456,7620
2026-05-15,-1,2.0,drift,0.5064121690743382,7620
2026-05-16,1,0.5,obi,0.5759273182957394,1996
2026-05-16,1,0.5,ofi,0.4087437343358396,1996
2026-05-16,1,0.5,aggr,0.38229166666666664,1996
2026-05-16,1,0.5,depth,0.6886027568922306,1996
2026-05-16,1,0.5,qdepl,0.4038016917293233,1996
2026-05-16,1,0.5,drift,0.4353916040100251,1996
2026-05-16,1,1.0,obi,0.5509805764411028,1996
2026-05-16,1,1.0,ofi,0.4280404135338346,1996
2026-05-16,1,1.0,aggr,0.3862061403508772,1996
2026-05-16,1,1.0,depth,0.6783317669172932,1996
2026-05-16,1,1.0,qdepl,0.40226033834586467,1996
2026-05-16,1,1.0,drift,0.47057800751879697,1996
2026-05-16,1,2.0,obi,0.561735588972431,1996
2026-05-16,1,2.0,ofi,0.3999075814536341,1996
2026-05-16,1,2.0,aggr,0.37045112781954886,1996
2026-05-16,1,2.0,depth,0.6986591478696742,1996
2026-05-16,1,2.0,qdepl,0.4029495614035088,1996
2026-05-16,1,2.0,drift,0.46657581453634084,1996
2026-05-16,-1,0.5,obi,0.41139964344579366,1359
2026-05-16,-1,0.5,ofi,0.4904100373372801,1359
2026-05-16,-1,0.5,aggr,0.5122977563994753,1359
2026-05-16,-1,0.5,depth,0.6370311816744593,1359
2026-05-16,-1,0.5,qdepl,0.42900198459416733,1359
2026-05-16,-1,0.5,drift,0.4240976823976588,1359
2026-05-16,-1,1.0,obi,0.45093343200242186,1359
2026-05-16,-1,1.0,ofi,0.45788287530693933,1359
2026-05-16,-1,1.0,aggr,0.4571260385482189,1359
2026-05-16,-1,1.0,depth,0.6183928150963706,1359
2026-05-16,-1,1.0,qdepl,0.41935483870967744,1359
2026-05-16,-1,1.0,drift,0.4304248377005617,1359
2026-05-16,-1,2.0,obi,0.4575296848195365,1359
2026-05-16,-1,2.0,ofi,0.42259746375592855,1359
2026-05-16,-1,2.0,aggr,0.4325036159978472,1359
2026-05-16,-1,2.0,depth,0.6305526590198123,1359
2026-05-16,-1,2.0,qdepl,0.45617410609169495,1359
2026-05-16,-1,2.0,drift,0.4025732449796495,1359
2026-05-17,1,0.5,obi,0.5152206964594757,2777
2026-05-17,1,0.5,ofi,0.45206463195691204,2777
2026-05-17,1,0.5,aggr,0.6225346531450661,2777
2026-05-17,1,0.5,depth,0.5672772413346919,2777
2026-05-17,1,0.5,qdepl,0.7156792339916218,2777
2026-05-17,1,0.5,drift,0.5045360441231177,2777
2026-05-17,1,1.0,obi,0.481675481585715,2777
2026-05-17,1,1.0,ofi,0.5371035308198684,2777
2026-05-17,1,1.0,aggr,0.6552808643472916,2777
2026-05-17,1,1.0,depth,0.5396566225112006,2777
2026-05-17,1,1.0,qdepl,0.7105107800799003,2777
2026-05-17,1,1.0,drift,0.5367541688906141,2777
2026-05-17,1,2.0,obi,0.4625503420835557,2777
2026-05-17,1,2.0,ofi,0.5113663933233054,2777
2026-05-17,1,2.0,aggr,0.6161240234848853,2777
2026-05-17,1,2.0,depth,0.5046654374302489,2777
2026-05-17,1,2.0,qdepl,0.713160916751581,2777
2026-05-17,1,2.0,drift,0.5624775583482944,2777
2026-05-17,-1,0.5,obi,0.485452662637955,1867
2026-05-17,-1,0.5,ofi,0.4674475841915624,1867
2026-05-17,-1,0.5,aggr,0.5217341192158198,1867
2026-05-17,-1,0.5,depth,0.6053440718359009,1867
2026-05-17,-1,0.5,qdepl,0.5712915283570233,1867
2026-05-17,-1,0.5,drift,0.48626124209152555,1867
2026-05-17,-1,1.0,obi,0.5024399239651601,1867
2026-05-17,-1,1.0,ofi,0.4909176667517803,1867
2026-05-17,-1,1.0,aggr,0.5327421482679376,1867
2026-05-17,-1,1.0,depth,0.6251188044372571,1867
2026-05-17,-1,1.0,qdepl,0.5707365165829716,1867
2026-05-17,-1,1.0,drift,0.49459173830396913,1867
2026-05-17,-1,2.0,obi,0.5209042613555763,1867
2026-05-17,-1,2.0,ofi,0.5327829318807275,1867
2026-05-17,-1,2.0,aggr,0.5433955372088405,1867
2026-05-17,-1,2.0,depth,0.6029874882968763,1867
2026-05-17,-1,2.0,qdepl,0.5783080829574149,1867
2026-05-17,-1,2.0,drift,0.4711766249609896,1867
2026-05-18,1,0.5,obi,0.50720124232029,7518
2026-05-18,1,0.5,ofi,0.44613609494561873,7518
2026-05-18,1,0.5,aggr,0.5223199419627991,7518
2026-05-18,1,0.5,depth,0.5655663780663781,7518
2026-05-18,1,0.5,qdepl,0.5335138847043609,7518
2026-05-18,1,0.5,drift,0.45046465879799213,7518
2026-05-18,1,1.0,obi,0.4855977355977356,7518
2026-05-18,1,1.0,ofi,0.4513626805293472,7518
2026-05-18,1,1.0,aggr,0.5586118026594217,7518
2026-05-18,1,1.0,depth,0.5247120604263461,7518
2026-05-18,1,1.0,qdepl,0.5141418325942135,7518
2026-05-18,1,1.0,drift,0.47751311739406976,7518
2026-05-18,1,2.0,obi,0.489141810570382,7518
2026-05-18,1,2.0,ofi,0.4715023732880876,7518
2026-05-18,1,2.0,aggr,0.5451681255252684,7518
2026-05-18,1,2.0,depth,0.5391018813637861,7518
2026-05-18,1,2.0,qdepl,0.545949420949421,7518
2026-05-18,1,2.0,drift,0.5053056511389845,7518
2026-05-18,-1,0.5,obi,0.4728176046972624,9061
2026-05-18,-1,0.5,ofi,0.47370389210652175,9061
2026-05-18,-1,0.5,aggr,0.4669177408795505,9061
2026-05-18,-1,0.5,depth,0.5152980384732072,9061
2026-05-18,-1,0.5,qdepl,0.4836258857361409,9061
2026-05-18,-1,0.5,drift,0.48029097843666385,9061
2026-05-18,-1,1.0,obi,0.49534227680665843,9061
2026-05-18,-1,1.0,ofi,0.4770770460229221,9061
2026-05-18,-1,1.0,aggr,0.4674788940264563,9061
2026-05-18,-1,1.0,depth,0.5346233012381106,9061
2026-05-18,-1,1.0,qdepl,0.48520897632131416,9061
2026-05-18,-1,1.0,drift,0.47783802443677487,9061
2026-05-18,-1,2.0,obi,0.4649349997604834,9061
2026-05-18,-1,2.0,ofi,0.4784015347310457,9061
2026-05-18,-1,2.0,aggr,0.47094428083814077,9061
2026-05-18,-1,2.0,depth,0.5142540503015248,9061
2026-05-18,-1,2.0,qdepl,0.46658819647051397,9061
2026-05-18,-1,2.0,drift,0.5022541932511069,9061
2026-05-19,1,0.5,obi,0.4626117283071015,7807
2026-05-19,1,0.5,ofi,0.41233355442356445,7807
2026-05-19,1,0.5,aggr,0.5251077174159302,7807
2026-05-19,1,0.5,depth,0.5117367133143135,7807
2026-05-19,1,0.5,qdepl,0.530126021431742,7807
2026-05-19,1,0.5,drift,0.44145052277417324,7807
2026-05-19,1,1.0,obi,0.47085555768558507,7807
2026-05-19,1,1.0,ofi,0.41812656270983495,7807
2026-05-19,1,1.0,aggr,0.5068401968694033,7807
2026-05-19,1,1.0,depth,0.5050758148131822,7807
2026-05-19,1,1.0,qdepl,0.5401457145229628,7807
2026-05-19,1,1.0,drift,0.46528890205634416,7807
2026-05-19,1,2.0,obi,0.482853991259589,7807
2026-05-19,1,2.0,ofi,0.45949753400671883,7807
2026-05-19,1,2.0,aggr,0.5233191418691931,7807
2026-05-19,1,2.0,depth,0.5225800102309761,7807
2026-05-19,1,2.0,qdepl,0.5260297354400806,7807
2026-05-19,1,2.0,drift,0.4792912947515503,7807
2026-05-19,-1,0.5,obi,0.5040660962569228,7850
2026-05-19,-1,0.5,ofi,0.4346745264525907,7850
2026-05-19,-1,0.5,aggr,0.47683077129685963,7850
2026-05-19,-1,0.5,depth,0.5275526825195891,7850
2026-05-19,-1,0.5,qdepl,0.481646078514878,7850
2026-05-19,-1,0.5,drift,0.46209792640484776,7850
2026-05-19,-1,1.0,obi,0.5048304484195978,7850
2026-05-19,-1,1.0,ofi,0.4567382448825524,7850
2026-05-19,-1,1.0,aggr,0.4699628437951609,7850
2026-05-19,-1,1.0,depth,0.5083196091929274,7850
2026-05-19,-1,1.0,qdepl,0.4914124067309579,7850
2026-05-19,-1,1.0,drift,0.4848174259734501,7850
2026-05-19,-1,2.0,obi,0.5210777173063732,7850
2026-05-19,-1,2.0,ofi,0.46489312387903203,7850
2026-05-19,-1,2.0,aggr,0.4611314214772729,7850
2026-05-19,-1,2.0,depth,0.5202834878563006,7850
2026-05-19,-1,2.0,qdepl,0.48316435110937406,7850
2026-05-19,-1,2.0,drift,0.4977203629715687,7850
2026-05-20,1,0.5,obi,0.4772308899911451,7806
2026-05-20,1,0.5,ofi,0.4290584996920681,7806
2026-05-20,1,0.5,aggr,0.5569775235812605,7806
2026-05-20,1,0.5,depth,0.5024065328814067,7806
2026-05-20,1,0.5,qdepl,0.5404386001430163,7806
2026-05-20,1,0.5,drift,0.43204218109258385,7806
2026-05-20,1,1.0,obi,0.4947516563420925,7806
2026-05-20,1,1.0,ofi,0.44658744891967106,7806
2026-05-20,1,1.0,aggr,0.5450600843061325,7806
2026-05-20,1,1.0,depth,0.5006219497687979,7806
2026-05-20,1,1.0,qdepl,0.5028406344879816,7806
2026-05-20,1,1.0,drift,0.456705882762085,7806
2026-05-20,1,2.0,obi,0.4929268748479136,7806
2026-05-20,1,2.0,ofi,0.4466130204092195,7806
2026-05-20,1,2.0,aggr,0.5574038514550126,7806
2026-05-20,1,2.0,depth,0.5047621784986119,7806
2026-05-20,1,2.0,qdepl,0.5355617079422899,7806
2026-05-20,1,2.0,drift,0.477011384324861,7806
2026-05-20,-1,0.5,obi,0.47360178229946254,9025
2026-05-20,-1,0.5,ofi,0.4353032440726874,9025
2026-05-20,-1,0.5,aggr,0.49874966706090335,9025
2026-05-20,-1,0.5,depth,0.515146754646925,9025
2026-05-20,-1,0.5,qdepl,0.5584481580283442,9025
2026-05-20,-1,0.5,drift,0.42683275209872384,9025
2026-05-20,-1,1.0,obi,0.4795170194172688,9025
2026-05-20,-1,1.0,ofi,0.47156795952073943,9025
2026-05-20,-1,1.0,aggr,0.5010895561318066,9025
2026-05-20,-1,1.0,depth,0.524527165146839,9025
2026-05-20,-1,1.0,qdepl,0.5384791725414987,9025
2026-05-20,-1,1.0,drift,0.45102172625988984,9025
2026-05-20,-1,2.0,obi,0.5039649078741993,9025
2026-05-20,-1,2.0,ofi,0.455889805707707,9025
2026-05-20,-1,2.0,aggr,0.5366479116725802,9025
2026-05-20,-1,2.0,depth,0.5531481202914131,9025
2026-05-20,-1,2.0,qdepl,0.5358868861174249,9025
2026-05-20,-1,2.0,drift,0.4747141860653047,9025
2026-05-21,1,0.5,obi,0.49161834411766037,7872
2026-05-21,1,0.5,ofi,0.46604430346275366,7872
2026-05-21,1,0.5,aggr,0.49502745734830966,7872
2026-05-21,1,0.5,depth,0.49008024909302356,7872
2026-05-21,1,0.5,qdepl,0.5459595667062715,7872
2026-05-21,1,0.5,drift,0.45656772820977487,7872
2026-05-21,1,1.0,obi,0.5194481030178152,7872
2026-05-21,1,1.0,ofi,0.45228012085967717,7872
2026-05-21,1,1.0,aggr,0.49477643024755685,7872
2026-05-21,1,1.0,depth,0.49702348543876607,7872
2026-05-21,1,1.0,qdepl,0.5466248086699039,7872
2026-05-21,1,1.0,drift,0.4573548573290696,7872
2026-05-21,1,2.0,obi,0.494841201686475,7872
2026-05-21,1,2.0,ofi,0.4333002760592976,7872
2026-05-21,1,2.0,aggr,0.4853151664389257,7872
2026-05-21,1,2.0,depth,0.5102513645569275,7872
2026-05-21,1,2.0,qdepl,0.5466900837747546,7872
2026-05-21,1,2.0,drift,0.4843856005939229,7872
2026-05-21,-1,0.5,obi,0.4594027019408384,8578
2026-05-21,-1,0.5,ofi,0.4771049239913969,8578
2026-05-21,-1,0.5,aggr,0.5124874301543482,8578
2026-05-21,-1,0.5,depth,0.43675673587874403,8578
2026-05-21,-1,0.5,qdepl,0.5739179768443792,8578
2026-05-21,-1,0.5,drift,0.4746880238847396,8578
2026-05-21,-1,1.0,obi,0.4844467641625908,8578
2026-05-21,-1,1.0,ofi,0.4838332642161227,8578
2026-05-21,-1,1.0,aggr,0.5151200674367137,8578
2026-05-21,-1,1.0,depth,0.4569378602395792,8578
2026-05-21,-1,1.0,qdepl,0.5794001744193138,8578
2026-05-21,-1,1.0,drift,0.4928986301239909,8578
2026-05-21,-1,2.0,obi,0.4789881138726373,8578
2026-05-21,-1,2.0,ofi,0.45542668358005467,8578
2026-05-21,-1,2.0,aggr,0.5159557419461509,8578
2026-05-21,-1,2.0,depth,0.4658168807267336,8578
2026-05-21,-1,2.0,qdepl,0.5709793095597233,8578
2026-05-21,-1,2.0,drift,0.4794908229962446,8578
2026-05-22,1,0.5,obi,0.47978581111886065,7331
2026-05-22,1,0.5,ofi,0.4661513656857902,7331
2026-05-22,1,0.5,aggr,0.46497651103587645,7331
2026-05-22,1,0.5,depth,0.5008808216387858,7331
2026-05-22,1,0.5,qdepl,0.5649529605245586,7331
2026-05-22,1,0.5,drift,0.46750877163645166,7331
2026-05-22,1,1.0,obi,0.4969795424093845,7331
2026-05-22,1,1.0,ofi,0.4575623966616802,7331
2026-05-22,1,1.0,aggr,0.47585143575669026,7331
2026-05-22,1,1.0,depth,0.49515240362696455,7331
2026-05-22,1,1.0,qdepl,0.5545533427210224,7331
2026-05-22,1,1.0,drift,0.48500118100936934,7331
2026-05-22,1,2.0,obi,0.5163446122631274,7331
2026-05-22,1,2.0,ofi,0.46982921698730434,7331
2026-05-22,1,2.0,aggr,0.48351336468291933,7331
2026-05-22,1,2.0,depth,0.5166234326658599,7331
2026-05-22,1,2.0,qdepl,0.5356606766150158,7331
2026-05-22,1,2.0,drift,0.5034029792093577,7331
2026-05-22,-1,0.5,obi,0.48396346872496776,7056
2026-05-22,-1,0.5,ofi,0.475212528725338,7056
2026-05-22,-1,0.5,aggr,0.4012222371766039,7056
2026-05-22,-1,0.5,depth,0.47674192000584387,7056
2026-05-22,-1,0.5,qdepl,0.5125464621240815,7056
2026-05-22,-1,0.5,drift,0.45844251004792685,7056
2026-05-22,-1,1.0,obi,0.4649288202010236,7056
2026-05-22,-1,1.0,ofi,0.45765423623998147,7056
2026-05-22,-1,1.0,aggr,0.39224277032087823,7056
2026-05-22,-1,1.0,depth,0.485553775483809,7056
2026-05-22,-1,1.0,qdepl,0.5005137163645242,7056
2026-05-22,-1,1.0,drift,0.45479308500498583,7056
2026-05-22,-1,2.0,obi,0.5051142734346974,7056
2026-05-22,-1,2.0,ofi,0.4711295655963388,7056
2026-05-22,-1,2.0,aggr,0.404668777402584,7056
2026-05-22,-1,2.0,depth,0.5149696973638983,7056
2026-05-22,-1,2.0,qdepl,0.4733335301307719,7056
2026-05-22,-1,2.0,drift,0.47481701590707026,7056
2026-05-23,1,0.5,obi,0.5666638397517522,3192
2026-05-23,1,0.5,ofi,0.44450755854001844,3192
2026-05-23,1,0.5,aggr,0.583757116351547,3192
2026-05-23,1,0.5,depth,0.5810853766945474,3192
2026-05-23,1,0.5,qdepl,0.5061729449599666,3192
2026-05-23,1,0.5,drift,0.516740318985825,3192
2026-05-23,1,1.0,obi,0.5370776329814333,3192
2026-05-23,1,1.0,ofi,0.4935561593086546,3192
2026-05-23,1,1.0,aggr,0.559195903373201,3192
2026-05-23,1,1.0,depth,0.5750249998932281,3192
2026-05-23,1,1.0,qdepl,0.5101863506379167,3192
2026-05-23,1,1.0,drift,0.5371953872070101,3192
2026-05-23,1,2.0,obi,0.5209489648305345,3192
2026-05-23,1,2.0,ofi,0.5351764818576126,3192
2026-05-23,1,2.0,aggr,0.575617431774239,3192
2026-05-23,1,2.0,depth,0.5658383399216721,3192
2026-05-23,1,2.0,qdepl,0.49913331669724414,3192
2026-05-23,1,2.0,drift,0.5566535103266795,3192
2026-05-23,-1,0.5,obi,0.44611619349090537,3379
2026-05-23,-1,0.5,ofi,0.43557125875916963,3379
2026-05-23,-1,0.5,aggr,0.5622615240134237,3379
2026-05-23,-1,0.5,depth,0.45810265604511313,3379
2026-05-23,-1,0.5,qdepl,0.6643193952807203,3379
2026-05-23,-1,0.5,drift,0.4766920165409024,3379
2026-05-23,-1,1.0,obi,0.4498114083190494,3379
2026-05-23,-1,1.0,ofi,0.4579860860275784,3379
2026-05-23,-1,1.0,aggr,0.5904183823803051,3379
2026-05-23,-1,1.0,depth,0.4690356102248871,3379
2026-05-23,-1,1.0,qdepl,0.6682970050809204,3379
2026-05-23,-1,1.0,drift,0.4851753585212136,3379
2026-05-23,-1,2.0,obi,0.450628492995948,3379
2026-05-23,-1,2.0,ofi,0.49881405057278017,3379
2026-05-23,-1,2.0,aggr,0.6157737293868089,3379
2026-05-23,-1,2.0,depth,0.4694039276981307,3379
2026-05-23,-1,2.0,qdepl,0.6655255939598124,3379
2026-05-23,-1,2.0,drift,0.5268833446072412,3379
2026-05-24,1,0.5,obi,0.5856232610959732,2320
2026-05-24,1,0.5,ofi,0.47374319509369267,2320
2026-05-24,1,0.5,aggr,0.5403023841429176,2320
2026-05-24,1,0.5,depth,0.5812472226336839,2320
2026-05-24,1,0.5,qdepl,0.4988591985798257,2320
2026-05-24,1,0.5,drift,0.452801135404574,2320
2026-05-24,1,1.0,obi,0.5515898305045821,2320
2026-05-24,1,1.0,ofi,0.450435709208742,2320
2026-05-24,1,1.0,aggr,0.5541814649337049,2320
2026-05-24,1,1.0,depth,0.5468027131208814,2320
2026-05-24,1,1.0,qdepl,0.5122594528057285,2320
2026-05-24,1,1.0,drift,0.47997483002805214,2320
2026-05-24,1,2.0,obi,0.5422498418264765,2320
2026-05-24,1,2.0,ofi,0.4462962133660359,2320
2026-05-24,1,2.0,aggr,0.4962480436432616,2320
2026-05-24,1,2.0,depth,0.5685290379030842,2320
2026-05-24,1,2.0,qdepl,0.5235124512130848,2320
2026-05-24,1,2.0,drift,0.5018044986731797,2320
2026-05-24,-1,0.5,obi,0.5897012171192936,3918
2026-05-24,-1,0.5,ofi,0.4575802007794336,3918
2026-05-24,-1,0.5,aggr,0.5186820973362656,3918
2026-05-24,-1,0.5,depth,0.6154631899637067,3918
2026-05-24,-1,0.5,qdepl,0.5280802663206846,3918
2026-05-24,-1,0.5,drift,0.4805934993630527,3918
2026-05-24,-1,1.0,obi,0.5953320831119879,3918
2026-05-24,-1,1.0,ofi,0.46420615746863864,3918
2026-05-24,-1,1.0,aggr,0.5136189849669067,3918
2026-05-24,-1,1.0,depth,0.6130846310027568,3918
2026-05-24,-1,1.0,qdepl,0.535588087644277,3918
2026-05-24,-1,1.0,drift,0.5137338343417487,3918
2026-05-24,-1,2.0,obi,0.5749225781290266,3918
2026-05-24,-1,2.0,ofi,0.4881577308036169,3918
2026-05-24,-1,2.0,aggr,0.5087108989621756,3918
2026-05-24,-1,2.0,depth,0.6097154454552722,3918
2026-05-24,-1,2.0,qdepl,0.5613825267430624,3918
2026-05-24,-1,2.0,drift,0.5270892339059704,3918
2026-05-25,1,0.5,obi,0.4861943450106584,1357
2026-05-25,1,0.5,ofi,0.4760286369303785,1357
2026-05-25,1,0.5,aggr,0.40323305044979824,1357
2026-05-25,1,0.5,depth,0.3797610907774605,1357
2026-05-25,1,0.5,qdepl,0.4905079837509552,1357
2026-05-25,1,0.5,drift,0.4978046360723431,1357
2026-05-25,1,1.0,obi,0.45773840646744157,1357
2026-05-25,1,1.0,ofi,0.42271983804582447,1357
2026-05-25,1,1.0,aggr,0.42937631554250627,1357
2026-05-25,1,1.0,depth,0.3923500784297953,1357
2026-05-25,1,1.0,qdepl,0.4578020887798469,1357
2026-05-25,1,1.0,drift,0.4952741020793951,1357
2026-05-25,1,2.0,obi,0.4591092520344823,1357
2026-05-25,1,2.0,ofi,0.3677452439367735,1357
2026-05-25,1,2.0,aggr,0.42120486935070856,1357
2026-05-25,1,2.0,depth,0.4121016503774015,1357
2026-05-25,1,2.0,qdepl,0.45498666023140144,1357
2026-05-25,1,2.0,drift,0.4499356473474641,1357
2026-05-25,-1,0.5,obi,0.422015503875969,1501
2026-05-25,-1,0.5,ofi,0.4028156146179402,1501
2026-05-25,-1,0.5,aggr,0.5218521594684385,1501
2026-05-25,-1,0.5,depth,0.402062569213732,1501
2026-05-25,-1,0.5,qdepl,0.5172923588039867,1501
2026-05-25,-1,0.5,drift,0.4367718715393134,1501
2026-05-25,-1,1.0,obi,0.4031782945736434,1501
2026-05-25,-1,1.0,ofi,0.4758416389811739,1501
2026-05-25,-1,1.0,aggr,0.5199031007751937,1501
2026-05-25,-1,1.0,depth,0.3861489479512735,1501
2026-05-25,-1,1.0,qdepl,0.5180177187153931,1501
2026-05-25,-1,1.0,drift,0.5107558139534883,1501
2026-05-25,-1,2.0,obi,0.3897231450719823,1501
2026-05-25,-1,2.0,ofi,0.46318660022148395,1501
2026-05-25,-1,2.0,aggr,0.5241112956810631,1501
2026-05-25,-1,2.0,depth,0.3720127353266888,1501
2026-05-25,-1,2.0,qdepl,0.5050609080841639,1501
2026-05-25,-1,2.0,drift,0.5288095238095238,1501
2026-05-26,1,0.5,obi,0.4779776538511399,6565
2026-05-26,1,0.5,ofi,0.4045599466174047,6565
2026-05-26,1,0.5,aggr,0.46754738689186437,6565
2026-05-26,1,0.5,depth,0.5235690177232069,6565
2026-05-26,1,0.5,qdepl,0.5388269545067319,6565
2026-05-26,1,0.5,drift,0.43423781066540734,6565
2026-05-26,1,1.0,obi,0.4986324471729911,6565
2026-05-26,1,1.0,ofi,0.44287703483526863,6565
2026-05-26,1,1.0,aggr,0.4829028406670741,6565
2026-05-26,1,1.0,depth,0.5418327638572513,6565
2026-05-26,1,1.0,qdepl,0.5275447883678723,6565
2026-05-26,1,1.0,drift,0.46480880882271236,6565
2026-05-26,1,2.0,obi,0.5085236216826861,6565
2026-05-26,1,2.0,ofi,0.47571552007518936,6565
2026-05-26,1,2.0,aggr,0.4660235753838176,6565
2026-05-26,1,2.0,depth,0.5606892801914921,6565
2026-05-26,1,2.0,qdepl,0.5106316670370576,6565
2026-05-26,1,2.0,drift,0.4982096806304054,6565
2026-05-26,-1,0.5,obi,0.5424834166412551,7426
2026-05-26,-1,0.5,ofi,0.46822464162382565,7426
2026-05-26,-1,0.5,aggr,0.44584694449612305,7426
2026-05-26,-1,0.5,depth,0.5423135660882275,7426
2026-05-26,-1,0.5,qdepl,0.5370348373675293,7426
2026-05-26,-1,0.5,drift,0.45361873963416227,7426
2026-05-26,-1,1.0,obi,0.5505416930454011,7426
2026-05-26,-1,1.0,ofi,0.46929017075981966,7426
2026-05-26,-1,1.0,aggr,0.43436572651366,7426
2026-05-26,-1,1.0,depth,0.5562722242371531,7426
2026-05-26,-1,1.0,qdepl,0.5183323665062409,7426
2026-05-26,-1,1.0,drift,0.4649311261669158,7426
2026-05-26,-1,2.0,obi,0.54252576604581,7426
2026-05-26,-1,2.0,ofi,0.4849545813959519,7426
2026-05-26,-1,2.0,aggr,0.44422181440475367,7426
2026-05-26,-1,2.0,depth,0.5664594074729488,7426
2026-05-26,-1,2.0,qdepl,0.497091648980506,7426
2026-05-26,-1,2.0,drift,0.4765835535068308,7426
2026-05-27,1,0.5,obi,0.5492906514308394,8473
2026-05-27,1,0.5,ofi,0.4319006224371579,8473
2026-05-27,1,0.5,aggr,0.5067096305851571,8473
2026-05-27,1,0.5,depth,0.5505836599583417,8473
2026-05-27,1,0.5,qdepl,0.5695532396587606,8473
2026-05-27,1,0.5,drift,0.45434082677689663,8473
2026-05-27,1,1.0,obi,0.5424170337661931,8473
2026-05-27,1,1.0,ofi,0.4619580440275714,8473
2026-05-27,1,1.0,aggr,0.5297570397372725,8473
2026-05-27,1,1.0,depth,0.5534409868470873,8473
2026-05-27,1,1.0,qdepl,0.5686552276104105,8473
2026-05-27,1,1.0,drift,0.47408394850248636,8473
2026-05-27,1,2.0,obi,0.5292751753678177,8473
2026-05-27,1,2.0,ofi,0.43152286026890746,8473
2026-05-27,1,2.0,aggr,0.5412735633504545,8473
2026-05-27,1,2.0,depth,0.5292501072792333,8473
2026-05-27,1,2.0,qdepl,0.545636194141901,8473
2026-05-27,1,2.0,drift,0.4960385456678774,8473
2026-05-27,-1,0.5,obi,0.5144467985997564,8103
2026-05-27,-1,0.5,ofi,0.46903208024864534,8103
2026-05-27,-1,0.5,aggr,0.4842059736996856,8103
2026-05-27,-1,0.5,depth,0.5102620882247648,8103
2026-05-27,-1,0.5,qdepl,0.5379064034079024,8103
2026-05-27,-1,0.5,drift,0.48041399514751265,8103
2026-05-27,-1,1.0,obi,0.5388956358364276,8103
2026-05-27,-1,1.0,ofi,0.4782667827841858,8103
2026-05-27,-1,1.0,aggr,0.4827326124581595,8103
2026-05-27,-1,1.0,depth,0.5228323538132191,8103
2026-05-27,-1,1.0,qdepl,0.530496888326355,8103
2026-05-27,-1,1.0,drift,0.48505170431184996,8103
2026-05-27,-1,2.0,obi,0.515542803213074,8103
2026-05-27,-1,2.0,ofi,0.4730091305877918,8103
2026-05-27,-1,2.0,aggr,0.5091630465359687,8103
2026-05-27,-1,2.0,depth,0.5265114860296426,8103
2026-05-27,-1,2.0,qdepl,0.514406462441057,8103
2026-05-27,-1,2.0,drift,0.47754281991698916,8103
2026-05-28,1,0.5,obi,0.48681700830325225,6508
2026-05-28,1,0.5,ofi,0.45207155423841816,6508
2026-05-28,1,0.5,aggr,0.4773368500509591,6508
2026-05-28,1,0.5,depth,0.5031158490200283,6508
2026-05-28,1,0.5,qdepl,0.5884440286780882,6508
2026-05-28,1,0.5,drift,0.47412774731326496,6508
2026-05-28,1,1.0,obi,0.507514927937639,6508
2026-05-28,1,1.0,ofi,0.4253694168925805,6508
2026-05-28,1,1.0,aggr,0.4928686605829018,6508
2026-05-28,1,1.0,depth,0.5176098264452857,6508
2026-05-28,1,1.0,qdepl,0.5794157471017919,6508
2026-05-28,1,1.0,drift,0.4958818570853734,6508
2026-05-28,1,2.0,obi,0.5343048853199557,6508
2026-05-28,1,2.0,ofi,0.5272948491639474,6508
2026-05-28,1,2.0,aggr,0.46331002235152097,6508
2026-05-28,1,2.0,depth,0.5501381917296435,6508
2026-05-28,1,2.0,qdepl,0.5612980917499096,6508
2026-05-28,1,2.0,drift,0.5264712793235213,6508
2026-05-28,-1,0.5,obi,0.4848019464211221,6395
2026-05-28,-1,0.5,ofi,0.44190913823068323,6395
2026-05-28,-1,0.5,aggr,0.43092646556242986,6395
2026-05-28,-1,0.5,depth,0.4838735227619623,6395
2026-05-28,-1,0.5,qdepl,0.5793818191326726,6395
2026-05-28,-1,0.5,drift,0.4499461523399256,6395
2026-05-28,-1,1.0,obi,0.5142641569785473,6395
2026-05-28,-1,1.0,ofi,0.42181812321901374,6395
2026-05-28,-1,1.0,aggr,0.46315783232610946,6395
2026-05-28,-1,1.0,depth,0.5108624199886406,6395
2026-05-28,-1,1.0,qdepl,0.5513956304037693,6395
2026-05-28,-1,1.0,drift,0.47539882538520384,6395
2026-05-28,-1,2.0,obi,0.5399495820497259,6395
2026-05-28,-1,2.0,ofi,0.458690544095487,6395
2026-05-28,-1,2.0,aggr,0.44116253783930715,6395
2026-05-28,-1,2.0,depth,0.5303372730401702,6395
2026-05-28,-1,2.0,qdepl,0.5315141074180245,6395
2026-05-28,-1,2.0,drift,0.5040291488846754,6395
2026-05-29,1,0.5,obi,0.4670990815445584,3793
2026-05-29,1,0.5,ofi,0.45577354473873083,3793
2026-05-29,1,0.5,aggr,0.4776280342141121,3793
2026-05-29,1,0.5,depth,0.4949977289984363,3793
2026-05-29,1,0.5,qdepl,0.604088582929696,3793
2026-05-29,1,0.5,drift,0.4439378993755613,3793
2026-05-29,1,1.0,obi,0.500198062540956,3793
2026-05-29,1,1.0,ofi,0.46911697911718714,3793
2026-05-29,1,1.0,aggr,0.46351271934234567,3793
2026-05-29,1,1.0,depth,0.5221960065044259,3793
2026-05-29,1,1.0,qdepl,0.5957591212784179,3793
2026-05-29,1,1.0,drift,0.4648514834320901,3793
2026-05-29,1,2.0,obi,0.45926499294429285,3793
2026-05-29,1,2.0,ofi,0.44469547775978696,3793
2026-05-29,1,2.0,aggr,0.47688215755550084,3793
2026-05-29,1,2.0,depth,0.47789890749222486,3793
2026-05-29,1,2.0,qdepl,0.5672320478193185,3793
2026-05-29,1,2.0,drift,0.49243071711641745,3793
2026-05-29,-1,0.5,obi,0.5626375497799203,3646
2026-05-29,-1,0.5,ofi,0.4524947974368955,3646
2026-05-29,-1,0.5,aggr,0.5257826301763632,3646
2026-05-29,-1,0.5,depth,0.5668075538221996,3646
2026-05-29,-1,0.5,qdepl,0.6148933661706141,3646
2026-05-29,-1,0.5,drift,0.4149329468215708,3646
2026-05-29,-1,1.0,obi,0.604127522681678,3646
2026-05-29,-1,1.0,ofi,0.4437103257777645,3646
2026-05-29,-1,1.0,aggr,0.5241750756055933,3646
2026-05-29,-1,1.0,depth,0.6099785347486301,3646
2026-05-29,-1,1.0,qdepl,0.5892038394167141,3646
2026-05-29,-1,1.0,drift,0.445022195107345,3646
2026-05-29,-1,2.0,obi,0.5745730342545737,3646
2026-05-29,-1,2.0,ofi,0.4725691117465641,3646
2026-05-29,-1,2.0,aggr,0.5307966471539359,3646
2026-05-29,-1,2.0,depth,0.6180247290175764,3646
2026-05-29,-1,2.0,qdepl,0.6148404983980597,3646
2026-05-29,-1,2.0,drift,0.5093215707997725,3646
2026-05-30,1,0.5,obi,0.5471246960222338,1516
2026-05-30,1,0.5,ofi,0.4006128408893521,1516
2026-05-30,1,0.5,aggr,0.4758500521104742,1516
2026-05-30,1,0.5,depth,0.5723548506166406,1516
2026-05-30,1,0.5,qdepl,0.46655430345666143,1516
2026-05-30,1,0.5,drift,0.42141903335070346,1516
2026-05-30,1,1.0,obi,0.5745776880319611,1516
2026-05-30,1,1.0,ofi,0.4847088327253778,1516
2026-05-30,1,1.0,aggr,0.4821467344102831,1516
2026-05-30,1,1.0,depth,0.5913968863991662,1516
2026-05-30,1,1.0,qdepl,0.4855094884488449,1516
2026-05-30,1,1.0,drift,0.4776386355740837,1516
2026-05-30,1,2.0,obi,0.5593760856348793,1516
2026-05-30,1,2.0,ofi,0.4294880145909328,1516
2026-05-30,1,2.0,aggr,0.47469385096404376,1516
2026-05-30,1,2.0,depth,0.5953377410109432,1516
2026-05-30,1,2.0,qdepl,0.47483226941115164,1516
2026-05-30,1,2.0,drift,0.4954864729894042,1516
2026-05-30,-1,0.5,obi,0.5941154125427237,3705
2026-05-30,-1,0.5,ofi,0.48300591703070656,3705
2026-05-30,-1,0.5,aggr,0.47174029406124957,3705
2026-05-30,-1,0.5,depth,0.5473348824909146,3705
2026-05-30,-1,0.5,qdepl,0.44655451783606254,3705
2026-05-30,-1,0.5,drift,0.5235781541517817,3705
2026-05-30,-1,1.0,obi,0.6195401964588694,3705
2026-05-30,-1,1.0,ofi,0.5027535867057198,3705
2026-05-30,-1,1.0,aggr,0.4658864231817467,3705
2026-05-30,-1,1.0,depth,0.5719908431882353,3705
2026-05-30,-1,1.0,qdepl,0.44841341605604595,3705
2026-05-30,-1,1.0,drift,0.5055789665961761,3705
2026-05-30,-1,2.0,obi,0.6222238075288331,3705
2026-05-30,-1,2.0,ofi,0.5372656611379856,3705
2026-05-30,-1,2.0,aggr,0.445921102016298,3705
2026-05-30,-1,2.0,depth,0.591113276013897,3705
2026-05-30,-1,2.0,qdepl,0.46241172391794494,3705
2026-05-30,-1,2.0,drift,0.5125488125498122,3705
2026-05-31,1,0.5,obi,0.5052583420380609,3384
2026-05-31,1,0.5,ofi,0.5681080105356565,3384
2026-05-31,1,0.5,aggr,0.5552219420929182,3384
2026-05-31,1,0.5,depth,0.5149424078604367,3384
2026-05-31,1,0.5,qdepl,0.5068503992068444,3384
2026-05-31,1,0.5,drift,0.5286367014440181,3384
2026-05-31,1,1.0,obi,0.507742645069908,3384
2026-05-31,1,1.0,ofi,0.5528541839338286,3384
2026-05-31,1,1.0,aggr,0.5333261418822701,3384
2026-05-31,1,1.0,depth,0.5255002891939052,3384
2026-05-31,1,1.0,qdepl,0.504475052079296,3384
2026-05-31,1,1.0,drift,0.5176592585686229,3384
2026-05-31,1,2.0,obi,0.5013483970743442,3384
2026-05-31,1,2.0,ofi,0.5393143800652976,3384
2026-05-31,1,2.0,aggr,0.5649911127758658,3384
2026-05-31,1,2.0,depth,0.529390177598124,3384
2026-05-31,1,2.0,qdepl,0.5058264305341061,3384
2026-05-31,1,2.0,drift,0.539339315247376,3384
2026-05-31,-1,0.5,obi,0.555371038344149,4253
2026-05-31,-1,0.5,ofi,0.4451428259846248,4253
2026-05-31,-1,0.5,aggr,0.5489165020506258,4253
2026-05-31,-1,0.5,depth,0.5468220476440925,4253
2026-05-31,-1,0.5,qdepl,0.6082621377584334,4253
2026-05-31,-1,0.5,drift,0.4752496158959047,4253
2026-05-31,-1,1.0,obi,0.5456466131888853,4253
2026-05-31,-1,1.0,ofi,0.43115598422446866,4253
2026-05-31,-1,1.0,aggr,0.5453315304943451,4253
2026-05-31,-1,1.0,depth,0.5438047771091905,4253
2026-05-31,-1,1.0,qdepl,0.603220814645789,4253
2026-05-31,-1,1.0,drift,0.49157766357036664,4253
2026-05-31,-1,2.0,obi,0.5496698706400907,4253
2026-05-31,-1,2.0,ofi,0.5246113059815326,4253
2026-05-31,-1,2.0,aggr,0.5674404655907611,4253
2026-05-31,-1,2.0,depth,0.5572118391028322,4253
2026-05-31,-1,2.0,qdepl,0.6024008404045759,4253
2026-05-31,-1,2.0,drift,0.5450702844924097,4253
2026-06-01,1,0.5,obi,0.5042223532764257,8174
2026-06-01,1,0.5,ofi,0.46214176890265746,8174
2026-06-01,1,0.5,aggr,0.46306537070098375,8174
2026-06-01,1,0.5,depth,0.5259683654931373,8174
2026-06-01,1,0.5,qdepl,0.5504278728606357,8174
2026-06-01,1,0.5,drift,0.46168646565760746,8174
2026-06-01,1,1.0,obi,0.5094612388287095,8174
2026-06-01,1,1.0,ofi,0.46619845537205473,8174
2026-06-01,1,1.0,aggr,0.4609864018590583,8174
2026-06-01,1,1.0,depth,0.5381330023986161,8174
2026-06-01,1,1.0,qdepl,0.5271439266847716,8174
2026-06-01,1,1.0,drift,0.4645094392683436,8174
2026-06-01,1,2.0,obi,0.523166333961845,8174
2026-06-01,1,2.0,ofi,0.48099094928202324,8174
2026-06-01,1,2.0,aggr,0.4884352975757299,8174
2026-06-01,1,2.0,depth,0.5489692196308061,8174
2026-06-01,1,2.0,qdepl,0.4961195448687792,8174
2026-06-01,1,2.0,drift,0.48465459779614534,8174
2026-06-01,-1,0.5,obi,0.5014490719735334,8178
2026-06-01,-1,0.5,ofi,0.4369377593267949,8178
2026-06-01,-1,0.5,aggr,0.4050484587457833,8178
2026-06-01,-1,0.5,depth,0.5239246837623959,8178
2026-06-01,-1,0.5,qdepl,0.5598283874218049,8178
2026-06-01,-1,0.5,drift,0.4523250742428648,8178
2026-06-01,-1,1.0,obi,0.4970620530572064,8178
2026-06-01,-1,1.0,ofi,0.45449517841832987,8178
2026-06-01,-1,1.0,aggr,0.4328726214439854,8178
2026-06-01,-1,1.0,depth,0.5201490052240965,8178
2026-06-01,-1,1.0,qdepl,0.5360131151805262,8178
2026-06-01,-1,1.0,drift,0.4749263551144794,8178
2026-06-01,-1,2.0,obi,0.5185703399287956,8178
2026-06-01,-1,2.0,ofi,0.4815384175524858,8178
2026-06-01,-1,2.0,aggr,0.44255465343737177,8178
2026-06-01,-1,2.0,depth,0.5377696793111877,8178
2026-06-01,-1,2.0,qdepl,0.5272358071486928,8178
2026-06-01,-1,2.0,drift,0.4977382368132488,8178
2026-06-02,1,0.5,obi,0.5122303066985702,6601
2026-06-02,1,0.5,ofi,0.44676876711592806,6601
2026-06-02,1,0.5,aggr,0.4810406312807222,6601
2026-06-02,1,0.5,depth,0.5035384229812886,6601
2026-06-02,1,0.5,qdepl,0.5789129479932981,6601
2026-06-02,1,0.5,drift,0.43792656757824927,6601
2026-06-02,1,1.0,obi,0.517014264857047,6601
2026-06-02,1,1.0,ofi,0.47967278589226015,6601
2026-06-02,1,1.0,aggr,0.5027011124228024,6601
2026-06-02,1,1.0,depth,0.5110845057824439,6601
2026-06-02,1,1.0,qdepl,0.5638057793860999,6601
2026-06-02,1,1.0,drift,0.4526430865153278,6601
2026-06-02,1,2.0,obi,0.5569795550480253,6601
2026-06-02,1,2.0,ofi,0.46122023296665987,6601
2026-06-02,1,2.0,aggr,0.5097663846387519,6601
2026-06-02,1,2.0,depth,0.553229375369181,6601
2026-06-02,1,2.0,qdepl,0.5652202055325938,6601
2026-06-02,1,2.0,drift,0.46932328446354543,6601
2026-06-02,-1,0.5,obi,0.4786144862473365,6192
2026-06-02,-1,0.5,ofi,0.4763786008230453,6192
2026-06-02,-1,0.5,aggr,0.4919126856324924,6192
2026-06-02,-1,0.5,depth,0.4939968119195172,6192
2026-06-02,-1,0.5,qdepl,0.5378179540981474,6192
2026-06-02,-1,0.5,drift,0.4798251435449503,6192
2026-06-02,-1,1.0,obi,0.46490443891410077,6192
2026-06-02,-1,1.0,ofi,0.43804795133297547,6192
2026-06-02,-1,1.0,aggr,0.5263293157012964,6192
2026-06-02,-1,1.0,depth,0.4837596577693196,6192
2026-06-02,-1,1.0,qdepl,0.5399713723385221,6192
2026-06-02,-1,1.0,drift,0.4967684900535142,6192
2026-06-02,-1,2.0,obi,0.5175303762260284,6192
2026-06-02,-1,2.0,ofi,0.5135309617918313,6192
2026-06-02,-1,2.0,aggr,0.4991862261910571,6192
2026-06-02,-1,2.0,depth,0.5363571300769369,6192
2026-06-02,-1,2.0,qdepl,0.5308679386457165,6192
2026-06-02,-1,2.0,drift,0.53030693407505,6192
2026-06-03,1,0.5,obi,0.5199484238339517,8125
2026-06-03,1,0.5,ofi,0.44522000877289547,8125
2026-06-03,1,0.5,aggr,0.5095759760884783,8125
2026-06-03,1,0.5,depth,0.5242938961531628,8125
2026-06-03,1,0.5,qdepl,0.5578518264371565,8125
2026-06-03,1,0.5,drift,0.46602362941446496,8125
2026-06-03,1,1.0,obi,0.5231356322498889,8125
2026-06-03,1,1.0,ofi,0.4445781863067677,8125
2026-06-03,1,1.0,aggr,0.5028667692500005,8125
2026-06-03,1,1.0,depth,0.5168237171056544,8125
2026-06-03,1,1.0,qdepl,0.5739818881061177,8125
2026-06-03,1,1.0,drift,0.46894704671972826,8125
2026-06-03,1,2.0,obi,0.5204127490602559,8125
2026-06-03,1,2.0,ofi,0.4640144173077181,8125
2026-06-03,1,2.0,aggr,0.47067018614739786,8125
2026-06-03,1,2.0,depth,0.5179162692648235,8125
2026-06-03,1,2.0,qdepl,0.5695773129825824,8125
2026-06-03,1,2.0,drift,0.5009756683384766,8125
2026-06-03,-1,0.5,obi,0.48343705200280274,8174
2026-06-03,-1,0.5,ofi,0.4693001919079365,8174
2026-06-03,-1,0.5,aggr,0.44158571693322624,8174
2026-06-03,-1,0.5,depth,0.49110356633194424,8174
2026-06-03,-1,0.5,qdepl,0.5423939149639175,8174
2026-06-03,-1,0.5,drift,0.46158382166146245,8174
2026-06-03,-1,1.0,obi,0.4938129646858587,8174
2026-06-03,-1,1.0,ofi,0.4540562316862364,8174
2026-06-03,-1,1.0,aggr,0.4462937400480727,8174
2026-06-03,-1,1.0,depth,0.505658880025096,8174
2026-06-03,-1,1.0,qdepl,0.5203881292500653,8174
2026-06-03,-1,1.0,drift,0.4731964225111604,8174
2026-06-03,-1,2.0,obi,0.48926870052045285,8174
2026-06-03,-1,2.0,ofi,0.43995288895901496,8174
2026-06-03,-1,2.0,aggr,0.4369761919322109,8174
2026-06-03,-1,2.0,depth,0.5145252974432971,8174
2026-06-03,-1,2.0,qdepl,0.5196552285926487,8174
2026-06-03,-1,2.0,drift,0.5050260646549088,8174
2026-06-04,1,0.5,obi,0.5165595449082739,5991
2026-06-04,1,0.5,ofi,0.38551915805390125,5991
2026-06-04,1,0.5,aggr,0.5231473680150956,5991
2026-06-04,1,0.5,depth,0.5274024742641987,5991
2026-06-04,1,0.5,qdepl,0.6150933798996522,5991
2026-06-04,1,0.5,drift,0.4474155449833211,5991
2026-06-04,1,1.0,obi,0.5299912549175888,5991
2026-06-04,1,1.0,ofi,0.40966507063990587,5991
2026-06-04,1,1.0,aggr,0.5437424366502687,5991
2026-06-04,1,1.0,depth,0.5490066844116214,5991
2026-06-04,1,1.0,qdepl,0.5926815438458003,5991
2026-06-04,1,1.0,drift,0.48356605490466403,5991
2026-06-04,1,2.0,obi,0.5386981188518196,5991
2026-06-04,1,2.0,ofi,0.4978952042412781,5991
2026-06-04,1,2.0,aggr,0.5504037434650747,5991
2026-06-04,1,2.0,depth,0.5484962940237768,5991
2026-06-04,1,2.0,qdepl,0.592104618563965,5991
2026-06-04,1,2.0,drift,0.5115815882834658,5991
2026-06-04,-1,0.5,obi,0.54366671503618,5489
2026-06-04,-1,0.5,ofi,0.4336649332190655,5489
2026-06-04,-1,0.5,aggr,0.5167069125822333,5489
2026-06-04,-1,0.5,depth,0.5702498967496927,5489
2026-06-04,-1,0.5,qdepl,0.5948951973207424,5489
2026-06-04,-1,0.5,drift,0.44310360294996154,5489
2026-06-04,-1,1.0,obi,0.5539353146643549,5489
2026-06-04,-1,1.0,ofi,0.43422614359792283,5489
2026-06-04,-1,1.0,aggr,0.5287368653000005,5489
2026-06-04,-1,1.0,depth,0.553915470761456,5489
2026-06-04,-1,1.0,qdepl,0.5891088392598389,5489
2026-06-04,-1,1.0,drift,0.45655342826160383,5489
2026-06-04,-1,2.0,obi,0.5415754570608947,5489
2026-06-04,-1,2.0,ofi,0.45727979779062944,5489
2026-06-04,-1,2.0,aggr,0.5286264835901259,5489
2026-06-04,-1,2.0,depth,0.555227235425997,5489
2026-06-04,-1,2.0,qdepl,0.5946076674360313,5489
2026-06-04,-1,2.0,drift,0.4830911343643068,5489
2026-06-05,1,0.5,obi,0.4993036097781183,11661
2026-06-05,1,0.5,ofi,0.46751476319699675,11661
2026-06-05,1,0.5,aggr,0.47496583988842317,11661
2026-06-05,1,0.5,depth,0.4977178803048806,11661
2026-06-05,1,0.5,qdepl,0.5473451610460401,11661
2026-06-05,1,0.5,drift,0.42661894299038555,11661
2026-06-05,1,1.0,obi,0.5112312969483266,11661
2026-06-05,1,1.0,ofi,0.4589163772967322,11661
2026-06-05,1,1.0,aggr,0.4734938855514032,11661
2026-06-05,1,1.0,depth,0.520250825467103,11661
2026-06-05,1,1.0,qdepl,0.5642367250700112,11661
2026-06-05,1,1.0,drift,0.4457273760255386,11661
2026-06-05,1,2.0,obi,0.4890172989672379,11661
2026-06-05,1,2.0,ofi,0.4653763328600974,11661
2026-06-05,1,2.0,aggr,0.5130029449196001,11661
2026-06-05,1,2.0,depth,0.5039424279430265,11661
2026-06-05,1,2.0,qdepl,0.588725444605294,11661
2026-06-05,1,2.0,drift,0.4887239925478205,11661
2026-06-05,-1,0.5,obi,0.49395041605387235,10391
2026-06-05,-1,0.5,ofi,0.4312994101479662,10391
2026-06-05,-1,0.5,aggr,0.5180266545908103,10391
2026-06-05,-1,0.5,depth,0.49512355364385274,10391
2026-06-05,-1,0.5,qdepl,0.5174495777604826,10391
2026-06-05,-1,0.5,drift,0.4477276640511544,10391
2026-06-05,-1,1.0,obi,0.5077224201013153,10391
2026-06-05,-1,1.0,ofi,0.4727185356085428,10391
2026-06-05,-1,1.0,aggr,0.5261625665995479,10391
2026-06-05,-1,1.0,depth,0.5167986424817177,10391
2026-06-05,-1,1.0,qdepl,0.5278276706984147,10391
2026-06-05,-1,1.0,drift,0.4830009587749838,10391
2026-06-05,-1,2.0,obi,0.49507075639360276,10391
2026-06-05,-1,2.0,ofi,0.49134234729534976,10391
2026-06-05,-1,2.0,aggr,0.5366615450448828,10391
2026-06-05,-1,2.0,depth,0.48674142757302064,10391
2026-06-05,-1,2.0,qdepl,0.5219525196348069,10391
2026-06-05,-1,2.0,drift,0.5134113093902708,10391
2026-06-06,1,0.5,obi,0.5019829970526146,10441
2026-06-06,1,0.5,ofi,0.4700224584532371,10441
2026-06-06,1,0.5,aggr,0.44043792837504975,10441
2026-06-06,1,0.5,depth,0.5236526188995816,10441
2026-06-06,1,0.5,qdepl,0.48506493372509535,10441
2026-06-06,1,0.5,drift,0.4916111510026062,10441
2026-06-06,1,1.0,obi,0.5219971218515523,10441
2026-06-06,1,1.0,ofi,0.47515298617645063,10441
2026-06-06,1,1.0,aggr,0.4608645518671971,10441
2026-06-06,1,1.0,depth,0.5436963184276699,10441
2026-06-06,1,1.0,qdepl,0.46478532414820195,10441
2026-06-06,1,1.0,drift,0.5015103172245057,10441
2026-06-06,1,2.0,obi,0.5114477127959077,10441
2026-06-06,1,2.0,ofi,0.4905327050652111,10441
2026-06-06,1,2.0,aggr,0.46836558583641,10441
2026-06-06,1,2.0,depth,0.5326902778465562,10441
2026-06-06,1,2.0,qdepl,0.452195488042639,10441
2026-06-06,1,2.0,drift,0.5135091745853577,10441
2026-06-06,-1,0.5,obi,0.4820049810661616,11276
2026-06-06,-1,0.5,ofi,0.46756090119008836,11276
2026-06-06,-1,0.5,aggr,0.4864596637738584,11276
2026-06-06,-1,0.5,depth,0.5132984405540157,11276
2026-06-06,-1,0.5,qdepl,0.5072099795425234,11276
2026-06-06,-1,0.5,drift,0.47381334427988214,11276
2026-06-06,-1,1.0,obi,0.49619228013837574,11276
2026-06-06,-1,1.0,ofi,0.4768751127131159,11276
2026-06-06,-1,1.0,aggr,0.4828984819769302,11276
2026-06-06,-1,1.0,depth,0.513995978459888,11276
2026-06-06,-1,1.0,qdepl,0.5336276004337419,11276
2026-06-06,-1,1.0,drift,0.4968424607274467,11276
2026-06-06,-1,2.0,obi,0.4945654777048974,11276
2026-06-06,-1,2.0,ofi,0.4930458187443895,11276
2026-06-06,-1,2.0,aggr,0.49759644423187144,11276
2026-06-06,-1,2.0,depth,0.5132119299369131,11276
2026-06-06,-1,2.0,qdepl,0.5163050406607269,11276
2026-06-06,-1,2.0,drift,0.5087647634838538,11276
2026-06-07,1,0.5,obi,0.5368299730591848,7143
2026-06-07,1,0.5,ofi,0.47806916238044234,7143
2026-06-07,1,0.5,aggr,0.5415596182188396,7143
2026-06-07,1,0.5,depth,0.5003171957058314,7143
2026-06-07,1,0.5,qdepl,0.5409673562754415,7143
2026-06-07,1,0.5,drift,0.4787342936076125,7143
2026-06-07,1,1.0,obi,0.5438167289750072,7143
2026-06-07,1,1.0,ofi,0.484047382914982,7143
2026-06-07,1,1.0,aggr,0.5723562595204638,7143
2026-06-07,1,1.0,depth,0.5102426045025135,7143
2026-06-07,1,1.0,qdepl,0.5376330048132918,7143
2026-06-07,1,1.0,drift,0.5033021420140287,7143
2026-06-07,1,2.0,obi,0.5427905580023578,7143
2026-06-07,1,2.0,ofi,0.47409209158848425,7143
2026-06-07,1,2.0,aggr,0.5478775688259571,7143
2026-06-07,1,2.0,depth,0.516769120471419,7143
2026-06-07,1,2.0,qdepl,0.5558917204082737,7143
2026-06-07,1,2.0,drift,0.5181907450865896,7143
2026-06-07,-1,0.5,obi,0.498496726562675,10687
2026-06-07,-1,0.5,ofi,0.4707146053272099,10687
2026-06-07,-1,0.5,aggr,0.5263088422417924,10687
2026-06-07,-1,0.5,depth,0.5163471903292232,10687
2026-06-07,-1,0.5,qdepl,0.4815453858547515,10687
2026-06-07,-1,0.5,drift,0.4700477343268105,10687
2026-06-07,-1,1.0,obi,0.48682096595220886,10687
2026-06-07,-1,1.0,ofi,0.4490780669591808,10687
2026-06-07,-1,1.0,aggr,0.5301123999433984,10687
2026-06-07,-1,1.0,depth,0.5201110832474203,10687
2026-06-07,-1,1.0,qdepl,0.4829615169648901,10687
2026-06-07,-1,1.0,drift,0.48465513765482787,10687
2026-06-07,-1,2.0,obi,0.4840055312158021,10687
2026-06-07,-1,2.0,ofi,0.4817076508777882,10687
2026-06-07,-1,2.0,aggr,0.5249794710160249,10687
2026-06-07,-1,2.0,depth,0.5108316546825479,10687
2026-06-07,-1,2.0,qdepl,0.5172632501410941,10687
2026-06-07,-1,2.0,drift,0.5186675801586482,10687
2026-06-08,1,0.5,obi,0.5170335609016558,9549
2026-06-08,1,0.5,ofi,0.461884556310309,9549
2026-06-08,1,0.5,aggr,0.4928639819498865,9549
2026-06-08,1,0.5,depth,0.5141405120732752,9549
2026-06-08,1,0.5,qdepl,0.5007156031086002,9549
2026-06-08,1,0.5,drift,0.46058816393417906,9549
2026-06-08,1,1.0,obi,0.5087090289633864,9549
2026-06-08,1,1.0,ofi,0.4701562456092976,9549
2026-06-08,1,1.0,aggr,0.48385496306155584,9549
2026-06-08,1,1.0,depth,0.4924626931652056,9549
2026-06-08,1,1.0,qdepl,0.4946927073730903,9549
2026-06-08,1,1.0,drift,0.47622108647482025,9549
2026-06-08,1,2.0,obi,0.5230400075665724,9549
2026-06-08,1,2.0,ofi,0.4817649715670961,9549
2026-06-08,1,2.0,aggr,0.4893137927513058,9549
2026-06-08,1,2.0,depth,0.515857452354239,9549
2026-06-08,1,2.0,qdepl,0.4668647180457956,9549
2026-06-08,1,2.0,drift,0.5177957011724761,9549
2026-06-08,-1,0.5,obi,0.5089788409238256,12175
2026-06-08,-1,0.5,ofi,0.447934611466148,12175
2026-06-08,-1,0.5,aggr,0.4813966421649111,12175
2026-06-08,-1,0.5,depth,0.5252804651123628,12175
2026-06-08,-1,0.5,qdepl,0.5110915069000649,12175
2026-06-08,-1,0.5,drift,0.4704740795001979,12175
2026-06-08,-1,1.0,obi,0.5255520893850986,12175
2026-06-08,-1,1.0,ofi,0.4607334949944008,12175
2026-06-08,-1,1.0,aggr,0.49208989028939015,12175
2026-06-08,-1,1.0,depth,0.5398180050013893,12175
2026-06-08,-1,1.0,qdepl,0.507760867917856,12175
2026-06-08,-1,1.0,drift,0.48522472572347536,12175
2026-06-08,-1,2.0,obi,0.5417450975439305,12175
2026-06-08,-1,2.0,ofi,0.5076789007047412,12175
2026-06-08,-1,2.0,aggr,0.4847987656503911,12175
2026-06-08,-1,2.0,depth,0.5464412673554102,12175
2026-06-08,-1,2.0,qdepl,0.5009210470922058,12175
2026-06-08,-1,2.0,drift,0.5232352000134718,12175
2026-06-09,1,0.5,obi,0.5066219835172274,10866
2026-06-09,1,0.5,ofi,0.44266926995193934,10866
2026-06-09,1,0.5,aggr,0.5103783612840994,10866
2026-06-09,1,0.5,depth,0.5127959368442429,10866
2026-06-09,1,0.5,qdepl,0.5934522651120288,10866
2026-06-09,1,0.5,drift,0.4353347851655046,10866
2026-06-09,1,1.0,obi,0.4964412483923374,10866
2026-06-09,1,1.0,ofi,0.4381995447776349,10866
2026-06-09,1,1.0,aggr,0.512055565897245,10866
2026-06-09,1,1.0,depth,0.509935936759629,10866
2026-06-09,1,1.0,qdepl,0.6041104337304543,10866
2026-06-09,1,1.0,drift,0.46083501150747985,10866
2026-06-09,1,2.0,obi,0.5132909805895891,10866
2026-06-09,1,2.0,ofi,0.4838893166587694,10866
2026-06-09,1,2.0,aggr,0.5212887848608949,10866
2026-06-09,1,2.0,depth,0.5111127034962432,10866
2026-06-09,1,2.0,qdepl,0.5877660047045286,10866
2026-06-09,1,2.0,drift,0.5085141072395587,10866
2026-06-09,-1,0.5,obi,0.4995582238828971,11690
2026-06-09,-1,0.5,ofi,0.47055391914483685,11690
2026-06-09,-1,0.5,aggr,0.5412792718901481,11690
2026-06-09,-1,0.5,depth,0.5188906535182506,11690
2026-06-09,-1,0.5,qdepl,0.6075931171664394,11690
2026-06-09,-1,0.5,drift,0.4567981940404137,11690
2026-06-09,-1,1.0,obi,0.5150592796173501,11690
2026-06-09,-1,1.0,ofi,0.4817708238234458,11690
2026-06-09,-1,1.0,aggr,0.5415046333997717,11690
2026-06-09,-1,1.0,depth,0.5217501929974605,11690
2026-06-09,-1,1.0,qdepl,0.5976203340079419,11690
2026-06-09,-1,1.0,drift,0.47374426576608486,11690
2026-06-09,-1,2.0,obi,0.49229863444710703,11690
2026-06-09,-1,2.0,ofi,0.44803105159331547,11690
2026-06-09,-1,2.0,aggr,0.5466699630219056,11690
2026-06-09,-1,2.0,depth,0.5071407234501591,11690
2026-06-09,-1,2.0,qdepl,0.6130649694819342,11690
2026-06-09,-1,2.0,drift,0.47381506497642034,11690
2026-06-10,1,0.5,obi,0.5046299349336147,10873
2026-06-10,1,0.5,ofi,0.4865249976327199,10873
2026-06-10,1,0.5,aggr,0.50659953313854,10873
2026-06-10,1,0.5,depth,0.5252417056422432,10873
2026-06-10,1,0.5,qdepl,0.5729504321131695,10873
2026-06-10,1,0.5,drift,0.49003718532083407,10873
2026-06-10,1,1.0,obi,0.5012697181753005,10873
2026-06-10,1,1.0,ofi,0.46636670902407185,10873
2026-06-10,1,1.0,aggr,0.5098368943990153,10873
2026-06-10,1,1.0,depth,0.5145004890969841,10873
2026-06-10,1,1.0,qdepl,0.5773543129307604,10873
2026-06-10,1,1.0,drift,0.5020887019864863,10873
2026-06-10,1,2.0,obi,0.4878893013310878,10873
2026-06-10,1,2.0,ofi,0.49291871478670807,10873
2026-06-10,1,2.0,aggr,0.5258111739003983,10873
2026-06-10,1,2.0,depth,0.4979547333766207,10873
2026-06-10,1,2.0,qdepl,0.5706244737028996,10873
2026-06-10,1,2.0,drift,0.524083852021319,10873
2026-06-10,-1,0.5,obi,0.49913892225542744,10227
2026-06-10,-1,0.5,ofi,0.4588658387941542,10227
2026-06-10,-1,0.5,aggr,0.5209533498152683,10227
2026-06-10,-1,0.5,depth,0.5089708492952043,10227
2026-06-10,-1,0.5,qdepl,0.5431649497088299,10227
2026-06-10,-1,0.5,drift,0.4661110077554948,10227
2026-06-10,-1,1.0,obi,0.5143103318695071,10227
2026-06-10,-1,1.0,ofi,0.45629252292015343,10227
2026-06-10,-1,1.0,aggr,0.49351434546083045,10227
2026-06-10,-1,1.0,depth,0.5309764548736833,10227
2026-06-10,-1,1.0,qdepl,0.5515622052049889,10227
2026-06-10,-1,1.0,drift,0.4705039201650153,10227
2026-06-10,-1,2.0,obi,0.5107631432199373,10227
2026-06-10,-1,2.0,ofi,0.46457620672461514,10227
2026-06-10,-1,2.0,aggr,0.4939084111517484,10227
2026-06-10,-1,2.0,depth,0.5258261190515706,10227
2026-06-10,-1,2.0,qdepl,0.5417001078841457,10227
2026-06-10,-1,2.0,drift,0.5107402018577007,10227
2026-06-11,1,0.5,obi,0.4915624032544644,10616
2026-06-11,1,0.5,ofi,0.4785282015731212,10616
2026-06-11,1,0.5,aggr,0.5378867160229679,10616
2026-06-11,1,0.5,depth,0.49034878733767817,10616
2026-06-11,1,0.5,qdepl,0.5264118638745406,10616
2026-06-11,1,0.5,drift,0.4903814978626167,10616
2026-06-11,1,1.0,obi,0.49130809278345944,10616
2026-06-11,1,1.0,ofi,0.5050401929189142,10616
2026-06-11,1,1.0,aggr,0.5409209221396365,10616
2026-06-11,1,1.0,depth,0.495237846543063,10616
2026-06-11,1,1.0,qdepl,0.5136150075444885,10616
2026-06-11,1,1.0,drift,0.491649169307903,10616
2026-06-11,1,2.0,obi,0.470329336218069,10616
2026-06-11,1,2.0,ofi,0.5087281105602437,10616
2026-06-11,1,2.0,aggr,0.5341068208208368,10616
2026-06-11,1,2.0,depth,0.4874807950409514,10616
2026-06-11,1,2.0,qdepl,0.5214033835323464,10616
2026-06-11,1,2.0,drift,0.4990034378207295,10616
2026-06-11,-1,0.5,obi,0.515230434330649,10101
2026-06-11,-1,0.5,ofi,0.45408856603012127,10101
2026-06-11,-1,0.5,aggr,0.48336690330746795,10101
2026-06-11,-1,0.5,depth,0.5355166046019604,10101
2026-06-11,-1,0.5,qdepl,0.5458633108922031,10101
2026-06-11,-1,0.5,drift,0.4615816410764405,10101
2026-06-11,-1,1.0,obi,0.5430521771565192,10101
2026-06-11,-1,1.0,ofi,0.48431334421758726,10101
2026-06-11,-1,1.0,aggr,0.489242443698445,10101
2026-06-11,-1,1.0,depth,0.5479051480075089,10101
2026-06-11,-1,1.0,qdepl,0.540909446676328,10101
2026-06-11,-1,1.0,drift,0.482878762863904,10101
2026-06-11,-1,2.0,obi,0.5462295843804842,10101
2026-06-11,-1,2.0,ofi,0.4946847540953534,10101
2026-06-11,-1,2.0,aggr,0.5000434147206477,10101
2026-06-11,-1,2.0,depth,0.530839371648353,10101
2026-06-11,-1,2.0,qdepl,0.5461201915139507,10101
2026-06-11,-1,2.0,drift,0.5077119219268799,10101
2026-06-12,1,0.5,obi,0.500613377778705,9319
2026-06-12,1,0.5,ofi,0.5055292478407333,9319
2026-06-12,1,0.5,aggr,0.5274879852910181,9319
2026-06-12,1,0.5,depth,0.4993982754639537,9319
2026-06-12,1,0.5,qdepl,0.5473134599988059,9319
2026-06-12,1,0.5,drift,0.5001241573878321,9319
2026-06-12,1,1.0,obi,0.5185961295408982,9319
2026-06-12,1,1.0,ofi,0.5033895830081335,9319
2026-06-12,1,1.0,aggr,0.5176531520223052,9319
2026-06-12,1,1.0,depth,0.5096304699206069,9319
2026-06-12,1,1.0,qdepl,0.5528662301256464,9319
2026-06-12,1,1.0,drift,0.5023657521268966,9319
2026-06-12,1,2.0,obi,0.5260241365990227,9319
2026-06-12,1,2.0,ofi,0.47057124627114216,9319
2026-06-12,1,2.0,aggr,0.5383383770773523,9319
2026-06-12,1,2.0,depth,0.513288940713049,9319
2026-06-12,1,2.0,qdepl,0.5372539781077292,9319
2026-06-12,1,2.0,drift,0.4908157341794643,9319
2026-06-12,-1,0.5,obi,0.515244523273902,9110
2026-06-12,-1,0.5,ofi,0.47534268321924616,9110
2026-06-12,-1,0.5,aggr,0.49657023078100204,9110
2026-06-12,-1,0.5,depth,0.5179765604196062,9110
2026-06-12,-1,0.5,qdepl,0.5208058959828706,9110
2026-06-12,-1,0.5,drift,0.45946587084794815,9110
2026-06-12,-1,1.0,obi,0.5190569343347138,9110
2026-06-12,-1,1.0,ofi,0.4786729700778749,9110
2026-06-12,-1,1.0,aggr,0.4904360625890898,9110
2026-06-12,-1,1.0,depth,0.5189530087803538,9110
2026-06-12,-1,1.0,qdepl,0.5304236035719062,9110
2026-06-12,-1,1.0,drift,0.47105085905766936,9110
2026-06-12,-1,2.0,obi,0.542334149876916,9110
2026-06-12,-1,2.0,ofi,0.48632912048255195,9110
2026-06-12,-1,2.0,aggr,0.4954244891983695,9110
2026-06-12,-1,2.0,depth,0.5304559108638051,9110
2026-06-12,-1,2.0,qdepl,0.5152169604094847,9110
2026-06-12,-1,2.0,drift,0.4892073311797147,9110
2026-06-13,1,0.5,obi,0.502404595975408,4639
2026-06-13,1,0.5,ofi,0.44988488728294207,4639
2026-06-13,1,0.5,aggr,0.46008618607035223,4639
2026-06-13,1,0.5,depth,0.49198967704439667,4639
2026-06-13,1,0.5,qdepl,0.48829701790892116,4639
2026-06-13,1,0.5,drift,0.4883860983736617,4639
2026-06-13,1,1.0,obi,0.49937758989199066,4639
2026-06-13,1,1.0,ofi,0.44138649563217436,4639
2026-06-13,1,1.0,aggr,0.4562055642714112,4639
2026-06-13,1,1.0,depth,0.48760195965490977,4639
2026-06-13,1,1.0,qdepl,0.45786811132694144,4639
2026-06-13,1,1.0,drift,0.5035490925612335,4639
2026-06-13,1,2.0,obi,0.5092957915390279,4639
2026-06-13,1,2.0,ofi,0.4449825788592742,4639
2026-06-13,1,2.0,aggr,0.46611944162404356,4639
2026-06-13,1,2.0,depth,0.48826818927955523,4639
2026-06-13,1,2.0,qdepl,0.4478611175014573,4639
2026-06-13,1,2.0,drift,0.5275134672942082,4639
2026-06-13,-1,0.5,obi,0.42575909917670524,6027
2026-06-13,-1,0.5,ofi,0.4775781800823569,6027
2026-06-13,-1,0.5,aggr,0.4778802971652433,6027
2026-06-13,-1,0.5,depth,0.469916888653566,6027
2026-06-13,-1,0.5,qdepl,0.495884726386858,6027
2026-06-13,-1,0.5,drift,0.5008600563494654,6027
2026-06-13,-1,1.0,obi,0.44520570023949896,6027
2026-06-13,-1,1.0,ofi,0.4748152319134402,6027
2026-06-13,-1,1.0,aggr,0.5011839491812319,6027
2026-06-13,-1,1.0,depth,0.47372661593202947,6027
2026-06-13,-1,1.0,qdepl,0.48759776796859355,6027
2026-06-13,-1,1.0,drift,0.5133392750836051,6027
2026-06-13,-1,2.0,obi,0.46474849181506184,6027
2026-06-13,-1,2.0,ofi,0.4940183560989929,6027
2026-06-13,-1,2.0,aggr,0.48623789817042556,6027
2026-06-13,-1,2.0,depth,0.48408895753488923,6027
2026-06-13,-1,2.0,qdepl,0.49095191914647296,6027
2026-06-13,-1,2.0,drift,0.5155483990880934,6027
2026-06-14,1,0.5,obi,0.4341049367878836,4334
2026-06-14,1,0.5,ofi,0.4660085476347797,4334
2026-06-14,1,0.5,aggr,0.5003976762050385,4334
2026-06-14,1,0.5,depth,0.467688103828798,4334
2026-06-14,1,0.5,qdepl,0.5471636685406128,4334
2026-06-14,1,0.5,drift,0.5236740838776861,4334
2026-06-14,1,1.0,obi,0.4532000253292722,4334
2026-06-14,1,1.0,ofi,0.4794768245447279,4334
2026-06-14,1,1.0,aggr,0.515821677944934,4334
2026-06-14,1,1.0,depth,0.4720119830002125,4334
2026-06-14,1,1.0,qdepl,0.5776579241998321,4334
2026-06-14,1,1.0,drift,0.5297955456949686,4334
2026-06-14,1,2.0,obi,0.45221039342261127,4334
2026-06-14,1,2.0,ofi,0.4929033280475607,4334
2026-06-14,1,2.0,aggr,0.5341983301909343,4334
2026-06-14,1,2.0,depth,0.4366809635599961,4334
2026-06-14,1,2.0,qdepl,0.5615168123044565,4334
2026-06-14,1,2.0,drift,0.5619010613429222,4334
2026-06-14,-1,0.5,obi,0.47621807689521084,5954
2026-06-14,-1,0.5,ofi,0.39753025569862005,5954
2026-06-14,-1,0.5,aggr,0.5047901954842577,5954
2026-06-14,-1,0.5,depth,0.48113158154984553,5954
2026-06-14,-1,0.5,qdepl,0.5553920834983772,5954
2026-06-14,-1,0.5,drift,0.4474130899515278,5954
2026-06-14,-1,1.0,obi,0.49965880643421784,5954
2026-06-14,-1,1.0,ofi,0.4232231624509738,5954
2026-06-14,-1,1.0,aggr,0.5273230733757432,5954
2026-06-14,-1,1.0,depth,0.48937928155617405,5954
2026-06-14,-1,1.0,qdepl,0.5810835799957446,5954
2026-06-14,-1,1.0,drift,0.4653035847095218,5954
2026-06-14,-1,2.0,obi,0.4952447083266567,5954
2026-06-14,-1,2.0,ofi,0.492362323416244,5954
2026-06-14,-1,2.0,aggr,0.5516998596620006,5954
2026-06-14,-1,2.0,depth,0.4859751023007781,5954
2026-06-14,-1,2.0,qdepl,0.610115265428498,5954
2026-06-14,-1,2.0,drift,0.5313668032674903,5954
2026-06-15,1,0.5,obi,0.48716547974979896,9039
2026-06-15,1,0.5,ofi,0.4640763618540135,9039
2026-06-15,1,0.5,aggr,0.5222652468538238,9039
2026-06-15,1,0.5,depth,0.5133631408769763,9039
2026-06-15,1,0.5,qdepl,0.5778483557152525,9039
2026-06-15,1,0.5,drift,0.4767266183088301,9039
2026-06-15,1,1.0,obi,0.5064125942506637,9039
2026-06-15,1,1.0,ofi,0.46122237649353875,9039
2026-06-15,1,1.0,aggr,0.5028677535145508,9039
2026-06-15,1,1.0,depth,0.5273684131621106,9039
2026-06-15,1,1.0,qdepl,0.5681653659330587,9039
2026-06-15,1,1.0,drift,0.47252947302849213,9039
2026-06-15,1,2.0,obi,0.4874936207552781,9039
2026-06-15,1,2.0,ofi,0.4650160383697037,9039
2026-06-15,1,2.0,aggr,0.51071988476361,9039
2026-06-15,1,2.0,depth,0.520029757570343,9039
2026-06-15,1,2.0,qdepl,0.5497936765621959,9039
2026-06-15,1,2.0,drift,0.4962969784715024,9039
2026-06-15,-1,0.5,obi,0.5164509795938995,8440
2026-06-15,-1,0.5,ofi,0.44435842074526627,8440
2026-06-15,-1,0.5,aggr,0.5490565547719054,8440
2026-06-15,-1,0.5,depth,0.5401238846555558,8440
2026-06-15,-1,0.5,qdepl,0.5395121649053256,8440
2026-06-15,-1,0.5,drift,0.46171092363716,8440
2026-06-15,-1,1.0,obi,0.5306889059376474,8440
2026-06-15,-1,1.0,ofi,0.49119481536802856,8440
2026-06-15,-1,1.0,aggr,0.5175704477942993,8440
2026-06-15,-1,1.0,depth,0.5424111655173963,8440
2026-06-15,-1,1.0,qdepl,0.5562708469037083,8440
2026-06-15,-1,1.0,drift,0.4771672005907325,8440
2026-06-15,-1,2.0,obi,0.503790697086768,8440
2026-06-15,-1,2.0,ofi,0.4932598520922711,8440
2026-06-15,-1,2.0,aggr,0.5433362907392018,8440
2026-06-15,-1,2.0,depth,0.5425924353114261,8440
2026-06-15,-1,2.0,qdepl,0.5481329211214933,8440
2026-06-15,-1,2.0,drift,0.5136138353249029,8440
2026-06-16,1,0.5,obi,0.5479055082382523,8120
2026-06-16,1,0.5,ofi,0.44980829402478567,8120
2026-06-16,1,0.5,aggr,0.4948142021231342,8120
2026-06-16,1,0.5,depth,0.5530264588276442,8120
2026-06-16,1,0.5,qdepl,0.6200635238734438,8120
2026-06-16,1,0.5,drift,0.448987210148695,8120
2026-06-16,1,1.0,obi,0.5302462495391683,8120
2026-06-16,1,1.0,ofi,0.448741338727821,8120
2026-06-16,1,1.0,aggr,0.5060403452220027,8120
2026-06-16,1,1.0,depth,0.5535654664561808,8120
2026-06-16,1,1.0,qdepl,0.6186982332422698,8120
2026-06-16,1,1.0,drift,0.4610767863726167,8120
2026-06-16,1,2.0,obi,0.5404752001663721,8120
2026-06-16,1,2.0,ofi,0.463106525376464,8120
2026-06-16,1,2.0,aggr,0.49912919356820784,8120
2026-06-16,1,2.0,depth,0.565210564625143,8120
2026-06-16,1,2.0,qdepl,0.6308321438361991,8120
2026-06-16,1,2.0,drift,0.4883096221652944,8120
2026-06-16,-1,0.5,obi,0.453435919459085,8628
2026-06-16,-1,0.5,ofi,0.4281933495018657,8628
2026-06-16,-1,0.5,aggr,0.5838786547503486,8628
2026-06-16,-1,0.5,depth,0.5079245507289103,8628
2026-06-16,-1,0.5,qdepl,0.6018473997662357,8628
2026-06-16,-1,0.5,drift,0.47317048847748633,8628
2026-06-16,-1,1.0,obi,0.4638656637386245,8628
2026-06-16,-1,1.0,ofi,0.4622876201265658,8628
2026-06-16,-1,1.0,aggr,0.5853433753730845,8628
2026-06-16,-1,1.0,depth,0.5007838593142935,8628
2026-06-16,-1,1.0,qdepl,0.5969236417945929,8628
2026-06-16,-1,1.0,drift,0.4784636793943214,8628
2026-06-16,-1,2.0,obi,0.44368863140413395,8628
2026-06-16,-1,2.0,ofi,0.4341419670117618,8628
2026-06-16,-1,2.0,aggr,0.5852596842468957,8628
2026-06-16,-1,2.0,depth,0.5096220451660106,8628
2026-06-16,-1,2.0,qdepl,0.606079215959369,8628
2026-06-16,-1,2.0,drift,0.498363783920089,8628
2026-06-17,1,0.5,obi,0.5472306080178355,9173
2026-06-17,1,0.5,ofi,0.42182294695300415,9173
2026-06-17,1,0.5,aggr,0.5739462304023029,9173
2026-06-17,1,0.5,depth,0.5633076449492508,9173
2026-06-17,1,0.5,qdepl,0.5431534403794068,9173
2026-06-17,1,0.5,drift,0.39915196398427655,9173
2026-06-17,1,1.0,obi,0.5207798901318432,9173
2026-06-17,1,1.0,ofi,0.40447077398603665,9173
2026-06-17,1,1.0,aggr,0.5870960986184417,9173
2026-06-17,1,1.0,depth,0.5421741032273493,9173
2026-06-17,1,1.0,qdepl,0.5520018596043291,9173
2026-06-17,1,1.0,drift,0.4364084386230313,9173
2026-06-17,1,2.0,obi,0.5751627710778056,9173
2026-06-17,1,2.0,ofi,0.4631979550293608,9173
2026-06-17,1,2.0,aggr,0.5839641060717121,9173
2026-06-17,1,2.0,depth,0.5923938915265465,9173
2026-06-17,1,2.0,qdepl,0.5510119767727696,9173
2026-06-17,1,2.0,drift,0.46691449013496245,9173
2026-06-17,-1,0.5,obi,0.5172998357940275,6594
2026-06-17,-1,0.5,ofi,0.414201049912148,6594
2026-06-17,-1,0.5,aggr,0.5623476064374491,6594
2026-06-17,-1,0.5,depth,0.5340142072300932,6594
2026-06-17,-1,0.5,qdepl,0.5819456790833211,6594
2026-06-17,-1,0.5,drift,0.39880693761250985,6594
2026-06-17,-1,1.0,obi,0.5347135737615384,6594
2026-06-17,-1,1.0,ofi,0.46290188244002173,6594
2026-06-17,-1,1.0,aggr,0.5403010323058184,6594
2026-06-17,-1,1.0,depth,0.536439712693445,6594
2026-06-17,-1,1.0,qdepl,0.6033456338099019,6594
2026-06-17,-1,1.0,drift,0.4217142816078531,6594
2026-06-17,-1,2.0,obi,0.5348239546690908,6594
2026-06-17,-1,2.0,ofi,0.4436342338911066,6594
2026-06-17,-1,2.0,aggr,0.552773212508399,6594
2026-06-17,-1,2.0,depth,0.5370989799108186,6594
2026-06-17,-1,2.0,qdepl,0.6217996543410382,6594
2026-06-17,-1,2.0,drift,0.4475756084064834,6594
2026-06-18,1,0.5,obi,0.4785862467754166,7807
2026-06-18,1,0.5,ofi,0.4811364175446833,7807
2026-06-18,1,0.5,aggr,0.4886883027661057,7807
2026-06-18,1,0.5,depth,0.460272948157179,7807
2026-06-18,1,0.5,qdepl,0.5283610738656451,7807
2026-06-18,1,0.5,drift,0.46372633001135183,7807
2026-06-18,1,1.0,obi,0.4892454485084676,7807
2026-06-18,1,1.0,ofi,0.44535373224149155,7807
2026-06-18,1,1.0,aggr,0.46517890318486627,7807
2026-06-18,1,1.0,depth,0.4719126854301882,7807
2026-06-18,1,1.0,qdepl,0.5284049081262574,7807
2026-06-18,1,1.0,drift,0.4763646281277486,7807
2026-06-18,1,2.0,obi,0.4918614730851495,7807
2026-06-18,1,2.0,ofi,0.48425049354509786,7807
2026-06-18,1,2.0,aggr,0.4583244743063638,7807
2026-06-18,1,2.0,depth,0.4688083389969656,7807
2026-06-18,1,2.0,qdepl,0.531292848501831,7807
2026-06-18,1,2.0,drift,0.489999336341101,7807
2026-06-18,-1,0.5,obi,0.48165850135870836,7658
2026-06-18,-1,0.5,ofi,0.4625282194916532,7658
2026-06-18,-1,0.5,aggr,0.4949961763706519,7658
2026-06-18,-1,0.5,depth,0.4946665054327046,7658
2026-06-18,-1,0.5,qdepl,0.5474685700222349,7658
2026-06-18,-1,0.5,drift,0.46312805666806045,7658
2026-06-18,-1,1.0,obi,0.4909510277387703,7658
2026-06-18,-1,1.0,ofi,0.4606861285710271,7658
2026-06-18,-1,1.0,aggr,0.49959006690925567,7658
2026-06-18,-1,1.0,depth,0.5070772270937777,7658
2026-06-18,-1,1.0,qdepl,0.5432765224900088,7658
2026-06-18,-1,1.0,drift,0.46886701349000276,7658
2026-06-18,-1,2.0,obi,0.49312172511255864,7658
2026-06-18,-1,2.0,ofi,0.4732019148803902,7658
2026-06-18,-1,2.0,aggr,0.48451163992822815,7658
2026-06-18,-1,2.0,depth,0.5155951278957179,7658
2026-06-18,-1,2.0,qdepl,0.5461777757718154,7658
2026-06-18,-1,2.0,drift,0.4832602316148575,7658
2026-06-19,1,0.5,obi,0.5458745341646251,3504
2026-06-19,1,0.5,ofi,0.4677090613653739,3504
2026-06-19,1,0.5,aggr,0.4517890349228297,3504
2026-06-19,1,0.5,depth,0.5415165606525858,3504
2026-06-19,1,0.5,qdepl,0.4392868587115315,3504
2026-06-19,1,0.5,drift,0.45552732438290217,3504
2026-06-19,1,1.0,obi,0.5524483323282812,3504
2026-06-19,1,1.0,ofi,0.41182849688770246,3504
2026-06-19,1,1.0,aggr,0.4333297168276012,3504
2026-06-19,1,1.0,depth,0.5295089205739647,3504
2026-06-19,1,1.0,qdepl,0.41461001031965705,3504
2026-06-19,1,1.0,drift,0.458735249072114,3504
2026-06-19,1,2.0,obi,0.5379745717594637,3504
2026-06-19,1,2.0,ofi,0.47209983574335596,3504
2026-06-19,1,2.0,aggr,0.45242486709341434,3504
2026-06-19,1,2.0,depth,0.5252473311449268,3504
2026-06-19,1,2.0,qdepl,0.4281991567654309,3504
2026-06-19,1,2.0,drift,0.48032477903570503,3504
2026-06-19,-1,0.5,obi,0.49858987617002093,4843
2026-06-19,-1,0.5,ofi,0.4620091215230822,4843
2026-06-19,-1,0.5,aggr,0.47048471349402066,4843
2026-06-19,-1,0.5,depth,0.45941452549518735,4843
2026-06-19,-1,0.5,qdepl,0.4875528332405271,4843
2026-06-19,-1,0.5,drift,0.4755845464428712,4843
2026-06-19,-1,1.0,obi,0.4931111287884814,4843
2026-06-19,-1,1.0,ofi,0.46873067642457505,4843
2026-06-19,-1,1.0,aggr,0.4598048418317291,4843
2026-06-19,-1,1.0,depth,0.47446106117254,4843
2026-06-19,-1,1.0,qdepl,0.48487312067456845,4843
2026-06-19,-1,1.0,drift,0.5137029671466072,4843
2026-06-19,-1,2.0,obi,0.5118216530108981,4843
2026-06-19,-1,2.0,ofi,0.47275448784238855,4843
2026-06-19,-1,2.0,aggr,0.46248402407657835,4843
2026-06-19,-1,2.0,depth,0.4816797921141251,4843
2026-06-19,-1,2.0,qdepl,0.4716413438336913,4843
2026-06-19,-1,2.0,drift,0.5267122742820778,4843
2026-06-20,1,0.5,obi,0.4837839075313893,3132
2026-06-20,1,0.5,ofi,0.48171651472294014,3132
2026-06-20,1,0.5,aggr,0.4850404957164079,3132
2026-06-20,1,0.5,depth,0.49270085061354063,3132
2026-06-20,1,0.5,qdepl,0.5275857990272889,3132
2026-06-20,1,0.5,drift,0.5139903542866445,3132
2026-06-20,1,1.0,obi,0.5103077114832828,3132
2026-06-20,1,1.0,ofi,0.5068266569666877,3132
2026-06-20,1,1.0,aggr,0.5022270100323559,3132
2026-06-20,1,1.0,depth,0.5206783795608555,3132
2026-06-20,1,1.0,qdepl,0.5150574367635986,3132
2026-06-20,1,1.0,drift,0.5243883671475957,3132
2026-06-20,1,2.0,obi,0.52935303514377,3132
2026-06-20,1,2.0,ofi,0.492319931421827,3132
2026-06-20,1,2.0,aggr,0.48577244561567734,3132
2026-06-20,1,2.0,depth,0.5431239952381921,3132
2026-06-20,1,2.0,qdepl,0.49611131743350767,3132
2026-06-20,1,2.0,drift,0.5000362477361063,3132
2026-06-20,-1,0.5,obi,0.5133254696822059,3301
2026-06-20,-1,0.5,ofi,0.491051962778718,3301
2026-06-20,-1,0.5,aggr,0.49629610635303234,3301
2026-06-20,-1,0.5,depth,0.5019357118028844,3301
2026-06-20,-1,0.5,qdepl,0.4850573533685488,3301
2026-06-20,-1,0.5,drift,0.4861793482286841,3301
2026-06-20,-1,1.0,obi,0.5354570889675254,3301
2026-06-20,-1,1.0,ofi,0.4960978055854716,3301
2026-06-20,-1,1.0,aggr,0.49295576411325936,3301
2026-06-20,-1,1.0,depth,0.5150167245043905,3301
2026-06-20,-1,1.0,qdepl,0.4945780695306312,3301
2026-06-20,-1,1.0,drift,0.4897595888108222,3301
2026-06-20,-1,2.0,obi,0.5074784461881237,3301
2026-06-20,-1,2.0,ofi,0.535156788667225,3301
2026-06-20,-1,2.0,aggr,0.49784889253579956,3301
2026-06-20,-1,2.0,depth,0.5018268743126428,3301
2026-06-20,-1,2.0,qdepl,0.4976990273005453,3301
2026-06-20,-1,2.0,drift,0.5189257568764211,3301
2026-06-21,1,0.5,obi,0.5078360967367198,2767
2026-06-21,1,0.5,ofi,0.4823123228023429,2767
2026-06-21,1,0.5,aggr,0.5630462155860825,2767
2026-06-21,1,0.5,depth,0.49187388807200827,2767
2026-06-21,1,0.5,qdepl,0.5913442244733828,2767
2026-06-21,1,0.5,drift,0.46268877389375856,2767
2026-06-21,1,1.0,obi,0.5285579664817177,2767
2026-06-21,1,1.0,ofi,0.4680162798443504,2767
2026-06-21,1,1.0,aggr,0.5769677571346175,2767
2026-06-21,1,1.0,depth,0.5154357945360163,2767
2026-06-21,1,1.0,qdepl,0.5896098198981291,2767
2026-06-21,1,1.0,drift,0.46021267780693276,2767
2026-06-21,1,2.0,obi,0.5407174829605921,2767
2026-06-21,1,2.0,ofi,0.49325491279235073,2767
2026-06-21,1,2.0,aggr,0.5668383469946465,2767
2026-06-21,1,2.0,depth,0.5361568519135316,2767
2026-06-21,1,2.0,qdepl,0.5966116152302655,2767
2026-06-21,1,2.0,drift,0.47722852709651736,2767
2026-06-21,-1,0.5,obi,0.5442790128855305,2641
2026-06-21,-1,0.5,ofi,0.4945206721308853,2641
2026-06-21,-1,0.5,aggr,0.5461365628038516,2641
2026-06-21,-1,0.5,depth,0.4944033531886755,2641
2026-06-21,-1,0.5,qdepl,0.4738867587798119,2641
2026-06-21,-1,0.5,drift,0.503994176714323,2641
2026-06-21,-1,1.0,obi,0.5524646754442566,2641
2026-06-21,-1,1.0,ofi,0.4484898741309955,2641
2026-06-21,-1,1.0,aggr,0.5303820509128658,2641
2026-06-21,-1,1.0,depth,0.4994587330620777,2641
2026-06-21,-1,1.0,qdepl,0.4773334470971561,2641
2026-06-21,-1,1.0,drift,0.48017487632628175,2641
2026-06-21,-1,2.0,obi,0.5600335247765164,2641
2026-06-21,-1,2.0,ofi,0.49355367963752,2641
2026-06-21,-1,2.0,aggr,0.546863584733606,2641
2026-06-21,-1,2.0,depth,0.4987299335725929,2641
2026-06-21,-1,2.0,qdepl,0.5169801393251316,2641
2026-06-21,-1,2.0,drift,0.49975025285787167,2641
2026-06-22,1,0.5,obi,0.5037511974210193,6571
2026-06-22,1,0.5,ofi,0.4536037248094087,6571
2026-06-22,1,0.5,aggr,0.5330774023340399,6571
2026-06-22,1,0.5,depth,0.519585159659023,6571
2026-06-22,1,0.5,qdepl,0.5793449132631231,6571
2026-06-22,1,0.5,drift,0.474992738965971,6571
2026-06-22,1,1.0,obi,0.5241873271715111,6571
2026-06-22,1,1.0,ofi,0.471298850302596,6571
2026-06-22,1,1.0,aggr,0.5236045678399998,6571
2026-06-22,1,1.0,depth,0.5177276052676709,6571
2026-06-22,1,1.0,qdepl,0.5946197903163501,6571
2026-06-22,1,1.0,drift,0.49122728508927177,6571
2026-06-22,1,2.0,obi,0.5082947569848838,6571
2026-06-22,1,2.0,ofi,0.482794958215131,6571
2026-06-22,1,2.0,aggr,0.5334973297294738,6571
2026-06-22,1,2.0,depth,0.5188470748282037,6571
2026-06-22,1,2.0,qdepl,0.5930705772507617,6571
2026-06-22,1,2.0,drift,0.5165635301501807,6571
2026-06-22,-1,0.5,obi,0.4797512802711338,7320
2026-06-22,-1,0.5,ofi,0.45362889680193497,7320
2026-06-22,-1,0.5,aggr,0.5702036722879155,7320
2026-06-22,-1,0.5,depth,0.5068778414180776,7320
2026-06-22,-1,0.5,qdepl,0.6097640036653826,7320
2026-06-22,-1,0.5,drift,0.43588403095046135,7320
2026-06-22,-1,1.0,obi,0.4882264278942339,7320
2026-06-22,-1,1.0,ofi,0.4796888763847831,7320
2026-06-22,-1,1.0,aggr,0.5700271917644599,7320
2026-06-22,-1,1.0,depth,0.4928569129042372,7320
2026-06-22,-1,1.0,qdepl,0.5929996370076741,7320
2026-06-22,-1,1.0,drift,0.46976374238555946,7320
2026-06-22,-1,2.0,obi,0.5200681567081729,7320
2026-06-22,-1,2.0,ofi,0.45951049225118695,7320
2026-06-22,-1,2.0,aggr,0.5748489709307534,7320
2026-06-22,-1,2.0,depth,0.5186853565723073,7320
2026-06-22,-1,2.0,qdepl,0.6023595201036162,7320
2026-06-22,-1,2.0,drift,0.4907537269700499,7320
2026-06-23,1,0.5,obi,0.4461052797230909,8097
2026-06-23,1,0.5,ofi,0.4726936529087231,8097
2026-06-23,1,0.5,aggr,0.563238764379959,8097
2026-06-23,1,0.5,depth,0.48578674584161935,8097
2026-06-23,1,0.5,qdepl,0.5676888308523208,8097
2026-06-23,1,0.5,drift,0.4976301240779317,8097
2026-06-23,1,1.0,obi,0.4451719231717433,8097
2026-06-23,1,1.0,ofi,0.468914025649301,8097
2026-06-23,1,1.0,aggr,0.5568649241216751,8097
2026-06-23,1,1.0,depth,0.49381296441585293,8097
2026-06-23,1,1.0,qdepl,0.5771823377466613,8097
2026-06-23,1,1.0,drift,0.5111123537236525,8097
2026-06-23,1,2.0,obi,0.4507426271691157,8097
2026-06-23,1,2.0,ofi,0.46443099924973297,8097
2026-06-23,1,2.0,aggr,0.572819910387102,8097
2026-06-23,1,2.0,depth,0.5061782716728668,8097
2026-06-23,1,2.0,qdepl,0.5898726718002865,8097
2026-06-23,1,2.0,drift,0.5177091974200569,8097
2026-06-23,-1,0.5,obi,0.49176699253230716,7329
2026-06-23,-1,0.5,ofi,0.4827111962339727,7329
2026-06-23,-1,0.5,aggr,0.4821184206270554,7329
2026-06-23,-1,0.5,depth,0.5249130964201008,7329
2026-06-23,-1,0.5,qdepl,0.5469851746762537,7329
2026-06-23,-1,0.5,drift,0.46823769848093544,7329
2026-06-23,-1,1.0,obi,0.5021761089208598,7329
2026-06-23,-1,1.0,ofi,0.47098040547945713,7329
2026-06-23,-1,1.0,aggr,0.4870671371020754,7329
2026-06-23,-1,1.0,depth,0.5326931744593875,7329
2026-06-23,-1,1.0,qdepl,0.5444344362256052,7329
2026-06-23,-1,1.0,drift,0.47223169137786647,7329
2026-06-23,-1,2.0,obi,0.5003810284813845,7329
2026-06-23,-1,2.0,ofi,0.500529135124683,7329
2026-06-23,-1,2.0,aggr,0.49991553383893583,7329
2026-06-23,-1,2.0,depth,0.5333228312964113,7329
2026-06-23,-1,2.0,qdepl,0.5322697965528964,7329
2026-06-23,-1,2.0,drift,0.5114919353431315,7329
2026-06-24,1,0.5,obi,0.5115279558295186,5324
2026-06-24,1,0.5,ofi,0.4338260660703502,5324
2026-06-24,1,0.5,aggr,0.549109587186351,5324
2026-06-24,1,0.5,depth,0.5553776689322993,5324
2026-06-24,1,0.5,qdepl,0.572112220921096,5324
2026-06-24,1,0.5,drift,0.43323670655245816,5324
2026-06-24,1,1.0,obi,0.515442342168002,5324
2026-06-24,1,1.0,ofi,0.4361504806351257,5324
2026-06-24,1,1.0,aggr,0.542419905337017,5324
2026-06-24,1,1.0,depth,0.5773050572858772,5324
2026-06-24,1,1.0,qdepl,0.5540739008841273,5324
2026-06-24,1,1.0,drift,0.45229567310603036,5324
2026-06-24,1,2.0,obi,0.5248866247972632,5324
2026-06-24,1,2.0,ofi,0.4976840614686346,5324
2026-06-24,1,2.0,aggr,0.5008657662697461,5324
2026-06-24,1,2.0,depth,0.5849713543094245,5324
2026-06-24,1,2.0,qdepl,0.5504177583687621,5324
2026-06-24,1,2.0,drift,0.48441345518567025,5324
2026-06-24,-1,0.5,obi,0.4841921870287548,4824
2026-06-24,-1,0.5,ofi,0.45100391002750867,4824
2026-06-24,-1,0.5,aggr,0.544211323946262,4824
2026-06-24,-1,0.5,depth,0.5167016025424301,4824
2026-06-24,-1,0.5,qdepl,0.5924104895637792,4824
2026-06-24,-1,0.5,drift,0.44513135567297446,4824
2026-06-24,-1,1.0,obi,0.46230735628260816,4824
2026-06-24,-1,1.0,ofi,0.4426348626767857,4824
2026-06-24,-1,1.0,aggr,0.531177451709604,4824
2026-06-24,-1,1.0,depth,0.488847888874936,4824
2026-06-24,-1,1.0,qdepl,0.5998527434053839,4824
2026-06-24,-1,1.0,drift,0.46528280886587736,4824
2026-06-24,-1,2.0,obi,0.49453798243439195,4824
2026-06-24,-1,2.0,ofi,0.46027238176808805,4824
2026-06-24,-1,2.0,aggr,0.5409130767505235,4824
2026-06-24,-1,2.0,depth,0.5309131518814392,4824
2026-06-24,-1,2.0,qdepl,0.6016913042404962,4824
2026-06-24,-1,2.0,drift,0.4869612979187663,4824
2026-06-25,1,0.5,obi,0.4684043551412581,5404
2026-06-25,1,0.5,ofi,0.4353317206982117,5404
2026-06-25,1,0.5,aggr,0.4882723990484997,5404
2026-06-25,1,0.5,depth,0.4847851041099101,5404
2026-06-25,1,0.5,qdepl,0.5737624465294273,5404
2026-06-25,1,0.5,drift,0.4453501023435956,5404
2026-06-25,1,1.0,obi,0.4839466393408268,5404
2026-06-25,1,1.0,ofi,0.4265854703742448,5404
2026-06-25,1,1.0,aggr,0.5071711083986755,5404
2026-06-25,1,1.0,depth,0.5137137424397037,5404
2026-06-25,1,1.0,qdepl,0.586395444020662,5404
2026-06-25,1,1.0,drift,0.4587809350945727,5404
2026-06-25,1,2.0,obi,0.5052022879118229,5404
2026-06-25,1,2.0,ofi,0.4550558506065772,5404
2026-06-25,1,2.0,aggr,0.5428057541649524,5404
2026-06-25,1,2.0,depth,0.5170834256407274,5404
2026-06-25,1,2.0,qdepl,0.565536895443593,5404
2026-06-25,1,2.0,drift,0.5014900337951982,5404
2026-06-25,-1,0.5,obi,0.4911866569604888,5401
2026-06-25,-1,0.5,ofi,0.45473883675890947,5401
2026-06-25,-1,0.5,aggr,0.5528730258043398,5401
2026-06-25,-1,0.5,depth,0.5121488471924823,5401
2026-06-25,-1,0.5,qdepl,0.5908573260048281,5401
2026-06-25,-1,0.5,drift,0.4560784086414533,5401
2026-06-25,-1,1.0,obi,0.5017764351277261,5401
2026-06-25,-1,1.0,ofi,0.4291735996508504,5401
2026-06-25,-1,1.0,aggr,0.548842589435496,5401
2026-06-25,-1,1.0,depth,0.5020319468501521,5401
2026-06-25,-1,1.0,qdepl,0.5946403486040834,5401
2026-06-25,-1,1.0,drift,0.45539604956288104,5401
2026-06-25,-1,2.0,obi,0.501717618417643,5401
2026-06-25,-1,2.0,ofi,0.47987594788669,5401
2026-06-25,-1,2.0,aggr,0.5509525323577147,5401
2026-06-25,-1,2.0,depth,0.5188569355982597,5401
2026-06-25,-1,2.0,qdepl,0.5897010235812387,5401
2026-06-25,-1,2.0,drift,0.4920088122775194,5401
2026-06-26,1,0.5,obi,0.49778308285670625,7660
2026-06-26,1,0.5,ofi,0.4808544681633544,7660
2026-06-26,1,0.5,aggr,0.5777588503231359,7660
2026-06-26,1,0.5,depth,0.5347612139848067,7660
2026-06-26,1,0.5,qdepl,0.53690747241437,7660
2026-06-26,1,0.5,drift,0.4694203133586258,7660
2026-06-26,1,1.0,obi,0.49777084527827403,7660
2026-06-26,1,1.0,ofi,0.4678897647447922,7660
2026-06-26,1,1.0,aggr,0.5824018939940518,7660
2026-06-26,1,1.0,depth,0.5407681623754268,7660
2026-06-26,1,1.0,qdepl,0.5620737864259503,7660
2026-06-26,1,1.0,drift,0.493478009177971,7660
2026-06-26,1,2.0,obi,0.5198582909700292,7660
2026-06-26,1,2.0,ofi,0.5085547058064862,7660
2026-06-26,1,2.0,aggr,0.551317487052642,7660
2026-06-26,1,2.0,depth,0.5460362802699162,7660
2026-06-26,1,2.0,qdepl,0.5742849742542633,7660
2026-06-26,1,2.0,drift,0.5337483681455195,7660
2026-06-26,-1,0.5,obi,0.4905853491974152,6631
2026-06-26,-1,0.5,ofi,0.4155890177592453,6631
2026-06-26,-1,0.5,aggr,0.5642805829621487,6631
2026-06-26,-1,0.5,depth,0.5275176197405809,6631
2026-06-26,-1,0.5,qdepl,0.5871660225041078,6631
2026-06-26,-1,0.5,drift,0.44137240827105295,6631
2026-06-26,-1,1.0,obi,0.4876942102572705,6631
2026-06-26,-1,1.0,ofi,0.42762715150152747,6631
2026-06-26,-1,1.0,aggr,0.5538628607856712,6631
2026-06-26,-1,1.0,depth,0.5207610796953547,6631
2026-06-26,-1,1.0,qdepl,0.5900880994124909,6631
2026-06-26,-1,1.0,drift,0.46098069385631557,6631
2026-06-26,-1,2.0,obi,0.5253234365895119,6631
2026-06-26,-1,2.0,ofi,0.478639177856135,6631
2026-06-26,-1,2.0,aggr,0.5670273920229429,6631
2026-06-26,-1,2.0,depth,0.5555357817471096,6631
2026-06-26,-1,2.0,qdepl,0.6126912654735964,6631
2026-06-26,-1,2.0,drift,0.49261292145531066,6631
2026-06-27,1,0.5,obi,0.4191231289786087,1860
2026-06-27,1,0.5,ofi,0.37115580375064516,1860
2026-06-27,1,0.5,aggr,0.5601235877731261,1860
2026-06-27,1,0.5,depth,0.3965149538338017,1860
2026-06-27,1,0.5,qdepl,0.41949231519183344,1860
2026-06-27,1,0.5,drift,0.4045026380684751,1860
2026-06-27,1,1.0,obi,0.4226823708206687,1860
2026-06-27,1,1.0,ofi,0.42218773298159085,1860
2026-06-27,1,1.0,aggr,0.5513921546137523,1860
2026-06-27,1,1.0,depth,0.40330009462636923,1860
2026-06-27,1,1.0,qdepl,0.43634584504215174,1860
2026-06-27,1,1.0,drift,0.4395860813213282,1860
2026-06-27,1,2.0,obi,0.4309621781269714,1860
2026-06-27,1,2.0,ofi,0.4077482508459024,1860
2026-06-27,1,2.0,aggr,0.5407233899179905,1860
2026-06-27,1,2.0,depth,0.40991497964099327,1860
2026-06-27,1,2.0,qdepl,0.465027671044331,1860
2026-06-27,1,2.0,drift,0.42077012960945115,1860
2026-06-27,-1,0.5,obi,0.5395565558676364,1823
2026-06-27,-1,0.5,ofi,0.4428972675359461,1823
2026-06-27,-1,0.5,aggr,0.5341176689421699,1823
2026-06-27,-1,0.5,depth,0.5197968787782965,1823
2026-06-27,-1,0.5,qdepl,0.4352969624820967,1823
2026-06-27,-1,0.5,drift,0.47275720317702424,1823
2026-06-27,-1,1.0,obi,0.49354550696601623,1823
2026-06-27,-1,1.0,ofi,0.4570841316195755,1823
2026-06-27,-1,1.0,aggr,0.5096575584531537,1823
2026-06-27,-1,1.0,depth,0.49138594892208104,1823
2026-06-27,-1,1.0,qdepl,0.4419300236230725,1823
2026-06-27,-1,1.0,drift,0.46801212775059986,1823
2026-06-27,-1,2.0,obi,0.5046985733152285,1823
2026-06-27,-1,2.0,ofi,0.47649597291717044,1823
2026-06-27,-1,2.0,aggr,0.466274808876323,1823
2026-06-27,-1,2.0,depth,0.5094938710217444,1823
2026-06-27,-1,2.0,qdepl,0.48293744536001937,1823
2026-06-27,-1,2.0,drift,0.49338925987239823,1823
2026-06-28,1,0.5,obi,0.697605420536727,1830
2026-06-28,1,0.5,ofi,0.452109341970234,1830
2026-06-28,1,0.5,aggr,0.4933537708526953,1830
2026-06-28,1,0.5,depth,0.6986986912413558,1830
2026-06-28,1,0.5,qdepl,0.5445680090739606,1830
2026-06-28,1,0.5,drift,0.48280287044090286,1830
2026-06-28,1,1.0,obi,0.6728233762508824,1830
2026-06-28,1,1.0,ofi,0.47835156382410077,1830
2026-06-28,1,1.0,aggr,0.4961344406346557,1830
2026-06-28,1,1.0,depth,0.6420553489247022,1830
2026-06-28,1,1.0,qdepl,0.5438435077041129,1830
2026-06-28,1,1.0,drift,0.5049327554705441,1830
2026-06-28,1,2.0,obi,0.6781966062046372,1830
2026-06-28,1,2.0,ofi,0.48656133770144955,1830
2026-06-28,1,2.0,aggr,0.5170052950061554,1830
2026-06-28,1,2.0,depth,0.6547965156885277,1830
2026-06-28,1,2.0,qdepl,0.531070678926695,1830
2026-06-28,1,2.0,drift,0.5556962756159658,1830
2026-06-28,-1,0.5,obi,0.5586540360551855,2844
2026-06-28,-1,0.5,ofi,0.5015888165756411,2844
2026-06-28,-1,0.5,aggr,0.587371079158031,2844
2026-06-28,-1,0.5,depth,0.5587062921747229,2844
2026-06-28,-1,0.5,qdepl,0.5616395511199331,2844
2026-06-28,-1,0.5,drift,0.5193612765247836,2844
2026-06-28,-1,1.0,obi,0.5514419230866767,2844
2026-06-28,-1,1.0,ofi,0.45340098963868736,2844
2026-06-28,-1,1.0,aggr,0.5799030648982582,2844
2026-06-28,-1,1.0,depth,0.547850083340826,2844
2026-06-28,-1,1.0,qdepl,0.6157622899861137,2844
2026-06-28,-1,1.0,drift,0.5415624426047216,2844
2026-06-28,-1,2.0,obi,0.5535460003704037,2844
2026-06-28,-1,2.0,ofi,0.5456591686819854,2844
2026-06-28,-1,2.0,aggr,0.6145565568750225,2844
2026-06-28,-1,2.0,depth,0.5526299813338067,2844
2026-06-28,-1,2.0,qdepl,0.6286073052518169,2844
2026-06-28,-1,2.0,drift,0.5649216965102902,2844
2026-06-29,1,0.5,obi,0.4992142195593778,6657
2026-06-29,1,0.5,ofi,0.4140431315530938,6657
2026-06-29,1,0.5,aggr,0.5517693704866156,6657
2026-06-29,1,0.5,depth,0.5435321801426277,6657
2026-06-29,1,0.5,qdepl,0.5736039666579263,6657
2026-06-29,1,0.5,drift,0.41634111029960374,6657
2026-06-29,1,1.0,obi,0.47772778067244576,6657
2026-06-29,1,1.0,ofi,0.4209619663135672,6657
2026-06-29,1,1.0,aggr,0.5459736418911847,6657
2026-06-29,1,1.0,depth,0.5271624576443805,6657
2026-06-29,1,1.0,qdepl,0.6037356784270211,6657
2026-06-29,1,1.0,drift,0.4352430264447613,6657
2026-06-29,1,2.0,obi,0.5210777936703177,6657
2026-06-29,1,2.0,ofi,0.44280612801834784,6657
2026-06-29,1,2.0,aggr,0.5714521436360506,6657
2026-06-29,1,2.0,depth,0.5609428577537652,6657
2026-06-29,1,2.0,qdepl,0.5775490458661703,6657
2026-06-29,1,2.0,drift,0.4749637635085026,6657
2026-06-29,-1,0.5,obi,0.48744937337321464,7837
2026-06-29,-1,0.5,ofi,0.4547474944583853,7837
2026-06-29,-1,0.5,aggr,0.5321848648110261,7837
2026-06-29,-1,0.5,depth,0.5209955291035137,7837
2026-06-29,-1,0.5,qdepl,0.5808437483166805,7837
2026-06-29,-1,0.5,drift,0.4905553201025694,7837
2026-06-29,-1,1.0,obi,0.49544342572915046,7837
2026-06-29,-1,1.0,ofi,0.45694909845221,7837
2026-06-29,-1,1.0,aggr,0.5589997753880147,7837
2026-06-29,-1,1.0,depth,0.5231749768019522,7837
2026-06-29,-1,1.0,qdepl,0.5561995448812351,7837
2026-06-29,-1,1.0,drift,0.49736360411781866,7837
2026-06-29,-1,2.0,obi,0.5518218471235945,7837
2026-06-29,-1,2.0,ofi,0.4831204601191765,7837
2026-06-29,-1,2.0,aggr,0.5200772624575803,7837
2026-06-29,-1,2.0,depth,0.5584495268411322,7837
2026-06-29,-1,2.0,qdepl,0.559136676901249,7837
2026-06-29,-1,2.0,drift,0.5287636482271406,7837
2026-06-30,1,0.5,obi,0.431210442153746,5864
2026-06-30,1,0.5,ofi,0.42199615704956783,5864
2026-06-30,1,0.5,aggr,0.5507079181389405,5864
2026-06-30,1,0.5,depth,0.48466827065231477,5864
2026-06-30,1,0.5,qdepl,0.5782102929500051,5864
2026-06-30,1,0.5,drift,0.4355144521360396,5864
2026-06-30,1,1.0,obi,0.45490566816106665,5864
2026-06-30,1,1.0,ofi,0.45426051191240124,5864
2026-06-30,1,1.0,aggr,0.5532058540932802,5864
2026-06-30,1,1.0,depth,0.5266623086816404,5864
2026-06-30,1,1.0,qdepl,0.5702132632130271,5864
2026-06-30,1,1.0,drift,0.4709987727492543,5864
2026-06-30,1,2.0,obi,0.4808762057833987,5864
2026-06-30,1,2.0,ofi,0.5019757228612298,5864
2026-06-30,1,2.0,aggr,0.5445138729492891,5864
2026-06-30,1,2.0,depth,0.5086562703826213,5864
2026-06-30,1,2.0,qdepl,0.5717458273383779,5864
2026-06-30,1,2.0,drift,0.502695026644953,5864
2026-06-30,-1,0.5,obi,0.504657043305127,6130
2026-06-30,-1,0.5,ofi,0.41645528455284553,6130
2026-06-30,-1,0.5,aggr,0.5389203583872574,6130
2026-06-30,-1,0.5,depth,0.5573101045296167,6130
2026-06-30,-1,0.5,qdepl,0.6034849842375974,6130
2026-06-30,-1,0.5,drift,0.4368878380620541,6130
2026-06-30,-1,1.0,obi,0.5121279243404679,6130
2026-06-30,-1,1.0,ofi,0.43520341795254686,6130
2026-06-30,-1,1.0,aggr,0.533084287373486,6130
2026-06-30,-1,1.0,depth,0.562087605774017,6130
2026-06-30,-1,1.0,qdepl,0.6041247718599635,6130
2026-06-30,-1,1.0,drift,0.4812176870748299,6130
2026-06-30,-1,2.0,obi,0.5369331342293014,6130
2026-06-30,-1,2.0,ofi,0.474731043636967,6130
2026-06-30,-1,2.0,aggr,0.5690608926497428,6130
2026-06-30,-1,2.0,depth,0.5991969470715115,6130
2026-06-30,-1,2.0,qdepl,0.6044773519163763,6130
2026-06-30,-1,2.0,drift,0.506731043636967,6130
2026-07-01,1,0.5,obi,0.5366552531225002,6296
2026-07-01,1,0.5,ofi,0.4500013559560093,6296
2026-07-01,1,0.5,aggr,0.554345384411961,6296
2026-07-01,1,0.5,depth,0.5713366888933722,6296
2026-07-01,1,0.5,qdepl,0.5820796226774159,6296
2026-07-01,1,0.5,drift,0.4538074382573661,6296
2026-07-01,1,1.0,obi,0.5366709289145156,6296
2026-07-01,1,1.0,ofi,0.4435396377293114,6296
2026-07-01,1,1.0,aggr,0.5768065997592512,6296
2026-07-01,1,1.0,depth,0.5821580016374932,6296
2026-07-01,1,1.0,qdepl,0.5686413932142318,6296
2026-07-01,1,1.0,drift,0.4698354653194264,6296
2026-07-01,1,2.0,obi,0.5232363048834952,6296
2026-07-01,1,2.0,ofi,0.47924485947671386,6296
2026-07-01,1,2.0,aggr,0.5562857339476363,6296
2026-07-01,1,2.0,depth,0.5796986266281857,6296
2026-07-01,1,2.0,qdepl,0.5926599984982591,6296
2026-07-01,1,2.0,drift,0.5120372055518012,6296
2026-07-01,-1,0.5,obi,0.5393310426686039,7393
2026-07-01,-1,0.5,ofi,0.44197401885899834,7393
2026-07-01,-1,0.5,aggr,0.4583619437769627,7393
2026-07-01,-1,0.5,depth,0.5886097165068026,7393
2026-07-01,-1,0.5,qdepl,0.593279764064734,7393
2026-07-01,-1,0.5,drift,0.44213041880659065,7393
2026-07-01,-1,1.0,obi,0.5383425675612332,7393
2026-07-01,-1,1.0,ofi,0.45961943136728994,7393
2026-07-01,-1,1.0,aggr,0.4646435510287984,7393
2026-07-01,-1,1.0,depth,0.5866084145458353,7393
2026-07-01,-1,1.0,qdepl,0.5941987280842859,7393
2026-07-01,-1,1.0,drift,0.4536593128966162,7393
2026-07-01,-1,2.0,obi,0.5652964064825492,7393
2026-07-01,-1,2.0,ofi,0.47742158680551505,7393
2026-07-01,-1,2.0,aggr,0.47765149930157363,7393
2026-07-01,-1,2.0,depth,0.610833257305581,7393
2026-07-01,-1,2.0,qdepl,0.5743353631028286,7393
2026-07-01,-1,2.0,drift,0.4940276484924897,7393
2026-07-02,1,0.5,obi,0.502658360636034,9318
2026-07-02,1,0.5,ofi,0.45384072206942166,9318
2026-07-02,1,0.5,aggr,0.4724865191380328,9318
2026-07-02,1,0.5,depth,0.5373149928578191,9318
2026-07-02,1,0.5,qdepl,0.5642796640964496,9318
2026-07-02,1,0.5,drift,0.45582619876030633,9318
2026-07-02,1,1.0,obi,0.49644508377784313,9318
2026-07-02,1,1.0,ofi,0.4454948189625532,9318
2026-07-02,1,1.0,aggr,0.4615137052884056,9318
2026-07-02,1,1.0,depth,0.5349007193363361,9318
2026-07-02,1,1.0,qdepl,0.5573501204117571,9318
2026-07-02,1,1.0,drift,0.4714261365649974,9318
2026-07-02,1,2.0,obi,0.5022838373355449,9318
2026-07-02,1,2.0,ofi,0.45630057097910237,9318
2026-07-02,1,2.0,aggr,0.4999835022845562,9318
2026-07-02,1,2.0,depth,0.5222721674482894,9318
2026-07-02,1,2.0,qdepl,0.5537867576468348,9318
2026-07-02,1,2.0,drift,0.5097471306375372,9318
2026-07-02,-1,0.5,obi,0.5196464738438021,8751
2026-07-02,-1,0.5,ofi,0.4252094192994918,8751
2026-07-02,-1,0.5,aggr,0.48965958328571424,8751
2026-07-02,-1,0.5,depth,0.551280155506903,8751
2026-07-02,-1,0.5,qdepl,0.5748974484927403,8751
2026-07-02,-1,0.5,drift,0.4451105498808477,8751
2026-07-02,-1,1.0,obi,0.5182849895830396,8751
2026-07-02,-1,1.0,ofi,0.43796002671776324,8751
2026-07-02,-1,1.0,aggr,0.501959731955035,8751
2026-07-02,-1,1.0,depth,0.5636954866250596,8751
2026-07-02,-1,1.0,qdepl,0.5178730880161833,8751
2026-07-02,-1,1.0,drift,0.4569672501979622,8751
2026-07-02,-1,2.0,obi,0.5079467738072666,8751
2026-07-02,-1,2.0,ofi,0.4861278106188599,8751
2026-07-02,-1,2.0,aggr,0.506305851871621,8751
2026-07-02,-1,2.0,depth,0.5396031169854251,8751
2026-07-02,-1,2.0,qdepl,0.5428987371014814,8751
2026-07-02,-1,2.0,drift,0.5136224236180592,8751
2026-07-03,1,0.5,obi,0.5162101017954098,5380
2026-07-03,1,0.5,ofi,0.5003614694860496,5380
2026-07-03,1,0.5,aggr,0.5000106663127031,5380
2026-07-03,1,0.5,depth,0.5276965354307973,5380
2026-07-03,1,0.5,qdepl,0.44741195389825716,5380
2026-07-03,1,0.5,drift,0.4641356548114013,5380
2026-07-03,1,1.0,obi,0.5056754480228427,5380
2026-07-03,1,1.0,ofi,0.5242038028529262,5380
2026-07-03,1,1.0,aggr,0.51003786217788,5380
2026-07-03,1,1.0,depth,0.5149753952946262,5380
2026-07-03,1,1.0,qdepl,0.44597297134812924,5380
2026-07-03,1,1.0,drift,0.5043006788299982,5380
2026-07-03,1,2.0,obi,0.5216557392627401,5380
2026-07-03,1,2.0,ofi,0.5068821419852141,5380
2026-07-03,1,2.0,aggr,0.48149308553585507,5380
2026-07-03,1,2.0,depth,0.5234491881643146,5380
2026-07-03,1,2.0,qdepl,0.4705587143882525,5380
2026-07-03,1,2.0,drift,0.5123810032755277,5380
2026-07-03,-1,0.5,obi,0.5671559334918459,4552
2026-07-03,-1,0.5,ofi,0.5158731443412075,4552
2026-07-03,-1,0.5,aggr,0.46442039177317107,4552
2026-07-03,-1,0.5,depth,0.599922302437761,4552
2026-07-03,-1,0.5,qdepl,0.43879398515353063,4552
2026-07-03,-1,0.5,drift,0.49314301027694146,4552
2026-07-03,-1,1.0,obi,0.5850383631713555,4552
2026-07-03,-1,1.0,ofi,0.4996025194153978,4552
2026-07-03,-1,1.0,aggr,0.4595286227987189,4552
2026-07-03,-1,1.0,depth,0.6113140480310023,4552
2026-07-03,-1,1.0,qdepl,0.4268662702652149,4552
2026-07-03,-1,1.0,drift,0.49359654581578244,4552
2026-07-03,-1,2.0,obi,0.5498898085498494,4552
2026-07-03,-1,2.0,ofi,0.45732149644545644,4552
2026-07-03,-1,2.0,aggr,0.42422119584701734,4552
2026-07-03,-1,2.0,depth,0.5948656659508419,4552
2026-07-03,-1,2.0,qdepl,0.45340154651721876,4552
2026-07-03,-1,2.0,drift,0.48324616338310533,4552
2026-07-04,1,0.5,obi,0.46417299463983447,2052
2026-07-04,1,0.5,ofi,0.4714859178107956,2052
2026-07-04,1,0.5,aggr,0.5070043610118488,2052
2026-07-04,1,0.5,depth,0.4619072667857815,2052
2026-07-04,1,0.5,qdepl,0.5358402294526989,2052
2026-07-04,1,0.5,drift,0.4916085786157608,2052
2026-07-04,1,1.0,obi,0.44875517208952415,2052
2026-07-04,1,1.0,ofi,0.44658495157043443,2052
2026-07-04,1,1.0,aggr,0.4993520194658642,2052
2026-07-04,1,1.0,depth,0.46631088959939815,2052
2026-07-04,1,1.0,qdepl,0.5449457518337408,2052
2026-07-04,1,1.0,drift,0.4769342439345496,2052
2026-07-04,1,2.0,obi,0.5198140986458529,2052
2026-07-04,1,2.0,ofi,0.4819755618769983,2052
2026-07-04,1,2.0,aggr,0.49876428201993606,2052
2026-07-04,1,2.0,depth,0.513703098551815,2052
2026-07-04,1,2.0,qdepl,0.5599213019559902,2052
2026-07-04,1,2.0,drift,0.481421619334211,2052
2026-07-04,-1,0.5,obi,0.5465268764871296,1348
2026-07-04,-1,0.5,ofi,0.4724306456846204,1348
2026-07-04,-1,0.5,aggr,0.47036218364698246,1348
2026-07-04,-1,0.5,depth,0.540226854856154,1348
2026-07-04,-1,0.5,qdepl,0.5116367888816785,1348
2026-07-04,-1,0.5,drift,0.4628454196409258,1348
2026-07-04,-1,1.0,obi,0.5629393791910016,1348
2026-07-04,-1,1.0,ofi,0.4913983073761627,1348
2026-07-04,-1,1.0,aggr,0.4124080683538828,1348
2026-07-04,-1,1.0,depth,0.5560073274929699,1348
2026-07-04,-1,1.0,qdepl,0.5051001784555483,1348
2026-07-04,-1,1.0,drift,0.49326059917802295,1348
2026-07-04,-1,2.0,obi,0.5618341715336361,1348
2026-07-04,-1,2.0,ofi,0.5080304996755354,1348
2026-07-04,-1,2.0,aggr,0.42020535907419426,1348
2026-07-04,-1,2.0,depth,0.5574032013843825,1348
2026-07-04,-1,2.0,qdepl,0.4644711226476314,1348
2026-07-04,-1,2.0,drift,0.5083684836686134,1348
2026-07-05,1,0.5,obi,0.553682395015176,2427
2026-07-05,1,0.5,ofi,0.43825827069894063,2427
2026-07-05,1,0.5,aggr,0.4808397940462804,2427
2026-07-05,1,0.5,depth,0.5533230751020891,2427
2026-07-05,1,0.5,qdepl,0.50291788905892,2427
2026-07-05,1,0.5,drift,0.44510437186651897,2427
2026-07-05,1,1.0,obi,0.5475612746134141,2427
2026-07-05,1,1.0,ofi,0.46839887046728496,2427
2026-07-05,1,1.0,aggr,0.49455101920036526,2427
2026-07-05,1,1.0,depth,0.5557886437998292,2427
2026-07-05,1,1.0,qdepl,0.49952337270352304,2427
2026-07-05,1,1.0,drift,0.5111907016461079,2427
2026-07-05,1,2.0,obi,0.5588756245825548,2427
2026-07-05,1,2.0,ofi,0.4568118600935077,2427
2026-07-05,1,2.0,aggr,0.5112942703269389,2427
2026-07-05,1,2.0,depth,0.5499771726172863,2427
2026-07-05,1,2.0,qdepl,0.5248585970459676,2427
2026-07-05,1,2.0,drift,0.5256575554409489,2427
2026-07-05,-1,0.5,obi,0.5621167037783894,2389
2026-07-05,-1,0.5,ofi,0.4060898256953248,2389
2026-07-05,-1,0.5,aggr,0.4464726347571536,2389
2026-07-05,-1,0.5,depth,0.5623553573344369,2389
2026-07-05,-1,0.5,qdepl,0.44676055166192646,2389
2026-07-05,-1,0.5,drift,0.4243008436074784,2389
2026-07-05,-1,1.0,obi,0.5454437970875509,2389
2026-07-05,-1,1.0,ofi,0.45388731611086663,2389
2026-07-05,-1,1.0,aggr,0.46709646201576865,2389
2026-07-05,-1,1.0,depth,0.5597203155481697,2389
2026-07-05,-1,1.0,qdepl,0.44137004657028567,2389
2026-07-05,-1,1.0,drift,0.46663995498424665,2389
2026-07-05,-1,2.0,obi,0.49731131590067634,2389
2026-07-05,-1,2.0,ofi,0.4731700855430682,2389
2026-07-05,-1,2.0,aggr,0.5432389885468188,2389
2026-07-05,-1,2.0,depth,0.5410856328369777,2389
2026-07-05,-1,2.0,qdepl,0.44969774198704265,2389
2026-07-05,-1,2.0,drift,0.4951327811459312,2389
2026-07-06,1,0.5,obi,0.4869531521814396,10130
2026-07-06,1,0.5,ofi,0.46880969372795506,10130
2026-07-06,1,0.5,aggr,0.5241505765463079,10130
2026-07-06,1,0.5,depth,0.5253097302953742,10130
2026-07-06,1,0.5,qdepl,0.5435808555487244,10130
2026-07-06,1,0.5,drift,0.46460173521066755,10130
2026-07-06,1,1.0,obi,0.46542415257665953,10130
2026-07-06,1,1.0,ofi,0.45053747418774887,10130
2026-07-06,1,1.0,aggr,0.529181681954158,10130
2026-07-06,1,1.0,depth,0.5146500996500166,10130
2026-07-06,1,1.0,qdepl,0.5456726456676667,10130
2026-07-06,1,1.0,drift,0.4801714917725739,10130
2026-07-06,1,2.0,obi,0.4935008175842657,10130
2026-07-06,1,2.0,ofi,0.4719456158886561,10130
2026-07-06,1,2.0,aggr,0.5204222196405158,10130
2026-07-06,1,2.0,depth,0.5156254740009906,10130
2026-07-06,1,2.0,qdepl,0.5511515575744743,10130
2026-07-06,1,2.0,drift,0.5067129939086522,10130
2026-07-06,-1,0.5,obi,0.49251980857472594,9445
2026-07-06,-1,0.5,ofi,0.4398264246260884,9445
2026-07-06,-1,0.5,aggr,0.5012492410923344,9445
2026-07-06,-1,0.5,depth,0.5204555181439463,9445
2026-07-06,-1,0.5,qdepl,0.5939585071694906,9445
2026-07-06,-1,0.5,drift,0.4487758668901846,9445
2026-07-06,-1,1.0,obi,0.4965573093199879,9445
2026-07-06,-1,1.0,ofi,0.45600001007678226,9445
2026-07-06,-1,1.0,aggr,0.513183440263855,9445
2026-07-06,-1,1.0,depth,0.5260800421209499,9445
2026-07-06,-1,1.0,qdepl,0.5906261712509961,9445
2026-07-06,-1,1.0,drift,0.46830719014804195,9445
2026-07-06,-1,2.0,obi,0.5050424498449155,9445
2026-07-06,-1,2.0,ofi,0.48039813926616953,9445
2026-07-06,-1,2.0,aggr,0.4913886897635847,9445
2026-07-06,-1,2.0,depth,0.5363244908635775,9445
2026-07-06,-1,2.0,qdepl,0.5688765563380301,9445
2026-07-06,-1,2.0,drift,0.5000698376994258,9445
2026-07-07,1,0.5,obi,0.48363663072401336,8007
2026-07-07,1,0.5,ofi,0.43537686793539443,8007
2026-07-07,1,0.5,aggr,0.4915766346906546,8007
2026-07-07,1,0.5,depth,0.5143126391295522,8007
2026-07-07,1,0.5,qdepl,0.5827735355670953,8007
2026-07-07,1,0.5,drift,0.44559116397541615,8007
2026-07-07,1,1.0,obi,0.5050694493421337,8007
2026-07-07,1,1.0,ofi,0.4421277562409333,8007
2026-07-07,1,1.0,aggr,0.49318014357059275,8007
2026-07-07,1,1.0,depth,0.5441429113042652,8007
2026-07-07,1,1.0,qdepl,0.5855623610165668,8007
2026-07-07,1,1.0,drift,0.4504272127175662,8007
2026-07-07,1,2.0,obi,0.5040494419621548,8007
2026-07-07,1,2.0,ofi,0.4505854107870042,8007
2026-07-07,1,2.0,aggr,0.5307191621892586,8007
2026-07-07,1,2.0,depth,0.5618606080183042,8007
2026-07-07,1,2.0,qdepl,0.5695476314514907,8007
2026-07-07,1,2.0,drift,0.4933940616497097,8007
2026-07-07,-1,0.5,obi,0.49518173993140635,7309
2026-07-07,-1,0.5,ofi,0.49068939208363194,7309
2026-07-07,-1,0.5,aggr,0.5553049408339469,7309
2026-07-07,-1,0.5,depth,0.5042709006711733,7309
2026-07-07,-1,0.5,qdepl,0.567914327901385,7309
2026-07-07,-1,0.5,drift,0.45827188846829914,7309
2026-07-07,-1,1.0,obi,0.4975548394689292,7309
2026-07-07,-1,1.0,ofi,0.47252990472741174,7309
2026-07-07,-1,1.0,aggr,0.5499003663178493,7309
2026-07-07,-1,1.0,depth,0.5082520366004337,7309
2026-07-07,-1,1.0,qdepl,0.5948925133073024,7309
2026-07-07,-1,1.0,drift,0.45543881518624607,7309
2026-07-07,-1,2.0,obi,0.5117016057201456,7309
2026-07-07,-1,2.0,ofi,0.4842546729097691,7309
2026-07-07,-1,2.0,aggr,0.5673745723425695,7309
2026-07-07,-1,2.0,depth,0.5198311620279742,7309
2026-07-07,-1,2.0,qdepl,0.5978846822893965,7309
2026-07-07,-1,2.0,drift,0.4766687325711246,7309
2026-07-08,1,0.5,obi,0.5259927971188475,6248
2026-07-08,1,0.5,ofi,0.5079164465786314,6248
2026-07-08,1,0.5,aggr,0.5152372949179672,6248
2026-07-08,1,0.5,depth,0.493446818727491,6248
2026-07-08,1,0.5,qdepl,0.571299399759904,6248
2026-07-08,1,0.5,drift,0.4758626650660264,6248
2026-07-08,1,1.0,obi,0.4964294517807123,6248
2026-07-08,1,1.0,ofi,0.45937831132452983,6248
2026-07-08,1,1.0,aggr,0.508021768707483,6248
2026-07-08,1,1.0,depth,0.48633085234093637,6248
2026-07-08,1,1.0,qdepl,0.559356862745098,6248
2026-07-08,1,1.0,drift,0.46907867146858745,6248
2026-07-08,1,2.0,obi,0.5037341336534614,6248
2026-07-08,1,2.0,ofi,0.481721968787515,6248
2026-07-08,1,2.0,aggr,0.5291670268107243,6248
2026-07-08,1,2.0,depth,0.5066421768707483,6248
2026-07-08,1,2.0,qdepl,0.5590770708283314,6248
2026-07-08,1,2.0,drift,0.5073701480592236,6248
2026-07-08,-1,0.5,obi,0.5242820895934415,6180
2026-07-08,-1,0.5,ofi,0.44262474764774784,6180
2026-07-08,-1,0.5,aggr,0.5220762381084693,6180
2026-07-08,-1,0.5,depth,0.5345908189599339,6180
2026-07-08,-1,0.5,qdepl,0.5628446336667756,6180
2026-07-08,-1,0.5,drift,0.48409619302768636,6180
2026-07-08,-1,1.0,obi,0.524362293464822,6180
2026-07-08,-1,1.0,ofi,0.47375283388373446,6180
2026-07-08,-1,1.0,aggr,0.5256148459816146,6180
2026-07-08,-1,1.0,depth,0.5043936530151837,6180
2026-07-08,-1,1.0,qdepl,0.5567809923032052,6180
2026-07-08,-1,1.0,drift,0.503640292007431,6180
2026-07-08,-1,2.0,obi,0.5060751573980558,6180
2026-07-08,-1,2.0,ofi,0.48714328674811525,6180
2026-07-08,-1,2.0,aggr,0.5016791358367723,6180
2026-07-08,-1,2.0,depth,0.5374405882880459,6180
2026-07-08,-1,2.0,qdepl,0.5491655448742294,6180
2026-07-08,-1,2.0,drift,0.518615710582615,6180
2026-07-09,1,0.5,obi,0.5054311322110395,4844
2026-07-09,1,0.5,ofi,0.4197252100974512,4844
2026-07-09,1,0.5,aggr,0.5118373081979254,4844
2026-07-09,1,0.5,depth,0.4995691605149849,4844
2026-07-09,1,0.5,qdepl,0.5898474631298266,4844
2026-07-09,1,0.5,drift,0.4733153617295318,4844
2026-07-09,1,1.0,obi,0.5443748702691483,4844
2026-07-09,1,1.0,ofi,0.46067970982867545,4844
2026-07-09,1,1.0,aggr,0.5232826296377117,4844
2026-07-09,1,1.0,depth,0.5390557722910868,4844
2026-07-09,1,1.0,qdepl,0.6000529567989611,4844
2026-07-09,1,1.0,drift,0.4961197834891878,4844
2026-07-09,1,2.0,obi,0.5413584616449074,4844
2026-07-09,1,2.0,ofi,0.5108146299144708,4844
2026-07-09,1,2.0,aggr,0.527852082878721,4844
2026-07-09,1,2.0,depth,0.5238994832055096,4844
2026-07-09,1,2.0,qdepl,0.5980166481273518,4844
2026-07-09,1,2.0,drift,0.5294447785660683,4844
2026-07-09,-1,0.5,obi,0.4838157317831343,5164
2026-07-09,-1,0.5,ofi,0.4482784640393989,5164
2026-07-09,-1,0.5,aggr,0.549288160282219,5164
2026-07-09,-1,0.5,depth,0.4814632030432194,5164
2026-07-09,-1,0.5,qdepl,0.6088725882713824,5164
2026-07-09,-1,0.5,drift,0.45542814546731053,5164
2026-07-09,-1,1.0,obi,0.4942745135533448,5164
2026-07-09,-1,1.0,ofi,0.4532764452093268,5164
2026-07-09,-1,1.0,aggr,0.5304100486417362,5164
2026-07-09,-1,1.0,depth,0.4725466059166367,5164
2026-07-09,-1,1.0,qdepl,0.6086300474559811,5164
2026-07-09,-1,1.0,drift,0.47510558727333274,5164
2026-07-09,-1,2.0,obi,0.492373790313037,5164
2026-07-09,-1,2.0,ofi,0.48362287082557376,5164
2026-07-09,-1,2.0,aggr,0.5643624820525656,5164
2026-07-09,-1,2.0,depth,0.49725225861740485,5164
2026-07-09,-1,2.0,qdepl,0.6013643682467907,5164
2026-07-09,-1,2.0,drift,0.5104192956567853,5164
2026-07-10,1,0.5,obi,0.46372725379182367,6011
2026-07-10,1,0.5,ofi,0.42640600012738394,6011
2026-07-10,1,0.5,aggr,0.5166998610826601,6011
2026-07-10,1,0.5,depth,0.48876163884590157,6011
2026-07-10,1,0.5,qdepl,0.5369413397002346,6011
2026-07-10,1,0.5,drift,0.4755434904229663,6011
2026-07-10,1,1.0,obi,0.4954818297152281,6011
2026-07-10,1,1.0,ofi,0.46576505239094473,6011
2026-07-10,1,1.0,aggr,0.5394518359639262,6011
2026-07-10,1,1.0,depth,0.5062717650076344,6011
2026-07-10,1,1.0,qdepl,0.5353869114733328,6011
2026-07-10,1,1.0,drift,0.4782555631488619,6011
2026-07-10,1,2.0,obi,0.4800484058934003,6011
2026-07-10,1,2.0,ofi,0.4686855871968822,6011
2026-07-10,1,2.0,aggr,0.5229170575689294,6011
2026-07-10,1,2.0,depth,0.5056942338114822,6011
2026-07-10,1,2.0,qdepl,0.5319143222572432,6011
2026-07-10,1,2.0,drift,0.5077533778259006,6011
2026-07-10,-1,0.5,obi,0.5068851067983765,5767
2026-07-10,-1,0.5,ofi,0.49278017443672256,5767
2026-07-10,-1,0.5,aggr,0.5149298085551338,5767
2026-07-10,-1,0.5,depth,0.506765524154943,5767
2026-07-10,-1,0.5,qdepl,0.5138785325689055,5767
2026-07-10,-1,0.5,drift,0.44988379645795085,5767
2026-07-10,-1,1.0,obi,0.5001747746327104,5767
2026-07-10,-1,1.0,ofi,0.46297462294860386,5767
2026-07-10,-1,1.0,aggr,0.4924764307678445,5767
2026-07-10,-1,1.0,depth,0.5028615356889424,5767
2026-07-10,-1,1.0,qdepl,0.5320306897496837,5767
2026-07-10,-1,1.0,drift,0.46792538193232036,5767
2026-07-10,-1,2.0,obi,0.48597147287520226,5767
2026-07-10,-1,2.0,ofi,0.49105213953435983,5767
2026-07-10,-1,2.0,aggr,0.5120549441885088,5767
2026-07-10,-1,2.0,depth,0.4886537284629219,5767
2026-07-10,-1,2.0,qdepl,0.5086805360005707,5767
2026-07-10,-1,2.0,drift,0.4904114243663246,5767
2026-07-11,1,0.5,obi,0.5259619780778023,3981
2026-07-11,1,0.5,ofi,0.46822570875910985,3981
2026-07-11,1,0.5,aggr,0.5948906820890565,3981
2026-07-11,1,0.5,depth,0.5397163009710635,3981
2026-07-11,1,0.5,qdepl,0.5472507375783983,3981
2026-07-11,1,0.5,drift,0.4807944354350247,3981
2026-07-11,1,1.0,obi,0.5097235302162912,3981
2026-07-11,1,1.0,ofi,0.47842285223031983,3981
2026-07-11,1,1.0,aggr,0.6062148062757664,3981
2026-07-11,1,1.0,depth,0.5548359742873332,3981
2026-07-11,1,1.0,qdepl,0.5626439499032844,3981
2026-07-11,1,1.0,drift,0.47903714268967,3981
2026-07-11,1,2.0,obi,0.5204349270237002,3981
2026-07-11,1,2.0,ofi,0.48332154510462866,3981
2026-07-11,1,2.0,aggr,0.5995975068873215,3981
2026-07-11,1,2.0,depth,0.552014224028448,3981
2026-07-11,1,2.0,qdepl,0.6061413415134522,3981
2026-07-11,1,2.0,drift,0.5352404212500733,3981
2026-07-11,-1,0.5,obi,0.518463807857391,3864
2026-07-11,-1,0.5,ofi,0.5288511431561471,3864
2026-07-11,-1,0.5,aggr,0.5161652203402526,3864
2026-07-11,-1,0.5,depth,0.5389097521445231,3864
2026-07-11,-1,0.5,qdepl,0.43989905189506556,3864
2026-07-11,-1,0.5,drift,0.5242231760371003,3864
2026-07-11,-1,1.0,obi,0.5124381297553485,3864
2026-07-11,-1,1.0,ofi,0.44815424337814136,3864
2026-07-11,-1,1.0,aggr,0.4971827322981922,3864
2026-07-11,-1,1.0,depth,0.5394207343079999,3864
2026-07-11,-1,1.0,qdepl,0.48126280836296376,3864
2026-07-11,-1,1.0,drift,0.48599105781213914,3864
2026-07-11,-1,2.0,obi,0.5536508385641734,3864
2026-07-11,-1,2.0,ofi,0.5256662429287434,3864
2026-07-11,-1,2.0,aggr,0.49858335604596343,3864
2026-07-11,-1,2.0,depth,0.5807237388248658,3864
2026-07-11,-1,2.0,qdepl,0.49756846557632173,3864
2026-07-11,-1,2.0,drift,0.4975663850300535,3864
2026-07-12,1,0.5,obi,0.46843549892612674,4366
2026-07-12,1,0.5,ofi,0.442846548842393,4366
2026-07-12,1,0.5,aggr,0.506614361224023,4366
2026-07-12,1,0.5,depth,0.47744866109224804,4366
2026-07-12,1,0.5,qdepl,0.5209327803938112,4366
2026-07-12,1,0.5,drift,0.4607841314056794,4366
2026-07-12,1,1.0,obi,0.5011913256225872,4366
2026-07-12,1,1.0,ofi,0.4345938905859665,4366
2026-07-12,1,1.0,aggr,0.519494315469811,4366
2026-07-12,1,1.0,depth,0.4738219937991689,4366
2026-07-12,1,1.0,qdepl,0.5197611932896867,4366
2026-07-12,1,1.0,drift,0.45990160756366977,4366
2026-07-12,1,2.0,obi,0.499775046140826,4366
2026-07-12,1,2.0,ofi,0.5210032517985705,4366
2026-07-12,1,2.0,aggr,0.5317592762064721,4366
2026-07-12,1,2.0,depth,0.4672978424983679,4366
2026-07-12,1,2.0,qdepl,0.5234625733220709,4366
2026-07-12,1,2.0,drift,0.49964225974389515,4366
2026-07-12,-1,0.5,obi,0.40862062455159914,3728
2026-07-12,-1,0.5,ofi,0.5247764513803105,3728
2026-07-12,-1,0.5,aggr,0.4170487626383862,3728
2026-07-12,-1,0.5,depth,0.4296813049881056,3728
2026-07-12,-1,0.5,qdepl,0.4174650224852241,3728
2026-07-12,-1,0.5,drift,0.5214319878160832,3728
2026-07-12,-1,1.0,obi,0.3843674198902081,3728
2026-07-12,-1,1.0,ofi,0.49046198549653597,3728
2026-07-12,-1,1.0,aggr,0.4246277486186107,3728
2026-07-12,-1,1.0,depth,0.43336426063080896,3728
2026-07-12,-1,1.0,qdepl,0.40510309398841665,3728
2026-07-12,-1,1.0,drift,0.5137887198076754,3728
2026-07-12,-1,2.0,obi,0.3819265009179294,3728
2026-07-12,-1,2.0,ofi,0.45524532359483083,3728
2026-07-12,-1,2.0,aggr,0.426377748169086,3728
2026-07-12,-1,2.0,depth,0.44043078848425676,3728
2026-07-12,-1,2.0,qdepl,0.40582368203861235,3728
2026-07-12,-1,2.0,drift,0.49035724624781757,3728
2026-07-13,1,0.5,obi,0.5483244778401534,6513
2026-07-13,1,0.5,ofi,0.46296852236754693,6513
2026-07-13,1,0.5,aggr,0.46918479870017954,6513
2026-07-13,1,0.5,depth,0.559742098184759,6513
2026-07-13,1,0.5,qdepl,0.5361667965406864,6513
2026-07-13,1,0.5,drift,0.48457435447211,6513
2026-07-13,1,1.0,obi,0.5657598072070507,6513
2026-07-13,1,1.0,ofi,0.480025130254558,6513
2026-07-13,1,1.0,aggr,0.4576303318931802,6513
2026-07-13,1,1.0,depth,0.5537078909883143,6513
2026-07-13,1,1.0,qdepl,0.5218820292164987,6513
2026-07-13,1,1.0,drift,0.5003561837955522,6513
2026-07-13,1,2.0,obi,0.5594788639239434,6513
2026-07-13,1,2.0,ofi,0.5256542188924717,6513
2026-07-13,1,2.0,aggr,0.4815874484247926,6513
2026-07-13,1,2.0,depth,0.5621387525907289,6513
2026-07-13,1,2.0,qdepl,0.5262838010025587,6513
2026-07-13,1,2.0,drift,0.5132474446243204,6513
2026-07-13,-1,0.5,obi,0.48799634717096,6407
2026-07-13,-1,0.5,ofi,0.47162725923671095,6407
2026-07-13,-1,0.5,aggr,0.523209314714052,6407
2026-07-13,-1,0.5,depth,0.5002890300977892,6407
2026-07-13,-1,0.5,qdepl,0.5295192724782162,6407
2026-07-13,-1,0.5,drift,0.5020958106616947,6407
2026-07-13,-1,1.0,obi,0.5014551957688064,6407
2026-07-13,-1,1.0,ofi,0.506798219245843,6407
2026-07-13,-1,1.0,aggr,0.5162461093565693,6407
2026-07-13,-1,1.0,depth,0.4898760321144553,6407
2026-07-13,-1,1.0,qdepl,0.5323447357406491,6407
2026-07-13,-1,1.0,drift,0.5025817891252236,6407
2026-07-13,-1,2.0,obi,0.4925582740382786,6407
2026-07-13,-1,2.0,ofi,0.49845074388341387,6407
2026-07-13,-1,2.0,aggr,0.4995228492066512,6407
2026-07-13,-1,2.0,depth,0.5145801149119136,6407
2026-07-13,-1,2.0,qdepl,0.5245202237357787,6407
2026-07-13,-1,2.0,drift,0.5060918534302348,6407
2026-07-14,1,0.5,obi,0.5053550885083652,8317
2026-07-14,1,0.5,ofi,0.4496019725051741,8317
2026-07-14,1,0.5,aggr,0.46372199427094773,8317
2026-07-14,1,0.5,depth,0.5390296200961973,8317
2026-07-14,1,0.5,qdepl,0.5516076285712634,8317
2026-07-14,1,0.5,drift,0.44374817534599775,8317
2026-07-14,1,1.0,obi,0.5140899420735585,8317
2026-07-14,1,1.0,ofi,0.4284075323162483,8317
2026-07-14,1,1.0,aggr,0.48587401649342693,8317
2026-07-14,1,1.0,depth,0.5259681686399427,8317
2026-07-14,1,1.0,qdepl,0.5466367110268358,8317
2026-07-14,1,1.0,drift,0.4524884486755541,8317
2026-07-14,1,2.0,obi,0.5066506831793639,8317
2026-07-14,1,2.0,ofi,0.4706086178589185,8317
2026-07-14,1,2.0,aggr,0.48708515316976725,8317
2026-07-14,1,2.0,depth,0.5384151091468279,8317
2026-07-14,1,2.0,qdepl,0.5323733364936581,8317
2026-07-14,1,2.0,drift,0.510959395848027,8317
2026-07-14,-1,0.5,obi,0.5045204650864114,7761
2026-07-14,-1,0.5,ofi,0.45180393952136616,7761
2026-07-14,-1,0.5,aggr,0.48853762514267246,7761
2026-07-14,-1,0.5,depth,0.5027623050487935,7761
2026-07-14,-1,0.5,qdepl,0.5255269301438221,7761
2026-07-14,-1,0.5,drift,0.46180592813242494,7761
2026-07-14,-1,1.0,obi,0.4970396624332728,7761
2026-07-14,-1,1.0,ofi,0.43508665994129453,7761
2026-07-14,-1,1.0,aggr,0.4850234801107822,7761
2026-07-14,-1,1.0,depth,0.5025442828467795,7761
2026-07-14,-1,1.0,qdepl,0.5095689478383176,7761
2026-07-14,-1,1.0,drift,0.4697206001462458,7761
2026-07-14,-1,2.0,obi,0.5223836817890871,7761
2026-07-14,-1,2.0,ofi,0.49914458652426,7761
2026-07-14,-1,2.0,aggr,0.5156746052296328,7761
2026-07-14,-1,2.0,depth,0.5181781836938036,7761
2026-07-14,-1,2.0,qdepl,0.49293556278728695,7761
2026-07-14,-1,2.0,drift,0.5103303165827376,7761
2026-07-15,1,0.5,obi,0.5036243946442928,7236
2026-07-15,1,0.5,ofi,0.4304643473589154,7236
2026-07-15,1,0.5,aggr,0.49741056833899155,7236
2026-07-15,1,0.5,depth,0.5257606001546967,7236
2026-07-15,1,0.5,qdepl,0.615081525363023,7236
2026-07-15,1,0.5,drift,0.4562707897534378,7236
2026-07-15,1,1.0,obi,0.5243404432861242,7236
2026-07-15,1,1.0,ofi,0.4307508315901375,7236
2026-07-15,1,1.0,aggr,0.5182024650503526,7236
2026-07-15,1,1.0,depth,0.5289410990325739,7236
2026-07-15,1,1.0,qdepl,0.6015023395021509,7236
2026-07-15,1,1.0,drift,0.4664456237211801,7236
2026-07-15,1,2.0,obi,0.5158811807246361,7236
2026-07-15,1,2.0,ofi,0.4535703841508255,7236
2026-07-15,1,2.0,aggr,0.5223857778082599,7236
2026-07-15,1,2.0,depth,0.5502975101829308,7236
2026-07-15,1,2.0,qdepl,0.5908520560185027,7236
2026-07-15,1,2.0,drift,0.5013976524962945,7236
2026-07-15,-1,0.5,obi,0.5097637540436235,8489
2026-07-15,-1,0.5,ofi,0.4992798616751645,8489
2026-07-15,-1,0.5,aggr,0.521878971319173,8489
2026-07-15,-1,0.5,depth,0.5172960679094603,8489
2026-07-15,-1,0.5,qdepl,0.5597443370191858,8489
2026-07-15,-1,0.5,drift,0.4783896930028814,8489
2026-07-15,-1,1.0,obi,0.5053596711090806,8489
2026-07-15,-1,1.0,ofi,0.4888924907368045,8489
2026-07-15,-1,1.0,aggr,0.5089598424020984,8489
2026-07-15,-1,1.0,depth,0.5251257510329874,8489
2026-07-15,-1,1.0,qdepl,0.5633870020235678,8489
2026-07-15,-1,1.0,drift,0.4793921109817799,8489
2026-07-15,-1,2.0,obi,0.49319597631383183,8489
2026-07-15,-1,2.0,ofi,0.4932111526393191,8489
2026-07-15,-1,2.0,aggr,0.5230626379853194,8489
2026-07-15,-1,2.0,depth,0.516308912977909,8489
2026-07-15,-1,2.0,qdepl,0.5486490555382401,8489
2026-07-15,-1,2.0,drift,0.5147486132740988,8489
2026-07-16,1,0.5,obi,0.46852836690258004,6284
2026-07-16,1,0.5,ofi,0.4758694217554009,6284
2026-07-16,1,0.5,aggr,0.47244081419747963,6284
2026-07-16,1,0.5,depth,0.4507359943728538,6284
2026-07-16,1,0.5,qdepl,0.5241222007516034,6284
2026-07-16,1,0.5,drift,0.469521494987335,6284
2026-07-16,1,1.0,obi,0.4285539735792839,6284
2026-07-16,1,1.0,ofi,0.4494347958381247,6284
2026-07-16,1,1.0,aggr,0.469267483077069,6284
2026-07-16,1,1.0,depth,0.42496050328184337,6284
2026-07-16,1,1.0,qdepl,0.5167308809408083,6284
2026-07-16,1,1.0,drift,0.4748216028673155,6284
2026-07-16,1,2.0,obi,0.4977103363247306,6284
2026-07-16,1,2.0,ofi,0.4831915086995523,6284
2026-07-16,1,2.0,aggr,0.4728279176002434,6284
2026-07-16,1,2.0,depth,0.4952187434550836,6284
2026-07-16,1,2.0,qdepl,0.5267358205003576,6284
2026-07-16,1,2.0,drift,0.5148222351309378,6284
2026-07-16,-1,0.5,obi,0.49382338394738196,6238
2026-07-16,-1,0.5,ofi,0.44658355171882225,6238
2026-07-16,-1,0.5,aggr,0.5208256256101947,6238
2026-07-16,-1,0.5,depth,0.5208986884024459,6238
2026-07-16,-1,0.5,qdepl,0.5879019256461642,6238
2026-07-16,-1,0.5,drift,0.4507250077077231,6238
2026-07-16,-1,1.0,obi,0.5250749897230358,6238
2026-07-16,-1,1.0,ofi,0.4761331958789374,6238
2026-07-16,-1,1.0,aggr,0.5213251824161143,6238
2026-07-16,-1,1.0,depth,0.5441878950208109,6238
2026-07-16,-1,1.0,qdepl,0.5794685524895946,6238
2026-07-16,-1,1.0,drift,0.45147169338677356,6238
2026-07-16,-1,2.0,obi,0.49149934484353325,6238
2026-07-16,-1,2.0,ofi,0.4619699334566569,6238
2026-07-16,-1,2.0,aggr,0.526058366733467,6238
2026-07-16,-1,2.0,depth,0.520206117362931,6238
2026-07-16,-1,2.0,qdepl,0.5680058835619958,6238
2026-07-16,-1,2.0,drift,0.48116939006217563,6238
2026-07-17,1,0.5,obi,0.5216725738800095,10906
2026-07-17,1,0.5,ofi,0.4757687870144478,10906
2026-07-17,1,0.5,aggr,0.5167360559778189,10906
2026-07-17,1,0.5,depth,0.5410704407406056,10906
2026-07-17,1,0.5,qdepl,0.57148430635643,10906
2026-07-17,1,0.5,drift,0.47035724905457327,10906
2026-07-17,1,1.0,obi,0.5190125978611568,10906
2026-07-17,1,1.0,ofi,0.47882158118717166,10906
2026-07-17,1,1.0,aggr,0.5095395099676099,10906
2026-07-17,1,1.0,depth,0.5451943236230238,10906
2026-07-17,1,1.0,qdepl,0.5454838651502932,10906
2026-07-17,1,1.0,drift,0.4773555249115805,10906
2026-07-17,1,2.0,obi,0.5334742613676635,10906
2026-07-17,1,2.0,ofi,0.5127109411992168,10906
2026-07-17,1,2.0,aggr,0.5175908928678524,10906
2026-07-17,1,2.0,depth,0.5672269502296831,10906
2026-07-17,1,2.0,qdepl,0.5570420924075218,10906
2026-07-17,1,2.0,drift,0.49496303640411965,10906
2026-07-17,-1,0.5,obi,0.5337179329038216,10888
2026-07-17,-1,0.5,ofi,0.48255654341136023,10888
2026-07-17,-1,0.5,aggr,0.5040608042643321,10888
2026-07-17,-1,0.5,depth,0.572233608393717,10888
2026-07-17,-1,0.5,qdepl,0.5838498754373924,10888
2026-07-17,-1,0.5,drift,0.4374801137352019,10888
2026-07-17,-1,1.0,obi,0.528763366890911,10888
2026-07-17,-1,1.0,ofi,0.46934842633621465,10888
2026-07-17,-1,1.0,aggr,0.508632352119462,10888
2026-07-17,-1,1.0,depth,0.551920731160894,10888
2026-07-17,-1,1.0,qdepl,0.5855360303799924,10888
2026-07-17,-1,1.0,drift,0.4428155893556165,10888
2026-07-17,-1,2.0,obi,0.521149655410171,10888
2026-07-17,-1,2.0,ofi,0.4713681012188475,10888
2026-07-17,-1,2.0,aggr,0.49427212317307295,10888
2026-07-17,-1,2.0,depth,0.5651718626616863,10888
2026-07-17,-1,2.0,qdepl,0.5679772888049686,10888
2026-07-17,-1,2.0,drift,0.5031262947816544,10888
2026-07-18,1,0.5,obi,0.4703156178859504,1489
2026-07-18,1,0.5,ofi,0.5413844467552907,1489
2026-07-18,1,0.5,aggr,0.5048846294370591,1489
2026-07-18,1,0.5,depth,0.4516427306708637,1489
2026-07-18,1,0.5,qdepl,0.4690537084398977,1489
2026-07-18,1,0.5,drift,0.5243753688766476,1489
2026-07-18,1,1.0,obi,0.46714538658272675,1489
2026-07-18,1,1.0,ofi,0.47414631404401225,1489
2026-07-18,1,1.0,aggr,0.5339366515837104,1489
2026-07-18,1,1.0,depth,0.44881256850566315,1489
2026-07-18,1,1.0,qdepl,0.4923020713302043,1489
2026-07-18,1,1.0,drift,0.5234226131924342,1489
2026-07-18,1,2.0,obi,0.4993254827014418,1489
2026-07-18,1,2.0,ofi,0.4922402405778365,1489
2026-07-18,1,2.0,aggr,0.5436862370366207,1489
2026-07-18,1,2.0,depth,0.4653803996514994,1489
2026-07-18,1,2.0,qdepl,0.4938534611168882,1489
2026-07-18,1,2.0,drift,0.531429695624069,1489
2026-07-18,-1,0.5,obi,0.5399729207563566,1795
2026-07-18,-1,0.5,ofi,0.518429791823465,1795
2026-07-18,-1,0.5,aggr,0.47794671053142046,1795
2026-07-18,-1,0.5,depth,0.533728788572404,1795
2026-07-18,-1,0.5,qdepl,0.4387787959435448,1795
2026-07-18,-1,0.5,drift,0.4923844476687797,1795
2026-07-18,-1,1.0,obi,0.535511440786462,1795
2026-07-18,-1,1.0,ofi,0.5648834971795688,1795
2026-07-18,-1,1.0,aggr,0.5246099114687192,1795
2026-07-18,-1,1.0,depth,0.5314611928833575,1795
2026-07-18,-1,1.0,qdepl,0.43093241051823,1795
2026-07-18,-1,1.0,drift,0.5222608452758747,1795
2026-07-18,-1,2.0,obi,0.5249707094141107,1795
2026-07-18,-1,2.0,ofi,0.5162397870904167,1795
2026-07-18,-1,2.0,aggr,0.5007409936297825,1795
2026-07-18,-1,2.0,depth,0.5366733653525345,1795
2026-07-18,-1,2.0,qdepl,0.44340903624273553,1795
2026-07-18,-1,2.0,drift,0.4952378550756124,1795
2026-07-19,1,0.5,obi,0.5822129620505023,2825
2026-07-19,1,0.5,ofi,0.45904251075791064,2825
2026-07-19,1,0.5,aggr,0.6106222929248847,2825
2026-07-19,1,0.5,depth,0.5794552453710873,2825
2026-07-19,1,0.5,qdepl,0.5875078406437071,2825
2026-07-19,1,0.5,drift,0.4520973819680055,2825
2026-07-19,1,1.0,obi,0.5883587753422901,2825
2026-07-19,1,1.0,ofi,0.4437358536016906,2825
2026-07-19,1,1.0,aggr,0.5821496112135675,2825
2026-07-19,1,1.0,depth,0.5923185937052732,2825
2026-07-19,1,1.0,qdepl,0.6198386665352723,2825
2026-07-19,1,1.0,drift,0.4712481053407102,2825
2026-07-19,1,2.0,obi,0.564217413815488,2825
2026-07-19,1,2.0,ofi,0.42399698418731824,2825
2026-07-19,1,2.0,aggr,0.6172170368389027,2825
2026-07-19,1,2.0,depth,0.5869627106024273,2825
2026-07-19,1,2.0,qdepl,0.6366563584687556,2825
2026-07-19,1,2.0,drift,0.5284875417841786,2825
2026-07-19,-1,0.5,obi,0.5345584774679374,3553
2026-07-19,-1,0.5,ofi,0.4440723418441385,3553
2026-07-19,-1,0.5,aggr,0.554088716319567,3553
2026-07-19,-1,0.5,depth,0.5348678275875594,3553
2026-07-19,-1,0.5,qdepl,0.5126642350080401,3553
2026-07-19,-1,0.5,drift,0.49956024238145663,3553
2026-07-19,-1,1.0,obi,0.569329725065694,3553
2026-07-19,-1,1.0,ofi,0.4410612032788171,3553
2026-07-19,-1,1.0,aggr,0.5617092206926305,3553
2026-07-19,-1,1.0,depth,0.563253029768208,3553
2026-07-19,-1,1.0,qdepl,0.5538906538024081,3553
2026-07-19,-1,1.0,drift,0.538610915009609,3553
2026-07-19,-1,2.0,obi,0.5777292426559988,3553
2026-07-19,-1,2.0,ofi,0.49177354198533163,3553
2026-07-19,-1,2.0,aggr,0.5730389849786249,3553
2026-07-19,-1,2.0,depth,0.5746107385182571,3553
2026-07-19,-1,2.0,qdepl,0.5490057653841628,3553
2026-07-19,-1,2.0,drift,0.5315086088559439,3553
2026-07-20,1,0.5,obi,0.5098981911768524,8564
2026-07-20,1,0.5,ofi,0.4941032442011283,8564
2026-07-20,1,0.5,aggr,0.5247628667886652,8564
2026-07-20,1,0.5,depth,0.5074947418426728,8564
2026-07-20,1,0.5,qdepl,0.5336901345858411,8564
2026-07-20,1,0.5,drift,0.4756770263327157,8564
2026-07-20,1,1.0,obi,0.4888533024122608,8564
2026-07-20,1,1.0,ofi,0.5003204911274315,8564
2026-07-20,1,1.0,aggr,0.539628904562263,8564
2026-07-20,1,1.0,depth,0.4916026557046697,8564
2026-07-20,1,1.0,qdepl,0.5423181524659172,8564
2026-07-20,1,1.0,drift,0.5067623244780047,8564
2026-07-20,1,2.0,obi,0.5109314760257397,8564
2026-07-20,1,2.0,ofi,0.5139158022260277,8564
2026-07-20,1,2.0,aggr,0.5235112955137627,8564
2026-07-20,1,2.0,depth,0.5155839396017464,8564
2026-07-20,1,2.0,qdepl,0.5394305397523504,8564
2026-07-20,1,2.0,drift,0.5136245550094138,8564
2026-07-20,-1,0.5,obi,0.49967578857093026,9023
2026-07-20,-1,0.5,ofi,0.47079583752677945,9023
2026-07-20,-1,0.5,aggr,0.5071915014460396,9023
2026-07-20,-1,0.5,depth,0.5182708580744738,9023
2026-07-20,-1,0.5,qdepl,0.5365343598981344,9023
2026-07-20,-1,0.5,drift,0.46230687734355974,9023
2026-07-20,-1,1.0,obi,0.5062394033590174,9023
2026-07-20,-1,1.0,ofi,0.48757866399144345,9023
2026-07-20,-1,1.0,aggr,0.5112313091842945,9023
2026-07-20,-1,1.0,depth,0.5223931937515393,9023
2026-07-20,-1,1.0,qdepl,0.5369995661344572,9023
2026-07-20,-1,1.0,drift,0.4810347424998042,9023
2026-07-20,-1,2.0,obi,0.5040011874214855,9023
2026-07-20,-1,2.0,ofi,0.48382184202665934,9023
2026-07-20,-1,2.0,aggr,0.5223639986311244,9023
2026-07-20,-1,2.0,depth,0.5237995403262773,9023
2026-07-20,-1,2.0,qdepl,0.5219951899314995,9023
2026-07-20,-1,2.0,drift,0.49214758539496095,9023
2026-07-21,1,0.5,obi,0.4787030894116763,7936
2026-07-21,1,0.5,ofi,0.45407883865193815,7936
2026-07-21,1,0.5,aggr,0.5132214611978544,7936
2026-07-21,1,0.5,depth,0.5067359365529301,7936
2026-07-21,1,0.5,qdepl,0.5202980392514592,7936
2026-07-21,1,0.5,drift,0.47018343279575997,7936
2026-07-21,1,1.0,obi,0.49279467125839443,7936
2026-07-21,1,1.0,ofi,0.452870555337363,7936
2026-07-21,1,1.0,aggr,0.5105157632585694,7936
2026-07-21,1,1.0,depth,0.5186096551811666,7936
2026-07-21,1,1.0,qdepl,0.5088490937825564,7936
2026-07-21,1,1.0,drift,0.4807980024159717,7936
2026-07-21,1,2.0,obi,0.48832305129116066,7936
2026-07-21,1,2.0,ofi,0.49183843588290105,7936
2026-07-21,1,2.0,aggr,0.5280908023026989,7936
2026-07-21,1,2.0,depth,0.5117873064414113,7936
2026-07-21,1,2.0,qdepl,0.49538892077772356,7936
2026-07-21,1,2.0,drift,0.509128607213033,7936
2026-07-21,-1,0.5,obi,0.4690046138455183,9103
2026-07-21,-1,0.5,ofi,0.4596820547486743,9103
2026-07-21,-1,0.5,aggr,0.47989490911443755,9103
2026-07-21,-1,0.5,depth,0.49754308314559564,9103
2026-07-21,-1,0.5,qdepl,0.5146400722384835,9103
2026-07-21,-1,0.5,drift,0.45003567732853955,9103
2026-07-21,-1,1.0,obi,0.4506737366749212,9103
2026-07-21,-1,1.0,ofi,0.4671599654975875,9103
2026-07-21,-1,1.0,aggr,0.4626839727727159,9103
2026-07-21,-1,1.0,depth,0.47818170355586304,9103
2026-07-21,-1,1.0,qdepl,0.5199088693491855,9103
2026-07-21,-1,1.0,drift,0.4632727127936593,9103
2026-07-21,-1,2.0,obi,0.4627145145568176,9103
2026-07-21,-1,2.0,ofi,0.46797848531151337,9103
2026-07-21,-1,2.0,aggr,0.4841995662010892,9103
2026-07-21,-1,2.0,depth,0.5053756556491517,9103
2026-07-21,-1,2.0,qdepl,0.49764028897203294,9103
2026-07-21,-1,2.0,drift,0.4928148379075877,9103
2026-07-22,1,0.5,obi,0.4542234652047217,11902
2026-07-22,1,0.5,ofi,0.4807608181811768,11902
2026-07-22,1,0.5,aggr,0.5240092447558369,11902
2026-07-22,1,0.5,depth,0.47183603920157485,11902
2026-07-22,1,0.5,qdepl,0.5198663029443515,11902
2026-07-22,1,0.5,drift,0.49233431407827616,11902
2026-07-22,1,1.0,obi,0.4639259608125366,11902
2026-07-22,1,1.0,ofi,0.49909316371384826,11902
2026-07-22,1,1.0,aggr,0.5267198756076737,11902
2026-07-22,1,1.0,depth,0.47835371554163225,11902
2026-07-22,1,1.0,qdepl,0.5089817539106323,11902
2026-07-22,1,1.0,drift,0.48625052035927724,11902
2026-07-22,1,2.0,obi,0.4695494129641781,11902
2026-07-22,1,2.0,ofi,0.48377731445222927,11902
2026-07-22,1,2.0,aggr,0.49673289340925286,11902
2026-07-22,1,2.0,depth,0.48716586760648845,11902
2026-07-22,1,2.0,qdepl,0.5008824058590691,11902
2026-07-22,1,2.0,drift,0.49128870061878654,11902
2026-07-22,-1,0.5,obi,0.4877332841648992,12613
2026-07-22,-1,0.5,ofi,0.47923438217358544,12613
2026-07-22,-1,0.5,aggr,0.5194247889756584,12613
2026-07-22,-1,0.5,depth,0.5007145671140885,12613
2026-07-22,-1,0.5,qdepl,0.5453617266911677,12613
2026-07-22,-1,0.5,drift,0.48603350376663645,12613
2026-07-22,-1,1.0,obi,0.4843392964188598,12613
2026-07-22,-1,1.0,ofi,0.48459255624130243,12613
2026-07-22,-1,1.0,aggr,0.5100382413305117,12613
2026-07-22,-1,1.0,depth,0.5065022977844141,12613
2026-07-22,-1,1.0,qdepl,0.5490630563974656,12613
2026-07-22,-1,1.0,drift,0.48849537919545716,12613
2026-07-22,-1,2.0,obi,0.49793706864294884,12613
2026-07-22,-1,2.0,ofi,0.49345931881153365,12613
2026-07-22,-1,2.0,aggr,0.48853607816273953,12613
2026-07-22,-1,2.0,depth,0.5239761266215909,12613
2026-07-22,-1,2.0,qdepl,0.5469571105099019,12613
2026-07-22,-1,2.0,drift,0.4934787459945662,12613
2026-07-23,1,0.5,obi,0.4966105259108577,15249
2026-07-23,1,0.5,ofi,0.4867171051988269,15249
2026-07-23,1,0.5,aggr,0.5414870349808856,15249
2026-07-23,1,0.5,depth,0.5187328254987396,15249
2026-07-23,1,0.5,qdepl,0.548478795733347,15249
2026-07-23,1,0.5,drift,0.4905857165100113,15249
2026-07-23,1,1.0,obi,0.5018344003332792,15249
2026-07-23,1,1.0,ofi,0.49034741048305824,15249
2026-07-23,1,1.0,aggr,0.5664567840038872,15249
2026-07-23,1,1.0,depth,0.512985301050008,15249
2026-07-23,1,1.0,qdepl,0.5597125165922351,15249
2026-07-23,1,1.0,drift,0.5007848168839404,15249
2026-07-23,1,2.0,obi,0.5131190812342291,15249
2026-07-23,1,2.0,ofi,0.508198495623024,15249
2026-07-23,1,2.0,aggr,0.5609594392450457,15249
2026-07-23,1,2.0,depth,0.529072932335917,15249
2026-07-23,1,2.0,qdepl,0.5676672797631629,15249
2026-07-23,1,2.0,drift,0.5058323324892108,15249
2026-07-23,-1,0.5,obi,0.49043221191073305,16440
2026-07-23,-1,0.5,ofi,0.4768120702208559,16440
2026-07-23,-1,0.5,aggr,0.5406960833034775,16440
2026-07-23,-1,0.5,depth,0.5193817883435228,16440
2026-07-23,-1,0.5,qdepl,0.544235695216522,16440
2026-07-23,-1,0.5,drift,0.4870675742831717,16440
2026-07-23,-1,1.0,obi,0.5133089093577727,16440
2026-07-23,-1,1.0,ofi,0.4808684919158182,16440
2026-07-23,-1,1.0,aggr,0.5358591884614051,16440
2026-07-23,-1,1.0,depth,0.5482742265420042,16440
2026-07-23,-1,1.0,qdepl,0.5410596923503647,16440
2026-07-23,-1,1.0,drift,0.49434017127601787,16440
2026-07-23,-1,2.0,obi,0.5137022894587816,16440
2026-07-23,-1,2.0,ofi,0.4827492690142961,16440
2026-07-23,-1,2.0,aggr,0.5387455245183584,16440
2026-07-23,-1,2.0,depth,0.5491782449408855,16440
2026-07-23,-1,2.0,qdepl,0.5767129335351971,16440
2026-07-23,-1,2.0,drift,0.5071062674078611,16440
2026-07-24,1,0.5,obi,0.5069402718510384,15498
2026-07-24,1,0.5,ofi,0.4507029512400707,15498
2026-07-24,1,0.5,aggr,0.5896895980316144,15498
2026-07-24,1,0.5,depth,0.5253781126507315,15498
2026-07-24,1,0.5,qdepl,0.5168214148213376,15498
2026-07-24,1,0.5,drift,0.43276703006073375,15498
2026-07-24,1,1.0,obi,0.5221006404191864,15498
2026-07-24,1,1.0,ofi,0.4749909596516552,15498
2026-07-24,1,1.0,aggr,0.5922233903534708,15498
2026-07-24,1,1.0,depth,0.530481949643538,15498
2026-07-24,1,1.0,qdepl,0.5268152129409712,15498
2026-07-24,1,1.0,drift,0.4534873915239409,15498
2026-07-24,1,2.0,obi,0.5119748005893411,15498
2026-07-24,1,2.0,ofi,0.46586636032782,15498
2026-07-24,1,2.0,aggr,0.6084048277734054,15498
2026-07-24,1,2.0,depth,0.521310832968536,15498
2026-07-24,1,2.0,qdepl,0.546395275604261,15498
2026-07-24,1,2.0,drift,0.49347095192821566,15498
2026-07-24,-1,0.5,obi,0.5418251179480579,15718
2026-07-24,-1,0.5,ofi,0.43372076998823456,15718
2026-07-24,-1,0.5,aggr,0.5098929603920364,15718
2026-07-24,-1,0.5,depth,0.5418553208264074,15718
2026-07-24,-1,0.5,qdepl,0.5505376365301639,15718
2026-07-24,-1,0.5,drift,0.4577357261298102,15718
2026-07-24,-1,1.0,obi,0.5289035980785101,15718
2026-07-24,-1,1.0,ofi,0.4366109122544157,15718
2026-07-24,-1,1.0,aggr,0.5061562268925215,15718
2026-07-24,-1,1.0,depth,0.5364326393855248,15718
2026-07-24,-1,1.0,qdepl,0.5708219301025461,15718
2026-07-24,-1,1.0,drift,0.4692514209012417,15718
2026-07-24,-1,2.0,obi,0.5491049981564609,15718
2026-07-24,-1,2.0,ofi,0.459994719302442,15718
2026-07-24,-1,2.0,aggr,0.528552192395067,15718
2026-07-24,-1,2.0,depth,0.5477667121581712,15718
2026-07-24,-1,2.0,qdepl,0.5703189535254095,15718
2026-07-24,-1,2.0,drift,0.49562885428188785,15718
2026-07-25,1,0.5,obi,0.5051153338428402,1463
2026-07-25,1,0.5,ofi,0.4679068528682925,1463
2026-07-25,1,0.5,aggr,0.35408705620787884,1463
2026-07-25,1,0.5,depth,0.4860088237337595,1463
2026-07-25,1,0.5,qdepl,0.41599214896130066,1463
2026-07-25,1,0.5,drift,0.4934777322309456,1463
2026-07-25,1,1.0,obi,0.5589522684638366,1463
2026-07-25,1,1.0,ofi,0.45723905139072235,1463
2026-07-25,1,1.0,aggr,0.3817943907918201,1463
2026-07-25,1,1.0,depth,0.5527426526783853,1463
2026-07-25,1,1.0,qdepl,0.40749264688853376,1463
2026-07-25,1,1.0,drift,0.4436271104008893,1463
2026-07-25,1,2.0,obi,0.5697735010074342,1463
2026-07-25,1,2.0,ofi,0.46195778040251045,1463
2026-07-25,1,2.0,aggr,0.3514989925658306,1463
2026-07-25,1,2.0,depth,0.5403697399198685,1463
2026-07-25,1,2.0,qdepl,0.36338266286852405,1463
2026-07-25,1,2.0,drift,0.4712389124342852,1463
2026-07-25,-1,0.5,obi,0.5626880091636067,2150
2026-07-25,-1,0.5,ofi,0.39872929891985054,2150
2026-07-25,-1,0.5,aggr,0.3371332148630276,2150
2026-07-25,-1,0.5,depth,0.5949493111237194,2150
2026-07-25,-1,0.5,qdepl,0.3853906843801184,2150
2026-07-25,-1,0.5,drift,0.44702423645531136,2150
2026-07-25,-1,1.0,obi,0.5500131138064295,2150
2026-07-25,-1,1.0,ofi,0.39625774785094153,2150
2026-07-25,-1,1.0,aggr,0.32415589907186365,2150
2026-07-25,-1,1.0,depth,0.5820777086700994,2150
2026-07-25,-1,1.0,qdepl,0.36416772826052046,2150
2026-07-25,-1,1.0,drift,0.46660529048419386,2150
2026-07-25,-1,2.0,obi,0.6201050710286576,2150
2026-07-25,-1,2.0,ofi,0.42927242460899445,2150
2026-07-25,-1,2.0,aggr,0.32083195058503633,2150
2026-07-25,-1,2.0,depth,0.6011047712845107,2150
2026-07-25,-1,2.0,qdepl,0.3393866485392825,2150
2026-07-25,-1,2.0,drift,0.4654999839422778,2150
2026-07-26,1,0.5,obi,0.49021792966815253,3370
2026-07-26,1,0.5,ofi,0.5074431178143916,3370
2026-07-26,1,0.5,aggr,0.4905663892139717,3370
2026-07-26,1,0.5,depth,0.517207107698107,3370
2026-07-26,1,0.5,qdepl,0.5243384747553113,3370
2026-07-26,1,0.5,drift,0.49355733364891935,3370
2026-07-26,1,1.0,obi,0.50779869996099,3370
2026-07-26,1,1.0,ofi,0.5141695924119098,3370
2026-07-26,1,1.0,aggr,0.4901938224039764,3370
2026-07-26,1,1.0,depth,0.5035459594033671,3370
2026-07-26,1,1.0,qdepl,0.517267923750915,3370
2026-07-26,1,1.0,drift,0.4969865919779791,3370
2026-07-26,1,2.0,obi,0.5299768351106962,3370
2026-07-26,1,2.0,ofi,0.5197290562663546,3370
2026-07-26,1,2.0,aggr,0.501068938009266,3370
2026-07-26,1,2.0,depth,0.4897160602593942,3370
2026-07-26,1,2.0,qdepl,0.4835670642173686,3370
2026-07-26,1,2.0,drift,0.49136247682415285,3370
2026-07-26,-1,0.5,obi,0.45548222412548073,4313
2026-07-26,-1,0.5,ofi,0.4537750012595093,4313
2026-07-26,-1,0.5,aggr,0.5326787243689859,4313
2026-07-26,-1,0.5,depth,0.4709140678791543,4313
2026-07-26,-1,0.5,qdepl,0.5476131459183502,4313
2026-07-26,-1,0.5,drift,0.4653292357297597,4313
2026-07-26,-1,1.0,obi,0.46814952894352363,4313
2026-07-26,-1,1.0,ofi,0.48725410180193796,4313
2026-07-26,-1,1.0,aggr,0.5126417787629939,4313
2026-07-26,-1,1.0,depth,0.47116832082220766,4313
2026-07-26,-1,1.0,qdepl,0.5322017901825449,4313
2026-07-26,-1,1.0,drift,0.5025092783851411,4313
2026-07-26,-1,2.0,obi,0.48802324214486037,4313
2026-07-26,-1,2.0,ofi,0.4864315582649,4313
2026-07-26,-1,2.0,aggr,0.5427967823735873,4313
2026-07-26,-1,2.0,depth,0.4697600214956253,4313
2026-07-26,-1,2.0,qdepl,0.5359809898063714,4313
2026-07-26,-1,2.0,drift,0.4983112499370245,4313
2026-07-27,1,0.5,obi,0.44372471597403756,14176
2026-07-27,1,0.5,ofi,0.46447243357818047,14176
2026-07-27,1,0.5,aggr,0.540665504139871,14176
2026-07-27,1,0.5,depth,0.5064543222638583,14176
2026-07-27,1,0.5,qdepl,0.5822066307513394,14176
2026-07-27,1,0.5,drift,0.44096552675261164,14176
2026-07-27,1,1.0,obi,0.457625308129653,14176
2026-07-27,1,1.0,ofi,0.462182427664079,14176
2026-07-27,1,1.0,aggr,0.5574689136938782,14176
2026-07-27,1,1.0,depth,0.5288604731778107,14176
2026-07-27,1,1.0,qdepl,0.5768972337908893,14176
2026-07-27,1,1.0,drift,0.46410882816305027,14176
2026-07-27,1,2.0,obi,0.4906312433528482,14176
2026-07-27,1,2.0,ofi,0.45886745579333443,14176
2026-07-27,1,2.0,aggr,0.5736945490870416,14176
2026-07-27,1,2.0,depth,0.5554830926277495,14176
2026-07-27,1,2.0,qdepl,0.5679757621239079,14176
2026-07-27,1,2.0,drift,0.4894383591598994,14176
2026-07-27,-1,0.5,obi,0.4851073403552871,14875
2026-07-27,-1,0.5,ofi,0.46705926676550397,14875
2026-07-27,-1,0.5,aggr,0.5384495970083039,14875
2026-07-27,-1,0.5,depth,0.5299122200273638,14875
2026-07-27,-1,0.5,qdepl,0.5602540284069109,14875
2026-07-27,-1,0.5,drift,0.44780199510766044,14875
2026-07-27,-1,1.0,obi,0.4822465698273286,14875
2026-07-27,-1,1.0,ofi,0.46896210042849884,14875
2026-07-27,-1,1.0,aggr,0.5615711316175729,14875
2026-07-27,-1,1.0,depth,0.5264353486747368,14875
2026-07-27,-1,1.0,qdepl,0.574584384559364,14875
2026-07-27,-1,1.0,drift,0.4601470716328134,14875
2026-07-27,-1,2.0,obi,0.47833350541329306,14875
2026-07-27,-1,2.0,ofi,0.46552863951513984,14875
2026-07-27,-1,2.0,aggr,0.5332178205441795,14875
2026-07-27,-1,2.0,depth,0.5310501493313465,14875
2026-07-27,-1,2.0,qdepl,0.586741367997858,14875
2026-07-27,-1,2.0,drift,0.4760681183742277,14875
2026-07-28,1,0.5,obi,0.47846324432661935,16746
2026-07-28,1,0.5,ofi,0.4572039255991444,16746
2026-07-28,1,0.5,aggr,0.5335279965417493,16746
2026-07-28,1,0.5,depth,0.5001270249600595,16746
2026-07-28,1,0.5,qdepl,0.5693606619713241,16746
2026-07-28,1,0.5,drift,0.4537132449502734,16746
2026-07-28,1,1.0,obi,0.49313532882425537,16746
2026-07-28,1,1.0,ofi,0.4632395823941401,16746
2026-07-28,1,1.0,aggr,0.5408500511218111,16746
2026-07-28,1,1.0,depth,0.5182007189483554,16746
2026-07-28,1,1.0,qdepl,0.5723738018269855,16746
2026-07-28,1,1.0,drift,0.46507129880048165,16746
2026-07-28,1,2.0,obi,0.5178929456890005,16746
2026-07-28,1,2.0,ofi,0.48606291403944984,16746
2026-07-28,1,2.0,aggr,0.530603905570941,16746
2026-07-28,1,2.0,depth,0.5472739770915841,16746
2026-07-28,1,2.0,qdepl,0.5781677481421347,16746
2026-07-28,1,2.0,drift,0.4871492747972857,16746
2026-07-28,-1,0.5,obi,0.4834882156435765,15431
2026-07-28,-1,0.5,ofi,0.4522471524219161,15431
2026-07-28,-1,0.5,aggr,0.5284377659404336,15431
2026-07-28,-1,0.5,depth,0.5251062975219005,15431
2026-07-28,-1,0.5,qdepl,0.5590614409901282,15431
2026-07-28,-1,0.5,drift,0.44656410858732964,15431
2026-07-28,-1,1.0,obi,0.48350821934544114,15431
2026-07-28,-1,1.0,ofi,0.442182511363833,15431
2026-07-28,-1,1.0,aggr,0.5313117184988887,15431
2026-07-28,-1,1.0,depth,0.5191439883763549,15431
2026-07-28,-1,1.0,qdepl,0.5595081553755427,15431
2026-07-28,-1,1.0,drift,0.4666144508000694,15431
2026-07-28,-1,2.0,obi,0.490841004914671,15431
2026-07-28,-1,2.0,ofi,0.45930353035188165,15431
2026-07-28,-1,2.0,aggr,0.5173244118046485,15431
2026-07-28,-1,2.0,depth,0.5290838356980349,15431
2026-07-28,-1,2.0,qdepl,0.5347952727293701,15431
2026-07-28,-1,2.0,drift,0.5094779794111308,15431
2026-07-29,1,0.5,obi,0.4816374781336517,14775
2026-07-29,1,0.5,ofi,0.46368018873056366,14775
2026-07-29,1,0.5,aggr,0.5125300832281172,14775
2026-07-29,1,0.5,depth,0.5102161010762108,14775
2026-07-29,1,0.5,qdepl,0.541354353657943,14775
2026-07-29,1,0.5,drift,0.48926211274017195,14775
2026-07-29,1,1.0,obi,0.501931968815939,14775
2026-07-29,1,1.0,ofi,0.4630874281738772,14775
2026-07-29,1,1.0,aggr,0.5063887528952333,14775
2026-07-29,1,1.0,depth,0.5321779884963682,14775
2026-07-29,1,1.0,qdepl,0.5387828424678125,14775
2026-07-29,1,1.0,drift,0.4879330395870374,14775
2026-07-29,1,2.0,obi,0.500050360597914,14775
2026-07-29,1,2.0,ofi,0.4991941159124029,14775
2026-07-29,1,2.0,aggr,0.5070532894718006,14775
2026-07-29,1,2.0,depth,0.5496042441472625,14775
2026-07-29,1,2.0,qdepl,0.5368611232789645,14775
2026-07-29,1,2.0,drift,0.5020482934943499,14775
2026-07-29,-1,0.5,obi,0.47735007449823347,14182
2026-07-29,-1,0.5,ofi,0.47317164603537143,14182
2026-07-29,-1,0.5,aggr,0.511153929364539,14182
2026-07-29,-1,0.5,depth,0.5133279033668432,14182
2026-07-29,-1,0.5,qdepl,0.5351169559072498,14182
2026-07-29,-1,0.5,drift,0.49561626315643525,14182
2026-07-29,-1,1.0,obi,0.47578806635216586,14182
2026-07-29,-1,1.0,ofi,0.47039738218849886,14182
2026-07-29,-1,1.0,aggr,0.5239168348742098,14182
2026-07-29,-1,1.0,depth,0.5075791134410551,14182
2026-07-29,-1,1.0,qdepl,0.5314018725776352,14182
2026-07-29,-1,1.0,drift,0.49996604330117245,14182
2026-07-29,-1,2.0,obi,0.4881603223225127,14182
2026-07-29,-1,2.0,ofi,0.46752427593433943,14182
2026-07-29,-1,2.0,aggr,0.519243324884683,14182
2026-07-29,-1,2.0,depth,0.5224966467953991,14182
2026-07-29,-1,2.0,qdepl,0.5370585586454236,14182
2026-07-29,-1,2.0,drift,0.5057467559397129,14182
2026-07-30,1,0.5,obi,0.47372644304669786,12575
2026-07-30,1,0.5,ofi,0.47360351676604656,12575
2026-07-30,1,0.5,aggr,0.4670258547306828,12575
2026-07-30,1,0.5,depth,0.4640220215005649,12575
2026-07-30,1,0.5,qdepl,0.5041002155712995,12575
2026-07-30,1,0.5,drift,0.5068927198806319,12575
2026-07-30,1,1.0,obi,0.45879346749520244,12575
2026-07-30,1,1.0,ofi,0.4705865692926201,12575
2026-07-30,1,1.0,aggr,0.48814689658937244,12575
2026-07-30,1,1.0,depth,0.4812694239916233,12575
2026-07-30,1,1.0,qdepl,0.4983751768546562,12575
2026-07-30,1,1.0,drift,0.4983797589396676,12575
2026-07-30,1,2.0,obi,0.47939321818237696,12575
2026-07-30,1,2.0,ofi,0.4931279785033852,12575
2026-07-30,1,2.0,aggr,0.4724345715786065,12575
2026-07-30,1,2.0,depth,0.4936115069742889,12575
2026-07-30,1,2.0,qdepl,0.5029907979882751,12575
2026-07-30,1,2.0,drift,0.5173623101229398,12575
2026-07-30,-1,0.5,obi,0.48729609829862264,12869
2026-07-30,-1,0.5,ofi,0.5119508280795285,12869
2026-07-30,-1,0.5,aggr,0.4745472797217264,12869
2026-07-30,-1,0.5,depth,0.49975457750817603,12869
2026-07-30,-1,0.5,qdepl,0.49980160457247763,12869
2026-07-30,-1,0.5,drift,0.5084982200934437,12869
2026-07-30,-1,1.0,obi,0.48999175142277596,12869
2026-07-30,-1,1.0,ofi,0.47170334815364134,12869
2026-07-30,-1,1.0,aggr,0.46642376886499354,12869
2026-07-30,-1,1.0,depth,0.49973366403006114,12869
2026-07-30,-1,1.0,qdepl,0.4901539721854509,12869
2026-07-30,-1,1.0,drift,0.5083164424025856,12869
2026-07-30,-1,2.0,obi,0.5040248836475819,12869
2026-07-30,-1,2.0,ofi,0.5088183281954005,12869
2026-07-30,-1,2.0,aggr,0.4796803892996849,12869
2026-07-30,-1,2.0,depth,0.5168546430370742,12869
2026-07-30,-1,2.0,qdepl,0.48292205377137837,12869
2026-07-30,-1,2.0,drift,0.522910696433894,12869
2026-07-31,1,0.5,obi,0.4806815408237982,13553
2026-07-31,1,0.5,ofi,0.43909769505528967,13553
2026-07-31,1,0.5,aggr,0.5187033056796565,13553
2026-07-31,1,0.5,depth,0.5432678480225975,13553
2026-07-31,1,0.5,qdepl,0.5619555418779195,13553
2026-07-31,1,0.5,drift,0.4526389289104865,13553
2026-07-31,1,1.0,obi,0.5016657714526874,13553
2026-07-31,1,1.0,ofi,0.45140508459772105,13553
2026-07-31,1,1.0,aggr,0.527161955365012,13553
2026-07-31,1,1.0,depth,0.5634941738984447,13553
2026-07-31,1,1.0,qdepl,0.5544085002880195,13553
2026-07-31,1,1.0,drift,0.48096439034703553,13553
2026-07-31,1,2.0,obi,0.5124108901556121,13553
2026-07-31,1,2.0,ofi,0.4805335516131674,13553
2026-07-31,1,2.0,aggr,0.5504332672398757,13553
2026-07-31,1,2.0,depth,0.5707633318177279,13553
2026-07-31,1,2.0,qdepl,0.5647527794489345,13553
2026-07-31,1,2.0,drift,0.5074085759322402,13553
2026-07-31,-1,0.5,obi,0.49339829038233074,13404
2026-07-31,-1,0.5,ofi,0.45860627302951773,13404
2026-07-31,-1,0.5,aggr,0.5039855630091638,13404
2026-07-31,-1,0.5,depth,0.5226134571769737,13404
2026-07-31,-1,0.5,qdepl,0.5622703001758108,13404
2026-07-31,-1,0.5,drift,0.4664233894603834,13404
2026-07-31,-1,1.0,obi,0.46206244980999633,13404
2026-07-31,-1,1.0,ofi,0.46644852465942066,13404
2026-07-31,-1,1.0,aggr,0.5083923926494944,13404
2026-07-31,-1,1.0,depth,0.5297518189384025,13404
2026-07-31,-1,1.0,qdepl,0.5501339970323778,13404
2026-07-31,-1,1.0,drift,0.4802324870326882,13404
2026-07-31,-1,2.0,obi,0.49106471486341663,13404
2026-07-31,-1,2.0,ofi,0.48267098375588224,13404
2026-07-31,-1,2.0,aggr,0.5467403279806252,13404
2026-07-31,-1,2.0,depth,0.5325139096209859,13404
2026-07-31,-1,2.0,qdepl,0.5512528784235453,13404
2026-07-31,-1,2.0,drift,0.5116158863218732,13404
2026-08-01,1,0.5,obi,0.5132122379432452,3471
2026-08-01,1,0.5,ofi,0.41342478690855433,3471
2026-08-01,1,0.5,aggr,0.4656919930934503,3471
2026-08-01,1,0.5,depth,0.5795157355465154,3471
2026-08-01,1,0.5,qdepl,0.4903877649499833,3471
2026-08-01,1,0.5,drift,0.5038702097693993,3471
2026-08-01,1,1.0,obi,0.5418376340830584,3471
2026-08-01,1,1.0,ofi,0.45725978195390055,3471
2026-08-01,1,1.0,aggr,0.4762496938860915,3471
2026-08-01,1,1.0,depth,0.5780846207339088,3471
2026-08-01,1,1.0,qdepl,0.48249080108330744,3471
2026-08-01,1,1.0,drift,0.5299025498642765,3471
2026-08-01,1,2.0,obi,0.5351671924420606,3471
2026-08-01,1,2.0,ofi,0.550625815657946,3471
2026-08-01,1,2.0,aggr,0.4963317995777953,3471
2026-08-01,1,2.0,depth,0.5749568340640457,3471
2026-08-01,1,2.0,qdepl,0.4809274243963227,3471
2026-08-01,1,2.0,drift,0.5674845548096308,3471
2026-08-01,-1,0.5,obi,0.5139882855274085,2911
2026-08-01,-1,0.5,ofi,0.4256020753871141,2911
2026-08-01,-1,0.5,aggr,0.5881282565719367,2911
2026-08-01,-1,0.5,depth,0.558182860418458,2911
2026-08-01,-1,0.5,qdepl,0.4580682143880768,2911
2026-08-01,-1,0.5,drift,0.44291436088512615,2911
2026-08-01,-1,1.0,obi,0.5356078811796783,2911
2026-08-01,-1,1.0,ofi,0.4467314857684591,2911
2026-08-01,-1,1.0,aggr,0.6047857368579639,2911
2026-08-01,-1,1.0,depth,0.5791557348737056,2911
2026-08-01,-1,1.0,qdepl,0.4652049297793064,2911
2026-08-01,-1,1.0,drift,0.494044285703787,2911
2026-08-01,-1,2.0,obi,0.516943360451529,2911
2026-08-01,-1,2.0,ofi,0.508412519934446,2911
2026-08-01,-1,2.0,aggr,0.6141117504832037,2911
2026-08-01,-1,2.0,depth,0.5830875057874199,2911
2026-08-01,-1,2.0,qdepl,0.5026309794151582,2911
2026-08-01,-1,2.0,drift,0.5414246974006217,2911
2026-08-02,1,0.5,obi,0.5412184458779223,5166
2026-08-02,1,0.5,ofi,0.5127941011969126,5166
2026-08-02,1,0.5,aggr,0.4978988776613595,5166
2026-08-02,1,0.5,depth,0.5452792330064506,5166
2026-08-02,1,0.5,qdepl,0.5233258137887319,5166
2026-08-02,1,0.5,drift,0.4900993698497334,5166
2026-08-02,1,1.0,obi,0.555593282747306,5166
2026-08-02,1,1.0,ofi,0.4863184682501212,5166
2026-08-02,1,1.0,aggr,0.49641951601476564,5166
2026-08-02,1,1.0,depth,0.5507324564674299,5166
2026-08-02,1,1.0,qdepl,0.5179348130057049,5166
2026-08-02,1,1.0,drift,0.48132201051493345,5166
2026-08-02,1,2.0,obi,0.539219396696372,5166
2026-08-02,1,2.0,ofi,0.4841963719750923,5166
2026-08-02,1,2.0,aggr,0.47077095529288937,5166
2026-08-02,1,2.0,depth,0.5370921734591148,5166
2026-08-02,1,2.0,qdepl,0.5166176498005146,5166
2026-08-02,1,2.0,drift,0.48863818561467615,5166
2026-08-02,-1,0.5,obi,0.4960790031813362,5742
2026-08-02,-1,0.5,ofi,0.47385471898197246,5742
2026-08-02,-1,0.5,aggr,0.47567432964702316,5742
2026-08-02,-1,0.5,depth,0.5168635434025147,5742
2026-08-02,-1,0.5,qdepl,0.4795385168913801,5742
2026-08-02,-1,0.5,drift,0.4453580896833813,5742
2026-08-02,-1,1.0,obi,0.5065910468110892,5742
2026-08-02,-1,1.0,ofi,0.45612198909256174,5742
2026-08-02,-1,1.0,aggr,0.454868769883351,5742
2026-08-02,-1,1.0,depth,0.5224342902590516,5742
2026-08-02,-1,1.0,qdepl,0.47218129828813815,5742
2026-08-02,-1,1.0,drift,0.4839645508256325,5742
2026-08-02,-1,2.0,obi,0.510760490834722,5742
2026-08-02,-1,2.0,ofi,0.4667300409028935,5742
2026-08-02,-1,2.0,aggr,0.44858279048628996,5742
2026-08-02,-1,2.0,depth,0.5278510831692168,5742
2026-08-02,-1,2.0,qdepl,0.4604944326617179,5742
2026-08-02,-1,2.0,drift,0.4869921224056961,5742
2026-08-03,1,0.5,obi,0.48687540992793493,11346
2026-08-03,1,0.5,ofi,0.4411198424211974,11346
2026-08-03,1,0.5,aggr,0.47870891229365437,11346
2026-08-03,1,0.5,depth,0.5186250105438558,11346
2026-08-03,1,0.5,qdepl,0.48049741157110687,11346
2026-08-03,1,0.5,drift,0.46815319991445864,11346
2026-08-03,1,1.0,obi,0.4750345932839788,11346
2026-08-03,1,1.0,ofi,0.45376685571160974,11346
2026-08-03,1,1.0,aggr,0.49237495930664477,11346
2026-08-03,1,1.0,depth,0.5070728160740677,11346
2026-08-03,1,1.0,qdepl,0.46773493005340333,11346
2026-08-03,1,1.0,drift,0.4690073550744293,11346
2026-08-03,1,2.0,obi,0.47154228433417006,11346
2026-08-03,1,2.0,ofi,0.48558599859182966,11346
2026-08-03,1,2.0,aggr,0.49589601432812613,11346
2026-08-03,1,2.0,depth,0.516693652001121,11346
2026-08-03,1,2.0,qdepl,0.4958637838841295,11346
2026-08-03,1,2.0,drift,0.4893913203220741,11346
2026-08-03,-1,0.5,obi,0.506192206151171,13154
2026-08-03,-1,0.5,ofi,0.4601548081336233,13154
2026-08-03,-1,0.5,aggr,0.5029837990757282,13154
2026-08-03,-1,0.5,depth,0.5476955096423598,13154
2026-08-03,-1,0.5,qdepl,0.573307070252405,13154
2026-08-03,-1,0.5,drift,0.41688158565843336,13154
2026-08-03,-1,1.0,obi,0.5002398142339961,13154
2026-08-03,-1,1.0,ofi,0.44810034583166597,13154
2026-08-03,-1,1.0,aggr,0.5115591399888456,13154
2026-08-03,-1,1.0,depth,0.5570067094890117,13154
2026-08-03,-1,1.0,qdepl,0.5559215405988577,13154
2026-08-03,-1,1.0,drift,0.4350534329374186,13154
2026-08-03,-1,2.0,obi,0.5042461693563461,13154
2026-08-03,-1,2.0,ofi,0.4920055119529128,13154
2026-08-03,-1,2.0,aggr,0.4987316158523801,13154
2026-08-03,-1,2.0,depth,0.5668292866871081,13154
2026-08-03,-1,2.0,qdepl,0.5329795951479182,13154
2026-08-03,-1,2.0,drift,0.48388408255099785,13154
2026-08-04,1,0.5,obi,0.46045244620936426,18428
2026-08-04,1,0.5,ofi,0.4650427946684051,18428
2026-08-04,1,0.5,aggr,0.535048760179887,18428
2026-08-04,1,0.5,depth,0.5344810281055533,18428
2026-08-04,1,0.5,qdepl,0.5551854715356253,18428
2026-08-04,1,0.5,drift,0.46707028828569797,18428
2026-08-04,1,1.0,obi,0.4751384695768852,18428
2026-08-04,1,1.0,ofi,0.47585257899057865,18428
2026-08-04,1,1.0,aggr,0.5457553773704976,18428
2026-08-04,1,1.0,depth,0.5387066110072078,18428
2026-08-04,1,1.0,qdepl,0.5663529178631367,18428
2026-08-04,1,1.0,drift,0.47985340624154155,18428
2026-08-04,1,2.0,obi,0.4715102843607094,18428
2026-08-04,1,2.0,ofi,0.47103574500029555,18428
2026-08-04,1,2.0,aggr,0.5371827150629828,18428
2026-08-04,1,2.0,depth,0.5436878388587558,18428
2026-08-04,1,2.0,qdepl,0.5832587092308561,18428
2026-08-04,1,2.0,drift,0.502996153113715,18428
2026-08-04,-1,0.5,obi,0.5032581690126973,20644
2026-08-04,-1,0.5,ofi,0.4568100051732742,20644
2026-08-04,-1,0.5,aggr,0.5202081169985442,20644
2026-08-04,-1,0.5,depth,0.5509787507645002,20644
2026-08-04,-1,0.5,qdepl,0.5596140118342752,20644
2026-08-04,-1,0.5,drift,0.45440468769933284,20644
2026-08-04,-1,1.0,obi,0.49129051675052715,20644
2026-08-04,-1,1.0,ofi,0.44526936495362346,20644
2026-08-04,-1,1.0,aggr,0.5198592551657699,20644
2026-08-04,-1,1.0,depth,0.55528360787332,20644
2026-08-04,-1,1.0,qdepl,0.5592973657106193,20644
2026-08-04,-1,1.0,drift,0.460986380523162,20644
2026-08-04,-1,2.0,obi,0.49567869792956465,20644
2026-08-04,-1,2.0,ofi,0.476420138224446,20644
2026-08-04,-1,2.0,aggr,0.5140236242279955,20644
2026-08-04,-1,2.0,depth,0.5446172621325709,20644
2026-08-04,-1,2.0,qdepl,0.5532584592179023,20644
2026-08-04,-1,2.0,drift,0.4974080278146739,20644
2026-08-05,1,0.5,obi,0.514411959378653,18932
2026-08-05,1,0.5,ofi,0.4726095257934009,18932
2026-08-05,1,0.5,aggr,0.5001671667901747,18932
2026-08-05,1,0.5,depth,0.5399399133730417,18932
2026-08-05,1,0.5,qdepl,0.5442828687616343,18932
2026-08-05,1,0.5,drift,0.4864916632632892,18932
2026-08-05,1,1.0,obi,0.5020629669883976,18932
2026-08-05,1,1.0,ofi,0.47299584900364045,18932
2026-08-05,1,1.0,aggr,0.5079331417193913,18932
2026-08-05,1,1.0,depth,0.5258585317030515,18932
2026-08-05,1,1.0,qdepl,0.5527513572683271,18932
2026-08-05,1,1.0,drift,0.49676478275802877,18932
2026-08-05,1,2.0,obi,0.5234150365268543,18932
2026-08-05,1,2.0,ofi,0.4993108106169761,18932
2026-08-05,1,2.0,aggr,0.4911252412058269,18932
2026-08-05,1,2.0,depth,0.5366465106200453,18932
2026-08-05,1,2.0,qdepl,0.5366174396503313,18932
2026-08-05,1,2.0,drift,0.5048846984863767,18932
2026-08-05,-1,0.5,obi,0.45871485339740764,18036
2026-08-05,-1,0.5,ofi,0.4325655561144862,18036
2026-08-05,-1,0.5,aggr,0.5369320136121107,18036
2026-08-05,-1,0.5,depth,0.5315498685898794,18036
2026-08-05,-1,0.5,qdepl,0.5330475800453164,18036
2026-08-05,-1,0.5,drift,0.45780866406978893,18036
2026-08-05,-1,1.0,obi,0.4638385697763479,18036
2026-08-05,-1,1.0,ofi,0.44951936955695226,18036
2026-08-05,-1,1.0,aggr,0.5440118912492959,18036
2026-08-05,-1,1.0,depth,0.5164669948387977,18036
2026-08-05,-1,1.0,qdepl,0.5422191481037203,18036
2026-08-05,-1,1.0,drift,0.47017905435078367,18036
2026-08-05,-1,2.0,obi,0.4997018780683603,18036
2026-08-05,-1,2.0,ofi,0.4911634640248288,18036
2026-08-05,-1,2.0,aggr,0.5589624028550914,18036
2026-08-05,-1,2.0,depth,0.5474353797872256,18036
2026-08-05,-1,2.0,qdepl,0.5507582339388825,18036
2026-08-05,-1,2.0,drift,0.498358294807043,18036
2026-08-06,1,0.5,obi,0.48799758273185345,10492
2026-08-06,1,0.5,ofi,0.4231147578192383,10492
2026-08-06,1,0.5,aggr,0.5638048141086749,10492
2026-08-06,1,0.5,depth,0.5536423578010804,10492
2026-08-06,1,0.5,qdepl,0.5857383449089836,10492
2026-08-06,1,0.5,drift,0.434102433156294,10492
2026-08-06,1,1.0,obi,0.5187347360297789,10492
2026-08-06,1,1.0,ofi,0.4659060216078805,10492
2026-08-06,1,1.0,aggr,0.5538268305415589,10492
2026-08-06,1,1.0,depth,0.559696479640474,10492
2026-08-06,1,1.0,qdepl,0.5938729629125244,10492
2026-08-06,1,1.0,drift,0.4607768736665305,10492
2026-08-06,1,2.0,obi,0.5136230083072314,10492
2026-08-06,1,2.0,ofi,0.46957516228607743,10492
2026-08-06,1,2.0,aggr,0.5359964705615325,10492
2026-08-06,1,2.0,depth,0.5793914272095874,10492
2026-08-06,1,2.0,qdepl,0.5762423396431976,10492
2026-08-06,1,2.0,drift,0.4806875595805529,10492
2026-08-06,-1,0.5,obi,0.4414125449665895,9763
2026-08-06,-1,0.5,ofi,0.4480581149597201,9763
2026-08-06,-1,0.5,aggr,0.53875057261745,9763
2026-08-06,-1,0.5,depth,0.505678519111447,9763
2026-08-06,-1,0.5,qdepl,0.5914110197323417,9763
2026-08-06,-1,0.5,drift,0.43857462735516134,9763
2026-08-06,-1,1.0,obi,0.4591973654425909,9763
2026-08-06,-1,1.0,ofi,0.43941579731587577,9763
2026-08-06,-1,1.0,aggr,0.5272258240879918,9763
2026-08-06,-1,1.0,depth,0.5181006683406276,9763
2026-08-06,-1,1.0,qdepl,0.5851211631685125,9763
2026-08-06,-1,1.0,drift,0.45703343117089157,9763
2026-08-06,-1,2.0,obi,0.47543809898992834,9763
2026-08-06,-1,2.0,ofi,0.4742755170053145,9763
2026-08-06,-1,2.0,aggr,0.535857471638171,9763
2026-08-06,-1,2.0,depth,0.5417021299994462,9763
2026-08-06,-1,2.0,qdepl,0.5736284249200496,9763
2026-08-06,-1,2.0,drift,0.518277477684121,9763
2026-08-07,1,0.5,obi,0.5014627409518613,7362
2026-08-07,1,0.5,ofi,0.42758285831219395,7362
2026-08-07,1,0.5,aggr,0.5517790709250192,7362
2026-08-07,1,0.5,depth,0.5585862605819716,7362
2026-08-07,1,0.5,qdepl,0.6335604048065011,7362
2026-08-07,1,0.5,drift,0.41480591115568405,7362
2026-08-07,1,1.0,obi,0.49019969323343754,7362
2026-08-07,1,1.0,ofi,0.4345984842339685,7362
2026-08-07,1,1.0,aggr,0.5751548120317386,7362
2026-08-07,1,1.0,depth,0.5616397539230724,7362
2026-08-07,1,1.0,qdepl,0.6341298310202937,7362
2026-08-07,1,1.0,drift,0.44585093154533656,7362
2026-08-07,1,2.0,obi,0.5366863957141171,7362
2026-08-07,1,2.0,ofi,0.4635048725001475,7362
2026-08-07,1,2.0,aggr,0.5772112910005309,7362
2026-08-07,1,2.0,depth,0.5963630003392131,7362
2026-08-07,1,2.0,qdepl,0.6261487615037461,7362
2026-08-07,1,2.0,drift,0.5005568670358681,7362
2026-08-07,-1,0.5,obi,0.4597025281211716,7486
2026-08-07,-1,0.5,ofi,0.4613901325314623,7486
2026-08-07,-1,0.5,aggr,0.5642297583249805,7486
2026-08-07,-1,0.5,depth,0.5414489364071723,7486
2026-08-07,-1,0.5,qdepl,0.6004883617329324,7486
2026-08-07,-1,0.5,drift,0.4136524111816461,7486
2026-08-07,-1,1.0,obi,0.480140550172625,7486
2026-08-07,-1,1.0,ofi,0.44602427887292573,7486
2026-08-07,-1,1.0,aggr,0.5770022274195344,7486
2026-08-07,-1,1.0,depth,0.5578271522441252,7486
2026-08-07,-1,1.0,qdepl,0.5953307718008687,7486
2026-08-07,-1,1.0,drift,0.4244540594721016,7486
2026-08-07,-1,2.0,obi,0.5112185098563314,7486
2026-08-07,-1,2.0,ofi,0.46874863570553515,7486
2026-08-07,-1,2.0,aggr,0.5624977168949772,7486
2026-08-07,-1,2.0,depth,0.5831033522663994,7486
2026-08-07,-1,2.0,qdepl,0.6094372424546163,7486
2026-08-07,-1,2.0,drift,0.4801621561421094,7486
2026-08-08,1,0.5,obi,0.4996495098884177,1469
2026-08-08,1,0.5,ofi,0.3651331287850059,1469
2026-08-08,1,0.5,aggr,0.3547275944886866,1469
2026-08-08,1,0.5,depth,0.5459687891428506,1469
2026-08-08,1,0.5,qdepl,0.3939250295905586,1469
2026-08-08,1,0.5,drift,0.3834419278105285,1469
2026-08-08,1,1.0,obi,0.48708357752726356,1469
2026-08-08,1,1.0,ofi,0.3758489330161685,1469
2026-08-08,1,1.0,aggr,0.37365406051412875,1469
2026-08-08,1,1.0,depth,0.5544667379138369,1469
2026-08-08,1,1.0,qdepl,0.39322979510692824,1469
2026-08-08,1,1.0,drift,0.4116908562301054,1469
2026-08-08,1,2.0,obi,0.5288033922846209,1469
2026-08-08,1,2.0,ofi,0.46624952597648844,1469
2026-08-08,1,2.0,aggr,0.3549459325909838,1469
2026-08-08,1,2.0,depth,0.5876828581606739,1469
2026-08-08,1,2.0,qdepl,0.3900954941910573,1469
2026-08-08,1,2.0,drift,0.44412268303053287,1469
2026-08-08,-1,0.5,obi,0.4556984765737281,1246
2026-08-08,-1,0.5,ofi,0.44073169173772797,1246
2026-08-08,-1,0.5,aggr,0.4753161828111526,1246
2026-08-08,-1,0.5,depth,0.502754622975951,1246
2026-08-08,-1,0.5,qdepl,0.4436020887228131,1246
2026-08-08,-1,0.5,drift,0.4540696560314267,1246
2026-08-08,-1,1.0,obi,0.4685374149659864,1246
2026-08-08,-1,1.0,ofi,0.47520040880201847,1246
2026-08-08,-1,1.0,aggr,0.5124596787071636,1246
2026-08-08,-1,1.0,depth,0.4792045926351761,1246
2026-08-08,-1,1.0,qdepl,0.44101913065695764,1246
2026-08-08,-1,1.0,drift,0.4919038037750311,1246
2026-08-08,-1,2.0,obi,0.46164686531889754,1246
2026-08-08,-1,2.0,ofi,0.5717758934559739,1246
2026-08-08,-1,2.0,aggr,0.5190068985340616,1246
2026-08-08,-1,2.0,depth,0.4508359681900929,1246
2026-08-08,-1,2.0,qdepl,0.41992430775126954,1246
2026-08-08,-1,2.0,drift,0.53981428252052,1246
2026-08-09,1,0.5,obi,0.3767629998982395,1557
2026-08-09,1,0.5,ofi,0.4618729011905973,1557
2026-08-09,1,0.5,aggr,0.5572860486414979,1557
2026-08-09,1,0.5,depth,0.38985193853668465,1557
2026-08-09,1,0.5,qdepl,0.4224839727281978,1557
2026-08-09,1,0.5,drift,0.523959499338557,1557
2026-08-09,1,1.0,obi,0.38453241070519995,1557
2026-08-09,1,1.0,ofi,0.4557672738373868,1557
2026-08-09,1,1.0,aggr,0.5265823750890404,1557
2026-08-09,1,1.0,depth,0.4109723211559988,1557
2026-08-09,1,1.0,qdepl,0.4381754350259489,1557
2026-08-09,1,1.0,drift,0.5116464841762491,1557
2026-08-09,1,2.0,obi,0.38599521725857333,1557
2026-08-09,1,2.0,ofi,0.4991630202503307,1557
2026-08-09,1,2.0,aggr,0.4737229062786201,1557
2026-08-09,1,2.0,depth,0.36559733387605575,1557
2026-08-09,1,2.0,qdepl,0.4524931311692276,1557
2026-08-09,1,2.0,drift,0.5676656151419558,1557
2026-08-09,-1,0.5,obi,0.3558827247755979,1463
2026-08-09,-1,0.5,ofi,0.46890264225539885,1463
2026-08-09,-1,0.5,aggr,0.497710007010769,1463
2026-08-09,-1,0.5,depth,0.4244043719615212,1463
2026-08-09,-1,0.5,qdepl,0.5257387166844809,1463
2026-08-09,-1,0.5,drift,0.4994741923249319,1463
2026-08-09,-1,1.0,obi,0.37126044432185173,1463
2026-08-09,-1,1.0,ofi,0.46388017331540415,1463
2026-08-09,-1,1.0,aggr,0.49651185509544987,1463
2026-08-09,-1,1.0,depth,0.39696468181452493,1463
2026-08-09,-1,1.0,qdepl,0.5075882954636877,1463
2026-08-09,-1,1.0,drift,0.5691106667126389,1463
2026-08-09,-1,2.0,obi,0.34926846648047905,1463
2026-08-09,-1,2.0,ofi,0.5872524681354803,1463
2026-08-09,-1,2.0,aggr,0.5241871530531325,1463
2026-08-09,-1,2.0,depth,0.41604604121412725,1463
2026-08-09,-1,2.0,qdepl,0.5037496121090922,1463
2026-08-09,-1,2.0,drift,0.5928582100702227,1463
2026-08-10,1,0.5,obi,0.4969422739419706,5055
2026-08-10,1,0.5,ofi,0.4635849737675435,5055
2026-08-10,1,0.5,aggr,0.5049778412551721,5055
2026-08-10,1,0.5,depth,0.5355089428718105,5055
2026-08-10,1,0.5,qdepl,0.525622376693289,5055
2026-08-10,1,0.5,drift,0.48481956241302454,5055
2026-08-10,1,1.0,obi,0.5280719767222056,5055
2026-08-10,1,1.0,ofi,0.490369628281133,5055
2026-08-10,1,1.0,aggr,0.5122494655085081,5055
2026-08-10,1,1.0,depth,0.5554176213919687,5055
2026-08-10,1,1.0,qdepl,0.5095868992557416,5055
2026-08-10,1,1.0,drift,0.4978166077508959,5055
2026-08-10,1,2.0,obi,0.5101791505089942,5055
2026-08-10,1,2.0,ofi,0.5193850551440868,5055
2026-08-10,1,2.0,aggr,0.456373185207835,5055
2026-08-10,1,2.0,depth,0.5480160682038986,5055
2026-08-10,1,2.0,qdepl,0.5256687798842655,5055
2026-08-10,1,2.0,drift,0.5021665405639599,5055
2026-08-10,-1,0.5,obi,0.45834658154986696,4267
2026-08-10,-1,0.5,ofi,0.46528488622944475,4267
2026-08-10,-1,0.5,aggr,0.524026623615946,4267
2026-08-10,-1,0.5,depth,0.4844330891558818,4267
2026-08-10,-1,0.5,qdepl,0.5329711356405401,4267
2026-08-10,-1,0.5,drift,0.4196641824978581,4267
2026-08-10,-1,1.0,obi,0.4393802638155821,4267
2026-08-10,-1,1.0,ofi,0.4513443435414688,4267
2026-08-10,-1,1.0,aggr,0.5124683666778123,4267
2026-08-10,-1,1.0,depth,0.4900339222721153,4267
2026-08-10,-1,1.0,qdepl,0.5569755364416555,4267
2026-08-10,-1,1.0,drift,0.45141648221730357,4267
2026-08-10,-1,2.0,obi,0.470233052368576,4267
2026-08-10,-1,2.0,ofi,0.482327391978316,4267
2026-08-10,-1,2.0,aggr,0.5246331355160924,4267
2026-08-10,-1,2.0,depth,0.49948955903781367,4267
2026-08-10,-1,2.0,qdepl,0.5365120847667049,4267
2026-08-10,-1,2.0,drift,0.48362178546983475,4267
