window,lo,hi,count
開場前 1 時間,0.03548133892335753,0.035892193464500496,1
開場前 1 時間,0.042169650342858224,0.04265795188015926,6
開場前 1 時間,0.0431519076827765,0.04365158322401665,19
開場前 1 時間,0.044157044735331295,0.04466835921509635,2
開場前 1 時間,0.04466835921509635,0.04518559443749226,6
開場前 1 時間,0.04518559443749226,0.04570881896148752,8
開場前 1 時間,0.04570881896148752,0.04623810213992603,3
開場前 1 時間,0.046773514128719815,0.04731512589614803,22
開場前 1 時間,0.04731512589614803,0.0478630092322638,2
開場前 1 時間,0.0478630092322638,0.04841723675840999,13
開場前 1 時間,0.04841723675840999,0.048977881936844665,13
開場前 1 時間,0.048977881936844665,0.04954501908047906,18
開場前 1 時間,0.04954501908047906,0.05011872336272725,101
開場前 1 時間,0.05011872336272725,0.050699070827470445,111
開場前 1 時間,0.050699070827470445,0.05128613839913648,65
開場前 1 時間,0.05128613839913648,0.0518800038928961,66
開場前 1 時間,0.0518800038928961,0.05248074602497723,109
開場前 1 時間,0.05248074602497723,0.0530884444230989,136
開場前 1 時間,0.0530884444230989,0.053703179637025325,177
開場前 1 時間,0.053703179637025325,0.05432503314924336,143
開場前 1 時間,0.05432503314924336,0.05495408738576248,205
開場前 1 時間,0.05495408738576248,0.05559042572704037,151
開場前 1 時間,0.05559042572704037,0.05623413251903491,183
開場前 1 時間,0.05623413251903491,0.05688529308438413,133
開場前 1 時間,0.05688529308438413,0.057543993733715666,135
開場前 1 時間,0.057543993733715666,0.058210321777087216,179
開場前 1 時間,0.058210321777087216,0.05888436553555896,231
開場前 1 時間,0.05888436553555896,0.059566214352901097,222
開場前 1 時間,0.059566214352901097,0.06025595860743581,408
開場前 1 時間,0.06025595860743581,0.060953689724016935,287
開場前 1 時間,0.060953689724016935,0.06165950018614822,312
開場前 1 時間,0.06165950018614822,0.06237348354824192,626
開場前 1 時間,0.06237348354824192,0.0630957344480193,511
開場前 1 時間,0.0630957344480193,0.06382634861905495,861
開場前 1 時間,0.06382634861905495,0.06456542290346562,981
開場前 1 時間,0.06456542290346562,0.06531305526474729,1447
開場前 1 時間,0.06531305526474729,0.06606934480075964,2224
開場前 1 時間,0.06606934480075964,0.06683439175686148,2849
開場前 1 時間,0.06683439175686148,0.06760829753919818,2543
開場前 1 時間,0.06760829753919818,0.06839116472814293,2203
開場前 1 時間,0.06839116472814293,0.06918309709189363,1615
開場前 1 時間,0.06918309709189363,0.06998419960022731,1106
開場前 1 時間,0.06998419960022731,0.07079457843841387,898
開場前 1 時間,0.07079457843841387,0.07161434102129027,610
開場前 1 時間,0.07161434102129027,0.07244359600749906,567
開場前 1 時間,0.07244359600749906,0.07328245331389044,545
開場前 1 時間,0.07328245331389044,0.07413102413009177,589
開場前 1 時間,0.07413102413009177,0.07498942093324558,400
開場前 1 時間,0.07498942093324558,0.07585775750291836,377
開場前 1 時間,0.07585775750291836,0.07673614893618186,420
開場前 1 時間,0.07673614893618186,0.07762471166286927,476
開場前 1 時間,0.07762471166286927,0.07852356346100726,309
開場前 1 時間,0.07852356346100726,0.07943282347242822,308
開場前 1 時間,0.07943282347242822,0.08035261221856177,322
開場前 1 時間,0.08035261221856177,0.08128305161640995,457
開場前 1 時間,0.08128305161640995,0.08222426499470713,362
開場前 1 時間,0.08222426499470713,0.08317637711026708,275
開場前 1 時間,0.08317637711026708,0.08413951416451948,281
開場前 1 時間,0.08413951416451948,0.08511380382023777,259
開場前 1 時間,0.08511380382023777,0.08609937521846016,232
開場前 1 時間,0.08609937521846016,0.08709635899560814,360
開場前 1 時間,0.08709635899560814,0.08810488730080146,309
開場前 1 時間,0.08810488730080146,0.08912509381337459,323
開場前 1 時間,0.08912509381337459,0.09015711376059571,213
開場前 1 時間,0.09015711376059571,0.09120108393559097,275
開場前 1 時間,0.09120108393559097,0.09225714271547629,117
開場前 1 時間,0.09225714271547629,0.09332543007969905,244
開場前 1 時間,0.09332543007969905,0.09440608762859246,153
開場前 1 時間,0.09440608762859246,0.09549925860214369,151
開場前 1 時間,0.09549925860214369,0.09660508789898141,134
開場前 1 時間,0.09660508789898141,0.09772372209558111,202
開場前 1 時間,0.09772372209558111,0.0988553094656939,57
開場前 1 時間,0.0988553094656939,0.1,75
開場前 1 時間,0.1,0.10115794542599003,120
開場前 1 時間,0.10115794542599003,0.10232929922807536,145
開場前 1 時間,0.10232929922807536,0.10351421666793452,90
開場前 1 時間,0.10351421666793452,0.10471285480508985,114
開場前 1 時間,0.10471285480508985,0.10592537251772897,169
開場前 1 時間,0.10592537251772897,0.10715193052376049,194
開場前 1 時間,0.10715193052376049,0.10839269140212039,204
開場前 1 時間,0.10839269140212039,0.10964781961431873,202
開場前 1 時間,0.10964781961431873,0.11091748152624009,257
開場前 1 時間,0.11091748152624009,0.11220184543019653,200
開場前 1 時間,0.11220184543019653,0.11350108156723143,232
開場前 1 時間,0.11350108156723143,0.1148153621496884,273
開場前 1 時間,0.1148153621496884,0.11614486138403414,448
開場前 1 時間,0.11614486138403414,0.11748975549395303,466
開場前 1 時間,0.11748975549395303,0.11885022274370165,309
開場前 1 時間,0.11885022274370165,0.12022644346174131,369
開場前 1 時間,0.12022644346174131,0.12161860006463704,364
開場前 1 時間,0.12161860006463704,0.1230268770812381,517
開場前 1 時間,0.1230268770812381,0.12445146117713869,429
開場前 1 時間,0.12445146117713869,0.12589254117941662,545
開場前 1 時間,0.12589254117941662,0.12735030810166628,662
開場前 1 時間,0.12735030810166628,0.12882495516931322,772
開場前 1 時間,0.12882495516931322,0.13031667784523,883
開場前 1 時間,0.13031667784523,0.131825673855641,1732
開場前 1 時間,0.131825673855641,0.1333521432163324,2829
開場前 1 時間,0.1333521432163324,0.1348962882591656,3848
開場前 1 時間,0.1348962882591656,0.13645831365889238,2788
開場前 1 時間,0.13645831365889238,0.13803842646028866,1645
開場前 1 時間,0.13803842646028866,0.13963683610559363,861
開場前 1 時間,0.13963683610559363,0.14125375446227553,654
開場前 1 時間,0.14125375446227553,0.14288939585111007,392
開場前 1 時間,0.14288939585111007,0.1445439770745928,440
開場前 1 時間,0.1445439770745928,0.14621771744567214,373
開場前 1 時間,0.14621771744567214,0.1479108388168207,420
開場前 1 時間,0.1479108388168207,0.1496235656094436,241
開場前 1 時間,0.1496235656094436,0.1513561248436207,371
開場前 1 時間,0.1513561248436207,0.1531087461682032,230
開場前 1 時間,0.1531087461682032,0.15488166189124797,169
開場前 1 時間,0.15488166189124797,0.15667510701081502,121
開場前 1 時間,0.15667510701081502,0.1584893192461111,69
開場前 1 時間,0.1584893192461111,0.16032453906900418,103
開場前 1 時間,0.16032453906900418,0.1621810097358933,88
開場前 1 時間,0.1621810097358933,0.16405897731995386,165
開場前 1 時間,0.16405897731995386,0.1659586907437563,52
開場前 1 時間,0.1659586907437563,0.16788040181225589,113
開場前 1 時間,0.16788040181225589,0.1698243652461746,176
開場前 1 時間,0.1698243652461746,0.1717908387157586,139
開場前 1 時間,0.1717908387157586,0.17378008287493762,143
開場前 1 時間,0.17378008287493762,0.17579236139586965,170
開場前 1 時間,0.17579236139586965,0.1778279410038923,139
開場前 1 時間,0.1778279410038923,0.1798870915128791,110
開場前 1 時間,0.1798870915128791,0.18197008586099825,210
開場前 1 時間,0.18197008586099825,0.18407720014689583,212
開場前 1 時間,0.18407720014689583,0.18620871366628655,259
開場前 1 時間,0.18620871366628655,0.1883649089489802,171
開場前 1 時間,0.1883649089489802,0.19054607179632443,205
開場前 1 時間,0.19054607179632443,0.19275249131909367,324
開場前 1 時間,0.19275249131909367,0.19498445997580494,746
開場前 1 時間,0.19498445997580494,0.19724227361148533,1768
開場前 1 時間,0.19724227361148533,0.19952623149688828,4651
開場前 1 時間,0.19952623149688828,0.20183663636815596,8687
開場前 1 時間,0.20183663636815596,0.20417379446695316,6802
開場前 1 時間,0.20417379446695316,0.2065380155810527,2285
開場前 1 時間,0.2065380155810527,0.2089296130854041,1230
開場前 1 時間,0.2089296130854041,0.21134890398366432,797
開場前 1 時間,0.21134890398366432,0.21379620895022325,485
開場前 1 時間,0.21379620895022325,0.21627185237270244,539
開場前 1 時間,0.21627185237270244,0.21877616239495518,444
開場前 1 時間,0.21877616239495518,0.2213094709605641,317
開場前 1 時間,0.2213094709605641,0.22387211385683378,224
開場前 1 時間,0.22387211385683378,0.2264644307593062,257
開場前 1 時間,0.2264644307593062,0.22908676527677702,189
開場前 1 時間,0.22908676527677702,0.23173946499684797,206
開場前 1 時間,0.23173946499684797,0.23442288153199276,181
開場前 1 時間,0.23442288153199276,0.23713737056616552,183
開場前 1 時間,0.23713737056616552,0.23988329190194949,148
開場前 1 時間,0.23988329190194949,0.24266100950824143,108
開場前 1 時間,0.24266100950824143,0.24547089156850335,112
開場前 1 時間,0.24547089156850335,0.2483133105295568,183
開場前 1 時間,0.2483133105295568,0.25118864315095824,200
開場前 1 時間,0.25118864315095824,0.25409727055493014,290
開場前 1 時間,0.25409727055493014,0.25703957827688645,335
開場前 1 時間,0.25703957827688645,0.26001595631652774,473
開場前 1 時間,0.26001595631652774,0.26302679918953814,740
開場前 1 時間,0.26302679918953814,0.2660725059798814,2172
開場前 1 時間,0.2660725059798814,0.2691534803926914,4464
開場前 1 時間,0.2691534803926914,0.27227013080779155,2776
開場前 1 時間,0.27227013080779155,0.27542287033381635,1151
開場前 1 時間,0.27542287033381635,0.2786121168629772,1076
開場前 1 時間,0.2786121168629772,0.2818382931264449,950
開場前 1 時間,0.2818382931264449,0.285101826750391,707
開場前 1 時間,0.285101826750391,0.28840315031266117,590
開場前 1 時間,0.28840315031266117,0.2917427014001166,519
開場前 1 時間,0.2917427014001166,0.29512092266663903,489
開場前 1 時間,0.29512092266663903,0.2985382618917957,340
開場前 1 時間,0.2985382618917957,0.30199517204020193,332
開場前 1 時間,0.30199517204020193,0.3054921113215509,369
開場前 1 時間,0.3054921113215509,0.30902954325135923,277
開場前 1 時間,0.30902954325135923,0.31260793671239623,463
開場前 1 時間,0.31260793671239623,0.31622776601683794,568
開場前 1 時間,0.31622776601683794,0.31988951096914037,598
開場前 1 時間,0.31988951096914037,0.3235936569296281,631
開場前 1 時間,0.3235936569296281,0.3273406948788386,863
開場前 1 時間,0.3273406948788386,0.3311311214825908,2031
開場前 1 時間,0.3311311214825908,0.33496543915782795,8717
開場前 1 時間,0.33496543915782795,0.33884415613920205,9134
開場前 1 時間,0.33884415613920205,0.34276778654645046,2973
開場前 1 時間,0.34276778654645046,0.3467368504525324,1853
開場前 1 時間,0.3467368504525324,0.35075187395256796,1356
開場前 1 時間,0.35075187395256796,0.354813389233576,1077
開場前 1 時間,0.354813389233576,0.358921934645005,809
開場前 1 時間,0.358921934645005,0.36307805477010174,624
開場前 1 時間,0.36307805477010174,0.36728230049808425,554
開場前 1 時間,0.36728230049808425,0.3715352290971728,610
開場前 1 時間,0.3715352290971728,0.3758374042884451,795
開場前 1 時間,0.3758374042884451,0.38018939632056126,773
開場前 1 時間,0.38018939632056126,0.3845917820453543,871
開場前 1 時間,0.3845917820453543,0.3890451449942805,684
開場前 1 時間,0.3890451449942805,0.393550075455778,1072
開場前 1 時間,0.393550075455778,0.3981071705534969,3649
開場前 1 時間,0.3981071705534969,0.40271703432545947,18814
開場前 1 時間,0.40271703432545947,0.4073802778041122,16681
開場前 1 時間,0.4073802778041122,0.4120975190973304,4324
開場前 1 時間,0.4120975190973304,0.41686938347033636,2450
開場前 1 時間,0.41686938347033636,0.4216965034285822,1446
開場前 1 時間,0.4216965034285822,0.42657951880159345,1097
開場前 1 時間,0.42657951880159345,0.431519076827765,749
開場前 1 時間,0.431519076827765,0.43651583224016655,536
開場前 1 時間,0.43651583224016655,0.4415704473533121,483
開場前 1 時間,0.4415704473533121,0.4466835921509635,340
開場前 1 時間,0.4466835921509635,0.4518559443749217,477
開場前 1 時間,0.4518559443749217,0.4570881896148752,694
開場前 1 時間,0.4570881896148752,0.4623810213992613,1115
開場前 1 時間,0.4623810213992613,0.4677351412871981,2485
開場前 1 時間,0.4677351412871981,0.47315125896148125,3745
開場前 1 時間,0.47315125896148125,0.47863009232263803,1578
開場前 1 時間,0.47863009232263803,0.48417236758409987,1397
開場前 1 時間,0.48417236758409987,0.48977881936844564,999
開場前 1 時間,0.48977881936844564,0.4954501908047905,786
開場前 1 時間,0.4954501908047905,0.5011872336272735,539
開場前 1 時間,0.5011872336272735,0.5069907082747045,415
開場前 1 時間,0.5069907082747045,0.5128613839913658,324
開場前 1 時間,0.5128613839913658,0.518800038928961,509
開場前 1 時間,0.518800038928961,0.5248074602497733,547
開場前 1 時間,0.5248074602497733,0.5308844442309879,875
開場前 1 時間,0.5308844442309879,0.5370317963702532,2422
開場前 1 時間,0.5370317963702532,0.5432503314924325,1732
開場前 1 時間,0.5432503314924325,0.5495408738576248,757
開場前 1 時間,0.5495408738576248,0.5559042572704048,520
開場前 1 時間,0.5559042572704048,0.5623413251903491,216
開場前 1 時間,0.5623413251903491,0.5688529308438425,229
開場前 1 時間,0.5688529308438425,0.5754399373371566,232
開場前 1 時間,0.5754399373371566,0.5821032177708722,208
開場前 1 時間,0.5821032177708722,0.5888436553555884,189
開場前 1 時間,0.5888436553555884,0.5956621435290109,384
開場前 1 時間,0.5956621435290109,0.6025595860743569,2655
開場前 1 時間,0.6025595860743569,0.6095368972401694,4427
開場前 1 時間,0.6095368972401694,0.6165950018614835,1232
開場前 1 時間,0.6165950018614835,0.6237348354824191,619
開場前 1 時間,0.6237348354824191,0.6309573444801942,478
開場前 1 時間,0.6309573444801942,0.6382634861905483,281
開場前 1 時間,0.6382634861905483,0.6456542290346563,164
開場前 1 時間,0.6456542290346563,0.6531305526474716,158
開場前 1 時間,0.6531305526474716,0.6606934480075964,462
開場前 1 時間,0.6606934480075964,0.6683439175686162,1577
開場前 1 時間,0.6683439175686162,0.6760829753919819,3397
開場前 1 時間,0.6760829753919819,0.6839116472814306,1374
開場前 1 時間,0.6839116472814306,0.6918309709189363,985
開場前 1 時間,0.6918309709189363,0.6998419960022745,574
開場前 1 時間,0.6998419960022745,0.7079457843841374,301
開場前 1 時間,0.7079457843841374,0.7161434102129027,475
開場前 1 時間,0.7161434102129027,0.7244359600749891,653
開場前 1 時間,0.7244359600749891,0.7328245331389045,1252
開場前 1 時間,0.7328245331389045,0.7413102413009192,4060
開場前 1 時間,0.7413102413009192,0.7498942093324559,1946
開場前 1 時間,0.7498942093324559,0.7585775750291851,1036
開場前 1 時間,0.7585775750291851,0.7673614893618186,608
開場前 1 時間,0.7673614893618186,0.7762471166286927,423
開場前 1 時間,0.7762471166286927,0.7852356346100711,450
開場前 1 時間,0.7852356346100711,0.7943282347242822,578
開場前 1 時間,0.7943282347242822,0.803526122185616,3843
開場前 1 時間,0.803526122185616,0.8128305161640995,7371
開場前 1 時間,0.8128305161640995,0.8222426499470729,2202
開場前 1 時間,0.8222426499470729,0.8317637711026709,954
開場前 1 時間,0.8317637711026709,0.8413951416451965,576
開場前 1 時間,0.8413951416451965,0.8511380382023759,440
開場前 1 時間,0.8511380382023759,0.8609937521846016,615
開場前 1 時間,0.8609937521846016,0.8709635899560796,3090
開場前 1 時間,0.8709635899560796,0.8810488730080147,3848
開場前 1 時間,0.8810488730080147,0.8912509381337477,2083
開場前 1 時間,0.8912509381337477,0.9015711376059571,1074
開場前 1 時間,0.9015711376059571,0.9120108393559115,686
開場前 1 時間,0.9120108393559115,0.9225714271547628,699
開場前 1 時間,0.9225714271547628,0.9332543007969925,1319
開場前 1 時間,0.9332543007969925,0.9440608762859226,4418
開場前 1 時間,0.9440608762859226,0.9549925860214369,2344
開場前 1 時間,0.9549925860214369,0.9660508789898121,1053
開場前 1 時間,0.9660508789898121,0.9772372209558111,516
開場前 1 時間,0.9772372209558111,0.9885530946569411,552
開場前 1 時間,0.9885530946569411,1.0,1051
開場前 1 時間,1.0,1.0115794542599004,7524
開場前 1 時間,1.0115794542599004,1.0232929922807537,3318
開場前 1 時間,1.0232929922807537,1.0351421666793452,1021
開場前 1 時間,1.0351421666793452,1.0471285480508985,577
開場前 1 時間,1.0471285480508985,1.0592537251772898,551
開場前 1 時間,1.0592537251772898,1.0715193052376049,1920
開場前 1 時間,1.0715193052376049,1.0839269140212038,3104
開場前 1 時間,1.0839269140212038,1.0964781961431873,1569
開場前 1 時間,1.0964781961431873,1.1091748152624008,669
開場前 1 時間,1.1091748152624008,1.1220184543019653,601
開場前 1 時間,1.1220184543019653,1.1350108156723142,1098
開場前 1 時間,1.1350108156723142,1.1481536214968842,2782
開場前 1 時間,1.1481536214968842,1.1614486138403415,1342
開場前 1 時間,1.1614486138403415,1.1748975549395304,466
開場前 1 時間,1.1748975549395304,1.1885022274370214,454
開場前 1 時間,1.1885022274370214,1.2022644346174132,722
開場前 1 時間,1.2022644346174132,1.2161860006463703,3996
開場前 1 時間,1.2161860006463703,1.2302687708123812,1455
開場前 1 時間,1.2302687708123812,1.244514611771387,544
開場前 1 時間,1.244514611771387,1.2589254117941662,384
開場前 1 時間,1.2589254117941662,1.273503081016663,1292
開場前 1 時間,1.273503081016663,1.2882495516931323,2126
開場前 1 時間,1.2882495516931323,1.3031667784523,1029
開場前 1 時間,1.3031667784523,1.3182567385564101,552
開場前 1 時間,1.3182567385564101,1.333521432163324,562
開場前 1 時間,1.333521432163324,1.348962882591656,2579
開場前 1 時間,1.348962882591656,1.3645831365889238,1162
開場前 1 時間,1.3645831365889238,1.3803842646028865,495
開場前 1 時間,1.3803842646028865,1.3963683610559363,453
開場前 1 時間,1.3963683610559363,1.4125375446227555,2956
開場前 1 時間,1.4125375446227555,1.4288939585111007,2293
開場前 1 時間,1.4288939585111007,1.4454397707459279,657
開場前 1 時間,1.4454397707459279,1.4621771744567214,456
開場前 1 時間,1.4621771744567214,1.4791083881682072,1981
開場前 1 時間,1.4791083881682072,1.4962356560944359,1832
開場前 1 時間,1.4962356560944359,1.513561248436207,788
開場前 1 時間,1.513561248436207,1.5310874616820318,636
開場前 1 時間,1.5310874616820318,1.5488166189124797,2555
開場前 1 時間,1.5488166189124797,1.5667510701081502,1495
開場前 1 時間,1.5667510701081502,1.5848931924611174,568
開場前 1 時間,1.5848931924611174,1.6032453906900417,677
開場前 1 時間,1.6032453906900417,1.6218100973589331,3415
開場前 1 時間,1.6218100973589331,1.6405897731995387,1298
開場前 1 時間,1.6405897731995387,1.659586907437563,490
開場前 1 時間,1.659586907437563,1.678804018122559,1380
開場前 1 時間,1.678804018122559,1.698243652461746,1806
開場前 1 時間,1.698243652461746,1.717908387157586,792
開場前 1 時間,1.717908387157586,1.7378008287493762,799
開場前 1 時間,1.7378008287493762,1.7579236139586967,2257
開場前 1 時間,1.7579236139586967,1.7782794100389228,980
開場前 1 時間,1.7782794100389228,1.7988709151287912,448
開場前 1 時間,1.7988709151287912,1.8197008586099825,2667
開場前 1 時間,1.8197008586099825,1.8407720014689581,1511
開場前 1 時間,1.8407720014689581,1.8620871366628655,506
開場前 1 時間,1.8620871366628655,1.8836490894898021,1530
開場前 1 時間,1.8836490894898021,1.9054607179632443,1530
開場前 1 時間,1.9054607179632443,1.9275249131909367,656
開場前 1 時間,1.9275249131909367,1.9498445997580496,1747
開場前 1 時間,1.9498445997580496,1.9724227361148534,1600
開場前 1 時間,1.9724227361148534,1.9952623149688828,530
開場前 1 時間,1.9952623149688828,2.01836636368156,2210
開場前 1 時間,2.01836636368156,2.041737944669532,2034
開場前 1 時間,2.041737944669532,2.065380155810527,589
開場前 1 時間,2.065380155810527,2.089296130854041,1825
開場前 1 時間,2.089296130854041,2.113489039836652,1367
開場前 1 時間,2.113489039836652,2.1379620895022327,741
開場前 1 時間,2.1379620895022327,2.1627185237270243,2129
開場前 1 時間,2.1627185237270243,2.1877616239495516,837
開場前 1 時間,2.1877616239495516,2.213094709605641,1148
開場前 1 時間,2.213094709605641,2.2387211385683377,2354
開場前 1 時間,2.2387211385683377,2.264644307593062,652
開場前 1 時間,2.264644307593062,2.29086765276777,1427
開場前 1 時間,2.29086765276777,2.3173946499684797,1172
開場前 1 時間,2.3173946499684797,2.3442288153199273,862
開場前 1 時間,2.3442288153199273,2.371373705661655,1771
開場前 1 時間,2.371373705661655,2.398832919019495,599
開場前 1 時間,2.398832919019495,2.4266100950824145,2071
開場前 1 時間,2.4266100950824145,2.4547089156850337,1198
開場前 1 時間,2.4547089156850337,2.483133105295568,952
開場前 1 時間,2.483133105295568,2.5118864315095824,1511
開場前 1 時間,2.5118864315095824,2.540972705549301,745
開場前 1 時間,2.540972705549301,2.570395782768865,1684
開場前 1 時間,2.570395782768865,2.6001595631652776,669
開場前 1 時間,2.6001595631652776,2.6302679918953813,1875
開場前 1 時間,2.6302679918953813,2.660725059798814,1142
開場前 1 時間,2.660725059798814,2.691534803926914,1118
開場前 1 時間,2.691534803926914,2.7227013080779154,1352
開場前 1 時間,2.7227013080779154,2.754228703338163,1229
開場前 1 時間,2.754228703338163,2.786121168629772,1196
開場前 1 時間,2.786121168629772,2.818382931264461,1094
開場前 1 時間,2.818382931264461,2.85101826750391,1807
開場前 1 時間,2.85101826750391,2.8840315031266117,857
開場前 1 時間,2.8840315031266117,2.917427014001166,1528
開場前 1 時間,2.917427014001166,2.95120922666639,1407
開場前 1 時間,2.95120922666639,2.9853826189179573,1932
開場前 1 時間,2.9853826189179573,3.019951720402019,1842
開場前 1 時間,3.019951720402019,3.054921113215509,3063
開場前 1 時間,3.054921113215509,3.090295432513592,1565
開場前 1 時間,3.090295432513592,3.126079367123962,1799
開場前 1 時間,3.126079367123962,3.1622776601683795,1601
開場前 1 時間,3.1622776601683795,3.198895109691404,1105
開場前 1 時間,3.198895109691404,3.235936569296281,1831
開場前 1 時間,3.235936569296281,3.273406948788386,1197
開場前 1 時間,3.273406948788386,3.3113112148259076,1768
開場前 1 時間,3.3113112148259076,3.3496543915782793,1177
開場前 1 時間,3.3496543915782793,3.3884415613920207,1866
開場前 1 時間,3.3884415613920207,3.4276778654645046,1442
開場前 1 時間,3.4276778654645046,3.4673685045253237,1436
開場前 1 時間,3.4673685045253237,3.5075187395256795,1224
開場前 1 時間,3.5075187395256795,3.5481338923357604,932
開場前 1 時間,3.5481338923357604,3.58921934645005,1401
開場前 1 時間,3.58921934645005,3.6307805477010175,1004
開場前 1 時間,3.6307805477010175,3.6728230049808426,1209
開場前 1 時間,3.6728230049808426,3.715352290971728,1208
開場前 1 時間,3.715352290971728,3.758374042884451,1097
開場前 1 時間,3.758374042884451,3.801893963205613,1087
開場前 1 時間,3.801893963205613,3.8459178204535434,1402
開場前 1 時間,3.8459178204535434,3.890451449942805,856
開場前 1 時間,3.890451449942805,3.9355007545577805,1153
開場前 1 時間,3.9355007545577805,3.981071705534969,1346
開場前 1 時間,3.981071705534969,4.027170343254594,966
開場前 1 時間,4.027170343254594,4.073802778041122,1290
開場前 1 時間,4.073802778041122,4.120975190973304,1202
開場前 1 時間,4.120975190973304,4.1686938347033635,1136
開場前 1 時間,4.1686938347033635,4.216965034285822,916
開場前 1 時間,4.216965034285822,4.265795188015934,1395
開場前 1 時間,4.265795188015934,4.31519076827765,1080
開場前 1 時間,4.31519076827765,4.3651583224016655,1056
開場前 1 時間,4.3651583224016655,4.415704473533121,924
開場前 1 時間,4.415704473533121,4.4668359215096345,1422
開場前 1 時間,4.4668359215096345,4.518559443749217,1081
開場前 1 時間,4.518559443749217,4.570881896148752,1081
開場前 1 時間,4.570881896148752,4.623810213992613,899
開場前 1 時間,4.623810213992613,4.677351412871981,1388
開場前 1 時間,4.677351412871981,4.7315125896148125,1183
開場前 1 時間,4.7315125896148125,4.7863009232263805,1258
開場前 1 時間,4.7863009232263805,4.841723675840999,1204
開場前 1 時間,4.841723675840999,4.897788193684456,1265
開場前 1 時間,4.897788193684456,4.954501908047906,1387
開場前 1 時間,4.954501908047906,5.011872336272735,1565
開場前 1 時間,5.011872336272735,5.0699070827470445,1900
開場前 1 時間,5.0699070827470445,5.128613839913658,1451
開場前 1 時間,5.128613839913658,5.188000389289609,1702
開場前 1 時間,5.188000389289609,5.248074602497733,1631
開場前 1 時間,5.248074602497733,5.308844442309879,2086
開場前 1 時間,5.308844442309879,5.370317963702533,2719
開場前 1 時間,5.370317963702533,5.432503314924325,3008
開場前 1 時間,5.432503314924325,5.4954087385762485,2890
開場前 1 時間,5.4954087385762485,5.5590425727040484,2005
開場前 1 時間,5.5590425727040484,5.623413251903491,1810
開場前 1 時間,5.623413251903491,5.688529308438425,1805
開場前 1 時間,5.688529308438425,5.754399373371567,1704
開場前 1 時間,5.754399373371567,5.821032177708722,1847
開場前 1 時間,5.821032177708722,5.888436553555884,1403
開場前 1 時間,5.888436553555884,5.95662143529011,1280
開場前 1 時間,5.95662143529011,6.025595860743569,1945
開場前 1 時間,6.025595860743569,6.095368972401694,2735
開場前 1 時間,6.095368972401694,6.165950018614835,1897
開場前 1 時間,6.165950018614835,6.237348354824191,1339
開場前 1 時間,6.237348354824191,6.309573444801943,1259
開場前 1 時間,6.309573444801943,6.3826348619054825,1192
開場前 1 時間,6.3826348619054825,6.456542290346563,1429
開場前 1 時間,6.456542290346563,6.531305526474716,1150
開場前 1 時間,6.531305526474716,6.606934480075965,935
開場前 1 時間,6.606934480075965,6.683439175686162,943
開場前 1 時間,6.683439175686162,6.760829753919819,894
開場前 1 時間,6.760829753919819,6.839116472814307,792
開場前 1 時間,6.839116472814307,6.918309709189362,934
開場前 1 時間,6.918309709189362,6.998419960022745,840
開場前 1 時間,6.998419960022745,7.079457843841373,856
開場前 1 時間,7.079457843841373,7.161434102129027,795
開場前 1 時間,7.161434102129027,7.244359600749891,766
開場前 1 時間,7.244359600749891,7.328245331389044,867
開場前 1 時間,7.328245331389044,7.4131024130091925,727
開場前 1 時間,7.4131024130091925,7.498942093324558,718
開場前 1 時間,7.498942093324558,7.585775750291852,724
開場前 1 時間,7.585775750291852,7.673614893618185,791
開場前 1 時間,7.673614893618185,7.762471166286928,824
開場前 1 時間,7.762471166286928,7.85235634610071,735
開場前 1 時間,7.85235634610071,7.943282347242821,791
開場前 1 時間,7.943282347242821,8.03526122185616,904
開場前 1 時間,8.03526122185616,8.128305161640995,846
開場前 1 時間,8.128305161640995,8.222426499470728,811
開場前 1 時間,8.222426499470728,8.317637711026709,873
開場前 1 時間,8.317637711026709,8.413951416451965,933
開場前 1 時間,8.413951416451965,8.51138038202376,754
開場前 1 時間,8.51138038202376,8.609937521846016,781
開場前 1 時間,8.609937521846016,8.709635899560796,864
開場前 1 時間,8.709635899560796,8.810488730080147,847
開場前 1 時間,8.810488730080147,8.912509381337477,859
開場前 1 時間,8.912509381337477,9.01571137605957,898
開場前 1 時間,9.01571137605957,9.120108393559116,1556
開場前 1 時間,9.120108393559116,9.225714271547629,1343
開場前 1 時間,9.225714271547629,9.332543007969925,872
開場前 1 時間,9.332543007969925,9.440608762859226,774
開場前 1 時間,9.440608762859226,9.549925860214369,819
開場前 1 時間,9.549925860214369,9.66050878989812,804
開場前 1 時間,9.66050878989812,9.772372209558112,864
開場前 1 時間,9.772372209558112,9.88553094656941,912
開場前 1 時間,9.88553094656941,10.0,1101
開場前 1 時間,10.0,10.115794542599003,1070
開場前 1 時間,10.115794542599003,10.232929922807536,997
開場前 1 時間,10.232929922807536,10.35142166679345,920
開場前 1 時間,10.35142166679345,10.471285480508985,1486
開場前 1 時間,10.471285480508985,10.592537251772898,1217
開場前 1 時間,10.592537251772898,10.715193052376048,1463
開場前 1 時間,10.715193052376048,10.83926914021204,1910
開場前 1 時間,10.83926914021204,10.964781961431873,1833
開場前 1 時間,10.964781961431873,11.091748152624008,1234
開場前 1 時間,11.091748152624008,11.220184543019652,1067
開場前 1 時間,11.220184543019652,11.350108156723143,994
開場前 1 時間,11.350108156723143,11.481536214968841,909
開場前 1 時間,11.481536214968841,11.614486138403414,929
開場前 1 時間,11.614486138403414,11.748975549395302,956
開場前 1 時間,11.748975549395302,11.885022274370213,940
開場前 1 時間,11.885022274370213,12.02264434617413,1158
開場前 1 時間,12.02264434617413,12.161860006463703,1686
開場前 1 時間,12.161860006463703,12.30268770812381,1193
開場前 1 時間,12.30268770812381,12.44514611771387,871
開場前 1 時間,12.44514611771387,12.589254117941662,788
開場前 1 時間,12.589254117941662,12.735030810166629,682
開場前 1 時間,12.735030810166629,12.882495516931323,860
開場前 1 時間,12.882495516931323,13.031667784523,759
開場前 1 時間,13.031667784523,13.1825673855641,740
開場前 1 時間,13.1825673855641,13.33521432163324,725
開場前 1 時間,13.33521432163324,13.48962882591656,725
開場前 1 時間,13.48962882591656,13.645831365889238,619
開場前 1 時間,13.645831365889238,13.803842646028867,770
開場前 1 時間,13.803842646028867,13.963683610559363,645
開場前 1 時間,13.963683610559363,14.125375446227554,785
開場前 1 時間,14.125375446227554,14.288939585111008,798
開場前 1 時間,14.288939585111008,14.45439770745928,730
開場前 1 時間,14.45439770745928,14.621771744567212,825
開場前 1 時間,14.621771744567212,14.791083881682072,781
開場前 1 時間,14.791083881682072,14.96235656094436,894
開場前 1 時間,14.96235656094436,15.135612484362072,1495
開場前 1 時間,15.135612484362072,15.31087461682032,1611
開場前 1 時間,15.31087461682032,15.488166189124795,1135
開場前 1 時間,15.488166189124795,15.6675107010815,1122
開場前 1 時間,15.6675107010815,15.848931924611174,917
開場前 1 時間,15.848931924611174,16.032453906900418,1075
開場前 1 時間,16.032453906900418,16.218100973589333,1148
開場前 1 時間,16.218100973589333,16.40589773199539,1028
開場前 1 時間,16.40589773199539,16.59586907437563,768
開場前 1 時間,16.59586907437563,16.78804018122559,679
開場前 1 時間,16.78804018122559,16.98243652461746,679
開場前 1 時間,16.98243652461746,17.17908387157586,645
開場前 1 時間,17.17908387157586,17.378008287493763,671
開場前 1 時間,17.378008287493763,17.579236139586968,583
開場前 1 時間,17.579236139586968,17.78279410038923,711
開場前 1 時間,17.78279410038923,17.98870915128791,780
開場前 1 時間,17.98870915128791,18.197008586099827,917
開場前 1 時間,18.197008586099827,18.40772001468958,841
開場前 1 時間,18.40772001468958,18.620871366628656,603
開場前 1 時間,18.620871366628656,18.83649089489802,529
開場前 1 時間,18.83649089489802,19.054607179632445,595
開場前 1 時間,19.054607179632445,19.275249131909366,571
開場前 1 時間,19.275249131909366,19.498445997580493,736
開場前 1 時間,19.498445997580493,19.724227361148536,542
開場前 1 時間,19.724227361148536,19.95262314968883,627
開場前 1 時間,19.95262314968883,20.183663636815595,799
開場前 1 時間,20.183663636815595,20.417379446695318,668
開場前 1 時間,20.417379446695318,20.65380155810527,808
開場前 1 時間,20.65380155810527,20.892961308540407,706
開場前 1 時間,20.892961308540407,21.13489039836652,728
開場前 1 時間,21.13489039836652,21.379620895022324,899
開場前 1 時間,21.379620895022324,21.627185237270247,870
開場前 1 時間,21.627185237270247,21.87761623949552,648
開場前 1 時間,21.87761623949552,22.13094709605641,684
開場前 1 時間,22.13094709605641,22.38721138568338,627
開場前 1 時間,22.38721138568338,22.64644307593062,615
開場前 1 時間,22.64644307593062,22.908676527677702,605
開場前 1 時間,22.908676527677702,23.173946499684796,580
開場前 1 時間,23.173946499684796,23.442288153199275,538
開場前 1 時間,23.442288153199275,23.71373705661655,516
開場前 1 時間,23.71373705661655,23.988329190194946,600
開場前 1 時間,23.988329190194946,24.266100950824143,669
開場前 1 時間,24.266100950824143,24.547089156850337,715
開場前 1 時間,24.547089156850337,24.83133105295568,626
開場前 1 時間,24.83133105295568,25.11886431509582,534
開場前 1 時間,25.11886431509582,25.40972705549301,539
開場前 1 時間,25.40972705549301,25.703957827688647,704
開場前 1 時間,25.703957827688647,26.001595631652773,619
開場前 1 時間,26.001595631652773,26.302679918953814,563
開場前 1 時間,26.302679918953814,26.60725059798814,554
開場前 1 時間,26.60725059798814,26.91534803926914,587
開場前 1 時間,26.91534803926914,27.227013080779155,652
開場前 1 時間,27.227013080779155,27.542287033381633,614
開場前 1 時間,27.542287033381633,27.86121168629772,525
開場前 1 時間,27.86121168629772,28.183829312644608,517
開場前 1 時間,28.183829312644608,28.510182675039097,426
開場前 1 時間,28.510182675039097,28.840315031266115,468
開場前 1 時間,28.840315031266115,29.17427014001166,447
開場前 1 時間,29.17427014001166,29.5120922666639,592
開場前 1 時間,29.5120922666639,29.85382618917957,716
開場前 1 時間,29.85382618917957,30.199517204020193,1694
開場前 1 時間,30.199517204020193,30.549211132155094,804
開場前 1 時間,30.549211132155094,30.90295432513592,776
開場前 1 時間,30.90295432513592,31.26079367123962,525
開場前 1 時間,31.26079367123962,31.622776601683793,499
開場前 1 時間,31.622776601683793,31.988951096914036,592
開場前 1 時間,31.988951096914036,32.35936569296281,615
開場前 1 時間,32.35936569296281,32.734069487883865,548
開場前 1 時間,32.734069487883865,33.11311214825908,498
開場前 1 時間,33.11311214825908,33.496543915782794,590
開場前 1 時間,33.496543915782794,33.884415613920204,501
開場前 1 時間,33.884415613920204,34.27677865464505,530
開場前 1 時間,34.27677865464505,34.67368504525324,416
開場前 1 時間,34.67368504525324,35.0751873952568,489
開場前 1 時間,35.0751873952568,35.481338923357605,517
開場前 1 時間,35.481338923357605,35.8921934645005,445
開場前 1 時間,35.8921934645005,36.30780547701018,523
開場前 1 時間,36.30780547701018,36.728230049808424,485
開場前 1 時間,36.728230049808424,37.15352290971728,428
開場前 1 時間,37.15352290971728,37.58374042884451,472
開場前 1 時間,37.58374042884451,38.018939632056124,520
開場前 1 時間,38.018939632056124,38.459178204535434,433
開場前 1 時間,38.459178204535434,38.904514499428046,402
開場前 1 時間,38.904514499428046,39.355007545577806,463
開場前 1 時間,39.355007545577806,39.81071705534969,437
開場前 1 時間,39.81071705534969,40.27170343254595,475
開場前 1 時間,40.27170343254595,40.73802778041122,550
開場前 1 時間,40.73802778041122,41.20975190973304,379
開場前 1 時間,41.20975190973304,41.68693834703364,361
開場前 1 時間,41.68693834703364,42.169650342858226,399
開場前 1 時間,42.169650342858226,42.657951880159345,512
開場前 1 時間,42.657951880159345,43.1519076827765,400
開場前 1 時間,43.1519076827765,43.651583224016655,377
開場前 1 時間,43.651583224016655,44.157044735331205,429
開場前 1 時間,44.157044735331205,44.668359215096345,458
開場前 1 時間,44.668359215096345,45.18559443749217,454
開場前 1 時間,45.18559443749217,45.708818961487516,516
開場前 1 時間,45.708818961487516,46.23810213992613,393
開場前 1 時間,46.23810213992613,46.77351412871981,357
開場前 1 時間,46.77351412871981,47.315125896148125,373
開場前 1 時間,47.315125896148125,47.863009232263806,375
開場前 1 時間,47.863009232263806,48.41723675840999,432
開場前 1 時間,48.41723675840999,48.97788193684456,462
開場前 1 時間,48.97788193684456,49.54501908047905,411
開場前 1 時間,49.54501908047905,50.11872336272735,418
開場前 1 時間,50.11872336272735,50.69907082747044,511
開場前 1 時間,50.69907082747044,51.28613839913659,398
開場前 1 時間,51.28613839913659,51.88000389289609,446
開場前 1 時間,51.88000389289609,52.480746024977336,382
開場前 1 時間,52.480746024977336,53.08844442309879,323
開場前 1 時間,53.08844442309879,53.70317963702533,417
開場前 1 時間,53.70317963702533,54.32503314924325,393
開場前 1 時間,54.32503314924325,54.954087385762485,359
開場前 1 時間,54.954087385762485,55.59042572704048,450
開場前 1 時間,55.59042572704048,56.23413251903491,411
開場前 1 時間,56.23413251903491,56.885293084384244,354
開場前 1 時間,56.885293084384244,57.543993733715666,280
開場前 1 時間,57.543993733715666,58.210321777087216,339
開場前 1 時間,58.210321777087216,58.88436553555884,359
開場前 1 時間,58.88436553555884,59.56621435290109,492
開場前 1 時間,59.56621435290109,60.25595860743569,990
開場前 1 時間,60.25595860743569,60.95368972401694,772
開場前 1 時間,60.95368972401694,61.65950018614835,331
開場前 1 時間,61.65950018614835,62.373483548241914,324
開場前 1 時間,62.373483548241914,63.09573444801943,312
開場前 1 時間,63.09573444801943,63.826348619054826,364
開場前 1 時間,63.826348619054826,64.56542290346563,389
開場前 1 時間,64.56542290346563,65.31305526474716,342
開場前 1 時間,65.31305526474716,66.06934480075964,361
開場前 1 時間,66.06934480075964,66.83439175686162,304
開場前 1 時間,66.83439175686162,67.60829753919819,251
開場前 1 時間,67.60829753919819,68.39116472814307,292
開場前 1 時間,68.39116472814307,69.18309709189363,297
開場前 1 時間,69.18309709189363,69.98419960022746,330
開場前 1 時間,69.98419960022746,70.79457843841374,376
開場前 1 時間,70.79457843841374,71.61434102129027,270
開場前 1 時間,71.61434102129027,72.44359600749891,339
開場前 1 時間,72.44359600749891,73.28245331389044,259
開場前 1 時間,73.28245331389044,74.13102413009192,232
開場前 1 時間,74.13102413009192,74.98942093324558,278
開場前 1 時間,74.98942093324558,75.85775750291852,376
開場前 1 時間,75.85775750291852,76.73614893618186,311
開場前 1 時間,76.73614893618186,77.62471166286927,236
開場前 1 時間,77.62471166286927,78.5235634610071,309
開場前 1 時間,78.5235634610071,79.43282347242821,322
開場前 1 時間,79.43282347242821,80.3526122185616,302
開場前 1 時間,80.3526122185616,81.28305161640995,363
開場前 1 時間,81.28305161640995,82.22426499470728,240
開場前 1 時間,82.22426499470728,83.17637711026708,227
開場前 1 時間,83.17637711026708,84.13951416451965,213
開場前 1 時間,84.13951416451965,85.11380382023759,233
開場前 1 時間,85.11380382023759,86.09937521846017,275
開場前 1 時間,86.09937521846017,87.09635899560796,287
開場前 1 時間,87.09635899560796,88.10488730080147,229
開場前 1 時間,88.10488730080147,89.12509381337478,264
開場前 1 時間,89.12509381337478,90.1571137605957,257
開場前 1 時間,90.1571137605957,91.20108393559116,330
開場前 1 時間,91.20108393559116,92.25714271547629,244
開場前 1 時間,92.25714271547629,93.32543007969925,208
開場前 1 時間,93.32543007969925,94.40608762859226,274
開場前 1 時間,94.40608762859226,95.49925860214368,218
開場前 1 時間,95.49925860214368,96.60508789898121,253
開場前 1 時間,96.60508789898121,97.72372209558111,268
開場前 1 時間,97.72372209558111,98.8553094656941,223
開場前 1 時間,98.8553094656941,100.0,211
開場前 1 時間,100.0,101.15794542599004,278
開場前 1 時間,101.15794542599004,102.32929922807536,296
開場前 1 時間,102.32929922807536,103.51421666793452,215
開場前 1 時間,103.51421666793452,104.71285480508985,201
開場前 1 時間,104.71285480508985,105.92537251772897,239
開場前 1 時間,105.92537251772897,107.15193052376048,237
開場前 1 時間,107.15193052376048,108.39269140212039,217
開場前 1 時間,108.39269140212039,109.64781961431873,180
開場前 1 時間,109.64781961431873,110.9174815262401,212
開場前 1 時間,110.9174815262401,112.20184543019653,253
開場前 1 時間,112.20184543019653,113.50108156723144,258
開場前 1 時間,113.50108156723144,114.81536214968841,193
開場前 1 時間,114.81536214968841,116.14486138403414,240
開場前 1 時間,116.14486138403414,117.48975549395303,228
開場前 1 時間,117.48975549395303,118.85022274370213,236
開場前 1 時間,118.85022274370213,120.22644346174131,280
開場前 1 時間,120.22644346174131,121.61860006463704,324
開場前 1 時間,121.61860006463704,123.02687708123811,285
開場前 1 時間,123.02687708123811,124.4514611771387,255
開場前 1 時間,124.4514611771387,125.89254117941663,223
開場前 1 時間,125.89254117941663,127.3503081016663,165
開場前 1 時間,127.3503081016663,128.82495516931323,166
開場前 1 時間,128.82495516931323,130.31667784523,204
開場前 1 時間,130.31667784523,131.825673855641,171
開場前 1 時間,131.825673855641,133.3521432163324,188
開場前 1 時間,133.3521432163324,134.8962882591656,163
開場前 1 時間,134.8962882591656,136.4583136588924,182
開場前 1 時間,136.4583136588924,138.03842646028866,187
開場前 1 時間,138.03842646028866,139.63683610559363,161
開場前 1 時間,139.63683610559363,141.25375446227554,215
開場前 1 時間,141.25375446227554,142.88939585111007,187
開場前 1 時間,142.88939585111007,144.5439770745928,152
開場前 1 時間,144.5439770745928,146.21771744567212,192
開場前 1 時間,146.21771744567212,147.91083881682073,168
開場前 1 時間,147.91083881682073,149.62356560944357,137
開場前 1 時間,149.62356560944357,151.3561248436207,217
開場前 1 時間,151.3561248436207,153.1087461682032,161
開場前 1 時間,153.1087461682032,154.88166189124794,141
開場前 1 時間,154.88166189124794,156.67510701081503,184
開場前 1 時間,156.67510701081503,158.48931924611173,154
開場前 1 時間,158.48931924611173,160.32453906900417,111
開場前 1 時間,160.32453906900417,162.18100973589333,195
開場前 1 時間,162.18100973589333,164.05897731995387,149
開場前 1 時間,164.05897731995387,165.9586907437563,127
開場前 1 時間,165.9586907437563,167.88040181225588,180
開場前 1 時間,167.88040181225588,169.8243652461746,143
開場前 1 時間,169.8243652461746,171.79083871575858,163
開場前 1 時間,171.79083871575858,173.78008287493762,141
開場前 1 時間,173.78008287493762,175.79236139586968,133
開場前 1 時間,175.79236139586968,177.82794100389228,168
開場前 1 時間,177.82794100389228,179.8870915128791,161
開場前 1 時間,179.8870915128791,181.97008586099827,201
開場前 1 時間,181.97008586099827,184.07720014689582,128
開場前 1 時間,184.07720014689582,186.20871366628657,169
開場前 1 時間,186.20871366628657,188.3649089489802,127
開場前 1 時間,188.3649089489802,190.54607179632444,136
開場前 1 時間,190.54607179632444,192.75249131909365,116
開場前 1 時間,192.75249131909365,194.98445997580495,126
開場前 1 時間,194.98445997580495,197.24227361148533,127
開場前 1 時間,197.24227361148533,199.5262314968883,95
開場前 1 時間,199.5262314968883,201.83663636815598,147
開場前 1 時間,201.83663636815598,204.17379446695315,140
開場前 1 時間,204.17379446695315,206.5380155810527,99
開場前 1 時間,206.5380155810527,208.92961308540407,107
開場前 1 時間,208.92961308540407,211.3489039836652,143
開場前 1 時間,211.3489039836652,213.79620895022325,163
開場前 1 時間,213.79620895022325,216.27185237270245,136
開場前 1 時間,216.27185237270245,218.77616239495518,115
開場前 1 時間,218.77616239495518,221.30947096056408,136
開場前 1 時間,221.30947096056408,223.87211385683378,125
開場前 1 時間,223.87211385683378,226.4644307593062,146
開場前 1 時間,226.4644307593062,229.08676527677702,119
開場前 1 時間,229.08676527677702,231.73946499684797,106
開場前 1 時間,231.73946499684797,234.42288153199274,117
開場前 1 時間,234.42288153199274,237.13737056616552,148
開場前 1 時間,237.13737056616552,239.8832919019495,219
開場前 1 時間,239.8832919019495,242.66100950824142,358
開場前 1 時間,242.66100950824142,245.47089156850336,122
開場前 1 時間,245.47089156850336,248.3133105295568,138
開場前 1 時間,248.3133105295568,251.18864315095823,83
開場前 1 時間,251.18864315095823,254.09727055493013,111
開場前 1 時間,254.09727055493013,257.03957827688646,84
開場前 1 時間,257.03957827688646,260.01595631652776,82
開場前 1 時間,260.01595631652776,263.02679918953817,106
開場前 1 時間,263.02679918953817,266.0725059798814,98
開場前 1 時間,266.0725059798814,269.1534803926914,148
開場前 1 時間,269.1534803926914,272.27013080779153,122
開場前 1 時間,272.27013080779153,275.4228703338163,79
開場前 1 時間,275.4228703338163,278.61211686297725,120
開場前 1 時間,278.61211686297725,281.83829312644605,93
開場前 1 時間,281.83829312644605,285.10182675039096,99
開場前 1 時間,285.10182675039096,288.4031503126612,96
開場前 1 時間,288.4031503126612,291.7427014001166,121
開場前 1 時間,291.7427014001166,295.120922666639,102
開場前 1 時間,295.120922666639,298.53826189179574,162
開場前 1 時間,298.53826189179574,301.9951720402019,180
開場前 1 時間,301.9951720402019,305.4921113215509,136
開場前 1 時間,305.4921113215509,309.0295432513592,115
開場前 1 時間,309.0295432513592,312.6079367123962,123
開場前 1 時間,312.6079367123962,316.22776601683796,74
開場前 1 時間,316.22776601683796,319.88951096914036,75
開場前 1 時間,319.88951096914036,323.5936569296281,107
開場前 1 時間,323.5936569296281,327.34069487883863,97
開場前 1 時間,327.34069487883863,331.13112148259074,78
開場前 1 時間,331.13112148259074,334.9654391578279,119
開場前 1 時間,334.9654391578279,338.844156139202,105
開場前 1 時間,338.844156139202,342.76778654645045,77
開場前 1 時間,342.76778654645045,346.7368504525324,54
開場前 1 時間,346.7368504525324,350.75187395256796,82
開場前 1 時間,350.75187395256796,354.81338923357606,96
開場前 1 時間,354.81338923357606,358.92193464500497,91
開場前 1 時間,358.92193464500497,363.07805477010174,129
開場前 1 時間,363.07805477010174,367.2823004980842,95
開場前 1 時間,367.2823004980842,371.53522909717276,91
開場前 1 時間,371.53522909717276,375.8374042884451,74
開場前 1 時間,375.8374042884451,380.1893963205613,65
開場前 1 時間,380.1893963205613,384.5917820453543,89
開場前 1 時間,384.5917820453543,389.04514499428046,76
開場前 1 時間,389.04514499428046,393.550075455778,61
開場前 1 時間,393.550075455778,398.1071705534969,62
開場前 1 時間,398.1071705534969,402.7170343254595,45
開場前 1 時間,402.7170343254595,407.3802778041122,67
開場前 1 時間,407.3802778041122,412.0975190973304,81
開場前 1 時間,412.0975190973304,416.86938347033634,73
開場前 1 時間,416.86938347033634,421.6965034285823,79
開場前 1 時間,421.6965034285823,426.57951880159345,69
開場前 1 時間,426.57951880159345,431.519076827765,64
開場前 1 時間,431.519076827765,436.51583224016656,55
開場前 1 時間,436.51583224016656,441.5704473533121,60
開場前 1 時間,441.5704473533121,446.6835921509635,54
開場前 1 時間,446.6835921509635,451.8559443749217,64
開場前 1 時間,451.8559443749217,457.0881896148752,55
開場前 1 時間,457.0881896148752,462.3810213992613,50
開場前 1 時間,462.3810213992613,467.73514128719813,58
開場前 1 時間,467.73514128719813,473.15125896148123,46
開場前 1 時間,473.15125896148123,478.630092322638,58
開場前 1 時間,478.630092322638,484.1723675840999,114
開場前 1 時間,484.1723675840999,489.7788193684456,63
開場前 1 時間,489.7788193684456,495.45019080479057,66
開場前 1 時間,495.45019080479057,501.18723362727354,68
開場前 1 時間,501.18723362727354,506.99070827470445,43
開場前 1 時間,506.99070827470445,512.8613839913659,74
開場前 1 時間,512.8613839913659,518.8000389289609,60
開場前 1 時間,518.8000389289609,524.8074602497734,94
開場前 1 時間,524.8074602497734,530.8844442309879,77
開場前 1 時間,530.8844442309879,537.0317963702532,57
開場前 1 時間,537.0317963702532,543.2503314924325,98
開場前 1 時間,543.2503314924325,549.5408738576248,56
開場前 1 時間,549.5408738576248,555.9042572704049,44
開場前 1 時間,555.9042572704049,562.341325190349,32
開場前 1 時間,562.341325190349,568.8529308438425,41
開場前 1 時間,568.8529308438425,575.4399373371566,39
開場前 1 時間,575.4399373371566,582.1032177708722,33
開場前 1 時間,582.1032177708722,588.8436553555883,48
開場前 1 時間,588.8436553555883,595.6621435290109,74
開場前 1 時間,595.6621435290109,602.5595860743568,97
開場前 1 時間,602.5595860743568,609.5368972401693,65
開場前 1 時間,609.5368972401693,616.5950018614835,52
開場前 1 時間,616.5950018614835,623.7348354824192,56
開場前 1 時間,623.7348354824192,630.9573444801943,58
開場前 1 時間,630.9573444801943,638.2634861905483,40
開場前 1 時間,638.2634861905483,645.6542290346563,46
開場前 1 時間,645.6542290346563,653.1305526474716,43
開場前 1 時間,653.1305526474716,660.6934480075964,75
開場前 1 時間,660.6934480075964,668.3439175686162,52
開場前 1 時間,668.3439175686162,676.0829753919819,47
開場前 1 時間,676.0829753919819,683.9116472814306,44
開場前 1 時間,683.9116472814306,691.8309709189363,53
開場前 1 時間,691.8309709189363,699.8419960022745,28
開場前 1 時間,699.8419960022745,707.9457843841374,47
開場前 1 時間,707.9457843841374,716.1434102129027,46
開場前 1 時間,716.1434102129027,724.4359600749891,64
開場前 1 時間,724.4359600749891,732.8245331389045,37
開場前 1 時間,732.8245331389045,741.3102413009192,37
開場前 1 時間,741.3102413009192,749.8942093324558,57
開場前 1 時間,749.8942093324558,758.5775750291851,55
開場前 1 時間,758.5775750291851,767.3614893618186,35
開場前 1 時間,767.3614893618186,776.2471166286928,37
開場前 1 時間,776.2471166286928,785.235634610071,36
開場前 1 時間,785.235634610071,794.3282347242822,54
開場前 1 時間,794.3282347242822,803.526122185616,53
開場前 1 時間,803.526122185616,812.8305161640995,46
開場前 1 時間,812.8305161640995,822.2426499470729,45
開場前 1 時間,822.2426499470729,831.7637711026708,64
開場前 1 時間,831.7637711026708,841.3951416451964,34
開場前 1 時間,841.3951416451964,851.1380382023759,33
開場前 1 時間,851.1380382023759,860.9937521846016,38
開場前 1 時間,860.9937521846016,870.9635899560797,43
開場前 1 時間,870.9635899560797,881.0488730080147,70
開場前 1 時間,881.0488730080147,891.2509381337477,32
開場前 1 時間,891.2509381337477,901.571137605957,105
開場前 1 時間,901.571137605957,912.0108393559116,52
開場前 1 時間,912.0108393559116,922.5714271547629,40
開場前 1 時間,922.5714271547629,933.2543007969924,39
開場前 1 時間,933.2543007969924,944.0608762859226,24
開場前 1 時間,944.0608762859226,954.9925860214369,33
開場前 1 時間,954.9925860214369,966.0508789898121,52
開場前 1 時間,966.0508789898121,977.2372209558112,36
開場前 1 時間,977.2372209558112,988.5530946569411,20
開場前 1 時間,988.5530946569411,1000.0,25
開場前 1 時間,1000.0,1011.5794542599003,31
開場前 1 時間,1011.5794542599003,1023.2929922807537,30
開場前 1 時間,1023.2929922807537,1035.142166679345,35
開場前 1 時間,1035.142166679345,1047.1285480508984,34
開場前 1 時間,1047.1285480508984,1059.2537251772897,17
開場前 1 時間,1059.2537251772897,1071.5193052376092,27
開場前 1 時間,1071.5193052376092,1083.9269140212039,28
開場前 1 時間,1083.9269140212039,1096.4781961431872,39
開場前 1 時間,1096.4781961431872,1109.174815262401,20
開場前 1 時間,1109.174815262401,1122.0184543019652,21
開場前 1 時間,1122.0184543019652,1135.0108156723143,25
開場前 1 時間,1135.0108156723143,1148.1536214968842,19
開場前 1 時間,1148.1536214968842,1161.4486138403415,13
開場前 1 時間,1161.4486138403415,1174.8975549395302,38
開場前 1 時間,1174.8975549395302,1188.5022274370212,20
開場前 1 時間,1188.5022274370212,1202.2644346174131,46
開場前 1 時間,1202.2644346174131,1216.1860006463703,25
開場前 1 時間,1216.1860006463703,1230.268770812381,24
開場前 1 時間,1230.268770812381,1244.5146117713869,24
開場前 1 時間,1244.5146117713869,1258.9254117941662,33
開場前 1 時間,1258.9254117941662,1273.503081016663,23
開場前 1 時間,1273.503081016663,1288.2495516931324,29
開場前 1 時間,1288.2495516931324,1303.1667784523,14
開場前 1 時間,1303.1667784523,1318.25673855641,30
開場前 1 時間,1318.25673855641,1333.521432163324,27
開場前 1 時間,1333.521432163324,1348.9628825916561,19
開場前 1 時間,1348.9628825916561,1364.583136588924,15
開場前 1 時間,1364.583136588924,1380.3842646028866,20
開場前 1 時間,1380.3842646028866,1396.3683610559362,27
開場前 1 時間,1396.3683610559362,1412.5375446227554,41
開場前 1 時間,1412.5375446227554,1428.8939585111066,19
開場前 1 時間,1428.8939585111066,1445.439770745928,22
開場前 1 時間,1445.439770745928,1462.1771744567213,38
開場前 1 時間,1462.1771744567213,1479.1083881682073,22
開場前 1 時間,1479.1083881682073,1496.2356560944359,22
開場前 1 時間,1496.2356560944359,1513.5612484362073,18
開場前 1 時間,1513.5612484362073,1531.087461682032,25
開場前 1 時間,1531.087461682032,1548.8166189124795,14
開場前 1 時間,1548.8166189124795,1566.75107010815,22
開場前 1 時間,1566.75107010815,1584.8931924611175,29
開場前 1 時間,1584.8931924611175,1603.2453906900419,27
開場前 1 時間,1603.2453906900419,1621.8100973589333,20
開場前 1 時間,1621.8100973589333,1640.5897731995387,18
開場前 1 時間,1640.5897731995387,1659.586907437563,25
開場前 1 時間,1659.586907437563,1678.804018122559,14
開場前 1 時間,1678.804018122559,1698.243652461746,23
開場前 1 時間,1698.243652461746,1717.9083871575858,24
開場前 1 時間,1717.9083871575858,1737.8008287493763,22
開場前 1 時間,1737.8008287493763,1757.9236139586967,9
開場前 1 時間,1757.9236139586967,1778.2794100389228,10
開場前 1 時間,1778.2794100389228,1798.870915128791,12
開場前 1 時間,1798.870915128791,1819.7008586099826,24
開場前 1 時間,1819.7008586099826,1840.7720014689583,33
開場前 1 時間,1840.7720014689583,1862.0871366628655,18
開場前 1 時間,1862.0871366628655,1883.649089489802,18
開場前 1 時間,1883.649089489802,1905.4607179632521,20
開場前 1 時間,1905.4607179632521,1927.5249131909366,15
開場前 1 時間,1927.5249131909366,1949.8445997580495,7
開場前 1 時間,1949.8445997580495,1972.4227361148535,7
開場前 1 時間,1972.4227361148535,1995.262314968883,15
開場前 1 時間,1995.262314968883,2018.3663636815597,23
開場前 1 時間,2018.3663636815597,2041.7379446695318,25
開場前 1 時間,2041.7379446695318,2065.380155810527,14
開場前 1 時間,2065.380155810527,2089.2961308540407,18
開場前 1 時間,2089.2961308540407,2113.489039836652,8
開場前 1 時間,2113.489039836652,2137.9620895022326,9
開場前 1 時間,2137.9620895022326,2162.7185237270246,11
開場前 1 時間,2162.7185237270246,2187.761623949552,5
開場前 1 時間,2187.761623949552,2213.094709605641,7
開場前 1 時間,2213.094709605641,2238.7211385683377,10
開場前 1 時間,2238.7211385683377,2264.644307593062,14
開場前 1 時間,2264.644307593062,2290.86765276777,5
開場前 1 時間,2290.86765276777,2317.39464996848,12
開場前 1 時間,2317.39464996848,2344.2288153199274,10
開場前 1 時間,2344.2288153199274,2371.373705661655,20
開場前 1 時間,2371.373705661655,2398.832919019495,6
開場前 1 時間,2398.832919019495,2426.6100950824143,8
開場前 1 時間,2426.6100950824143,2454.7089156850334,12
開場前 1 時間,2454.7089156850334,2483.133105295568,15
開場前 1 時間,2483.133105295568,2511.886431509582,11
開場前 1 時間,2511.886431509582,2540.9727055493117,27
開場前 1 時間,2540.9727055493117,2570.3957827688646,11
開場前 1 時間,2570.3957827688646,2600.1595631652776,17
開場前 1 時間,2600.1595631652776,2630.2679918953813,7
開場前 1 時間,2630.2679918953813,2660.725059798814,17
開場前 1 時間,2660.725059798814,2691.534803926914,6
開場前 1 時間,2691.534803926914,2722.7013080779157,49
開場前 1 時間,2722.7013080779157,2754.228703338163,18
開場前 1 時間,2754.228703338163,2786.121168629772,14
開場前 1 時間,2786.121168629772,2818.3829312644607,15
開場前 1 時間,2818.3829312644607,2851.0182675039096,4
開場前 1 時間,2851.0182675039096,2884.031503126612,8
開場前 1 時間,2884.031503126612,2917.427014001166,10
開場前 1 時間,2917.427014001166,2951.20922666639,4
開場前 1 時間,2951.20922666639,2985.382618917957,4
開場前 1 時間,2985.382618917957,3019.951720402019,18
開場前 1 時間,3019.951720402019,3054.921113215509,16
開場前 1 時間,3054.921113215509,3090.295432513592,15
開場前 1 時間,3090.295432513592,3126.079367123962,6
開場前 1 時間,3126.079367123962,3162.2776601683795,15
開場前 1 時間,3162.2776601683795,3198.895109691404,4
開場前 1 時間,3198.895109691404,3235.936569296281,6
開場前 1 時間,3235.936569296281,3273.406948788386,14
開場前 1 時間,3273.406948788386,3311.311214825908,10
開場前 1 時間,3311.311214825908,3349.6543915782795,4
開場前 1 時間,3349.6543915782795,3388.441561392034,4
開場前 1 時間,3388.441561392034,3427.6778654645045,15
開場前 1 時間,3427.6778654645045,3467.3685045253237,29
開場前 1 時間,3467.3685045253237,3507.5187395256794,9
開場前 1 時間,3507.5187395256794,3548.1338923357603,7
開場前 1 時間,3548.1338923357603,3589.2193464500497,4
開場前 1 時間,3589.2193464500497,3630.7805477010174,13
開場前 1 時間,3630.7805477010174,3672.8230049808426,6
開場前 1 時間,3672.8230049808426,3715.3522909717276,4
開場前 1 時間,3715.3522909717276,3758.374042884451,7
開場前 1 時間,3758.374042884451,3801.8939632056126,6
開場前 1 時間,3801.8939632056126,3845.9178204535433,97
開場前 1 時間,3845.9178204535433,3890.4514499428046,3
開場前 1 時間,3890.4514499428046,3935.5007545577805,7
開場前 1 時間,3935.5007545577805,3981.071705534969,7
開場前 1 時間,3981.071705534969,4027.170343254595,6
開場前 1 時間,4027.170343254595,4073.802778041122,1
開場前 1 時間,4073.802778041122,4120.975190973304,18
開場前 1 時間,4120.975190973304,4168.693834703364,4
開場前 1 時間,4168.693834703364,4216.965034285822,4
開場前 1 時間,4216.965034285822,4265.795188015934,1
開場前 1 時間,4265.795188015934,4315.19076827765,4
開場前 1 時間,4365.158322401666,4415.704473533121,2
開場前 1 時間,4415.704473533121,4466.835921509635,1
開場前 1 時間,4466.835921509635,4518.5594437492355,1
開場前 1 時間,4518.5594437492355,4570.881896148751,6
開場前 1 時間,4570.881896148751,4623.810213992613,4
開場前 1 時間,4623.810213992613,4677.351412871981,2
開場前 1 時間,4677.351412871981,4731.512589614813,5
開場前 1 時間,4731.512589614813,4786.30092322638,2
開場前 1 時間,4841.723675840999,4897.788193684456,2
開場前 1 時間,4897.788193684456,4954.501908047905,1
開場前 1 時間,4954.501908047905,5011.872336272735,1
開場前 1 時間,5069.907082747044,5128.613839913659,7
開場前 1 時間,5188.000389289609,5248.074602497733,3
開場前 1 時間,5370.317963702532,5432.503314924325,9
開場前 1 時間,5495.408738576249,5559.042572704048,10
開場前 1 時間,5559.042572704048,5623.413251903491,13
開場前 1 時間,5623.413251903491,5688.529308438425,2
開場前 1 時間,5688.529308438425,5754.399373371566,2
開場前 1 時間,5754.399373371566,5821.032177708722,22
開場前 1 時間,5821.032177708722,5888.436553555884,1
開場前 1 時間,5888.436553555884,5956.62143529011,8
開場前 1 時間,5956.62143529011,6025.595860743593,2
開場前 1 時間,6165.950018614834,6237.348354824191,7
開場前 1 時間,6237.348354824191,6309.573444801943,5
開場前 1 時間,6382.6348619054825,6456.542290346562,1
開場前 1 時間,6456.542290346562,6531.305526474716,1
開場前 1 時間,6531.305526474716,6606.9344800759645,2
開場前 1 時間,6683.439175686162,6760.829753919819,1
開場前 1 時間,6760.829753919819,6839.116472814307,12
開場前 1 時間,6918.309709189362,6998.419960022746,3
開場前 1 時間,7079.457843841374,7161.434102129027,2
開場前 1 時間,7161.434102129027,7244.359600749891,3
開場前 1 時間,7244.359600749891,7328.245331389045,1
開場前 1 時間,7328.245331389045,7413.102413009192,1
開場前 1 時間,7498.942093324558,7585.775750291851,1
開場前 1 時間,7673.614893618185,7762.471166286928,2
開場前 1 時間,7762.471166286928,7852.35634610071,13
開場前 1 時間,7852.35634610071,7943.282347242822,6
開場前 1 時間,8413.951416451964,8511.380382023759,1
開場前 1 時間,9332.543007969924,9440.608762859227,1
開場前 1 時間,9440.608762859227,9549.92586021437,2
開場前 1 時間,10232.929922807536,10351.421666793452,2
開場前 1 時間,11220.184543019654,11350.108156723143,5
開場前 1 時間,11748.975549395303,11885.022274370214,3
開場前 1 時間,11885.022274370214,12022.644346174131,1
開場前 1 時間,12302.68770812381,12445.14611771387,2
開場前 1 時間,12589.254117941662,12735.030810166629,8
開場前 1 時間,12735.030810166629,12882.495516931323,4
開場前 1 時間,13335.21432163324,13489.628825916561,1
開場前 1 時間,13489.628825916561,13645.831365889238,1
開場前 1 時間,13803.842646028867,13963.683610559363,5
開場前 1 時間,14791.083881682072,14962.35656094436,2
開場前 1 時間,15135.612484362071,15310.87461682032,1
開場前 1 時間,15310.87461682032,15488.166189124795,1
開場前 1 時間,15848.931924611174,16032.453906900417,1
開場前 1 時間,16032.453906900417,16218.100973589331,2
開場前 1 時間,16218.100973589331,16405.89773199539,1
開場前 1 時間,16405.89773199539,16595.86907437563,1
開場前 1 時間,18197.008586099826,18407.72001468958,1
開場前 1 時間,18620.871366628657,18836.49089489802,1
開場前 1 時間,18836.49089489802,19054.607179632523,1
開場前 1 時間,19054.607179632523,19275.249131909368,2
開場前 1 時間,19498.445997580493,19724.227361148533,6
開場前 1 時間,23988.32919019495,24266.100950824144,2
開場前 1 時間,25409.727055493116,25703.957827688646,1
開場前 1 時間,25703.957827688646,26001.595631652774,1
開場前 1 時間,26607.25059798814,26915.348039269138,3
開場前 1 時間,27861.211686297724,28183.829312644608,2
開場前 1 時間,28840.315031266116,29174.27014001166,1
開場前 1 時間,29853.82618917957,30199.51720402019,1
開場前 1 時間,30199.51720402019,30549.21113215509,1
開場前 1 時間,30549.21113215509,30902.95432513592,2
開場前 1 時間,31260.793671239622,31622.776601683792,1
開場前 1 時間,33113.112148259075,33496.54391578279,36
開場前 1 時間,35075.18739525679,35481.3389233576,4
開場前 1 時間,35481.3389233576,35892.193464500495,6
開場前 1 時間,35892.193464500495,36307.80547701017,6
開場前 1 時間,36307.80547701017,36728.23004980842,12
開場前 1 時間,36728.23004980842,37153.52290971728,27
開場前 1 時間,37153.52290971728,37583.74042884451,8
開場前 1 時間,37583.74042884451,38018.93963205613,1
開場前 1 時間,38904.51449942805,39355.007545577806,3
開場前 1 時間,39355.007545577806,39810.71705534969,9
開場前 1 時間,39810.71705534969,40271.703432545946,2
開場前 1 時間,40271.703432545946,40738.02778041122,1
開場前 1 時間,40738.02778041122,41209.751909733044,15
開場前 1 時間,41209.751909733044,41686.93834703363,1
開場前 1 時間,41686.93834703363,42169.65034285822,3
開場前 1 時間,42169.65034285822,42657.951880159344,2
開場前 1 時間,44157.044735331205,44668.359215096345,1
開場前 1 時間,45708.818961487515,46238.10213992613,6
開場前 1 時間,46238.10213992613,46773.51412871981,6
開場前 1 時間,46773.51412871981,47315.12589614812,7
開場前 1 時間,47315.12589614812,47863.0092322638,10
開場前 1 時間,47863.0092322638,48417.23675840999,4
開場前 1 時間,49545.019080479055,50118.72336272735,5
開場前 1 時間,50699.070827470445,51286.13839913659,2
開場前 1 時間,51880.00389289609,52480.746024977336,10
開場前 1 時間,52480.746024977336,53088.444423098794,3
開場前 1 時間,53088.444423098794,53703.17963702533,3
開場前 1 時間,53703.17963702533,54325.03314924325,5
開場前 1 時間,54325.03314924325,54954.08738576248,1
開場前 1 時間,54954.08738576248,55590.425727040485,1
開場前 1 時間,56234.13251903491,56885.29308438425,4
開場前 1 時間,56885.29308438425,57543.993733715666,6
開場前 1 時間,58210.321777087214,58884.36553555884,1
開場前 1 時間,59566.214352901094,60255.95860743593,1
開場前 1 時間,60255.95860743593,60953.689724016935,1
開場前 1 時間,60953.689724016935,61659.50018614835,4
開場前 1 時間,62373.483548241915,63095.73444801943,3
開場前 1 時間,68391.16472814306,69183.09709189362,1
開場前 1 時間,72443.59600749891,73282.45331389045,20
開場前 1 時間,75857.75750291851,76736.14893618185,1
開場前 1 時間,79432.82347242821,80352.61221856193,1
開場前 1 時間,85113.80382023759,86099.37521846016,2
開場前 1 時間,86099.37521846016,87096.35899560797,20
開場前 1 時間,87096.35899560797,88104.88730080146,4
開場前 1 時間,88104.88730080146,89125.09381337477,2
開場前 1 時間,92257.14271547628,93325.43007969925,1
開場前 1 時間,105925.37251772897,107151.93052376092,2
開場前 1 時間,123026.87708123811,124451.4611771387,26
開場前 1 時間,124451.4611771387,125892.54117941661,37
開場前 1 時間,125892.54117941661,127350.30810166629,1
開場前 1 時間,127350.30810166629,128824.95516931322,1
開場前 1 時間,146217.71744567214,147910.83881682073,1
開場前 1 時間,147910.83881682073,149623.56560944358,2
開場前 1 時間,149623.56560944358,151356.12484362072,2
開場前 1 時間,177827.94100389228,179887.0915128791,1
開場前 1 時間,188364.9089489802,190546.0717963252,2
開場前 1 時間,208929.6130854041,211348.9039836652,1
開場前 1 時間,211348.9039836652,213796.20895022326,1
開場前 1 時間,213796.20895022326,216271.85237270244,3
開場前 1 時間,216271.85237270244,218776.16239495517,1
開場前 1 時間,218776.16239495517,221309.4709605641,1
開場前 1 時間,221309.4709605641,223872.11385683378,1
開場前 1 時間,229086.765276777,231739.46499684796,2
開場前 1 時間,242661.00950824143,245470.89156850334,1
開場前 1 時間,251188.6431509582,254097.27055493116,2
開場前 1 時間,257039.57827688646,260015.95631652774,1
開場前 1 時間,260015.95631652774,263026.7991895382,3
開場前 1 時間,263026.7991895382,266072.5059798814,1
開場前 1 時間,266072.5059798814,269153.4803926914,8
開場前 1 時間,278612.1168629772,281838.2931264461,1
開場前 1 時間,295120.92266663903,298538.26189179573,1
開場前 1 時間,298538.26189179573,301995.1720402019,4
開場前 1 時間,301995.1720402019,305492.1113215509,9
開場前 1 時間,323593.6569296281,327340.6948788386,104
開場前 1 時間,350751.8739525679,354813.389233576,1
開場前 1 時間,375837.4042884451,380189.39632056124,1
開場前 1 時間,389045.1449942805,393550.07545577805,1
開場前 1 時間,1603245.3906900417,1621810.0973589332,12
開場後 1 時間,0.026001595631652722,0.026302679918953815,1
開場後 1 時間,0.03090295432513592,0.03126079367123956,5
開場後 1 時間,0.033496543915782793,0.03388441561392028,2
開場後 1 時間,0.03388441561392028,0.03427677865464505,2
開場後 1 時間,0.03630780547701017,0.0367282300498085,5
開場後 1 時間,0.03758374042884443,0.038018939632056124,1
開場後 1 時間,0.038018939632056124,0.03845917820453535,5
開場後 1 時間,0.03845917820453535,0.03890451449942805,2
開場後 1 時間,0.03890451449942805,0.039355007545577726,2
開場後 1 時間,0.039355007545577726,0.039810717055349776,1
開場後 1 時間,0.039810717055349776,0.04027170343254595,13
開場後 1 時間,0.04027170343254595,0.0407380277804113,5
開場後 1 時間,0.0407380277804113,0.04120975190973304,5
開場後 1 時間,0.04168693834703355,0.042169650342858224,3
開場後 1 時間,0.042169650342858224,0.04265795188015926,4
開場後 1 時間,0.04265795188015926,0.0431519076827765,4
開場後 1 時間,0.0431519076827765,0.04365158322401665,24
開場後 1 時間,0.04365158322401665,0.044157044735331295,24
開場後 1 時間,0.044157044735331295,0.04466835921509635,8
開場後 1 時間,0.04466835921509635,0.04518559443749226,9
開場後 1 時間,0.04518559443749226,0.04570881896148752,35
開場後 1 時間,0.04570881896148752,0.04623810213992603,20
開場後 1 時間,0.04623810213992603,0.046773514128719815,46
開場後 1 時間,0.046773514128719815,0.04731512589614803,66
開場後 1 時間,0.04731512589614803,0.0478630092322638,51
開場後 1 時間,0.0478630092322638,0.04841723675840999,71
開場後 1 時間,0.04841723675840999,0.048977881936844665,53
開場後 1 時間,0.048977881936844665,0.04954501908047906,112
開場後 1 時間,0.04954501908047906,0.05011872336272725,146
開場後 1 時間,0.05011872336272725,0.050699070827470445,186
開場後 1 時間,0.050699070827470445,0.05128613839913648,92
開場後 1 時間,0.05128613839913648,0.0518800038928961,133
開場後 1 時間,0.0518800038928961,0.05248074602497723,192
開場後 1 時間,0.05248074602497723,0.0530884444230989,192
開場後 1 時間,0.0530884444230989,0.053703179637025325,235
開場後 1 時間,0.053703179637025325,0.05432503314924336,282
開場後 1 時間,0.05432503314924336,0.05495408738576248,314
開場後 1 時間,0.05495408738576248,0.05559042572704037,306
開場後 1 時間,0.05559042572704037,0.05623413251903491,275
開場後 1 時間,0.05623413251903491,0.05688529308438413,433
開場後 1 時間,0.05688529308438413,0.057543993733715666,327
開場後 1 時間,0.057543993733715666,0.058210321777087216,591
開場後 1 時間,0.058210321777087216,0.05888436553555896,496
開場後 1 時間,0.05888436553555896,0.059566214352901097,509
開場後 1 時間,0.059566214352901097,0.06025595860743581,626
開場後 1 時間,0.06025595860743581,0.060953689724016935,781
開場後 1 時間,0.060953689724016935,0.06165950018614822,913
開場後 1 時間,0.06165950018614822,0.06237348354824192,1135
開場後 1 時間,0.06237348354824192,0.0630957344480193,1343
開場後 1 時間,0.0630957344480193,0.06382634861905495,1319
開場後 1 時間,0.06382634861905495,0.06456542290346562,1682
開場後 1 時間,0.06456542290346562,0.06531305526474729,1566
開場後 1 時間,0.06531305526474729,0.06606934480075964,1922
開場後 1 時間,0.06606934480075964,0.06683439175686148,2134
開場後 1 時間,0.06683439175686148,0.06760829753919818,1692
開場後 1 時間,0.06760829753919818,0.06839116472814293,1839
開場後 1 時間,0.06839116472814293,0.06918309709189363,1807
開場後 1 時間,0.06918309709189363,0.06998419960022731,1439
開場後 1 時間,0.06998419960022731,0.07079457843841387,1302
開場後 1 時間,0.07079457843841387,0.07161434102129027,1263
開場後 1 時間,0.07161434102129027,0.07244359600749906,1191
開場後 1 時間,0.07244359600749906,0.07328245331389044,935
開場後 1 時間,0.07328245331389044,0.07413102413009177,1073
開場後 1 時間,0.07413102413009177,0.07498942093324558,784
開場後 1 時間,0.07498942093324558,0.07585775750291836,686
開場後 1 時間,0.07585775750291836,0.07673614893618186,690
開場後 1 時間,0.07673614893618186,0.07762471166286927,650
開場後 1 時間,0.07762471166286927,0.07852356346100726,619
開場後 1 時間,0.07852356346100726,0.07943282347242822,510
開場後 1 時間,0.07943282347242822,0.08035261221856177,596
開場後 1 時間,0.08035261221856177,0.08128305161640995,495
開場後 1 時間,0.08128305161640995,0.08222426499470713,428
開場後 1 時間,0.08222426499470713,0.08317637711026708,457
開場後 1 時間,0.08317637711026708,0.08413951416451948,492
開場後 1 時間,0.08413951416451948,0.08511380382023777,494
開場後 1 時間,0.08511380382023777,0.08609937521846016,459
開場後 1 時間,0.08609937521846016,0.08709635899560814,420
開場後 1 時間,0.08709635899560814,0.08810488730080146,290
開場後 1 時間,0.08810488730080146,0.08912509381337459,268
開場後 1 時間,0.08912509381337459,0.09015711376059571,219
開場後 1 時間,0.09015711376059571,0.09120108393559097,362
開場後 1 時間,0.09120108393559097,0.09225714271547629,271
開場後 1 時間,0.09225714271547629,0.09332543007969905,213
開場後 1 時間,0.09332543007969905,0.09440608762859246,290
開場後 1 時間,0.09440608762859246,0.09549925860214369,193
開場後 1 時間,0.09549925860214369,0.09660508789898141,248
開場後 1 時間,0.09660508789898141,0.09772372209558111,172
開場後 1 時間,0.09772372209558111,0.0988553094656939,183
開場後 1 時間,0.0988553094656939,0.1,203
開場後 1 時間,0.1,0.10115794542599003,293
開場後 1 時間,0.10115794542599003,0.10232929922807536,277
開場後 1 時間,0.10232929922807536,0.10351421666793452,223
開場後 1 時間,0.10351421666793452,0.10471285480508985,193
開場後 1 時間,0.10471285480508985,0.10592537251772897,269
開場後 1 時間,0.10592537251772897,0.10715193052376049,261
開場後 1 時間,0.10715193052376049,0.10839269140212039,307
開場後 1 時間,0.10839269140212039,0.10964781961431873,209
開場後 1 時間,0.10964781961431873,0.11091748152624009,283
開場後 1 時間,0.11091748152624009,0.11220184543019653,316
開場後 1 時間,0.11220184543019653,0.11350108156723143,443
開場後 1 時間,0.11350108156723143,0.1148153621496884,513
開場後 1 時間,0.1148153621496884,0.11614486138403414,461
開場後 1 時間,0.11614486138403414,0.11748975549395303,527
開場後 1 時間,0.11748975549395303,0.11885022274370165,541
開場後 1 時間,0.11885022274370165,0.12022644346174131,598
開場後 1 時間,0.12022644346174131,0.12161860006463704,773
開場後 1 時間,0.12161860006463704,0.1230268770812381,880
開場後 1 時間,0.1230268770812381,0.12445146117713869,845
開場後 1 時間,0.12445146117713869,0.12589254117941662,1060
開場後 1 時間,0.12589254117941662,0.12735030810166628,1363
開場後 1 時間,0.12735030810166628,0.12882495516931322,1529
開場後 1 時間,0.12882495516931322,0.13031667784523,1990
開場後 1 時間,0.13031667784523,0.131825673855641,2515
開場後 1 時間,0.131825673855641,0.1333521432163324,3046
開場後 1 時間,0.1333521432163324,0.1348962882591656,2814
開場後 1 時間,0.1348962882591656,0.13645831365889238,2602
開場後 1 時間,0.13645831365889238,0.13803842646028866,2050
開場後 1 時間,0.13803842646028866,0.13963683610559363,1782
開場後 1 時間,0.13963683610559363,0.14125375446227553,1430
開場後 1 時間,0.14125375446227553,0.14288939585111007,1260
開場後 1 時間,0.14288939585111007,0.1445439770745928,834
開場後 1 時間,0.1445439770745928,0.14621771744567214,959
開場後 1 時間,0.14621771744567214,0.1479108388168207,643
開場後 1 時間,0.1479108388168207,0.1496235656094436,515
開場後 1 時間,0.1496235656094436,0.1513561248436207,513
開場後 1 時間,0.1513561248436207,0.1531087461682032,357
開場後 1 時間,0.1531087461682032,0.15488166189124797,363
開場後 1 時間,0.15488166189124797,0.15667510701081502,280
開場後 1 時間,0.15667510701081502,0.1584893192461111,157
開場後 1 時間,0.1584893192461111,0.16032453906900418,239
開場後 1 時間,0.16032453906900418,0.1621810097358933,262
開場後 1 時間,0.1621810097358933,0.16405897731995386,216
開場後 1 時間,0.16405897731995386,0.1659586907437563,193
開場後 1 時間,0.1659586907437563,0.16788040181225589,210
開場後 1 時間,0.16788040181225589,0.1698243652461746,158
開場後 1 時間,0.1698243652461746,0.1717908387157586,218
開場後 1 時間,0.1717908387157586,0.17378008287493762,223
開場後 1 時間,0.17378008287493762,0.17579236139586965,266
開場後 1 時間,0.17579236139586965,0.1778279410038923,284
開場後 1 時間,0.1778279410038923,0.1798870915128791,278
開場後 1 時間,0.1798870915128791,0.18197008586099825,399
開場後 1 時間,0.18197008586099825,0.18407720014689583,403
開場後 1 時間,0.18407720014689583,0.18620871366628655,363
開場後 1 時間,0.18620871366628655,0.1883649089489802,578
開場後 1 時間,0.1883649089489802,0.19054607179632443,797
開場後 1 時間,0.19054607179632443,0.19275249131909367,1078
開場後 1 時間,0.19275249131909367,0.19498445997580494,1915
開場後 1 時間,0.19498445997580494,0.19724227361148533,2845
開場後 1 時間,0.19724227361148533,0.19952623149688828,3938
開場後 1 時間,0.19952623149688828,0.20183663636815596,6151
開場後 1 時間,0.20183663636815596,0.20417379446695316,5480
開場後 1 時間,0.20417379446695316,0.2065380155810527,3231
開場後 1 時間,0.2065380155810527,0.2089296130854041,2045
開場後 1 時間,0.2089296130854041,0.21134890398366432,1647
開場後 1 時間,0.21134890398366432,0.21379620895022325,1040
開場後 1 時間,0.21379620895022325,0.21627185237270244,694
開場後 1 時間,0.21627185237270244,0.21877616239495518,569
開場後 1 時間,0.21877616239495518,0.2213094709605641,469
開場後 1 時間,0.2213094709605641,0.22387211385683378,423
開場後 1 時間,0.22387211385683378,0.2264644307593062,229
開場後 1 時間,0.2264644307593062,0.22908676527677702,221
開場後 1 時間,0.22908676527677702,0.23173946499684797,214
開場後 1 時間,0.23173946499684797,0.23442288153199276,291
開場後 1 時間,0.23442288153199276,0.23713737056616552,320
開場後 1 時間,0.23713737056616552,0.23988329190194949,263
開場後 1 時間,0.23988329190194949,0.24266100950824143,363
開場後 1 時間,0.24266100950824143,0.24547089156850335,331
開場後 1 時間,0.24547089156850335,0.2483133105295568,365
開場後 1 時間,0.2483133105295568,0.25118864315095824,480
開場後 1 時間,0.25118864315095824,0.25409727055493014,711
開場後 1 時間,0.25409727055493014,0.25703957827688645,921
開場後 1 時間,0.25703957827688645,0.26001595631652774,1486
開場後 1 時間,0.26001595631652774,0.26302679918953814,2089
開場後 1 時間,0.26302679918953814,0.2660725059798814,3200
開場後 1 時間,0.2660725059798814,0.2691534803926914,3789
開場後 1 時間,0.2691534803926914,0.27227013080779155,3252
開場後 1 時間,0.27227013080779155,0.27542287033381635,2186
開場後 1 時間,0.27542287033381635,0.2786121168629772,1669
開場後 1 時間,0.2786121168629772,0.2818382931264449,1331
開場後 1 時間,0.2818382931264449,0.285101826750391,1033
開場後 1 時間,0.285101826750391,0.28840315031266117,978
開場後 1 時間,0.28840315031266117,0.2917427014001166,726
開場後 1 時間,0.2917427014001166,0.29512092266663903,560
開場後 1 時間,0.29512092266663903,0.2985382618917957,573
開場後 1 時間,0.2985382618917957,0.30199517204020193,440
開場後 1 時間,0.30199517204020193,0.3054921113215509,585
開場後 1 時間,0.3054921113215509,0.30902954325135923,563
開場後 1 時間,0.30902954325135923,0.31260793671239623,604
開場後 1 時間,0.31260793671239623,0.31622776601683794,671
開場後 1 時間,0.31622776601683794,0.31988951096914037,1030
開場後 1 時間,0.31988951096914037,0.3235936569296281,1291
開場後 1 時間,0.3235936569296281,0.3273406948788386,2142
開場後 1 時間,0.3273406948788386,0.3311311214825908,3585
開場後 1 時間,0.3311311214825908,0.33496543915782795,6020
開場後 1 時間,0.33496543915782795,0.33884415613920205,5947
開場後 1 時間,0.33884415613920205,0.34276778654645046,3750
開場後 1 時間,0.34276778654645046,0.3467368504525324,2387
開場後 1 時間,0.3467368504525324,0.35075187395256796,1855
開場後 1 時間,0.35075187395256796,0.354813389233576,1264
開場後 1 時間,0.354813389233576,0.358921934645005,923
開場後 1 時間,0.358921934645005,0.36307805477010174,785
開場後 1 時間,0.36307805477010174,0.36728230049808425,656
開場後 1 時間,0.36728230049808425,0.3715352290971728,664
開場後 1 時間,0.3715352290971728,0.3758374042884451,757
開場後 1 時間,0.3758374042884451,0.38018939632056126,714
開場後 1 時間,0.38018939632056126,0.3845917820453543,891
開場後 1 時間,0.3845917820453543,0.3890451449942805,1302
開場後 1 時間,0.3890451449942805,0.393550075455778,2583
開場後 1 時間,0.393550075455778,0.3981071705534969,6476
開場後 1 時間,0.3981071705534969,0.40271703432545947,14703
開場後 1 時間,0.40271703432545947,0.4073802778041122,14478
開場後 1 時間,0.4073802778041122,0.4120975190973304,6377
開場後 1 時間,0.4120975190973304,0.41686938347033636,3371
開場後 1 時間,0.41686938347033636,0.4216965034285822,1949
開場後 1 時間,0.4216965034285822,0.42657951880159345,1332
開場後 1 時間,0.42657951880159345,0.431519076827765,1135
開場後 1 時間,0.431519076827765,0.43651583224016655,952
開場後 1 時間,0.43651583224016655,0.4415704473533121,985
開場後 1 時間,0.4415704473533121,0.4466835921509635,1202
開場後 1 時間,0.4466835921509635,0.4518559443749217,1521
開場後 1 時間,0.4518559443749217,0.4570881896148752,2167
開場後 1 時間,0.4570881896148752,0.4623810213992613,3519
開場後 1 時間,0.4623810213992613,0.4677351412871981,6610
開場後 1 時間,0.4677351412871981,0.47315125896148125,6979
開場後 1 時間,0.47315125896148125,0.47863009232263803,4826
開場後 1 時間,0.47863009232263803,0.48417236758409987,3397
開場後 1 時間,0.48417236758409987,0.48977881936844564,2722
開場後 1 時間,0.48977881936844564,0.4954501908047905,1864
開場後 1 時間,0.4954501908047905,0.5011872336272735,1211
開場後 1 時間,0.5011872336272735,0.5069907082747045,1172
開場後 1 時間,0.5069907082747045,0.5128613839913658,1057
開場後 1 時間,0.5128613839913658,0.518800038928961,1469
開場後 1 時間,0.518800038928961,0.5248074602497733,1873
開場後 1 時間,0.5248074602497733,0.5308844442309879,2997
開場後 1 時間,0.5308844442309879,0.5370317963702532,4656
開場後 1 時間,0.5370317963702532,0.5432503314924325,3677
開場後 1 時間,0.5432503314924325,0.5495408738576248,2222
開場後 1 時間,0.5495408738576248,0.5559042572704048,1520
開場後 1 時間,0.5559042572704048,0.5623413251903491,908
開場後 1 時間,0.5623413251903491,0.5688529308438425,612
開場後 1 時間,0.5688529308438425,0.5754399373371566,578
開場後 1 時間,0.5754399373371566,0.5821032177708722,649
開場後 1 時間,0.5821032177708722,0.5888436553555884,665
開場後 1 時間,0.5888436553555884,0.5956621435290109,1256
開場後 1 時間,0.5956621435290109,0.6025595860743569,3426
開場後 1 時間,0.6025595860743569,0.6095368972401694,4096
開場後 1 時間,0.6095368972401694,0.6165950018614835,1915
開場後 1 時間,0.6165950018614835,0.6237348354824191,1120
開場後 1 時間,0.6237348354824191,0.6309573444801942,620
開場後 1 時間,0.6309573444801942,0.6382634861905483,431
開場後 1 時間,0.6382634861905483,0.6456542290346563,449
開場後 1 時間,0.6456542290346563,0.6531305526474716,538
開場後 1 時間,0.6531305526474716,0.6606934480075964,952
開場後 1 時間,0.6606934480075964,0.6683439175686162,2544
開場後 1 時間,0.6683439175686162,0.6760829753919819,3327
開場後 1 時間,0.6760829753919819,0.6839116472814306,1902
開場後 1 時間,0.6839116472814306,0.6918309709189363,1234
開場後 1 時間,0.6918309709189363,0.6998419960022745,841
開場後 1 時間,0.6998419960022745,0.7079457843841374,687
開場後 1 時間,0.7079457843841374,0.7161434102129027,814
開場後 1 時間,0.7161434102129027,0.7244359600749891,1172
開場後 1 時間,0.7244359600749891,0.7328245331389045,2605
開場後 1 時間,0.7328245331389045,0.7413102413009192,4684
開場後 1 時間,0.7413102413009192,0.7498942093324559,2880
開場後 1 時間,0.7498942093324559,0.7585775750291851,1867
開場後 1 時間,0.7585775750291851,0.7673614893618186,1017
開場後 1 時間,0.7673614893618186,0.7762471166286927,772
開場後 1 時間,0.7762471166286927,0.7852356346100711,857
開場後 1 時間,0.7852356346100711,0.7943282347242822,1399
開場後 1 時間,0.7943282347242822,0.803526122185616,5716
開場後 1 時間,0.803526122185616,0.8128305161640995,7362
開場後 1 時間,0.8128305161640995,0.8222426499470729,2972
開場後 1 時間,0.8222426499470729,0.8317637711026709,1451
開場後 1 時間,0.8317637711026709,0.8413951416451965,970
開場後 1 時間,0.8413951416451965,0.8511380382023759,944
開場後 1 時間,0.8511380382023759,0.8609937521846016,1587
開場後 1 時間,0.8609937521846016,0.8709635899560796,4516
開場後 1 時間,0.8709635899560796,0.8810488730080147,4653
開場後 1 時間,0.8810488730080147,0.8912509381337477,2676
開場後 1 時間,0.8912509381337477,0.9015711376059571,1595
開場後 1 時間,0.9015711376059571,0.9120108393559115,1052
開場後 1 時間,0.9120108393559115,0.9225714271547628,1305
開場後 1 時間,0.9225714271547628,0.9332543007969925,2873
開場後 1 時間,0.9332543007969925,0.9440608762859226,5350
開場後 1 時間,0.9440608762859226,0.9549925860214369,2843
開場後 1 時間,0.9549925860214369,0.9660508789898121,1514
開場後 1 時間,0.9660508789898121,0.9772372209558111,939
開場後 1 時間,0.9772372209558111,0.9885530946569411,982
開場後 1 時間,0.9885530946569411,1.0,2462
開場後 1 時間,1.0,1.0115794542599004,7173
開場後 1 時間,1.0115794542599004,1.0232929922807537,3591
開場後 1 時間,1.0232929922807537,1.0351421666793452,1372
開場後 1 時間,1.0351421666793452,1.0471285480508985,955
開場後 1 時間,1.0471285480508985,1.0592537251772898,1170
開場後 1 時間,1.0592537251772898,1.0715193052376049,3364
開場後 1 時間,1.0715193052376049,1.0839269140212038,3635
開場後 1 時間,1.0839269140212038,1.0964781961431873,2247
開場後 1 時間,1.0964781961431873,1.1091748152624008,1233
開場後 1 時間,1.1091748152624008,1.1220184543019653,1137
開場後 1 時間,1.1220184543019653,1.1350108156723142,2314
開場後 1 時間,1.1350108156723142,1.1481536214968842,3861
開場後 1 時間,1.1481536214968842,1.1614486138403415,1969
開場後 1 時間,1.1614486138403415,1.1748975549395304,917
開場後 1 時間,1.1748975549395304,1.1885022274370214,777
開場後 1 時間,1.1885022274370214,1.2022644346174132,1902
開場後 1 時間,1.2022644346174132,1.2161860006463703,4418
開場後 1 時間,1.2161860006463703,1.2302687708123812,1911
開場後 1 時間,1.2302687708123812,1.244514611771387,877
開場後 1 時間,1.244514611771387,1.2589254117941662,767
開場後 1 時間,1.2589254117941662,1.273503081016663,2431
開場後 1 時間,1.273503081016663,1.2882495516931323,2580
開場後 1 時間,1.2882495516931323,1.3031667784523,1478
開場後 1 時間,1.3031667784523,1.3182567385564101,859
開場後 1 時間,1.3182567385564101,1.333521432163324,1455
開場後 1 時間,1.333521432163324,1.348962882591656,3098
開場後 1 時間,1.348962882591656,1.3645831365889238,1793
開場後 1 時間,1.3645831365889238,1.3803842646028865,807
開場後 1 時間,1.3803842646028865,1.3963683610559363,880
開場後 1 時間,1.3963683610559363,1.4125375446227555,3455
開場後 1 時間,1.4125375446227555,1.4288939585111007,2655
開場後 1 時間,1.4288939585111007,1.4454397707459279,896
開場後 1 時間,1.4454397707459279,1.4621771744567214,965
開場後 1 時間,1.4621771744567214,1.4791083881682072,2998
開場後 1 時間,1.4791083881682072,1.4962356560944359,2125
開場後 1 時間,1.4962356560944359,1.513561248436207,1203
開場後 1 時間,1.513561248436207,1.5310874616820318,1324
開場後 1 時間,1.5310874616820318,1.5488166189124797,3209
開場後 1 時間,1.5488166189124797,1.5667510701081502,1974
開場後 1 時間,1.5667510701081502,1.5848931924611174,1058
開場後 1 時間,1.5848931924611174,1.6032453906900417,1642
開場後 1 時間,1.6032453906900417,1.6218100973589331,4006
開場後 1 時間,1.6218100973589331,1.6405897731995387,1648
開場後 1 時間,1.6405897731995387,1.659586907437563,903
開場後 1 時間,1.659586907437563,1.678804018122559,2367
開場後 1 時間,1.678804018122559,1.698243652461746,2115
開場後 1 時間,1.698243652461746,1.717908387157586,1107
開場後 1 時間,1.717908387157586,1.7378008287493762,1582
開場後 1 時間,1.7378008287493762,1.7579236139586967,2803
開場後 1 時間,1.7579236139586967,1.7782794100389228,1267
開場後 1 時間,1.7782794100389228,1.7988709151287912,939
開場後 1 時間,1.7988709151287912,1.8197008586099825,3274
開場後 1 時間,1.8197008586099825,1.8407720014689581,1875
開場後 1 時間,1.8407720014689581,1.8620871366628655,923
開場後 1 時間,1.8620871366628655,1.8836490894898021,2446
開場後 1 時間,1.8836490894898021,1.9054607179632443,1873
開場後 1 時間,1.9054607179632443,1.9275249131909367,1034
開場後 1 時間,1.9275249131909367,1.9498445997580496,2564
開場後 1 時間,1.9498445997580496,1.9724227361148534,1895
開場後 1 時間,1.9724227361148534,1.9952623149688828,1065
開場後 1 時間,1.9952623149688828,2.01836636368156,3022
開場後 1 時間,2.01836636368156,2.041737944669532,2313
開場後 1 時間,2.041737944669532,2.065380155810527,1119
開場後 1 時間,2.065380155810527,2.089296130854041,2636
開場後 1 時間,2.089296130854041,2.113489039836652,1674
開場後 1 時間,2.113489039836652,2.1379620895022327,1485
開場後 1 時間,2.1379620895022327,2.1627185237270243,2724
開場後 1 時間,2.1627185237270243,2.1877616239495516,1299
開場後 1 時間,2.1877616239495516,2.213094709605641,2005
開場後 1 時間,2.213094709605641,2.2387211385683377,2625
開場後 1 時間,2.2387211385683377,2.264644307593062,1200
開場後 1 時間,2.264644307593062,2.29086765276777,2553
開場後 1 時間,2.29086765276777,2.3173946499684797,1736
開場後 1 時間,2.3173946499684797,2.3442288153199273,1793
開場後 1 時間,2.3442288153199273,2.371373705661655,2509
開場後 1 時間,2.371373705661655,2.398832919019495,1292
開場後 1 時間,2.398832919019495,2.4266100950824145,2638
開場後 1 時間,2.4266100950824145,2.4547089156850337,1637
開場後 1 時間,2.4547089156850337,2.483133105295568,1842
開場後 1 時間,2.483133105295568,2.5118864315095824,1984
開場後 1 時間,2.5118864315095824,2.540972705549301,1400
開場後 1 時間,2.540972705549301,2.570395782768865,2422
開場後 1 時間,2.570395782768865,2.6001595631652776,1237
開場後 1 時間,2.6001595631652776,2.6302679918953813,2746
開場後 1 時間,2.6302679918953813,2.660725059798814,1439
開場後 1 時間,2.660725059798814,2.691534803926914,2119
開場後 1 時間,2.691534803926914,2.7227013080779154,1493
開場後 1 時間,2.7227013080779154,2.754228703338163,2007
開場後 1 時間,2.754228703338163,2.786121168629772,1712
開場後 1 時間,2.786121168629772,2.818382931264461,1801
開場後 1 時間,2.818382931264461,2.85101826750391,2040
開場後 1 時間,2.85101826750391,2.8840315031266117,1606
開場後 1 時間,2.8840315031266117,2.917427014001166,1972
開場後 1 時間,2.917427014001166,2.95120922666639,2232
開場後 1 時間,2.95120922666639,2.9853826189179573,2764
開場後 1 時間,2.9853826189179573,3.019951720402019,3172
開場後 1 時間,3.019951720402019,3.054921113215509,3766
開場後 1 時間,3.054921113215509,3.090295432513592,2929
開場後 1 時間,3.090295432513592,3.126079367123962,2200
開場後 1 時間,3.126079367123962,3.1622776601683795,2473
開場後 1 時間,3.1622776601683795,3.198895109691404,1762
開場後 1 時間,3.198895109691404,3.235936569296281,2459
開場後 1 時間,3.235936569296281,3.273406948788386,1622
開場後 1 時間,3.273406948788386,3.3113112148259076,2450
開場後 1 時間,3.3113112148259076,3.3496543915782793,1902
開場後 1 時間,3.3496543915782793,3.3884415613920207,2290
開場後 1 時間,3.3884415613920207,3.4276778654645046,2176
開場後 1 時間,3.4276778654645046,3.4673685045253237,1936
開場後 1 時間,3.4673685045253237,3.5075187395256795,2083
開場後 1 時間,3.5075187395256795,3.5481338923357604,1672
開場後 1 時間,3.5481338923357604,3.58921934645005,1979
開場後 1 時間,3.58921934645005,3.6307805477010175,1724
開場後 1 時間,3.6307805477010175,3.6728230049808426,1584
開場後 1 時間,3.6728230049808426,3.715352290971728,1841
開場後 1 時間,3.715352290971728,3.758374042884451,1827
開場後 1 時間,3.758374042884451,3.801893963205613,1841
開場後 1 時間,3.801893963205613,3.8459178204535434,2103
開場後 1 時間,3.8459178204535434,3.890451449942805,1660
開場後 1 時間,3.890451449942805,3.9355007545577805,1684
開場後 1 時間,3.9355007545577805,3.981071705534969,2140
開場後 1 時間,3.981071705534969,4.027170343254594,1842
開場後 1 時間,4.027170343254594,4.073802778041122,1823
開場後 1 時間,4.073802778041122,4.120975190973304,1843
開場後 1 時間,4.120975190973304,4.1686938347033635,1742
開場後 1 時間,4.1686938347033635,4.216965034285822,1528
開場後 1 時間,4.216965034285822,4.265795188015934,1904
開場後 1 時間,4.265795188015934,4.31519076827765,1859
開場後 1 時間,4.31519076827765,4.3651583224016655,1692
開場後 1 時間,4.3651583224016655,4.415704473533121,1574
開場後 1 時間,4.415704473533121,4.4668359215096345,1877
開場後 1 時間,4.4668359215096345,4.518559443749217,1715
開場後 1 時間,4.518559443749217,4.570881896148752,1806
開場後 1 時間,4.570881896148752,4.623810213992613,1568
開場後 1 時間,4.623810213992613,4.677351412871981,1998
開場後 1 時間,4.677351412871981,4.7315125896148125,1890
開場後 1 時間,4.7315125896148125,4.7863009232263805,1947
開場後 1 時間,4.7863009232263805,4.841723675840999,1959
開場後 1 時間,4.841723675840999,4.897788193684456,1744
開場後 1 時間,4.897788193684456,4.954501908047906,2025
開場後 1 時間,4.954501908047906,5.011872336272735,2261
開場後 1 時間,5.011872336272735,5.0699070827470445,2522
開場後 1 時間,5.0699070827470445,5.128613839913658,2348
開場後 1 時間,5.128613839913658,5.188000389289609,2412
開場後 1 時間,5.188000389289609,5.248074602497733,2652
開場後 1 時間,5.248074602497733,5.308844442309879,3117
開場後 1 時間,5.308844442309879,5.370317963702533,3782
開場後 1 時間,5.370317963702533,5.432503314924325,3946
開場後 1 時間,5.432503314924325,5.4954087385762485,3596
開場後 1 時間,5.4954087385762485,5.5590425727040484,3405
開場後 1 時間,5.5590425727040484,5.623413251903491,2837
開場後 1 時間,5.623413251903491,5.688529308438425,2444
開場後 1 時間,5.688529308438425,5.754399373371567,2215
開場後 1 時間,5.754399373371567,5.821032177708722,1891
開場後 1 時間,5.821032177708722,5.888436553555884,2026
開場後 1 時間,5.888436553555884,5.95662143529011,2108
開場後 1 時間,5.95662143529011,6.025595860743569,3063
開場後 1 時間,6.025595860743569,6.095368972401694,3624
開場後 1 時間,6.095368972401694,6.165950018614835,2783
開場後 1 時間,6.165950018614835,6.237348354824191,2092
開場後 1 時間,6.237348354824191,6.309573444801943,1970
開場後 1 時間,6.309573444801943,6.3826348619054825,1973
開場後 1 時間,6.3826348619054825,6.456542290346563,2279
開場後 1 時間,6.456542290346563,6.531305526474716,2218
開場後 1 時間,6.531305526474716,6.606934480075965,1700
開場後 1 時間,6.606934480075965,6.683439175686162,1671
開場後 1 時間,6.683439175686162,6.760829753919819,1617
開場後 1 時間,6.760829753919819,6.839116472814307,1580
開場後 1 時間,6.839116472814307,6.918309709189362,1554
開場後 1 時間,6.918309709189362,6.998419960022745,1637
開場後 1 時間,6.998419960022745,7.079457843841373,1483
開場後 1 時間,7.079457843841373,7.161434102129027,1340
開場後 1 時間,7.161434102129027,7.244359600749891,1425
開場後 1 時間,7.244359600749891,7.328245331389044,1378
開場後 1 時間,7.328245331389044,7.4131024130091925,1408
開場後 1 時間,7.4131024130091925,7.498942093324558,1363
開場後 1 時間,7.498942093324558,7.585775750291852,1334
開場後 1 時間,7.585775750291852,7.673614893618185,1343
開場後 1 時間,7.673614893618185,7.762471166286928,1287
開場後 1 時間,7.762471166286928,7.85235634610071,1327
開場後 1 時間,7.85235634610071,7.943282347242821,1468
開場後 1 時間,7.943282347242821,8.03526122185616,1599
開場後 1 時間,8.03526122185616,8.128305161640995,1544
開場後 1 時間,8.128305161640995,8.222426499470728,1280
開場後 1 時間,8.222426499470728,8.317637711026709,1308
開場後 1 時間,8.317637711026709,8.413951416451965,1427
開場後 1 時間,8.413951416451965,8.51138038202376,1348
開場後 1 時間,8.51138038202376,8.609937521846016,1392
開場後 1 時間,8.609937521846016,8.709635899560796,1396
開場後 1 時間,8.709635899560796,8.810488730080147,1388
開場後 1 時間,8.810488730080147,8.912509381337477,1293
開場後 1 時間,8.912509381337477,9.01571137605957,1472
開場後 1 時間,9.01571137605957,9.120108393559116,2079
開場後 1 時間,9.120108393559116,9.225714271547629,1879
開場後 1 時間,9.225714271547629,9.332543007969925,1485
開場後 1 時間,9.332543007969925,9.440608762859226,1440
開場後 1 時間,9.440608762859226,9.549925860214369,1446
開場後 1 時間,9.549925860214369,9.66050878989812,1418
開場後 1 時間,9.66050878989812,9.772372209558112,1438
開場後 1 時間,9.772372209558112,9.88553094656941,1576
開場後 1 時間,9.88553094656941,10.0,1802
開場後 1 時間,10.0,10.115794542599003,1809
開場後 1 時間,10.115794542599003,10.232929922807536,1559
開場後 1 時間,10.232929922807536,10.35142166679345,1594
開場後 1 時間,10.35142166679345,10.471285480508985,1938
開場後 1 時間,10.471285480508985,10.592537251772898,2565
開場後 1 時間,10.592537251772898,10.715193052376048,2104
開場後 1 時間,10.715193052376048,10.83926914021204,2167
開場後 1 時間,10.83926914021204,10.964781961431873,2324
開場後 1 時間,10.964781961431873,11.091748152624008,1984
開場後 1 時間,11.091748152624008,11.220184543019652,1733
開場後 1 時間,11.220184543019652,11.350108156723143,1563
開場後 1 時間,11.350108156723143,11.481536214968841,1415
開場後 1 時間,11.481536214968841,11.614486138403414,1379
開場後 1 時間,11.614486138403414,11.748975549395302,1422
開場後 1 時間,11.748975549395302,11.885022274370213,1469
開場後 1 時間,11.885022274370213,12.02264434617413,1655
開場後 1 時間,12.02264434617413,12.161860006463703,1950
開場後 1 時間,12.161860006463703,12.30268770812381,1527
開場後 1 時間,12.30268770812381,12.44514611771387,1304
開場後 1 時間,12.44514611771387,12.589254117941662,1161
開場後 1 時間,12.589254117941662,12.735030810166629,1150
開場後 1 時間,12.735030810166629,12.882495516931323,1238
開場後 1 時間,12.882495516931323,13.031667784523,1305
開場後 1 時間,13.031667784523,13.1825673855641,1374
開場後 1 時間,13.1825673855641,13.33521432163324,1347
開場後 1 時間,13.33521432163324,13.48962882591656,1381
開場後 1 時間,13.48962882591656,13.645831365889238,1376
開場後 1 時間,13.645831365889238,13.803842646028867,1418
開場後 1 時間,13.803842646028867,13.963683610559363,1403
開場後 1 時間,13.963683610559363,14.125375446227554,1503
開場後 1 時間,14.125375446227554,14.288939585111008,1241
開場後 1 時間,14.288939585111008,14.45439770745928,1207
開場後 1 時間,14.45439770745928,14.621771744567212,1207
開場後 1 時間,14.621771744567212,14.791083881682072,1266
開場後 1 時間,14.791083881682072,14.96235656094436,1502
開場後 1 時間,14.96235656094436,15.135612484362072,2097
開場後 1 時間,15.135612484362072,15.31087461682032,1892
開場後 1 時間,15.31087461682032,15.488166189124795,1791
開場後 1 時間,15.488166189124795,15.6675107010815,1787
開場後 1 時間,15.6675107010815,15.848931924611174,1309
開場後 1 時間,15.848931924611174,16.032453906900418,1485
開場後 1 時間,16.032453906900418,16.218100973589333,1556
開場後 1 時間,16.218100973589333,16.40589773199539,1311
開場後 1 時間,16.40589773199539,16.59586907437563,1151
開場後 1 時間,16.59586907437563,16.78804018122559,1025
開場後 1 時間,16.78804018122559,16.98243652461746,1013
開場後 1 時間,16.98243652461746,17.17908387157586,995
開場後 1 時間,17.17908387157586,17.378008287493763,1031
開場後 1 時間,17.378008287493763,17.579236139586968,994
開場後 1 時間,17.579236139586968,17.78279410038923,964
開場後 1 時間,17.78279410038923,17.98870915128791,1050
開場後 1 時間,17.98870915128791,18.197008586099827,1191
開場後 1 時間,18.197008586099827,18.40772001468958,1031
開場後 1 時間,18.40772001468958,18.620871366628656,980
開場後 1 時間,18.620871366628656,18.83649089489802,953
開場後 1 時間,18.83649089489802,19.054607179632445,924
開場後 1 時間,19.054607179632445,19.275249131909366,922
開場後 1 時間,19.275249131909366,19.498445997580493,981
開場後 1 時間,19.498445997580493,19.724227361148536,993
開場後 1 時間,19.724227361148536,19.95262314968883,898
開場後 1 時間,19.95262314968883,20.183663636815595,1243
開場後 1 時間,20.183663636815595,20.417379446695318,1011
開場後 1 時間,20.417379446695318,20.65380155810527,1379
開場後 1 時間,20.65380155810527,20.892961308540407,1001
開場後 1 時間,20.892961308540407,21.13489039836652,1094
開場後 1 時間,21.13489039836652,21.379620895022324,1089
開場後 1 時間,21.379620895022324,21.627185237270247,1098
開場後 1 時間,21.627185237270247,21.87761623949552,1024
開場後 1 時間,21.87761623949552,22.13094709605641,1020
開場後 1 時間,22.13094709605641,22.38721138568338,874
開場後 1 時間,22.38721138568338,22.64644307593062,937
開場後 1 時間,22.64644307593062,22.908676527677702,845
開場後 1 時間,22.908676527677702,23.173946499684796,798
開場後 1 時間,23.173946499684796,23.442288153199275,748
開場後 1 時間,23.442288153199275,23.71373705661655,772
開場後 1 時間,23.71373705661655,23.988329190194946,904
開場後 1 時間,23.988329190194946,24.266100950824143,953
開場後 1 時間,24.266100950824143,24.547089156850337,835
開場後 1 時間,24.547089156850337,24.83133105295568,810
開場後 1 時間,24.83133105295568,25.11886431509582,893
開場後 1 時間,25.11886431509582,25.40972705549301,772
開場後 1 時間,25.40972705549301,25.703957827688647,979
開場後 1 時間,25.703957827688647,26.001595631652773,968
開場後 1 時間,26.001595631652773,26.302679918953814,907
開場後 1 時間,26.302679918953814,26.60725059798814,913
開場後 1 時間,26.60725059798814,26.91534803926914,843
開場後 1 時間,26.91534803926914,27.227013080779155,898
開場後 1 時間,27.227013080779155,27.542287033381633,844
開場後 1 時間,27.542287033381633,27.86121168629772,776
開場後 1 時間,27.86121168629772,28.183829312644608,824
開場後 1 時間,28.183829312644608,28.510182675039097,731
開場後 1 時間,28.510182675039097,28.840315031266115,688
開場後 1 時間,28.840315031266115,29.17427014001166,883
開場後 1 時間,29.17427014001166,29.5120922666639,836
開場後 1 時間,29.5120922666639,29.85382618917957,953
開場後 1 時間,29.85382618917957,30.199517204020193,1908
開場後 1 時間,30.199517204020193,30.549211132155094,1048
開場後 1 時間,30.549211132155094,30.90295432513592,1042
開場後 1 時間,30.90295432513592,31.26079367123962,841
開場後 1 時間,31.26079367123962,31.622776601683793,757
開場後 1 時間,31.622776601683793,31.988951096914036,740
開場後 1 時間,31.988951096914036,32.35936569296281,844
開場後 1 時間,32.35936569296281,32.734069487883865,714
開場後 1 時間,32.734069487883865,33.11311214825908,661
開場後 1 時間,33.11311214825908,33.496543915782794,718
開場後 1 時間,33.496543915782794,33.884415613920204,651
開場後 1 時間,33.884415613920204,34.27677865464505,742
開場後 1 時間,34.27677865464505,34.67368504525324,648
開場後 1 時間,34.67368504525324,35.0751873952568,671
開場後 1 時間,35.0751873952568,35.481338923357605,813
開場後 1 時間,35.481338923357605,35.8921934645005,826
開場後 1 時間,35.8921934645005,36.30780547701018,905
開場後 1 時間,36.30780547701018,36.728230049808424,723
開場後 1 時間,36.728230049808424,37.15352290971728,713
開場後 1 時間,37.15352290971728,37.58374042884451,709
開場後 1 時間,37.58374042884451,38.018939632056124,759
開場後 1 時間,38.018939632056124,38.459178204535434,679
開場後 1 時間,38.459178204535434,38.904514499428046,568
開場後 1 時間,38.904514499428046,39.355007545577806,613
開場後 1 時間,39.355007545577806,39.81071705534969,654
開場後 1 時間,39.81071705534969,40.27170343254595,678
開場後 1 時間,40.27170343254595,40.73802778041122,816
開場後 1 時間,40.73802778041122,41.20975190973304,671
開場後 1 時間,41.20975190973304,41.68693834703364,555
開場後 1 時間,41.68693834703364,42.169650342858226,621
開場後 1 時間,42.169650342858226,42.657951880159345,609
開場後 1 時間,42.657951880159345,43.1519076827765,645
開場後 1 時間,43.1519076827765,43.651583224016655,588
開場後 1 時間,43.651583224016655,44.157044735331205,586
開場後 1 時間,44.157044735331205,44.668359215096345,511
開場後 1 時間,44.668359215096345,45.18559443749217,552
開場後 1 時間,45.18559443749217,45.708818961487516,675
開場後 1 時間,45.708818961487516,46.23810213992613,605
開場後 1 時間,46.23810213992613,46.77351412871981,605
開場後 1 時間,46.77351412871981,47.315125896148125,514
開場後 1 時間,47.315125896148125,47.863009232263806,470
開場後 1 時間,47.863009232263806,48.41723675840999,621
開場後 1 時間,48.41723675840999,48.97788193684456,629
開場後 1 時間,48.97788193684456,49.54501908047905,560
開場後 1 時間,49.54501908047905,50.11872336272735,641
開場後 1 時間,50.11872336272735,50.69907082747044,587
開場後 1 時間,50.69907082747044,51.28613839913659,593
開場後 1 時間,51.28613839913659,51.88000389289609,521
開場後 1 時間,51.88000389289609,52.480746024977336,597
開場後 1 時間,52.480746024977336,53.08844442309879,464
開場後 1 時間,53.08844442309879,53.70317963702533,538
開場後 1 時間,53.70317963702533,54.32503314924325,586
開場後 1 時間,54.32503314924325,54.954087385762485,462
開場後 1 時間,54.954087385762485,55.59042572704048,589
開場後 1 時間,55.59042572704048,56.23413251903491,565
開場後 1 時間,56.23413251903491,56.885293084384244,547
開場後 1 時間,56.885293084384244,57.543993733715666,491
開場後 1 時間,57.543993733715666,58.210321777087216,531
開場後 1 時間,58.210321777087216,58.88436553555884,538
開場後 1 時間,58.88436553555884,59.56621435290109,562
開場後 1 時間,59.56621435290109,60.25595860743569,1370
開場後 1 時間,60.25595860743569,60.95368972401694,1125
開場後 1 時間,60.95368972401694,61.65950018614835,642
開場後 1 時間,61.65950018614835,62.373483548241914,523
開場後 1 時間,62.373483548241914,63.09573444801943,453
開場後 1 時間,63.09573444801943,63.826348619054826,454
開場後 1 時間,63.826348619054826,64.56542290346563,537
開場後 1 時間,64.56542290346563,65.31305526474716,473
開場後 1 時間,65.31305526474716,66.06934480075964,509
開場後 1 時間,66.06934480075964,66.83439175686162,482
開場後 1 時間,66.83439175686162,67.60829753919819,490
開場後 1 時間,67.60829753919819,68.39116472814307,366
開場後 1 時間,68.39116472814307,69.18309709189363,426
開場後 1 時間,69.18309709189363,69.98419960022746,447
開場後 1 時間,69.98419960022746,70.79457843841374,634
開場後 1 時間,70.79457843841374,71.61434102129027,498
開場後 1 時間,71.61434102129027,72.44359600749891,377
開場後 1 時間,72.44359600749891,73.28245331389044,369
開場後 1 時間,73.28245331389044,74.13102413009192,364
開場後 1 時間,74.13102413009192,74.98942093324558,411
開場後 1 時間,74.98942093324558,75.85775750291852,468
開場後 1 時間,75.85775750291852,76.73614893618186,386
開場後 1 時間,76.73614893618186,77.62471166286927,380
開場後 1 時間,77.62471166286927,78.5235634610071,365
開場後 1 時間,78.5235634610071,79.43282347242821,301
開場後 1 時間,79.43282347242821,80.3526122185616,399
開場後 1 時間,80.3526122185616,81.28305161640995,427
開場後 1 時間,81.28305161640995,82.22426499470728,374
開場後 1 時間,82.22426499470728,83.17637711026708,353
開場後 1 時間,83.17637711026708,84.13951416451965,312
開場後 1 時間,84.13951416451965,85.11380382023759,313
開場後 1 時間,85.11380382023759,86.09937521846017,423
開場後 1 時間,86.09937521846017,87.09635899560796,333
開場後 1 時間,87.09635899560796,88.10488730080147,345
開場後 1 時間,88.10488730080147,89.12509381337478,317
開場後 1 時間,89.12509381337478,90.1571137605957,261
開場後 1 時間,90.1571137605957,91.20108393559116,434
開場後 1 時間,91.20108393559116,92.25714271547629,354
開場後 1 時間,92.25714271547629,93.32543007969925,313
開場後 1 時間,93.32543007969925,94.40608762859226,321
開場後 1 時間,94.40608762859226,95.49925860214368,304
開場後 1 時間,95.49925860214368,96.60508789898121,324
開場後 1 時間,96.60508789898121,97.72372209558111,267
開場後 1 時間,97.72372209558111,98.8553094656941,289
開場後 1 時間,98.8553094656941,100.0,291
開場後 1 時間,100.0,101.15794542599004,322
開場後 1 時間,101.15794542599004,102.32929922807536,278
開場後 1 時間,102.32929922807536,103.51421666793452,299
開場後 1 時間,103.51421666793452,104.71285480508985,300
開場後 1 時間,104.71285480508985,105.92537251772897,315
開場後 1 時間,105.92537251772897,107.15193052376048,287
開場後 1 時間,107.15193052376048,108.39269140212039,302
開場後 1 時間,108.39269140212039,109.64781961431873,304
開場後 1 時間,109.64781961431873,110.9174815262401,250
開場後 1 時間,110.9174815262401,112.20184543019653,252
開場後 1 時間,112.20184543019653,113.50108156723144,243
開場後 1 時間,113.50108156723144,114.81536214968841,252
開場後 1 時間,114.81536214968841,116.14486138403414,284
開場後 1 時間,116.14486138403414,117.48975549395303,271
開場後 1 時間,117.48975549395303,118.85022274370213,276
開場後 1 時間,118.85022274370213,120.22644346174131,526
開場後 1 時間,120.22644346174131,121.61860006463704,444
開場後 1 時間,121.61860006463704,123.02687708123811,328
開場後 1 時間,123.02687708123811,124.4514611771387,259
開場後 1 時間,124.4514611771387,125.89254117941663,274
開場後 1 時間,125.89254117941663,127.3503081016663,220
開場後 1 時間,127.3503081016663,128.82495516931323,176
開場後 1 時間,128.82495516931323,130.31667784523,187
開場後 1 時間,130.31667784523,131.825673855641,212
開場後 1 時間,131.825673855641,133.3521432163324,177
開場後 1 時間,133.3521432163324,134.8962882591656,212
開場後 1 時間,134.8962882591656,136.4583136588924,220
開場後 1 時間,136.4583136588924,138.03842646028866,184
開場後 1 時間,138.03842646028866,139.63683610559363,188
開場後 1 時間,139.63683610559363,141.25375446227554,196
開場後 1 時間,141.25375446227554,142.88939585111007,193
開場後 1 時間,142.88939585111007,144.5439770745928,195
開場後 1 時間,144.5439770745928,146.21771744567212,214
開場後 1 時間,146.21771744567212,147.91083881682073,164
開場後 1 時間,147.91083881682073,149.62356560944357,197
開場後 1 時間,149.62356560944357,151.3561248436207,225
開場後 1 時間,151.3561248436207,153.1087461682032,192
開場後 1 時間,153.1087461682032,154.88166189124794,191
開場後 1 時間,154.88166189124794,156.67510701081503,185
開場後 1 時間,156.67510701081503,158.48931924611173,176
開場後 1 時間,158.48931924611173,160.32453906900417,189
開場後 1 時間,160.32453906900417,162.18100973589333,233
開場後 1 時間,162.18100973589333,164.05897731995387,268
開場後 1 時間,164.05897731995387,165.9586907437563,152
開場後 1 時間,165.9586907437563,167.88040181225588,219
開場後 1 時間,167.88040181225588,169.8243652461746,187
開場後 1 時間,169.8243652461746,171.79083871575858,196
開場後 1 時間,171.79083871575858,173.78008287493762,183
開場後 1 時間,173.78008287493762,175.79236139586968,163
開場後 1 時間,175.79236139586968,177.82794100389228,156
開場後 1 時間,177.82794100389228,179.8870915128791,171
開場後 1 時間,179.8870915128791,181.97008586099827,281
開場後 1 時間,181.97008586099827,184.07720014689582,262
開場後 1 時間,184.07720014689582,186.20871366628657,163
開場後 1 時間,186.20871366628657,188.3649089489802,146
開場後 1 時間,188.3649089489802,190.54607179632444,139
開場後 1 時間,190.54607179632444,192.75249131909365,158
開場後 1 時間,192.75249131909365,194.98445997580495,138
開場後 1 時間,194.98445997580495,197.24227361148533,155
開場後 1 時間,197.24227361148533,199.5262314968883,149
開場後 1 時間,199.5262314968883,201.83663636815598,161
開場後 1 時間,201.83663636815598,204.17379446695315,152
開場後 1 時間,204.17379446695315,206.5380155810527,148
開場後 1 時間,206.5380155810527,208.92961308540407,118
開場後 1 時間,208.92961308540407,211.3489039836652,140
開場後 1 時間,211.3489039836652,213.79620895022325,109
開場後 1 時間,213.79620895022325,216.27185237270245,112
開場後 1 時間,216.27185237270245,218.77616239495518,121
開場後 1 時間,218.77616239495518,221.30947096056408,135
開場後 1 時間,221.30947096056408,223.87211385683378,141
開場後 1 時間,223.87211385683378,226.4644307593062,107
開場後 1 時間,226.4644307593062,229.08676527677702,113
開場後 1 時間,229.08676527677702,231.73946499684797,124
開場後 1 時間,231.73946499684797,234.42288153199274,108
開場後 1 時間,234.42288153199274,237.13737056616552,141
開場後 1 時間,237.13737056616552,239.8832919019495,197
開場後 1 時間,239.8832919019495,242.66100950824142,240
開場後 1 時間,242.66100950824142,245.47089156850336,134
開場後 1 時間,245.47089156850336,248.3133105295568,111
開場後 1 時間,248.3133105295568,251.18864315095823,95
開場後 1 時間,251.18864315095823,254.09727055493013,107
開場後 1 時間,254.09727055493013,257.03957827688646,128
開場後 1 時間,257.03957827688646,260.01595631652776,120
開場後 1 時間,260.01595631652776,263.02679918953817,114
開場後 1 時間,263.02679918953817,266.0725059798814,103
開場後 1 時間,266.0725059798814,269.1534803926914,110
開場後 1 時間,269.1534803926914,272.27013080779153,116
開場後 1 時間,272.27013080779153,275.4228703338163,136
開場後 1 時間,275.4228703338163,278.61211686297725,107
開場後 1 時間,278.61211686297725,281.83829312644605,92
開場後 1 時間,281.83829312644605,285.10182675039096,124
開場後 1 時間,285.10182675039096,288.4031503126612,108
開場後 1 時間,288.4031503126612,291.7427014001166,98
開場後 1 時間,291.7427014001166,295.120922666639,108
開場後 1 時間,295.120922666639,298.53826189179574,101
開場後 1 時間,298.53826189179574,301.9951720402019,155
開場後 1 時間,301.9951720402019,305.4921113215509,116
開場後 1 時間,305.4921113215509,309.0295432513592,97
開場後 1 時間,309.0295432513592,312.6079367123962,124
開場後 1 時間,312.6079367123962,316.22776601683796,60
開場後 1 時間,316.22776601683796,319.88951096914036,102
開場後 1 時間,319.88951096914036,323.5936569296281,62
開場後 1 時間,323.5936569296281,327.34069487883863,79
開場後 1 時間,327.34069487883863,331.13112148259074,104
開場後 1 時間,331.13112148259074,334.9654391578279,98
開場後 1 時間,334.9654391578279,338.844156139202,107
開場後 1 時間,338.844156139202,342.76778654645045,90
開場後 1 時間,342.76778654645045,346.7368504525324,72
開場後 1 時間,346.7368504525324,350.75187395256796,74
開場後 1 時間,350.75187395256796,354.81338923357606,69
開場後 1 時間,354.81338923357606,358.92193464500497,84
開場後 1 時間,358.92193464500497,363.07805477010174,120
開場後 1 時間,363.07805477010174,367.2823004980842,87
開場後 1 時間,367.2823004980842,371.53522909717276,91
開場後 1 時間,371.53522909717276,375.8374042884451,68
開場後 1 時間,375.8374042884451,380.1893963205613,64
開場後 1 時間,380.1893963205613,384.5917820453543,54
開場後 1 時間,384.5917820453543,389.04514499428046,72
開場後 1 時間,389.04514499428046,393.550075455778,59
開場後 1 時間,393.550075455778,398.1071705534969,61
開場後 1 時間,398.1071705534969,402.7170343254595,55
開場後 1 時間,402.7170343254595,407.3802778041122,55
開場後 1 時間,407.3802778041122,412.0975190973304,33
開場後 1 時間,412.0975190973304,416.86938347033634,48
開場後 1 時間,416.86938347033634,421.6965034285823,69
開場後 1 時間,421.6965034285823,426.57951880159345,58
開場後 1 時間,426.57951880159345,431.519076827765,55
開場後 1 時間,431.519076827765,436.51583224016656,78
開場後 1 時間,436.51583224016656,441.5704473533121,70
開場後 1 時間,441.5704473533121,446.6835921509635,48
開場後 1 時間,446.6835921509635,451.8559443749217,52
開場後 1 時間,451.8559443749217,457.0881896148752,40
開場後 1 時間,457.0881896148752,462.3810213992613,42
開場後 1 時間,462.3810213992613,467.73514128719813,66
開場後 1 時間,467.73514128719813,473.15125896148123,47
開場後 1 時間,473.15125896148123,478.630092322638,58
開場後 1 時間,478.630092322638,484.1723675840999,91
開場後 1 時間,484.1723675840999,489.7788193684456,51
開場後 1 時間,489.7788193684456,495.45019080479057,65
開場後 1 時間,495.45019080479057,501.18723362727354,26
開場後 1 時間,501.18723362727354,506.99070827470445,74
開場後 1 時間,506.99070827470445,512.8613839913659,30
開場後 1 時間,512.8613839913659,518.8000389289609,58
開場後 1 時間,518.8000389289609,524.8074602497734,42
開場後 1 時間,524.8074602497734,530.8844442309879,39
開場後 1 時間,530.8844442309879,537.0317963702532,44
開場後 1 時間,537.0317963702532,543.2503314924325,61
開場後 1 時間,543.2503314924325,549.5408738576248,41
開場後 1 時間,549.5408738576248,555.9042572704049,40
開場後 1 時間,555.9042572704049,562.341325190349,48
開場後 1 時間,562.341325190349,568.8529308438425,49
開場後 1 時間,568.8529308438425,575.4399373371566,33
開場後 1 時間,575.4399373371566,582.1032177708722,55
開場後 1 時間,582.1032177708722,588.8436553555883,31
開場後 1 時間,588.8436553555883,595.6621435290109,32
開場後 1 時間,595.6621435290109,602.5595860743568,86
開場後 1 時間,602.5595860743568,609.5368972401693,47
開場後 1 時間,609.5368972401693,616.5950018614835,45
開場後 1 時間,616.5950018614835,623.7348354824192,29
開場後 1 時間,623.7348354824192,630.9573444801943,39
開場後 1 時間,630.9573444801943,638.2634861905483,72
開場後 1 時間,638.2634861905483,645.6542290346563,29
開場後 1 時間,645.6542290346563,653.1305526474716,23
開場後 1 時間,653.1305526474716,660.6934480075964,59
開場後 1 時間,660.6934480075964,668.3439175686162,36
開場後 1 時間,668.3439175686162,676.0829753919819,37
開場後 1 時間,676.0829753919819,683.9116472814306,32
開場後 1 時間,683.9116472814306,691.8309709189363,27
開場後 1 時間,691.8309709189363,699.8419960022745,42
開場後 1 時間,699.8419960022745,707.9457843841374,52
開場後 1 時間,707.9457843841374,716.1434102129027,136
開場後 1 時間,716.1434102129027,724.4359600749891,47
開場後 1 時間,724.4359600749891,732.8245331389045,32
開場後 1 時間,732.8245331389045,741.3102413009192,30
開場後 1 時間,741.3102413009192,749.8942093324558,46
開場後 1 時間,749.8942093324558,758.5775750291851,33
開場後 1 時間,758.5775750291851,767.3614893618186,26
開場後 1 時間,767.3614893618186,776.2471166286928,53
開場後 1 時間,776.2471166286928,785.235634610071,39
開場後 1 時間,785.235634610071,794.3282347242822,44
開場後 1 時間,794.3282347242822,803.526122185616,32
開場後 1 時間,803.526122185616,812.8305161640995,28
開場後 1 時間,812.8305161640995,822.2426499470729,28
開場後 1 時間,822.2426499470729,831.7637711026708,25
開場後 1 時間,831.7637711026708,841.3951416451964,54
開場後 1 時間,841.3951416451964,851.1380382023759,38
開場後 1 時間,851.1380382023759,860.9937521846016,22
開場後 1 時間,860.9937521846016,870.9635899560797,18
開場後 1 時間,870.9635899560797,881.0488730080147,35
開場後 1 時間,881.0488730080147,891.2509381337477,31
開場後 1 時間,891.2509381337477,901.571137605957,98
開場後 1 時間,901.571137605957,912.0108393559116,28
開場後 1 時間,912.0108393559116,922.5714271547629,103
開場後 1 時間,922.5714271547629,933.2543007969924,21
開場後 1 時間,933.2543007969924,944.0608762859226,27
開場後 1 時間,944.0608762859226,954.9925860214369,18
開場後 1 時間,954.9925860214369,966.0508789898121,32
開場後 1 時間,966.0508789898121,977.2372209558112,41
開場後 1 時間,977.2372209558112,988.5530946569411,25
開場後 1 時間,988.5530946569411,1000.0,19
開場後 1 時間,1000.0,1011.5794542599003,23
開場後 1 時間,1011.5794542599003,1023.2929922807537,17
開場後 1 時間,1023.2929922807537,1035.142166679345,10
開場後 1 時間,1035.142166679345,1047.1285480508984,30
開場後 1 時間,1047.1285480508984,1059.2537251772897,16
開場後 1 時間,1059.2537251772897,1071.5193052376092,20
開場後 1 時間,1071.5193052376092,1083.9269140212039,34
開場後 1 時間,1083.9269140212039,1096.4781961431872,15
開場後 1 時間,1096.4781961431872,1109.174815262401,26
開場後 1 時間,1109.174815262401,1122.0184543019652,12
開場後 1 時間,1122.0184543019652,1135.0108156723143,8
開場後 1 時間,1135.0108156723143,1148.1536214968842,16
開場後 1 時間,1148.1536214968842,1161.4486138403415,22
開場後 1 時間,1161.4486138403415,1174.8975549395302,33
開場後 1 時間,1174.8975549395302,1188.5022274370212,11
開場後 1 時間,1188.5022274370212,1202.2644346174131,12
開場後 1 時間,1202.2644346174131,1216.1860006463703,16
開場後 1 時間,1216.1860006463703,1230.268770812381,28
開場後 1 時間,1230.268770812381,1244.5146117713869,27
開場後 1 時間,1244.5146117713869,1258.9254117941662,18
開場後 1 時間,1258.9254117941662,1273.503081016663,27
開場後 1 時間,1273.503081016663,1288.2495516931324,12
開場後 1 時間,1288.2495516931324,1303.1667784523,14
開場後 1 時間,1303.1667784523,1318.25673855641,32
開場後 1 時間,1318.25673855641,1333.521432163324,18
開場後 1 時間,1333.521432163324,1348.9628825916561,22
開場後 1 時間,1348.9628825916561,1364.583136588924,17
開場後 1 時間,1364.583136588924,1380.3842646028866,33
開場後 1 時間,1380.3842646028866,1396.3683610559362,23
開場後 1 時間,1396.3683610559362,1412.5375446227554,44
開場後 1 時間,1412.5375446227554,1428.8939585111066,23
開場後 1 時間,1428.8939585111066,1445.439770745928,33
開場後 1 時間,1445.439770745928,1462.1771744567213,13
開場後 1 時間,1462.1771744567213,1479.1083881682073,14
開場後 1 時間,1479.1083881682073,1496.2356560944359,15
開場後 1 時間,1496.2356560944359,1513.5612484362073,6
開場後 1 時間,1513.5612484362073,1531.087461682032,22
開場後 1 時間,1531.087461682032,1548.8166189124795,7
開場後 1 時間,1548.8166189124795,1566.75107010815,14
開場後 1 時間,1566.75107010815,1584.8931924611175,15
開場後 1 時間,1584.8931924611175,1603.2453906900419,6
開場後 1 時間,1603.2453906900419,1621.8100973589333,9
開場後 1 時間,1621.8100973589333,1640.5897731995387,7
開場後 1 時間,1640.5897731995387,1659.586907437563,6
開場後 1 時間,1659.586907437563,1678.804018122559,9
開場後 1 時間,1678.804018122559,1698.243652461746,14
開場後 1 時間,1698.243652461746,1717.9083871575858,16
開場後 1 時間,1717.9083871575858,1737.8008287493763,4
開場後 1 時間,1737.8008287493763,1757.9236139586967,13
開場後 1 時間,1757.9236139586967,1778.2794100389228,15
開場後 1 時間,1778.2794100389228,1798.870915128791,20
開場後 1 時間,1798.870915128791,1819.7008586099826,23
開場後 1 時間,1819.7008586099826,1840.7720014689583,12
開場後 1 時間,1840.7720014689583,1862.0871366628655,6
開場後 1 時間,1862.0871366628655,1883.649089489802,24
開場後 1 時間,1883.649089489802,1905.4607179632521,10
開場後 1 時間,1905.4607179632521,1927.5249131909366,6
開場後 1 時間,1927.5249131909366,1949.8445997580495,12
開場後 1 時間,1949.8445997580495,1972.4227361148535,10
開場後 1 時間,1972.4227361148535,1995.262314968883,15
開場後 1 時間,1995.262314968883,2018.3663636815597,7
開場後 1 時間,2018.3663636815597,2041.7379446695318,16
開場後 1 時間,2041.7379446695318,2065.380155810527,9
開場後 1 時間,2065.380155810527,2089.2961308540407,3
開場後 1 時間,2089.2961308540407,2113.489039836652,14
開場後 1 時間,2113.489039836652,2137.9620895022326,11
開場後 1 時間,2137.9620895022326,2162.7185237270246,12
開場後 1 時間,2162.7185237270246,2187.761623949552,7
開場後 1 時間,2187.761623949552,2213.094709605641,5
開場後 1 時間,2213.094709605641,2238.7211385683377,17
開場後 1 時間,2238.7211385683377,2264.644307593062,5
開場後 1 時間,2264.644307593062,2290.86765276777,9
開場後 1 時間,2290.86765276777,2317.39464996848,6
開場後 1 時間,2317.39464996848,2344.2288153199274,13
開場後 1 時間,2344.2288153199274,2371.373705661655,6
開場後 1 時間,2371.373705661655,2398.832919019495,7
開場後 1 時間,2398.832919019495,2426.6100950824143,6
開場後 1 時間,2426.6100950824143,2454.7089156850334,4
開場後 1 時間,2454.7089156850334,2483.133105295568,4
開場後 1 時間,2483.133105295568,2511.886431509582,15
開場後 1 時間,2511.886431509582,2540.9727055493117,6
開場後 1 時間,2540.9727055493117,2570.3957827688646,8
開場後 1 時間,2570.3957827688646,2600.1595631652776,25
開場後 1 時間,2600.1595631652776,2630.2679918953813,3
開場後 1 時間,2630.2679918953813,2660.725059798814,25
開場後 1 時間,2660.725059798814,2691.534803926914,7
開場後 1 時間,2691.534803926914,2722.7013080779157,19
開場後 1 時間,2722.7013080779157,2754.228703338163,6
開場後 1 時間,2754.228703338163,2786.121168629772,70
開場後 1 時間,2786.121168629772,2818.3829312644607,10
開場後 1 時間,2818.3829312644607,2851.0182675039096,64
開場後 1 時間,2851.0182675039096,2884.031503126612,13
開場後 1 時間,2884.031503126612,2917.427014001166,7
開場後 1 時間,2917.427014001166,2951.20922666639,7
開場後 1 時間,2951.20922666639,2985.382618917957,10
開場後 1 時間,2985.382618917957,3019.951720402019,22
開場後 1 時間,3019.951720402019,3054.921113215509,3
開場後 1 時間,3054.921113215509,3090.295432513592,3
開場後 1 時間,3090.295432513592,3126.079367123962,10
開場後 1 時間,3126.079367123962,3162.2776601683795,3
開場後 1 時間,3162.2776601683795,3198.895109691404,3
開場後 1 時間,3198.895109691404,3235.936569296281,4
開場後 1 時間,3235.936569296281,3273.406948788386,3
開場後 1 時間,3273.406948788386,3311.311214825908,17
開場後 1 時間,3311.311214825908,3349.6543915782795,6
開場後 1 時間,3349.6543915782795,3388.441561392034,3
開場後 1 時間,3388.441561392034,3427.6778654645045,3
開場後 1 時間,3427.6778654645045,3467.3685045253237,2
開場後 1 時間,3467.3685045253237,3507.5187395256794,10
開場後 1 時間,3507.5187395256794,3548.1338923357603,16
開場後 1 時間,3548.1338923357603,3589.2193464500497,5
開場後 1 時間,3589.2193464500497,3630.7805477010174,7
開場後 1 時間,3630.7805477010174,3672.8230049808426,16
開場後 1 時間,3672.8230049808426,3715.3522909717276,12
開場後 1 時間,3715.3522909717276,3758.374042884451,5
開場後 1 時間,3758.374042884451,3801.8939632056126,2
開場後 1 時間,3801.8939632056126,3845.9178204535433,10
開場後 1 時間,3845.9178204535433,3890.4514499428046,9
開場後 1 時間,3890.4514499428046,3935.5007545577805,9
開場後 1 時間,3935.5007545577805,3981.071705534969,5
開場後 1 時間,3981.071705534969,4027.170343254595,7
開場後 1 時間,4027.170343254595,4073.802778041122,7
開場後 1 時間,4073.802778041122,4120.975190973304,7
開場後 1 時間,4120.975190973304,4168.693834703364,10
開場後 1 時間,4168.693834703364,4216.965034285822,13
開場後 1 時間,4216.965034285822,4265.795188015934,7
開場後 1 時間,4265.795188015934,4315.19076827765,7
開場後 1 時間,4315.19076827765,4365.158322401666,5
開場後 1 時間,4365.158322401666,4415.704473533121,4
開場後 1 時間,4415.704473533121,4466.835921509635,1
開場後 1 時間,4466.835921509635,4518.5594437492355,7
開場後 1 時間,4518.5594437492355,4570.881896148751,4
開場後 1 時間,4570.881896148751,4623.810213992613,2
開場後 1 時間,4623.810213992613,4677.351412871981,3
開場後 1 時間,4677.351412871981,4731.512589614813,4
開場後 1 時間,4731.512589614813,4786.30092322638,3
開場後 1 時間,4841.723675840999,4897.788193684456,11
開場後 1 時間,4897.788193684456,4954.501908047905,4
開場後 1 時間,4954.501908047905,5011.872336272735,3
開場後 1 時間,5011.872336272735,5069.907082747044,7
開場後 1 時間,5069.907082747044,5128.613839913659,4
開場後 1 時間,5128.613839913659,5188.000389289609,23
開場後 1 時間,5188.000389289609,5248.074602497733,2
開場後 1 時間,5248.074602497733,5308.844442309879,2
開場後 1 時間,5308.844442309879,5370.317963702532,3
開場後 1 時間,5370.317963702532,5432.503314924325,2
開場後 1 時間,5432.503314924325,5495.408738576249,17
開場後 1 時間,5495.408738576249,5559.042572704048,5
開場後 1 時間,5559.042572704048,5623.413251903491,1
開場後 1 時間,5623.413251903491,5688.529308438425,17
開場後 1 時間,5688.529308438425,5754.399373371566,4
開場後 1 時間,5754.399373371566,5821.032177708722,10
開場後 1 時間,5888.436553555884,5956.62143529011,5
開場後 1 時間,5956.62143529011,6025.595860743593,2
開場後 1 時間,6025.595860743593,6095.368972401694,5
開場後 1 時間,6095.368972401694,6165.950018614834,5
開場後 1 時間,6165.950018614834,6237.348354824191,1
開場後 1 時間,6237.348354824191,6309.573444801943,2
開場後 1 時間,6382.6348619054825,6456.542290346562,2
開場後 1 時間,6456.542290346562,6531.305526474716,5
開場後 1 時間,6531.305526474716,6606.9344800759645,8
開場後 1 時間,6606.9344800759645,6683.439175686162,6
開場後 1 時間,6760.829753919819,6839.116472814307,10
開場後 1 時間,6918.309709189362,6998.419960022746,12
開場後 1 時間,6998.419960022746,7079.457843841374,1
開場後 1 時間,7079.457843841374,7161.434102129027,1
開場後 1 時間,7161.434102129027,7244.359600749891,3
開場後 1 時間,7244.359600749891,7328.245331389045,5
開場後 1 時間,7328.245331389045,7413.102413009192,3
開場後 1 時間,7413.102413009192,7498.942093324558,1
開場後 1 時間,7498.942093324558,7585.775750291851,3
開場後 1 時間,7585.775750291851,7673.614893618185,2
開場後 1 時間,7673.614893618185,7762.471166286928,4
開場後 1 時間,7852.35634610071,7943.282347242822,3
開場後 1 時間,7943.282347242822,8035.2612218561935,5
開場後 1 時間,8035.2612218561935,8128.305161640995,2
開場後 1 時間,8128.305161640995,8222.426499470728,1
開場後 1 時間,8222.426499470728,8317.63771102671,1
開場後 1 時間,8317.63771102671,8413.951416451964,3
開場後 1 時間,8511.380382023759,8609.937521846015,2
開場後 1 時間,8609.937521846015,8709.635899560797,1
開場後 1 時間,8709.635899560797,8810.488730080147,1
開場後 1 時間,8810.488730080147,8912.509381337477,5
開場後 1 時間,8912.509381337477,9015.711376059571,4
開場後 1 時間,9120.108393559116,9225.71427154763,3
開場後 1 時間,9225.71427154763,9332.543007969924,4
開場後 1 時間,9332.543007969924,9440.608762859227,7
開場後 1 時間,9440.608762859227,9549.92586021437,4
開場後 1 時間,9549.92586021437,9660.508789898122,3
開場後 1 時間,9885.530946569412,10000.0,1
開場後 1 時間,10000.0,10115.794542599004,11
開場後 1 時間,10115.794542599004,10232.929922807536,5
開場後 1 時間,10232.929922807536,10351.421666793452,1
開場後 1 時間,10351.421666793452,10471.285480508985,7
開場後 1 時間,10471.285480508985,10592.537251772897,1
開場後 1 時間,10964.781961431874,11091.748152624008,4
開場後 1 時間,11091.748152624008,11220.184543019654,1
開場後 1 時間,11220.184543019654,11350.108156723143,52
開場後 1 時間,11350.108156723143,11481.53621496884,2
開場後 1 時間,11481.53621496884,11614.486138403414,1
開場後 1 時間,11748.975549395303,11885.022274370214,1
開場後 1 時間,11885.022274370214,12022.644346174131,4
開場後 1 時間,12022.644346174131,12161.860006463703,2
開場後 1 時間,12161.860006463703,12302.68770812381,1
開場後 1 時間,12302.68770812381,12445.14611771387,3
開場後 1 時間,12445.14611771387,12589.254117941662,1
開場後 1 時間,12589.254117941662,12735.030810166629,1
開場後 1 時間,12882.495516931323,13031.667784523,1
開場後 1 時間,13031.667784523,13182.567385564102,1
開場後 1 時間,13182.567385564102,13335.21432163324,2
開場後 1 時間,13335.21432163324,13489.628825916561,5
開場後 1 時間,13645.831365889238,13803.842646028867,2
開場後 1 時間,13963.683610559363,14125.375446227554,1
開場後 1 時間,14125.375446227554,14288.939585111066,1
開場後 1 時間,14288.939585111066,14454.39770745928,1
開場後 1 時間,14454.39770745928,14621.771744567213,3
開場後 1 時間,14621.771744567213,14791.083881682072,4
開場後 1 時間,14962.35656094436,15135.612484362071,1
開場後 1 時間,15135.612484362071,15310.87461682032,1
開場後 1 時間,15488.166189124795,15667.5107010815,7
開場後 1 時間,15667.5107010815,15848.931924611174,2
開場後 1 時間,15848.931924611174,16032.453906900417,8
開場後 1 時間,16032.453906900417,16218.100973589331,1
開場後 1 時間,16218.100973589331,16405.89773199539,3
開場後 1 時間,16405.89773199539,16595.86907437563,3
開場後 1 時間,16982.43652461746,17179.08387157586,2
開場後 1 時間,17179.08387157586,17378.00828749376,3
開場後 1 時間,17378.00828749376,17579.236139586967,2
開場後 1 時間,17579.236139586967,17782.794100389227,2
開場後 1 時間,17782.794100389227,17988.709151287912,1
開場後 1 時間,17988.709151287912,18197.008586099826,1
開場後 1 時間,18407.72001468958,18620.871366628657,1
開場後 1 時間,18620.871366628657,18836.49089489802,4
開場後 1 時間,18836.49089489802,19054.607179632523,1
開場後 1 時間,19275.249131909368,19498.445997580493,14
開場後 1 時間,19724.227361148533,19952.62314968883,2
開場後 1 時間,19952.62314968883,20183.663636815596,1
開場後 1 時間,20183.663636815596,20417.379446695315,6
開場後 1 時間,20417.379446695315,20653.80155810527,1
開場後 1 時間,20653.80155810527,20892.96130854041,2
開場後 1 時間,21134.89039836652,21379.620895022323,2
開場後 1 時間,21379.620895022323,21627.185237270245,2
開場後 1 時間,22387.21138568338,22646.44307593062,2
開場後 1 時間,22908.6765276777,23173.946499684796,1
開場後 1 時間,23173.946499684796,23442.288153199275,1
開場後 1 時間,23713.737056616552,23988.32919019495,2
開場後 1 時間,23988.32919019495,24266.100950824144,1
開場後 1 時間,24547.089156850336,24831.331052955677,1
開場後 1 時間,25703.957827688646,26001.595631652774,1
開場後 1 時間,26915.348039269138,27227.013080779154,3
開場後 1 時間,27542.28703338163,27861.211686297724,1
開場後 1 時間,28183.829312644608,28510.182675039097,103
開場後 1 時間,28510.182675039097,28840.315031266116,2
開場後 1 時間,28840.315031266116,29174.27014001166,1
開場後 1 時間,29512.0922666639,29853.82618917957,5
開場後 1 時間,31260.793671239622,31622.776601683792,8
開場後 1 時間,31622.776601683792,31988.95109691404,1
開場後 1 時間,31988.95109691404,32359.36569296281,2
開場後 1 時間,32359.36569296281,32734.069487883862,2
開場後 1 時間,32734.069487883862,33113.112148259075,6
開場後 1 時間,33113.112148259075,33496.54391578279,5
開場後 1 時間,33496.54391578279,33884.41561392034,2
開場後 1 時間,34276.778654645044,34673.68504525324,3
開場後 1 時間,34673.68504525324,35075.18739525679,5
開場後 1 時間,35075.18739525679,35481.3389233576,3
開場後 1 時間,35481.3389233576,35892.193464500495,4
開場後 1 時間,35892.193464500495,36307.80547701017,8
開場後 1 時間,36307.80547701017,36728.23004980842,6
開場後 1 時間,36728.23004980842,37153.52290971728,10
開場後 1 時間,37153.52290971728,37583.74042884451,10
開場後 1 時間,37583.74042884451,38018.93963205613,3
開場後 1 時間,38018.93963205613,38459.178204535434,10
開場後 1 時間,38459.178204535434,38904.51449942805,1
開場後 1 時間,38904.51449942805,39355.007545577806,1
開場後 1 時間,40271.703432545946,40738.02778041122,1
開場後 1 時間,41686.93834703363,42169.65034285822,3
開場後 1 時間,42169.65034285822,42657.951880159344,2
開場後 1 時間,42657.951880159344,43151.9076827765,1
開場後 1 時間,43151.9076827765,43651.58322401666,1
開場後 1 時間,43651.58322401666,44157.044735331205,1
開場後 1 時間,44668.359215096345,45185.59443749236,1
開場後 1 時間,47315.12589614812,47863.0092322638,1
開場後 1 時間,47863.0092322638,48417.23675840999,2
開場後 1 時間,48417.23675840999,48977.88193684456,2
開場後 1 時間,49545.019080479055,50118.72336272735,2
開場後 1 時間,50118.72336272735,50699.070827470445,4
開場後 1 時間,50699.070827470445,51286.13839913659,2
開場後 1 時間,51286.13839913659,51880.00389289609,3
開場後 1 時間,53088.444423098794,53703.17963702533,2
開場後 1 時間,54954.08738576248,55590.425727040485,2
開場後 1 時間,56885.29308438425,57543.993733715666,3
開場後 1 時間,57543.993733715666,58210.321777087214,1
開場後 1 時間,58210.321777087214,58884.36553555884,1
開場後 1 時間,59566.214352901094,60255.95860743593,1
開場後 1 時間,60953.689724016935,61659.50018614835,1
開場後 1 時間,61659.50018614835,62373.483548241915,13
開場後 1 時間,63826.34861905483,64565.422903465624,1
開場後 1 時間,64565.422903465624,65313.05526474716,1
開場後 1 時間,66069.34480075965,66834.39175686163,6
開場後 1 時間,66834.39175686163,67608.29753919819,1
開場後 1 時間,67608.29753919819,68391.16472814306,1
開場後 1 時間,73282.45331389045,74131.02413009192,132
開場後 1 時間,75857.75750291851,76736.14893618185,1
開場後 1 時間,78523.5634610071,79432.82347242821,3
開場後 1 時間,80352.61221856193,81283.05161640995,1
開場後 1 時間,81283.05161640995,82224.2649947073,2
開場後 1 時間,83176.37711026709,84139.51416451964,1
開場後 1 時間,85113.80382023759,86099.37521846016,4
開場後 1 時間,86099.37521846016,87096.35899560797,1
開場後 1 時間,92257.14271547628,93325.43007969925,1
開場後 1 時間,94406.08762859226,95499.25860214369,1
開場後 1 時間,96605.0878989812,97723.72209558112,1
開場後 1 時間,108392.69140212038,109647.81961431874,1
開場後 1 時間,109647.81961431874,110917.4815262401,4
開場後 1 時間,110917.4815262401,112201.84543019652,1
開場後 1 時間,114815.3621496884,116144.86138403414,1
開場後 1 時間,120226.4434617413,121618.60006463704,1
開場後 1 時間,121618.60006463704,123026.87708123811,1
開場後 1 時間,123026.87708123811,124451.4611771387,3
開場後 1 時間,124451.4611771387,125892.54117941661,2
開場後 1 時間,125892.54117941661,127350.30810166629,49
開場後 1 時間,127350.30810166629,128824.95516931322,1
開場後 1 時間,128824.95516931322,130316.67784523,2
開場後 1 時間,131825.673855641,133352.1432163324,1
開場後 1 時間,134896.2882591656,136458.31365889238,1
開場後 1 時間,138038.42646028867,139636.83610559363,3
開場後 1 時間,141253.75446227554,142889.39585111066,5
開場後 1 時間,142889.39585111066,144543.9770745928,1
開場後 1 時間,144543.9770745928,146217.71744567214,1
開場後 1 時間,146217.71744567214,147910.83881682073,3
開場後 1 時間,149623.56560944358,151356.12484362072,47
開場後 1 時間,151356.12484362072,153108.7461682032,2
開場後 1 時間,153108.7461682032,154881.66189124796,2
開場後 1 時間,160324.53906900418,162181.0097358933,2
開場後 1 時間,162181.0097358933,164058.97731995388,1
開場後 1 時間,165958.6907437563,167880.4018122559,1
開場後 1 時間,169824.3652461746,171790.83871575858,2
開場後 1 時間,173780.08287493762,175792.36139586967,2
開場後 1 時間,186208.71366628655,188364.9089489802,1
開場後 1 時間,192752.49131909365,194984.45997580496,5
開場後 1 時間,194984.45997580496,197242.27361148535,1
開場後 1 時間,204173.79446695317,206538.0155810527,1
開場後 1 時間,206538.0155810527,208929.6130854041,74
開場後 1 時間,208929.6130854041,211348.9039836652,62
開場後 1 時間,211348.9039836652,213796.20895022326,8
開場後 1 時間,213796.20895022326,216271.85237270244,3
開場後 1 時間,216271.85237270244,218776.16239495517,1
開場後 1 時間,223872.11385683378,226464.43075930618,2
開場後 1 時間,231739.46499684796,234422.88153199275,1
開場後 1 時間,234422.88153199275,237137.37056616554,2
開場後 1 時間,254097.27055493116,257039.57827688646,2
開場後 1 時間,260015.95631652774,263026.7991895382,8
開場後 1 時間,266072.5059798814,269153.4803926914,1
開場後 1 時間,275422.87033381633,278612.1168629772,4
開場後 1 時間,288403.15031266114,291742.7014001166,1
開場後 1 時間,295120.92266663903,298538.26189179573,16
開場後 1 時間,298538.26189179573,301995.1720402019,1
開場後 1 時間,316227.7660168379,319889.5109691404,1
開場後 1 時間,338844.1561392034,342767.78654645046,1
開場後 1 時間,346736.85045253235,350751.8739525679,1
開場後 1 時間,354813.389233576,358921.934645005,1
開場後 1 時間,384591.7820453543,389045.1449942805,2
開場後 1 時間,393550.07545577805,398107.1705534969,20
開場後 1 時間,398107.1705534969,402717.0343254595,4
開場後 1 時間,402717.0343254595,407380.2778041122,3
開場後 1 時間,407380.2778041122,412097.5190973304,1
開場後 1 時間,431519.07682776503,436515.83224016655,47
開場後 1 時間,457088.1896148752,462381.02139926126,1
開場後 1 時間,462381.02139926126,467735.1412871981,17
開場後 1 時間,467735.1412871981,473151.2589614813,22
開場後 1 時間,495450.19080479053,501187.2336272735,1
開場後 1 時間,524807.4602497733,530884.4442309879,56
開場後 1 時間,549540.8738576248,555904.2572704048,4
開場後 1 時間,609536.8972401693,616595.0018614834,96
開場後 1 時間,630957.3444801943,638263.4861905483,1
開場後 1 時間,966050.8789898121,977237.2209558112,30
開場後 1 時間,1333521.432163324,1348962.882591656,1
昼 12 時から 1 時間,0.01757923613958693,0.01778279410038923,14
昼 12 時から 1 時間,0.024831331052955728,0.025118864315095822,8
昼 12 時から 1 時間,0.026302679918953815,0.026607250597988085,2
昼 12 時から 1 時間,0.028510182675039096,0.028840315031266057,1
昼 12 時から 1 時間,0.03162277660168379,0.03198895109691397,4
昼 12 時から 1 時間,0.03235936569296281,0.03273406948788386,5
昼 12 時から 1 時間,0.03311311214825914,0.033496543915782793,6
昼 12 時から 1 時間,0.03388441561392028,0.03427677865464505,3
昼 12 時から 1 時間,0.03507518739525679,0.03548133892335753,1
昼 12 時から 1 時間,0.03548133892335753,0.035892193464500496,1
昼 12 時から 1 時間,0.03630780547701017,0.0367282300498085,1
昼 12 時から 1 時間,0.03758374042884443,0.038018939632056124,1
昼 12 時から 1 時間,0.038018939632056124,0.03845917820453535,1
昼 12 時から 1 時間,0.03845917820453535,0.03890451449942805,1
昼 12 時から 1 時間,0.04120975190973304,0.04168693834703355,1
昼 12 時から 1 時間,0.04168693834703355,0.042169650342858224,5
昼 12 時から 1 時間,0.0431519076827765,0.04365158322401665,5
昼 12 時から 1 時間,0.044157044735331295,0.04466835921509635,3
昼 12 時から 1 時間,0.04518559443749226,0.04570881896148752,3
昼 12 時から 1 時間,0.04570881896148752,0.04623810213992603,13
昼 12 時から 1 時間,0.04623810213992603,0.046773514128719815,4
昼 12 時から 1 時間,0.046773514128719815,0.04731512589614803,5
昼 12 時から 1 時間,0.04731512589614803,0.0478630092322638,2
昼 12 時から 1 時間,0.0478630092322638,0.04841723675840999,11
昼 12 時から 1 時間,0.04841723675840999,0.048977881936844665,18
昼 12 時から 1 時間,0.048977881936844665,0.04954501908047906,27
昼 12 時から 1 時間,0.04954501908047906,0.05011872336272725,30
昼 12 時から 1 時間,0.05011872336272725,0.050699070827470445,50
昼 12 時から 1 時間,0.050699070827470445,0.05128613839913648,99
昼 12 時から 1 時間,0.05128613839913648,0.0518800038928961,69
昼 12 時から 1 時間,0.0518800038928961,0.05248074602497723,63
昼 12 時から 1 時間,0.05248074602497723,0.0530884444230989,35
昼 12 時から 1 時間,0.0530884444230989,0.053703179637025325,51
昼 12 時から 1 時間,0.053703179637025325,0.05432503314924336,64
昼 12 時から 1 時間,0.05432503314924336,0.05495408738576248,127
昼 12 時から 1 時間,0.05495408738576248,0.05559042572704037,95
昼 12 時から 1 時間,0.05559042572704037,0.05623413251903491,117
昼 12 時から 1 時間,0.05623413251903491,0.05688529308438413,84
昼 12 時から 1 時間,0.05688529308438413,0.057543993733715666,79
昼 12 時から 1 時間,0.057543993733715666,0.058210321777087216,71
昼 12 時から 1 時間,0.058210321777087216,0.05888436553555896,145
昼 12 時から 1 時間,0.05888436553555896,0.059566214352901097,197
昼 12 時から 1 時間,0.059566214352901097,0.06025595860743581,189
昼 12 時から 1 時間,0.06025595860743581,0.060953689724016935,187
昼 12 時から 1 時間,0.060953689724016935,0.06165950018614822,295
昼 12 時から 1 時間,0.06165950018614822,0.06237348354824192,267
昼 12 時から 1 時間,0.06237348354824192,0.0630957344480193,392
昼 12 時から 1 時間,0.0630957344480193,0.06382634861905495,572
昼 12 時から 1 時間,0.06382634861905495,0.06456542290346562,713
昼 12 時から 1 時間,0.06456542290346562,0.06531305526474729,984
昼 12 時から 1 時間,0.06531305526474729,0.06606934480075964,1282
昼 12 時から 1 時間,0.06606934480075964,0.06683439175686148,1576
昼 12 時から 1 時間,0.06683439175686148,0.06760829753919818,1475
昼 12 時から 1 時間,0.06760829753919818,0.06839116472814293,1241
昼 12 時から 1 時間,0.06839116472814293,0.06918309709189363,993
昼 12 時から 1 時間,0.06918309709189363,0.06998419960022731,700
昼 12 時から 1 時間,0.06998419960022731,0.07079457843841387,565
昼 12 時から 1 時間,0.07079457843841387,0.07161434102129027,415
昼 12 時から 1 時間,0.07161434102129027,0.07244359600749906,346
昼 12 時から 1 時間,0.07244359600749906,0.07328245331389044,320
昼 12 時から 1 時間,0.07328245331389044,0.07413102413009177,324
昼 12 時から 1 時間,0.07413102413009177,0.07498942093324558,271
昼 12 時から 1 時間,0.07498942093324558,0.07585775750291836,258
昼 12 時から 1 時間,0.07585775750291836,0.07673614893618186,194
昼 12 時から 1 時間,0.07673614893618186,0.07762471166286927,198
昼 12 時から 1 時間,0.07762471166286927,0.07852356346100726,170
昼 12 時から 1 時間,0.07852356346100726,0.07943282347242822,139
昼 12 時から 1 時間,0.07943282347242822,0.08035261221856177,167
昼 12 時から 1 時間,0.08035261221856177,0.08128305161640995,158
昼 12 時から 1 時間,0.08128305161640995,0.08222426499470713,156
昼 12 時から 1 時間,0.08222426499470713,0.08317637711026708,188
昼 12 時から 1 時間,0.08317637711026708,0.08413951416451948,172
昼 12 時から 1 時間,0.08413951416451948,0.08511380382023777,167
昼 12 時から 1 時間,0.08511380382023777,0.08609937521846016,142
昼 12 時から 1 時間,0.08609937521846016,0.08709635899560814,143
昼 12 時から 1 時間,0.08709635899560814,0.08810488730080146,128
昼 12 時から 1 時間,0.08810488730080146,0.08912509381337459,139
昼 12 時から 1 時間,0.08912509381337459,0.09015711376059571,126
昼 12 時から 1 時間,0.09015711376059571,0.09120108393559097,88
昼 12 時から 1 時間,0.09120108393559097,0.09225714271547629,72
昼 12 時から 1 時間,0.09225714271547629,0.09332543007969905,127
昼 12 時から 1 時間,0.09332543007969905,0.09440608762859246,86
昼 12 時から 1 時間,0.09440608762859246,0.09549925860214369,70
昼 12 時から 1 時間,0.09549925860214369,0.09660508789898141,81
昼 12 時から 1 時間,0.09660508789898141,0.09772372209558111,38
昼 12 時から 1 時間,0.09772372209558111,0.0988553094656939,39
昼 12 時から 1 時間,0.0988553094656939,0.1,78
昼 12 時から 1 時間,0.1,0.10115794542599003,105
昼 12 時から 1 時間,0.10115794542599003,0.10232929922807536,128
昼 12 時から 1 時間,0.10232929922807536,0.10351421666793452,106
昼 12 時から 1 時間,0.10351421666793452,0.10471285480508985,72
昼 12 時から 1 時間,0.10471285480508985,0.10592537251772897,62
昼 12 時から 1 時間,0.10592537251772897,0.10715193052376049,71
昼 12 時から 1 時間,0.10715193052376049,0.10839269140212039,74
昼 12 時から 1 時間,0.10839269140212039,0.10964781961431873,79
昼 12 時から 1 時間,0.10964781961431873,0.11091748152624009,111
昼 12 時から 1 時間,0.11091748152624009,0.11220184543019653,109
昼 12 時から 1 時間,0.11220184543019653,0.11350108156723143,197
昼 12 時から 1 時間,0.11350108156723143,0.1148153621496884,169
昼 12 時から 1 時間,0.1148153621496884,0.11614486138403414,177
昼 12 時から 1 時間,0.11614486138403414,0.11748975549395303,154
昼 12 時から 1 時間,0.11748975549395303,0.11885022274370165,223
昼 12 時から 1 時間,0.11885022274370165,0.12022644346174131,171
昼 12 時から 1 時間,0.12022644346174131,0.12161860006463704,171
昼 12 時から 1 時間,0.12161860006463704,0.1230268770812381,253
昼 12 時から 1 時間,0.1230268770812381,0.12445146117713869,263
昼 12 時から 1 時間,0.12445146117713869,0.12589254117941662,249
昼 12 時から 1 時間,0.12589254117941662,0.12735030810166628,369
昼 12 時から 1 時間,0.12735030810166628,0.12882495516931322,509
昼 12 時から 1 時間,0.12882495516931322,0.13031667784523,662
昼 12 時から 1 時間,0.13031667784523,0.131825673855641,1048
昼 12 時から 1 時間,0.131825673855641,0.1333521432163324,1817
昼 12 時から 1 時間,0.1333521432163324,0.1348962882591656,2177
昼 12 時から 1 時間,0.1348962882591656,0.13645831365889238,1486
昼 12 時から 1 時間,0.13645831365889238,0.13803842646028866,969
昼 12 時から 1 時間,0.13803842646028866,0.13963683610559363,579
昼 12 時から 1 時間,0.13963683610559363,0.14125375446227553,451
昼 12 時から 1 時間,0.14125375446227553,0.14288939585111007,340
昼 12 時から 1 時間,0.14288939585111007,0.1445439770745928,219
昼 12 時から 1 時間,0.1445439770745928,0.14621771744567214,200
昼 12 時から 1 時間,0.14621771744567214,0.1479108388168207,244
昼 12 時から 1 時間,0.1479108388168207,0.1496235656094436,169
昼 12 時から 1 時間,0.1496235656094436,0.1513561248436207,172
昼 12 時から 1 時間,0.1513561248436207,0.1531087461682032,100
昼 12 時から 1 時間,0.1531087461682032,0.15488166189124797,86
昼 12 時から 1 時間,0.15488166189124797,0.15667510701081502,110
昼 12 時から 1 時間,0.15667510701081502,0.1584893192461111,68
昼 12 時から 1 時間,0.1584893192461111,0.16032453906900418,69
昼 12 時から 1 時間,0.16032453906900418,0.1621810097358933,60
昼 12 時から 1 時間,0.1621810097358933,0.16405897731995386,81
昼 12 時から 1 時間,0.16405897731995386,0.1659586907437563,56
昼 12 時から 1 時間,0.1659586907437563,0.16788040181225589,75
昼 12 時から 1 時間,0.16788040181225589,0.1698243652461746,59
昼 12 時から 1 時間,0.1698243652461746,0.1717908387157586,85
昼 12 時から 1 時間,0.1717908387157586,0.17378008287493762,88
昼 12 時から 1 時間,0.17378008287493762,0.17579236139586965,98
昼 12 時から 1 時間,0.17579236139586965,0.1778279410038923,93
昼 12 時から 1 時間,0.1778279410038923,0.1798870915128791,64
昼 12 時から 1 時間,0.1798870915128791,0.18197008586099825,134
昼 12 時から 1 時間,0.18197008586099825,0.18407720014689583,84
昼 12 時から 1 時間,0.18407720014689583,0.18620871366628655,78
昼 12 時から 1 時間,0.18620871366628655,0.1883649089489802,82
昼 12 時から 1 時間,0.1883649089489802,0.19054607179632443,171
昼 12 時から 1 時間,0.19054607179632443,0.19275249131909367,229
昼 12 時から 1 時間,0.19275249131909367,0.19498445997580494,409
昼 12 時から 1 時間,0.19498445997580494,0.19724227361148533,1140
昼 12 時から 1 時間,0.19724227361148533,0.19952623149688828,2651
昼 12 時から 1 時間,0.19952623149688828,0.20183663636815596,4871
昼 12 時から 1 時間,0.20183663636815596,0.20417379446695316,3730
昼 12 時から 1 時間,0.20417379446695316,0.2065380155810527,1462
昼 12 時から 1 時間,0.2065380155810527,0.2089296130854041,739
昼 12 時から 1 時間,0.2089296130854041,0.21134890398366432,454
昼 12 時から 1 時間,0.21134890398366432,0.21379620895022325,389
昼 12 時から 1 時間,0.21379620895022325,0.21627185237270244,290
昼 12 時から 1 時間,0.21627185237270244,0.21877616239495518,184
昼 12 時から 1 時間,0.21877616239495518,0.2213094709605641,212
昼 12 時から 1 時間,0.2213094709605641,0.22387211385683378,147
昼 12 時から 1 時間,0.22387211385683378,0.2264644307593062,141
昼 12 時から 1 時間,0.2264644307593062,0.22908676527677702,123
昼 12 時から 1 時間,0.22908676527677702,0.23173946499684797,119
昼 12 時から 1 時間,0.23173946499684797,0.23442288153199276,83
昼 12 時から 1 時間,0.23442288153199276,0.23713737056616552,71
昼 12 時から 1 時間,0.23713737056616552,0.23988329190194949,90
昼 12 時から 1 時間,0.23988329190194949,0.24266100950824143,74
昼 12 時から 1 時間,0.24266100950824143,0.24547089156850335,63
昼 12 時から 1 時間,0.24547089156850335,0.2483133105295568,162
昼 12 時から 1 時間,0.2483133105295568,0.25118864315095824,110
昼 12 時から 1 時間,0.25118864315095824,0.25409727055493014,193
昼 12 時から 1 時間,0.25409727055493014,0.25703957827688645,160
昼 12 時から 1 時間,0.25703957827688645,0.26001595631652774,265
昼 12 時から 1 時間,0.26001595631652774,0.26302679918953814,648
昼 12 時から 1 時間,0.26302679918953814,0.2660725059798814,1653
昼 12 時から 1 時間,0.2660725059798814,0.2691534803926914,3100
昼 12 時から 1 時間,0.2691534803926914,0.27227013080779155,1627
昼 12 時から 1 時間,0.27227013080779155,0.27542287033381635,967
昼 12 時から 1 時間,0.27542287033381635,0.2786121168629772,709
昼 12 時から 1 時間,0.2786121168629772,0.2818382931264449,482
昼 12 時から 1 時間,0.2818382931264449,0.285101826750391,506
昼 12 時から 1 時間,0.285101826750391,0.28840315031266117,438
昼 12 時から 1 時間,0.28840315031266117,0.2917427014001166,372
昼 12 時から 1 時間,0.2917427014001166,0.29512092266663903,226
昼 12 時から 1 時間,0.29512092266663903,0.2985382618917957,204
昼 12 時から 1 時間,0.2985382618917957,0.30199517204020193,157
昼 12 時から 1 時間,0.30199517204020193,0.3054921113215509,208
昼 12 時から 1 時間,0.3054921113215509,0.30902954325135923,193
昼 12 時から 1 時間,0.30902954325135923,0.31260793671239623,220
昼 12 時から 1 時間,0.31260793671239623,0.31622776601683794,348
昼 12 時から 1 時間,0.31622776601683794,0.31988951096914037,398
昼 12 時から 1 時間,0.31988951096914037,0.3235936569296281,393
昼 12 時から 1 時間,0.3235936569296281,0.3273406948788386,681
昼 12 時から 1 時間,0.3273406948788386,0.3311311214825908,1867
昼 12 時から 1 時間,0.3311311214825908,0.33496543915782795,6906
昼 12 時から 1 時間,0.33496543915782795,0.33884415613920205,7140
昼 12 時から 1 時間,0.33884415613920205,0.34276778654645046,2553
昼 12 時から 1 時間,0.34276778654645046,0.3467368504525324,1449
昼 12 時から 1 時間,0.3467368504525324,0.35075187395256796,1074
昼 12 時から 1 時間,0.35075187395256796,0.354813389233576,906
昼 12 時から 1 時間,0.354813389233576,0.358921934645005,666
昼 12 時から 1 時間,0.358921934645005,0.36307805477010174,493
昼 12 時から 1 時間,0.36307805477010174,0.36728230049808425,404
昼 12 時から 1 時間,0.36728230049808425,0.3715352290971728,462
昼 12 時から 1 時間,0.3715352290971728,0.3758374042884451,565
昼 12 時から 1 時間,0.3758374042884451,0.38018939632056126,631
昼 12 時から 1 時間,0.38018939632056126,0.3845917820453543,613
昼 12 時から 1 時間,0.3845917820453543,0.3890451449942805,641
昼 12 時から 1 時間,0.3890451449942805,0.393550075455778,888
昼 12 時から 1 時間,0.393550075455778,0.3981071705534969,3166
昼 12 時から 1 時間,0.3981071705534969,0.40271703432545947,14074
昼 12 時から 1 時間,0.40271703432545947,0.4073802778041122,11970
昼 12 時から 1 時間,0.4073802778041122,0.4120975190973304,3458
昼 12 時から 1 時間,0.4120975190973304,0.41686938347033636,1722
昼 12 時から 1 時間,0.41686938347033636,0.4216965034285822,1168
昼 12 時から 1 時間,0.4216965034285822,0.42657951880159345,768
昼 12 時から 1 時間,0.42657951880159345,0.431519076827765,494
昼 12 時から 1 時間,0.431519076827765,0.43651583224016655,494
昼 12 時から 1 時間,0.43651583224016655,0.4415704473533121,368
昼 12 時から 1 時間,0.4415704473533121,0.4466835921509635,308
昼 12 時から 1 時間,0.4466835921509635,0.4518559443749217,457
昼 12 時から 1 時間,0.4518559443749217,0.4570881896148752,596
昼 12 時から 1 時間,0.4570881896148752,0.4623810213992613,868
昼 12 時から 1 時間,0.4623810213992613,0.4677351412871981,2380
昼 12 時から 1 時間,0.4677351412871981,0.47315125896148125,2935
昼 12 時から 1 時間,0.47315125896148125,0.47863009232263803,1367
昼 12 時から 1 時間,0.47863009232263803,0.48417236758409987,1063
昼 12 時から 1 時間,0.48417236758409987,0.48977881936844564,790
昼 12 時から 1 時間,0.48977881936844564,0.4954501908047905,519
昼 12 時から 1 時間,0.4954501908047905,0.5011872336272735,345
昼 12 時から 1 時間,0.5011872336272735,0.5069907082747045,259
昼 12 時から 1 時間,0.5069907082747045,0.5128613839913658,299
昼 12 時から 1 時間,0.5128613839913658,0.518800038928961,349
昼 12 時から 1 時間,0.518800038928961,0.5248074602497733,410
昼 12 時から 1 時間,0.5248074602497733,0.5308844442309879,775
昼 12 時から 1 時間,0.5308844442309879,0.5370317963702532,1970
昼 12 時から 1 時間,0.5370317963702532,0.5432503314924325,1415
昼 12 時から 1 時間,0.5432503314924325,0.5495408738576248,565
昼 12 時から 1 時間,0.5495408738576248,0.5559042572704048,457
昼 12 時から 1 時間,0.5559042572704048,0.5623413251903491,222
昼 12 時から 1 時間,0.5623413251903491,0.5688529308438425,134
昼 12 時から 1 時間,0.5688529308438425,0.5754399373371566,188
昼 12 時から 1 時間,0.5754399373371566,0.5821032177708722,180
昼 12 時から 1 時間,0.5821032177708722,0.5888436553555884,197
昼 12 時から 1 時間,0.5888436553555884,0.5956621435290109,266
昼 12 時から 1 時間,0.5956621435290109,0.6025595860743569,2019
昼 12 時から 1 時間,0.6025595860743569,0.6095368972401694,2983
昼 12 時から 1 時間,0.6095368972401694,0.6165950018614835,954
昼 12 時から 1 時間,0.6165950018614835,0.6237348354824191,505
昼 12 時から 1 時間,0.6237348354824191,0.6309573444801942,272
昼 12 時から 1 時間,0.6309573444801942,0.6382634861905483,184
昼 12 時から 1 時間,0.6382634861905483,0.6456542290346563,172
昼 12 時から 1 時間,0.6456542290346563,0.6531305526474716,171
昼 12 時から 1 時間,0.6531305526474716,0.6606934480075964,320
昼 12 時から 1 時間,0.6606934480075964,0.6683439175686162,1577
昼 12 時から 1 時間,0.6683439175686162,0.6760829753919819,3096
昼 12 時から 1 時間,0.6760829753919819,0.6839116472814306,1311
昼 12 時から 1 時間,0.6839116472814306,0.6918309709189363,973
昼 12 時から 1 時間,0.6918309709189363,0.6998419960022745,487
昼 12 時から 1 時間,0.6998419960022745,0.7079457843841374,352
昼 12 時から 1 時間,0.7079457843841374,0.7161434102129027,400
昼 12 時から 1 時間,0.7161434102129027,0.7244359600749891,619
昼 12 時から 1 時間,0.7244359600749891,0.7328245331389045,1279
昼 12 時から 1 時間,0.7328245331389045,0.7413102413009192,4041
昼 12 時から 1 時間,0.7413102413009192,0.7498942093324559,1779
昼 12 時から 1 時間,0.7498942093324559,0.7585775750291851,1248
昼 12 時から 1 時間,0.7585775750291851,0.7673614893618186,562
昼 12 時から 1 時間,0.7673614893618186,0.7762471166286927,395
昼 12 時から 1 時間,0.7762471166286927,0.7852356346100711,527
昼 12 時から 1 時間,0.7852356346100711,0.7943282347242822,581
昼 12 時から 1 時間,0.7943282347242822,0.803526122185616,4172
昼 12 時から 1 時間,0.803526122185616,0.8128305161640995,7547
昼 12 時から 1 時間,0.8128305161640995,0.8222426499470729,2329
昼 12 時から 1 時間,0.8222426499470729,0.8317637711026709,1048
昼 12 時から 1 時間,0.8317637711026709,0.8413951416451965,565
昼 12 時から 1 時間,0.8413951416451965,0.8511380382023759,497
昼 12 時から 1 時間,0.8511380382023759,0.8609937521846016,719
昼 12 時から 1 時間,0.8609937521846016,0.8709635899560796,3341
昼 12 時から 1 時間,0.8709635899560796,0.8810488730080147,3909
昼 12 時から 1 時間,0.8810488730080147,0.8912509381337477,2143
昼 12 時から 1 時間,0.8912509381337477,0.9015711376059571,979
昼 12 時から 1 時間,0.9015711376059571,0.9120108393559115,619
昼 12 時から 1 時間,0.9120108393559115,0.9225714271547628,752
昼 12 時から 1 時間,0.9225714271547628,0.9332543007969925,1381
昼 12 時から 1 時間,0.9332543007969925,0.9440608762859226,4323
昼 12 時から 1 時間,0.9440608762859226,0.9549925860214369,2140
昼 12 時から 1 時間,0.9549925860214369,0.9660508789898121,909
昼 12 時から 1 時間,0.9660508789898121,0.9772372209558111,485
昼 12 時から 1 時間,0.9772372209558111,0.9885530946569411,463
昼 12 時から 1 時間,0.9885530946569411,1.0,957
昼 12 時から 1 時間,1.0,1.0115794542599004,5944
昼 12 時から 1 時間,1.0115794542599004,1.0232929922807537,2841
昼 12 時から 1 時間,1.0232929922807537,1.0351421666793452,851
昼 12 時から 1 時間,1.0351421666793452,1.0471285480508985,406
昼 12 時から 1 時間,1.0471285480508985,1.0592537251772898,480
昼 12 時から 1 時間,1.0592537251772898,1.0715193052376049,1824
昼 12 時から 1 時間,1.0715193052376049,1.0839269140212038,2861
昼 12 時から 1 時間,1.0839269140212038,1.0964781961431873,1508
昼 12 時から 1 時間,1.0964781961431873,1.1091748152624008,642
昼 12 時から 1 時間,1.1091748152624008,1.1220184543019653,534
昼 12 時から 1 時間,1.1220184543019653,1.1350108156723142,1111
昼 12 時から 1 時間,1.1350108156723142,1.1481536214968842,2689
昼 12 時から 1 時間,1.1481536214968842,1.1614486138403415,1248
昼 12 時から 1 時間,1.1614486138403415,1.1748975549395304,498
昼 12 時から 1 時間,1.1748975549395304,1.1885022274370214,394
昼 12 時から 1 時間,1.1885022274370214,1.2022644346174132,802
昼 12 時から 1 時間,1.2022644346174132,1.2161860006463703,3612
昼 12 時から 1 時間,1.2161860006463703,1.2302687708123812,1338
昼 12 時から 1 時間,1.2302687708123812,1.244514611771387,420
昼 12 時から 1 時間,1.244514611771387,1.2589254117941662,341
昼 12 時から 1 時間,1.2589254117941662,1.273503081016663,1275
昼 12 時から 1 時間,1.273503081016663,1.2882495516931323,1796
昼 12 時から 1 時間,1.2882495516931323,1.3031667784523,934
昼 12 時から 1 時間,1.3031667784523,1.3182567385564101,425
昼 12 時から 1 時間,1.3182567385564101,1.333521432163324,672
昼 12 時から 1 時間,1.333521432163324,1.348962882591656,2068
昼 12 時から 1 時間,1.348962882591656,1.3645831365889238,1092
昼 12 時から 1 時間,1.3645831365889238,1.3803842646028865,383
昼 12 時から 1 時間,1.3803842646028865,1.3963683610559363,377
昼 12 時から 1 時間,1.3963683610559363,1.4125375446227555,2512
昼 12 時から 1 時間,1.4125375446227555,1.4288939585111007,1963
昼 12 時から 1 時間,1.4288939585111007,1.4454397707459279,597
昼 12 時から 1 時間,1.4454397707459279,1.4621771744567214,437
昼 12 時から 1 時間,1.4621771744567214,1.4791083881682072,1719
昼 12 時から 1 時間,1.4791083881682072,1.4962356560944359,1556
昼 12 時から 1 時間,1.4962356560944359,1.513561248436207,642
昼 12 時から 1 時間,1.513561248436207,1.5310874616820318,653
昼 12 時から 1 時間,1.5310874616820318,1.5488166189124797,1866
昼 12 時から 1 時間,1.5488166189124797,1.5667510701081502,1252
昼 12 時から 1 時間,1.5667510701081502,1.5848931924611174,451
昼 12 時から 1 時間,1.5848931924611174,1.6032453906900417,643
昼 12 時から 1 時間,1.6032453906900417,1.6218100973589331,2853
昼 12 時から 1 時間,1.6218100973589331,1.6405897731995387,1058
昼 12 時から 1 時間,1.6405897731995387,1.659586907437563,422
昼 12 時から 1 時間,1.659586907437563,1.678804018122559,1332
昼 12 時から 1 時間,1.678804018122559,1.698243652461746,1521
昼 12 時から 1 時間,1.698243652461746,1.717908387157586,596
昼 12 時から 1 時間,1.717908387157586,1.7378008287493762,725
昼 12 時から 1 時間,1.7378008287493762,1.7579236139586967,1929
昼 12 時から 1 時間,1.7579236139586967,1.7782794100389228,753
昼 12 時から 1 時間,1.7782794100389228,1.7988709151287912,469
昼 12 時から 1 時間,1.7988709151287912,1.8197008586099825,2366
昼 12 時から 1 時間,1.8197008586099825,1.8407720014689581,1357
昼 12 時から 1 時間,1.8407720014689581,1.8620871366628655,434
昼 12 時から 1 時間,1.8620871366628655,1.8836490894898021,1437
昼 12 時から 1 時間,1.8836490894898021,1.9054607179632443,1239
昼 12 時から 1 時間,1.9054607179632443,1.9275249131909367,598
昼 12 時から 1 時間,1.9275249131909367,1.9498445997580496,1540
昼 12 時から 1 時間,1.9498445997580496,1.9724227361148534,1195
昼 12 時から 1 時間,1.9724227361148534,1.9952623149688828,436
昼 12 時から 1 時間,1.9952623149688828,2.01836636368156,1857
昼 12 時から 1 時間,2.01836636368156,2.041737944669532,1551
昼 12 時から 1 時間,2.041737944669532,2.065380155810527,479
昼 12 時から 1 時間,2.065380155810527,2.089296130854041,1509
昼 12 時から 1 時間,2.089296130854041,2.113489039836652,1177
昼 12 時から 1 時間,2.113489039836652,2.1379620895022327,596
昼 12 時から 1 時間,2.1379620895022327,2.1627185237270243,1778
昼 12 時から 1 時間,2.1627185237270243,2.1877616239495516,684
昼 12 時から 1 時間,2.1877616239495516,2.213094709605641,1025
昼 12 時から 1 時間,2.213094709605641,2.2387211385683377,1912
昼 12 時から 1 時間,2.2387211385683377,2.264644307593062,579
昼 12 時から 1 時間,2.264644307593062,2.29086765276777,1315
昼 12 時から 1 時間,2.29086765276777,2.3173946499684797,991
昼 12 時から 1 時間,2.3173946499684797,2.3442288153199273,786
昼 12 時から 1 時間,2.3442288153199273,2.371373705661655,1503
昼 12 時から 1 時間,2.371373705661655,2.398832919019495,496
昼 12 時から 1 時間,2.398832919019495,2.4266100950824145,1734
昼 12 時から 1 時間,2.4266100950824145,2.4547089156850337,1093
昼 12 時から 1 時間,2.4547089156850337,2.483133105295568,800
昼 12 時から 1 時間,2.483133105295568,2.5118864315095824,1200
昼 12 時から 1 時間,2.5118864315095824,2.540972705549301,684
昼 12 時から 1 時間,2.540972705549301,2.570395782768865,1447
昼 12 時から 1 時間,2.570395782768865,2.6001595631652776,574
昼 12 時から 1 時間,2.6001595631652776,2.6302679918953813,1749
昼 12 時から 1 時間,2.6302679918953813,2.660725059798814,867
昼 12 時から 1 時間,2.660725059798814,2.691534803926914,1120
昼 12 時から 1 時間,2.691534803926914,2.7227013080779154,1012
昼 12 時から 1 時間,2.7227013080779154,2.754228703338163,1107
昼 12 時から 1 時間,2.754228703338163,2.786121168629772,1137
昼 12 時から 1 時間,2.786121168629772,2.818382931264461,950
昼 12 時から 1 時間,2.818382931264461,2.85101826750391,1483
昼 12 時から 1 時間,2.85101826750391,2.8840315031266117,778
昼 12 時から 1 時間,2.8840315031266117,2.917427014001166,1366
昼 12 時から 1 時間,2.917427014001166,2.95120922666639,1038
昼 12 時から 1 時間,2.95120922666639,2.9853826189179573,1516
昼 12 時から 1 時間,2.9853826189179573,3.019951720402019,1408
昼 12 時から 1 時間,3.019951720402019,3.054921113215509,2278
昼 12 時から 1 時間,3.054921113215509,3.090295432513592,1275
昼 12 時から 1 時間,3.090295432513592,3.126079367123962,1385
昼 12 時から 1 時間,3.126079367123962,3.1622776601683795,1435
昼 12 時から 1 時間,3.1622776601683795,3.198895109691404,1024
昼 12 時から 1 時間,3.198895109691404,3.235936569296281,1610
昼 12 時から 1 時間,3.235936569296281,3.273406948788386,1012
昼 12 時から 1 時間,3.273406948788386,3.3113112148259076,1653
昼 12 時から 1 時間,3.3113112148259076,3.3496543915782793,1130
昼 12 時から 1 時間,3.3496543915782793,3.3884415613920207,1723
昼 12 時から 1 時間,3.3884415613920207,3.4276778654645046,1306
昼 12 時から 1 時間,3.4276778654645046,3.4673685045253237,1333
昼 12 時から 1 時間,3.4673685045253237,3.5075187395256795,1336
昼 12 時から 1 時間,3.5075187395256795,3.5481338923357604,842
昼 12 時から 1 時間,3.5481338923357604,3.58921934645005,1308
昼 12 時から 1 時間,3.58921934645005,3.6307805477010175,1011
昼 12 時から 1 時間,3.6307805477010175,3.6728230049808426,1152
昼 12 時から 1 時間,3.6728230049808426,3.715352290971728,1189
昼 12 時から 1 時間,3.715352290971728,3.758374042884451,935
昼 12 時から 1 時間,3.758374042884451,3.801893963205613,999
昼 12 時から 1 時間,3.801893963205613,3.8459178204535434,1315
昼 12 時から 1 時間,3.8459178204535434,3.890451449942805,901
昼 12 時から 1 時間,3.890451449942805,3.9355007545577805,1205
昼 12 時から 1 時間,3.9355007545577805,3.981071705534969,1267
昼 12 時から 1 時間,3.981071705534969,4.027170343254594,917
昼 12 時から 1 時間,4.027170343254594,4.073802778041122,1232
昼 12 時から 1 時間,4.073802778041122,4.120975190973304,992
昼 12 時から 1 時間,4.120975190973304,4.1686938347033635,993
昼 12 時から 1 時間,4.1686938347033635,4.216965034285822,869
昼 12 時から 1 時間,4.216965034285822,4.265795188015934,1307
昼 12 時から 1 時間,4.265795188015934,4.31519076827765,1097
昼 12 時から 1 時間,4.31519076827765,4.3651583224016655,1058
昼 12 時から 1 時間,4.3651583224016655,4.415704473533121,1070
昼 12 時から 1 時間,4.415704473533121,4.4668359215096345,1395
昼 12 時から 1 時間,4.4668359215096345,4.518559443749217,1098
昼 12 時から 1 時間,4.518559443749217,4.570881896148752,1037
昼 12 時から 1 時間,4.570881896148752,4.623810213992613,995
昼 12 時から 1 時間,4.623810213992613,4.677351412871981,1345
昼 12 時から 1 時間,4.677351412871981,4.7315125896148125,1169
昼 12 時から 1 時間,4.7315125896148125,4.7863009232263805,1330
昼 12 時から 1 時間,4.7863009232263805,4.841723675840999,1089
昼 12 時から 1 時間,4.841723675840999,4.897788193684456,1231
昼 12 時から 1 時間,4.897788193684456,4.954501908047906,1281
昼 12 時から 1 時間,4.954501908047906,5.011872336272735,1556
昼 12 時から 1 時間,5.011872336272735,5.0699070827470445,1761
昼 12 時から 1 時間,5.0699070827470445,5.128613839913658,1368
昼 12 時から 1 時間,5.128613839913658,5.188000389289609,1587
昼 12 時から 1 時間,5.188000389289609,5.248074602497733,1610
昼 12 時から 1 時間,5.248074602497733,5.308844442309879,2078
昼 12 時から 1 時間,5.308844442309879,5.370317963702533,2506
昼 12 時から 1 時間,5.370317963702533,5.432503314924325,2734
昼 12 時から 1 時間,5.432503314924325,5.4954087385762485,2635
昼 12 時から 1 時間,5.4954087385762485,5.5590425727040484,1955
昼 12 時から 1 時間,5.5590425727040484,5.623413251903491,1647
昼 12 時から 1 時間,5.623413251903491,5.688529308438425,1654
昼 12 時から 1 時間,5.688529308438425,5.754399373371567,1519
昼 12 時から 1 時間,5.754399373371567,5.821032177708722,1588
昼 12 時から 1 時間,5.821032177708722,5.888436553555884,1672
昼 12 時から 1 時間,5.888436553555884,5.95662143529011,1531
昼 12 時から 1 時間,5.95662143529011,6.025595860743569,1964
昼 12 時から 1 時間,6.025595860743569,6.095368972401694,2407
昼 12 時から 1 時間,6.095368972401694,6.165950018614835,1741
昼 12 時から 1 時間,6.165950018614835,6.237348354824191,1343
昼 12 時から 1 時間,6.237348354824191,6.309573444801943,1247
昼 12 時から 1 時間,6.309573444801943,6.3826348619054825,1238
昼 12 時から 1 時間,6.3826348619054825,6.456542290346563,1321
昼 12 時から 1 時間,6.456542290346563,6.531305526474716,1238
昼 12 時から 1 時間,6.531305526474716,6.606934480075965,1013
昼 12 時から 1 時間,6.606934480075965,6.683439175686162,965
昼 12 時から 1 時間,6.683439175686162,6.760829753919819,854
昼 12 時から 1 時間,6.760829753919819,6.839116472814307,892
昼 12 時から 1 時間,6.839116472814307,6.918309709189362,908
昼 12 時から 1 時間,6.918309709189362,6.998419960022745,838
昼 12 時から 1 時間,6.998419960022745,7.079457843841373,925
昼 12 時から 1 時間,7.079457843841373,7.161434102129027,825
昼 12 時から 1 時間,7.161434102129027,7.244359600749891,843
昼 12 時から 1 時間,7.244359600749891,7.328245331389044,792
昼 12 時から 1 時間,7.328245331389044,7.4131024130091925,871
昼 12 時から 1 時間,7.4131024130091925,7.498942093324558,882
昼 12 時から 1 時間,7.498942093324558,7.585775750291852,762
昼 12 時から 1 時間,7.585775750291852,7.673614893618185,909
昼 12 時から 1 時間,7.673614893618185,7.762471166286928,859
昼 12 時から 1 時間,7.762471166286928,7.85235634610071,856
昼 12 時から 1 時間,7.85235634610071,7.943282347242821,877
昼 12 時から 1 時間,7.943282347242821,8.03526122185616,825
昼 12 時から 1 時間,8.03526122185616,8.128305161640995,929
昼 12 時から 1 時間,8.128305161640995,8.222426499470728,900
昼 12 時から 1 時間,8.222426499470728,8.317637711026709,827
昼 12 時から 1 時間,8.317637711026709,8.413951416451965,901
昼 12 時から 1 時間,8.413951416451965,8.51138038202376,863
昼 12 時から 1 時間,8.51138038202376,8.609937521846016,911
昼 12 時から 1 時間,8.609937521846016,8.709635899560796,904
昼 12 時から 1 時間,8.709635899560796,8.810488730080147,906
昼 12 時から 1 時間,8.810488730080147,8.912509381337477,956
昼 12 時から 1 時間,8.912509381337477,9.01571137605957,1108
昼 12 時から 1 時間,9.01571137605957,9.120108393559116,1550
昼 12 時から 1 時間,9.120108393559116,9.225714271547629,1770
昼 12 時から 1 時間,9.225714271547629,9.332543007969925,1543
昼 12 時から 1 時間,9.332543007969925,9.440608762859226,1231
昼 12 時から 1 時間,9.440608762859226,9.549925860214369,1158
昼 12 時から 1 時間,9.549925860214369,9.66050878989812,1068
昼 12 時から 1 時間,9.66050878989812,9.772372209558112,1257
昼 12 時から 1 時間,9.772372209558112,9.88553094656941,1606
昼 12 時から 1 時間,9.88553094656941,10.0,2736
昼 12 時から 1 時間,10.0,10.115794542599003,2870
昼 12 時から 1 時間,10.115794542599003,10.232929922807536,1710
昼 12 時から 1 時間,10.232929922807536,10.35142166679345,1284
昼 12 時から 1 時間,10.35142166679345,10.471285480508985,1594
昼 12 時から 1 時間,10.471285480508985,10.592537251772898,1525
昼 12 時から 1 時間,10.592537251772898,10.715193052376048,1836
昼 12 時から 1 時間,10.715193052376048,10.83926914021204,2269
昼 12 時から 1 時間,10.83926914021204,10.964781961431873,1890
昼 12 時から 1 時間,10.964781961431873,11.091748152624008,1406
昼 12 時から 1 時間,11.091748152624008,11.220184543019652,1232
昼 12 時から 1 時間,11.220184543019652,11.350108156723143,1087
昼 12 時から 1 時間,11.350108156723143,11.481536214968841,932
昼 12 時から 1 時間,11.481536214968841,11.614486138403414,922
昼 12 時から 1 時間,11.614486138403414,11.748975549395302,942
昼 12 時から 1 時間,11.748975549395302,11.885022274370213,950
昼 12 時から 1 時間,11.885022274370213,12.02264434617413,968
昼 12 時から 1 時間,12.02264434617413,12.161860006463703,1335
昼 12 時から 1 時間,12.161860006463703,12.30268770812381,943
昼 12 時から 1 時間,12.30268770812381,12.44514611771387,863
昼 12 時から 1 時間,12.44514611771387,12.589254117941662,926
昼 12 時から 1 時間,12.589254117941662,12.735030810166629,929
昼 12 時から 1 時間,12.735030810166629,12.882495516931323,944
昼 12 時から 1 時間,12.882495516931323,13.031667784523,891
昼 12 時から 1 時間,13.031667784523,13.1825673855641,917
昼 12 時から 1 時間,13.1825673855641,13.33521432163324,848
昼 12 時から 1 時間,13.33521432163324,13.48962882591656,841
昼 12 時から 1 時間,13.48962882591656,13.645831365889238,697
昼 12 時から 1 時間,13.645831365889238,13.803842646028867,761
昼 12 時から 1 時間,13.803842646028867,13.963683610559363,705
昼 12 時から 1 時間,13.963683610559363,14.125375446227554,734
昼 12 時から 1 時間,14.125375446227554,14.288939585111008,829
昼 12 時から 1 時間,14.288939585111008,14.45439770745928,770
昼 12 時から 1 時間,14.45439770745928,14.621771744567212,792
昼 12 時から 1 時間,14.621771744567212,14.791083881682072,801
昼 12 時から 1 時間,14.791083881682072,14.96235656094436,755
昼 12 時から 1 時間,14.96235656094436,15.135612484362072,1126
昼 12 時から 1 時間,15.135612484362072,15.31087461682032,1137
昼 12 時から 1 時間,15.31087461682032,15.488166189124795,1063
昼 12 時から 1 時間,15.488166189124795,15.6675107010815,945
昼 12 時から 1 時間,15.6675107010815,15.848931924611174,908
昼 12 時から 1 時間,15.848931924611174,16.032453906900418,1045
昼 12 時から 1 時間,16.032453906900418,16.218100973589333,1027
昼 12 時から 1 時間,16.218100973589333,16.40589773199539,946
昼 12 時から 1 時間,16.40589773199539,16.59586907437563,779
昼 12 時から 1 時間,16.59586907437563,16.78804018122559,757
昼 12 時から 1 時間,16.78804018122559,16.98243652461746,770
昼 12 時から 1 時間,16.98243652461746,17.17908387157586,738
昼 12 時から 1 時間,17.17908387157586,17.378008287493763,709
昼 12 時から 1 時間,17.378008287493763,17.579236139586968,652
昼 12 時から 1 時間,17.579236139586968,17.78279410038923,693
昼 12 時から 1 時間,17.78279410038923,17.98870915128791,741
昼 12 時から 1 時間,17.98870915128791,18.197008586099827,884
昼 12 時から 1 時間,18.197008586099827,18.40772001468958,809
昼 12 時から 1 時間,18.40772001468958,18.620871366628656,658
昼 12 時から 1 時間,18.620871366628656,18.83649089489802,669
昼 12 時から 1 時間,18.83649089489802,19.054607179632445,600
昼 12 時から 1 時間,19.054607179632445,19.275249131909366,665
昼 12 時から 1 時間,19.275249131909366,19.498445997580493,646
昼 12 時から 1 時間,19.498445997580493,19.724227361148536,609
昼 12 時から 1 時間,19.724227361148536,19.95262314968883,654
昼 12 時から 1 時間,19.95262314968883,20.183663636815595,839
昼 12 時から 1 時間,20.183663636815595,20.417379446695318,763
昼 12 時から 1 時間,20.417379446695318,20.65380155810527,850
昼 12 時から 1 時間,20.65380155810527,20.892961308540407,737
昼 12 時から 1 時間,20.892961308540407,21.13489039836652,829
昼 12 時から 1 時間,21.13489039836652,21.379620895022324,857
昼 12 時から 1 時間,21.379620895022324,21.627185237270247,925
昼 12 時から 1 時間,21.627185237270247,21.87761623949552,734
昼 12 時から 1 時間,21.87761623949552,22.13094709605641,826
昼 12 時から 1 時間,22.13094709605641,22.38721138568338,794
昼 12 時から 1 時間,22.38721138568338,22.64644307593062,784
昼 12 時から 1 時間,22.64644307593062,22.908676527677702,669
昼 12 時から 1 時間,22.908676527677702,23.173946499684796,673
昼 12 時から 1 時間,23.173946499684796,23.442288153199275,607
昼 12 時から 1 時間,23.442288153199275,23.71373705661655,645
昼 12 時から 1 時間,23.71373705661655,23.988329190194946,651
昼 12 時から 1 時間,23.988329190194946,24.266100950824143,762
昼 12 時から 1 時間,24.266100950824143,24.547089156850337,683
昼 12 時から 1 時間,24.547089156850337,24.83133105295568,657
昼 12 時から 1 時間,24.83133105295568,25.11886431509582,660
昼 12 時から 1 時間,25.11886431509582,25.40972705549301,635
昼 12 時から 1 時間,25.40972705549301,25.703957827688647,811
昼 12 時から 1 時間,25.703957827688647,26.001595631652773,659
昼 12 時から 1 時間,26.001595631652773,26.302679918953814,586
昼 12 時から 1 時間,26.302679918953814,26.60725059798814,653
昼 12 時から 1 時間,26.60725059798814,26.91534803926914,756
昼 12 時から 1 時間,26.91534803926914,27.227013080779155,801
昼 12 時から 1 時間,27.227013080779155,27.542287033381633,935
昼 12 時から 1 時間,27.542287033381633,27.86121168629772,617
昼 12 時から 1 時間,27.86121168629772,28.183829312644608,723
昼 12 時から 1 時間,28.183829312644608,28.510182675039097,578
昼 12 時から 1 時間,28.510182675039097,28.840315031266115,573
昼 12 時から 1 時間,28.840315031266115,29.17427014001166,589
昼 12 時から 1 時間,29.17427014001166,29.5120922666639,690
昼 12 時から 1 時間,29.5120922666639,29.85382618917957,708
昼 12 時から 1 時間,29.85382618917957,30.199517204020193,1492
昼 12 時から 1 時間,30.199517204020193,30.549211132155094,915
昼 12 時から 1 時間,30.549211132155094,30.90295432513592,978
昼 12 時から 1 時間,30.90295432513592,31.26079367123962,834
昼 12 時から 1 時間,31.26079367123962,31.622776601683793,569
昼 12 時から 1 時間,31.622776601683793,31.988951096914036,581
昼 12 時から 1 時間,31.988951096914036,32.35936569296281,685
昼 12 時から 1 時間,32.35936569296281,32.734069487883865,854
昼 12 時から 1 時間,32.734069487883865,33.11311214825908,600
昼 12 時から 1 時間,33.11311214825908,33.496543915782794,670
昼 12 時から 1 時間,33.496543915782794,33.884415613920204,598
昼 12 時から 1 時間,33.884415613920204,34.27677865464505,595
昼 12 時から 1 時間,34.27677865464505,34.67368504525324,464
昼 12 時から 1 時間,34.67368504525324,35.0751873952568,505
昼 12 時から 1 時間,35.0751873952568,35.481338923357605,566
昼 12 時から 1 時間,35.481338923357605,35.8921934645005,587
昼 12 時から 1 時間,35.8921934645005,36.30780547701018,511
昼 12 時から 1 時間,36.30780547701018,36.728230049808424,587
昼 12 時から 1 時間,36.728230049808424,37.15352290971728,569
昼 12 時から 1 時間,37.15352290971728,37.58374042884451,509
昼 12 時から 1 時間,37.58374042884451,38.018939632056124,555
昼 12 時から 1 時間,38.018939632056124,38.459178204535434,488
昼 12 時から 1 時間,38.459178204535434,38.904514499428046,496
昼 12 時から 1 時間,38.904514499428046,39.355007545577806,474
昼 12 時から 1 時間,39.355007545577806,39.81071705534969,457
昼 12 時から 1 時間,39.81071705534969,40.27170343254595,492
昼 12 時から 1 時間,40.27170343254595,40.73802778041122,519
昼 12 時から 1 時間,40.73802778041122,41.20975190973304,487
昼 12 時から 1 時間,41.20975190973304,41.68693834703364,515
昼 12 時から 1 時間,41.68693834703364,42.169650342858226,473
昼 12 時から 1 時間,42.169650342858226,42.657951880159345,508
昼 12 時から 1 時間,42.657951880159345,43.1519076827765,509
昼 12 時から 1 時間,43.1519076827765,43.651583224016655,630
昼 12 時から 1 時間,43.651583224016655,44.157044735331205,426
昼 12 時から 1 時間,44.157044735331205,44.668359215096345,425
昼 12 時から 1 時間,44.668359215096345,45.18559443749217,447
昼 12 時から 1 時間,45.18559443749217,45.708818961487516,535
昼 12 時から 1 時間,45.708818961487516,46.23810213992613,412
昼 12 時から 1 時間,46.23810213992613,46.77351412871981,445
昼 12 時から 1 時間,46.77351412871981,47.315125896148125,423
昼 12 時から 1 時間,47.315125896148125,47.863009232263806,467
昼 12 時から 1 時間,47.863009232263806,48.41723675840999,498
昼 12 時から 1 時間,48.41723675840999,48.97788193684456,559
昼 12 時から 1 時間,48.97788193684456,49.54501908047905,475
昼 12 時から 1 時間,49.54501908047905,50.11872336272735,433
昼 12 時から 1 時間,50.11872336272735,50.69907082747044,450
昼 12 時から 1 時間,50.69907082747044,51.28613839913659,411
昼 12 時から 1 時間,51.28613839913659,51.88000389289609,461
昼 12 時から 1 時間,51.88000389289609,52.480746024977336,380
昼 12 時から 1 時間,52.480746024977336,53.08844442309879,421
昼 12 時から 1 時間,53.08844442309879,53.70317963702533,463
昼 12 時から 1 時間,53.70317963702533,54.32503314924325,440
昼 12 時から 1 時間,54.32503314924325,54.954087385762485,481
昼 12 時から 1 時間,54.954087385762485,55.59042572704048,520
昼 12 時から 1 時間,55.59042572704048,56.23413251903491,431
昼 12 時から 1 時間,56.23413251903491,56.885293084384244,386
昼 12 時から 1 時間,56.885293084384244,57.543993733715666,428
昼 12 時から 1 時間,57.543993733715666,58.210321777087216,367
昼 12 時から 1 時間,58.210321777087216,58.88436553555884,380
昼 12 時から 1 時間,58.88436553555884,59.56621435290109,566
昼 12 時から 1 時間,59.56621435290109,60.25595860743569,1109
昼 12 時から 1 時間,60.25595860743569,60.95368972401694,884
昼 12 時から 1 時間,60.95368972401694,61.65950018614835,361
昼 12 時から 1 時間,61.65950018614835,62.373483548241914,316
昼 12 時から 1 時間,62.373483548241914,63.09573444801943,387
昼 12 時から 1 時間,63.09573444801943,63.826348619054826,376
昼 12 時から 1 時間,63.826348619054826,64.56542290346563,382
昼 12 時から 1 時間,64.56542290346563,65.31305526474716,384
昼 12 時から 1 時間,65.31305526474716,66.06934480075964,479
昼 12 時から 1 時間,66.06934480075964,66.83439175686162,388
昼 12 時から 1 時間,66.83439175686162,67.60829753919819,312
昼 12 時から 1 時間,67.60829753919819,68.39116472814307,301
昼 12 時から 1 時間,68.39116472814307,69.18309709189363,287
昼 12 時から 1 時間,69.18309709189363,69.98419960022746,376
昼 12 時から 1 時間,69.98419960022746,70.79457843841374,363
昼 12 時から 1 時間,70.79457843841374,71.61434102129027,331
昼 12 時から 1 時間,71.61434102129027,72.44359600749891,361
昼 12 時から 1 時間,72.44359600749891,73.28245331389044,322
昼 12 時から 1 時間,73.28245331389044,74.13102413009192,282
昼 12 時から 1 時間,74.13102413009192,74.98942093324558,331
昼 12 時から 1 時間,74.98942093324558,75.85775750291852,377
昼 12 時から 1 時間,75.85775750291852,76.73614893618186,316
昼 12 時から 1 時間,76.73614893618186,77.62471166286927,300
昼 12 時から 1 時間,77.62471166286927,78.5235634610071,317
昼 12 時から 1 時間,78.5235634610071,79.43282347242821,296
昼 12 時から 1 時間,79.43282347242821,80.3526122185616,292
昼 12 時から 1 時間,80.3526122185616,81.28305161640995,342
昼 12 時から 1 時間,81.28305161640995,82.22426499470728,303
昼 12 時から 1 時間,82.22426499470728,83.17637711026708,288
昼 12 時から 1 時間,83.17637711026708,84.13951416451965,288
昼 12 時から 1 時間,84.13951416451965,85.11380382023759,295
昼 12 時から 1 時間,85.11380382023759,86.09937521846017,440
昼 12 時から 1 時間,86.09937521846017,87.09635899560796,312
昼 12 時から 1 時間,87.09635899560796,88.10488730080147,290
昼 12 時から 1 時間,88.10488730080147,89.12509381337478,258
昼 12 時から 1 時間,89.12509381337478,90.1571137605957,291
昼 12 時から 1 時間,90.1571137605957,91.20108393559116,395
昼 12 時から 1 時間,91.20108393559116,92.25714271547629,337
昼 12 時から 1 時間,92.25714271547629,93.32543007969925,262
昼 12 時から 1 時間,93.32543007969925,94.40608762859226,246
昼 12 時から 1 時間,94.40608762859226,95.49925860214368,256
昼 12 時から 1 時間,95.49925860214368,96.60508789898121,338
昼 12 時から 1 時間,96.60508789898121,97.72372209558111,323
昼 12 時から 1 時間,97.72372209558111,98.8553094656941,222
昼 12 時から 1 時間,98.8553094656941,100.0,226
昼 12 時から 1 時間,100.0,101.15794542599004,329
昼 12 時から 1 時間,101.15794542599004,102.32929922807536,216
昼 12 時から 1 時間,102.32929922807536,103.51421666793452,214
昼 12 時から 1 時間,103.51421666793452,104.71285480508985,219
昼 12 時から 1 時間,104.71285480508985,105.92537251772897,271
昼 12 時から 1 時間,105.92537251772897,107.15193052376048,216
昼 12 時から 1 時間,107.15193052376048,108.39269140212039,289
昼 12 時から 1 時間,108.39269140212039,109.64781961431873,222
昼 12 時から 1 時間,109.64781961431873,110.9174815262401,236
昼 12 時から 1 時間,110.9174815262401,112.20184543019653,207
昼 12 時から 1 時間,112.20184543019653,113.50108156723144,214
昼 12 時から 1 時間,113.50108156723144,114.81536214968841,259
昼 12 時から 1 時間,114.81536214968841,116.14486138403414,315
昼 12 時から 1 時間,116.14486138403414,117.48975549395303,252
昼 12 時から 1 時間,117.48975549395303,118.85022274370213,225
昼 12 時から 1 時間,118.85022274370213,120.22644346174131,388
昼 12 時から 1 時間,120.22644346174131,121.61860006463704,356
昼 12 時から 1 時間,121.61860006463704,123.02687708123811,267
昼 12 時から 1 時間,123.02687708123811,124.4514611771387,261
昼 12 時から 1 時間,124.4514611771387,125.89254117941663,253
昼 12 時から 1 時間,125.89254117941663,127.3503081016663,209
昼 12 時から 1 時間,127.3503081016663,128.82495516931323,197
昼 12 時から 1 時間,128.82495516931323,130.31667784523,190
昼 12 時から 1 時間,130.31667784523,131.825673855641,239
昼 12 時から 1 時間,131.825673855641,133.3521432163324,209
昼 12 時から 1 時間,133.3521432163324,134.8962882591656,235
昼 12 時から 1 時間,134.8962882591656,136.4583136588924,217
昼 12 時から 1 時間,136.4583136588924,138.03842646028866,185
昼 12 時から 1 時間,138.03842646028866,139.63683610559363,212
昼 12 時から 1 時間,139.63683610559363,141.25375446227554,179
昼 12 時から 1 時間,141.25375446227554,142.88939585111007,198
昼 12 時から 1 時間,142.88939585111007,144.5439770745928,172
昼 12 時から 1 時間,144.5439770745928,146.21771744567212,244
昼 12 時から 1 時間,146.21771744567212,147.91083881682073,196
昼 12 時から 1 時間,147.91083881682073,149.62356560944357,164
昼 12 時から 1 時間,149.62356560944357,151.3561248436207,220
昼 12 時から 1 時間,151.3561248436207,153.1087461682032,168
昼 12 時から 1 時間,153.1087461682032,154.88166189124794,178
昼 12 時から 1 時間,154.88166189124794,156.67510701081503,219
昼 12 時から 1 時間,156.67510701081503,158.48931924611173,272
昼 12 時から 1 時間,158.48931924611173,160.32453906900417,160
昼 12 時から 1 時間,160.32453906900417,162.18100973589333,205
昼 12 時から 1 時間,162.18100973589333,164.05897731995387,181
昼 12 時から 1 時間,164.05897731995387,165.9586907437563,167
昼 12 時から 1 時間,165.9586907437563,167.88040181225588,174
昼 12 時から 1 時間,167.88040181225588,169.8243652461746,147
昼 12 時から 1 時間,169.8243652461746,171.79083871575858,152
昼 12 時から 1 時間,171.79083871575858,173.78008287493762,166
昼 12 時から 1 時間,173.78008287493762,175.79236139586968,143
昼 12 時から 1 時間,175.79236139586968,177.82794100389228,177
昼 12 時から 1 時間,177.82794100389228,179.8870915128791,165
昼 12 時から 1 時間,179.8870915128791,181.97008586099827,209
昼 12 時から 1 時間,181.97008586099827,184.07720014689582,181
昼 12 時から 1 時間,184.07720014689582,186.20871366628657,172
昼 12 時から 1 時間,186.20871366628657,188.3649089489802,153
昼 12 時から 1 時間,188.3649089489802,190.54607179632444,111
昼 12 時から 1 時間,190.54607179632444,192.75249131909365,145
昼 12 時から 1 時間,192.75249131909365,194.98445997580495,148
昼 12 時から 1 時間,194.98445997580495,197.24227361148533,160
昼 12 時から 1 時間,197.24227361148533,199.5262314968883,132
昼 12 時から 1 時間,199.5262314968883,201.83663636815598,138
昼 12 時から 1 時間,201.83663636815598,204.17379446695315,147
昼 12 時から 1 時間,204.17379446695315,206.5380155810527,168
昼 12 時から 1 時間,206.5380155810527,208.92961308540407,127
昼 12 時から 1 時間,208.92961308540407,211.3489039836652,171
昼 12 時から 1 時間,211.3489039836652,213.79620895022325,142
昼 12 時から 1 時間,213.79620895022325,216.27185237270245,139
昼 12 時から 1 時間,216.27185237270245,218.77616239495518,149
昼 12 時から 1 時間,218.77616239495518,221.30947096056408,170
昼 12 時から 1 時間,221.30947096056408,223.87211385683378,125
昼 12 時から 1 時間,223.87211385683378,226.4644307593062,145
昼 12 時から 1 時間,226.4644307593062,229.08676527677702,110
昼 12 時から 1 時間,229.08676527677702,231.73946499684797,114
昼 12 時から 1 時間,231.73946499684797,234.42288153199274,93
昼 12 時から 1 時間,234.42288153199274,237.13737056616552,82
昼 12 時から 1 時間,237.13737056616552,239.8832919019495,252
昼 12 時から 1 時間,239.8832919019495,242.66100950824142,300
昼 12 時から 1 時間,242.66100950824142,245.47089156850336,137
昼 12 時から 1 時間,245.47089156850336,248.3133105295568,126
昼 12 時から 1 時間,248.3133105295568,251.18864315095823,178
昼 12 時から 1 時間,251.18864315095823,254.09727055493013,150
昼 12 時から 1 時間,254.09727055493013,257.03957827688646,139
昼 12 時から 1 時間,257.03957827688646,260.01595631652776,120
昼 12 時から 1 時間,260.01595631652776,263.02679918953817,126
昼 12 時から 1 時間,263.02679918953817,266.0725059798814,137
昼 12 時から 1 時間,266.0725059798814,269.1534803926914,120
昼 12 時から 1 時間,269.1534803926914,272.27013080779153,101
昼 12 時から 1 時間,272.27013080779153,275.4228703338163,94
昼 12 時から 1 時間,275.4228703338163,278.61211686297725,107
昼 12 時から 1 時間,278.61211686297725,281.83829312644605,108
昼 12 時から 1 時間,281.83829312644605,285.10182675039096,108
昼 12 時から 1 時間,285.10182675039096,288.4031503126612,114
昼 12 時から 1 時間,288.4031503126612,291.7427014001166,123
昼 12 時から 1 時間,291.7427014001166,295.120922666639,105
昼 12 時から 1 時間,295.120922666639,298.53826189179574,114
昼 12 時から 1 時間,298.53826189179574,301.9951720402019,189
昼 12 時から 1 時間,301.9951720402019,305.4921113215509,120
昼 12 時から 1 時間,305.4921113215509,309.0295432513592,106
昼 12 時から 1 時間,309.0295432513592,312.6079367123962,124
昼 12 時から 1 時間,312.6079367123962,316.22776601683796,93
昼 12 時から 1 時間,316.22776601683796,319.88951096914036,105
昼 12 時から 1 時間,319.88951096914036,323.5936569296281,127
昼 12 時から 1 時間,323.5936569296281,327.34069487883863,106
昼 12 時から 1 時間,327.34069487883863,331.13112148259074,102
昼 12 時から 1 時間,331.13112148259074,334.9654391578279,92
昼 12 時から 1 時間,334.9654391578279,338.844156139202,100
昼 12 時から 1 時間,338.844156139202,342.76778654645045,108
昼 12 時から 1 時間,342.76778654645045,346.7368504525324,81
昼 12 時から 1 時間,346.7368504525324,350.75187395256796,91
昼 12 時から 1 時間,350.75187395256796,354.81338923357606,55
昼 12 時から 1 時間,354.81338923357606,358.92193464500497,113
昼 12 時から 1 時間,358.92193464500497,363.07805477010174,86
昼 12 時から 1 時間,363.07805477010174,367.2823004980842,71
昼 12 時から 1 時間,367.2823004980842,371.53522909717276,78
昼 12 時から 1 時間,371.53522909717276,375.8374042884451,90
昼 12 時から 1 時間,375.8374042884451,380.1893963205613,71
昼 12 時から 1 時間,380.1893963205613,384.5917820453543,81
昼 12 時から 1 時間,384.5917820453543,389.04514499428046,170
昼 12 時から 1 時間,389.04514499428046,393.550075455778,85
昼 12 時から 1 時間,393.550075455778,398.1071705534969,88
昼 12 時から 1 時間,398.1071705534969,402.7170343254595,71
昼 12 時から 1 時間,402.7170343254595,407.3802778041122,67
昼 12 時から 1 時間,407.3802778041122,412.0975190973304,274
昼 12 時から 1 時間,412.0975190973304,416.86938347033634,89
昼 12 時から 1 時間,416.86938347033634,421.6965034285823,113
昼 12 時から 1 時間,421.6965034285823,426.57951880159345,87
昼 12 時から 1 時間,426.57951880159345,431.519076827765,87
昼 12 時から 1 時間,431.519076827765,436.51583224016656,96
昼 12 時から 1 時間,436.51583224016656,441.5704473533121,104
昼 12 時から 1 時間,441.5704473533121,446.6835921509635,84
昼 12 時から 1 時間,446.6835921509635,451.8559443749217,78
昼 12 時から 1 時間,451.8559443749217,457.0881896148752,77
昼 12 時から 1 時間,457.0881896148752,462.3810213992613,113
昼 12 時から 1 時間,462.3810213992613,467.73514128719813,88
昼 12 時から 1 時間,467.73514128719813,473.15125896148123,75
昼 12 時から 1 時間,473.15125896148123,478.630092322638,70
昼 12 時から 1 時間,478.630092322638,484.1723675840999,184
昼 12 時から 1 時間,484.1723675840999,489.7788193684456,97
昼 12 時から 1 時間,489.7788193684456,495.45019080479057,67
昼 12 時から 1 時間,495.45019080479057,501.18723362727354,62
昼 12 時から 1 時間,501.18723362727354,506.99070827470445,67
昼 12 時から 1 時間,506.99070827470445,512.8613839913659,71
昼 12 時から 1 時間,512.8613839913659,518.8000389289609,57
昼 12 時から 1 時間,518.8000389289609,524.8074602497734,65
昼 12 時から 1 時間,524.8074602497734,530.8844442309879,70
昼 12 時から 1 時間,530.8844442309879,537.0317963702532,78
昼 12 時から 1 時間,537.0317963702532,543.2503314924325,73
昼 12 時から 1 時間,543.2503314924325,549.5408738576248,56
昼 12 時から 1 時間,549.5408738576248,555.9042572704049,62
昼 12 時から 1 時間,555.9042572704049,562.341325190349,46
昼 12 時から 1 時間,562.341325190349,568.8529308438425,71
昼 12 時から 1 時間,568.8529308438425,575.4399373371566,45
昼 12 時から 1 時間,575.4399373371566,582.1032177708722,57
昼 12 時から 1 時間,582.1032177708722,588.8436553555883,73
昼 12 時から 1 時間,588.8436553555883,595.6621435290109,75
昼 12 時から 1 時間,595.6621435290109,602.5595860743568,159
昼 12 時から 1 時間,602.5595860743568,609.5368972401693,104
昼 12 時から 1 時間,609.5368972401693,616.5950018614835,49
昼 12 時から 1 時間,616.5950018614835,623.7348354824192,64
昼 12 時から 1 時間,623.7348354824192,630.9573444801943,71
昼 12 時から 1 時間,630.9573444801943,638.2634861905483,54
昼 12 時から 1 時間,638.2634861905483,645.6542290346563,55
昼 12 時から 1 時間,645.6542290346563,653.1305526474716,43
昼 12 時から 1 時間,653.1305526474716,660.6934480075964,59
昼 12 時から 1 時間,660.6934480075964,668.3439175686162,57
昼 12 時から 1 時間,668.3439175686162,676.0829753919819,27
昼 12 時から 1 時間,676.0829753919819,683.9116472814306,40
昼 12 時から 1 時間,683.9116472814306,691.8309709189363,60
昼 12 時から 1 時間,691.8309709189363,699.8419960022745,62
昼 12 時から 1 時間,699.8419960022745,707.9457843841374,48
昼 12 時から 1 時間,707.9457843841374,716.1434102129027,45
昼 12 時から 1 時間,716.1434102129027,724.4359600749891,110
昼 12 時から 1 時間,724.4359600749891,732.8245331389045,33
昼 12 時から 1 時間,732.8245331389045,741.3102413009192,48
昼 12 時から 1 時間,741.3102413009192,749.8942093324558,44
昼 12 時から 1 時間,749.8942093324558,758.5775750291851,38
昼 12 時から 1 時間,758.5775750291851,767.3614893618186,55
昼 12 時から 1 時間,767.3614893618186,776.2471166286928,50
昼 12 時から 1 時間,776.2471166286928,785.235634610071,58
昼 12 時から 1 時間,785.235634610071,794.3282347242822,11
昼 12 時から 1 時間,794.3282347242822,803.526122185616,28
昼 12 時から 1 時間,803.526122185616,812.8305161640995,30
昼 12 時から 1 時間,812.8305161640995,822.2426499470729,37
昼 12 時から 1 時間,822.2426499470729,831.7637711026708,52
昼 12 時から 1 時間,831.7637711026708,841.3951416451964,40
昼 12 時から 1 時間,841.3951416451964,851.1380382023759,15
昼 12 時から 1 時間,851.1380382023759,860.9937521846016,39
昼 12 時から 1 時間,860.9937521846016,870.9635899560797,36
昼 12 時から 1 時間,870.9635899560797,881.0488730080147,46
昼 12 時から 1 時間,881.0488730080147,891.2509381337477,41
昼 12 時から 1 時間,891.2509381337477,901.571137605957,120
昼 12 時から 1 時間,901.571137605957,912.0108393559116,27
昼 12 時から 1 時間,912.0108393559116,922.5714271547629,25
昼 12 時から 1 時間,922.5714271547629,933.2543007969924,21
昼 12 時から 1 時間,933.2543007969924,944.0608762859226,32
昼 12 時から 1 時間,944.0608762859226,954.9925860214369,17
昼 12 時から 1 時間,954.9925860214369,966.0508789898121,63
昼 12 時から 1 時間,966.0508789898121,977.2372209558112,27
昼 12 時から 1 時間,977.2372209558112,988.5530946569411,27
昼 12 時から 1 時間,988.5530946569411,1000.0,36
昼 12 時から 1 時間,1000.0,1011.5794542599003,33
昼 12 時から 1 時間,1011.5794542599003,1023.2929922807537,31
昼 12 時から 1 時間,1023.2929922807537,1035.142166679345,16
昼 12 時から 1 時間,1035.142166679345,1047.1285480508984,33
昼 12 時から 1 時間,1047.1285480508984,1059.2537251772897,43
昼 12 時から 1 時間,1059.2537251772897,1071.5193052376092,32
昼 12 時から 1 時間,1071.5193052376092,1083.9269140212039,48
昼 12 時から 1 時間,1083.9269140212039,1096.4781961431872,38
昼 12 時から 1 時間,1096.4781961431872,1109.174815262401,28
昼 12 時から 1 時間,1109.174815262401,1122.0184543019652,31
昼 12 時から 1 時間,1122.0184543019652,1135.0108156723143,25
昼 12 時から 1 時間,1135.0108156723143,1148.1536214968842,32
昼 12 時から 1 時間,1148.1536214968842,1161.4486138403415,39
昼 12 時から 1 時間,1161.4486138403415,1174.8975549395302,28
昼 12 時から 1 時間,1174.8975549395302,1188.5022274370212,17
昼 12 時から 1 時間,1188.5022274370212,1202.2644346174131,33
昼 12 時から 1 時間,1202.2644346174131,1216.1860006463703,38
昼 12 時から 1 時間,1216.1860006463703,1230.268770812381,29
昼 12 時から 1 時間,1230.268770812381,1244.5146117713869,18
昼 12 時から 1 時間,1244.5146117713869,1258.9254117941662,18
昼 12 時から 1 時間,1258.9254117941662,1273.503081016663,17
昼 12 時から 1 時間,1273.503081016663,1288.2495516931324,74
昼 12 時から 1 時間,1288.2495516931324,1303.1667784523,19
昼 12 時から 1 時間,1303.1667784523,1318.25673855641,27
昼 12 時から 1 時間,1318.25673855641,1333.521432163324,38
昼 12 時から 1 時間,1333.521432163324,1348.9628825916561,26
昼 12 時から 1 時間,1348.9628825916561,1364.583136588924,24
昼 12 時から 1 時間,1364.583136588924,1380.3842646028866,25
昼 12 時から 1 時間,1380.3842646028866,1396.3683610559362,13
昼 12 時から 1 時間,1396.3683610559362,1412.5375446227554,30
昼 12 時から 1 時間,1412.5375446227554,1428.8939585111066,37
昼 12 時から 1 時間,1428.8939585111066,1445.439770745928,26
昼 12 時から 1 時間,1445.439770745928,1462.1771744567213,31
昼 12 時から 1 時間,1462.1771744567213,1479.1083881682073,23
昼 12 時から 1 時間,1479.1083881682073,1496.2356560944359,19
昼 12 時から 1 時間,1496.2356560944359,1513.5612484362073,19
昼 12 時から 1 時間,1513.5612484362073,1531.087461682032,45
昼 12 時から 1 時間,1531.087461682032,1548.8166189124795,35
昼 12 時から 1 時間,1548.8166189124795,1566.75107010815,41
昼 12 時から 1 時間,1566.75107010815,1584.8931924611175,36
昼 12 時から 1 時間,1584.8931924611175,1603.2453906900419,23
昼 12 時から 1 時間,1603.2453906900419,1621.8100973589333,36
昼 12 時から 1 時間,1621.8100973589333,1640.5897731995387,12
昼 12 時から 1 時間,1640.5897731995387,1659.586907437563,16
昼 12 時から 1 時間,1659.586907437563,1678.804018122559,29
昼 12 時から 1 時間,1678.804018122559,1698.243652461746,23
昼 12 時から 1 時間,1698.243652461746,1717.9083871575858,35
昼 12 時から 1 時間,1717.9083871575858,1737.8008287493763,26
昼 12 時から 1 時間,1737.8008287493763,1757.9236139586967,17
昼 12 時から 1 時間,1757.9236139586967,1778.2794100389228,9
昼 12 時から 1 時間,1778.2794100389228,1798.870915128791,18
昼 12 時から 1 時間,1798.870915128791,1819.7008586099826,72
昼 12 時から 1 時間,1819.7008586099826,1840.7720014689583,12
昼 12 時から 1 時間,1840.7720014689583,1862.0871366628655,58
昼 12 時から 1 時間,1862.0871366628655,1883.649089489802,10
昼 12 時から 1 時間,1883.649089489802,1905.4607179632521,16
昼 12 時から 1 時間,1905.4607179632521,1927.5249131909366,22
昼 12 時から 1 時間,1927.5249131909366,1949.8445997580495,22
昼 12 時から 1 時間,1949.8445997580495,1972.4227361148535,17
昼 12 時から 1 時間,1972.4227361148535,1995.262314968883,16
昼 12 時から 1 時間,1995.262314968883,2018.3663636815597,15
昼 12 時から 1 時間,2018.3663636815597,2041.7379446695318,35
昼 12 時から 1 時間,2041.7379446695318,2065.380155810527,21
昼 12 時から 1 時間,2065.380155810527,2089.2961308540407,14
昼 12 時から 1 時間,2089.2961308540407,2113.489039836652,18
昼 12 時から 1 時間,2113.489039836652,2137.9620895022326,18
昼 12 時から 1 時間,2137.9620895022326,2162.7185237270246,26
昼 12 時から 1 時間,2162.7185237270246,2187.761623949552,34
昼 12 時から 1 時間,2187.761623949552,2213.094709605641,11
昼 12 時から 1 時間,2213.094709605641,2238.7211385683377,21
昼 12 時から 1 時間,2238.7211385683377,2264.644307593062,39
昼 12 時から 1 時間,2264.644307593062,2290.86765276777,24
昼 12 時から 1 時間,2290.86765276777,2317.39464996848,9
昼 12 時から 1 時間,2317.39464996848,2344.2288153199274,24
昼 12 時から 1 時間,2344.2288153199274,2371.373705661655,18
昼 12 時から 1 時間,2371.373705661655,2398.832919019495,5
昼 12 時から 1 時間,2398.832919019495,2426.6100950824143,13
昼 12 時から 1 時間,2426.6100950824143,2454.7089156850334,43
昼 12 時から 1 時間,2454.7089156850334,2483.133105295568,12
昼 12 時から 1 時間,2483.133105295568,2511.886431509582,10
昼 12 時から 1 時間,2511.886431509582,2540.9727055493117,17
昼 12 時から 1 時間,2540.9727055493117,2570.3957827688646,8
昼 12 時から 1 時間,2570.3957827688646,2600.1595631652776,19
昼 12 時から 1 時間,2600.1595631652776,2630.2679918953813,22
昼 12 時から 1 時間,2630.2679918953813,2660.725059798814,8
昼 12 時から 1 時間,2660.725059798814,2691.534803926914,13
昼 12 時から 1 時間,2691.534803926914,2722.7013080779157,15
昼 12 時から 1 時間,2722.7013080779157,2754.228703338163,23
昼 12 時から 1 時間,2754.228703338163,2786.121168629772,13
昼 12 時から 1 時間,2786.121168629772,2818.3829312644607,5
昼 12 時から 1 時間,2818.3829312644607,2851.0182675039096,14
昼 12 時から 1 時間,2851.0182675039096,2884.031503126612,23
昼 12 時から 1 時間,2884.031503126612,2917.427014001166,4
昼 12 時から 1 時間,2917.427014001166,2951.20922666639,7
昼 12 時から 1 時間,2951.20922666639,2985.382618917957,7
昼 12 時から 1 時間,2985.382618917957,3019.951720402019,43
昼 12 時から 1 時間,3019.951720402019,3054.921113215509,15
昼 12 時から 1 時間,3054.921113215509,3090.295432513592,12
昼 12 時から 1 時間,3090.295432513592,3126.079367123962,4
昼 12 時から 1 時間,3126.079367123962,3162.2776601683795,12
昼 12 時から 1 時間,3162.2776601683795,3198.895109691404,17
昼 12 時から 1 時間,3198.895109691404,3235.936569296281,12
昼 12 時から 1 時間,3235.936569296281,3273.406948788386,15
昼 12 時から 1 時間,3273.406948788386,3311.311214825908,9
昼 12 時から 1 時間,3311.311214825908,3349.6543915782795,19
昼 12 時から 1 時間,3349.6543915782795,3388.441561392034,15
昼 12 時から 1 時間,3388.441561392034,3427.6778654645045,15
昼 12 時から 1 時間,3427.6778654645045,3467.3685045253237,9
昼 12 時から 1 時間,3467.3685045253237,3507.5187395256794,14
昼 12 時から 1 時間,3507.5187395256794,3548.1338923357603,17
昼 12 時から 1 時間,3548.1338923357603,3589.2193464500497,17
昼 12 時から 1 時間,3589.2193464500497,3630.7805477010174,73
昼 12 時から 1 時間,3630.7805477010174,3672.8230049808426,24
昼 12 時から 1 時間,3672.8230049808426,3715.3522909717276,6
昼 12 時から 1 時間,3715.3522909717276,3758.374042884451,7
昼 12 時から 1 時間,3758.374042884451,3801.8939632056126,11
昼 12 時から 1 時間,3801.8939632056126,3845.9178204535433,7
昼 12 時から 1 時間,3845.9178204535433,3890.4514499428046,10
昼 12 時から 1 時間,3890.4514499428046,3935.5007545577805,6
昼 12 時から 1 時間,3935.5007545577805,3981.071705534969,4
昼 12 時から 1 時間,3981.071705534969,4027.170343254595,3
昼 12 時から 1 時間,4027.170343254595,4073.802778041122,11
昼 12 時から 1 時間,4073.802778041122,4120.975190973304,9
昼 12 時から 1 時間,4120.975190973304,4168.693834703364,6
昼 12 時から 1 時間,4168.693834703364,4216.965034285822,4
昼 12 時から 1 時間,4216.965034285822,4265.795188015934,5
昼 12 時から 1 時間,4265.795188015934,4315.19076827765,21
昼 12 時から 1 時間,4315.19076827765,4365.158322401666,4
昼 12 時から 1 時間,4365.158322401666,4415.704473533121,8
昼 12 時から 1 時間,4415.704473533121,4466.835921509635,7
昼 12 時から 1 時間,4466.835921509635,4518.5594437492355,4
昼 12 時から 1 時間,4518.5594437492355,4570.881896148751,13
昼 12 時から 1 時間,4570.881896148751,4623.810213992613,20
昼 12 時から 1 時間,4623.810213992613,4677.351412871981,4
昼 12 時から 1 時間,4677.351412871981,4731.512589614813,2
昼 12 時から 1 時間,4731.512589614813,4786.30092322638,19
昼 12 時から 1 時間,4786.30092322638,4841.723675840999,13
昼 12 時から 1 時間,4841.723675840999,4897.788193684456,10
昼 12 時から 1 時間,4897.788193684456,4954.501908047905,6
昼 12 時から 1 時間,4954.501908047905,5011.872336272735,13
昼 12 時から 1 時間,5011.872336272735,5069.907082747044,9
昼 12 時から 1 時間,5069.907082747044,5128.613839913659,7
昼 12 時から 1 時間,5128.613839913659,5188.000389289609,10
昼 12 時から 1 時間,5188.000389289609,5248.074602497733,3
昼 12 時から 1 時間,5248.074602497733,5308.844442309879,2
昼 12 時から 1 時間,5308.844442309879,5370.317963702532,7
昼 12 時から 1 時間,5370.317963702532,5432.503314924325,9
昼 12 時から 1 時間,5432.503314924325,5495.408738576249,3
昼 12 時から 1 時間,5495.408738576249,5559.042572704048,15
昼 12 時から 1 時間,5559.042572704048,5623.413251903491,7
昼 12 時から 1 時間,5623.413251903491,5688.529308438425,1
昼 12 時から 1 時間,5688.529308438425,5754.399373371566,4
昼 12 時から 1 時間,5754.399373371566,5821.032177708722,9
昼 12 時から 1 時間,5821.032177708722,5888.436553555884,52
昼 12 時から 1 時間,5888.436553555884,5956.62143529011,7
昼 12 時から 1 時間,5956.62143529011,6025.595860743593,3
昼 12 時から 1 時間,6025.595860743593,6095.368972401694,3
昼 12 時から 1 時間,6095.368972401694,6165.950018614834,7
昼 12 時から 1 時間,6165.950018614834,6237.348354824191,12
昼 12 時から 1 時間,6237.348354824191,6309.573444801943,50
昼 12 時から 1 時間,6309.573444801943,6382.6348619054825,63
昼 12 時から 1 時間,6382.6348619054825,6456.542290346562,3
昼 12 時から 1 時間,6456.542290346562,6531.305526474716,3
昼 12 時から 1 時間,6531.305526474716,6606.9344800759645,1
昼 12 時から 1 時間,6606.9344800759645,6683.439175686162,5
昼 12 時から 1 時間,6683.439175686162,6760.829753919819,7
昼 12 時から 1 時間,6760.829753919819,6839.116472814307,2
昼 12 時から 1 時間,6918.309709189362,6998.419960022746,1
昼 12 時から 1 時間,6998.419960022746,7079.457843841374,2
昼 12 時から 1 時間,7079.457843841374,7161.434102129027,10
昼 12 時から 1 時間,7161.434102129027,7244.359600749891,2
昼 12 時から 1 時間,7244.359600749891,7328.245331389045,1
昼 12 時から 1 時間,7328.245331389045,7413.102413009192,7
昼 12 時から 1 時間,7413.102413009192,7498.942093324558,1
昼 12 時から 1 時間,7498.942093324558,7585.775750291851,24
昼 12 時から 1 時間,7585.775750291851,7673.614893618185,2
昼 12 時から 1 時間,7673.614893618185,7762.471166286928,3
昼 12 時から 1 時間,7762.471166286928,7852.35634610071,1
昼 12 時から 1 時間,7943.282347242822,8035.2612218561935,3
昼 12 時から 1 時間,8035.2612218561935,8128.305161640995,26
昼 12 時から 1 時間,8128.305161640995,8222.426499470728,2
昼 12 時から 1 時間,8222.426499470728,8317.63771102671,6
昼 12 時から 1 時間,8317.63771102671,8413.951416451964,1
昼 12 時から 1 時間,8413.951416451964,8511.380382023759,37
昼 12 時から 1 時間,8511.380382023759,8609.937521846015,3
昼 12 時から 1 時間,8609.937521846015,8709.635899560797,8
昼 12 時から 1 時間,8709.635899560797,8810.488730080147,5
昼 12 時から 1 時間,8810.488730080147,8912.509381337477,3
昼 12 時から 1 時間,8912.509381337477,9015.711376059571,1
昼 12 時から 1 時間,9015.711376059571,9120.108393559116,3
昼 12 時から 1 時間,9120.108393559116,9225.71427154763,2
昼 12 時から 1 時間,9332.543007969924,9440.608762859227,9
昼 12 時から 1 時間,9549.92586021437,9660.508789898122,2
昼 12 時から 1 時間,9660.508789898122,9772.372209558112,5
昼 12 時から 1 時間,9772.372209558112,9885.530946569412,4
昼 12 時から 1 時間,9885.530946569412,10000.0,5
昼 12 時から 1 時間,10000.0,10115.794542599004,11
昼 12 時から 1 時間,10232.929922807536,10351.421666793452,1
昼 12 時から 1 時間,10351.421666793452,10471.285480508985,3
昼 12 時から 1 時間,10471.285480508985,10592.537251772897,8
昼 12 時から 1 時間,10715.193052376093,10839.269140212038,1
昼 12 時から 1 時間,10964.781961431874,11091.748152624008,1
昼 12 時から 1 時間,11220.184543019654,11350.108156723143,1
昼 12 時から 1 時間,11614.486138403414,11748.975549395303,2
昼 12 時から 1 時間,11748.975549395303,11885.022274370214,9
昼 12 時から 1 時間,12022.644346174131,12161.860006463703,2
昼 12 時から 1 時間,12161.860006463703,12302.68770812381,1
昼 12 時から 1 時間,12445.14611771387,12589.254117941662,5
昼 12 時から 1 時間,12735.030810166629,12882.495516931323,2
昼 12 時から 1 時間,12882.495516931323,13031.667784523,1
昼 12 時から 1 時間,13031.667784523,13182.567385564102,3
昼 12 時から 1 時間,13182.567385564102,13335.21432163324,1
昼 12 時から 1 時間,13335.21432163324,13489.628825916561,4
昼 12 時から 1 時間,13489.628825916561,13645.831365889238,4
昼 12 時から 1 時間,13645.831365889238,13803.842646028867,2
昼 12 時から 1 時間,13803.842646028867,13963.683610559363,2
昼 12 時から 1 時間,13963.683610559363,14125.375446227554,8
昼 12 時から 1 時間,14125.375446227554,14288.939585111066,1
昼 12 時から 1 時間,14288.939585111066,14454.39770745928,3
昼 12 時から 1 時間,14454.39770745928,14621.771744567213,1
昼 12 時から 1 時間,14621.771744567213,14791.083881682072,2
昼 12 時から 1 時間,14791.083881682072,14962.35656094436,8
昼 12 時から 1 時間,14962.35656094436,15135.612484362071,11
昼 12 時から 1 時間,15488.166189124795,15667.5107010815,1
昼 12 時から 1 時間,15848.931924611174,16032.453906900417,3
昼 12 時から 1 時間,16218.100973589331,16405.89773199539,1
昼 12 時から 1 時間,16405.89773199539,16595.86907437563,1
昼 12 時から 1 時間,16982.43652461746,17179.08387157586,1
昼 12 時から 1 時間,17378.00828749376,17579.236139586967,4
昼 12 時から 1 時間,17988.709151287912,18197.008586099826,1
昼 12 時から 1 時間,18407.72001468958,18620.871366628657,11
昼 12 時から 1 時間,18836.49089489802,19054.607179632523,4
昼 12 時から 1 時間,19498.445997580493,19724.227361148533,1
昼 12 時から 1 時間,19724.227361148533,19952.62314968883,3
昼 12 時から 1 時間,19952.62314968883,20183.663636815596,1
昼 12 時から 1 時間,20417.379446695315,20653.80155810527,7
昼 12 時から 1 時間,20653.80155810527,20892.96130854041,5
昼 12 時から 1 時間,21134.89039836652,21379.620895022323,22
昼 12 時から 1 時間,21379.620895022323,21627.185237270245,2
昼 12 時から 1 時間,22387.21138568338,22646.44307593062,5
昼 12 時から 1 時間,22646.44307593062,22908.6765276777,1
昼 12 時から 1 時間,22908.6765276777,23173.946499684796,3
昼 12 時から 1 時間,23173.946499684796,23442.288153199275,5
昼 12 時から 1 時間,23442.288153199275,23713.737056616552,5
昼 12 時から 1 時間,23713.737056616552,23988.32919019495,2
昼 12 時から 1 時間,23988.32919019495,24266.100950824144,1
昼 12 時から 1 時間,24266.100950824144,24547.089156850336,1
昼 12 時から 1 時間,24547.089156850336,24831.331052955677,9
昼 12 時から 1 時間,24831.331052955677,25118.864315095823,2
昼 12 時から 1 時間,25409.727055493116,25703.957827688646,5
昼 12 時から 1 時間,25703.957827688646,26001.595631652774,7
昼 12 時から 1 時間,26001.595631652774,26302.679918953814,1
昼 12 時から 1 時間,26302.679918953814,26607.25059798814,1
昼 12 時から 1 時間,26915.348039269138,27227.013080779154,5
昼 12 時から 1 時間,27542.28703338163,27861.211686297724,7
昼 12 時から 1 時間,27861.211686297724,28183.829312644608,6
昼 12 時から 1 時間,28183.829312644608,28510.182675039097,16
昼 12 時から 1 時間,28510.182675039097,28840.315031266116,46
昼 12 時から 1 時間,28840.315031266116,29174.27014001166,3
昼 12 時から 1 時間,29174.27014001166,29512.0922666639,2
昼 12 時から 1 時間,29853.82618917957,30199.51720402019,1
昼 12 時から 1 時間,30199.51720402019,30549.21113215509,1
昼 12 時から 1 時間,31260.793671239622,31622.776601683792,1
昼 12 時から 1 時間,31622.776601683792,31988.95109691404,4
昼 12 時から 1 時間,33113.112148259075,33496.54391578279,1
昼 12 時から 1 時間,33884.41561392034,34276.778654645044,16
昼 12 時から 1 時間,35481.3389233576,35892.193464500495,1
昼 12 時から 1 時間,35892.193464500495,36307.80547701017,1
昼 12 時から 1 時間,38018.93963205613,38459.178204535434,1
昼 12 時から 1 時間,38904.51449942805,39355.007545577806,2
昼 12 時から 1 時間,39810.71705534969,40271.703432545946,2
昼 12 時から 1 時間,40271.703432545946,40738.02778041122,1
昼 12 時から 1 時間,43651.58322401666,44157.044735331205,2
昼 12 時から 1 時間,45185.59443749236,45708.818961487515,1
昼 12 時から 1 時間,45708.818961487515,46238.10213992613,69
昼 12 時から 1 時間,46773.51412871981,47315.12589614812,1
昼 12 時から 1 時間,48417.23675840999,48977.88193684456,2
昼 12 時から 1 時間,49545.019080479055,50118.72336272735,1
昼 12 時から 1 時間,51286.13839913659,51880.00389289609,9
昼 12 時から 1 時間,53703.17963702533,54325.03314924325,1
昼 12 時から 1 時間,54954.08738576248,55590.425727040485,1
昼 12 時から 1 時間,55590.425727040485,56234.13251903491,2
昼 12 時から 1 時間,56234.13251903491,56885.29308438425,3
昼 12 時から 1 時間,56885.29308438425,57543.993733715666,1
昼 12 時から 1 時間,63826.34861905483,64565.422903465624,1
昼 12 時から 1 時間,66834.39175686163,67608.29753919819,1
昼 12 時から 1 時間,74989.42093324558,75857.75750291851,3
昼 12 時から 1 時間,76736.14893618185,77624.71166286927,1
昼 12 時から 1 時間,79432.82347242821,80352.61221856193,1
昼 12 時から 1 時間,80352.61221856193,81283.05161640995,1
昼 12 時から 1 時間,81283.05161640995,82224.2649947073,1
昼 12 時から 1 時間,85113.80382023759,86099.37521846016,22
昼 12 時から 1 時間,89125.09381337477,90157.1137605957,1
昼 12 時から 1 時間,92257.14271547628,93325.43007969925,5
昼 12 時から 1 時間,101157.94542599004,102329.29922807537,21
昼 12 時から 1 時間,112201.84543019652,113501.08156723143,50
昼 12 時から 1 時間,113501.08156723143,114815.3621496884,1
昼 12 時から 1 時間,118850.22274370214,120226.4434617413,1
昼 12 時から 1 時間,130316.67784523,131825.673855641,1
昼 12 時から 1 時間,131825.673855641,133352.1432163324,1
昼 12 時から 1 時間,153108.7461682032,154881.66189124796,1
昼 12 時から 1 時間,190546.0717963252,192752.49131909365,1
昼 12 時から 1 時間,192752.49131909365,194984.45997580496,2
昼 12 時から 1 時間,194984.45997580496,197242.27361148535,50
昼 12 時から 1 時間,199526.2314968883,201836.63636815597,44
昼 12 時から 1 時間,201836.63636815597,204173.79446695317,45
昼 12 時から 1 時間,216271.85237270244,218776.16239495517,11
昼 12 時から 1 時間,226464.43075930618,229086.765276777,2
昼 12 時から 1 時間,234422.88153199275,237137.37056616554,14
昼 12 時から 1 時間,237137.37056616554,239883.29190194947,1
昼 12 時から 1 時間,239883.29190194947,242661.00950824143,13
昼 12 時から 1 時間,245470.89156850334,248313.3105295568,1
昼 12 時から 1 時間,251188.6431509582,254097.27055493116,1
昼 12 時から 1 時間,281838.2931264461,285101.826750391,1
昼 12 時から 1 時間,309029.5432513592,312607.9367123962,2
昼 12 時から 1 時間,312607.9367123962,316227.7660168379,1
昼 12 時から 1 時間,346736.85045253235,350751.8739525679,1
昼 12 時から 1 時間,398107.1705534969,402717.0343254595,1
昼 12 時から 1 時間,426579.51880159345,431519.07682776503,1
昼 12 時から 1 時間,436515.83224016655,441570.44735331205,1
昼 12 時から 1 時間,457088.1896148752,462381.02139926126,18
昼 12 時から 1 時間,749894.2093324559,758577.5750291852,1
昼 12 時から 1 時間,803526.1221856193,812830.5161640996,1
昼 12 時から 1 時間,944060.8762859226,954992.5860214368,1
昼 12 時から 1 時間,966050.8789898121,977237.2209558112,1
昼 12 時から 1 時間,977237.2209558112,988553.0946569411,5
昼 12 時から 1 時間,1035142.1666793452,1047128.5480508985,1
昼 12 時から 1 時間,1059253.7251772897,1071519.3052376092,1
昼 12 時から 1 時間,1621810.0973589332,1640589.7731995387,1
閉場前 1 時間,0.033496543915782793,0.03388441561392028,1
閉場前 1 時間,0.039355007545577726,0.039810717055349776,1
閉場前 1 時間,0.04168693834703355,0.042169650342858224,2
閉場前 1 時間,0.04365158322401665,0.044157044735331295,3
閉場前 1 時間,0.044157044735331295,0.04466835921509635,1
閉場前 1 時間,0.04466835921509635,0.04518559443749226,9
閉場前 1 時間,0.04518559443749226,0.04570881896148752,8
閉場前 1 時間,0.04570881896148752,0.04623810213992603,1
閉場前 1 時間,0.04623810213992603,0.046773514128719815,2
閉場前 1 時間,0.046773514128719815,0.04731512589614803,1
閉場前 1 時間,0.04731512589614803,0.0478630092322638,8
閉場前 1 時間,0.0478630092322638,0.04841723675840999,2
閉場前 1 時間,0.04841723675840999,0.048977881936844665,6
閉場前 1 時間,0.048977881936844665,0.04954501908047906,10
閉場前 1 時間,0.04954501908047906,0.05011872336272725,35
閉場前 1 時間,0.05011872336272725,0.050699070827470445,39
閉場前 1 時間,0.050699070827470445,0.05128613839913648,25
閉場前 1 時間,0.05128613839913648,0.0518800038928961,40
閉場前 1 時間,0.0518800038928961,0.05248074602497723,43
閉場前 1 時間,0.05248074602497723,0.0530884444230989,28
閉場前 1 時間,0.0530884444230989,0.053703179637025325,43
閉場前 1 時間,0.053703179637025325,0.05432503314924336,57
閉場前 1 時間,0.05432503314924336,0.05495408738576248,53
閉場前 1 時間,0.05495408738576248,0.05559042572704037,47
閉場前 1 時間,0.05559042572704037,0.05623413251903491,47
閉場前 1 時間,0.05623413251903491,0.05688529308438413,56
閉場前 1 時間,0.05688529308438413,0.057543993733715666,104
閉場前 1 時間,0.057543993733715666,0.058210321777087216,48
閉場前 1 時間,0.058210321777087216,0.05888436553555896,80
閉場前 1 時間,0.05888436553555896,0.059566214352901097,63
閉場前 1 時間,0.059566214352901097,0.06025595860743581,150
閉場前 1 時間,0.06025595860743581,0.060953689724016935,98
閉場前 1 時間,0.060953689724016935,0.06165950018614822,139
閉場前 1 時間,0.06165950018614822,0.06237348354824192,243
閉場前 1 時間,0.06237348354824192,0.0630957344480193,299
閉場前 1 時間,0.0630957344480193,0.06382634861905495,366
閉場前 1 時間,0.06382634861905495,0.06456542290346562,595
閉場前 1 時間,0.06456542290346562,0.06531305526474729,751
閉場前 1 時間,0.06531305526474729,0.06606934480075964,1004
閉場前 1 時間,0.06606934480075964,0.06683439175686148,1332
閉場前 1 時間,0.06683439175686148,0.06760829753919818,1269
閉場前 1 時間,0.06760829753919818,0.06839116472814293,1180
閉場前 1 時間,0.06839116472814293,0.06918309709189363,744
閉場前 1 時間,0.06918309709189363,0.06998419960022731,615
閉場前 1 時間,0.06998419960022731,0.07079457843841387,384
閉場前 1 時間,0.07079457843841387,0.07161434102129027,317
閉場前 1 時間,0.07161434102129027,0.07244359600749906,275
閉場前 1 時間,0.07244359600749906,0.07328245331389044,269
閉場前 1 時間,0.07328245331389044,0.07413102413009177,251
閉場前 1 時間,0.07413102413009177,0.07498942093324558,166
閉場前 1 時間,0.07498942093324558,0.07585775750291836,260
閉場前 1 時間,0.07585775750291836,0.07673614893618186,175
閉場前 1 時間,0.07673614893618186,0.07762471166286927,189
閉場前 1 時間,0.07762471166286927,0.07852356346100726,151
閉場前 1 時間,0.07852356346100726,0.07943282347242822,157
閉場前 1 時間,0.07943282347242822,0.08035261221856177,160
閉場前 1 時間,0.08035261221856177,0.08128305161640995,181
閉場前 1 時間,0.08128305161640995,0.08222426499470713,116
閉場前 1 時間,0.08222426499470713,0.08317637711026708,98
閉場前 1 時間,0.08317637711026708,0.08413951416451948,135
閉場前 1 時間,0.08413951416451948,0.08511380382023777,130
閉場前 1 時間,0.08511380382023777,0.08609937521846016,139
閉場前 1 時間,0.08609937521846016,0.08709635899560814,121
閉場前 1 時間,0.08709635899560814,0.08810488730080146,123
閉場前 1 時間,0.08810488730080146,0.08912509381337459,98
閉場前 1 時間,0.08912509381337459,0.09015711376059571,134
閉場前 1 時間,0.09015711376059571,0.09120108393559097,128
閉場前 1 時間,0.09120108393559097,0.09225714271547629,90
閉場前 1 時間,0.09225714271547629,0.09332543007969905,76
閉場前 1 時間,0.09332543007969905,0.09440608762859246,66
閉場前 1 時間,0.09440608762859246,0.09549925860214369,57
閉場前 1 時間,0.09549925860214369,0.09660508789898141,52
閉場前 1 時間,0.09660508789898141,0.09772372209558111,47
閉場前 1 時間,0.09772372209558111,0.0988553094656939,29
閉場前 1 時間,0.0988553094656939,0.1,46
閉場前 1 時間,0.1,0.10115794542599003,41
閉場前 1 時間,0.10115794542599003,0.10232929922807536,63
閉場前 1 時間,0.10232929922807536,0.10351421666793452,36
閉場前 1 時間,0.10351421666793452,0.10471285480508985,39
閉場前 1 時間,0.10471285480508985,0.10592537251772897,66
閉場前 1 時間,0.10592537251772897,0.10715193052376049,63
閉場前 1 時間,0.10715193052376049,0.10839269140212039,68
閉場前 1 時間,0.10839269140212039,0.10964781961431873,109
閉場前 1 時間,0.10964781961431873,0.11091748152624009,67
閉場前 1 時間,0.11091748152624009,0.11220184543019653,111
閉場前 1 時間,0.11220184543019653,0.11350108156723143,127
閉場前 1 時間,0.11350108156723143,0.1148153621496884,119
閉場前 1 時間,0.1148153621496884,0.11614486138403414,118
閉場前 1 時間,0.11614486138403414,0.11748975549395303,168
閉場前 1 時間,0.11748975549395303,0.11885022274370165,145
閉場前 1 時間,0.11885022274370165,0.12022644346174131,151
閉場前 1 時間,0.12022644346174131,0.12161860006463704,153
閉場前 1 時間,0.12161860006463704,0.1230268770812381,195
閉場前 1 時間,0.1230268770812381,0.12445146117713869,187
閉場前 1 時間,0.12445146117713869,0.12589254117941662,269
閉場前 1 時間,0.12589254117941662,0.12735030810166628,225
閉場前 1 時間,0.12735030810166628,0.12882495516931322,327
閉場前 1 時間,0.12882495516931322,0.13031667784523,445
閉場前 1 時間,0.13031667784523,0.131825673855641,749
閉場前 1 時間,0.131825673855641,0.1333521432163324,1535
閉場前 1 時間,0.1333521432163324,0.1348962882591656,1954
閉場前 1 時間,0.1348962882591656,0.13645831365889238,1417
閉場前 1 時間,0.13645831365889238,0.13803842646028866,802
閉場前 1 時間,0.13803842646028866,0.13963683610559363,401
閉場前 1 時間,0.13963683610559363,0.14125375446227553,282
閉場前 1 時間,0.14125375446227553,0.14288939585111007,260
閉場前 1 時間,0.14288939585111007,0.1445439770745928,185
閉場前 1 時間,0.1445439770745928,0.14621771744567214,153
閉場前 1 時間,0.14621771744567214,0.1479108388168207,113
閉場前 1 時間,0.1479108388168207,0.1496235656094436,109
閉場前 1 時間,0.1496235656094436,0.1513561248436207,74
閉場前 1 時間,0.1513561248436207,0.1531087461682032,60
閉場前 1 時間,0.1531087461682032,0.15488166189124797,49
閉場前 1 時間,0.15488166189124797,0.15667510701081502,60
閉場前 1 時間,0.15667510701081502,0.1584893192461111,54
閉場前 1 時間,0.1584893192461111,0.16032453906900418,41
閉場前 1 時間,0.16032453906900418,0.1621810097358933,64
閉場前 1 時間,0.1621810097358933,0.16405897731995386,28
閉場前 1 時間,0.16405897731995386,0.1659586907437563,46
閉場前 1 時間,0.1659586907437563,0.16788040181225589,50
閉場前 1 時間,0.16788040181225589,0.1698243652461746,51
閉場前 1 時間,0.1698243652461746,0.1717908387157586,84
閉場前 1 時間,0.1717908387157586,0.17378008287493762,63
閉場前 1 時間,0.17378008287493762,0.17579236139586965,71
閉場前 1 時間,0.17579236139586965,0.1778279410038923,72
閉場前 1 時間,0.1778279410038923,0.1798870915128791,123
閉場前 1 時間,0.1798870915128791,0.18197008586099825,99
閉場前 1 時間,0.18197008586099825,0.18407720014689583,60
閉場前 1 時間,0.18407720014689583,0.18620871366628655,66
閉場前 1 時間,0.18620871366628655,0.1883649089489802,89
閉場前 1 時間,0.1883649089489802,0.19054607179632443,140
閉場前 1 時間,0.19054607179632443,0.19275249131909367,196
閉場前 1 時間,0.19275249131909367,0.19498445997580494,376
閉場前 1 時間,0.19498445997580494,0.19724227361148533,872
閉場前 1 時間,0.19724227361148533,0.19952623149688828,2274
閉場前 1 時間,0.19952623149688828,0.20183663636815596,4527
閉場前 1 時間,0.20183663636815596,0.20417379446695316,3361
閉場前 1 時間,0.20417379446695316,0.2065380155810527,1178
閉場前 1 時間,0.2065380155810527,0.2089296130854041,595
閉場前 1 時間,0.2089296130854041,0.21134890398366432,359
閉場前 1 時間,0.21134890398366432,0.21379620895022325,183
閉場前 1 時間,0.21379620895022325,0.21627185237270244,203
閉場前 1 時間,0.21627185237270244,0.21877616239495518,173
閉場前 1 時間,0.21877616239495518,0.2213094709605641,178
閉場前 1 時間,0.2213094709605641,0.22387211385683378,107
閉場前 1 時間,0.22387211385683378,0.2264644307593062,82
閉場前 1 時間,0.2264644307593062,0.22908676527677702,107
閉場前 1 時間,0.22908676527677702,0.23173946499684797,98
閉場前 1 時間,0.23173946499684797,0.23442288153199276,77
閉場前 1 時間,0.23442288153199276,0.23713737056616552,55
閉場前 1 時間,0.23713737056616552,0.23988329190194949,69
閉場前 1 時間,0.23988329190194949,0.24266100950824143,75
閉場前 1 時間,0.24266100950824143,0.24547089156850335,95
閉場前 1 時間,0.24547089156850335,0.2483133105295568,87
閉場前 1 時間,0.2483133105295568,0.25118864315095824,77
閉場前 1 時間,0.25118864315095824,0.25409727055493014,134
閉場前 1 時間,0.25409727055493014,0.25703957827688645,172
閉場前 1 時間,0.25703957827688645,0.26001595631652774,202
閉場前 1 時間,0.26001595631652774,0.26302679918953814,362
閉場前 1 時間,0.26302679918953814,0.2660725059798814,1133
閉場前 1 時間,0.2660725059798814,0.2691534803926914,2295
閉場前 1 時間,0.2691534803926914,0.27227013080779155,1582
閉場前 1 時間,0.27227013080779155,0.27542287033381635,747
閉場前 1 時間,0.27542287033381635,0.2786121168629772,536
閉場前 1 時間,0.2786121168629772,0.2818382931264449,474
閉場前 1 時間,0.2818382931264449,0.285101826750391,392
閉場前 1 時間,0.285101826750391,0.28840315031266117,350
閉場前 1 時間,0.28840315031266117,0.2917427014001166,275
閉場前 1 時間,0.2917427014001166,0.29512092266663903,222
閉場前 1 時間,0.29512092266663903,0.2985382618917957,139
閉場前 1 時間,0.2985382618917957,0.30199517204020193,105
閉場前 1 時間,0.30199517204020193,0.3054921113215509,124
閉場前 1 時間,0.3054921113215509,0.30902954325135923,173
閉場前 1 時間,0.30902954325135923,0.31260793671239623,153
閉場前 1 時間,0.31260793671239623,0.31622776601683794,233
閉場前 1 時間,0.31622776601683794,0.31988951096914037,237
閉場前 1 時間,0.31988951096914037,0.3235936569296281,404
閉場前 1 時間,0.3235936569296281,0.3273406948788386,542
閉場前 1 時間,0.3273406948788386,0.3311311214825908,1205
閉場前 1 時間,0.3311311214825908,0.33496543915782795,5835
閉場前 1 時間,0.33496543915782795,0.33884415613920205,6402
閉場前 1 時間,0.33884415613920205,0.34276778654645046,1962
閉場前 1 時間,0.34276778654645046,0.3467368504525324,1156
閉場前 1 時間,0.3467368504525324,0.35075187395256796,963
閉場前 1 時間,0.35075187395256796,0.354813389233576,763
閉場前 1 時間,0.354813389233576,0.358921934645005,405
閉場前 1 時間,0.358921934645005,0.36307805477010174,330
閉場前 1 時間,0.36307805477010174,0.36728230049808425,342
閉場前 1 時間,0.36728230049808425,0.3715352290971728,363
閉場前 1 時間,0.3715352290971728,0.3758374042884451,474
閉場前 1 時間,0.3758374042884451,0.38018939632056126,529
閉場前 1 時間,0.38018939632056126,0.3845917820453543,559
閉場前 1 時間,0.3845917820453543,0.3890451449942805,597
閉場前 1 時間,0.3890451449942805,0.393550075455778,853
閉場前 1 時間,0.393550075455778,0.3981071705534969,2615
閉場前 1 時間,0.3981071705534969,0.40271703432545947,13473
閉場前 1 時間,0.40271703432545947,0.4073802778041122,11836
閉場前 1 時間,0.4073802778041122,0.4120975190973304,2992
閉場前 1 時間,0.4120975190973304,0.41686938347033636,1601
閉場前 1 時間,0.41686938347033636,0.4216965034285822,917
閉場前 1 時間,0.4216965034285822,0.42657951880159345,670
閉場前 1 時間,0.42657951880159345,0.431519076827765,508
閉場前 1 時間,0.431519076827765,0.43651583224016655,322
閉場前 1 時間,0.43651583224016655,0.4415704473533121,315
閉場前 1 時間,0.4415704473533121,0.4466835921509635,299
閉場前 1 時間,0.4466835921509635,0.4518559443749217,368
閉場前 1 時間,0.4518559443749217,0.4570881896148752,453
閉場前 1 時間,0.4570881896148752,0.4623810213992613,674
閉場前 1 時間,0.4623810213992613,0.4677351412871981,1873
閉場前 1 時間,0.4677351412871981,0.47315125896148125,2608
閉場前 1 時間,0.47315125896148125,0.47863009232263803,1226
閉場前 1 時間,0.47863009232263803,0.48417236758409987,1030
閉場前 1 時間,0.48417236758409987,0.48977881936844564,771
閉場前 1 時間,0.48977881936844564,0.4954501908047905,394
閉場前 1 時間,0.4954501908047905,0.5011872336272735,295
閉場前 1 時間,0.5011872336272735,0.5069907082747045,180
閉場前 1 時間,0.5069907082747045,0.5128613839913658,219
閉場前 1 時間,0.5128613839913658,0.518800038928961,278
閉場前 1 時間,0.518800038928961,0.5248074602497733,329
閉場前 1 時間,0.5248074602497733,0.5308844442309879,627
閉場前 1 時間,0.5308844442309879,0.5370317963702532,1738
閉場前 1 時間,0.5370317963702532,0.5432503314924325,1313
閉場前 1 時間,0.5432503314924325,0.5495408738576248,550
閉場前 1 時間,0.5495408738576248,0.5559042572704048,374
閉場前 1 時間,0.5559042572704048,0.5623413251903491,195
閉場前 1 時間,0.5623413251903491,0.5688529308438425,132
閉場前 1 時間,0.5688529308438425,0.5754399373371566,133
閉場前 1 時間,0.5754399373371566,0.5821032177708722,164
閉場前 1 時間,0.5821032177708722,0.5888436553555884,151
閉場前 1 時間,0.5888436553555884,0.5956621435290109,271
閉場前 1 時間,0.5956621435290109,0.6025595860743569,2028
閉場前 1 時間,0.6025595860743569,0.6095368972401694,3045
閉場前 1 時間,0.6095368972401694,0.6165950018614835,884
閉場前 1 時間,0.6165950018614835,0.6237348354824191,432
閉場前 1 時間,0.6237348354824191,0.6309573444801942,255
閉場前 1 時間,0.6309573444801942,0.6382634861905483,183
閉場前 1 時間,0.6382634861905483,0.6456542290346563,157
閉場前 1 時間,0.6456542290346563,0.6531305526474716,150
閉場前 1 時間,0.6531305526474716,0.6606934480075964,283
閉場前 1 時間,0.6606934480075964,0.6683439175686162,1579
閉場前 1 時間,0.6683439175686162,0.6760829753919819,3418
閉場前 1 時間,0.6760829753919819,0.6839116472814306,1449
閉場前 1 時間,0.6839116472814306,0.6918309709189363,958
閉場前 1 時間,0.6918309709189363,0.6998419960022745,550
閉場前 1 時間,0.6998419960022745,0.7079457843841374,340
閉場前 1 時間,0.7079457843841374,0.7161434102129027,447
閉場前 1 時間,0.7161434102129027,0.7244359600749891,603
閉場前 1 時間,0.7244359600749891,0.7328245331389045,1192
閉場前 1 時間,0.7328245331389045,0.7413102413009192,4340
閉場前 1 時間,0.7413102413009192,0.7498942093324559,1740
閉場前 1 時間,0.7498942093324559,0.7585775750291851,1120
閉場前 1 時間,0.7585775750291851,0.7673614893618186,443
閉場前 1 時間,0.7673614893618186,0.7762471166286927,405
閉場前 1 時間,0.7762471166286927,0.7852356346100711,484
閉場前 1 時間,0.7852356346100711,0.7943282347242822,528
閉場前 1 時間,0.7943282347242822,0.803526122185616,4302
閉場前 1 時間,0.803526122185616,0.8128305161640995,8110
閉場前 1 時間,0.8128305161640995,0.8222426499470729,2285
閉場前 1 時間,0.8222426499470729,0.8317637711026709,969
閉場前 1 時間,0.8317637711026709,0.8413951416451965,611
閉場前 1 時間,0.8413951416451965,0.8511380382023759,458
閉場前 1 時間,0.8511380382023759,0.8609937521846016,639
閉場前 1 時間,0.8609937521846016,0.8709635899560796,3096
閉場前 1 時間,0.8709635899560796,0.8810488730080147,4010
閉場前 1 時間,0.8810488730080147,0.8912509381337477,2076
閉場前 1 時間,0.8912509381337477,0.9015711376059571,1064
閉場前 1 時間,0.9015711376059571,0.9120108393559115,543
閉場前 1 時間,0.9120108393559115,0.9225714271547628,682
閉場前 1 時間,0.9225714271547628,0.9332543007969925,1336
閉場前 1 時間,0.9332543007969925,0.9440608762859226,4410
閉場前 1 時間,0.9440608762859226,0.9549925860214369,1864
閉場前 1 時間,0.9549925860214369,0.9660508789898121,794
閉場前 1 時間,0.9660508789898121,0.9772372209558111,394
閉場前 1 時間,0.9772372209558111,0.9885530946569411,434
閉場前 1 時間,0.9885530946569411,1.0,823
閉場前 1 時間,1.0,1.0115794542599004,6502
閉場前 1 時間,1.0115794542599004,1.0232929922807537,2858
閉場前 1 時間,1.0232929922807537,1.0351421666793452,831
閉場前 1 時間,1.0351421666793452,1.0471285480508985,417
閉場前 1 時間,1.0471285480508985,1.0592537251772898,438
閉場前 1 時間,1.0592537251772898,1.0715193052376049,1831
閉場前 1 時間,1.0715193052376049,1.0839269140212038,3015
閉場前 1 時間,1.0839269140212038,1.0964781961431873,1466
閉場前 1 時間,1.0964781961431873,1.1091748152624008,586
閉場前 1 時間,1.1091748152624008,1.1220184543019653,520
閉場前 1 時間,1.1220184543019653,1.1350108156723142,967
閉場前 1 時間,1.1350108156723142,1.1481536214968842,2786
閉場前 1 時間,1.1481536214968842,1.1614486138403415,1150
閉場前 1 時間,1.1614486138403415,1.1748975549395304,402
閉場前 1 時間,1.1748975549395304,1.1885022274370214,348
閉場前 1 時間,1.1885022274370214,1.2022644346174132,742
閉場前 1 時間,1.2022644346174132,1.2161860006463703,3937
閉場前 1 時間,1.2161860006463703,1.2302687708123812,1302
閉場前 1 時間,1.2302687708123812,1.244514611771387,425
閉場前 1 時間,1.244514611771387,1.2589254117941662,330
閉場前 1 時間,1.2589254117941662,1.273503081016663,1187
閉場前 1 時間,1.273503081016663,1.2882495516931323,1968
閉場前 1 時間,1.2882495516931323,1.3031667784523,823
閉場前 1 時間,1.3031667784523,1.3182567385564101,421
閉場前 1 時間,1.3182567385564101,1.333521432163324,596
閉場前 1 時間,1.333521432163324,1.348962882591656,2023
閉場前 1 時間,1.348962882591656,1.3645831365889238,1047
閉場前 1 時間,1.3645831365889238,1.3803842646028865,397
閉場前 1 時間,1.3803842646028865,1.3963683610559363,369
閉場前 1 時間,1.3963683610559363,1.4125375446227555,2596
閉場前 1 時間,1.4125375446227555,1.4288939585111007,1996
閉場前 1 時間,1.4288939585111007,1.4454397707459279,495
閉場前 1 時間,1.4454397707459279,1.4621771744567214,358
閉場前 1 時間,1.4621771744567214,1.4791083881682072,1514
閉場前 1 時間,1.4791083881682072,1.4962356560944359,1457
閉場前 1 時間,1.4962356560944359,1.513561248436207,562
閉場前 1 時間,1.513561248436207,1.5310874616820318,547
閉場前 1 時間,1.5310874616820318,1.5488166189124797,1856
閉場前 1 時間,1.5488166189124797,1.5667510701081502,1042
閉場前 1 時間,1.5667510701081502,1.5848931924611174,437
閉場前 1 時間,1.5848931924611174,1.6032453906900417,537
閉場前 1 時間,1.6032453906900417,1.6218100973589331,2849
閉場前 1 時間,1.6218100973589331,1.6405897731995387,911
閉場前 1 時間,1.6405897731995387,1.659586907437563,439
閉場前 1 時間,1.659586907437563,1.678804018122559,1170
閉場前 1 時間,1.678804018122559,1.698243652461746,1483
閉場前 1 時間,1.698243652461746,1.717908387157586,575
閉場前 1 時間,1.717908387157586,1.7378008287493762,658
閉場前 1 時間,1.7378008287493762,1.7579236139586967,1950
閉場前 1 時間,1.7579236139586967,1.7782794100389228,708
閉場前 1 時間,1.7782794100389228,1.7988709151287912,420
閉場前 1 時間,1.7988709151287912,1.8197008586099825,2202
閉場前 1 時間,1.8197008586099825,1.8407720014689581,1260
閉場前 1 時間,1.8407720014689581,1.8620871366628655,407
閉場前 1 時間,1.8620871366628655,1.8836490894898021,1252
閉場前 1 時間,1.8836490894898021,1.9054607179632443,1220
閉場前 1 時間,1.9054607179632443,1.9275249131909367,512
閉場前 1 時間,1.9275249131909367,1.9498445997580496,1333
閉場前 1 時間,1.9498445997580496,1.9724227361148534,1153
閉場前 1 時間,1.9724227361148534,1.9952623149688828,447
閉場前 1 時間,1.9952623149688828,2.01836636368156,1840
閉場前 1 時間,2.01836636368156,2.041737944669532,1447
閉場前 1 時間,2.041737944669532,2.065380155810527,383
閉場前 1 時間,2.065380155810527,2.089296130854041,1361
閉場前 1 時間,2.089296130854041,2.113489039836652,1013
閉場前 1 時間,2.113489039836652,2.1379620895022327,539
閉場前 1 時間,2.1379620895022327,2.1627185237270243,1633
閉場前 1 時間,2.1627185237270243,2.1877616239495516,626
閉場前 1 時間,2.1877616239495516,2.213094709605641,924
閉場前 1 時間,2.213094709605641,2.2387211385683377,1911
閉場前 1 時間,2.2387211385683377,2.264644307593062,530
閉場前 1 時間,2.264644307593062,2.29086765276777,1178
閉場前 1 時間,2.29086765276777,2.3173946499684797,953
閉場前 1 時間,2.3173946499684797,2.3442288153199273,691
閉場前 1 時間,2.3442288153199273,2.371373705661655,1356
閉場前 1 時間,2.371373705661655,2.398832919019495,414
閉場前 1 時間,2.398832919019495,2.4266100950824145,1570
閉場前 1 時間,2.4266100950824145,2.4547089156850337,922
閉場前 1 時間,2.4547089156850337,2.483133105295568,789
閉場前 1 時間,2.483133105295568,2.5118864315095824,1138
閉場前 1 時間,2.5118864315095824,2.540972705549301,573
閉場前 1 時間,2.540972705549301,2.570395782768865,1456
閉場前 1 時間,2.570395782768865,2.6001595631652776,475
閉場前 1 時間,2.6001595631652776,2.6302679918953813,1620
閉場前 1 時間,2.6302679918953813,2.660725059798814,806
閉場前 1 時間,2.660725059798814,2.691534803926914,952
閉場前 1 時間,2.691534803926914,2.7227013080779154,931
閉場前 1 時間,2.7227013080779154,2.754228703338163,956
閉場前 1 時間,2.754228703338163,2.786121168629772,961
閉場前 1 時間,2.786121168629772,2.818382931264461,877
閉場前 1 時間,2.818382931264461,2.85101826750391,1495
閉場前 1 時間,2.85101826750391,2.8840315031266117,642
閉場前 1 時間,2.8840315031266117,2.917427014001166,1322
閉場前 1 時間,2.917427014001166,2.95120922666639,895
閉場前 1 時間,2.95120922666639,2.9853826189179573,1449
閉場前 1 時間,2.9853826189179573,3.019951720402019,1279
閉場前 1 時間,3.019951720402019,3.054921113215509,2188
閉場前 1 時間,3.054921113215509,3.090295432513592,1137
閉場前 1 時間,3.090295432513592,3.126079367123962,1302
閉場前 1 時間,3.126079367123962,3.1622776601683795,1243
閉場前 1 時間,3.1622776601683795,3.198895109691404,957
閉場前 1 時間,3.198895109691404,3.235936569296281,1589
閉場前 1 時間,3.235936569296281,3.273406948788386,984
閉場前 1 時間,3.273406948788386,3.3113112148259076,1488
閉場前 1 時間,3.3113112148259076,3.3496543915782793,1014
閉場前 1 時間,3.3496543915782793,3.3884415613920207,1554
閉場前 1 時間,3.3884415613920207,3.4276778654645046,1100
閉場前 1 時間,3.4276778654645046,3.4673685045253237,1365
閉場前 1 時間,3.4673685045253237,3.5075187395256795,1094
閉場前 1 時間,3.5075187395256795,3.5481338923357604,729
閉場前 1 時間,3.5481338923357604,3.58921934645005,1214
閉場前 1 時間,3.58921934645005,3.6307805477010175,931
閉場前 1 時間,3.6307805477010175,3.6728230049808426,1072
閉場前 1 時間,3.6728230049808426,3.715352290971728,1055
閉場前 1 時間,3.715352290971728,3.758374042884451,875
閉場前 1 時間,3.758374042884451,3.801893963205613,1071
閉場前 1 時間,3.801893963205613,3.8459178204535434,1384
閉場前 1 時間,3.8459178204535434,3.890451449942805,861
閉場前 1 時間,3.890451449942805,3.9355007545577805,1043
閉場前 1 時間,3.9355007545577805,3.981071705534969,1137
閉場前 1 時間,3.981071705534969,4.027170343254594,846
閉場前 1 時間,4.027170343254594,4.073802778041122,1104
閉場前 1 時間,4.073802778041122,4.120975190973304,1000
閉場前 1 時間,4.120975190973304,4.1686938347033635,1001
閉場前 1 時間,4.1686938347033635,4.216965034285822,851
閉場前 1 時間,4.216965034285822,4.265795188015934,1368
閉場前 1 時間,4.265795188015934,4.31519076827765,947
閉場前 1 時間,4.31519076827765,4.3651583224016655,960
閉場前 1 時間,4.3651583224016655,4.415704473533121,1004
閉場前 1 時間,4.415704473533121,4.4668359215096345,1319
閉場前 1 時間,4.4668359215096345,4.518559443749217,1010
閉場前 1 時間,4.518559443749217,4.570881896148752,1037
閉場前 1 時間,4.570881896148752,4.623810213992613,993
閉場前 1 時間,4.623810213992613,4.677351412871981,1278
閉場前 1 時間,4.677351412871981,4.7315125896148125,1054
閉場前 1 時間,4.7315125896148125,4.7863009232263805,1143
閉場前 1 時間,4.7863009232263805,4.841723675840999,1186
閉場前 1 時間,4.841723675840999,4.897788193684456,1271
閉場前 1 時間,4.897788193684456,4.954501908047906,1247
閉場前 1 時間,4.954501908047906,5.011872336272735,1537
閉場前 1 時間,5.011872336272735,5.0699070827470445,1683
閉場前 1 時間,5.0699070827470445,5.128613839913658,1392
閉場前 1 時間,5.128613839913658,5.188000389289609,1541
閉場前 1 時間,5.188000389289609,5.248074602497733,1645
閉場前 1 時間,5.248074602497733,5.308844442309879,2194
閉場前 1 時間,5.308844442309879,5.370317963702533,2693
閉場前 1 時間,5.370317963702533,5.432503314924325,2933
閉場前 1 時間,5.432503314924325,5.4954087385762485,3083
閉場前 1 時間,5.4954087385762485,5.5590425727040484,1971
閉場前 1 時間,5.5590425727040484,5.623413251903491,1703
閉場前 1 時間,5.623413251903491,5.688529308438425,1587
閉場前 1 時間,5.688529308438425,5.754399373371567,1517
閉場前 1 時間,5.754399373371567,5.821032177708722,1546
閉場前 1 時間,5.821032177708722,5.888436553555884,1446
閉場前 1 時間,5.888436553555884,5.95662143529011,1420
閉場前 1 時間,5.95662143529011,6.025595860743569,1899
閉場前 1 時間,6.025595860743569,6.095368972401694,2454
閉場前 1 時間,6.095368972401694,6.165950018614835,1641
閉場前 1 時間,6.165950018614835,6.237348354824191,1267
閉場前 1 時間,6.237348354824191,6.309573444801943,1088
閉場前 1 時間,6.309573444801943,6.3826348619054825,1246
閉場前 1 時間,6.3826348619054825,6.456542290346563,1243
閉場前 1 時間,6.456542290346563,6.531305526474716,1043
閉場前 1 時間,6.531305526474716,6.606934480075965,1062
閉場前 1 時間,6.606934480075965,6.683439175686162,860
閉場前 1 時間,6.683439175686162,6.760829753919819,799
閉場前 1 時間,6.760829753919819,6.839116472814307,791
閉場前 1 時間,6.839116472814307,6.918309709189362,927
閉場前 1 時間,6.918309709189362,6.998419960022745,909
閉場前 1 時間,6.998419960022745,7.079457843841373,855
閉場前 1 時間,7.079457843841373,7.161434102129027,807
閉場前 1 時間,7.161434102129027,7.244359600749891,792
閉場前 1 時間,7.244359600749891,7.328245331389044,819
閉場前 1 時間,7.328245331389044,7.4131024130091925,803
閉場前 1 時間,7.4131024130091925,7.498942093324558,810
閉場前 1 時間,7.498942093324558,7.585775750291852,801
閉場前 1 時間,7.585775750291852,7.673614893618185,870
閉場前 1 時間,7.673614893618185,7.762471166286928,874
閉場前 1 時間,7.762471166286928,7.85235634610071,867
閉場前 1 時間,7.85235634610071,7.943282347242821,915
閉場前 1 時間,7.943282347242821,8.03526122185616,880
閉場前 1 時間,8.03526122185616,8.128305161640995,895
閉場前 1 時間,8.128305161640995,8.222426499470728,919
閉場前 1 時間,8.222426499470728,8.317637711026709,830
閉場前 1 時間,8.317637711026709,8.413951416451965,832
閉場前 1 時間,8.413951416451965,8.51138038202376,814
閉場前 1 時間,8.51138038202376,8.609937521846016,847
閉場前 1 時間,8.609937521846016,8.709635899560796,859
閉場前 1 時間,8.709635899560796,8.810488730080147,940
閉場前 1 時間,8.810488730080147,8.912509381337477,820
閉場前 1 時間,8.912509381337477,9.01571137605957,1049
閉場前 1 時間,9.01571137605957,9.120108393559116,1569
閉場前 1 時間,9.120108393559116,9.225714271547629,1867
閉場前 1 時間,9.225714271547629,9.332543007969925,1663
閉場前 1 時間,9.332543007969925,9.440608762859226,1369
閉場前 1 時間,9.440608762859226,9.549925860214369,1066
閉場前 1 時間,9.549925860214369,9.66050878989812,978
閉場前 1 時間,9.66050878989812,9.772372209558112,1105
閉場前 1 時間,9.772372209558112,9.88553094656941,1593
閉場前 1 時間,9.88553094656941,10.0,2568
閉場前 1 時間,10.0,10.115794542599003,2958
閉場前 1 時間,10.115794542599003,10.232929922807536,1602
閉場前 1 時間,10.232929922807536,10.35142166679345,1230
閉場前 1 時間,10.35142166679345,10.471285480508985,1435
閉場前 1 時間,10.471285480508985,10.592537251772898,1372
閉場前 1 時間,10.592537251772898,10.715193052376048,1921
閉場前 1 時間,10.715193052376048,10.83926914021204,2370
閉場前 1 時間,10.83926914021204,10.964781961431873,1865
閉場前 1 時間,10.964781961431873,11.091748152624008,1263
閉場前 1 時間,11.091748152624008,11.220184543019652,1073
閉場前 1 時間,11.220184543019652,11.350108156723143,1034
閉場前 1 時間,11.350108156723143,11.481536214968841,914
閉場前 1 時間,11.481536214968841,11.614486138403414,832
閉場前 1 時間,11.614486138403414,11.748975549395302,835
閉場前 1 時間,11.748975549395302,11.885022274370213,828
閉場前 1 時間,11.885022274370213,12.02264434617413,992
閉場前 1 時間,12.02264434617413,12.161860006463703,1273
閉場前 1 時間,12.161860006463703,12.30268770812381,1014
閉場前 1 時間,12.30268770812381,12.44514611771387,772
閉場前 1 時間,12.44514611771387,12.589254117941662,841
閉場前 1 時間,12.589254117941662,12.735030810166629,910
閉場前 1 時間,12.735030810166629,12.882495516931323,932
閉場前 1 時間,12.882495516931323,13.031667784523,904
閉場前 1 時間,13.031667784523,13.1825673855641,842
閉場前 1 時間,13.1825673855641,13.33521432163324,818
閉場前 1 時間,13.33521432163324,13.48962882591656,790
閉場前 1 時間,13.48962882591656,13.645831365889238,720
閉場前 1 時間,13.645831365889238,13.803842646028867,780
閉場前 1 時間,13.803842646028867,13.963683610559363,779
閉場前 1 時間,13.963683610559363,14.125375446227554,764
閉場前 1 時間,14.125375446227554,14.288939585111008,877
閉場前 1 時間,14.288939585111008,14.45439770745928,841
閉場前 1 時間,14.45439770745928,14.621771744567212,787
閉場前 1 時間,14.621771744567212,14.791083881682072,755
閉場前 1 時間,14.791083881682072,14.96235656094436,768
閉場前 1 時間,14.96235656094436,15.135612484362072,1010
閉場前 1 時間,15.135612484362072,15.31087461682032,1177
閉場前 1 時間,15.31087461682032,15.488166189124795,1037
閉場前 1 時間,15.488166189124795,15.6675107010815,961
閉場前 1 時間,15.6675107010815,15.848931924611174,829
閉場前 1 時間,15.848931924611174,16.032453906900418,983
閉場前 1 時間,16.032453906900418,16.218100973589333,1056
閉場前 1 時間,16.218100973589333,16.40589773199539,828
閉場前 1 時間,16.40589773199539,16.59586907437563,706
閉場前 1 時間,16.59586907437563,16.78804018122559,720
閉場前 1 時間,16.78804018122559,16.98243652461746,657
閉場前 1 時間,16.98243652461746,17.17908387157586,604
閉場前 1 時間,17.17908387157586,17.378008287493763,645
閉場前 1 時間,17.378008287493763,17.579236139586968,551
閉場前 1 時間,17.579236139586968,17.78279410038923,652
閉場前 1 時間,17.78279410038923,17.98870915128791,618
閉場前 1 時間,17.98870915128791,18.197008586099827,833
閉場前 1 時間,18.197008586099827,18.40772001468958,773
閉場前 1 時間,18.40772001468958,18.620871366628656,606
閉場前 1 時間,18.620871366628656,18.83649089489802,554
閉場前 1 時間,18.83649089489802,19.054607179632445,610
閉場前 1 時間,19.054607179632445,19.275249131909366,613
閉場前 1 時間,19.275249131909366,19.498445997580493,639
閉場前 1 時間,19.498445997580493,19.724227361148536,700
閉場前 1 時間,19.724227361148536,19.95262314968883,691
閉場前 1 時間,19.95262314968883,20.183663636815595,811
閉場前 1 時間,20.183663636815595,20.417379446695318,674
閉場前 1 時間,20.417379446695318,20.65380155810527,856
閉場前 1 時間,20.65380155810527,20.892961308540407,662
閉場前 1 時間,20.892961308540407,21.13489039836652,692
閉場前 1 時間,21.13489039836652,21.379620895022324,958
閉場前 1 時間,21.379620895022324,21.627185237270247,764
閉場前 1 時間,21.627185237270247,21.87761623949552,709
閉場前 1 時間,21.87761623949552,22.13094709605641,701
閉場前 1 時間,22.13094709605641,22.38721138568338,752
閉場前 1 時間,22.38721138568338,22.64644307593062,679
閉場前 1 時間,22.64644307593062,22.908676527677702,676
閉場前 1 時間,22.908676527677702,23.173946499684796,695
閉場前 1 時間,23.173946499684796,23.442288153199275,502
閉場前 1 時間,23.442288153199275,23.71373705661655,588
閉場前 1 時間,23.71373705661655,23.988329190194946,578
閉場前 1 時間,23.988329190194946,24.266100950824143,677
閉場前 1 時間,24.266100950824143,24.547089156850337,726
閉場前 1 時間,24.547089156850337,24.83133105295568,649
閉場前 1 時間,24.83133105295568,25.11886431509582,695
閉場前 1 時間,25.11886431509582,25.40972705549301,617
閉場前 1 時間,25.40972705549301,25.703957827688647,640
閉場前 1 時間,25.703957827688647,26.001595631652773,603
閉場前 1 時間,26.001595631652773,26.302679918953814,629
閉場前 1 時間,26.302679918953814,26.60725059798814,658
閉場前 1 時間,26.60725059798814,26.91534803926914,590
閉場前 1 時間,26.91534803926914,27.227013080779155,690
閉場前 1 時間,27.227013080779155,27.542287033381633,704
閉場前 1 時間,27.542287033381633,27.86121168629772,531
閉場前 1 時間,27.86121168629772,28.183829312644608,524
閉場前 1 時間,28.183829312644608,28.510182675039097,565
閉場前 1 時間,28.510182675039097,28.840315031266115,526
閉場前 1 時間,28.840315031266115,29.17427014001166,579
閉場前 1 時間,29.17427014001166,29.5120922666639,665
閉場前 1 時間,29.5120922666639,29.85382618917957,699
閉場前 1 時間,29.85382618917957,30.199517204020193,1572
閉場前 1 時間,30.199517204020193,30.549211132155094,906
閉場前 1 時間,30.549211132155094,30.90295432513592,742
閉場前 1 時間,30.90295432513592,31.26079367123962,519
閉場前 1 時間,31.26079367123962,31.622776601683793,506
閉場前 1 時間,31.622776601683793,31.988951096914036,553
閉場前 1 時間,31.988951096914036,32.35936569296281,611
閉場前 1 時間,32.35936569296281,32.734069487883865,636
閉場前 1 時間,32.734069487883865,33.11311214825908,618
閉場前 1 時間,33.11311214825908,33.496543915782794,610
閉場前 1 時間,33.496543915782794,33.884415613920204,546
閉場前 1 時間,33.884415613920204,34.27677865464505,526
閉場前 1 時間,34.27677865464505,34.67368504525324,493
閉場前 1 時間,34.67368504525324,35.0751873952568,460
閉場前 1 時間,35.0751873952568,35.481338923357605,554
閉場前 1 時間,35.481338923357605,35.8921934645005,500
閉場前 1 時間,35.8921934645005,36.30780547701018,491
閉場前 1 時間,36.30780547701018,36.728230049808424,613
閉場前 1 時間,36.728230049808424,37.15352290971728,496
閉場前 1 時間,37.15352290971728,37.58374042884451,417
閉場前 1 時間,37.58374042884451,38.018939632056124,550
閉場前 1 時間,38.018939632056124,38.459178204535434,417
閉場前 1 時間,38.459178204535434,38.904514499428046,446
閉場前 1 時間,38.904514499428046,39.355007545577806,417
閉場前 1 時間,39.355007545577806,39.81071705534969,475
閉場前 1 時間,39.81071705534969,40.27170343254595,473
閉場前 1 時間,40.27170343254595,40.73802778041122,540
閉場前 1 時間,40.73802778041122,41.20975190973304,458
閉場前 1 時間,41.20975190973304,41.68693834703364,435
閉場前 1 時間,41.68693834703364,42.169650342858226,423
閉場前 1 時間,42.169650342858226,42.657951880159345,473
閉場前 1 時間,42.657951880159345,43.1519076827765,480
閉場前 1 時間,43.1519076827765,43.651583224016655,457
閉場前 1 時間,43.651583224016655,44.157044735331205,425
閉場前 1 時間,44.157044735331205,44.668359215096345,418
閉場前 1 時間,44.668359215096345,45.18559443749217,419
閉場前 1 時間,45.18559443749217,45.708818961487516,536
閉場前 1 時間,45.708818961487516,46.23810213992613,372
閉場前 1 時間,46.23810213992613,46.77351412871981,363
閉場前 1 時間,46.77351412871981,47.315125896148125,388
閉場前 1 時間,47.315125896148125,47.863009232263806,411
閉場前 1 時間,47.863009232263806,48.41723675840999,446
閉場前 1 時間,48.41723675840999,48.97788193684456,537
閉場前 1 時間,48.97788193684456,49.54501908047905,425
閉場前 1 時間,49.54501908047905,50.11872336272735,439
閉場前 1 時間,50.11872336272735,50.69907082747044,430
閉場前 1 時間,50.69907082747044,51.28613839913659,381
閉場前 1 時間,51.28613839913659,51.88000389289609,377
閉場前 1 時間,51.88000389289609,52.480746024977336,332
閉場前 1 時間,52.480746024977336,53.08844442309879,301
閉場前 1 時間,53.08844442309879,53.70317963702533,376
閉場前 1 時間,53.70317963702533,54.32503314924325,389
閉場前 1 時間,54.32503314924325,54.954087385762485,430
閉場前 1 時間,54.954087385762485,55.59042572704048,490
閉場前 1 時間,55.59042572704048,56.23413251903491,383
閉場前 1 時間,56.23413251903491,56.885293084384244,301
閉場前 1 時間,56.885293084384244,57.543993733715666,353
閉場前 1 時間,57.543993733715666,58.210321777087216,396
閉場前 1 時間,58.210321777087216,58.88436553555884,379
閉場前 1 時間,58.88436553555884,59.56621435290109,518
閉場前 1 時間,59.56621435290109,60.25595860743569,1048
閉場前 1 時間,60.25595860743569,60.95368972401694,925
閉場前 1 時間,60.95368972401694,61.65950018614835,412
閉場前 1 時間,61.65950018614835,62.373483548241914,323
閉場前 1 時間,62.373483548241914,63.09573444801943,372
閉場前 1 時間,63.09573444801943,63.826348619054826,351
閉場前 1 時間,63.826348619054826,64.56542290346563,352
閉場前 1 時間,64.56542290346563,65.31305526474716,415
閉場前 1 時間,65.31305526474716,66.06934480075964,394
閉場前 1 時間,66.06934480075964,66.83439175686162,329
閉場前 1 時間,66.83439175686162,67.60829753919819,327
閉場前 1 時間,67.60829753919819,68.39116472814307,274
閉場前 1 時間,68.39116472814307,69.18309709189363,270
閉場前 1 時間,69.18309709189363,69.98419960022746,377
閉場前 1 時間,69.98419960022746,70.79457843841374,360
閉場前 1 時間,70.79457843841374,71.61434102129027,297
閉場前 1 時間,71.61434102129027,72.44359600749891,247
閉場前 1 時間,72.44359600749891,73.28245331389044,245
閉場前 1 時間,73.28245331389044,74.13102413009192,273
閉場前 1 時間,74.13102413009192,74.98942093324558,260
閉場前 1 時間,74.98942093324558,75.85775750291852,426
閉場前 1 時間,75.85775750291852,76.73614893618186,287
閉場前 1 時間,76.73614893618186,77.62471166286927,277
閉場前 1 時間,77.62471166286927,78.5235634610071,319
閉場前 1 時間,78.5235634610071,79.43282347242821,247
閉場前 1 時間,79.43282347242821,80.3526122185616,260
閉場前 1 時間,80.3526122185616,81.28305161640995,343
閉場前 1 時間,81.28305161640995,82.22426499470728,269
閉場前 1 時間,82.22426499470728,83.17637711026708,279
閉場前 1 時間,83.17637711026708,84.13951416451965,285
閉場前 1 時間,84.13951416451965,85.11380382023759,274
閉場前 1 時間,85.11380382023759,86.09937521846017,347
閉場前 1 時間,86.09937521846017,87.09635899560796,314
閉場前 1 時間,87.09635899560796,88.10488730080147,242
閉場前 1 時間,88.10488730080147,89.12509381337478,234
閉場前 1 時間,89.12509381337478,90.1571137605957,278
閉場前 1 時間,90.1571137605957,91.20108393559116,330
閉場前 1 時間,91.20108393559116,92.25714271547629,246
閉場前 1 時間,92.25714271547629,93.32543007969925,224
閉場前 1 時間,93.32543007969925,94.40608762859226,250
閉場前 1 時間,94.40608762859226,95.49925860214368,285
閉場前 1 時間,95.49925860214368,96.60508789898121,326
閉場前 1 時間,96.60508789898121,97.72372209558111,309
閉場前 1 時間,97.72372209558111,98.8553094656941,220
閉場前 1 時間,98.8553094656941,100.0,220
閉場前 1 時間,100.0,101.15794542599004,340
閉場前 1 時間,101.15794542599004,102.32929922807536,209
閉場前 1 時間,102.32929922807536,103.51421666793452,218
閉場前 1 時間,103.51421666793452,104.71285480508985,225
閉場前 1 時間,104.71285480508985,105.92537251772897,280
閉場前 1 時間,105.92537251772897,107.15193052376048,233
閉場前 1 時間,107.15193052376048,108.39269140212039,227
閉場前 1 時間,108.39269140212039,109.64781961431873,250
閉場前 1 時間,109.64781961431873,110.9174815262401,281
閉場前 1 時間,110.9174815262401,112.20184543019653,235
閉場前 1 時間,112.20184543019653,113.50108156723144,214
閉場前 1 時間,113.50108156723144,114.81536214968841,224
閉場前 1 時間,114.81536214968841,116.14486138403414,278
閉場前 1 時間,116.14486138403414,117.48975549395303,230
閉場前 1 時間,117.48975549395303,118.85022274370213,268
閉場前 1 時間,118.85022274370213,120.22644346174131,443
閉場前 1 時間,120.22644346174131,121.61860006463704,358
閉場前 1 時間,121.61860006463704,123.02687708123811,234
閉場前 1 時間,123.02687708123811,124.4514611771387,144
閉場前 1 時間,124.4514611771387,125.89254117941663,217
閉場前 1 時間,125.89254117941663,127.3503081016663,206
閉場前 1 時間,127.3503081016663,128.82495516931323,175
閉場前 1 時間,128.82495516931323,130.31667784523,187
閉場前 1 時間,130.31667784523,131.825673855641,217
閉場前 1 時間,131.825673855641,133.3521432163324,185
閉場前 1 時間,133.3521432163324,134.8962882591656,200
閉場前 1 時間,134.8962882591656,136.4583136588924,232
閉場前 1 時間,136.4583136588924,138.03842646028866,192
閉場前 1 時間,138.03842646028866,139.63683610559363,179
閉場前 1 時間,139.63683610559363,141.25375446227554,177
閉場前 1 時間,141.25375446227554,142.88939585111007,134
閉場前 1 時間,142.88939585111007,144.5439770745928,172
閉場前 1 時間,144.5439770745928,146.21771744567212,233
閉場前 1 時間,146.21771744567212,147.91083881682073,138
閉場前 1 時間,147.91083881682073,149.62356560944357,178
閉場前 1 時間,149.62356560944357,151.3561248436207,205
閉場前 1 時間,151.3561248436207,153.1087461682032,143
閉場前 1 時間,153.1087461682032,154.88166189124794,157
閉場前 1 時間,154.88166189124794,156.67510701081503,155
閉場前 1 時間,156.67510701081503,158.48931924611173,126
閉場前 1 時間,158.48931924611173,160.32453906900417,144
閉場前 1 時間,160.32453906900417,162.18100973589333,174
閉場前 1 時間,162.18100973589333,164.05897731995387,122
閉場前 1 時間,164.05897731995387,165.9586907437563,161
閉場前 1 時間,165.9586907437563,167.88040181225588,206
閉場前 1 時間,167.88040181225588,169.8243652461746,158
閉場前 1 時間,169.8243652461746,171.79083871575858,155
閉場前 1 時間,171.79083871575858,173.78008287493762,151
閉場前 1 時間,173.78008287493762,175.79236139586968,127
閉場前 1 時間,175.79236139586968,177.82794100389228,167
閉場前 1 時間,177.82794100389228,179.8870915128791,185
閉場前 1 時間,179.8870915128791,181.97008586099827,217
閉場前 1 時間,181.97008586099827,184.07720014689582,158
閉場前 1 時間,184.07720014689582,186.20871366628657,171
閉場前 1 時間,186.20871366628657,188.3649089489802,109
閉場前 1 時間,188.3649089489802,190.54607179632444,160
閉場前 1 時間,190.54607179632444,192.75249131909365,170
閉場前 1 時間,192.75249131909365,194.98445997580495,123
閉場前 1 時間,194.98445997580495,197.24227361148533,139
閉場前 1 時間,197.24227361148533,199.5262314968883,146
閉場前 1 時間,199.5262314968883,201.83663636815598,113
閉場前 1 時間,201.83663636815598,204.17379446695315,112
閉場前 1 時間,204.17379446695315,206.5380155810527,145
閉場前 1 時間,206.5380155810527,208.92961308540407,142
閉場前 1 時間,208.92961308540407,211.3489039836652,151
閉場前 1 時間,211.3489039836652,213.79620895022325,114
閉場前 1 時間,213.79620895022325,216.27185237270245,168
閉場前 1 時間,216.27185237270245,218.77616239495518,119
閉場前 1 時間,218.77616239495518,221.30947096056408,115
閉場前 1 時間,221.30947096056408,223.87211385683378,100
閉場前 1 時間,223.87211385683378,226.4644307593062,122
閉場前 1 時間,226.4644307593062,229.08676527677702,96
閉場前 1 時間,229.08676527677702,231.73946499684797,164
閉場前 1 時間,231.73946499684797,234.42288153199274,109
閉場前 1 時間,234.42288153199274,237.13737056616552,138
閉場前 1 時間,237.13737056616552,239.8832919019495,208
閉場前 1 時間,239.8832919019495,242.66100950824142,360
閉場前 1 時間,242.66100950824142,245.47089156850336,132
閉場前 1 時間,245.47089156850336,248.3133105295568,128
閉場前 1 時間,248.3133105295568,251.18864315095823,106
閉場前 1 時間,251.18864315095823,254.09727055493013,87
閉場前 1 時間,254.09727055493013,257.03957827688646,96
閉場前 1 時間,257.03957827688646,260.01595631652776,87
閉場前 1 時間,260.01595631652776,263.02679918953817,73
閉場前 1 時間,263.02679918953817,266.0725059798814,72
閉場前 1 時間,266.0725059798814,269.1534803926914,108
閉場前 1 時間,269.1534803926914,272.27013080779153,146
閉場前 1 時間,272.27013080779153,275.4228703338163,95
閉場前 1 時間,275.4228703338163,278.61211686297725,106
閉場前 1 時間,278.61211686297725,281.83829312644605,90
閉場前 1 時間,281.83829312644605,285.10182675039096,92
閉場前 1 時間,285.10182675039096,288.4031503126612,85
閉場前 1 時間,288.4031503126612,291.7427014001166,106
閉場前 1 時間,291.7427014001166,295.120922666639,97
閉場前 1 時間,295.120922666639,298.53826189179574,102
閉場前 1 時間,298.53826189179574,301.9951720402019,202
閉場前 1 時間,301.9951720402019,305.4921113215509,108
閉場前 1 時間,305.4921113215509,309.0295432513592,116
閉場前 1 時間,309.0295432513592,312.6079367123962,76
閉場前 1 時間,312.6079367123962,316.22776601683796,74
閉場前 1 時間,316.22776601683796,319.88951096914036,95
閉場前 1 時間,319.88951096914036,323.5936569296281,79
閉場前 1 時間,323.5936569296281,327.34069487883863,69
閉場前 1 時間,327.34069487883863,331.13112148259074,68
閉場前 1 時間,331.13112148259074,334.9654391578279,92
閉場前 1 時間,334.9654391578279,338.844156139202,109
閉場前 1 時間,338.844156139202,342.76778654645045,90
閉場前 1 時間,342.76778654645045,346.7368504525324,74
閉場前 1 時間,346.7368504525324,350.75187395256796,70
閉場前 1 時間,350.75187395256796,354.81338923357606,70
閉場前 1 時間,354.81338923357606,358.92193464500497,91
閉場前 1 時間,358.92193464500497,363.07805477010174,102
閉場前 1 時間,363.07805477010174,367.2823004980842,75
閉場前 1 時間,367.2823004980842,371.53522909717276,69
閉場前 1 時間,371.53522909717276,375.8374042884451,86
閉場前 1 時間,375.8374042884451,380.1893963205613,82
閉場前 1 時間,380.1893963205613,384.5917820453543,53
閉場前 1 時間,384.5917820453543,389.04514499428046,61
閉場前 1 時間,389.04514499428046,393.550075455778,100
閉場前 1 時間,393.550075455778,398.1071705534969,65
閉場前 1 時間,398.1071705534969,402.7170343254595,42
閉場前 1 時間,402.7170343254595,407.3802778041122,53
閉場前 1 時間,407.3802778041122,412.0975190973304,79
閉場前 1 時間,412.0975190973304,416.86938347033634,83
閉場前 1 時間,416.86938347033634,421.6965034285823,59
閉場前 1 時間,421.6965034285823,426.57951880159345,51
閉場前 1 時間,426.57951880159345,431.519076827765,57
閉場前 1 時間,431.519076827765,436.51583224016656,53
閉場前 1 時間,436.51583224016656,441.5704473533121,68
閉場前 1 時間,441.5704473533121,446.6835921509635,43
閉場前 1 時間,446.6835921509635,451.8559443749217,65
閉場前 1 時間,451.8559443749217,457.0881896148752,50
閉場前 1 時間,457.0881896148752,462.3810213992613,64
閉場前 1 時間,462.3810213992613,467.73514128719813,44
閉場前 1 時間,467.73514128719813,473.15125896148123,69
閉場前 1 時間,473.15125896148123,478.630092322638,67
閉場前 1 時間,478.630092322638,484.1723675840999,226
閉場前 1 時間,484.1723675840999,489.7788193684456,71
閉場前 1 時間,489.7788193684456,495.45019080479057,47
閉場前 1 時間,495.45019080479057,501.18723362727354,58
閉場前 1 時間,501.18723362727354,506.99070827470445,54
閉場前 1 時間,506.99070827470445,512.8613839913659,69
閉場前 1 時間,512.8613839913659,518.8000389289609,33
閉場前 1 時間,518.8000389289609,524.8074602497734,44
閉場前 1 時間,524.8074602497734,530.8844442309879,56
閉場前 1 時間,530.8844442309879,537.0317963702532,46
閉場前 1 時間,537.0317963702532,543.2503314924325,64
閉場前 1 時間,543.2503314924325,549.5408738576248,42
閉場前 1 時間,549.5408738576248,555.9042572704049,38
閉場前 1 時間,555.9042572704049,562.341325190349,45
閉場前 1 時間,562.341325190349,568.8529308438425,48
閉場前 1 時間,568.8529308438425,575.4399373371566,53
閉場前 1 時間,575.4399373371566,582.1032177708722,49
閉場前 1 時間,582.1032177708722,588.8436553555883,50
閉場前 1 時間,588.8436553555883,595.6621435290109,56
閉場前 1 時間,595.6621435290109,602.5595860743568,109
閉場前 1 時間,602.5595860743568,609.5368972401693,99
閉場前 1 時間,609.5368972401693,616.5950018614835,59
閉場前 1 時間,616.5950018614835,623.7348354824192,35
閉場前 1 時間,623.7348354824192,630.9573444801943,38
閉場前 1 時間,630.9573444801943,638.2634861905483,33
閉場前 1 時間,638.2634861905483,645.6542290346563,35
閉場前 1 時間,645.6542290346563,653.1305526474716,25
閉場前 1 時間,653.1305526474716,660.6934480075964,32
閉場前 1 時間,660.6934480075964,668.3439175686162,41
閉場前 1 時間,668.3439175686162,676.0829753919819,24
閉場前 1 時間,676.0829753919819,683.9116472814306,32
閉場前 1 時間,683.9116472814306,691.8309709189363,34
閉場前 1 時間,691.8309709189363,699.8419960022745,23
閉場前 1 時間,699.8419960022745,707.9457843841374,23
閉場前 1 時間,707.9457843841374,716.1434102129027,57
閉場前 1 時間,716.1434102129027,724.4359600749891,106
閉場前 1 時間,724.4359600749891,732.8245331389045,53
閉場前 1 時間,732.8245331389045,741.3102413009192,29
閉場前 1 時間,741.3102413009192,749.8942093324558,33
閉場前 1 時間,749.8942093324558,758.5775750291851,27
閉場前 1 時間,758.5775750291851,767.3614893618186,14
閉場前 1 時間,767.3614893618186,776.2471166286928,25
閉場前 1 時間,776.2471166286928,785.235634610071,30
閉場前 1 時間,785.235634610071,794.3282347242822,19
閉場前 1 時間,794.3282347242822,803.526122185616,14
閉場前 1 時間,803.526122185616,812.8305161640995,37
閉場前 1 時間,812.8305161640995,822.2426499470729,37
閉場前 1 時間,822.2426499470729,831.7637711026708,21
閉場前 1 時間,831.7637711026708,841.3951416451964,27
閉場前 1 時間,841.3951416451964,851.1380382023759,35
閉場前 1 時間,851.1380382023759,860.9937521846016,32
閉場前 1 時間,860.9937521846016,870.9635899560797,33
閉場前 1 時間,870.9635899560797,881.0488730080147,43
閉場前 1 時間,881.0488730080147,891.2509381337477,30
閉場前 1 時間,891.2509381337477,901.571137605957,116
閉場前 1 時間,901.571137605957,912.0108393559116,33
閉場前 1 時間,912.0108393559116,922.5714271547629,17
閉場前 1 時間,922.5714271547629,933.2543007969924,23
閉場前 1 時間,933.2543007969924,944.0608762859226,38
閉場前 1 時間,944.0608762859226,954.9925860214369,31
閉場前 1 時間,954.9925860214369,966.0508789898121,57
閉場前 1 時間,966.0508789898121,977.2372209558112,12
閉場前 1 時間,977.2372209558112,988.5530946569411,44
閉場前 1 時間,988.5530946569411,1000.0,23
閉場前 1 時間,1000.0,1011.5794542599003,30
閉場前 1 時間,1011.5794542599003,1023.2929922807537,27
閉場前 1 時間,1023.2929922807537,1035.142166679345,24
閉場前 1 時間,1035.142166679345,1047.1285480508984,37
閉場前 1 時間,1047.1285480508984,1059.2537251772897,28
閉場前 1 時間,1059.2537251772897,1071.5193052376092,32
閉場前 1 時間,1071.5193052376092,1083.9269140212039,33
閉場前 1 時間,1083.9269140212039,1096.4781961431872,29
閉場前 1 時間,1096.4781961431872,1109.174815262401,23
閉場前 1 時間,1109.174815262401,1122.0184543019652,29
閉場前 1 時間,1122.0184543019652,1135.0108156723143,30
閉場前 1 時間,1135.0108156723143,1148.1536214968842,29
閉場前 1 時間,1148.1536214968842,1161.4486138403415,22
閉場前 1 時間,1161.4486138403415,1174.8975549395302,19
閉場前 1 時間,1174.8975549395302,1188.5022274370212,19
閉場前 1 時間,1188.5022274370212,1202.2644346174131,22
閉場前 1 時間,1202.2644346174131,1216.1860006463703,14
閉場前 1 時間,1216.1860006463703,1230.268770812381,24
閉場前 1 時間,1230.268770812381,1244.5146117713869,12
閉場前 1 時間,1244.5146117713869,1258.9254117941662,9
閉場前 1 時間,1258.9254117941662,1273.503081016663,19
閉場前 1 時間,1273.503081016663,1288.2495516931324,8
閉場前 1 時間,1288.2495516931324,1303.1667784523,24
閉場前 1 時間,1303.1667784523,1318.25673855641,13
閉場前 1 時間,1318.25673855641,1333.521432163324,34
閉場前 1 時間,1333.521432163324,1348.9628825916561,19
閉場前 1 時間,1348.9628825916561,1364.583136588924,13
閉場前 1 時間,1364.583136588924,1380.3842646028866,24
閉場前 1 時間,1380.3842646028866,1396.3683610559362,20
閉場前 1 時間,1396.3683610559362,1412.5375446227554,26
閉場前 1 時間,1412.5375446227554,1428.8939585111066,14
閉場前 1 時間,1428.8939585111066,1445.439770745928,31
閉場前 1 時間,1445.439770745928,1462.1771744567213,14
閉場前 1 時間,1462.1771744567213,1479.1083881682073,9
閉場前 1 時間,1479.1083881682073,1496.2356560944359,21
閉場前 1 時間,1496.2356560944359,1513.5612484362073,16
閉場前 1 時間,1513.5612484362073,1531.087461682032,22
閉場前 1 時間,1531.087461682032,1548.8166189124795,20
閉場前 1 時間,1548.8166189124795,1566.75107010815,17
閉場前 1 時間,1566.75107010815,1584.8931924611175,22
閉場前 1 時間,1584.8931924611175,1603.2453906900419,20
閉場前 1 時間,1603.2453906900419,1621.8100973589333,15
閉場前 1 時間,1621.8100973589333,1640.5897731995387,11
閉場前 1 時間,1640.5897731995387,1659.586907437563,16
閉場前 1 時間,1659.586907437563,1678.804018122559,11
閉場前 1 時間,1678.804018122559,1698.243652461746,17
閉場前 1 時間,1698.243652461746,1717.9083871575858,11
閉場前 1 時間,1717.9083871575858,1737.8008287493763,23
閉場前 1 時間,1737.8008287493763,1757.9236139586967,5
閉場前 1 時間,1757.9236139586967,1778.2794100389228,23
閉場前 1 時間,1778.2794100389228,1798.870915128791,11
閉場前 1 時間,1798.870915128791,1819.7008586099826,27
閉場前 1 時間,1819.7008586099826,1840.7720014689583,10
閉場前 1 時間,1840.7720014689583,1862.0871366628655,17
閉場前 1 時間,1862.0871366628655,1883.649089489802,13
閉場前 1 時間,1883.649089489802,1905.4607179632521,9
閉場前 1 時間,1905.4607179632521,1927.5249131909366,28
閉場前 1 時間,1927.5249131909366,1949.8445997580495,33
閉場前 1 時間,1949.8445997580495,1972.4227361148535,14
閉場前 1 時間,1972.4227361148535,1995.262314968883,17
閉場前 1 時間,1995.262314968883,2018.3663636815597,15
閉場前 1 時間,2018.3663636815597,2041.7379446695318,17
閉場前 1 時間,2041.7379446695318,2065.380155810527,12
閉場前 1 時間,2065.380155810527,2089.2961308540407,5
閉場前 1 時間,2089.2961308540407,2113.489039836652,12
閉場前 1 時間,2113.489039836652,2137.9620895022326,16
閉場前 1 時間,2137.9620895022326,2162.7185237270246,14
閉場前 1 時間,2162.7185237270246,2187.761623949552,15
閉場前 1 時間,2187.761623949552,2213.094709605641,14
閉場前 1 時間,2213.094709605641,2238.7211385683377,17
閉場前 1 時間,2238.7211385683377,2264.644307593062,15
閉場前 1 時間,2264.644307593062,2290.86765276777,8
閉場前 1 時間,2290.86765276777,2317.39464996848,14
閉場前 1 時間,2317.39464996848,2344.2288153199274,21
閉場前 1 時間,2344.2288153199274,2371.373705661655,12
閉場前 1 時間,2371.373705661655,2398.832919019495,10
閉場前 1 時間,2398.832919019495,2426.6100950824143,10
閉場前 1 時間,2426.6100950824143,2454.7089156850334,17
閉場前 1 時間,2454.7089156850334,2483.133105295568,12
閉場前 1 時間,2483.133105295568,2511.886431509582,16
閉場前 1 時間,2511.886431509582,2540.9727055493117,7
閉場前 1 時間,2540.9727055493117,2570.3957827688646,11
閉場前 1 時間,2570.3957827688646,2600.1595631652776,17
閉場前 1 時間,2600.1595631652776,2630.2679918953813,14
閉場前 1 時間,2630.2679918953813,2660.725059798814,19
閉場前 1 時間,2660.725059798814,2691.534803926914,27
閉場前 1 時間,2691.534803926914,2722.7013080779157,16
閉場前 1 時間,2722.7013080779157,2754.228703338163,27
閉場前 1 時間,2754.228703338163,2786.121168629772,13
閉場前 1 時間,2786.121168629772,2818.3829312644607,14
閉場前 1 時間,2818.3829312644607,2851.0182675039096,9
閉場前 1 時間,2851.0182675039096,2884.031503126612,24
閉場前 1 時間,2884.031503126612,2917.427014001166,10
閉場前 1 時間,2917.427014001166,2951.20922666639,28
閉場前 1 時間,2951.20922666639,2985.382618917957,14
閉場前 1 時間,2985.382618917957,3019.951720402019,74
閉場前 1 時間,3019.951720402019,3054.921113215509,16
閉場前 1 時間,3054.921113215509,3090.295432513592,12
閉場前 1 時間,3090.295432513592,3126.079367123962,9
閉場前 1 時間,3126.079367123962,3162.2776601683795,11
閉場前 1 時間,3162.2776601683795,3198.895109691404,26
閉場前 1 時間,3198.895109691404,3235.936569296281,7
閉場前 1 時間,3235.936569296281,3273.406948788386,17
閉場前 1 時間,3273.406948788386,3311.311214825908,36
閉場前 1 時間,3311.311214825908,3349.6543915782795,8
閉場前 1 時間,3349.6543915782795,3388.441561392034,7
閉場前 1 時間,3388.441561392034,3427.6778654645045,7
閉場前 1 時間,3427.6778654645045,3467.3685045253237,17
閉場前 1 時間,3467.3685045253237,3507.5187395256794,6
閉場前 1 時間,3507.5187395256794,3548.1338923357603,16
閉場前 1 時間,3548.1338923357603,3589.2193464500497,17
閉場前 1 時間,3589.2193464500497,3630.7805477010174,70
閉場前 1 時間,3630.7805477010174,3672.8230049808426,8
閉場前 1 時間,3672.8230049808426,3715.3522909717276,11
閉場前 1 時間,3715.3522909717276,3758.374042884451,12
閉場前 1 時間,3758.374042884451,3801.8939632056126,5
閉場前 1 時間,3801.8939632056126,3845.9178204535433,3
閉場前 1 時間,3845.9178204535433,3890.4514499428046,15
閉場前 1 時間,3890.4514499428046,3935.5007545577805,4
閉場前 1 時間,3935.5007545577805,3981.071705534969,57
閉場前 1 時間,3981.071705534969,4027.170343254595,6
閉場前 1 時間,4027.170343254595,4073.802778041122,8
閉場前 1 時間,4073.802778041122,4120.975190973304,2
閉場前 1 時間,4120.975190973304,4168.693834703364,7
閉場前 1 時間,4168.693834703364,4216.965034285822,4
閉場前 1 時間,4216.965034285822,4265.795188015934,8
閉場前 1 時間,4265.795188015934,4315.19076827765,4
閉場前 1 時間,4315.19076827765,4365.158322401666,5
閉場前 1 時間,4365.158322401666,4415.704473533121,12
閉場前 1 時間,4415.704473533121,4466.835921509635,2
閉場前 1 時間,4466.835921509635,4518.5594437492355,10
閉場前 1 時間,4518.5594437492355,4570.881896148751,1
閉場前 1 時間,4570.881896148751,4623.810213992613,4
閉場前 1 時間,4623.810213992613,4677.351412871981,2
閉場前 1 時間,4677.351412871981,4731.512589614813,2
閉場前 1 時間,4731.512589614813,4786.30092322638,7
閉場前 1 時間,4786.30092322638,4841.723675840999,4
閉場前 1 時間,4841.723675840999,4897.788193684456,1
閉場前 1 時間,4897.788193684456,4954.501908047905,1
閉場前 1 時間,4954.501908047905,5011.872336272735,3
閉場前 1 時間,5011.872336272735,5069.907082747044,2
閉場前 1 時間,5069.907082747044,5128.613839913659,2
閉場前 1 時間,5128.613839913659,5188.000389289609,8
閉場前 1 時間,5248.074602497733,5308.844442309879,1
閉場前 1 時間,5308.844442309879,5370.317963702532,17
閉場前 1 時間,5432.503314924325,5495.408738576249,3
閉場前 1 時間,5495.408738576249,5559.042572704048,15
閉場前 1 時間,5559.042572704048,5623.413251903491,3
閉場前 1 時間,5623.413251903491,5688.529308438425,9
閉場前 1 時間,5688.529308438425,5754.399373371566,5
閉場前 1 時間,5754.399373371566,5821.032177708722,1
閉場前 1 時間,5821.032177708722,5888.436553555884,14
閉場前 1 時間,5888.436553555884,5956.62143529011,5
閉場前 1 時間,5956.62143529011,6025.595860743593,1
閉場前 1 時間,6025.595860743593,6095.368972401694,6
閉場前 1 時間,6095.368972401694,6165.950018614834,1
閉場前 1 時間,6165.950018614834,6237.348354824191,7
閉場前 1 時間,6309.573444801943,6382.6348619054825,6
閉場前 1 時間,6382.6348619054825,6456.542290346562,4
閉場前 1 時間,6531.305526474716,6606.9344800759645,5
閉場前 1 時間,6606.9344800759645,6683.439175686162,1
閉場前 1 時間,6683.439175686162,6760.829753919819,1
閉場前 1 時間,6760.829753919819,6839.116472814307,1
閉場前 1 時間,6839.116472814307,6918.309709189362,1
閉場前 1 時間,6918.309709189362,6998.419960022746,1
閉場前 1 時間,6998.419960022746,7079.457843841374,1
閉場前 1 時間,7079.457843841374,7161.434102129027,1
閉場前 1 時間,7161.434102129027,7244.359600749891,1
閉場前 1 時間,7244.359600749891,7328.245331389045,3
閉場前 1 時間,7328.245331389045,7413.102413009192,2
閉場前 1 時間,7413.102413009192,7498.942093324558,3
閉場前 1 時間,7498.942093324558,7585.775750291851,1
閉場前 1 時間,7585.775750291851,7673.614893618185,3
閉場前 1 時間,7673.614893618185,7762.471166286928,1
閉場前 1 時間,7762.471166286928,7852.35634610071,8
閉場前 1 時間,7852.35634610071,7943.282347242822,2
閉場前 1 時間,7943.282347242822,8035.2612218561935,3
閉場前 1 時間,8035.2612218561935,8128.305161640995,1
閉場前 1 時間,8222.426499470728,8317.63771102671,17
閉場前 1 時間,8317.63771102671,8413.951416451964,8
閉場前 1 時間,8413.951416451964,8511.380382023759,6
閉場前 1 時間,8609.937521846015,8709.635899560797,2
閉場前 1 時間,8709.635899560797,8810.488730080147,2
閉場前 1 時間,9015.711376059571,9120.108393559116,2
閉場前 1 時間,9120.108393559116,9225.71427154763,1
閉場前 1 時間,9332.543007969924,9440.608762859227,2
閉場前 1 時間,9660.508789898122,9772.372209558112,1
閉場前 1 時間,9885.530946569412,10000.0,1
閉場前 1 時間,10000.0,10115.794542599004,5
閉場前 1 時間,10115.794542599004,10232.929922807536,1
閉場前 1 時間,10232.929922807536,10351.421666793452,4
閉場前 1 時間,10351.421666793452,10471.285480508985,1
閉場前 1 時間,10471.285480508985,10592.537251772897,3
閉場前 1 時間,10592.537251772897,10715.193052376093,1
閉場前 1 時間,11091.748152624008,11220.184543019654,27
閉場前 1 時間,11481.53621496884,11614.486138403414,5
閉場前 1 時間,11614.486138403414,11748.975549395303,1
閉場前 1 時間,11885.022274370214,12022.644346174131,2
閉場前 1 時間,12022.644346174131,12161.860006463703,1
閉場前 1 時間,12161.860006463703,12302.68770812381,1
閉場前 1 時間,12302.68770812381,12445.14611771387,1
閉場前 1 時間,12589.254117941662,12735.030810166629,2
閉場前 1 時間,12735.030810166629,12882.495516931323,1
閉場前 1 時間,13031.667784523,13182.567385564102,2
閉場前 1 時間,13182.567385564102,13335.21432163324,1
閉場前 1 時間,13335.21432163324,13489.628825916561,1
閉場前 1 時間,13489.628825916561,13645.831365889238,2
閉場前 1 時間,13645.831365889238,13803.842646028867,11
閉場前 1 時間,13803.842646028867,13963.683610559363,3
閉場前 1 時間,13963.683610559363,14125.375446227554,3
閉場前 1 時間,14125.375446227554,14288.939585111066,3
閉場前 1 時間,14288.939585111066,14454.39770745928,15
閉場前 1 時間,14454.39770745928,14621.771744567213,6
閉場前 1 時間,14621.771744567213,14791.083881682072,1
閉場前 1 時間,14791.083881682072,14962.35656094436,3
閉場前 1 時間,15135.612484362071,15310.87461682032,101
閉場前 1 時間,15310.87461682032,15488.166189124795,1
閉場前 1 時間,15488.166189124795,15667.5107010815,1
閉場前 1 時間,15667.5107010815,15848.931924611174,1
閉場前 1 時間,15848.931924611174,16032.453906900417,4
閉場前 1 時間,16032.453906900417,16218.100973589331,4
閉場前 1 時間,16405.89773199539,16595.86907437563,3
閉場前 1 時間,16595.86907437563,16788.040181225588,2
閉場前 1 時間,16788.040181225588,16982.43652461746,1
閉場前 1 時間,16982.43652461746,17179.08387157586,1
閉場前 1 時間,17179.08387157586,17378.00828749376,9
閉場前 1 時間,17579.236139586967,17782.794100389227,29
閉場前 1 時間,17782.794100389227,17988.709151287912,6
閉場前 1 時間,17988.709151287912,18197.008586099826,4
閉場前 1 時間,18197.008586099826,18407.72001468958,7
閉場前 1 時間,18407.72001468958,18620.871366628657,4
閉場前 1 時間,19054.607179632523,19275.249131909368,1
閉場前 1 時間,19275.249131909368,19498.445997580493,1
閉場前 1 時間,19498.445997580493,19724.227361148533,1
閉場前 1 時間,19724.227361148533,19952.62314968883,1
閉場前 1 時間,20653.80155810527,20892.96130854041,1
閉場前 1 時間,21379.620895022323,21627.185237270245,1
閉場前 1 時間,22646.44307593062,22908.6765276777,1
閉場前 1 時間,23442.288153199275,23713.737056616552,3
閉場前 1 時間,25118.864315095823,25409.727055493116,1
閉場前 1 時間,27861.211686297724,28183.829312644608,1
閉場前 1 時間,29174.27014001166,29512.0922666639,1
閉場前 1 時間,33113.112148259075,33496.54391578279,1
閉場前 1 時間,33884.41561392034,34276.778654645044,3
閉場前 1 時間,34276.778654645044,34673.68504525324,1
閉場前 1 時間,38018.93963205613,38459.178204535434,1
閉場前 1 時間,38459.178204535434,38904.51449942805,1
閉場前 1 時間,39355.007545577806,39810.71705534969,3
閉場前 1 時間,40738.02778041122,41209.751909733044,1
閉場前 1 時間,41209.751909733044,41686.93834703363,9
閉場前 1 時間,50699.070827470445,51286.13839913659,1
閉場前 1 時間,55590.425727040485,56234.13251903491,92
閉場前 1 時間,64565.422903465624,65313.05526474716,2
閉場前 1 時間,65313.05526474716,66069.34480075965,2
閉場前 1 時間,68391.16472814306,69183.09709189362,1
閉場前 1 時間,70794.57843841374,71614.34102129027,1
閉場前 1 時間,79432.82347242821,80352.61221856193,1
閉場前 1 時間,81283.05161640995,82224.2649947073,1
閉場前 1 時間,84139.51416451964,85113.80382023759,17
閉場前 1 時間,104712.85480508985,105925.37251772897,1
閉場前 1 時間,110917.4815262401,112201.84543019652,1
閉場前 1 時間,117489.75549395304,118850.22274370214,2
閉場前 1 時間,153108.7461682032,154881.66189124796,1
閉場前 1 時間,167880.4018122559,169824.3652461746,1
閉場前 1 時間,190546.0717963252,192752.49131909365,1
閉場前 1 時間,192752.49131909365,194984.45997580496,1
閉場前 1 時間,251188.6431509582,254097.27055493116,1
閉場前 1 時間,272270.13080779155,275422.87033381633,2
閉場前 1 時間,291742.7014001166,295120.92266663903,1
閉場前 1 時間,323593.6569296281,327340.6948788386,1
閉場前 1 時間,398107.1705534969,402717.0343254595,1
閉場前 1 時間,412097.5190973304,416869.3834703364,1
閉場前 1 時間,416869.3834703364,421696.5034285823,1
閉場前 1 時間,436515.83224016655,441570.44735331205,1
閉場前 1 時間,794328.2347242822,803526.1221856193,1
閉場前 1 時間,944060.8762859226,954992.5860214368,2
閉場前 1 時間,966050.8789898121,977237.2209558112,17
閉場前 1 時間,1000000.0,1011579.4542599004,31
夜 12 時から 1 時間,0.00530884444230989,0.005370317963702532,1
夜 12 時から 1 時間,0.016595869074375595,0.016788040181225625,3
夜 12 時から 1 時間,0.018620871366628693,0.01883649089489802,3
夜 12 時から 1 時間,0.019724227361148535,0.01995262314968879,1
夜 12 時から 1 時間,0.020183663636815598,0.020417379446695316,1
夜 12 時から 1 時間,0.02065380155810531,0.02089296130854041,1
夜 12 時から 1 時間,0.02089296130854041,0.021134890398366475,5
夜 12 時から 1 時間,0.02187761623949552,0.022130947096056366,1
夜 12 時から 1 時間,0.022387211385683423,0.022646443075930618,8
夜 12 時から 1 時間,0.022646443075930618,0.022908676527677748,5
夜 12 時から 1 時間,0.024547089156850336,0.024831331052955728,4
夜 12 時から 1 時間,0.025118864315095822,0.025409727055493065,1
夜 12 時から 1 時間,0.028840315031266057,0.02917427014001166,3
夜 12 時から 1 時間,0.03427677865464505,0.034673685045253165,2
夜 12 時から 1 時間,0.039355007545577726,0.039810717055349776,1
夜 12 時から 1 時間,0.04027170343254595,0.0407380277804113,5
夜 12 時から 1 時間,0.0407380277804113,0.04120975190973304,1
夜 12 時から 1 時間,0.04120975190973304,0.04168693834703355,4
夜 12 時から 1 時間,0.04168693834703355,0.042169650342858224,1
夜 12 時から 1 時間,0.042169650342858224,0.04265795188015926,5
夜 12 時から 1 時間,0.04365158322401665,0.044157044735331295,1
夜 12 時から 1 時間,0.04466835921509635,0.04518559443749226,2
夜 12 時から 1 時間,0.04518559443749226,0.04570881896148752,8
夜 12 時から 1 時間,0.04570881896148752,0.04623810213992603,10
夜 12 時から 1 時間,0.04623810213992603,0.046773514128719815,6
夜 12 時から 1 時間,0.046773514128719815,0.04731512589614803,14
夜 12 時から 1 時間,0.04731512589614803,0.0478630092322638,4
夜 12 時から 1 時間,0.0478630092322638,0.04841723675840999,13
夜 12 時から 1 時間,0.04841723675840999,0.048977881936844665,18
夜 12 時から 1 時間,0.048977881936844665,0.04954501908047906,83
夜 12 時から 1 時間,0.04954501908047906,0.05011872336272725,58
夜 12 時から 1 時間,0.05011872336272725,0.050699070827470445,151
夜 12 時から 1 時間,0.050699070827470445,0.05128613839913648,150
夜 12 時から 1 時間,0.05128613839913648,0.0518800038928961,160
夜 12 時から 1 時間,0.0518800038928961,0.05248074602497723,155
夜 12 時から 1 時間,0.05248074602497723,0.0530884444230989,205
夜 12 時から 1 時間,0.0530884444230989,0.053703179637025325,174
夜 12 時から 1 時間,0.053703179637025325,0.05432503314924336,268
夜 12 時から 1 時間,0.05432503314924336,0.05495408738576248,203
夜 12 時から 1 時間,0.05495408738576248,0.05559042572704037,184
夜 12 時から 1 時間,0.05559042572704037,0.05623413251903491,218
夜 12 時から 1 時間,0.05623413251903491,0.05688529308438413,246
夜 12 時から 1 時間,0.05688529308438413,0.057543993733715666,239
夜 12 時から 1 時間,0.057543993733715666,0.058210321777087216,245
夜 12 時から 1 時間,0.058210321777087216,0.05888436553555896,476
夜 12 時から 1 時間,0.05888436553555896,0.059566214352901097,338
夜 12 時から 1 時間,0.059566214352901097,0.06025595860743581,396
夜 12 時から 1 時間,0.06025595860743581,0.060953689724016935,424
夜 12 時から 1 時間,0.060953689724016935,0.06165950018614822,471
夜 12 時から 1 時間,0.06165950018614822,0.06237348354824192,718
夜 12 時から 1 時間,0.06237348354824192,0.0630957344480193,735
夜 12 時から 1 時間,0.0630957344480193,0.06382634861905495,1176
夜 12 時から 1 時間,0.06382634861905495,0.06456542290346562,1752
夜 12 時から 1 時間,0.06456542290346562,0.06531305526474729,3152
夜 12 時から 1 時間,0.06531305526474729,0.06606934480075964,5148
夜 12 時から 1 時間,0.06606934480075964,0.06683439175686148,6832
夜 12 時から 1 時間,0.06683439175686148,0.06760829753919818,7084
夜 12 時から 1 時間,0.06760829753919818,0.06839116472814293,5373
夜 12 時から 1 時間,0.06839116472814293,0.06918309709189363,3223
夜 12 時から 1 時間,0.06918309709189363,0.06998419960022731,1902
夜 12 時から 1 時間,0.06998419960022731,0.07079457843841387,1378
夜 12 時から 1 時間,0.07079457843841387,0.07161434102129027,901
夜 12 時から 1 時間,0.07161434102129027,0.07244359600749906,745
夜 12 時から 1 時間,0.07244359600749906,0.07328245331389044,700
夜 12 時から 1 時間,0.07328245331389044,0.07413102413009177,608
夜 12 時から 1 時間,0.07413102413009177,0.07498942093324558,538
夜 12 時から 1 時間,0.07498942093324558,0.07585775750291836,585
夜 12 時から 1 時間,0.07585775750291836,0.07673614893618186,742
夜 12 時から 1 時間,0.07673614893618186,0.07762471166286927,582
夜 12 時から 1 時間,0.07762471166286927,0.07852356346100726,478
夜 12 時から 1 時間,0.07852356346100726,0.07943282347242822,469
夜 12 時から 1 時間,0.07943282347242822,0.08035261221856177,388
夜 12 時から 1 時間,0.08035261221856177,0.08128305161640995,621
夜 12 時から 1 時間,0.08128305161640995,0.08222426499470713,518
夜 12 時から 1 時間,0.08222426499470713,0.08317637711026708,514
夜 12 時から 1 時間,0.08317637711026708,0.08413951416451948,450
夜 12 時から 1 時間,0.08413951416451948,0.08511380382023777,372
夜 12 時から 1 時間,0.08511380382023777,0.08609937521846016,462
夜 12 時から 1 時間,0.08609937521846016,0.08709635899560814,281
夜 12 時から 1 時間,0.08709635899560814,0.08810488730080146,334
夜 12 時から 1 時間,0.08810488730080146,0.08912509381337459,379
夜 12 時から 1 時間,0.08912509381337459,0.09015711376059571,382
夜 12 時から 1 時間,0.09015711376059571,0.09120108393559097,384
夜 12 時から 1 時間,0.09120108393559097,0.09225714271547629,395
夜 12 時から 1 時間,0.09225714271547629,0.09332543007969905,187
夜 12 時から 1 時間,0.09332543007969905,0.09440608762859246,228
夜 12 時から 1 時間,0.09440608762859246,0.09549925860214369,177
夜 12 時から 1 時間,0.09549925860214369,0.09660508789898141,171
夜 12 時から 1 時間,0.09660508789898141,0.09772372209558111,223
夜 12 時から 1 時間,0.09772372209558111,0.0988553094656939,139
夜 12 時から 1 時間,0.0988553094656939,0.1,109
夜 12 時から 1 時間,0.1,0.10115794542599003,106
夜 12 時から 1 時間,0.10115794542599003,0.10232929922807536,227
夜 12 時から 1 時間,0.10232929922807536,0.10351421666793452,193
夜 12 時から 1 時間,0.10351421666793452,0.10471285480508985,165
夜 12 時から 1 時間,0.10471285480508985,0.10592537251772897,216
夜 12 時から 1 時間,0.10592537251772897,0.10715193052376049,274
夜 12 時から 1 時間,0.10715193052376049,0.10839269140212039,257
夜 12 時から 1 時間,0.10839269140212039,0.10964781961431873,275
夜 12 時から 1 時間,0.10964781961431873,0.11091748152624009,348
夜 12 時から 1 時間,0.11091748152624009,0.11220184543019653,463
夜 12 時から 1 時間,0.11220184543019653,0.11350108156723143,471
夜 12 時から 1 時間,0.11350108156723143,0.1148153621496884,501
夜 12 時から 1 時間,0.1148153621496884,0.11614486138403414,496
夜 12 時から 1 時間,0.11614486138403414,0.11748975549395303,576
夜 12 時から 1 時間,0.11748975549395303,0.11885022274370165,690
夜 12 時から 1 時間,0.11885022274370165,0.12022644346174131,594
夜 12 時から 1 時間,0.12022644346174131,0.12161860006463704,645
夜 12 時から 1 時間,0.12161860006463704,0.1230268770812381,739
夜 12 時から 1 時間,0.1230268770812381,0.12445146117713869,784
夜 12 時から 1 時間,0.12445146117713869,0.12589254117941662,753
夜 12 時から 1 時間,0.12589254117941662,0.12735030810166628,788
夜 12 時から 1 時間,0.12735030810166628,0.12882495516931322,1113
夜 12 時から 1 時間,0.12882495516931322,0.13031667784523,1576
夜 12 時から 1 時間,0.13031667784523,0.131825673855641,2788
夜 12 時から 1 時間,0.131825673855641,0.1333521432163324,6582
夜 12 時から 1 時間,0.1333521432163324,0.1348962882591656,10198
夜 12 時から 1 時間,0.1348962882591656,0.13645831365889238,7160
夜 12 時から 1 時間,0.13645831365889238,0.13803842646028866,2725
夜 12 時から 1 時間,0.13803842646028866,0.13963683610559363,1309
夜 12 時から 1 時間,0.13963683610559363,0.14125375446227553,1199
夜 12 時から 1 時間,0.14125375446227553,0.14288939585111007,783
夜 12 時から 1 時間,0.14288939585111007,0.1445439770745928,630
夜 12 時から 1 時間,0.1445439770745928,0.14621771744567214,644
夜 12 時から 1 時間,0.14621771744567214,0.1479108388168207,491
夜 12 時から 1 時間,0.1479108388168207,0.1496235656094436,522
夜 12 時から 1 時間,0.1496235656094436,0.1513561248436207,405
夜 12 時から 1 時間,0.1513561248436207,0.1531087461682032,235
夜 12 時から 1 時間,0.1531087461682032,0.15488166189124797,251
夜 12 時から 1 時間,0.15488166189124797,0.15667510701081502,261
夜 12 時から 1 時間,0.15667510701081502,0.1584893192461111,211
夜 12 時から 1 時間,0.1584893192461111,0.16032453906900418,185
夜 12 時から 1 時間,0.16032453906900418,0.1621810097358933,153
夜 12 時から 1 時間,0.1621810097358933,0.16405897731995386,186
夜 12 時から 1 時間,0.16405897731995386,0.1659586907437563,129
夜 12 時から 1 時間,0.1659586907437563,0.16788040181225589,164
夜 12 時から 1 時間,0.16788040181225589,0.1698243652461746,164
夜 12 時から 1 時間,0.1698243652461746,0.1717908387157586,289
夜 12 時から 1 時間,0.1717908387157586,0.17378008287493762,343
夜 12 時から 1 時間,0.17378008287493762,0.17579236139586965,290
夜 12 時から 1 時間,0.17579236139586965,0.1778279410038923,307
夜 12 時から 1 時間,0.1778279410038923,0.1798870915128791,374
夜 12 時から 1 時間,0.1798870915128791,0.18197008586099825,368
夜 12 時から 1 時間,0.18197008586099825,0.18407720014689583,306
夜 12 時から 1 時間,0.18407720014689583,0.18620871366628655,369
夜 12 時から 1 時間,0.18620871366628655,0.1883649089489802,358
夜 12 時から 1 時間,0.1883649089489802,0.19054607179632443,458
夜 12 時から 1 時間,0.19054607179632443,0.19275249131909367,673
夜 12 時から 1 時間,0.19275249131909367,0.19498445997580494,1222
夜 12 時から 1 時間,0.19498445997580494,0.19724227361148533,2498
夜 12 時から 1 時間,0.19724227361148533,0.19952623149688828,8195
夜 12 時から 1 時間,0.19952623149688828,0.20183663636815596,23562
夜 12 時から 1 時間,0.20183663636815596,0.20417379446695316,15884
夜 12 時から 1 時間,0.20417379446695316,0.2065380155810527,4066
夜 12 時から 1 時間,0.2065380155810527,0.2089296130854041,2006
夜 12 時から 1 時間,0.2089296130854041,0.21134890398366432,1355
夜 12 時から 1 時間,0.21134890398366432,0.21379620895022325,893
夜 12 時から 1 時間,0.21379620895022325,0.21627185237270244,805
夜 12 時から 1 時間,0.21627185237270244,0.21877616239495518,718
夜 12 時から 1 時間,0.21877616239495518,0.2213094709605641,520
夜 12 時から 1 時間,0.2213094709605641,0.22387211385683378,471
夜 12 時から 1 時間,0.22387211385683378,0.2264644307593062,505
夜 12 時から 1 時間,0.2264644307593062,0.22908676527677702,394
夜 12 時から 1 時間,0.22908676527677702,0.23173946499684797,415
夜 12 時から 1 時間,0.23173946499684797,0.23442288153199276,321
夜 12 時から 1 時間,0.23442288153199276,0.23713737056616552,214
夜 12 時から 1 時間,0.23713737056616552,0.23988329190194949,268
夜 12 時から 1 時間,0.23988329190194949,0.24266100950824143,259
夜 12 時から 1 時間,0.24266100950824143,0.24547089156850335,286
夜 12 時から 1 時間,0.24547089156850335,0.2483133105295568,219
夜 12 時から 1 時間,0.2483133105295568,0.25118864315095824,288
夜 12 時から 1 時間,0.25118864315095824,0.25409727055493014,449
夜 12 時から 1 時間,0.25409727055493014,0.25703957827688645,570
夜 12 時から 1 時間,0.25703957827688645,0.26001595631652774,740
夜 12 時から 1 時間,0.26001595631652774,0.26302679918953814,908
夜 12 時から 1 時間,0.26302679918953814,0.2660725059798814,3290
夜 12 時から 1 時間,0.2660725059798814,0.2691534803926914,10989
夜 12 時から 1 時間,0.2691534803926914,0.27227013080779155,6024
夜 12 時から 1 時間,0.27227013080779155,0.27542287033381635,2040
夜 12 時から 1 時間,0.27542287033381635,0.2786121168629772,1610
夜 12 時から 1 時間,0.2786121168629772,0.2818382931264449,1203
夜 12 時から 1 時間,0.2818382931264449,0.285101826750391,1241
夜 12 時から 1 時間,0.285101826750391,0.28840315031266117,996
夜 12 時から 1 時間,0.28840315031266117,0.2917427014001166,807
夜 12 時から 1 時間,0.2917427014001166,0.29512092266663903,721
夜 12 時から 1 時間,0.29512092266663903,0.2985382618917957,461
夜 12 時から 1 時間,0.2985382618917957,0.30199517204020193,294
夜 12 時から 1 時間,0.30199517204020193,0.3054921113215509,566
夜 12 時から 1 時間,0.3054921113215509,0.30902954325135923,431
夜 12 時から 1 時間,0.30902954325135923,0.31260793671239623,540
夜 12 時から 1 時間,0.31260793671239623,0.31622776601683794,901
夜 12 時から 1 時間,0.31622776601683794,0.31988951096914037,909
夜 12 時から 1 時間,0.31988951096914037,0.3235936569296281,1126
夜 12 時から 1 時間,0.3235936569296281,0.3273406948788386,1242
夜 12 時から 1 時間,0.3273406948788386,0.3311311214825908,2794
夜 12 時から 1 時間,0.3311311214825908,0.33496543915782795,17296
夜 12 時から 1 時間,0.33496543915782795,0.33884415613920205,22623
夜 12 時から 1 時間,0.33884415613920205,0.34276778654645046,5132
夜 12 時から 1 時間,0.34276778654645046,0.3467368504525324,2823
夜 12 時から 1 時間,0.3467368504525324,0.35075187395256796,2141
夜 12 時から 1 時間,0.35075187395256796,0.354813389233576,1617
夜 12 時から 1 時間,0.354813389233576,0.358921934645005,1174
夜 12 時から 1 時間,0.358921934645005,0.36307805477010174,896
夜 12 時から 1 時間,0.36307805477010174,0.36728230049808425,867
夜 12 時から 1 時間,0.36728230049808425,0.3715352290971728,920
夜 12 時から 1 時間,0.3715352290971728,0.3758374042884451,1221
夜 12 時から 1 時間,0.3758374042884451,0.38018939632056126,1352
夜 12 時から 1 時間,0.38018939632056126,0.3845917820453543,1486
夜 12 時から 1 時間,0.3845917820453543,0.3890451449942805,1489
夜 12 時から 1 時間,0.3890451449942805,0.393550075455778,1796
夜 12 時から 1 時間,0.393550075455778,0.3981071705534969,4429
夜 12 時から 1 時間,0.3981071705534969,0.40271703432545947,37366
夜 12 時から 1 時間,0.40271703432545947,0.4073802778041122,31731
夜 12 時から 1 時間,0.4073802778041122,0.4120975190973304,6635
夜 12 時から 1 時間,0.4120975190973304,0.41686938347033636,3569
夜 12 時から 1 時間,0.41686938347033636,0.4216965034285822,2354
夜 12 時から 1 時間,0.4216965034285822,0.42657951880159345,1585
夜 12 時から 1 時間,0.42657951880159345,0.431519076827765,1092
夜 12 時から 1 時間,0.431519076827765,0.43651583224016655,806
夜 12 時から 1 時間,0.43651583224016655,0.4415704473533121,576
夜 12 時から 1 時間,0.4415704473533121,0.4466835921509635,584
夜 12 時から 1 時間,0.4466835921509635,0.4518559443749217,626
夜 12 時から 1 時間,0.4518559443749217,0.4570881896148752,783
夜 12 時から 1 時間,0.4570881896148752,0.4623810213992613,1014
夜 12 時から 1 時間,0.4623810213992613,0.4677351412871981,3533
夜 12 時から 1 時間,0.4677351412871981,0.47315125896148125,8222
夜 12 時から 1 時間,0.47315125896148125,0.47863009232263803,2680
夜 12 時から 1 時間,0.47863009232263803,0.48417236758409987,2050
夜 12 時から 1 時間,0.48417236758409987,0.48977881936844564,1528
夜 12 時から 1 時間,0.48977881936844564,0.4954501908047905,849
夜 12 時から 1 時間,0.4954501908047905,0.5011872336272735,582
夜 12 時から 1 時間,0.5011872336272735,0.5069907082747045,475
夜 12 時から 1 時間,0.5069907082747045,0.5128613839913658,449
夜 12 時から 1 時間,0.5128613839913658,0.518800038928961,574
夜 12 時から 1 時間,0.518800038928961,0.5248074602497733,867
夜 12 時から 1 時間,0.5248074602497733,0.5308844442309879,1105
夜 12 時から 1 時間,0.5308844442309879,0.5370317963702532,5276
夜 12 時から 1 時間,0.5370317963702532,0.5432503314924325,3873
夜 12 時から 1 時間,0.5432503314924325,0.5495408738576248,1288
夜 12 時から 1 時間,0.5495408738576248,0.5559042572704048,857
夜 12 時から 1 時間,0.5559042572704048,0.5623413251903491,593
夜 12 時から 1 時間,0.5623413251903491,0.5688529308438425,378
夜 12 時から 1 時間,0.5688529308438425,0.5754399373371566,375
夜 12 時から 1 時間,0.5754399373371566,0.5821032177708722,442
夜 12 時から 1 時間,0.5821032177708722,0.5888436553555884,378
夜 12 時から 1 時間,0.5888436553555884,0.5956621435290109,599
夜 12 時から 1 時間,0.5956621435290109,0.6025595860743569,5457
夜 12 時から 1 時間,0.6025595860743569,0.6095368972401694,11782
夜 12 時から 1 時間,0.6095368972401694,0.6165950018614835,2446
夜 12 時から 1 時間,0.6165950018614835,0.6237348354824191,1209
夜 12 時から 1 時間,0.6237348354824191,0.6309573444801942,673
夜 12 時から 1 時間,0.6309573444801942,0.6382634861905483,458
夜 12 時から 1 時間,0.6382634861905483,0.6456542290346563,397
夜 12 時から 1 時間,0.6456542290346563,0.6531305526474716,416
夜 12 時から 1 時間,0.6531305526474716,0.6606934480075964,673
夜 12 時から 1 時間,0.6606934480075964,0.6683439175686162,2988
夜 12 時から 1 時間,0.6683439175686162,0.6760829753919819,10752
夜 12 時から 1 時間,0.6760829753919819,0.6839116472814306,3361
夜 12 時から 1 時間,0.6839116472814306,0.6918309709189363,2275
夜 12 時から 1 時間,0.6918309709189363,0.6998419960022745,1378
夜 12 時から 1 時間,0.6998419960022745,0.7079457843841374,708
夜 12 時から 1 時間,0.7079457843841374,0.7161434102129027,955
夜 12 時から 1 時間,0.7161434102129027,0.7244359600749891,1326
夜 12 時から 1 時間,0.7244359600749891,0.7328245331389045,2357
夜 12 時から 1 時間,0.7328245331389045,0.7413102413009192,10872
夜 12 時から 1 時間,0.7413102413009192,0.7498942093324559,3971
夜 12 時から 1 時間,0.7498942093324559,0.7585775750291851,2311
夜 12 時から 1 時間,0.7585775750291851,0.7673614893618186,1089
夜 12 時から 1 時間,0.7673614893618186,0.7762471166286927,774
夜 12 時から 1 時間,0.7762471166286927,0.7852356346100711,953
夜 12 時から 1 時間,0.7852356346100711,0.7943282347242822,996
夜 12 時から 1 時間,0.7943282347242822,0.803526122185616,7537
夜 12 時から 1 時間,0.803526122185616,0.8128305161640995,19124
夜 12 時から 1 時間,0.8128305161640995,0.8222426499470729,4303
夜 12 時から 1 時間,0.8222426499470729,0.8317637711026709,1911
夜 12 時から 1 時間,0.8317637711026709,0.8413951416451965,938
夜 12 時から 1 時間,0.8413951416451965,0.8511380382023759,730
夜 12 時から 1 時間,0.8511380382023759,0.8609937521846016,975
夜 12 時から 1 時間,0.8609937521846016,0.8709635899560796,5258
夜 12 時から 1 時間,0.8709635899560796,0.8810488730080147,9298
夜 12 時から 1 時間,0.8810488730080147,0.8912509381337477,3658
夜 12 時から 1 時間,0.8912509381337477,0.9015711376059571,1834
夜 12 時から 1 時間,0.9015711376059571,0.9120108393559115,866
夜 12 時から 1 時間,0.9120108393559115,0.9225714271547628,1227
夜 12 時から 1 時間,0.9225714271547628,0.9332543007969925,2031
夜 12 時から 1 時間,0.9332543007969925,0.9440608762859226,10390
夜 12 時から 1 時間,0.9440608762859226,0.9549925860214369,4022
夜 12 時から 1 時間,0.9549925860214369,0.9660508789898121,1686
夜 12 時から 1 時間,0.9660508789898121,0.9772372209558111,924
夜 12 時から 1 時間,0.9772372209558111,0.9885530946569411,1049
夜 12 時から 1 時間,0.9885530946569411,1.0,1523
夜 12 時から 1 時間,1.0,1.0115794542599004,19450
夜 12 時から 1 時間,1.0115794542599004,1.0232929922807537,6707
夜 12 時から 1 時間,1.0232929922807537,1.0351421666793452,2135
夜 12 時から 1 時間,1.0351421666793452,1.0471285480508985,1011
夜 12 時から 1 時間,1.0471285480508985,1.0592537251772898,1083
夜 12 時から 1 時間,1.0592537251772898,1.0715193052376049,3795
夜 12 時から 1 時間,1.0715193052376049,1.0839269140212038,9178
夜 12 時から 1 時間,1.0839269140212038,1.0964781961431873,3608
夜 12 時から 1 時間,1.0964781961431873,1.1091748152624008,1337
夜 12 時から 1 時間,1.1091748152624008,1.1220184543019653,1204
夜 12 時から 1 時間,1.1220184543019653,1.1350108156723142,2105
夜 12 時から 1 時間,1.1350108156723142,1.1481536214968842,8601
夜 12 時から 1 時間,1.1481536214968842,1.1614486138403415,3145
夜 12 時から 1 時間,1.1614486138403415,1.1748975549395304,1032
夜 12 時から 1 時間,1.1748975549395304,1.1885022274370214,890
夜 12 時から 1 時間,1.1885022274370214,1.2022644346174132,1482
夜 12 時から 1 時間,1.2022644346174132,1.2161860006463703,13108
夜 12 時から 1 時間,1.2161860006463703,1.2302687708123812,3482
夜 12 時から 1 時間,1.2302687708123812,1.244514611771387,1119
夜 12 時から 1 時間,1.244514611771387,1.2589254117941662,760
夜 12 時から 1 時間,1.2589254117941662,1.273503081016663,2808
夜 12 時から 1 時間,1.273503081016663,1.2882495516931323,5628
夜 12 時から 1 時間,1.2882495516931323,1.3031667784523,2230
夜 12 時から 1 時間,1.3031667784523,1.3182567385564101,842
夜 12 時から 1 時間,1.3182567385564101,1.333521432163324,1303
夜 12 時から 1 時間,1.333521432163324,1.348962882591656,6346
夜 12 時から 1 時間,1.348962882591656,1.3645831365889238,2540
夜 12 時から 1 時間,1.3645831365889238,1.3803842646028865,913
夜 12 時から 1 時間,1.3803842646028865,1.3963683610559363,880
夜 12 時から 1 時間,1.3963683610559363,1.4125375446227555,7517
夜 12 時から 1 時間,1.4125375446227555,1.4288939585111007,5248
夜 12 時から 1 時間,1.4288939585111007,1.4454397707459279,1259
夜 12 時から 1 時間,1.4454397707459279,1.4621771744567214,846
夜 12 時から 1 時間,1.4621771744567214,1.4791083881682072,4273
夜 12 時から 1 時間,1.4791083881682072,1.4962356560944359,3744
夜 12 時から 1 時間,1.4962356560944359,1.513561248436207,1380
夜 12 時から 1 時間,1.513561248436207,1.5310874616820318,1078
夜 12 時から 1 時間,1.5310874616820318,1.5488166189124797,4924
夜 12 時から 1 時間,1.5488166189124797,1.5667510701081502,2733
夜 12 時から 1 時間,1.5667510701081502,1.5848931924611174,972
夜 12 時から 1 時間,1.5848931924611174,1.6032453906900417,1006
夜 12 時から 1 時間,1.6032453906900417,1.6218100973589331,8301
夜 12 時から 1 時間,1.6218100973589331,1.6405897731995387,2295
夜 12 時から 1 時間,1.6405897731995387,1.659586907437563,813
夜 12 時から 1 時間,1.659586907437563,1.678804018122559,3082
夜 12 時から 1 時間,1.678804018122559,1.698243652461746,4037
夜 12 時から 1 時間,1.698243652461746,1.717908387157586,1209
夜 12 時から 1 時間,1.717908387157586,1.7378008287493762,1344
夜 12 時から 1 時間,1.7378008287493762,1.7579236139586967,5210
夜 12 時から 1 時間,1.7579236139586967,1.7782794100389228,1648
夜 12 時から 1 時間,1.7782794100389228,1.7988709151287912,864
夜 12 時から 1 時間,1.7988709151287912,1.8197008586099825,6429
夜 12 時から 1 時間,1.8197008586099825,1.8407720014689581,3149
夜 12 時から 1 時間,1.8407720014689581,1.8620871366628655,919
夜 12 時から 1 時間,1.8620871366628655,1.8836490894898021,3356
夜 12 時から 1 時間,1.8836490894898021,1.9054607179632443,3442
夜 12 時から 1 時間,1.9054607179632443,1.9275249131909367,1134
夜 12 時から 1 時間,1.9275249131909367,1.9498445997580496,3992
夜 12 時から 1 時間,1.9498445997580496,1.9724227361148534,3300
夜 12 時から 1 時間,1.9724227361148534,1.9952623149688828,1155
夜 12 時から 1 時間,1.9952623149688828,2.01836636368156,6028
夜 12 時から 1 時間,2.01836636368156,2.041737944669532,4619
夜 12 時から 1 時間,2.041737944669532,2.065380155810527,1166
夜 12 時から 1 時間,2.065380155810527,2.089296130854041,4889
夜 12 時から 1 時間,2.089296130854041,2.113489039836652,3028
夜 12 時から 1 時間,2.113489039836652,2.1379620895022327,1378
夜 12 時から 1 時間,2.1379620895022327,2.1627185237270243,5752
夜 12 時から 1 時間,2.1627185237270243,2.1877616239495516,1659
夜 12 時から 1 時間,2.1877616239495516,2.213094709605641,2627
夜 12 時から 1 時間,2.213094709605641,2.2387211385683377,5938
夜 12 時から 1 時間,2.2387211385683377,2.264644307593062,1192
夜 12 時から 1 時間,2.264644307593062,2.29086765276777,3502
夜 12 時から 1 時間,2.29086765276777,2.3173946499684797,2400
夜 12 時から 1 時間,2.3173946499684797,2.3442288153199273,1466
夜 12 時から 1 時間,2.3442288153199273,2.371373705661655,3999
夜 12 時から 1 時間,2.371373705661655,2.398832919019495,1096
夜 12 時から 1 時間,2.398832919019495,2.4266100950824145,5268
夜 12 時から 1 時間,2.4266100950824145,2.4547089156850337,2493
夜 12 時から 1 時間,2.4547089156850337,2.483133105295568,1993
夜 12 時から 1 時間,2.483133105295568,2.5118864315095824,3268
夜 12 時から 1 時間,2.5118864315095824,2.540972705549301,1277
夜 12 時から 1 時間,2.540972705549301,2.570395782768865,3901
夜 12 時から 1 時間,2.570395782768865,2.6001595631652776,1161
夜 12 時から 1 時間,2.6001595631652776,2.6302679918953813,4505
夜 12 時から 1 時間,2.6302679918953813,2.660725059798814,2015
夜 12 時から 1 時間,2.660725059798814,2.691534803926914,2493
夜 12 時から 1 時間,2.691534803926914,2.7227013080779154,2286
夜 12 時から 1 時間,2.7227013080779154,2.754228703338163,2446
夜 12 時から 1 時間,2.754228703338163,2.786121168629772,2534
夜 12 時から 1 時間,2.786121168629772,2.818382931264461,2204
夜 12 時から 1 時間,2.818382931264461,2.85101826750391,4053
夜 12 時から 1 時間,2.85101826750391,2.8840315031266117,1621
夜 12 時から 1 時間,2.8840315031266117,2.917427014001166,3588
夜 12 時から 1 時間,2.917427014001166,2.95120922666639,2596
夜 12 時から 1 時間,2.95120922666639,2.9853826189179573,5352
夜 12 時から 1 時間,2.9853826189179573,3.019951720402019,5348
夜 12 時から 1 時間,3.019951720402019,3.054921113215509,10191
夜 12 時から 1 時間,3.054921113215509,3.090295432513592,4412
夜 12 時から 1 時間,3.090295432513592,3.126079367123962,4768
夜 12 時から 1 時間,3.126079367123962,3.1622776601683795,3986
夜 12 時から 1 時間,3.1622776601683795,3.198895109691404,2688
夜 12 時から 1 時間,3.198895109691404,3.235936569296281,4413
夜 12 時から 1 時間,3.235936569296281,3.273406948788386,2169
夜 12 時から 1 時間,3.273406948788386,3.3113112148259076,3434
夜 12 時から 1 時間,3.3113112148259076,3.3496543915782793,1723
夜 12 時から 1 時間,3.3496543915782793,3.3884415613920207,3283
夜 12 時から 1 時間,3.3884415613920207,3.4276778654645046,2552
夜 12 時から 1 時間,3.4276778654645046,3.4673685045253237,2575
夜 12 時から 1 時間,3.4673685045253237,3.5075187395256795,2623
夜 12 時から 1 時間,3.5075187395256795,3.5481338923357604,1572
夜 12 時から 1 時間,3.5481338923357604,3.58921934645005,2894
夜 12 時から 1 時間,3.58921934645005,3.6307805477010175,2235
夜 12 時から 1 時間,3.6307805477010175,3.6728230049808426,2162
夜 12 時から 1 時間,3.6728230049808426,3.715352290971728,2644
夜 12 時から 1 時間,3.715352290971728,3.758374042884451,1806
夜 12 時から 1 時間,3.758374042884451,3.801893963205613,2309
夜 12 時から 1 時間,3.801893963205613,3.8459178204535434,3113
夜 12 時から 1 時間,3.8459178204535434,3.890451449942805,1715
夜 12 時から 1 時間,3.890451449942805,3.9355007545577805,2444
夜 12 時から 1 時間,3.9355007545577805,3.981071705534969,2925
夜 12 時から 1 時間,3.981071705534969,4.027170343254594,2179
夜 12 時から 1 時間,4.027170343254594,4.073802778041122,2979
夜 12 時から 1 時間,4.073802778041122,4.120975190973304,2665
夜 12 時から 1 時間,4.120975190973304,4.1686938347033635,2169
夜 12 時から 1 時間,4.1686938347033635,4.216965034285822,1881
夜 12 時から 1 時間,4.216965034285822,4.265795188015934,3317
夜 12 時から 1 時間,4.265795188015934,4.31519076827765,2433
夜 12 時から 1 時間,4.31519076827765,4.3651583224016655,2239
夜 12 時から 1 時間,4.3651583224016655,4.415704473533121,2129
夜 12 時から 1 時間,4.415704473533121,4.4668359215096345,2827
夜 12 時から 1 時間,4.4668359215096345,4.518559443749217,2056
夜 12 時から 1 時間,4.518559443749217,4.570881896148752,1966
夜 12 時から 1 時間,4.570881896148752,4.623810213992613,1651
夜 12 時から 1 時間,4.623810213992613,4.677351412871981,2673
夜 12 時から 1 時間,4.677351412871981,4.7315125896148125,2139
夜 12 時から 1 時間,4.7315125896148125,4.7863009232263805,2273
夜 12 時から 1 時間,4.7863009232263805,4.841723675840999,2181
夜 12 時から 1 時間,4.841723675840999,4.897788193684456,2280
夜 12 時から 1 時間,4.897788193684456,4.954501908047906,2460
夜 12 時から 1 時間,4.954501908047906,5.011872336272735,3146
夜 12 時から 1 時間,5.011872336272735,5.0699070827470445,3487
夜 12 時から 1 時間,5.0699070827470445,5.128613839913658,2952
夜 12 時から 1 時間,5.128613839913658,5.188000389289609,3052
夜 12 時から 1 時間,5.188000389289609,5.248074602497733,3176
夜 12 時から 1 時間,5.248074602497733,5.308844442309879,3348
夜 12 時から 1 時間,5.308844442309879,5.370317963702533,3976
夜 12 時から 1 時間,5.370317963702533,5.432503314924325,4490
夜 12 時から 1 時間,5.432503314924325,5.4954087385762485,4747
夜 12 時から 1 時間,5.4954087385762485,5.5590425727040484,3240
夜 12 時から 1 時間,5.5590425727040484,5.623413251903491,2817
夜 12 時から 1 時間,5.623413251903491,5.688529308438425,2946
夜 12 時から 1 時間,5.688529308438425,5.754399373371567,2614
夜 12 時から 1 時間,5.754399373371567,5.821032177708722,2746
夜 12 時から 1 時間,5.821032177708722,5.888436553555884,2862
夜 12 時から 1 時間,5.888436553555884,5.95662143529011,2828
夜 12 時から 1 時間,5.95662143529011,6.025595860743569,3823
夜 12 時から 1 時間,6.025595860743569,6.095368972401694,5398
夜 12 時から 1 時間,6.095368972401694,6.165950018614835,3442
夜 12 時から 1 時間,6.165950018614835,6.237348354824191,2531
夜 12 時から 1 時間,6.237348354824191,6.309573444801943,2173
夜 12 時から 1 時間,6.309573444801943,6.3826348619054825,2001
夜 12 時から 1 時間,6.3826348619054825,6.456542290346563,1991
夜 12 時から 1 時間,6.456542290346563,6.531305526474716,1741
夜 12 時から 1 時間,6.531305526474716,6.606934480075965,1741
夜 12 時から 1 時間,6.606934480075965,6.683439175686162,1628
夜 12 時から 1 時間,6.683439175686162,6.760829753919819,1410
夜 12 時から 1 時間,6.760829753919819,6.839116472814307,1585
夜 12 時から 1 時間,6.839116472814307,6.918309709189362,1598
夜 12 時から 1 時間,6.918309709189362,6.998419960022745,1665
夜 12 時から 1 時間,6.998419960022745,7.079457843841373,1532
夜 12 時から 1 時間,7.079457843841373,7.161434102129027,1357
夜 12 時から 1 時間,7.161434102129027,7.244359600749891,1347
夜 12 時から 1 時間,7.244359600749891,7.328245331389044,1494
夜 12 時から 1 時間,7.328245331389044,7.4131024130091925,1441
夜 12 時から 1 時間,7.4131024130091925,7.498942093324558,1410
夜 12 時から 1 時間,7.498942093324558,7.585775750291852,1331
夜 12 時から 1 時間,7.585775750291852,7.673614893618185,1538
夜 12 時から 1 時間,7.673614893618185,7.762471166286928,1397
夜 12 時から 1 時間,7.762471166286928,7.85235634610071,1445
夜 12 時から 1 時間,7.85235634610071,7.943282347242821,1479
夜 12 時から 1 時間,7.943282347242821,8.03526122185616,1810
夜 12 時から 1 時間,8.03526122185616,8.128305161640995,1553
夜 12 時から 1 時間,8.128305161640995,8.222426499470728,1502
夜 12 時から 1 時間,8.222426499470728,8.317637711026709,1308
夜 12 時から 1 時間,8.317637711026709,8.413951416451965,1503
夜 12 時から 1 時間,8.413951416451965,8.51138038202376,1338
夜 12 時から 1 時間,8.51138038202376,8.609937521846016,1417
夜 12 時から 1 時間,8.609937521846016,8.709635899560796,1300
夜 12 時から 1 時間,8.709635899560796,8.810488730080147,1248
夜 12 時から 1 時間,8.810488730080147,8.912509381337477,1322
夜 12 時から 1 時間,8.912509381337477,9.01571137605957,1576
夜 12 時から 1 時間,9.01571137605957,9.120108393559116,2439
夜 12 時から 1 時間,9.120108393559116,9.225714271547629,2323
夜 12 時から 1 時間,9.225714271547629,9.332543007969925,1463
夜 12 時から 1 時間,9.332543007969925,9.440608762859226,1472
夜 12 時から 1 時間,9.440608762859226,9.549925860214369,1460
夜 12 時から 1 時間,9.549925860214369,9.66050878989812,1306
夜 12 時から 1 時間,9.66050878989812,9.772372209558112,1440
夜 12 時から 1 時間,9.772372209558112,9.88553094656941,1391
夜 12 時から 1 時間,9.88553094656941,10.0,1711
夜 12 時から 1 時間,10.0,10.115794542599003,1994
夜 12 時から 1 時間,10.115794542599003,10.232929922807536,1682
夜 12 時から 1 時間,10.232929922807536,10.35142166679345,1818
夜 12 時から 1 時間,10.35142166679345,10.471285480508985,2686
夜 12 時から 1 時間,10.471285480508985,10.592537251772898,2124
夜 12 時から 1 時間,10.592537251772898,10.715193052376048,1997
夜 12 時から 1 時間,10.715193052376048,10.83926914021204,2470
夜 12 時から 1 時間,10.83926914021204,10.964781961431873,2232
夜 12 時から 1 時間,10.964781961431873,11.091748152624008,1790
夜 12 時から 1 時間,11.091748152624008,11.220184543019652,1578
夜 12 時から 1 時間,11.220184543019652,11.350108156723143,1505
夜 12 時から 1 時間,11.350108156723143,11.481536214968841,1364
夜 12 時から 1 時間,11.481536214968841,11.614486138403414,1417
夜 12 時から 1 時間,11.614486138403414,11.748975549395302,1253
夜 12 時から 1 時間,11.748975549395302,11.885022274370213,1344
夜 12 時から 1 時間,11.885022274370213,12.02264434617413,1614
夜 12 時から 1 時間,12.02264434617413,12.161860006463703,2175
夜 12 時から 1 時間,12.161860006463703,12.30268770812381,1425
夜 12 時から 1 時間,12.30268770812381,12.44514611771387,1164
夜 12 時から 1 時間,12.44514611771387,12.589254117941662,1050
夜 12 時から 1 時間,12.589254117941662,12.735030810166629,1088
夜 12 時から 1 時間,12.735030810166629,12.882495516931323,1138
夜 12 時から 1 時間,12.882495516931323,13.031667784523,1087
夜 12 時から 1 時間,13.031667784523,13.1825673855641,1077
夜 12 時から 1 時間,13.1825673855641,13.33521432163324,1013
夜 12 時から 1 時間,13.33521432163324,13.48962882591656,1031
夜 12 時から 1 時間,13.48962882591656,13.645831365889238,899
夜 12 時から 1 時間,13.645831365889238,13.803842646028867,1041
夜 12 時から 1 時間,13.803842646028867,13.963683610559363,1066
夜 12 時から 1 時間,13.963683610559363,14.125375446227554,1313
夜 12 時から 1 時間,14.125375446227554,14.288939585111008,1107
夜 12 時から 1 時間,14.288939585111008,14.45439770745928,1065
夜 12 時から 1 時間,14.45439770745928,14.621771744567212,1049
夜 12 時から 1 時間,14.621771744567212,14.791083881682072,1091
夜 12 時から 1 時間,14.791083881682072,14.96235656094436,1067
夜 12 時から 1 時間,14.96235656094436,15.135612484362072,1556
夜 12 時から 1 時間,15.135612484362072,15.31087461682032,1465
夜 12 時から 1 時間,15.31087461682032,15.488166189124795,2046
夜 12 時から 1 時間,15.488166189124795,15.6675107010815,1574
夜 12 時から 1 時間,15.6675107010815,15.848931924611174,1364
夜 12 時から 1 時間,15.848931924611174,16.032453906900418,1500
夜 12 時から 1 時間,16.032453906900418,16.218100973589333,1346
夜 12 時から 1 時間,16.218100973589333,16.40589773199539,1257
夜 12 時から 1 時間,16.40589773199539,16.59586907437563,1097
夜 12 時から 1 時間,16.59586907437563,16.78804018122559,964
夜 12 時から 1 時間,16.78804018122559,16.98243652461746,988
夜 12 時から 1 時間,16.98243652461746,17.17908387157586,937
夜 12 時から 1 時間,17.17908387157586,17.378008287493763,912
夜 12 時から 1 時間,17.378008287493763,17.579236139586968,920
夜 12 時から 1 時間,17.579236139586968,17.78279410038923,906
夜 12 時から 1 時間,17.78279410038923,17.98870915128791,1063
夜 12 時から 1 時間,17.98870915128791,18.197008586099827,1264
夜 12 時から 1 時間,18.197008586099827,18.40772001468958,1034
夜 12 時から 1 時間,18.40772001468958,18.620871366628656,951
夜 12 時から 1 時間,18.620871366628656,18.83649089489802,933
夜 12 時から 1 時間,18.83649089489802,19.054607179632445,960
夜 12 時から 1 時間,19.054607179632445,19.275249131909366,905
夜 12 時から 1 時間,19.275249131909366,19.498445997580493,900
夜 12 時から 1 時間,19.498445997580493,19.724227361148536,1106
夜 12 時から 1 時間,19.724227361148536,19.95262314968883,985
夜 12 時から 1 時間,19.95262314968883,20.183663636815595,1211
夜 12 時から 1 時間,20.183663636815595,20.417379446695318,1043
夜 12 時から 1 時間,20.417379446695318,20.65380155810527,1284
夜 12 時から 1 時間,20.65380155810527,20.892961308540407,946
夜 12 時から 1 時間,20.892961308540407,21.13489039836652,1060
夜 12 時から 1 時間,21.13489039836652,21.379620895022324,1131
夜 12 時から 1 時間,21.379620895022324,21.627185237270247,1020
夜 12 時から 1 時間,21.627185237270247,21.87761623949552,988
夜 12 時から 1 時間,21.87761623949552,22.13094709605641,1075
夜 12 時から 1 時間,22.13094709605641,22.38721138568338,1028
夜 12 時から 1 時間,22.38721138568338,22.64644307593062,1045
夜 12 時から 1 時間,22.64644307593062,22.908676527677702,931
夜 12 時から 1 時間,22.908676527677702,23.173946499684796,859
夜 12 時から 1 時間,23.173946499684796,23.442288153199275,724
夜 12 時から 1 時間,23.442288153199275,23.71373705661655,746
夜 12 時から 1 時間,23.71373705661655,23.988329190194946,782
夜 12 時から 1 時間,23.988329190194946,24.266100950824143,882
夜 12 時から 1 時間,24.266100950824143,24.547089156850337,730
夜 12 時から 1 時間,24.547089156850337,24.83133105295568,774
夜 12 時から 1 時間,24.83133105295568,25.11886431509582,871
夜 12 時から 1 時間,25.11886431509582,25.40972705549301,877
夜 12 時から 1 時間,25.40972705549301,25.703957827688647,1017
夜 12 時から 1 時間,25.703957827688647,26.001595631652773,934
夜 12 時から 1 時間,26.001595631652773,26.302679918953814,843
夜 12 時から 1 時間,26.302679918953814,26.60725059798814,827
夜 12 時から 1 時間,26.60725059798814,26.91534803926914,848
夜 12 時から 1 時間,26.91534803926914,27.227013080779155,788
夜 12 時から 1 時間,27.227013080779155,27.542287033381633,788
夜 12 時から 1 時間,27.542287033381633,27.86121168629772,657
夜 12 時から 1 時間,27.86121168629772,28.183829312644608,804
夜 12 時から 1 時間,28.183829312644608,28.510182675039097,701
夜 12 時から 1 時間,28.510182675039097,28.840315031266115,699
夜 12 時から 1 時間,28.840315031266115,29.17427014001166,730
夜 12 時から 1 時間,29.17427014001166,29.5120922666639,1174
夜 12 時から 1 時間,29.5120922666639,29.85382618917957,978
夜 12 時から 1 時間,29.85382618917957,30.199517204020193,1946
夜 12 時から 1 時間,30.199517204020193,30.549211132155094,1241
夜 12 時から 1 時間,30.549211132155094,30.90295432513592,890
夜 12 時から 1 時間,30.90295432513592,31.26079367123962,928
夜 12 時から 1 時間,31.26079367123962,31.622776601683793,808
夜 12 時から 1 時間,31.622776601683793,31.988951096914036,873
夜 12 時から 1 時間,31.988951096914036,32.35936569296281,802
夜 12 時から 1 時間,32.35936569296281,32.734069487883865,696
夜 12 時から 1 時間,32.734069487883865,33.11311214825908,752
夜 12 時から 1 時間,33.11311214825908,33.496543915782794,770
夜 12 時から 1 時間,33.496543915782794,33.884415613920204,758
夜 12 時から 1 時間,33.884415613920204,34.27677865464505,814
夜 12 時から 1 時間,34.27677865464505,34.67368504525324,676
夜 12 時から 1 時間,34.67368504525324,35.0751873952568,658
夜 12 時から 1 時間,35.0751873952568,35.481338923357605,858
夜 12 時から 1 時間,35.481338923357605,35.8921934645005,740
夜 12 時から 1 時間,35.8921934645005,36.30780547701018,743
夜 12 時から 1 時間,36.30780547701018,36.728230049808424,680
夜 12 時から 1 時間,36.728230049808424,37.15352290971728,613
夜 12 時から 1 時間,37.15352290971728,37.58374042884451,714
夜 12 時から 1 時間,37.58374042884451,38.018939632056124,840
夜 12 時から 1 時間,38.018939632056124,38.459178204535434,638
夜 12 時から 1 時間,38.459178204535434,38.904514499428046,579
夜 12 時から 1 時間,38.904514499428046,39.355007545577806,573
夜 12 時から 1 時間,39.355007545577806,39.81071705534969,500
夜 12 時から 1 時間,39.81071705534969,40.27170343254595,761
夜 12 時から 1 時間,40.27170343254595,40.73802778041122,670
夜 12 時から 1 時間,40.73802778041122,41.20975190973304,574
夜 12 時から 1 時間,41.20975190973304,41.68693834703364,532
夜 12 時から 1 時間,41.68693834703364,42.169650342858226,630
夜 12 時から 1 時間,42.169650342858226,42.657951880159345,542
夜 12 時から 1 時間,42.657951880159345,43.1519076827765,526
夜 12 時から 1 時間,43.1519076827765,43.651583224016655,541
夜 12 時から 1 時間,43.651583224016655,44.157044735331205,524
夜 12 時から 1 時間,44.157044735331205,44.668359215096345,425
夜 12 時から 1 時間,44.668359215096345,45.18559443749217,602
夜 12 時から 1 時間,45.18559443749217,45.708818961487516,662
夜 12 時から 1 時間,45.708818961487516,46.23810213992613,642
夜 12 時から 1 時間,46.23810213992613,46.77351412871981,489
夜 12 時から 1 時間,46.77351412871981,47.315125896148125,535
夜 12 時から 1 時間,47.315125896148125,47.863009232263806,540
夜 12 時から 1 時間,47.863009232263806,48.41723675840999,594
夜 12 時から 1 時間,48.41723675840999,48.97788193684456,699
夜 12 時から 1 時間,48.97788193684456,49.54501908047905,567
夜 12 時から 1 時間,49.54501908047905,50.11872336272735,568
夜 12 時から 1 時間,50.11872336272735,50.69907082747044,717
夜 12 時から 1 時間,50.69907082747044,51.28613839913659,566
夜 12 時から 1 時間,51.28613839913659,51.88000389289609,471
夜 12 時から 1 時間,51.88000389289609,52.480746024977336,481
夜 12 時から 1 時間,52.480746024977336,53.08844442309879,475
夜 12 時から 1 時間,53.08844442309879,53.70317963702533,457
夜 12 時から 1 時間,53.70317963702533,54.32503314924325,532
夜 12 時から 1 時間,54.32503314924325,54.954087385762485,504
夜 12 時から 1 時間,54.954087385762485,55.59042572704048,603
夜 12 時から 1 時間,55.59042572704048,56.23413251903491,588
夜 12 時から 1 時間,56.23413251903491,56.885293084384244,458
夜 12 時から 1 時間,56.885293084384244,57.543993733715666,438
夜 12 時から 1 時間,57.543993733715666,58.210321777087216,465
夜 12 時から 1 時間,58.210321777087216,58.88436553555884,497
夜 12 時から 1 時間,58.88436553555884,59.56621435290109,597
夜 12 時から 1 時間,59.56621435290109,60.25595860743569,1259
夜 12 時から 1 時間,60.25595860743569,60.95368972401694,1002
夜 12 時から 1 時間,60.95368972401694,61.65950018614835,530
夜 12 時から 1 時間,61.65950018614835,62.373483548241914,490
夜 12 時から 1 時間,62.373483548241914,63.09573444801943,455
夜 12 時から 1 時間,63.09573444801943,63.826348619054826,432
夜 12 時から 1 時間,63.826348619054826,64.56542290346563,500
夜 12 時から 1 時間,64.56542290346563,65.31305526474716,553
夜 12 時から 1 時間,65.31305526474716,66.06934480075964,628
夜 12 時から 1 時間,66.06934480075964,66.83439175686162,442
夜 12 時から 1 時間,66.83439175686162,67.60829753919819,459
夜 12 時から 1 時間,67.60829753919819,68.39116472814307,422
夜 12 時から 1 時間,68.39116472814307,69.18309709189363,349
夜 12 時から 1 時間,69.18309709189363,69.98419960022746,414
夜 12 時から 1 時間,69.98419960022746,70.79457843841374,548
夜 12 時から 1 時間,70.79457843841374,71.61434102129027,464
夜 12 時から 1 時間,71.61434102129027,72.44359600749891,431
夜 12 時から 1 時間,72.44359600749891,73.28245331389044,356
夜 12 時から 1 時間,73.28245331389044,74.13102413009192,350
夜 12 時から 1 時間,74.13102413009192,74.98942093324558,395
夜 12 時から 1 時間,74.98942093324558,75.85775750291852,517
夜 12 時から 1 時間,75.85775750291852,76.73614893618186,413
夜 12 時から 1 時間,76.73614893618186,77.62471166286927,335
夜 12 時から 1 時間,77.62471166286927,78.5235634610071,343
夜 12 時から 1 時間,78.5235634610071,79.43282347242821,304
夜 12 時から 1 時間,79.43282347242821,80.3526122185616,330
夜 12 時から 1 時間,80.3526122185616,81.28305161640995,610
夜 12 時から 1 時間,81.28305161640995,82.22426499470728,870
夜 12 時から 1 時間,82.22426499470728,83.17637711026708,612
夜 12 時から 1 時間,83.17637711026708,84.13951416451965,453
夜 12 時から 1 時間,84.13951416451965,85.11380382023759,465
夜 12 時から 1 時間,85.11380382023759,86.09937521846017,540
夜 12 時から 1 時間,86.09937521846017,87.09635899560796,346
夜 12 時から 1 時間,87.09635899560796,88.10488730080147,297
夜 12 時から 1 時間,88.10488730080147,89.12509381337478,272
夜 12 時から 1 時間,89.12509381337478,90.1571137605957,342
夜 12 時から 1 時間,90.1571137605957,91.20108393559116,446
夜 12 時から 1 時間,91.20108393559116,92.25714271547629,341
夜 12 時から 1 時間,92.25714271547629,93.32543007969925,313
夜 12 時から 1 時間,93.32543007969925,94.40608762859226,288
夜 12 時から 1 時間,94.40608762859226,95.49925860214368,319
夜 12 時から 1 時間,95.49925860214368,96.60508789898121,446
夜 12 時から 1 時間,96.60508789898121,97.72372209558111,300
夜 12 時から 1 時間,97.72372209558111,98.8553094656941,250
夜 12 時から 1 時間,98.8553094656941,100.0,263
夜 12 時から 1 時間,100.0,101.15794542599004,375
夜 12 時から 1 時間,101.15794542599004,102.32929922807536,317
夜 12 時から 1 時間,102.32929922807536,103.51421666793452,307
夜 12 時から 1 時間,103.51421666793452,104.71285480508985,248
夜 12 時から 1 時間,104.71285480508985,105.92537251772897,282
夜 12 時から 1 時間,105.92537251772897,107.15193052376048,309
夜 12 時から 1 時間,107.15193052376048,108.39269140212039,336
夜 12 時から 1 時間,108.39269140212039,109.64781961431873,236
夜 12 時から 1 時間,109.64781961431873,110.9174815262401,356
夜 12 時から 1 時間,110.9174815262401,112.20184543019653,297
夜 12 時から 1 時間,112.20184543019653,113.50108156723144,277
夜 12 時から 1 時間,113.50108156723144,114.81536214968841,278
夜 12 時から 1 時間,114.81536214968841,116.14486138403414,284
夜 12 時から 1 時間,116.14486138403414,117.48975549395303,216
夜 12 時から 1 時間,117.48975549395303,118.85022274370213,240
夜 12 時から 1 時間,118.85022274370213,120.22644346174131,506
夜 12 時から 1 時間,120.22644346174131,121.61860006463704,338
夜 12 時から 1 時間,121.61860006463704,123.02687708123811,233
夜 12 時から 1 時間,123.02687708123811,124.4514611771387,239
夜 12 時から 1 時間,124.4514611771387,125.89254117941663,266
夜 12 時から 1 時間,125.89254117941663,127.3503081016663,241
夜 12 時から 1 時間,127.3503081016663,128.82495516931323,221
夜 12 時から 1 時間,128.82495516931323,130.31667784523,273
夜 12 時から 1 時間,130.31667784523,131.825673855641,233
夜 12 時から 1 時間,131.825673855641,133.3521432163324,189
夜 12 時から 1 時間,133.3521432163324,134.8962882591656,179
夜 12 時から 1 時間,134.8962882591656,136.4583136588924,241
夜 12 時から 1 時間,136.4583136588924,138.03842646028866,216
夜 12 時から 1 時間,138.03842646028866,139.63683610559363,181
夜 12 時から 1 時間,139.63683610559363,141.25375446227554,327
夜 12 時から 1 時間,141.25375446227554,142.88939585111007,207
夜 12 時から 1 時間,142.88939585111007,144.5439770745928,199
夜 12 時から 1 時間,144.5439770745928,146.21771744567212,292
夜 12 時から 1 時間,146.21771744567212,147.91083881682073,172
夜 12 時から 1 時間,147.91083881682073,149.62356560944357,151
夜 12 時から 1 時間,149.62356560944357,151.3561248436207,332
夜 12 時から 1 時間,151.3561248436207,153.1087461682032,174
夜 12 時から 1 時間,153.1087461682032,154.88166189124794,148
夜 12 時から 1 時間,154.88166189124794,156.67510701081503,274
夜 12 時から 1 時間,156.67510701081503,158.48931924611173,192
夜 12 時から 1 時間,158.48931924611173,160.32453906900417,157
夜 12 時から 1 時間,160.32453906900417,162.18100973589333,204
夜 12 時から 1 時間,162.18100973589333,164.05897731995387,149
夜 12 時から 1 時間,164.05897731995387,165.9586907437563,162
夜 12 時から 1 時間,165.9586907437563,167.88040181225588,197
夜 12 時から 1 時間,167.88040181225588,169.8243652461746,157
夜 12 時から 1 時間,169.8243652461746,171.79083871575858,185
夜 12 時から 1 時間,171.79083871575858,173.78008287493762,169
夜 12 時から 1 時間,173.78008287493762,175.79236139586968,168
夜 12 時から 1 時間,175.79236139586968,177.82794100389228,201
夜 12 時から 1 時間,177.82794100389228,179.8870915128791,172
夜 12 時から 1 時間,179.8870915128791,181.97008586099827,280
夜 12 時から 1 時間,181.97008586099827,184.07720014689582,187
夜 12 時から 1 時間,184.07720014689582,186.20871366628657,139
夜 12 時から 1 時間,186.20871366628657,188.3649089489802,169
夜 12 時から 1 時間,188.3649089489802,190.54607179632444,167
夜 12 時から 1 時間,190.54607179632444,192.75249131909365,155
夜 12 時から 1 時間,192.75249131909365,194.98445997580495,158
夜 12 時から 1 時間,194.98445997580495,197.24227361148533,153
夜 12 時から 1 時間,197.24227361148533,199.5262314968883,143
夜 12 時から 1 時間,199.5262314968883,201.83663636815598,155
夜 12 時から 1 時間,201.83663636815598,204.17379446695315,128
夜 12 時から 1 時間,204.17379446695315,206.5380155810527,181
夜 12 時から 1 時間,206.5380155810527,208.92961308540407,104
夜 12 時から 1 時間,208.92961308540407,211.3489039836652,166
夜 12 時から 1 時間,211.3489039836652,213.79620895022325,147
夜 12 時から 1 時間,213.79620895022325,216.27185237270245,188
夜 12 時から 1 時間,216.27185237270245,218.77616239495518,132
夜 12 時から 1 時間,218.77616239495518,221.30947096056408,177
夜 12 時から 1 時間,221.30947096056408,223.87211385683378,130
夜 12 時から 1 時間,223.87211385683378,226.4644307593062,120
夜 12 時から 1 時間,226.4644307593062,229.08676527677702,132
夜 12 時から 1 時間,229.08676527677702,231.73946499684797,134
夜 12 時から 1 時間,231.73946499684797,234.42288153199274,102
夜 12 時から 1 時間,234.42288153199274,237.13737056616552,154
夜 12 時から 1 時間,237.13737056616552,239.8832919019495,230
夜 12 時から 1 時間,239.8832919019495,242.66100950824142,422
夜 12 時から 1 時間,242.66100950824142,245.47089156850336,99
夜 12 時から 1 時間,245.47089156850336,248.3133105295568,109
夜 12 時から 1 時間,248.3133105295568,251.18864315095823,98
夜 12 時から 1 時間,251.18864315095823,254.09727055493013,124
夜 12 時から 1 時間,254.09727055493013,257.03957827688646,126
夜 12 時から 1 時間,257.03957827688646,260.01595631652776,90
夜 12 時から 1 時間,260.01595631652776,263.02679918953817,99
夜 12 時から 1 時間,263.02679918953817,266.0725059798814,95
夜 12 時から 1 時間,266.0725059798814,269.1534803926914,95
夜 12 時から 1 時間,269.1534803926914,272.27013080779153,93
夜 12 時から 1 時間,272.27013080779153,275.4228703338163,86
夜 12 時から 1 時間,275.4228703338163,278.61211686297725,111
夜 12 時から 1 時間,278.61211686297725,281.83829312644605,86
夜 12 時から 1 時間,281.83829312644605,285.10182675039096,89
夜 12 時から 1 時間,285.10182675039096,288.4031503126612,86
夜 12 時から 1 時間,288.4031503126612,291.7427014001166,110
夜 12 時から 1 時間,291.7427014001166,295.120922666639,83
夜 12 時から 1 時間,295.120922666639,298.53826189179574,89
夜 12 時から 1 時間,298.53826189179574,301.9951720402019,199
夜 12 時から 1 時間,301.9951720402019,305.4921113215509,84
夜 12 時から 1 時間,305.4921113215509,309.0295432513592,73
夜 12 時から 1 時間,309.0295432513592,312.6079367123962,93
夜 12 時から 1 時間,312.6079367123962,316.22776601683796,81
夜 12 時から 1 時間,316.22776601683796,319.88951096914036,93
夜 12 時から 1 時間,319.88951096914036,323.5936569296281,99
夜 12 時から 1 時間,323.5936569296281,327.34069487883863,92
夜 12 時から 1 時間,327.34069487883863,331.13112148259074,124
夜 12 時から 1 時間,331.13112148259074,334.9654391578279,91
夜 12 時から 1 時間,334.9654391578279,338.844156139202,76
夜 12 時から 1 時間,338.844156139202,342.76778654645045,79
夜 12 時から 1 時間,342.76778654645045,346.7368504525324,95
夜 12 時から 1 時間,346.7368504525324,350.75187395256796,104
夜 12 時から 1 時間,350.75187395256796,354.81338923357606,66
夜 12 時から 1 時間,354.81338923357606,358.92193464500497,68
夜 12 時から 1 時間,358.92193464500497,363.07805477010174,117
夜 12 時から 1 時間,363.07805477010174,367.2823004980842,73
夜 12 時から 1 時間,367.2823004980842,371.53522909717276,73
夜 12 時から 1 時間,371.53522909717276,375.8374042884451,58
夜 12 時から 1 時間,375.8374042884451,380.1893963205613,65
夜 12 時から 1 時間,380.1893963205613,384.5917820453543,46
夜 12 時から 1 時間,384.5917820453543,389.04514499428046,52
夜 12 時から 1 時間,389.04514499428046,393.550075455778,53
夜 12 時から 1 時間,393.550075455778,398.1071705534969,82
夜 12 時から 1 時間,398.1071705534969,402.7170343254595,140
夜 12 時から 1 時間,402.7170343254595,407.3802778041122,59
夜 12 時から 1 時間,407.3802778041122,412.0975190973304,73
夜 12 時から 1 時間,412.0975190973304,416.86938347033634,69
夜 12 時から 1 時間,416.86938347033634,421.6965034285823,99
夜 12 時から 1 時間,421.6965034285823,426.57951880159345,76
夜 12 時から 1 時間,426.57951880159345,431.519076827765,56
夜 12 時から 1 時間,431.519076827765,436.51583224016656,36
夜 12 時から 1 時間,436.51583224016656,441.5704473533121,69
夜 12 時から 1 時間,441.5704473533121,446.6835921509635,53
夜 12 時から 1 時間,446.6835921509635,451.8559443749217,43
夜 12 時から 1 時間,451.8559443749217,457.0881896148752,39
夜 12 時から 1 時間,457.0881896148752,462.3810213992613,52
夜 12 時から 1 時間,462.3810213992613,467.73514128719813,58
夜 12 時から 1 時間,467.73514128719813,473.15125896148123,43
夜 12 時から 1 時間,473.15125896148123,478.630092322638,50
夜 12 時から 1 時間,478.630092322638,484.1723675840999,165
夜 12 時から 1 時間,484.1723675840999,489.7788193684456,56
夜 12 時から 1 時間,489.7788193684456,495.45019080479057,37
夜 12 時から 1 時間,495.45019080479057,501.18723362727354,58
夜 12 時から 1 時間,501.18723362727354,506.99070827470445,44
夜 12 時から 1 時間,506.99070827470445,512.8613839913659,55
夜 12 時から 1 時間,512.8613839913659,518.8000389289609,52
夜 12 時から 1 時間,518.8000389289609,524.8074602497734,57
夜 12 時から 1 時間,524.8074602497734,530.8844442309879,59
夜 12 時から 1 時間,530.8844442309879,537.0317963702532,48
夜 12 時から 1 時間,537.0317963702532,543.2503314924325,97
夜 12 時から 1 時間,543.2503314924325,549.5408738576248,51
夜 12 時から 1 時間,549.5408738576248,555.9042572704049,42
夜 12 時から 1 時間,555.9042572704049,562.341325190349,38
夜 12 時から 1 時間,562.341325190349,568.8529308438425,47
夜 12 時から 1 時間,568.8529308438425,575.4399373371566,58
夜 12 時から 1 時間,575.4399373371566,582.1032177708722,37
夜 12 時から 1 時間,582.1032177708722,588.8436553555883,45
夜 12 時から 1 時間,588.8436553555883,595.6621435290109,36
夜 12 時から 1 時間,595.6621435290109,602.5595860743568,89
夜 12 時から 1 時間,602.5595860743568,609.5368972401693,85
夜 12 時から 1 時間,609.5368972401693,616.5950018614835,47
夜 12 時から 1 時間,616.5950018614835,623.7348354824192,52
夜 12 時から 1 時間,623.7348354824192,630.9573444801943,45
夜 12 時から 1 時間,630.9573444801943,638.2634861905483,33
夜 12 時から 1 時間,638.2634861905483,645.6542290346563,32
夜 12 時から 1 時間,645.6542290346563,653.1305526474716,41
夜 12 時から 1 時間,653.1305526474716,660.6934480075964,57
夜 12 時から 1 時間,660.6934480075964,668.3439175686162,36
夜 12 時から 1 時間,668.3439175686162,676.0829753919819,53
夜 12 時から 1 時間,676.0829753919819,683.9116472814306,48
夜 12 時から 1 時間,683.9116472814306,691.8309709189363,34
夜 12 時から 1 時間,691.8309709189363,699.8419960022745,35
夜 12 時から 1 時間,699.8419960022745,707.9457843841374,32
夜 12 時から 1 時間,707.9457843841374,716.1434102129027,43
夜 12 時から 1 時間,716.1434102129027,724.4359600749891,110
夜 12 時から 1 時間,724.4359600749891,732.8245331389045,62
夜 12 時から 1 時間,732.8245331389045,741.3102413009192,38
夜 12 時から 1 時間,741.3102413009192,749.8942093324558,39
夜 12 時から 1 時間,749.8942093324558,758.5775750291851,42
夜 12 時から 1 時間,758.5775750291851,767.3614893618186,39
夜 12 時から 1 時間,767.3614893618186,776.2471166286928,55
夜 12 時から 1 時間,776.2471166286928,785.235634610071,58
夜 12 時から 1 時間,785.235634610071,794.3282347242822,29
夜 12 時から 1 時間,794.3282347242822,803.526122185616,29
夜 12 時から 1 時間,803.526122185616,812.8305161640995,38
夜 12 時から 1 時間,812.8305161640995,822.2426499470729,23
夜 12 時から 1 時間,822.2426499470729,831.7637711026708,27
夜 12 時から 1 時間,831.7637711026708,841.3951416451964,46
夜 12 時から 1 時間,841.3951416451964,851.1380382023759,34
夜 12 時から 1 時間,851.1380382023759,860.9937521846016,36
夜 12 時から 1 時間,860.9937521846016,870.9635899560797,30
夜 12 時から 1 時間,870.9635899560797,881.0488730080147,23
夜 12 時から 1 時間,881.0488730080147,891.2509381337477,22
夜 12 時から 1 時間,891.2509381337477,901.571137605957,102
夜 12 時から 1 時間,901.571137605957,912.0108393559116,23
夜 12 時から 1 時間,912.0108393559116,922.5714271547629,26
夜 12 時から 1 時間,922.5714271547629,933.2543007969924,19
夜 12 時から 1 時間,933.2543007969924,944.0608762859226,24
夜 12 時から 1 時間,944.0608762859226,954.9925860214369,21
夜 12 時から 1 時間,954.9925860214369,966.0508789898121,30
夜 12 時から 1 時間,966.0508789898121,977.2372209558112,15
夜 12 時から 1 時間,977.2372209558112,988.5530946569411,24
夜 12 時から 1 時間,988.5530946569411,1000.0,40
夜 12 時から 1 時間,1000.0,1011.5794542599003,23
夜 12 時から 1 時間,1011.5794542599003,1023.2929922807537,26
夜 12 時から 1 時間,1023.2929922807537,1035.142166679345,28
夜 12 時から 1 時間,1035.142166679345,1047.1285480508984,18
夜 12 時から 1 時間,1047.1285480508984,1059.2537251772897,25
夜 12 時から 1 時間,1059.2537251772897,1071.5193052376092,26
夜 12 時から 1 時間,1071.5193052376092,1083.9269140212039,37
夜 12 時から 1 時間,1083.9269140212039,1096.4781961431872,35
夜 12 時から 1 時間,1096.4781961431872,1109.174815262401,24
夜 12 時から 1 時間,1109.174815262401,1122.0184543019652,17
夜 12 時から 1 時間,1122.0184543019652,1135.0108156723143,23
夜 12 時から 1 時間,1135.0108156723143,1148.1536214968842,16
夜 12 時から 1 時間,1148.1536214968842,1161.4486138403415,32
夜 12 時から 1 時間,1161.4486138403415,1174.8975549395302,18
夜 12 時から 1 時間,1174.8975549395302,1188.5022274370212,28
夜 12 時から 1 時間,1188.5022274370212,1202.2644346174131,37
夜 12 時から 1 時間,1202.2644346174131,1216.1860006463703,21
夜 12 時から 1 時間,1216.1860006463703,1230.268770812381,20
夜 12 時から 1 時間,1230.268770812381,1244.5146117713869,13
夜 12 時から 1 時間,1244.5146117713869,1258.9254117941662,10
夜 12 時から 1 時間,1258.9254117941662,1273.503081016663,30
夜 12 時から 1 時間,1273.503081016663,1288.2495516931324,15
夜 12 時から 1 時間,1288.2495516931324,1303.1667784523,71
夜 12 時から 1 時間,1303.1667784523,1318.25673855641,25
夜 12 時から 1 時間,1318.25673855641,1333.521432163324,17
夜 12 時から 1 時間,1333.521432163324,1348.9628825916561,20
夜 12 時から 1 時間,1348.9628825916561,1364.583136588924,17
夜 12 時から 1 時間,1364.583136588924,1380.3842646028866,16
夜 12 時から 1 時間,1380.3842646028866,1396.3683610559362,22
夜 12 時から 1 時間,1396.3683610559362,1412.5375446227554,19
夜 12 時から 1 時間,1412.5375446227554,1428.8939585111066,22
夜 12 時から 1 時間,1428.8939585111066,1445.439770745928,19
夜 12 時から 1 時間,1445.439770745928,1462.1771744567213,12
夜 12 時から 1 時間,1462.1771744567213,1479.1083881682073,8
夜 12 時から 1 時間,1479.1083881682073,1496.2356560944359,9
夜 12 時から 1 時間,1496.2356560944359,1513.5612484362073,22
夜 12 時から 1 時間,1513.5612484362073,1531.087461682032,21
夜 12 時から 1 時間,1531.087461682032,1548.8166189124795,31
夜 12 時から 1 時間,1548.8166189124795,1566.75107010815,18
夜 12 時から 1 時間,1566.75107010815,1584.8931924611175,15
夜 12 時から 1 時間,1584.8931924611175,1603.2453906900419,14
夜 12 時から 1 時間,1603.2453906900419,1621.8100973589333,17
夜 12 時から 1 時間,1621.8100973589333,1640.5897731995387,21
夜 12 時から 1 時間,1640.5897731995387,1659.586907437563,9
夜 12 時から 1 時間,1659.586907437563,1678.804018122559,8
夜 12 時から 1 時間,1678.804018122559,1698.243652461746,21
夜 12 時から 1 時間,1698.243652461746,1717.9083871575858,13
夜 12 時から 1 時間,1717.9083871575858,1737.8008287493763,9
夜 12 時から 1 時間,1737.8008287493763,1757.9236139586967,13
夜 12 時から 1 時間,1757.9236139586967,1778.2794100389228,16
夜 12 時から 1 時間,1778.2794100389228,1798.870915128791,31
夜 12 時から 1 時間,1798.870915128791,1819.7008586099826,34
夜 12 時から 1 時間,1819.7008586099826,1840.7720014689583,20
夜 12 時から 1 時間,1840.7720014689583,1862.0871366628655,14
夜 12 時から 1 時間,1862.0871366628655,1883.649089489802,21
夜 12 時から 1 時間,1883.649089489802,1905.4607179632521,14
夜 12 時から 1 時間,1905.4607179632521,1927.5249131909366,13
夜 12 時から 1 時間,1927.5249131909366,1949.8445997580495,20
夜 12 時から 1 時間,1949.8445997580495,1972.4227361148535,14
夜 12 時から 1 時間,1972.4227361148535,1995.262314968883,14
夜 12 時から 1 時間,1995.262314968883,2018.3663636815597,5
夜 12 時から 1 時間,2018.3663636815597,2041.7379446695318,10
夜 12 時から 1 時間,2041.7379446695318,2065.380155810527,13
夜 12 時から 1 時間,2065.380155810527,2089.2961308540407,17
夜 12 時から 1 時間,2089.2961308540407,2113.489039836652,14
夜 12 時から 1 時間,2113.489039836652,2137.9620895022326,6
夜 12 時から 1 時間,2137.9620895022326,2162.7185237270246,20
夜 12 時から 1 時間,2162.7185237270246,2187.761623949552,23
夜 12 時から 1 時間,2187.761623949552,2213.094709605641,18
夜 12 時から 1 時間,2213.094709605641,2238.7211385683377,4
夜 12 時から 1 時間,2238.7211385683377,2264.644307593062,17
夜 12 時から 1 時間,2264.644307593062,2290.86765276777,6
夜 12 時から 1 時間,2290.86765276777,2317.39464996848,5
夜 12 時から 1 時間,2317.39464996848,2344.2288153199274,10
夜 12 時から 1 時間,2344.2288153199274,2371.373705661655,12
夜 12 時から 1 時間,2371.373705661655,2398.832919019495,12
夜 12 時から 1 時間,2398.832919019495,2426.6100950824143,15
夜 12 時から 1 時間,2426.6100950824143,2454.7089156850334,7
夜 12 時から 1 時間,2454.7089156850334,2483.133105295568,4
夜 12 時から 1 時間,2483.133105295568,2511.886431509582,8
夜 12 時から 1 時間,2511.886431509582,2540.9727055493117,8
夜 12 時から 1 時間,2540.9727055493117,2570.3957827688646,10
夜 12 時から 1 時間,2570.3957827688646,2600.1595631652776,11
夜 12 時から 1 時間,2600.1595631652776,2630.2679918953813,9
夜 12 時から 1 時間,2630.2679918953813,2660.725059798814,19
夜 12 時から 1 時間,2660.725059798814,2691.534803926914,21
夜 12 時から 1 時間,2691.534803926914,2722.7013080779157,7
夜 12 時から 1 時間,2722.7013080779157,2754.228703338163,12
夜 12 時から 1 時間,2754.228703338163,2786.121168629772,7
夜 12 時から 1 時間,2786.121168629772,2818.3829312644607,5
夜 12 時から 1 時間,2818.3829312644607,2851.0182675039096,3
夜 12 時から 1 時間,2851.0182675039096,2884.031503126612,9
夜 12 時から 1 時間,2884.031503126612,2917.427014001166,8
夜 12 時から 1 時間,2917.427014001166,2951.20922666639,1
夜 12 時から 1 時間,2951.20922666639,2985.382618917957,4
夜 12 時から 1 時間,2985.382618917957,3019.951720402019,19
夜 12 時から 1 時間,3019.951720402019,3054.921113215509,7
夜 12 時から 1 時間,3054.921113215509,3090.295432513592,7
夜 12 時から 1 時間,3090.295432513592,3126.079367123962,2
夜 12 時から 1 時間,3126.079367123962,3162.2776601683795,2
夜 12 時から 1 時間,3162.2776601683795,3198.895109691404,3
夜 12 時から 1 時間,3198.895109691404,3235.936569296281,5
夜 12 時から 1 時間,3235.936569296281,3273.406948788386,4
夜 12 時から 1 時間,3273.406948788386,3311.311214825908,5
夜 12 時から 1 時間,3311.311214825908,3349.6543915782795,8
夜 12 時から 1 時間,3349.6543915782795,3388.441561392034,3
夜 12 時から 1 時間,3388.441561392034,3427.6778654645045,2
夜 12 時から 1 時間,3427.6778654645045,3467.3685045253237,7
夜 12 時から 1 時間,3467.3685045253237,3507.5187395256794,1
夜 12 時から 1 時間,3548.1338923357603,3589.2193464500497,5
夜 12 時から 1 時間,3589.2193464500497,3630.7805477010174,16
夜 12 時から 1 時間,3630.7805477010174,3672.8230049808426,3
夜 12 時から 1 時間,3672.8230049808426,3715.3522909717276,4
夜 12 時から 1 時間,3715.3522909717276,3758.374042884451,1
夜 12 時から 1 時間,3758.374042884451,3801.8939632056126,4
夜 12 時から 1 時間,3801.8939632056126,3845.9178204535433,5
夜 12 時から 1 時間,3845.9178204535433,3890.4514499428046,5
夜 12 時から 1 時間,3890.4514499428046,3935.5007545577805,3
夜 12 時から 1 時間,3935.5007545577805,3981.071705534969,3
夜 12 時から 1 時間,3981.071705534969,4027.170343254595,4
夜 12 時から 1 時間,4027.170343254595,4073.802778041122,10
夜 12 時から 1 時間,4073.802778041122,4120.975190973304,10
夜 12 時から 1 時間,4120.975190973304,4168.693834703364,6
夜 12 時から 1 時間,4168.693834703364,4216.965034285822,9
夜 12 時から 1 時間,4216.965034285822,4265.795188015934,3
夜 12 時から 1 時間,4265.795188015934,4315.19076827765,4
夜 12 時から 1 時間,4315.19076827765,4365.158322401666,2
夜 12 時から 1 時間,4365.158322401666,4415.704473533121,16
夜 12 時から 1 時間,4415.704473533121,4466.835921509635,6
夜 12 時から 1 時間,4466.835921509635,4518.5594437492355,7
夜 12 時から 1 時間,4518.5594437492355,4570.881896148751,3
夜 12 時から 1 時間,4570.881896148751,4623.810213992613,23
夜 12 時から 1 時間,4623.810213992613,4677.351412871981,2
夜 12 時から 1 時間,4677.351412871981,4731.512589614813,2
夜 12 時から 1 時間,4731.512589614813,4786.30092322638,3
夜 12 時から 1 時間,4786.30092322638,4841.723675840999,4
夜 12 時から 1 時間,4841.723675840999,4897.788193684456,3
夜 12 時から 1 時間,4897.788193684456,4954.501908047905,11
夜 12 時から 1 時間,4954.501908047905,5011.872336272735,2
夜 12 時から 1 時間,5011.872336272735,5069.907082747044,12
夜 12 時から 1 時間,5069.907082747044,5128.613839913659,11
夜 12 時から 1 時間,5128.613839913659,5188.000389289609,2
夜 12 時から 1 時間,5188.000389289609,5248.074602497733,17
夜 12 時から 1 時間,5248.074602497733,5308.844442309879,2
夜 12 時から 1 時間,5308.844442309879,5370.317963702532,5
夜 12 時から 1 時間,5432.503314924325,5495.408738576249,3
夜 12 時から 1 時間,5495.408738576249,5559.042572704048,1
夜 12 時から 1 時間,5559.042572704048,5623.413251903491,12
夜 12 時から 1 時間,5623.413251903491,5688.529308438425,8
夜 12 時から 1 時間,5688.529308438425,5754.399373371566,101
夜 12 時から 1 時間,5754.399373371566,5821.032177708722,2
夜 12 時から 1 時間,5888.436553555884,5956.62143529011,103
夜 12 時から 1 時間,6095.368972401694,6165.950018614834,5
夜 12 時から 1 時間,6165.950018614834,6237.348354824191,1
夜 12 時から 1 時間,6237.348354824191,6309.573444801943,4
夜 12 時から 1 時間,6309.573444801943,6382.6348619054825,2
夜 12 時から 1 時間,6382.6348619054825,6456.542290346562,6
夜 12 時から 1 時間,6456.542290346562,6531.305526474716,2
夜 12 時から 1 時間,6531.305526474716,6606.9344800759645,6
夜 12 時から 1 時間,6606.9344800759645,6683.439175686162,9
夜 12 時から 1 時間,6683.439175686162,6760.829753919819,1
夜 12 時から 1 時間,6760.829753919819,6839.116472814307,1
夜 12 時から 1 時間,6839.116472814307,6918.309709189362,6
夜 12 時から 1 時間,6918.309709189362,6998.419960022746,22
夜 12 時から 1 時間,7079.457843841374,7161.434102129027,2
夜 12 時から 1 時間,7161.434102129027,7244.359600749891,3
夜 12 時から 1 時間,7244.359600749891,7328.245331389045,2
夜 12 時から 1 時間,7328.245331389045,7413.102413009192,5
夜 12 時から 1 時間,7413.102413009192,7498.942093324558,5
夜 12 時から 1 時間,7498.942093324558,7585.775750291851,4
夜 12 時から 1 時間,7585.775750291851,7673.614893618185,3
夜 12 時から 1 時間,7673.614893618185,7762.471166286928,7
夜 12 時から 1 時間,7762.471166286928,7852.35634610071,2
夜 12 時から 1 時間,7852.35634610071,7943.282347242822,1
夜 12 時から 1 時間,7943.282347242822,8035.2612218561935,2
夜 12 時から 1 時間,8035.2612218561935,8128.305161640995,2
夜 12 時から 1 時間,8413.951416451964,8511.380382023759,1
夜 12 時から 1 時間,8609.937521846015,8709.635899560797,5
夜 12 時から 1 時間,8709.635899560797,8810.488730080147,2
夜 12 時から 1 時間,9015.711376059571,9120.108393559116,2
夜 12 時から 1 時間,9225.71427154763,9332.543007969924,6
夜 12 時から 1 時間,9440.608762859227,9549.92586021437,1
夜 12 時から 1 時間,9549.92586021437,9660.508789898122,2
夜 12 時から 1 時間,10000.0,10115.794542599004,4
夜 12 時から 1 時間,10115.794542599004,10232.929922807536,8
夜 12 時から 1 時間,10351.421666793452,10471.285480508985,1
夜 12 時から 1 時間,10592.537251772897,10715.193052376093,2
夜 12 時から 1 時間,10715.193052376093,10839.269140212038,2
夜 12 時から 1 時間,11220.184543019654,11350.108156723143,1
夜 12 時から 1 時間,11350.108156723143,11481.53621496884,4
夜 12 時から 1 時間,11481.53621496884,11614.486138403414,1
夜 12 時から 1 時間,11614.486138403414,11748.975549395303,1
夜 12 時から 1 時間,11748.975549395303,11885.022274370214,4
夜 12 時から 1 時間,11885.022274370214,12022.644346174131,1
夜 12 時から 1 時間,12161.860006463703,12302.68770812381,1
夜 12 時から 1 時間,12445.14611771387,12589.254117941662,2
夜 12 時から 1 時間,12589.254117941662,12735.030810166629,2
夜 12 時から 1 時間,12882.495516931323,13031.667784523,3
夜 12 時から 1 時間,13031.667784523,13182.567385564102,7
夜 12 時から 1 時間,13489.628825916561,13645.831365889238,2
夜 12 時から 1 時間,13645.831365889238,13803.842646028867,17
夜 12 時から 1 時間,13803.842646028867,13963.683610559363,4
夜 12 時から 1 時間,13963.683610559363,14125.375446227554,2
夜 12 時から 1 時間,14125.375446227554,14288.939585111066,2
夜 12 時から 1 時間,14288.939585111066,14454.39770745928,1
夜 12 時から 1 時間,14454.39770745928,14621.771744567213,1
夜 12 時から 1 時間,14621.771744567213,14791.083881682072,54
夜 12 時から 1 時間,14791.083881682072,14962.35656094436,26
夜 12 時から 1 時間,14962.35656094436,15135.612484362071,4
夜 12 時から 1 時間,15488.166189124795,15667.5107010815,1
夜 12 時から 1 時間,15667.5107010815,15848.931924611174,3
夜 12 時から 1 時間,16032.453906900417,16218.100973589331,1
夜 12 時から 1 時間,16405.89773199539,16595.86907437563,1
夜 12 時から 1 時間,17179.08387157586,17378.00828749376,1
夜 12 時から 1 時間,17782.794100389227,17988.709151287912,1
夜 12 時から 1 時間,18620.871366628657,18836.49089489802,2
夜 12 時から 1 時間,20183.663636815596,20417.379446695315,2
夜 12 時から 1 時間,20892.96130854041,21134.89039836652,1
夜 12 時から 1 時間,21134.89039836652,21379.620895022323,13
夜 12 時から 1 時間,23442.288153199275,23713.737056616552,1
夜 12 時から 1 時間,25409.727055493116,25703.957827688646,1
夜 12 時から 1 時間,26001.595631652774,26302.679918953814,1
夜 12 時から 1 時間,26915.348039269138,27227.013080779154,1
夜 12 時から 1 時間,27227.013080779154,27542.28703338163,1
夜 12 時から 1 時間,27542.28703338163,27861.211686297724,1
夜 12 時から 1 時間,28183.829312644608,28510.182675039097,2
夜 12 時から 1 時間,28510.182675039097,28840.315031266116,1
夜 12 時から 1 時間,28840.315031266116,29174.27014001166,1
夜 12 時から 1 時間,29174.27014001166,29512.0922666639,2
夜 12 時から 1 時間,29512.0922666639,29853.82618917957,5
夜 12 時から 1 時間,30199.51720402019,30549.21113215509,6
夜 12 時から 1 時間,30549.21113215509,30902.95432513592,2
夜 12 時から 1 時間,30902.95432513592,31260.793671239622,1
夜 12 時から 1 時間,31260.793671239622,31622.776601683792,3
夜 12 時から 1 時間,32359.36569296281,32734.069487883862,1
夜 12 時から 1 時間,32734.069487883862,33113.112148259075,2
夜 12 時から 1 時間,33113.112148259075,33496.54391578279,2
夜 12 時から 1 時間,33496.54391578279,33884.41561392034,1
夜 12 時から 1 時間,33884.41561392034,34276.778654645044,2
夜 12 時から 1 時間,34276.778654645044,34673.68504525324,1
夜 12 時から 1 時間,34673.68504525324,35075.18739525679,2
夜 12 時から 1 時間,35075.18739525679,35481.3389233576,2
夜 12 時から 1 時間,35892.193464500495,36307.80547701017,2
夜 12 時から 1 時間,36307.80547701017,36728.23004980842,4
夜 12 時から 1 時間,36728.23004980842,37153.52290971728,2
夜 12 時から 1 時間,37153.52290971728,37583.74042884451,3
夜 12 時から 1 時間,38018.93963205613,38459.178204535434,1
夜 12 時から 1 時間,38459.178204535434,38904.51449942805,2
夜 12 時から 1 時間,39355.007545577806,39810.71705534969,2
夜 12 時から 1 時間,40271.703432545946,40738.02778041122,1
夜 12 時から 1 時間,40738.02778041122,41209.751909733044,2
夜 12 時から 1 時間,41209.751909733044,41686.93834703363,1
夜 12 時から 1 時間,43151.9076827765,43651.58322401666,51
夜 12 時から 1 時間,45185.59443749236,45708.818961487515,2
夜 12 時から 1 時間,45708.818961487515,46238.10213992613,1
夜 12 時から 1 時間,47315.12589614812,47863.0092322638,1
夜 12 時から 1 時間,47863.0092322638,48417.23675840999,1
夜 12 時から 1 時間,48417.23675840999,48977.88193684456,102
夜 12 時から 1 時間,48977.88193684456,49545.019080479055,2
夜 12 時から 1 時間,50699.070827470445,51286.13839913659,1
夜 12 時から 1 時間,51286.13839913659,51880.00389289609,1
夜 12 時から 1 時間,56885.29308438425,57543.993733715666,3
夜 12 時から 1 時間,58884.36553555884,59566.214352901094,1
夜 12 時から 1 時間,62373.483548241915,63095.73444801943,1
夜 12 時から 1 時間,64565.422903465624,65313.05526474716,1
夜 12 時から 1 時間,65313.05526474716,66069.34480075965,1
夜 12 時から 1 時間,66834.39175686163,67608.29753919819,1
夜 12 時から 1 時間,67608.29753919819,68391.16472814306,1
夜 12 時から 1 時間,68391.16472814306,69183.09709189362,9
夜 12 時から 1 時間,69183.09709189362,69984.19960022745,48
夜 12 時から 1 時間,69984.19960022745,70794.57843841374,5
夜 12 時から 1 時間,70794.57843841374,71614.34102129027,4
夜 12 時から 1 時間,71614.34102129027,72443.59600749891,2
夜 12 時から 1 時間,72443.59600749891,73282.45331389045,1
夜 12 時から 1 時間,73282.45331389045,74131.02413009192,1
夜 12 時から 1 時間,74131.02413009192,74989.42093324558,1
夜 12 時から 1 時間,75857.75750291851,76736.14893618185,2
夜 12 時から 1 時間,78523.5634610071,79432.82347242821,2
夜 12 時から 1 時間,80352.61221856193,81283.05161640995,2
夜 12 時から 1 時間,83176.37711026709,84139.51416451964,1
夜 12 時から 1 時間,84139.51416451964,85113.80382023759,1
夜 12 時から 1 時間,93325.43007969925,94406.08762859226,1
夜 12 時から 1 時間,95499.25860214369,96605.0878989812,1
夜 12 時から 1 時間,97723.72209558112,98855.30946569411,2
夜 12 時から 1 時間,116144.86138403414,117489.75549395304,1
夜 12 時から 1 時間,117489.75549395304,118850.22274370214,1
夜 12 時から 1 時間,121618.60006463704,123026.87708123811,2
夜 12 時から 1 時間,125892.54117941661,127350.30810166629,2
夜 12 時から 1 時間,154881.66189124796,156675.107010815,2
夜 12 時から 1 時間,156675.107010815,158489.31924611173,3
夜 12 時から 1 時間,158489.31924611173,160324.53906900418,1
夜 12 時から 1 時間,160324.53906900418,162181.0097358933,3
夜 12 時から 1 時間,164058.97731995388,165958.6907437563,1
夜 12 時から 1 時間,167880.4018122559,169824.3652461746,2
夜 12 時から 1 時間,171790.83871575858,173780.08287493762,1
夜 12 時から 1 時間,175792.36139586967,177827.94100389228,1
夜 12 時から 1 時間,179887.0915128791,181970.08586099825,2
夜 12 時から 1 時間,192752.49131909365,194984.45997580496,1
夜 12 時から 1 時間,211348.9039836652,213796.20895022326,1
夜 12 時から 1 時間,213796.20895022326,216271.85237270244,1
夜 12 時から 1 時間,221309.4709605641,223872.11385683378,1
夜 12 時から 1 時間,223872.11385683378,226464.43075930618,1
夜 12 時から 1 時間,239883.29190194947,242661.00950824143,1
夜 12 時から 1 時間,242661.00950824143,245470.89156850334,1
夜 12 時から 1 時間,248313.3105295568,251188.6431509582,3
夜 12 時から 1 時間,269153.4803926914,272270.13080779155,1
夜 12 時から 1 時間,278612.1168629772,281838.2931264461,2
夜 12 時から 1 時間,285101.826750391,288403.15031266114,1
夜 12 時から 1 時間,291742.7014001166,295120.92266663903,1
夜 12 時から 1 時間,295120.92266663903,298538.26189179573,1
夜 12 時から 1 時間,305492.1113215509,309029.5432513592,1
夜 12 時から 1 時間,323593.6569296281,327340.6948788386,1
夜 12 時から 1 時間,331131.1214825908,334965.43915782793,1
夜 12 時から 1 時間,354813.389233576,358921.934645005,15
夜 12 時から 1 時間,384591.7820453543,389045.1449942805,1
夜 12 時から 1 時間,407380.2778041122,412097.5190973304,1
夜 12 時から 1 時間,451855.94437492354,457088.1896148752,15
夜 12 時から 1 時間,462381.02139926126,467735.1412871981,1
夜 12 時から 1 時間,501187.2336272735,506990.70827470446,2
夜 12 時から 1 時間,506990.70827470446,512861.38399136584,1
夜 12 時から 1 時間,630957.3444801943,638263.4861905483,1
夜 12 時から 1 時間,881048.8730080146,891250.9381337477,1
夜 12 時から 1 時間,1011579.4542599004,1023292.9922807537,2
(参考)昼 12 時 UTC,0.02818382931264455,0.028510182675039096,5
(参考)昼 12 時 UTC,0.039810717055349776,0.04027170343254595,7
(参考)昼 12 時 UTC,0.0431519076827765,0.04365158322401665,3
(参考)昼 12 時 UTC,0.044157044735331295,0.04466835921509635,3
(参考)昼 12 時 UTC,0.04518559443749226,0.04570881896148752,1
(参考)昼 12 時 UTC,0.04570881896148752,0.04623810213992603,1
(参考)昼 12 時 UTC,0.04731512589614803,0.0478630092322638,1
(参考)昼 12 時 UTC,0.0478630092322638,0.04841723675840999,5
(参考)昼 12 時 UTC,0.04841723675840999,0.048977881936844665,4
(参考)昼 12 時 UTC,0.048977881936844665,0.04954501908047906,23
(参考)昼 12 時 UTC,0.04954501908047906,0.05011872336272725,45
(参考)昼 12 時 UTC,0.05011872336272725,0.050699070827470445,69
(参考)昼 12 時 UTC,0.050699070827470445,0.05128613839913648,78
(参考)昼 12 時 UTC,0.05128613839913648,0.0518800038928961,105
(参考)昼 12 時 UTC,0.0518800038928961,0.05248074602497723,51
(参考)昼 12 時 UTC,0.05248074602497723,0.0530884444230989,75
(参考)昼 12 時 UTC,0.0530884444230989,0.053703179637025325,97
(参考)昼 12 時 UTC,0.053703179637025325,0.05432503314924336,73
(参考)昼 12 時 UTC,0.05432503314924336,0.05495408738576248,83
(参考)昼 12 時 UTC,0.05495408738576248,0.05559042572704037,87
(参考)昼 12 時 UTC,0.05559042572704037,0.05623413251903491,92
(参考)昼 12 時 UTC,0.05623413251903491,0.05688529308438413,94
(参考)昼 12 時 UTC,0.05688529308438413,0.057543993733715666,144
(参考)昼 12 時 UTC,0.057543993733715666,0.058210321777087216,83
(参考)昼 12 時 UTC,0.058210321777087216,0.05888436553555896,77
(参考)昼 12 時 UTC,0.05888436553555896,0.059566214352901097,107
(参考)昼 12 時 UTC,0.059566214352901097,0.06025595860743581,113
(参考)昼 12 時 UTC,0.06025595860743581,0.060953689724016935,133
(参考)昼 12 時 UTC,0.060953689724016935,0.06165950018614822,245
(参考)昼 12 時 UTC,0.06165950018614822,0.06237348354824192,263
(参考)昼 12 時 UTC,0.06237348354824192,0.0630957344480193,357
(参考)昼 12 時 UTC,0.0630957344480193,0.06382634861905495,321
(参考)昼 12 時 UTC,0.06382634861905495,0.06456542290346562,593
(参考)昼 12 時 UTC,0.06456542290346562,0.06531305526474729,932
(参考)昼 12 時 UTC,0.06531305526474729,0.06606934480075964,1266
(参考)昼 12 時 UTC,0.06606934480075964,0.06683439175686148,1859
(参考)昼 12 時 UTC,0.06683439175686148,0.06760829753919818,1697
(参考)昼 12 時 UTC,0.06760829753919818,0.06839116472814293,1456
(参考)昼 12 時 UTC,0.06839116472814293,0.06918309709189363,1011
(参考)昼 12 時 UTC,0.06918309709189363,0.06998419960022731,773
(参考)昼 12 時 UTC,0.06998419960022731,0.07079457843841387,451
(参考)昼 12 時 UTC,0.07079457843841387,0.07161434102129027,349
(参考)昼 12 時 UTC,0.07161434102129027,0.07244359600749906,308
(参考)昼 12 時 UTC,0.07244359600749906,0.07328245331389044,278
(参考)昼 12 時 UTC,0.07328245331389044,0.07413102413009177,196
(参考)昼 12 時 UTC,0.07413102413009177,0.07498942093324558,279
(参考)昼 12 時 UTC,0.07498942093324558,0.07585775750291836,119
(参考)昼 12 時 UTC,0.07585775750291836,0.07673614893618186,128
(参考)昼 12 時 UTC,0.07673614893618186,0.07762471166286927,251
(参考)昼 12 時 UTC,0.07762471166286927,0.07852356346100726,258
(参考)昼 12 時 UTC,0.07852356346100726,0.07943282347242822,222
(参考)昼 12 時 UTC,0.07943282347242822,0.08035261221856177,182
(参考)昼 12 時 UTC,0.08035261221856177,0.08128305161640995,275
(参考)昼 12 時 UTC,0.08128305161640995,0.08222426499470713,250
(参考)昼 12 時 UTC,0.08222426499470713,0.08317637711026708,169
(参考)昼 12 時 UTC,0.08317637711026708,0.08413951416451948,191
(参考)昼 12 時 UTC,0.08413951416451948,0.08511380382023777,249
(参考)昼 12 時 UTC,0.08511380382023777,0.08609937521846016,227
(参考)昼 12 時 UTC,0.08609937521846016,0.08709635899560814,95
(参考)昼 12 時 UTC,0.08709635899560814,0.08810488730080146,189
(参考)昼 12 時 UTC,0.08810488730080146,0.08912509381337459,190
(参考)昼 12 時 UTC,0.08912509381337459,0.09015711376059571,169
(参考)昼 12 時 UTC,0.09015711376059571,0.09120108393559097,182
(参考)昼 12 時 UTC,0.09120108393559097,0.09225714271547629,111
(参考)昼 12 時 UTC,0.09225714271547629,0.09332543007969905,124
(参考)昼 12 時 UTC,0.09332543007969905,0.09440608762859246,71
(参考)昼 12 時 UTC,0.09440608762859246,0.09549925860214369,123
(参考)昼 12 時 UTC,0.09549925860214369,0.09660508789898141,67
(参考)昼 12 時 UTC,0.09660508789898141,0.09772372209558111,52
(参考)昼 12 時 UTC,0.09772372209558111,0.0988553094656939,16
(参考)昼 12 時 UTC,0.0988553094656939,0.1,38
(参考)昼 12 時 UTC,0.1,0.10115794542599003,85
(参考)昼 12 時 UTC,0.10115794542599003,0.10232929922807536,92
(参考)昼 12 時 UTC,0.10232929922807536,0.10351421666793452,85
(参考)昼 12 時 UTC,0.10351421666793452,0.10471285480508985,47
(参考)昼 12 時 UTC,0.10471285480508985,0.10592537251772897,50
(参考)昼 12 時 UTC,0.10592537251772897,0.10715193052376049,113
(参考)昼 12 時 UTC,0.10715193052376049,0.10839269140212039,145
(参考)昼 12 時 UTC,0.10839269140212039,0.10964781961431873,160
(参考)昼 12 時 UTC,0.10964781961431873,0.11091748152624009,300
(参考)昼 12 時 UTC,0.11091748152624009,0.11220184543019653,146
(参考)昼 12 時 UTC,0.11220184543019653,0.11350108156723143,197
(参考)昼 12 時 UTC,0.11350108156723143,0.1148153621496884,208
(参考)昼 12 時 UTC,0.1148153621496884,0.11614486138403414,214
(参考)昼 12 時 UTC,0.11614486138403414,0.11748975549395303,144
(参考)昼 12 時 UTC,0.11748975549395303,0.11885022274370165,172
(参考)昼 12 時 UTC,0.11885022274370165,0.12022644346174131,247
(参考)昼 12 時 UTC,0.12022644346174131,0.12161860006463704,233
(参考)昼 12 時 UTC,0.12161860006463704,0.1230268770812381,202
(参考)昼 12 時 UTC,0.1230268770812381,0.12445146117713869,311
(参考)昼 12 時 UTC,0.12445146117713869,0.12589254117941662,371
(参考)昼 12 時 UTC,0.12589254117941662,0.12735030810166628,419
(参考)昼 12 時 UTC,0.12735030810166628,0.12882495516931322,412
(参考)昼 12 時 UTC,0.12882495516931322,0.13031667784523,637
(参考)昼 12 時 UTC,0.13031667784523,0.131825673855641,1014
(参考)昼 12 時 UTC,0.131825673855641,0.1333521432163324,1798
(参考)昼 12 時 UTC,0.1333521432163324,0.1348962882591656,2749
(参考)昼 12 時 UTC,0.1348962882591656,0.13645831365889238,1934
(参考)昼 12 時 UTC,0.13645831365889238,0.13803842646028866,1087
(参考)昼 12 時 UTC,0.13803842646028866,0.13963683610559363,503
(参考)昼 12 時 UTC,0.13963683610559363,0.14125375446227553,427
(参考)昼 12 時 UTC,0.14125375446227553,0.14288939585111007,353
(参考)昼 12 時 UTC,0.14288939585111007,0.1445439770745928,215
(参考)昼 12 時 UTC,0.1445439770745928,0.14621771744567214,283
(参考)昼 12 時 UTC,0.14621771744567214,0.1479108388168207,197
(参考)昼 12 時 UTC,0.1479108388168207,0.1496235656094436,177
(参考)昼 12 時 UTC,0.1496235656094436,0.1513561248436207,169
(参考)昼 12 時 UTC,0.1513561248436207,0.1531087461682032,123
(参考)昼 12 時 UTC,0.1531087461682032,0.15488166189124797,116
(参考)昼 12 時 UTC,0.15488166189124797,0.15667510701081502,91
(参考)昼 12 時 UTC,0.15667510701081502,0.1584893192461111,56
(参考)昼 12 時 UTC,0.1584893192461111,0.16032453906900418,108
(参考)昼 12 時 UTC,0.16032453906900418,0.1621810097358933,62
(参考)昼 12 時 UTC,0.1621810097358933,0.16405897731995386,104
(参考)昼 12 時 UTC,0.16405897731995386,0.1659586907437563,75
(参考)昼 12 時 UTC,0.1659586907437563,0.16788040181225589,97
(参考)昼 12 時 UTC,0.16788040181225589,0.1698243652461746,79
(参考)昼 12 時 UTC,0.1698243652461746,0.1717908387157586,79
(参考)昼 12 時 UTC,0.1717908387157586,0.17378008287493762,92
(参考)昼 12 時 UTC,0.17378008287493762,0.17579236139586965,95
(参考)昼 12 時 UTC,0.17579236139586965,0.1778279410038923,126
(参考)昼 12 時 UTC,0.1778279410038923,0.1798870915128791,124
(参考)昼 12 時 UTC,0.1798870915128791,0.18197008586099825,229
(参考)昼 12 時 UTC,0.18197008586099825,0.18407720014689583,103
(参考)昼 12 時 UTC,0.18407720014689583,0.18620871366628655,102
(参考)昼 12 時 UTC,0.18620871366628655,0.1883649089489802,131
(参考)昼 12 時 UTC,0.1883649089489802,0.19054607179632443,146
(参考)昼 12 時 UTC,0.19054607179632443,0.19275249131909367,204
(参考)昼 12 時 UTC,0.19275249131909367,0.19498445997580494,482
(参考)昼 12 時 UTC,0.19498445997580494,0.19724227361148533,997
(参考)昼 12 時 UTC,0.19724227361148533,0.19952623149688828,3100
(参考)昼 12 時 UTC,0.19952623149688828,0.20183663636815596,7515
(参考)昼 12 時 UTC,0.20183663636815596,0.20417379446695316,5340
(参考)昼 12 時 UTC,0.20417379446695316,0.2065380155810527,1550
(参考)昼 12 時 UTC,0.2065380155810527,0.2089296130854041,708
(参考)昼 12 時 UTC,0.2089296130854041,0.21134890398366432,464
(参考)昼 12 時 UTC,0.21134890398366432,0.21379620895022325,351
(参考)昼 12 時 UTC,0.21379620895022325,0.21627185237270244,244
(参考)昼 12 時 UTC,0.21627185237270244,0.21877616239495518,148
(参考)昼 12 時 UTC,0.21877616239495518,0.2213094709605641,132
(参考)昼 12 時 UTC,0.2213094709605641,0.22387211385683378,86
(参考)昼 12 時 UTC,0.22387211385683378,0.2264644307593062,97
(参考)昼 12 時 UTC,0.2264644307593062,0.22908676527677702,150
(参考)昼 12 時 UTC,0.22908676527677702,0.23173946499684797,134
(参考)昼 12 時 UTC,0.23173946499684797,0.23442288153199276,184
(参考)昼 12 時 UTC,0.23442288153199276,0.23713737056616552,112
(参考)昼 12 時 UTC,0.23713737056616552,0.23988329190194949,92
(参考)昼 12 時 UTC,0.23988329190194949,0.24266100950824143,87
(参考)昼 12 時 UTC,0.24266100950824143,0.24547089156850335,136
(参考)昼 12 時 UTC,0.24547089156850335,0.2483133105295568,110
(参考)昼 12 時 UTC,0.2483133105295568,0.25118864315095824,190
(参考)昼 12 時 UTC,0.25118864315095824,0.25409727055493014,228
(参考)昼 12 時 UTC,0.25409727055493014,0.25703957827688645,132
(参考)昼 12 時 UTC,0.25703957827688645,0.26001595631652774,278
(参考)昼 12 時 UTC,0.26001595631652774,0.26302679918953814,336
(参考)昼 12 時 UTC,0.26302679918953814,0.2660725059798814,1268
(参考)昼 12 時 UTC,0.2660725059798814,0.2691534803926914,2993
(参考)昼 12 時 UTC,0.2691534803926914,0.27227013080779155,1829
(参考)昼 12 時 UTC,0.27227013080779155,0.27542287033381635,819
(参考)昼 12 時 UTC,0.27542287033381635,0.2786121168629772,674
(参考)昼 12 時 UTC,0.2786121168629772,0.2818382931264449,678
(参考)昼 12 時 UTC,0.2818382931264449,0.285101826750391,545
(参考)昼 12 時 UTC,0.285101826750391,0.28840315031266117,546
(参考)昼 12 時 UTC,0.28840315031266117,0.2917427014001166,363
(参考)昼 12 時 UTC,0.2917427014001166,0.29512092266663903,252
(参考)昼 12 時 UTC,0.29512092266663903,0.2985382618917957,164
(参考)昼 12 時 UTC,0.2985382618917957,0.30199517204020193,149
(参考)昼 12 時 UTC,0.30199517204020193,0.3054921113215509,214
(参考)昼 12 時 UTC,0.3054921113215509,0.30902954325135923,169
(参考)昼 12 時 UTC,0.30902954325135923,0.31260793671239623,313
(参考)昼 12 時 UTC,0.31260793671239623,0.31622776601683794,347
(参考)昼 12 時 UTC,0.31622776601683794,0.31988951096914037,407
(参考)昼 12 時 UTC,0.31988951096914037,0.3235936569296281,437
(参考)昼 12 時 UTC,0.3235936569296281,0.3273406948788386,567
(参考)昼 12 時 UTC,0.3273406948788386,0.3311311214825908,980
(参考)昼 12 時 UTC,0.3311311214825908,0.33496543915782795,5204
(参考)昼 12 時 UTC,0.33496543915782795,0.33884415613920205,5734
(参考)昼 12 時 UTC,0.33884415613920205,0.34276778654645046,1703
(参考)昼 12 時 UTC,0.34276778654645046,0.3467368504525324,1088
(参考)昼 12 時 UTC,0.3467368504525324,0.35075187395256796,877
(参考)昼 12 時 UTC,0.35075187395256796,0.354813389233576,661
(参考)昼 12 時 UTC,0.354813389233576,0.358921934645005,466
(参考)昼 12 時 UTC,0.358921934645005,0.36307805477010174,294
(参考)昼 12 時 UTC,0.36307805477010174,0.36728230049808425,349
(参考)昼 12 時 UTC,0.36728230049808425,0.3715352290971728,398
(参考)昼 12 時 UTC,0.3715352290971728,0.3758374042884451,351
(参考)昼 12 時 UTC,0.3758374042884451,0.38018939632056126,458
(参考)昼 12 時 UTC,0.38018939632056126,0.3845917820453543,474
(参考)昼 12 時 UTC,0.3845917820453543,0.3890451449942805,450
(参考)昼 12 時 UTC,0.3890451449942805,0.393550075455778,629
(参考)昼 12 時 UTC,0.393550075455778,0.3981071705534969,2001
(参考)昼 12 時 UTC,0.3981071705534969,0.40271703432545947,12793
(参考)昼 12 時 UTC,0.40271703432545947,0.4073802778041122,10409
(参考)昼 12 時 UTC,0.4073802778041122,0.4120975190973304,2531
(参考)昼 12 時 UTC,0.4120975190973304,0.41686938347033636,1347
(参考)昼 12 時 UTC,0.41686938347033636,0.4216965034285822,798
(参考)昼 12 時 UTC,0.4216965034285822,0.42657951880159345,578
(参考)昼 12 時 UTC,0.42657951880159345,0.431519076827765,365
(参考)昼 12 時 UTC,0.431519076827765,0.43651583224016655,271
(参考)昼 12 時 UTC,0.43651583224016655,0.4415704473533121,265
(参考)昼 12 時 UTC,0.4415704473533121,0.4466835921509635,256
(参考)昼 12 時 UTC,0.4466835921509635,0.4518559443749217,253
(参考)昼 12 時 UTC,0.4518559443749217,0.4570881896148752,340
(参考)昼 12 時 UTC,0.4570881896148752,0.4623810213992613,403
(参考)昼 12 時 UTC,0.4623810213992613,0.4677351412871981,1506
(参考)昼 12 時 UTC,0.4677351412871981,0.47315125896148125,2248
(参考)昼 12 時 UTC,0.47315125896148125,0.47863009232263803,1068
(参考)昼 12 時 UTC,0.47863009232263803,0.48417236758409987,685
(参考)昼 12 時 UTC,0.48417236758409987,0.48977881936844564,541
(参考)昼 12 時 UTC,0.48977881936844564,0.4954501908047905,404
(参考)昼 12 時 UTC,0.4954501908047905,0.5011872336272735,228
(参考)昼 12 時 UTC,0.5011872336272735,0.5069907082747045,168
(参考)昼 12 時 UTC,0.5069907082747045,0.5128613839913658,257
(参考)昼 12 時 UTC,0.5128613839913658,0.518800038928961,239
(参考)昼 12 時 UTC,0.518800038928961,0.5248074602497733,374
(参考)昼 12 時 UTC,0.5248074602497733,0.5308844442309879,336
(参考)昼 12 時 UTC,0.5308844442309879,0.5370317963702532,1664
(参考)昼 12 時 UTC,0.5370317963702532,0.5432503314924325,987
(参考)昼 12 時 UTC,0.5432503314924325,0.5495408738576248,362
(参考)昼 12 時 UTC,0.5495408738576248,0.5559042572704048,278
(参考)昼 12 時 UTC,0.5559042572704048,0.5623413251903491,125
(参考)昼 12 時 UTC,0.5623413251903491,0.5688529308438425,85
(参考)昼 12 時 UTC,0.5688529308438425,0.5754399373371566,126
(参考)昼 12 時 UTC,0.5754399373371566,0.5821032177708722,115
(参考)昼 12 時 UTC,0.5821032177708722,0.5888436553555884,111
(参考)昼 12 時 UTC,0.5888436553555884,0.5956621435290109,168
(参考)昼 12 時 UTC,0.5956621435290109,0.6025595860743569,1597
(参考)昼 12 時 UTC,0.6025595860743569,0.6095368972401694,3055
(参考)昼 12 時 UTC,0.6095368972401694,0.6165950018614835,858
(参考)昼 12 時 UTC,0.6165950018614835,0.6237348354824191,356
(参考)昼 12 時 UTC,0.6237348354824191,0.6309573444801942,183
(参考)昼 12 時 UTC,0.6309573444801942,0.6382634861905483,87
(参考)昼 12 時 UTC,0.6382634861905483,0.6456542290346563,97
(参考)昼 12 時 UTC,0.6456542290346563,0.6531305526474716,121
(参考)昼 12 時 UTC,0.6531305526474716,0.6606934480075964,144
(参考)昼 12 時 UTC,0.6606934480075964,0.6683439175686162,953
(参考)昼 12 時 UTC,0.6683439175686162,0.6760829753919819,2169
(参考)昼 12 時 UTC,0.6760829753919819,0.6839116472814306,815
(参考)昼 12 時 UTC,0.6839116472814306,0.6918309709189363,570
(参考)昼 12 時 UTC,0.6918309709189363,0.6998419960022745,335
(参考)昼 12 時 UTC,0.6998419960022745,0.7079457843841374,206
(参考)昼 12 時 UTC,0.7079457843841374,0.7161434102129027,210
(参考)昼 12 時 UTC,0.7161434102129027,0.7244359600749891,384
(参考)昼 12 時 UTC,0.7244359600749891,0.7328245331389045,642
(参考)昼 12 時 UTC,0.7328245331389045,0.7413102413009192,2501
(参考)昼 12 時 UTC,0.7413102413009192,0.7498942093324559,1013
(参考)昼 12 時 UTC,0.7498942093324559,0.7585775750291851,544
(参考)昼 12 時 UTC,0.7585775750291851,0.7673614893618186,230
(参考)昼 12 時 UTC,0.7673614893618186,0.7762471166286927,281
(参考)昼 12 時 UTC,0.7762471166286927,0.7852356346100711,226
(参考)昼 12 時 UTC,0.7852356346100711,0.7943282347242822,239
(参考)昼 12 時 UTC,0.7943282347242822,0.803526122185616,2210
(参考)昼 12 時 UTC,0.803526122185616,0.8128305161640995,4534
(参考)昼 12 時 UTC,0.8128305161640995,0.8222426499470729,1313
(参考)昼 12 時 UTC,0.8222426499470729,0.8317637711026709,498
(参考)昼 12 時 UTC,0.8317637711026709,0.8413951416451965,302
(参考)昼 12 時 UTC,0.8413951416451965,0.8511380382023759,228
(参考)昼 12 時 UTC,0.8511380382023759,0.8609937521846016,251
(参考)昼 12 時 UTC,0.8609937521846016,0.8709635899560796,1575
(参考)昼 12 時 UTC,0.8709635899560796,0.8810488730080147,2256
(参考)昼 12 時 UTC,0.8810488730080147,0.8912509381337477,1080
(参考)昼 12 時 UTC,0.8912509381337477,0.9015711376059571,522
(参考)昼 12 時 UTC,0.9015711376059571,0.9120108393559115,259
(参考)昼 12 時 UTC,0.9120108393559115,0.9225714271547628,427
(参考)昼 12 時 UTC,0.9225714271547628,0.9332543007969925,727
(参考)昼 12 時 UTC,0.9332543007969925,0.9440608762859226,2586
(参考)昼 12 時 UTC,0.9440608762859226,0.9549925860214369,1069
(参考)昼 12 時 UTC,0.9549925860214369,0.9660508789898121,470
(参考)昼 12 時 UTC,0.9660508789898121,0.9772372209558111,250
(参考)昼 12 時 UTC,0.9772372209558111,0.9885530946569411,330
(参考)昼 12 時 UTC,0.9885530946569411,1.0,427
(参考)昼 12 時 UTC,1.0,1.0115794542599004,4273
(参考)昼 12 時 UTC,1.0115794542599004,1.0232929922807537,1788
(参考)昼 12 時 UTC,1.0232929922807537,1.0351421666793452,513
(参考)昼 12 時 UTC,1.0351421666793452,1.0471285480508985,257
(参考)昼 12 時 UTC,1.0471285480508985,1.0592537251772898,255
(参考)昼 12 時 UTC,1.0592537251772898,1.0715193052376049,1054
(参考)昼 12 時 UTC,1.0715193052376049,1.0839269140212038,1820
(参考)昼 12 時 UTC,1.0839269140212038,1.0964781961431873,963
(参考)昼 12 時 UTC,1.0964781961431873,1.1091748152624008,321
(参考)昼 12 時 UTC,1.1091748152624008,1.1220184543019653,274
(参考)昼 12 時 UTC,1.1220184543019653,1.1350108156723142,494
(参考)昼 12 時 UTC,1.1350108156723142,1.1481536214968842,1735
(参考)昼 12 時 UTC,1.1481536214968842,1.1614486138403415,649
(参考)昼 12 時 UTC,1.1614486138403415,1.1748975549395304,237
(参考)昼 12 時 UTC,1.1748975549395304,1.1885022274370214,176
(参考)昼 12 時 UTC,1.1885022274370214,1.2022644346174132,336
(参考)昼 12 時 UTC,1.2022644346174132,1.2161860006463703,2392
(参考)昼 12 時 UTC,1.2161860006463703,1.2302687708123812,835
(参考)昼 12 時 UTC,1.2302687708123812,1.244514611771387,280
(参考)昼 12 時 UTC,1.244514611771387,1.2589254117941662,150
(参考)昼 12 時 UTC,1.2589254117941662,1.273503081016663,661
(参考)昼 12 時 UTC,1.273503081016663,1.2882495516931323,1103
(参考)昼 12 時 UTC,1.2882495516931323,1.3031667784523,555
(参考)昼 12 時 UTC,1.3031667784523,1.3182567385564101,257
(参考)昼 12 時 UTC,1.3182567385564101,1.333521432163324,355
(参考)昼 12 時 UTC,1.333521432163324,1.348962882591656,1279
(参考)昼 12 時 UTC,1.348962882591656,1.3645831365889238,639
(参考)昼 12 時 UTC,1.3645831365889238,1.3803842646028865,237
(参考)昼 12 時 UTC,1.3803842646028865,1.3963683610559363,183
(参考)昼 12 時 UTC,1.3963683610559363,1.4125375446227555,1664
(参考)昼 12 時 UTC,1.4125375446227555,1.4288939585111007,1285
(参考)昼 12 時 UTC,1.4288939585111007,1.4454397707459279,331
(参考)昼 12 時 UTC,1.4454397707459279,1.4621771744567214,252
(参考)昼 12 時 UTC,1.4621771744567214,1.4791083881682072,935
(参考)昼 12 時 UTC,1.4791083881682072,1.4962356560944359,1010
(参考)昼 12 時 UTC,1.4962356560944359,1.513561248436207,462
(参考)昼 12 時 UTC,1.513561248436207,1.5310874616820318,285
(参考)昼 12 時 UTC,1.5310874616820318,1.5488166189124797,1169
(参考)昼 12 時 UTC,1.5488166189124797,1.5667510701081502,667
(参考)昼 12 時 UTC,1.5667510701081502,1.5848931924611174,276
(参考)昼 12 時 UTC,1.5848931924611174,1.6032453906900417,279
(参考)昼 12 時 UTC,1.6032453906900417,1.6218100973589331,1881
(参考)昼 12 時 UTC,1.6218100973589331,1.6405897731995387,653
(参考)昼 12 時 UTC,1.6405897731995387,1.659586907437563,199
(参考)昼 12 時 UTC,1.659586907437563,1.678804018122559,718
(参考)昼 12 時 UTC,1.678804018122559,1.698243652461746,896
(参考)昼 12 時 UTC,1.698243652461746,1.717908387157586,405
(参考)昼 12 時 UTC,1.717908387157586,1.7378008287493762,305
(参考)昼 12 時 UTC,1.7378008287493762,1.7579236139586967,1287
(参考)昼 12 時 UTC,1.7579236139586967,1.7782794100389228,406
(参考)昼 12 時 UTC,1.7782794100389228,1.7988709151287912,240
(参考)昼 12 時 UTC,1.7988709151287912,1.8197008586099825,1566
(参考)昼 12 時 UTC,1.8197008586099825,1.8407720014689581,794
(参考)昼 12 時 UTC,1.8407720014689581,1.8620871366628655,291
(参考)昼 12 時 UTC,1.8620871366628655,1.8836490894898021,834
(参考)昼 12 時 UTC,1.8836490894898021,1.9054607179632443,703
(参考)昼 12 時 UTC,1.9054607179632443,1.9275249131909367,306
(参考)昼 12 時 UTC,1.9275249131909367,1.9498445997580496,932
(参考)昼 12 時 UTC,1.9498445997580496,1.9724227361148534,760
(参考)昼 12 時 UTC,1.9724227361148534,1.9952623149688828,274
(参考)昼 12 時 UTC,1.9952623149688828,2.01836636368156,1135
(参考)昼 12 時 UTC,2.01836636368156,2.041737944669532,942
(参考)昼 12 時 UTC,2.041737944669532,2.065380155810527,297
(参考)昼 12 時 UTC,2.065380155810527,2.089296130854041,999
(参考)昼 12 時 UTC,2.089296130854041,2.113489039836652,722
(参考)昼 12 時 UTC,2.113489039836652,2.1379620895022327,297
(参考)昼 12 時 UTC,2.1379620895022327,2.1627185237270243,1157
(参考)昼 12 時 UTC,2.1627185237270243,2.1877616239495516,427
(参考)昼 12 時 UTC,2.1877616239495516,2.213094709605641,597
(参考)昼 12 時 UTC,2.213094709605641,2.2387211385683377,1333
(参考)昼 12 時 UTC,2.2387211385683377,2.264644307593062,294
(参考)昼 12 時 UTC,2.264644307593062,2.29086765276777,853
(参考)昼 12 時 UTC,2.29086765276777,2.3173946499684797,622
(参考)昼 12 時 UTC,2.3173946499684797,2.3442288153199273,436
(参考)昼 12 時 UTC,2.3442288153199273,2.371373705661655,894
(参考)昼 12 時 UTC,2.371373705661655,2.398832919019495,298
(参考)昼 12 時 UTC,2.398832919019495,2.4266100950824145,1123
(参考)昼 12 時 UTC,2.4266100950824145,2.4547089156850337,567
(参考)昼 12 時 UTC,2.4547089156850337,2.483133105295568,482
(参考)昼 12 時 UTC,2.483133105295568,2.5118864315095824,732
(参考)昼 12 時 UTC,2.5118864315095824,2.540972705549301,341
(参考)昼 12 時 UTC,2.540972705549301,2.570395782768865,923
(参考)昼 12 時 UTC,2.570395782768865,2.6001595631652776,301
(参考)昼 12 時 UTC,2.6001595631652776,2.6302679918953813,1047
(参考)昼 12 時 UTC,2.6302679918953813,2.660725059798814,511
(参考)昼 12 時 UTC,2.660725059798814,2.691534803926914,546
(参考)昼 12 時 UTC,2.691534803926914,2.7227013080779154,533
(参考)昼 12 時 UTC,2.7227013080779154,2.754228703338163,581
(参考)昼 12 時 UTC,2.754228703338163,2.786121168629772,644
(参考)昼 12 時 UTC,2.786121168629772,2.818382931264461,522
(参考)昼 12 時 UTC,2.818382931264461,2.85101826750391,857
(参考)昼 12 時 UTC,2.85101826750391,2.8840315031266117,405
(参考)昼 12 時 UTC,2.8840315031266117,2.917427014001166,711
(参考)昼 12 時 UTC,2.917427014001166,2.95120922666639,589
(参考)昼 12 時 UTC,2.95120922666639,2.9853826189179573,1010
(参考)昼 12 時 UTC,2.9853826189179573,3.019951720402019,861
(参考)昼 12 時 UTC,3.019951720402019,3.054921113215509,1527
(参考)昼 12 時 UTC,3.054921113215509,3.090295432513592,742
(参考)昼 12 時 UTC,3.090295432513592,3.126079367123962,879
(参考)昼 12 時 UTC,3.126079367123962,3.1622776601683795,771
(参考)昼 12 時 UTC,3.1622776601683795,3.198895109691404,550
(参考)昼 12 時 UTC,3.198895109691404,3.235936569296281,909
(参考)昼 12 時 UTC,3.235936569296281,3.273406948788386,596
(参考)昼 12 時 UTC,3.273406948788386,3.3113112148259076,921
(参考)昼 12 時 UTC,3.3113112148259076,3.3496543915782793,539
(参考)昼 12 時 UTC,3.3496543915782793,3.3884415613920207,841
(参考)昼 12 時 UTC,3.3884415613920207,3.4276778654645046,741
(参考)昼 12 時 UTC,3.4276778654645046,3.4673685045253237,740
(参考)昼 12 時 UTC,3.4673685045253237,3.5075187395256795,729
(参考)昼 12 時 UTC,3.5075187395256795,3.5481338923357604,384
(参考)昼 12 時 UTC,3.5481338923357604,3.58921934645005,722
(参考)昼 12 時 UTC,3.58921934645005,3.6307805477010175,495
(参考)昼 12 時 UTC,3.6307805477010175,3.6728230049808426,603
(参考)昼 12 時 UTC,3.6728230049808426,3.715352290971728,593
(参考)昼 12 時 UTC,3.715352290971728,3.758374042884451,554
(参考)昼 12 時 UTC,3.758374042884451,3.801893963205613,527
(参考)昼 12 時 UTC,3.801893963205613,3.8459178204535434,763
(参考)昼 12 時 UTC,3.8459178204535434,3.890451449942805,390
(参考)昼 12 時 UTC,3.890451449942805,3.9355007545577805,537
(参考)昼 12 時 UTC,3.9355007545577805,3.981071705534969,665
(参考)昼 12 時 UTC,3.981071705534969,4.027170343254594,401
(参考)昼 12 時 UTC,4.027170343254594,4.073802778041122,611
(参考)昼 12 時 UTC,4.073802778041122,4.120975190973304,550
(参考)昼 12 時 UTC,4.120975190973304,4.1686938347033635,514
(参考)昼 12 時 UTC,4.1686938347033635,4.216965034285822,470
(参考)昼 12 時 UTC,4.216965034285822,4.265795188015934,827
(参考)昼 12 時 UTC,4.265795188015934,4.31519076827765,573
(参考)昼 12 時 UTC,4.31519076827765,4.3651583224016655,622
(参考)昼 12 時 UTC,4.3651583224016655,4.415704473533121,467
(参考)昼 12 時 UTC,4.415704473533121,4.4668359215096345,657
(参考)昼 12 時 UTC,4.4668359215096345,4.518559443749217,533
(参考)昼 12 時 UTC,4.518559443749217,4.570881896148752,610
(参考)昼 12 時 UTC,4.570881896148752,4.623810213992613,494
(参考)昼 12 時 UTC,4.623810213992613,4.677351412871981,667
(参考)昼 12 時 UTC,4.677351412871981,4.7315125896148125,557
(参考)昼 12 時 UTC,4.7315125896148125,4.7863009232263805,656
(参考)昼 12 時 UTC,4.7863009232263805,4.841723675840999,547
(参考)昼 12 時 UTC,4.841723675840999,4.897788193684456,652
(参考)昼 12 時 UTC,4.897788193684456,4.954501908047906,657
(参考)昼 12 時 UTC,4.954501908047906,5.011872336272735,869
(参考)昼 12 時 UTC,5.011872336272735,5.0699070827470445,873
(参考)昼 12 時 UTC,5.0699070827470445,5.128613839913658,825
(参考)昼 12 時 UTC,5.128613839913658,5.188000389289609,808
(参考)昼 12 時 UTC,5.188000389289609,5.248074602497733,935
(参考)昼 12 時 UTC,5.248074602497733,5.308844442309879,1097
(参考)昼 12 時 UTC,5.308844442309879,5.370317963702533,1455
(参考)昼 12 時 UTC,5.370317963702533,5.432503314924325,1579
(参考)昼 12 時 UTC,5.432503314924325,5.4954087385762485,1553
(参考)昼 12 時 UTC,5.4954087385762485,5.5590425727040484,1165
(参考)昼 12 時 UTC,5.5590425727040484,5.623413251903491,911
(参考)昼 12 時 UTC,5.623413251903491,5.688529308438425,930
(参考)昼 12 時 UTC,5.688529308438425,5.754399373371567,948
(参考)昼 12 時 UTC,5.754399373371567,5.821032177708722,937
(参考)昼 12 時 UTC,5.821032177708722,5.888436553555884,688
(参考)昼 12 時 UTC,5.888436553555884,5.95662143529011,692
(参考)昼 12 時 UTC,5.95662143529011,6.025595860743569,973
(参考)昼 12 時 UTC,6.025595860743569,6.095368972401694,1166
(参考)昼 12 時 UTC,6.095368972401694,6.165950018614835,834
(参考)昼 12 時 UTC,6.165950018614835,6.237348354824191,631
(参考)昼 12 時 UTC,6.237348354824191,6.309573444801943,546
(参考)昼 12 時 UTC,6.309573444801943,6.3826348619054825,643
(参考)昼 12 時 UTC,6.3826348619054825,6.456542290346563,631
(参考)昼 12 時 UTC,6.456542290346563,6.531305526474716,564
(参考)昼 12 時 UTC,6.531305526474716,6.606934480075965,445
(参考)昼 12 時 UTC,6.606934480075965,6.683439175686162,437
(参考)昼 12 時 UTC,6.683439175686162,6.760829753919819,411
(参考)昼 12 時 UTC,6.760829753919819,6.839116472814307,443
(参考)昼 12 時 UTC,6.839116472814307,6.918309709189362,418
(参考)昼 12 時 UTC,6.918309709189362,6.998419960022745,411
(参考)昼 12 時 UTC,6.998419960022745,7.079457843841373,347
(参考)昼 12 時 UTC,7.079457843841373,7.161434102129027,363
(参考)昼 12 時 UTC,7.161434102129027,7.244359600749891,394
(参考)昼 12 時 UTC,7.244359600749891,7.328245331389044,379
(参考)昼 12 時 UTC,7.328245331389044,7.4131024130091925,356
(参考)昼 12 時 UTC,7.4131024130091925,7.498942093324558,362
(参考)昼 12 時 UTC,7.498942093324558,7.585775750291852,362
(参考)昼 12 時 UTC,7.585775750291852,7.673614893618185,409
(参考)昼 12 時 UTC,7.673614893618185,7.762471166286928,341
(参考)昼 12 時 UTC,7.762471166286928,7.85235634610071,381
(参考)昼 12 時 UTC,7.85235634610071,7.943282347242821,373
(参考)昼 12 時 UTC,7.943282347242821,8.03526122185616,396
(参考)昼 12 時 UTC,8.03526122185616,8.128305161640995,410
(参考)昼 12 時 UTC,8.128305161640995,8.222426499470728,408
(参考)昼 12 時 UTC,8.222426499470728,8.317637711026709,361
(参考)昼 12 時 UTC,8.317637711026709,8.413951416451965,486
(参考)昼 12 時 UTC,8.413951416451965,8.51138038202376,381
(参考)昼 12 時 UTC,8.51138038202376,8.609937521846016,447
(参考)昼 12 時 UTC,8.609937521846016,8.709635899560796,320
(参考)昼 12 時 UTC,8.709635899560796,8.810488730080147,470
(参考)昼 12 時 UTC,8.810488730080147,8.912509381337477,383
(参考)昼 12 時 UTC,8.912509381337477,9.01571137605957,419
(参考)昼 12 時 UTC,9.01571137605957,9.120108393559116,644
(参考)昼 12 時 UTC,9.120108393559116,9.225714271547629,593
(参考)昼 12 時 UTC,9.225714271547629,9.332543007969925,453
(参考)昼 12 時 UTC,9.332543007969925,9.440608762859226,414
(参考)昼 12 時 UTC,9.440608762859226,9.549925860214369,400
(参考)昼 12 時 UTC,9.549925860214369,9.66050878989812,358
(参考)昼 12 時 UTC,9.66050878989812,9.772372209558112,356
(参考)昼 12 時 UTC,9.772372209558112,9.88553094656941,360
(参考)昼 12 時 UTC,9.88553094656941,10.0,414
(参考)昼 12 時 UTC,10.0,10.115794542599003,493
(参考)昼 12 時 UTC,10.115794542599003,10.232929922807536,472
(参考)昼 12 時 UTC,10.232929922807536,10.35142166679345,455
(参考)昼 12 時 UTC,10.35142166679345,10.471285480508985,623
(参考)昼 12 時 UTC,10.471285480508985,10.592537251772898,721
(参考)昼 12 時 UTC,10.592537251772898,10.715193052376048,658
(参考)昼 12 時 UTC,10.715193052376048,10.83926914021204,847
(参考)昼 12 時 UTC,10.83926914021204,10.964781961431873,828
(参考)昼 12 時 UTC,10.964781961431873,11.091748152624008,609
(参考)昼 12 時 UTC,11.091748152624008,11.220184543019652,446
(参考)昼 12 時 UTC,11.220184543019652,11.350108156723143,493
(参考)昼 12 時 UTC,11.350108156723143,11.481536214968841,471
(参考)昼 12 時 UTC,11.481536214968841,11.614486138403414,485
(参考)昼 12 時 UTC,11.614486138403414,11.748975549395302,452
(参考)昼 12 時 UTC,11.748975549395302,11.885022274370213,525
(参考)昼 12 時 UTC,11.885022274370213,12.02264434617413,511
(参考)昼 12 時 UTC,12.02264434617413,12.161860006463703,691
(参考)昼 12 時 UTC,12.161860006463703,12.30268770812381,573
(参考)昼 12 時 UTC,12.30268770812381,12.44514611771387,375
(参考)昼 12 時 UTC,12.44514611771387,12.589254117941662,380
(参考)昼 12 時 UTC,12.589254117941662,12.735030810166629,306
(参考)昼 12 時 UTC,12.735030810166629,12.882495516931323,367
(参考)昼 12 時 UTC,12.882495516931323,13.031667784523,312
(参考)昼 12 時 UTC,13.031667784523,13.1825673855641,326
(参考)昼 12 時 UTC,13.1825673855641,13.33521432163324,385
(参考)昼 12 時 UTC,13.33521432163324,13.48962882591656,312
(参考)昼 12 時 UTC,13.48962882591656,13.645831365889238,396
(参考)昼 12 時 UTC,13.645831365889238,13.803842646028867,352
(参考)昼 12 時 UTC,13.803842646028867,13.963683610559363,296
(参考)昼 12 時 UTC,13.963683610559363,14.125375446227554,371
(参考)昼 12 時 UTC,14.125375446227554,14.288939585111008,330
(参考)昼 12 時 UTC,14.288939585111008,14.45439770745928,388
(参考)昼 12 時 UTC,14.45439770745928,14.621771744567212,372
(参考)昼 12 時 UTC,14.621771744567212,14.791083881682072,431
(参考)昼 12 時 UTC,14.791083881682072,14.96235656094436,407
(参考)昼 12 時 UTC,14.96235656094436,15.135612484362072,640
(参考)昼 12 時 UTC,15.135612484362072,15.31087461682032,755
(参考)昼 12 時 UTC,15.31087461682032,15.488166189124795,561
(参考)昼 12 時 UTC,15.488166189124795,15.6675107010815,440
(参考)昼 12 時 UTC,15.6675107010815,15.848931924611174,375
(参考)昼 12 時 UTC,15.848931924611174,16.032453906900418,470
(参考)昼 12 時 UTC,16.032453906900418,16.218100973589333,494
(参考)昼 12 時 UTC,16.218100973589333,16.40589773199539,448
(参考)昼 12 時 UTC,16.40589773199539,16.59586907437563,331
(参考)昼 12 時 UTC,16.59586907437563,16.78804018122559,331
(参考)昼 12 時 UTC,16.78804018122559,16.98243652461746,268
(参考)昼 12 時 UTC,16.98243652461746,17.17908387157586,275
(参考)昼 12 時 UTC,17.17908387157586,17.378008287493763,232
(参考)昼 12 時 UTC,17.378008287493763,17.579236139586968,334
(参考)昼 12 時 UTC,17.579236139586968,17.78279410038923,283
(参考)昼 12 時 UTC,17.78279410038923,17.98870915128791,359
(参考)昼 12 時 UTC,17.98870915128791,18.197008586099827,356
(参考)昼 12 時 UTC,18.197008586099827,18.40772001468958,358
(参考)昼 12 時 UTC,18.40772001468958,18.620871366628656,301
(参考)昼 12 時 UTC,18.620871366628656,18.83649089489802,280
(参考)昼 12 時 UTC,18.83649089489802,19.054607179632445,298
(参考)昼 12 時 UTC,19.054607179632445,19.275249131909366,253
(参考)昼 12 時 UTC,19.275249131909366,19.498445997580493,314
(参考)昼 12 時 UTC,19.498445997580493,19.724227361148536,279
(参考)昼 12 時 UTC,19.724227361148536,19.95262314968883,313
(参考)昼 12 時 UTC,19.95262314968883,20.183663636815595,424
(参考)昼 12 時 UTC,20.183663636815595,20.417379446695318,318
(参考)昼 12 時 UTC,20.417379446695318,20.65380155810527,346
(参考)昼 12 時 UTC,20.65380155810527,20.892961308540407,314
(参考)昼 12 時 UTC,20.892961308540407,21.13489039836652,312
(参考)昼 12 時 UTC,21.13489039836652,21.379620895022324,463
(参考)昼 12 時 UTC,21.379620895022324,21.627185237270247,447
(参考)昼 12 時 UTC,21.627185237270247,21.87761623949552,281
(参考)昼 12 時 UTC,21.87761623949552,22.13094709605641,348
(参考)昼 12 時 UTC,22.13094709605641,22.38721138568338,332
(参考)昼 12 時 UTC,22.38721138568338,22.64644307593062,325
(参考)昼 12 時 UTC,22.64644307593062,22.908676527677702,360
(参考)昼 12 時 UTC,22.908676527677702,23.173946499684796,271
(参考)昼 12 時 UTC,23.173946499684796,23.442288153199275,219
(参考)昼 12 時 UTC,23.442288153199275,23.71373705661655,201
(参考)昼 12 時 UTC,23.71373705661655,23.988329190194946,240
(参考)昼 12 時 UTC,23.988329190194946,24.266100950824143,257
(参考)昼 12 時 UTC,24.266100950824143,24.547089156850337,269
(参考)昼 12 時 UTC,24.547089156850337,24.83133105295568,232
(参考)昼 12 時 UTC,24.83133105295568,25.11886431509582,234
(参考)昼 12 時 UTC,25.11886431509582,25.40972705549301,283
(参考)昼 12 時 UTC,25.40972705549301,25.703957827688647,283
(参考)昼 12 時 UTC,25.703957827688647,26.001595631652773,267
(参考)昼 12 時 UTC,26.001595631652773,26.302679918953814,242
(参考)昼 12 時 UTC,26.302679918953814,26.60725059798814,246
(参考)昼 12 時 UTC,26.60725059798814,26.91534803926914,263
(参考)昼 12 時 UTC,26.91534803926914,27.227013080779155,287
(参考)昼 12 時 UTC,27.227013080779155,27.542287033381633,323
(参考)昼 12 時 UTC,27.542287033381633,27.86121168629772,225
(参考)昼 12 時 UTC,27.86121168629772,28.183829312644608,267
(参考)昼 12 時 UTC,28.183829312644608,28.510182675039097,269
(参考)昼 12 時 UTC,28.510182675039097,28.840315031266115,187
(参考)昼 12 時 UTC,28.840315031266115,29.17427014001166,231
(参考)昼 12 時 UTC,29.17427014001166,29.5120922666639,303
(参考)昼 12 時 UTC,29.5120922666639,29.85382618917957,283
(参考)昼 12 時 UTC,29.85382618917957,30.199517204020193,796
(参考)昼 12 時 UTC,30.199517204020193,30.549211132155094,469
(参考)昼 12 時 UTC,30.549211132155094,30.90295432513592,377
(参考)昼 12 時 UTC,30.90295432513592,31.26079367123962,288
(参考)昼 12 時 UTC,31.26079367123962,31.622776601683793,240
(参考)昼 12 時 UTC,31.622776601683793,31.988951096914036,234
(参考)昼 12 時 UTC,31.988951096914036,32.35936569296281,258
(参考)昼 12 時 UTC,32.35936569296281,32.734069487883865,245
(参考)昼 12 時 UTC,32.734069487883865,33.11311214825908,246
(参考)昼 12 時 UTC,33.11311214825908,33.496543915782794,239
(参考)昼 12 時 UTC,33.496543915782794,33.884415613920204,238
(参考)昼 12 時 UTC,33.884415613920204,34.27677865464505,270
(参考)昼 12 時 UTC,34.27677865464505,34.67368504525324,201
(参考)昼 12 時 UTC,34.67368504525324,35.0751873952568,228
(参考)昼 12 時 UTC,35.0751873952568,35.481338923357605,285
(参考)昼 12 時 UTC,35.481338923357605,35.8921934645005,179
(参考)昼 12 時 UTC,35.8921934645005,36.30780547701018,192
(参考)昼 12 時 UTC,36.30780547701018,36.728230049808424,228
(参考)昼 12 時 UTC,36.728230049808424,37.15352290971728,183
(参考)昼 12 時 UTC,37.15352290971728,37.58374042884451,196
(参考)昼 12 時 UTC,37.58374042884451,38.018939632056124,221
(参考)昼 12 時 UTC,38.018939632056124,38.459178204535434,230
(参考)昼 12 時 UTC,38.459178204535434,38.904514499428046,162
(参考)昼 12 時 UTC,38.904514499428046,39.355007545577806,211
(参考)昼 12 時 UTC,39.355007545577806,39.81071705534969,206
(参考)昼 12 時 UTC,39.81071705534969,40.27170343254595,225
(参考)昼 12 時 UTC,40.27170343254595,40.73802778041122,263
(参考)昼 12 時 UTC,40.73802778041122,41.20975190973304,167
(参考)昼 12 時 UTC,41.20975190973304,41.68693834703364,148
(参考)昼 12 時 UTC,41.68693834703364,42.169650342858226,157
(参考)昼 12 時 UTC,42.169650342858226,42.657951880159345,203
(参考)昼 12 時 UTC,42.657951880159345,43.1519076827765,179
(参考)昼 12 時 UTC,43.1519076827765,43.651583224016655,165
(参考)昼 12 時 UTC,43.651583224016655,44.157044735331205,188
(参考)昼 12 時 UTC,44.157044735331205,44.668359215096345,183
(参考)昼 12 時 UTC,44.668359215096345,45.18559443749217,170
(参考)昼 12 時 UTC,45.18559443749217,45.708818961487516,285
(参考)昼 12 時 UTC,45.708818961487516,46.23810213992613,248
(参考)昼 12 時 UTC,46.23810213992613,46.77351412871981,156
(参考)昼 12 時 UTC,46.77351412871981,47.315125896148125,199
(参考)昼 12 時 UTC,47.315125896148125,47.863009232263806,145
(参考)昼 12 時 UTC,47.863009232263806,48.41723675840999,232
(参考)昼 12 時 UTC,48.41723675840999,48.97788193684456,202
(参考)昼 12 時 UTC,48.97788193684456,49.54501908047905,153
(参考)昼 12 時 UTC,49.54501908047905,50.11872336272735,179
(参考)昼 12 時 UTC,50.11872336272735,50.69907082747044,203
(参考)昼 12 時 UTC,50.69907082747044,51.28613839913659,175
(参考)昼 12 時 UTC,51.28613839913659,51.88000389289609,176
(参考)昼 12 時 UTC,51.88000389289609,52.480746024977336,161
(参考)昼 12 時 UTC,52.480746024977336,53.08844442309879,168
(参考)昼 12 時 UTC,53.08844442309879,53.70317963702533,135
(参考)昼 12 時 UTC,53.70317963702533,54.32503314924325,157
(参考)昼 12 時 UTC,54.32503314924325,54.954087385762485,191
(参考)昼 12 時 UTC,54.954087385762485,55.59042572704048,221
(参考)昼 12 時 UTC,55.59042572704048,56.23413251903491,214
(参考)昼 12 時 UTC,56.23413251903491,56.885293084384244,147
(参考)昼 12 時 UTC,56.885293084384244,57.543993733715666,158
(参考)昼 12 時 UTC,57.543993733715666,58.210321777087216,203
(参考)昼 12 時 UTC,58.210321777087216,58.88436553555884,172
(参考)昼 12 時 UTC,58.88436553555884,59.56621435290109,266
(参考)昼 12 時 UTC,59.56621435290109,60.25595860743569,409
(参考)昼 12 時 UTC,60.25595860743569,60.95368972401694,322
(参考)昼 12 時 UTC,60.95368972401694,61.65950018614835,173
(参考)昼 12 時 UTC,61.65950018614835,62.373483548241914,181
(参考)昼 12 時 UTC,62.373483548241914,63.09573444801943,112
(参考)昼 12 時 UTC,63.09573444801943,63.826348619054826,160
(参考)昼 12 時 UTC,63.826348619054826,64.56542290346563,141
(参考)昼 12 時 UTC,64.56542290346563,65.31305526474716,154
(参考)昼 12 時 UTC,65.31305526474716,66.06934480075964,143
(参考)昼 12 時 UTC,66.06934480075964,66.83439175686162,172
(参考)昼 12 時 UTC,66.83439175686162,67.60829753919819,127
(参考)昼 12 時 UTC,67.60829753919819,68.39116472814307,116
(参考)昼 12 時 UTC,68.39116472814307,69.18309709189363,120
(参考)昼 12 時 UTC,69.18309709189363,69.98419960022746,157
(参考)昼 12 時 UTC,69.98419960022746,70.79457843841374,159
(参考)昼 12 時 UTC,70.79457843841374,71.61434102129027,135
(参考)昼 12 時 UTC,71.61434102129027,72.44359600749891,148
(参考)昼 12 時 UTC,72.44359600749891,73.28245331389044,136
(参考)昼 12 時 UTC,73.28245331389044,74.13102413009192,153
(参考)昼 12 時 UTC,74.13102413009192,74.98942093324558,129
(参考)昼 12 時 UTC,74.98942093324558,75.85775750291852,165
(参考)昼 12 時 UTC,75.85775750291852,76.73614893618186,146
(参考)昼 12 時 UTC,76.73614893618186,77.62471166286927,155
(参考)昼 12 時 UTC,77.62471166286927,78.5235634610071,123
(参考)昼 12 時 UTC,78.5235634610071,79.43282347242821,163
(参考)昼 12 時 UTC,79.43282347242821,80.3526122185616,157
(参考)昼 12 時 UTC,80.3526122185616,81.28305161640995,171
(参考)昼 12 時 UTC,81.28305161640995,82.22426499470728,140
(参考)昼 12 時 UTC,82.22426499470728,83.17637711026708,107
(参考)昼 12 時 UTC,83.17637711026708,84.13951416451965,90
(参考)昼 12 時 UTC,84.13951416451965,85.11380382023759,87
(参考)昼 12 時 UTC,85.11380382023759,86.09937521846017,170
(参考)昼 12 時 UTC,86.09937521846017,87.09635899560796,122
(参考)昼 12 時 UTC,87.09635899560796,88.10488730080147,91
(参考)昼 12 時 UTC,88.10488730080147,89.12509381337478,102
(参考)昼 12 時 UTC,89.12509381337478,90.1571137605957,108
(参考)昼 12 時 UTC,90.1571137605957,91.20108393559116,147
(参考)昼 12 時 UTC,91.20108393559116,92.25714271547629,88
(参考)昼 12 時 UTC,92.25714271547629,93.32543007969925,82
(参考)昼 12 時 UTC,93.32543007969925,94.40608762859226,110
(参考)昼 12 時 UTC,94.40608762859226,95.49925860214368,114
(参考)昼 12 時 UTC,95.49925860214368,96.60508789898121,99
(参考)昼 12 時 UTC,96.60508789898121,97.72372209558111,105
(参考)昼 12 時 UTC,97.72372209558111,98.8553094656941,126
(参考)昼 12 時 UTC,98.8553094656941,100.0,111
(参考)昼 12 時 UTC,100.0,101.15794542599004,126
(参考)昼 12 時 UTC,101.15794542599004,102.32929922807536,98
(参考)昼 12 時 UTC,102.32929922807536,103.51421666793452,90
(参考)昼 12 時 UTC,103.51421666793452,104.71285480508985,115
(参考)昼 12 時 UTC,104.71285480508985,105.92537251772897,97
(参考)昼 12 時 UTC,105.92537251772897,107.15193052376048,110
(参考)昼 12 時 UTC,107.15193052376048,108.39269140212039,123
(参考)昼 12 時 UTC,108.39269140212039,109.64781961431873,80
(参考)昼 12 時 UTC,109.64781961431873,110.9174815262401,104
(参考)昼 12 時 UTC,110.9174815262401,112.20184543019653,107
(参考)昼 12 時 UTC,112.20184543019653,113.50108156723144,114
(参考)昼 12 時 UTC,113.50108156723144,114.81536214968841,73
(参考)昼 12 時 UTC,114.81536214968841,116.14486138403414,112
(参考)昼 12 時 UTC,116.14486138403414,117.48975549395303,106
(参考)昼 12 時 UTC,117.48975549395303,118.85022274370213,90
(参考)昼 12 時 UTC,118.85022274370213,120.22644346174131,131
(参考)昼 12 時 UTC,120.22644346174131,121.61860006463704,146
(参考)昼 12 時 UTC,121.61860006463704,123.02687708123811,115
(参考)昼 12 時 UTC,123.02687708123811,124.4514611771387,110
(参考)昼 12 時 UTC,124.4514611771387,125.89254117941663,107
(参考)昼 12 時 UTC,125.89254117941663,127.3503081016663,89
(参考)昼 12 時 UTC,127.3503081016663,128.82495516931323,87
(参考)昼 12 時 UTC,128.82495516931323,130.31667784523,95
(参考)昼 12 時 UTC,130.31667784523,131.825673855641,86
(参考)昼 12 時 UTC,131.825673855641,133.3521432163324,80
(参考)昼 12 時 UTC,133.3521432163324,134.8962882591656,84
(参考)昼 12 時 UTC,134.8962882591656,136.4583136588924,117
(参考)昼 12 時 UTC,136.4583136588924,138.03842646028866,83
(参考)昼 12 時 UTC,138.03842646028866,139.63683610559363,86
(参考)昼 12 時 UTC,139.63683610559363,141.25375446227554,89
(参考)昼 12 時 UTC,141.25375446227554,142.88939585111007,92
(参考)昼 12 時 UTC,142.88939585111007,144.5439770745928,73
(参考)昼 12 時 UTC,144.5439770745928,146.21771744567212,117
(参考)昼 12 時 UTC,146.21771744567212,147.91083881682073,91
(参考)昼 12 時 UTC,147.91083881682073,149.62356560944357,82
(参考)昼 12 時 UTC,149.62356560944357,151.3561248436207,89
(参考)昼 12 時 UTC,151.3561248436207,153.1087461682032,71
(参考)昼 12 時 UTC,153.1087461682032,154.88166189124794,86
(参考)昼 12 時 UTC,154.88166189124794,156.67510701081503,102
(参考)昼 12 時 UTC,156.67510701081503,158.48931924611173,68
(参考)昼 12 時 UTC,158.48931924611173,160.32453906900417,80
(参考)昼 12 時 UTC,160.32453906900417,162.18100973589333,97
(参考)昼 12 時 UTC,162.18100973589333,164.05897731995387,69
(参考)昼 12 時 UTC,164.05897731995387,165.9586907437563,108
(参考)昼 12 時 UTC,165.9586907437563,167.88040181225588,78
(参考)昼 12 時 UTC,167.88040181225588,169.8243652461746,79
(参考)昼 12 時 UTC,169.8243652461746,171.79083871575858,81
(参考)昼 12 時 UTC,171.79083871575858,173.78008287493762,74
(参考)昼 12 時 UTC,173.78008287493762,175.79236139586968,97
(参考)昼 12 時 UTC,175.79236139586968,177.82794100389228,89
(参考)昼 12 時 UTC,177.82794100389228,179.8870915128791,72
(参考)昼 12 時 UTC,179.8870915128791,181.97008586099827,97
(参考)昼 12 時 UTC,181.97008586099827,184.07720014689582,61
(参考)昼 12 時 UTC,184.07720014689582,186.20871366628657,70
(参考)昼 12 時 UTC,186.20871366628657,188.3649089489802,59
(参考)昼 12 時 UTC,188.3649089489802,190.54607179632444,75
(参考)昼 12 時 UTC,190.54607179632444,192.75249131909365,64
(参考)昼 12 時 UTC,192.75249131909365,194.98445997580495,78
(参考)昼 12 時 UTC,194.98445997580495,197.24227361148533,86
(参考)昼 12 時 UTC,197.24227361148533,199.5262314968883,72
(参考)昼 12 時 UTC,199.5262314968883,201.83663636815598,59
(参考)昼 12 時 UTC,201.83663636815598,204.17379446695315,63
(参考)昼 12 時 UTC,204.17379446695315,206.5380155810527,65
(参考)昼 12 時 UTC,206.5380155810527,208.92961308540407,67
(参考)昼 12 時 UTC,208.92961308540407,211.3489039836652,88
(参考)昼 12 時 UTC,211.3489039836652,213.79620895022325,60
(参考)昼 12 時 UTC,213.79620895022325,216.27185237270245,79
(参考)昼 12 時 UTC,216.27185237270245,218.77616239495518,54
(参考)昼 12 時 UTC,218.77616239495518,221.30947096056408,72
(参考)昼 12 時 UTC,221.30947096056408,223.87211385683378,76
(参考)昼 12 時 UTC,223.87211385683378,226.4644307593062,68
(参考)昼 12 時 UTC,226.4644307593062,229.08676527677702,74
(参考)昼 12 時 UTC,229.08676527677702,231.73946499684797,87
(参考)昼 12 時 UTC,231.73946499684797,234.42288153199274,52
(参考)昼 12 時 UTC,234.42288153199274,237.13737056616552,68
(参考)昼 12 時 UTC,237.13737056616552,239.8832919019495,123
(参考)昼 12 時 UTC,239.8832919019495,242.66100950824142,209
(参考)昼 12 時 UTC,242.66100950824142,245.47089156850336,80
(参考)昼 12 時 UTC,245.47089156850336,248.3133105295568,62
(参考)昼 12 時 UTC,248.3133105295568,251.18864315095823,49
(参考)昼 12 時 UTC,251.18864315095823,254.09727055493013,74
(参考)昼 12 時 UTC,254.09727055493013,257.03957827688646,66
(参考)昼 12 時 UTC,257.03957827688646,260.01595631652776,52
(参考)昼 12 時 UTC,260.01595631652776,263.02679918953817,60
(参考)昼 12 時 UTC,263.02679918953817,266.0725059798814,35
(参考)昼 12 時 UTC,266.0725059798814,269.1534803926914,52
(参考)昼 12 時 UTC,269.1534803926914,272.27013080779153,68
(参考)昼 12 時 UTC,272.27013080779153,275.4228703338163,41
(参考)昼 12 時 UTC,275.4228703338163,278.61211686297725,45
(参考)昼 12 時 UTC,278.61211686297725,281.83829312644605,59
(参考)昼 12 時 UTC,281.83829312644605,285.10182675039096,48
(参考)昼 12 時 UTC,285.10182675039096,288.4031503126612,46
(参考)昼 12 時 UTC,288.4031503126612,291.7427014001166,42
(参考)昼 12 時 UTC,291.7427014001166,295.120922666639,57
(参考)昼 12 時 UTC,295.120922666639,298.53826189179574,63
(参考)昼 12 時 UTC,298.53826189179574,301.9951720402019,91
(参考)昼 12 時 UTC,301.9951720402019,305.4921113215509,88
(参考)昼 12 時 UTC,305.4921113215509,309.0295432513592,63
(参考)昼 12 時 UTC,309.0295432513592,312.6079367123962,55
(参考)昼 12 時 UTC,312.6079367123962,316.22776601683796,53
(参考)昼 12 時 UTC,316.22776601683796,319.88951096914036,53
(参考)昼 12 時 UTC,319.88951096914036,323.5936569296281,48
(参考)昼 12 時 UTC,323.5936569296281,327.34069487883863,47
(参考)昼 12 時 UTC,327.34069487883863,331.13112148259074,45
(参考)昼 12 時 UTC,331.13112148259074,334.9654391578279,34
(参考)昼 12 時 UTC,334.9654391578279,338.844156139202,27
(参考)昼 12 時 UTC,338.844156139202,342.76778654645045,47
(参考)昼 12 時 UTC,342.76778654645045,346.7368504525324,24
(参考)昼 12 時 UTC,346.7368504525324,350.75187395256796,33
(参考)昼 12 時 UTC,350.75187395256796,354.81338923357606,61
(参考)昼 12 時 UTC,354.81338923357606,358.92193464500497,44
(参考)昼 12 時 UTC,358.92193464500497,363.07805477010174,38
(参考)昼 12 時 UTC,363.07805477010174,367.2823004980842,41
(参考)昼 12 時 UTC,367.2823004980842,371.53522909717276,37
(参考)昼 12 時 UTC,371.53522909717276,375.8374042884451,30
(参考)昼 12 時 UTC,375.8374042884451,380.1893963205613,40
(参考)昼 12 時 UTC,380.1893963205613,384.5917820453543,35
(参考)昼 12 時 UTC,384.5917820453543,389.04514499428046,34
(参考)昼 12 時 UTC,389.04514499428046,393.550075455778,29
(参考)昼 12 時 UTC,393.550075455778,398.1071705534969,39
(参考)昼 12 時 UTC,398.1071705534969,402.7170343254595,39
(参考)昼 12 時 UTC,402.7170343254595,407.3802778041122,37
(参考)昼 12 時 UTC,407.3802778041122,412.0975190973304,25
(参考)昼 12 時 UTC,412.0975190973304,416.86938347033634,27
(参考)昼 12 時 UTC,416.86938347033634,421.6965034285823,59
(参考)昼 12 時 UTC,421.6965034285823,426.57951880159345,34
(参考)昼 12 時 UTC,426.57951880159345,431.519076827765,17
(参考)昼 12 時 UTC,431.519076827765,436.51583224016656,21
(参考)昼 12 時 UTC,436.51583224016656,441.5704473533121,23
(参考)昼 12 時 UTC,441.5704473533121,446.6835921509635,28
(参考)昼 12 時 UTC,446.6835921509635,451.8559443749217,23
(参考)昼 12 時 UTC,451.8559443749217,457.0881896148752,37
(参考)昼 12 時 UTC,457.0881896148752,462.3810213992613,44
(参考)昼 12 時 UTC,462.3810213992613,467.73514128719813,31
(参考)昼 12 時 UTC,467.73514128719813,473.15125896148123,42
(参考)昼 12 時 UTC,473.15125896148123,478.630092322638,49
(参考)昼 12 時 UTC,478.630092322638,484.1723675840999,47
(参考)昼 12 時 UTC,484.1723675840999,489.7788193684456,28
(参考)昼 12 時 UTC,489.7788193684456,495.45019080479057,25
(参考)昼 12 時 UTC,495.45019080479057,501.18723362727354,38
(参考)昼 12 時 UTC,501.18723362727354,506.99070827470445,38
(参考)昼 12 時 UTC,506.99070827470445,512.8613839913659,34
(参考)昼 12 時 UTC,512.8613839913659,518.8000389289609,37
(参考)昼 12 時 UTC,518.8000389289609,524.8074602497734,38
(参考)昼 12 時 UTC,524.8074602497734,530.8844442309879,17
(参考)昼 12 時 UTC,530.8844442309879,537.0317963702532,33
(参考)昼 12 時 UTC,537.0317963702532,543.2503314924325,22
(参考)昼 12 時 UTC,543.2503314924325,549.5408738576248,22
(参考)昼 12 時 UTC,549.5408738576248,555.9042572704049,14
(参考)昼 12 時 UTC,555.9042572704049,562.341325190349,18
(参考)昼 12 時 UTC,562.341325190349,568.8529308438425,30
(参考)昼 12 時 UTC,568.8529308438425,575.4399373371566,27
(参考)昼 12 時 UTC,575.4399373371566,582.1032177708722,22
(参考)昼 12 時 UTC,582.1032177708722,588.8436553555883,31
(参考)昼 12 時 UTC,588.8436553555883,595.6621435290109,14
(参考)昼 12 時 UTC,595.6621435290109,602.5595860743568,44
(参考)昼 12 時 UTC,602.5595860743568,609.5368972401693,37
(参考)昼 12 時 UTC,609.5368972401693,616.5950018614835,39
(参考)昼 12 時 UTC,616.5950018614835,623.7348354824192,24
(参考)昼 12 時 UTC,623.7348354824192,630.9573444801943,20
(参考)昼 12 時 UTC,630.9573444801943,638.2634861905483,39
(参考)昼 12 時 UTC,638.2634861905483,645.6542290346563,14
(参考)昼 12 時 UTC,645.6542290346563,653.1305526474716,28
(参考)昼 12 時 UTC,653.1305526474716,660.6934480075964,38
(参考)昼 12 時 UTC,660.6934480075964,668.3439175686162,10
(参考)昼 12 時 UTC,668.3439175686162,676.0829753919819,21
(参考)昼 12 時 UTC,676.0829753919819,683.9116472814306,29
(参考)昼 12 時 UTC,683.9116472814306,691.8309709189363,9
(参考)昼 12 時 UTC,691.8309709189363,699.8419960022745,7
(参考)昼 12 時 UTC,699.8419960022745,707.9457843841374,9
(参考)昼 12 時 UTC,707.9457843841374,716.1434102129027,21
(参考)昼 12 時 UTC,716.1434102129027,724.4359600749891,53
(参考)昼 12 時 UTC,724.4359600749891,732.8245331389045,12
(参考)昼 12 時 UTC,732.8245331389045,741.3102413009192,25
(参考)昼 12 時 UTC,741.3102413009192,749.8942093324558,25
(参考)昼 12 時 UTC,749.8942093324558,758.5775750291851,24
(参考)昼 12 時 UTC,758.5775750291851,767.3614893618186,14
(参考)昼 12 時 UTC,767.3614893618186,776.2471166286928,21
(参考)昼 12 時 UTC,776.2471166286928,785.235634610071,14
(参考)昼 12 時 UTC,785.235634610071,794.3282347242822,21
(参考)昼 12 時 UTC,794.3282347242822,803.526122185616,16
(参考)昼 12 時 UTC,803.526122185616,812.8305161640995,27
(参考)昼 12 時 UTC,812.8305161640995,822.2426499470729,31
(参考)昼 12 時 UTC,822.2426499470729,831.7637711026708,16
(参考)昼 12 時 UTC,831.7637711026708,841.3951416451964,11
(参考)昼 12 時 UTC,841.3951416451964,851.1380382023759,15
(参考)昼 12 時 UTC,851.1380382023759,860.9937521846016,10
(参考)昼 12 時 UTC,860.9937521846016,870.9635899560797,13
(参考)昼 12 時 UTC,870.9635899560797,881.0488730080147,21
(参考)昼 12 時 UTC,881.0488730080147,891.2509381337477,4
(参考)昼 12 時 UTC,891.2509381337477,901.571137605957,55
(参考)昼 12 時 UTC,901.571137605957,912.0108393559116,20
(参考)昼 12 時 UTC,912.0108393559116,922.5714271547629,13
(参考)昼 12 時 UTC,922.5714271547629,933.2543007969924,12
(参考)昼 12 時 UTC,933.2543007969924,944.0608762859226,19
(参考)昼 12 時 UTC,944.0608762859226,954.9925860214369,10
(参考)昼 12 時 UTC,954.9925860214369,966.0508789898121,5
(参考)昼 12 時 UTC,966.0508789898121,977.2372209558112,3
(参考)昼 12 時 UTC,977.2372209558112,988.5530946569411,9
(参考)昼 12 時 UTC,988.5530946569411,1000.0,10
(参考)昼 12 時 UTC,1000.0,1011.5794542599003,4
(参考)昼 12 時 UTC,1011.5794542599003,1023.2929922807537,18
(参考)昼 12 時 UTC,1023.2929922807537,1035.142166679345,6
(参考)昼 12 時 UTC,1035.142166679345,1047.1285480508984,5
(参考)昼 12 時 UTC,1047.1285480508984,1059.2537251772897,3
(参考)昼 12 時 UTC,1059.2537251772897,1071.5193052376092,12
(参考)昼 12 時 UTC,1071.5193052376092,1083.9269140212039,15
(参考)昼 12 時 UTC,1083.9269140212039,1096.4781961431872,4
(参考)昼 12 時 UTC,1096.4781961431872,1109.174815262401,8
(参考)昼 12 時 UTC,1109.174815262401,1122.0184543019652,6
(参考)昼 12 時 UTC,1122.0184543019652,1135.0108156723143,4
(参考)昼 12 時 UTC,1135.0108156723143,1148.1536214968842,19
(参考)昼 12 時 UTC,1148.1536214968842,1161.4486138403415,22
(参考)昼 12 時 UTC,1161.4486138403415,1174.8975549395302,10
(参考)昼 12 時 UTC,1174.8975549395302,1188.5022274370212,4
(参考)昼 12 時 UTC,1188.5022274370212,1202.2644346174131,34
(参考)昼 12 時 UTC,1202.2644346174131,1216.1860006463703,11
(参考)昼 12 時 UTC,1216.1860006463703,1230.268770812381,15
(参考)昼 12 時 UTC,1230.268770812381,1244.5146117713869,27
(参考)昼 12 時 UTC,1244.5146117713869,1258.9254117941662,22
(参考)昼 12 時 UTC,1258.9254117941662,1273.503081016663,14
(参考)昼 12 時 UTC,1273.503081016663,1288.2495516931324,11
(参考)昼 12 時 UTC,1288.2495516931324,1303.1667784523,7
(参考)昼 12 時 UTC,1303.1667784523,1318.25673855641,6
(参考)昼 12 時 UTC,1318.25673855641,1333.521432163324,22
(参考)昼 12 時 UTC,1333.521432163324,1348.9628825916561,7
(参考)昼 12 時 UTC,1348.9628825916561,1364.583136588924,9
(参考)昼 12 時 UTC,1364.583136588924,1380.3842646028866,16
(参考)昼 12 時 UTC,1380.3842646028866,1396.3683610559362,12
(参考)昼 12 時 UTC,1396.3683610559362,1412.5375446227554,8
(参考)昼 12 時 UTC,1412.5375446227554,1428.8939585111066,66
(参考)昼 12 時 UTC,1428.8939585111066,1445.439770745928,26
(参考)昼 12 時 UTC,1445.439770745928,1462.1771744567213,9
(参考)昼 12 時 UTC,1462.1771744567213,1479.1083881682073,14
(参考)昼 12 時 UTC,1479.1083881682073,1496.2356560944359,6
(参考)昼 12 時 UTC,1496.2356560944359,1513.5612484362073,4
(参考)昼 12 時 UTC,1513.5612484362073,1531.087461682032,10
(参考)昼 12 時 UTC,1531.087461682032,1548.8166189124795,9
(参考)昼 12 時 UTC,1548.8166189124795,1566.75107010815,9
(参考)昼 12 時 UTC,1566.75107010815,1584.8931924611175,9
(参考)昼 12 時 UTC,1584.8931924611175,1603.2453906900419,7
(参考)昼 12 時 UTC,1603.2453906900419,1621.8100973589333,10
(参考)昼 12 時 UTC,1621.8100973589333,1640.5897731995387,18
(参考)昼 12 時 UTC,1640.5897731995387,1659.586907437563,6
(参考)昼 12 時 UTC,1659.586907437563,1678.804018122559,6
(参考)昼 12 時 UTC,1678.804018122559,1698.243652461746,21
(参考)昼 12 時 UTC,1698.243652461746,1717.9083871575858,12
(参考)昼 12 時 UTC,1717.9083871575858,1737.8008287493763,24
(参考)昼 12 時 UTC,1737.8008287493763,1757.9236139586967,18
(参考)昼 12 時 UTC,1757.9236139586967,1778.2794100389228,7
(参考)昼 12 時 UTC,1778.2794100389228,1798.870915128791,19
(参考)昼 12 時 UTC,1798.870915128791,1819.7008586099826,8
(参考)昼 12 時 UTC,1819.7008586099826,1840.7720014689583,11
(参考)昼 12 時 UTC,1840.7720014689583,1862.0871366628655,7
(参考)昼 12 時 UTC,1862.0871366628655,1883.649089489802,13
(参考)昼 12 時 UTC,1883.649089489802,1905.4607179632521,10
(参考)昼 12 時 UTC,1905.4607179632521,1927.5249131909366,14
(参考)昼 12 時 UTC,1927.5249131909366,1949.8445997580495,6
(参考)昼 12 時 UTC,1949.8445997580495,1972.4227361148535,4
(参考)昼 12 時 UTC,1972.4227361148535,1995.262314968883,2
(参考)昼 12 時 UTC,1995.262314968883,2018.3663636815597,4
(参考)昼 12 時 UTC,2018.3663636815597,2041.7379446695318,9
(参考)昼 12 時 UTC,2041.7379446695318,2065.380155810527,4
(参考)昼 12 時 UTC,2065.380155810527,2089.2961308540407,3
(参考)昼 12 時 UTC,2089.2961308540407,2113.489039836652,10
(参考)昼 12 時 UTC,2113.489039836652,2137.9620895022326,9
(参考)昼 12 時 UTC,2137.9620895022326,2162.7185237270246,4
(参考)昼 12 時 UTC,2162.7185237270246,2187.761623949552,4
(参考)昼 12 時 UTC,2187.761623949552,2213.094709605641,2
(参考)昼 12 時 UTC,2213.094709605641,2238.7211385683377,8
(参考)昼 12 時 UTC,2238.7211385683377,2264.644307593062,5
(参考)昼 12 時 UTC,2264.644307593062,2290.86765276777,10
(参考)昼 12 時 UTC,2290.86765276777,2317.39464996848,4
(参考)昼 12 時 UTC,2317.39464996848,2344.2288153199274,10
(参考)昼 12 時 UTC,2344.2288153199274,2371.373705661655,11
(参考)昼 12 時 UTC,2371.373705661655,2398.832919019495,97
(参考)昼 12 時 UTC,2398.832919019495,2426.6100950824143,7
(参考)昼 12 時 UTC,2426.6100950824143,2454.7089156850334,3
(参考)昼 12 時 UTC,2454.7089156850334,2483.133105295568,2
(参考)昼 12 時 UTC,2483.133105295568,2511.886431509582,8
(参考)昼 12 時 UTC,2511.886431509582,2540.9727055493117,11
(参考)昼 12 時 UTC,2540.9727055493117,2570.3957827688646,7
(参考)昼 12 時 UTC,2570.3957827688646,2600.1595631652776,5
(参考)昼 12 時 UTC,2600.1595631652776,2630.2679918953813,7
(参考)昼 12 時 UTC,2630.2679918953813,2660.725059798814,4
(参考)昼 12 時 UTC,2660.725059798814,2691.534803926914,3
(参考)昼 12 時 UTC,2691.534803926914,2722.7013080779157,15
(参考)昼 12 時 UTC,2722.7013080779157,2754.228703338163,10
(参考)昼 12 時 UTC,2786.121168629772,2818.3829312644607,3
(参考)昼 12 時 UTC,2818.3829312644607,2851.0182675039096,2
(参考)昼 12 時 UTC,2851.0182675039096,2884.031503126612,7
(参考)昼 12 時 UTC,2884.031503126612,2917.427014001166,3
(参考)昼 12 時 UTC,2917.427014001166,2951.20922666639,2
(参考)昼 12 時 UTC,2951.20922666639,2985.382618917957,1
(参考)昼 12 時 UTC,2985.382618917957,3019.951720402019,17
(参考)昼 12 時 UTC,3019.951720402019,3054.921113215509,8
(参考)昼 12 時 UTC,3054.921113215509,3090.295432513592,3
(参考)昼 12 時 UTC,3090.295432513592,3126.079367123962,12
(参考)昼 12 時 UTC,3126.079367123962,3162.2776601683795,3
(参考)昼 12 時 UTC,3198.895109691404,3235.936569296281,5
(参考)昼 12 時 UTC,3235.936569296281,3273.406948788386,10
(参考)昼 12 時 UTC,3273.406948788386,3311.311214825908,3
(参考)昼 12 時 UTC,3311.311214825908,3349.6543915782795,5
(参考)昼 12 時 UTC,3349.6543915782795,3388.441561392034,1
(参考)昼 12 時 UTC,3388.441561392034,3427.6778654645045,5
(参考)昼 12 時 UTC,3427.6778654645045,3467.3685045253237,2
(参考)昼 12 時 UTC,3467.3685045253237,3507.5187395256794,8
(参考)昼 12 時 UTC,3507.5187395256794,3548.1338923357603,13
(参考)昼 12 時 UTC,3548.1338923357603,3589.2193464500497,6
(参考)昼 12 時 UTC,3589.2193464500497,3630.7805477010174,19
(参考)昼 12 時 UTC,3630.7805477010174,3672.8230049808426,10
(参考)昼 12 時 UTC,3672.8230049808426,3715.3522909717276,4
(参考)昼 12 時 UTC,3715.3522909717276,3758.374042884451,3
(参考)昼 12 時 UTC,3758.374042884451,3801.8939632056126,1
(参考)昼 12 時 UTC,3801.8939632056126,3845.9178204535433,4
(参考)昼 12 時 UTC,3845.9178204535433,3890.4514499428046,2
(参考)昼 12 時 UTC,3890.4514499428046,3935.5007545577805,13
(参考)昼 12 時 UTC,3935.5007545577805,3981.071705534969,4
(参考)昼 12 時 UTC,3981.071705534969,4027.170343254595,2
(参考)昼 12 時 UTC,4027.170343254595,4073.802778041122,11
(参考)昼 12 時 UTC,4073.802778041122,4120.975190973304,1
(参考)昼 12 時 UTC,4120.975190973304,4168.693834703364,6
(参考)昼 12 時 UTC,4168.693834703364,4216.965034285822,2
(参考)昼 12 時 UTC,4216.965034285822,4265.795188015934,5
(参考)昼 12 時 UTC,4265.795188015934,4315.19076827765,6
(参考)昼 12 時 UTC,4315.19076827765,4365.158322401666,5
(参考)昼 12 時 UTC,4365.158322401666,4415.704473533121,8
(参考)昼 12 時 UTC,4415.704473533121,4466.835921509635,5
(参考)昼 12 時 UTC,4466.835921509635,4518.5594437492355,5
(参考)昼 12 時 UTC,4518.5594437492355,4570.881896148751,17
(参考)昼 12 時 UTC,4570.881896148751,4623.810213992613,20
(参考)昼 12 時 UTC,4623.810213992613,4677.351412871981,1
(参考)昼 12 時 UTC,4677.351412871981,4731.512589614813,3
(参考)昼 12 時 UTC,4731.512589614813,4786.30092322638,13
(参考)昼 12 時 UTC,4786.30092322638,4841.723675840999,3
(参考)昼 12 時 UTC,4841.723675840999,4897.788193684456,5
(参考)昼 12 時 UTC,4897.788193684456,4954.501908047905,7
(参考)昼 12 時 UTC,4954.501908047905,5011.872336272735,4
(参考)昼 12 時 UTC,5011.872336272735,5069.907082747044,2
(参考)昼 12 時 UTC,5069.907082747044,5128.613839913659,1
(参考)昼 12 時 UTC,5128.613839913659,5188.000389289609,12
(参考)昼 12 時 UTC,5188.000389289609,5248.074602497733,9
(参考)昼 12 時 UTC,5248.074602497733,5308.844442309879,33
(参考)昼 12 時 UTC,5308.844442309879,5370.317963702532,10
(参考)昼 12 時 UTC,5370.317963702532,5432.503314924325,5
(参考)昼 12 時 UTC,5495.408738576249,5559.042572704048,7
(参考)昼 12 時 UTC,5559.042572704048,5623.413251903491,3
(参考)昼 12 時 UTC,5623.413251903491,5688.529308438425,17
(参考)昼 12 時 UTC,5688.529308438425,5754.399373371566,1
(参考)昼 12 時 UTC,5754.399373371566,5821.032177708722,2
(参考)昼 12 時 UTC,5956.62143529011,6025.595860743593,3
(参考)昼 12 時 UTC,6025.595860743593,6095.368972401694,1
(参考)昼 12 時 UTC,6095.368972401694,6165.950018614834,1
(参考)昼 12 時 UTC,6382.6348619054825,6456.542290346562,1
(参考)昼 12 時 UTC,6531.305526474716,6606.9344800759645,4
(参考)昼 12 時 UTC,6606.9344800759645,6683.439175686162,1
(参考)昼 12 時 UTC,6683.439175686162,6760.829753919819,2
(参考)昼 12 時 UTC,6760.829753919819,6839.116472814307,1
(参考)昼 12 時 UTC,7079.457843841374,7161.434102129027,1
(参考)昼 12 時 UTC,7161.434102129027,7244.359600749891,5
(参考)昼 12 時 UTC,7244.359600749891,7328.245331389045,2
(参考)昼 12 時 UTC,7328.245331389045,7413.102413009192,3
(参考)昼 12 時 UTC,7413.102413009192,7498.942093324558,1
(参考)昼 12 時 UTC,7498.942093324558,7585.775750291851,2
(参考)昼 12 時 UTC,7585.775750291851,7673.614893618185,2
(参考)昼 12 時 UTC,7762.471166286928,7852.35634610071,5
(参考)昼 12 時 UTC,8128.305161640995,8222.426499470728,13
(参考)昼 12 時 UTC,8222.426499470728,8317.63771102671,2
(参考)昼 12 時 UTC,8317.63771102671,8413.951416451964,2
(参考)昼 12 時 UTC,8413.951416451964,8511.380382023759,4
(参考)昼 12 時 UTC,8511.380382023759,8609.937521846015,1
(参考)昼 12 時 UTC,9015.711376059571,9120.108393559116,2
(参考)昼 12 時 UTC,9120.108393559116,9225.71427154763,1
(参考)昼 12 時 UTC,9332.543007969924,9440.608762859227,1
(参考)昼 12 時 UTC,9772.372209558112,9885.530946569412,2
(参考)昼 12 時 UTC,11220.184543019654,11350.108156723143,6
(参考)昼 12 時 UTC,11748.975549395303,11885.022274370214,1
(参考)昼 12 時 UTC,11885.022274370214,12022.644346174131,2
(参考)昼 12 時 UTC,12302.68770812381,12445.14611771387,1
(参考)昼 12 時 UTC,13963.683610559363,14125.375446227554,1
(参考)昼 12 時 UTC,14125.375446227554,14288.939585111066,3
(参考)昼 12 時 UTC,14288.939585111066,14454.39770745928,28
(参考)昼 12 時 UTC,14621.771744567213,14791.083881682072,2
(参考)昼 12 時 UTC,18836.49089489802,19054.607179632523,1
(参考)昼 12 時 UTC,21134.89039836652,21379.620895022323,1
(参考)昼 12 時 UTC,27542.28703338163,27861.211686297724,1
(参考)昼 12 時 UTC,29174.27014001166,29512.0922666639,1
(参考)昼 12 時 UTC,30902.95432513592,31260.793671239622,1
(参考)昼 12 時 UTC,38459.178204535434,38904.51449942805,1
(参考)昼 12 時 UTC,38904.51449942805,39355.007545577806,1
(参考)昼 12 時 UTC,39355.007545577806,39810.71705534969,2
(参考)昼 12 時 UTC,39810.71705534969,40271.703432545946,1
(参考)昼 12 時 UTC,40271.703432545946,40738.02778041122,1
(参考)昼 12 時 UTC,41686.93834703363,42169.65034285822,1
(参考)昼 12 時 UTC,42169.65034285822,42657.951880159344,27
(参考)昼 12 時 UTC,42657.951880159344,43151.9076827765,19
(参考)昼 12 時 UTC,44157.044735331205,44668.359215096345,1
(参考)昼 12 時 UTC,45185.59443749236,45708.818961487515,1
(参考)昼 12 時 UTC,48977.88193684456,49545.019080479055,3
(参考)昼 12 時 UTC,49545.019080479055,50118.72336272735,1
(参考)昼 12 時 UTC,54325.03314924325,54954.08738576248,1
(参考)昼 12 時 UTC,54954.08738576248,55590.425727040485,2
(参考)昼 12 時 UTC,56234.13251903491,56885.29308438425,3
(参考)昼 12 時 UTC,56885.29308438425,57543.993733715666,1
(参考)昼 12 時 UTC,57543.993733715666,58210.321777087214,1
(参考)昼 12 時 UTC,58210.321777087214,58884.36553555884,1
(参考)昼 12 時 UTC,64565.422903465624,65313.05526474716,2
(参考)昼 12 時 UTC,86099.37521846016,87096.35899560797,1
(参考)昼 12 時 UTC,87096.35899560797,88104.88730080146,1
(参考)昼 12 時 UTC,110917.4815262401,112201.84543019652,60
(参考)昼 12 時 UTC,116144.86138403414,117489.75549395304,34
(参考)昼 12 時 UTC,124451.4611771387,125892.54117941661,1
(参考)昼 12 時 UTC,130316.67784523,131825.673855641,1
(参考)昼 12 時 UTC,151356.12484362072,153108.7461682032,1
(参考)昼 12 時 UTC,153108.7461682032,154881.66189124796,1
(参考)昼 12 時 UTC,165958.6907437563,167880.4018122559,1
(参考)昼 12 時 UTC,208929.6130854041,211348.9039836652,3
(参考)昼 12 時 UTC,211348.9039836652,213796.20895022326,1
(参考)昼 12 時 UTC,213796.20895022326,216271.85237270244,2
(参考)昼 12 時 UTC,216271.85237270244,218776.16239495517,2
(参考)昼 12 時 UTC,218776.16239495517,221309.4709605641,4
(参考)昼 12 時 UTC,263026.7991895382,266072.5059798814,1
(参考)昼 12 時 UTC,346736.85045253235,350751.8739525679,1
(参考)昼 12 時 UTC,412097.5190973304,416869.3834703364,1
(参考)昼 12 時 UTC,446683.5921509635,451855.94437492354,1
(参考)夜 12 時 UTC,0.007079457843841388,0.007161434102129027,2
(参考)夜 12 時 UTC,0.024266100950824144,0.024547089156850336,1
(参考)夜 12 時 UTC,0.025118864315095822,0.025409727055493065,1
(参考)夜 12 時 UTC,0.03162277660168379,0.03198895109691397,1
(参考)夜 12 時 UTC,0.03235936569296281,0.03273406948788386,5
(参考)夜 12 時 UTC,0.03630780547701017,0.0367282300498085,1
(参考)夜 12 時 UTC,0.03758374042884443,0.038018939632056124,1
(参考)夜 12 時 UTC,0.039355007545577726,0.039810717055349776,1
(参考)夜 12 時 UTC,0.04027170343254595,0.0407380277804113,1
(参考)夜 12 時 UTC,0.0431519076827765,0.04365158322401665,1
(参考)夜 12 時 UTC,0.04365158322401665,0.044157044735331295,8
(参考)夜 12 時 UTC,0.044157044735331295,0.04466835921509635,1
(参考)夜 12 時 UTC,0.04466835921509635,0.04518559443749226,4
(参考)夜 12 時 UTC,0.04518559443749226,0.04570881896148752,7
(参考)夜 12 時 UTC,0.04570881896148752,0.04623810213992603,1
(参考)夜 12 時 UTC,0.04623810213992603,0.046773514128719815,4
(参考)夜 12 時 UTC,0.046773514128719815,0.04731512589614803,10
(参考)夜 12 時 UTC,0.04731512589614803,0.0478630092322638,9
(参考)夜 12 時 UTC,0.0478630092322638,0.04841723675840999,25
(参考)夜 12 時 UTC,0.04841723675840999,0.048977881936844665,15
(参考)夜 12 時 UTC,0.048977881936844665,0.04954501908047906,25
(参考)夜 12 時 UTC,0.04954501908047906,0.05011872336272725,80
(参考)夜 12 時 UTC,0.05011872336272725,0.050699070827470445,119
(参考)夜 12 時 UTC,0.050699070827470445,0.05128613839913648,119
(参考)夜 12 時 UTC,0.05128613839913648,0.0518800038928961,148
(参考)夜 12 時 UTC,0.0518800038928961,0.05248074602497723,156
(参考)夜 12 時 UTC,0.05248074602497723,0.0530884444230989,167
(参考)夜 12 時 UTC,0.0530884444230989,0.053703179637025325,141
(参考)夜 12 時 UTC,0.053703179637025325,0.05432503314924336,139
(参考)夜 12 時 UTC,0.05432503314924336,0.05495408738576248,195
(参考)夜 12 時 UTC,0.05495408738576248,0.05559042572704037,155
(参考)夜 12 時 UTC,0.05559042572704037,0.05623413251903491,121
(参考)夜 12 時 UTC,0.05623413251903491,0.05688529308438413,193
(参考)夜 12 時 UTC,0.05688529308438413,0.057543993733715666,247
(参考)夜 12 時 UTC,0.057543993733715666,0.058210321777087216,275
(参考)夜 12 時 UTC,0.058210321777087216,0.05888436553555896,231
(参考)夜 12 時 UTC,0.05888436553555896,0.059566214352901097,245
(参考)夜 12 時 UTC,0.059566214352901097,0.06025595860743581,351
(参考)夜 12 時 UTC,0.06025595860743581,0.060953689724016935,444
(参考)夜 12 時 UTC,0.060953689724016935,0.06165950018614822,657
(参考)夜 12 時 UTC,0.06165950018614822,0.06237348354824192,676
(参考)夜 12 時 UTC,0.06237348354824192,0.0630957344480193,1086
(参考)夜 12 時 UTC,0.0630957344480193,0.06382634861905495,1437
(参考)夜 12 時 UTC,0.06382634861905495,0.06456542290346562,1896
(参考)夜 12 時 UTC,0.06456542290346562,0.06531305526474729,2701
(参考)夜 12 時 UTC,0.06531305526474729,0.06606934480075964,3337
(参考)夜 12 時 UTC,0.06606934480075964,0.06683439175686148,4158
(参考)夜 12 時 UTC,0.06683439175686148,0.06760829753919818,4247
(参考)夜 12 時 UTC,0.06760829753919818,0.06839116472814293,3696
(参考)夜 12 時 UTC,0.06839116472814293,0.06918309709189363,2569
(参考)夜 12 時 UTC,0.06918309709189363,0.06998419960022731,1767
(参考)夜 12 時 UTC,0.06998419960022731,0.07079457843841387,1499
(参考)夜 12 時 UTC,0.07079457843841387,0.07161434102129027,1130
(参考)夜 12 時 UTC,0.07161434102129027,0.07244359600749906,933
(参考)夜 12 時 UTC,0.07244359600749906,0.07328245331389044,825
(参考)夜 12 時 UTC,0.07328245331389044,0.07413102413009177,639
(参考)夜 12 時 UTC,0.07413102413009177,0.07498942093324558,581
(参考)夜 12 時 UTC,0.07498942093324558,0.07585775750291836,575
(参考)夜 12 時 UTC,0.07585775750291836,0.07673614893618186,531
(参考)夜 12 時 UTC,0.07673614893618186,0.07762471166286927,489
(参考)夜 12 時 UTC,0.07762471166286927,0.07852356346100726,341
(参考)夜 12 時 UTC,0.07852356346100726,0.07943282347242822,423
(参考)夜 12 時 UTC,0.07943282347242822,0.08035261221856177,503
(参考)夜 12 時 UTC,0.08035261221856177,0.08128305161640995,532
(参考)夜 12 時 UTC,0.08128305161640995,0.08222426499470713,428
(参考)夜 12 時 UTC,0.08222426499470713,0.08317637711026708,386
(参考)夜 12 時 UTC,0.08317637711026708,0.08413951416451948,446
(参考)夜 12 時 UTC,0.08413951416451948,0.08511380382023777,333
(参考)夜 12 時 UTC,0.08511380382023777,0.08609937521846016,478
(参考)夜 12 時 UTC,0.08609937521846016,0.08709635899560814,414
(参考)夜 12 時 UTC,0.08709635899560814,0.08810488730080146,319
(参考)夜 12 時 UTC,0.08810488730080146,0.08912509381337459,273
(参考)夜 12 時 UTC,0.08912509381337459,0.09015711376059571,342
(参考)夜 12 時 UTC,0.09015711376059571,0.09120108393559097,254
(参考)夜 12 時 UTC,0.09120108393559097,0.09225714271547629,258
(参考)夜 12 時 UTC,0.09225714271547629,0.09332543007969905,213
(参考)夜 12 時 UTC,0.09332543007969905,0.09440608762859246,223
(参考)夜 12 時 UTC,0.09440608762859246,0.09549925860214369,194
(参考)夜 12 時 UTC,0.09549925860214369,0.09660508789898141,162
(参考)夜 12 時 UTC,0.09660508789898141,0.09772372209558111,116
(参考)夜 12 時 UTC,0.09772372209558111,0.0988553094656939,106
(参考)夜 12 時 UTC,0.0988553094656939,0.1,96
(参考)夜 12 時 UTC,0.1,0.10115794542599003,153
(参考)夜 12 時 UTC,0.10115794542599003,0.10232929922807536,201
(参考)夜 12 時 UTC,0.10232929922807536,0.10351421666793452,122
(参考)夜 12 時 UTC,0.10351421666793452,0.10471285480508985,174
(参考)夜 12 時 UTC,0.10471285480508985,0.10592537251772897,243
(参考)夜 12 時 UTC,0.10592537251772897,0.10715193052376049,145
(参考)夜 12 時 UTC,0.10715193052376049,0.10839269140212039,171
(参考)夜 12 時 UTC,0.10839269140212039,0.10964781961431873,192
(参考)夜 12 時 UTC,0.10964781961431873,0.11091748152624009,281
(参考)夜 12 時 UTC,0.11091748152624009,0.11220184543019653,271
(参考)夜 12 時 UTC,0.11220184543019653,0.11350108156723143,365
(参考)夜 12 時 UTC,0.11350108156723143,0.1148153621496884,392
(参考)夜 12 時 UTC,0.1148153621496884,0.11614486138403414,485
(参考)夜 12 時 UTC,0.11614486138403414,0.11748975549395303,428
(参考)夜 12 時 UTC,0.11748975549395303,0.11885022274370165,468
(参考)夜 12 時 UTC,0.11885022274370165,0.12022644346174131,451
(参考)夜 12 時 UTC,0.12022644346174131,0.12161860006463704,566
(参考)夜 12 時 UTC,0.12161860006463704,0.1230268770812381,483
(参考)夜 12 時 UTC,0.1230268770812381,0.12445146117713869,528
(参考)夜 12 時 UTC,0.12445146117713869,0.12589254117941662,725
(参考)夜 12 時 UTC,0.12589254117941662,0.12735030810166628,862
(参考)夜 12 時 UTC,0.12735030810166628,0.12882495516931322,1194
(参考)夜 12 時 UTC,0.12882495516931322,0.13031667784523,1780
(参考)夜 12 時 UTC,0.13031667784523,0.131825673855641,2864
(参考)夜 12 時 UTC,0.131825673855641,0.1333521432163324,4743
(参考)夜 12 時 UTC,0.1333521432163324,0.1348962882591656,6062
(参考)夜 12 時 UTC,0.1348962882591656,0.13645831365889238,4631
(参考)夜 12 時 UTC,0.13645831365889238,0.13803842646028866,3026
(参考)夜 12 時 UTC,0.13803842646028866,0.13963683610559363,1664
(参考)夜 12 時 UTC,0.13963683610559363,0.14125375446227553,977
(参考)夜 12 時 UTC,0.14125375446227553,0.14288939585111007,748
(参考)夜 12 時 UTC,0.14288939585111007,0.1445439770745928,598
(参考)夜 12 時 UTC,0.1445439770745928,0.14621771744567214,518
(参考)夜 12 時 UTC,0.14621771744567214,0.1479108388168207,546
(参考)夜 12 時 UTC,0.1479108388168207,0.1496235656094436,387
(参考)夜 12 時 UTC,0.1496235656094436,0.1513561248436207,373
(参考)夜 12 時 UTC,0.1513561248436207,0.1531087461682032,331
(参考)夜 12 時 UTC,0.1531087461682032,0.15488166189124797,277
(参考)夜 12 時 UTC,0.15488166189124797,0.15667510701081502,331
(参考)夜 12 時 UTC,0.15667510701081502,0.1584893192461111,194
(参考)夜 12 時 UTC,0.1584893192461111,0.16032453906900418,174
(参考)夜 12 時 UTC,0.16032453906900418,0.1621810097358933,143
(参考)夜 12 時 UTC,0.1621810097358933,0.16405897731995386,106
(参考)夜 12 時 UTC,0.16405897731995386,0.1659586907437563,118
(参考)夜 12 時 UTC,0.1659586907437563,0.16788040181225589,155
(参考)夜 12 時 UTC,0.16788040181225589,0.1698243652461746,133
(参考)夜 12 時 UTC,0.1698243652461746,0.1717908387157586,172
(参考)夜 12 時 UTC,0.1717908387157586,0.17378008287493762,215
(参考)夜 12 時 UTC,0.17378008287493762,0.17579236139586965,165
(参考)夜 12 時 UTC,0.17579236139586965,0.1778279410038923,300
(参考)夜 12 時 UTC,0.1778279410038923,0.1798870915128791,263
(参考)夜 12 時 UTC,0.1798870915128791,0.18197008586099825,292
(参考)夜 12 時 UTC,0.18197008586099825,0.18407720014689583,223
(参考)夜 12 時 UTC,0.18407720014689583,0.18620871366628655,251
(参考)夜 12 時 UTC,0.18620871366628655,0.1883649089489802,329
(参考)夜 12 時 UTC,0.1883649089489802,0.19054607179632443,369
(参考)夜 12 時 UTC,0.19054607179632443,0.19275249131909367,629
(参考)夜 12 時 UTC,0.19275249131909367,0.19498445997580494,1138
(参考)夜 12 時 UTC,0.19498445997580494,0.19724227361148533,2467
(参考)夜 12 時 UTC,0.19724227361148533,0.19952623149688828,6947
(参考)夜 12 時 UTC,0.19952623149688828,0.20183663636815596,13689
(参考)夜 12 時 UTC,0.20183663636815596,0.20417379446695316,10232
(参考)夜 12 時 UTC,0.20417379446695316,0.2065380155810527,3953
(参考)夜 12 時 UTC,0.2065380155810527,0.2089296130854041,2091
(参考)夜 12 時 UTC,0.2089296130854041,0.21134890398366432,991
(参考)夜 12 時 UTC,0.21134890398366432,0.21379620895022325,825
(参考)夜 12 時 UTC,0.21379620895022325,0.21627185237270244,656
(参考)夜 12 時 UTC,0.21627185237270244,0.21877616239495518,512
(参考)夜 12 時 UTC,0.21877616239495518,0.2213094709605641,436
(参考)夜 12 時 UTC,0.2213094709605641,0.22387211385683378,421
(参考)夜 12 時 UTC,0.22387211385683378,0.2264644307593062,297
(参考)夜 12 時 UTC,0.2264644307593062,0.22908676527677702,384
(参考)夜 12 時 UTC,0.22908676527677702,0.23173946499684797,265
(参考)夜 12 時 UTC,0.23173946499684797,0.23442288153199276,245
(参考)夜 12 時 UTC,0.23442288153199276,0.23713737056616552,160
(参考)夜 12 時 UTC,0.23713737056616552,0.23988329190194949,173
(参考)夜 12 時 UTC,0.23988329190194949,0.24266100950824143,226
(参考)夜 12 時 UTC,0.24266100950824143,0.24547089156850335,238
(参考)夜 12 時 UTC,0.24547089156850335,0.2483133105295568,282
(参考)夜 12 時 UTC,0.2483133105295568,0.25118864315095824,296
(参考)夜 12 時 UTC,0.25118864315095824,0.25409727055493014,393
(参考)夜 12 時 UTC,0.25409727055493014,0.25703957827688645,551
(参考)夜 12 時 UTC,0.25703957827688645,0.26001595631652774,745
(参考)夜 12 時 UTC,0.26001595631652774,0.26302679918953814,1300
(参考)夜 12 時 UTC,0.26302679918953814,0.2660725059798814,3515
(参考)夜 12 時 UTC,0.2660725059798814,0.2691534803926914,7561
(参考)夜 12 時 UTC,0.2691534803926914,0.27227013080779155,4074
(参考)夜 12 時 UTC,0.27227013080779155,0.27542287033381635,2096
(参考)夜 12 時 UTC,0.27542287033381635,0.2786121168629772,1335
(参考)夜 12 時 UTC,0.2786121168629772,0.2818382931264449,1032
(参考)夜 12 時 UTC,0.2818382931264449,0.285101826750391,942
(参考)夜 12 時 UTC,0.285101826750391,0.28840315031266117,942
(参考)夜 12 時 UTC,0.28840315031266117,0.2917427014001166,676
(参考)夜 12 時 UTC,0.2917427014001166,0.29512092266663903,526
(参考)夜 12 時 UTC,0.29512092266663903,0.2985382618917957,423
(参考)夜 12 時 UTC,0.2985382618917957,0.30199517204020193,320
(参考)夜 12 時 UTC,0.30199517204020193,0.3054921113215509,392
(参考)夜 12 時 UTC,0.3054921113215509,0.30902954325135923,354
(参考)夜 12 時 UTC,0.30902954325135923,0.31260793671239623,460
(参考)夜 12 時 UTC,0.31260793671239623,0.31622776601683794,658
(参考)夜 12 時 UTC,0.31622776601683794,0.31988951096914037,709
(参考)夜 12 時 UTC,0.31988951096914037,0.3235936569296281,932
(参考)夜 12 時 UTC,0.3235936569296281,0.3273406948788386,1446
(参考)夜 12 時 UTC,0.3273406948788386,0.3311311214825908,4434
(参考)夜 12 時 UTC,0.3311311214825908,0.33496543915782795,19444
(参考)夜 12 時 UTC,0.33496543915782795,0.33884415613920205,21358
(参考)夜 12 時 UTC,0.33884415613920205,0.34276778654645046,6696
(参考)夜 12 時 UTC,0.34276778654645046,0.3467368504525324,3745
(参考)夜 12 時 UTC,0.3467368504525324,0.35075187395256796,3014
(参考)夜 12 時 UTC,0.35075187395256796,0.354813389233576,2261
(参考)夜 12 時 UTC,0.354813389233576,0.358921934645005,1507
(参考)夜 12 時 UTC,0.358921934645005,0.36307805477010174,1169
(参考)夜 12 時 UTC,0.36307805477010174,0.36728230049808425,931
(参考)夜 12 時 UTC,0.36728230049808425,0.3715352290971728,1106
(参考)夜 12 時 UTC,0.3715352290971728,0.3758374042884451,1315
(参考)夜 12 時 UTC,0.3758374042884451,0.38018939632056126,1613
(参考)夜 12 時 UTC,0.38018939632056126,0.3845917820453543,1726
(参考)夜 12 時 UTC,0.3845917820453543,0.3890451449942805,1616
(参考)夜 12 時 UTC,0.3890451449942805,0.393550075455778,2279
(参考)夜 12 時 UTC,0.393550075455778,0.3981071705534969,7617
(参考)夜 12 時 UTC,0.3981071705534969,0.40271703432545947,37146
(参考)夜 12 時 UTC,0.40271703432545947,0.4073802778041122,32467
(参考)夜 12 時 UTC,0.4073802778041122,0.4120975190973304,8754
(参考)夜 12 時 UTC,0.4120975190973304,0.41686938347033636,4739
(参考)夜 12 時 UTC,0.41686938347033636,0.4216965034285822,3162
(参考)夜 12 時 UTC,0.4216965034285822,0.42657951880159345,2019
(参考)夜 12 時 UTC,0.42657951880159345,0.431519076827765,1200
(参考)夜 12 時 UTC,0.431519076827765,0.43651583224016655,947
(参考)夜 12 時 UTC,0.43651583224016655,0.4415704473533121,773
(参考)夜 12 時 UTC,0.4415704473533121,0.4466835921509635,767
(参考)夜 12 時 UTC,0.4466835921509635,0.4518559443749217,874
(参考)夜 12 時 UTC,0.4518559443749217,0.4570881896148752,1103
(参考)夜 12 時 UTC,0.4570881896148752,0.4623810213992613,1729
(参考)夜 12 時 UTC,0.4623810213992613,0.4677351412871981,5399
(参考)夜 12 時 UTC,0.4677351412871981,0.47315125896148125,8114
(参考)夜 12 時 UTC,0.47315125896148125,0.47863009232263803,3361
(参考)夜 12 時 UTC,0.47863009232263803,0.48417236758409987,2387
(参考)夜 12 時 UTC,0.48417236758409987,0.48977881936844564,1799
(参考)夜 12 時 UTC,0.48977881936844564,0.4954501908047905,1316
(参考)夜 12 時 UTC,0.4954501908047905,0.5011872336272735,838
(参考)夜 12 時 UTC,0.5011872336272735,0.5069907082747045,615
(参考)夜 12 時 UTC,0.5069907082747045,0.5128613839913658,573
(参考)夜 12 時 UTC,0.5128613839913658,0.518800038928961,759
(参考)夜 12 時 UTC,0.518800038928961,0.5248074602497733,979
(参考)夜 12 時 UTC,0.5248074602497733,0.5308844442309879,1668
(参考)夜 12 時 UTC,0.5308844442309879,0.5370317963702532,5759
(参考)夜 12 時 UTC,0.5370317963702532,0.5432503314924325,4234
(参考)夜 12 時 UTC,0.5432503314924325,0.5495408738576248,1725
(参考)夜 12 時 UTC,0.5495408738576248,0.5559042572704048,1267
(参考)夜 12 時 UTC,0.5559042572704048,0.5623413251903491,654
(参考)夜 12 時 UTC,0.5623413251903491,0.5688529308438425,372
(参考)夜 12 時 UTC,0.5688529308438425,0.5754399373371566,384
(参考)夜 12 時 UTC,0.5754399373371566,0.5821032177708722,488
(参考)夜 12 時 UTC,0.5821032177708722,0.5888436553555884,471
(参考)夜 12 時 UTC,0.5888436553555884,0.5956621435290109,812
(参考)夜 12 時 UTC,0.5956621435290109,0.6025595860743569,6347
(参考)夜 12 時 UTC,0.6025595860743569,0.6095368972401694,10277
(参考)夜 12 時 UTC,0.6095368972401694,0.6165950018614835,2973
(参考)夜 12 時 UTC,0.6165950018614835,0.6237348354824191,1521
(参考)夜 12 時 UTC,0.6237348354824191,0.6309573444801942,878
(参考)夜 12 時 UTC,0.6309573444801942,0.6382634861905483,537
(参考)夜 12 時 UTC,0.6382634861905483,0.6456542290346563,441
(参考)夜 12 時 UTC,0.6456542290346563,0.6531305526474716,484
(参考)夜 12 時 UTC,0.6531305526474716,0.6606934480075964,850
(参考)夜 12 時 UTC,0.6606934480075964,0.6683439175686162,5097
(参考)夜 12 時 UTC,0.6683439175686162,0.6760829753919819,11264
(参考)夜 12 時 UTC,0.6760829753919819,0.6839116472814306,4585
(参考)夜 12 時 UTC,0.6839116472814306,0.6918309709189363,3135
(参考)夜 12 時 UTC,0.6918309709189363,0.6998419960022745,1631
(参考)夜 12 時 UTC,0.6998419960022745,0.7079457843841374,1057
(参考)夜 12 時 UTC,0.7079457843841374,0.7161434102129027,1355
(参考)夜 12 時 UTC,0.7161434102129027,0.7244359600749891,1938
(参考)夜 12 時 UTC,0.7244359600749891,0.7328245331389045,3610
(参考)夜 12 時 UTC,0.7328245331389045,0.7413102413009192,13393
(参考)夜 12 時 UTC,0.7413102413009192,0.7498942093324559,5953
(参考)夜 12 時 UTC,0.7498942093324559,0.7585775750291851,3450
(参考)夜 12 時 UTC,0.7585775750291851,0.7673614893618186,1481
(参考)夜 12 時 UTC,0.7673614893618186,0.7762471166286927,1118
(参考)夜 12 時 UTC,0.7762471166286927,0.7852356346100711,1257
(参考)夜 12 時 UTC,0.7852356346100711,0.7943282347242822,1410
(参考)夜 12 時 UTC,0.7943282347242822,0.803526122185616,10258
(参考)夜 12 時 UTC,0.803526122185616,0.8128305161640995,19647
(参考)夜 12 時 UTC,0.8128305161640995,0.8222426499470729,5958
(参考)夜 12 時 UTC,0.8222426499470729,0.8317637711026709,2490
(参考)夜 12 時 UTC,0.8317637711026709,0.8413951416451965,1215
(参考)夜 12 時 UTC,0.8413951416451965,0.8511380382023759,984
(参考)夜 12 時 UTC,0.8511380382023759,0.8609937521846016,1262
(参考)夜 12 時 UTC,0.8609937521846016,0.8709635899560796,7155
(参考)夜 12 時 UTC,0.8709635899560796,0.8810488730080147,10025
(参考)夜 12 時 UTC,0.8810488730080147,0.8912509381337477,5028
(参考)夜 12 時 UTC,0.8912509381337477,0.9015711376059571,2435
(参考)夜 12 時 UTC,0.9015711376059571,0.9120108393559115,1287
(参考)夜 12 時 UTC,0.9120108393559115,0.9225714271547628,1657
(参考)夜 12 時 UTC,0.9225714271547628,0.9332543007969925,3097
(参考)夜 12 時 UTC,0.9332543007969925,0.9440608762859226,11986
(参考)夜 12 時 UTC,0.9440608762859226,0.9549925860214369,5949
(参考)夜 12 時 UTC,0.9549925860214369,0.9660508789898121,2676
(参考)夜 12 時 UTC,0.9660508789898121,0.9772372209558111,1434
(参考)夜 12 時 UTC,0.9772372209558111,0.9885530946569411,1453
(参考)夜 12 時 UTC,0.9885530946569411,1.0,2774
(参考)夜 12 時 UTC,1.0,1.0115794542599004,22400
(参考)夜 12 時 UTC,1.0115794542599004,1.0232929922807537,10277
(参考)夜 12 時 UTC,1.0232929922807537,1.0351421666793452,2964
(参考)夜 12 時 UTC,1.0351421666793452,1.0471285480508985,1541
(参考)夜 12 時 UTC,1.0471285480508985,1.0592537251772898,1550
(参考)夜 12 時 UTC,1.0592537251772898,1.0715193052376049,6313
(参考)夜 12 時 UTC,1.0715193052376049,1.0839269140212038,10888
(参考)夜 12 時 UTC,1.0839269140212038,1.0964781961431873,5521
(参考)夜 12 時 UTC,1.0964781961431873,1.1091748152624008,2114
(参考)夜 12 時 UTC,1.1091748152624008,1.1220184543019653,1841
(参考)夜 12 時 UTC,1.1220184543019653,1.1350108156723142,3536
(参考)夜 12 時 UTC,1.1350108156723142,1.1481536214968842,10308
(参考)夜 12 時 UTC,1.1481536214968842,1.1614486138403415,4542
(参考)夜 12 時 UTC,1.1614486138403415,1.1748975549395304,1568
(参考)夜 12 時 UTC,1.1748975549395304,1.1885022274370214,1347
(参考)夜 12 時 UTC,1.1885022274370214,1.2022644346174132,2524
(参考)夜 12 時 UTC,1.2022644346174132,1.2161860006463703,14236
(参考)夜 12 時 UTC,1.2161860006463703,1.2302687708123812,5191
(参考)夜 12 時 UTC,1.2302687708123812,1.244514611771387,1543
(参考)夜 12 時 UTC,1.244514611771387,1.2589254117941662,1111
(参考)夜 12 時 UTC,1.2589254117941662,1.273503081016663,4333
(参考)夜 12 時 UTC,1.273503081016663,1.2882495516931323,6854
(参考)夜 12 時 UTC,1.2882495516931323,1.3031667784523,3208
(参考)夜 12 時 UTC,1.3031667784523,1.3182567385564101,1406
(参考)夜 12 時 UTC,1.3182567385564101,1.333521432163324,1977
(参考)夜 12 時 UTC,1.333521432163324,1.348962882591656,7523
(参考)夜 12 時 UTC,1.348962882591656,1.3645831365889238,3766
(参考)夜 12 時 UTC,1.3645831365889238,1.3803842646028865,1260
(参考)夜 12 時 UTC,1.3803842646028865,1.3963683610559363,1210
(参考)夜 12 時 UTC,1.3963683610559363,1.4125375446227555,8465
(参考)夜 12 時 UTC,1.4125375446227555,1.4288939585111007,6796
(参考)夜 12 時 UTC,1.4288939585111007,1.4454397707459279,1876
(参考)夜 12 時 UTC,1.4454397707459279,1.4621771744567214,1223
(参考)夜 12 時 UTC,1.4621771744567214,1.4791083881682072,5306
(参考)夜 12 時 UTC,1.4791083881682072,1.4962356560944359,4969
(参考)夜 12 時 UTC,1.4962356560944359,1.513561248436207,2085
(参考)夜 12 時 UTC,1.513561248436207,1.5310874616820318,1655
(参考)夜 12 時 UTC,1.5310874616820318,1.5488166189124797,5990
(参考)夜 12 時 UTC,1.5488166189124797,1.5667510701081502,3602
(参考)夜 12 時 UTC,1.5667510701081502,1.5848931924611174,1298
(参考)夜 12 時 UTC,1.5848931924611174,1.6032453906900417,1509
(参考)夜 12 時 UTC,1.6032453906900417,1.6218100973589331,9305
(参考)夜 12 時 UTC,1.6218100973589331,1.6405897731995387,3069
(参考)夜 12 時 UTC,1.6405897731995387,1.659586907437563,1183
(参考)夜 12 時 UTC,1.659586907437563,1.678804018122559,3759
(参考)夜 12 時 UTC,1.678804018122559,1.698243652461746,4905
(参考)夜 12 時 UTC,1.698243652461746,1.717908387157586,1791
(参考)夜 12 時 UTC,1.717908387157586,1.7378008287493762,1834
(参考)夜 12 時 UTC,1.7378008287493762,1.7579236139586967,5971
(参考)夜 12 時 UTC,1.7579236139586967,1.7782794100389228,2256
(参考)夜 12 時 UTC,1.7782794100389228,1.7988709151287912,1182
(参考)夜 12 時 UTC,1.7988709151287912,1.8197008586099825,6635
(参考)夜 12 時 UTC,1.8197008586099825,1.8407720014689581,3976
(参考)夜 12 時 UTC,1.8407720014689581,1.8620871366628655,1341
(参考)夜 12 時 UTC,1.8620871366628655,1.8836490894898021,4089
(参考)夜 12 時 UTC,1.8836490894898021,1.9054607179632443,3943
(参考)夜 12 時 UTC,1.9054607179632443,1.9275249131909367,1632
(参考)夜 12 時 UTC,1.9275249131909367,1.9498445997580496,4785
(参考)夜 12 時 UTC,1.9498445997580496,1.9724227361148534,4351
(参考)夜 12 時 UTC,1.9724227361148534,1.9952623149688828,1599
(参考)夜 12 時 UTC,1.9952623149688828,2.01836636368156,6760
(参考)夜 12 時 UTC,2.01836636368156,2.041737944669532,5771
(参考)夜 12 時 UTC,2.041737944669532,2.065380155810527,1672
(参考)夜 12 時 UTC,2.065380155810527,2.089296130854041,5691
(参考)夜 12 時 UTC,2.089296130854041,2.113489039836652,4160
(参考)夜 12 時 UTC,2.113489039836652,2.1379620895022327,2075
(参考)夜 12 時 UTC,2.1379620895022327,2.1627185237270243,6398
(参考)夜 12 時 UTC,2.1627185237270243,2.1877616239495516,2382
(参考)夜 12 時 UTC,2.1877616239495516,2.213094709605641,3021
(参考)夜 12 時 UTC,2.213094709605641,2.2387211385683377,6242
(参考)夜 12 時 UTC,2.2387211385683377,2.264644307593062,1678
(参考)夜 12 時 UTC,2.264644307593062,2.29086765276777,4110
(参考)夜 12 時 UTC,2.29086765276777,2.3173946499684797,3212
(参考)夜 12 時 UTC,2.3173946499684797,2.3442288153199273,2224
(参考)夜 12 時 UTC,2.3442288153199273,2.371373705661655,4617
(参考)夜 12 時 UTC,2.371373705661655,2.398832919019495,1581
(参考)夜 12 時 UTC,2.398832919019495,2.4266100950824145,5248
(参考)夜 12 時 UTC,2.4266100950824145,2.4547089156850337,3207
(参考)夜 12 時 UTC,2.4547089156850337,2.483133105295568,2331
(参考)夜 12 時 UTC,2.483133105295568,2.5118864315095824,3948
(参考)夜 12 時 UTC,2.5118864315095824,2.540972705549301,1764
(参考)夜 12 時 UTC,2.540972705549301,2.570395782768865,4588
(参考)夜 12 時 UTC,2.570395782768865,2.6001595631652776,1603
(参考)夜 12 時 UTC,2.6001595631652776,2.6302679918953813,4890
(参考)夜 12 時 UTC,2.6302679918953813,2.660725059798814,2677
(参考)夜 12 時 UTC,2.660725059798814,2.691534803926914,3176
(参考)夜 12 時 UTC,2.691534803926914,2.7227013080779154,3020
(参考)夜 12 時 UTC,2.7227013080779154,2.754228703338163,2898
(参考)夜 12 時 UTC,2.754228703338163,2.786121168629772,3359
(参考)夜 12 時 UTC,2.786121168629772,2.818382931264461,2638
(参考)夜 12 時 UTC,2.818382931264461,2.85101826750391,4586
(参考)夜 12 時 UTC,2.85101826750391,2.8840315031266117,2118
(参考)夜 12 時 UTC,2.8840315031266117,2.917427014001166,4295
(参考)夜 12 時 UTC,2.917427014001166,2.95120922666639,3230
(参考)夜 12 時 UTC,2.95120922666639,2.9853826189179573,5883
(参考)夜 12 時 UTC,2.9853826189179573,3.019951720402019,5566
(参考)夜 12 時 UTC,3.019951720402019,3.054921113215509,9797
(参考)夜 12 時 UTC,3.054921113215509,3.090295432513592,4524
(参考)夜 12 時 UTC,3.090295432513592,3.126079367123962,5376
(参考)夜 12 時 UTC,3.126079367123962,3.1622776601683795,4477
(参考)夜 12 時 UTC,3.1622776601683795,3.198895109691404,3185
(参考)夜 12 時 UTC,3.198895109691404,3.235936569296281,4727
(参考)夜 12 時 UTC,3.235936569296281,3.273406948788386,2890
(参考)夜 12 時 UTC,3.273406948788386,3.3113112148259076,4063
(参考)夜 12 時 UTC,3.3113112148259076,3.3496543915782793,2480
(参考)夜 12 時 UTC,3.3496543915782793,3.3884415613920207,4099
(参考)夜 12 時 UTC,3.3884415613920207,3.4276778654645046,2887
(参考)夜 12 時 UTC,3.4276778654645046,3.4673685045253237,3430
(参考)夜 12 時 UTC,3.4673685045253237,3.5075187395256795,3056
(参考)夜 12 時 UTC,3.5075187395256795,3.5481338923357604,2116
(参考)夜 12 時 UTC,3.5481338923357604,3.58921934645005,3628
(参考)夜 12 時 UTC,3.58921934645005,3.6307805477010175,2520
(参考)夜 12 時 UTC,3.6307805477010175,3.6728230049808426,2817
(参考)夜 12 時 UTC,3.6728230049808426,3.715352290971728,2995
(参考)夜 12 時 UTC,3.715352290971728,3.758374042884451,2308
(参考)夜 12 時 UTC,3.758374042884451,3.801893963205613,2792
(参考)夜 12 時 UTC,3.801893963205613,3.8459178204535434,3316
(参考)夜 12 時 UTC,3.8459178204535434,3.890451449942805,2194
(参考)夜 12 時 UTC,3.890451449942805,3.9355007545577805,3180
(参考)夜 12 時 UTC,3.9355007545577805,3.981071705534969,3568
(参考)夜 12 時 UTC,3.981071705534969,4.027170343254594,2883
(参考)夜 12 時 UTC,4.027170343254594,4.073802778041122,3801
(参考)夜 12 時 UTC,4.073802778041122,4.120975190973304,3168
(参考)夜 12 時 UTC,4.120975190973304,4.1686938347033635,2802
(参考)夜 12 時 UTC,4.1686938347033635,4.216965034285822,2452
(参考)夜 12 時 UTC,4.216965034285822,4.265795188015934,3789
(参考)夜 12 時 UTC,4.265795188015934,4.31519076827765,2846
(参考)夜 12 時 UTC,4.31519076827765,4.3651583224016655,2856
(参考)夜 12 時 UTC,4.3651583224016655,4.415704473533121,2736
(参考)夜 12 時 UTC,4.415704473533121,4.4668359215096345,3328
(参考)夜 12 時 UTC,4.4668359215096345,4.518559443749217,2461
(参考)夜 12 時 UTC,4.518559443749217,4.570881896148752,2300
(参考)夜 12 時 UTC,4.570881896148752,4.623810213992613,2311
(参考)夜 12 時 UTC,4.623810213992613,4.677351412871981,2829
(参考)夜 12 時 UTC,4.677351412871981,4.7315125896148125,2428
(参考)夜 12 時 UTC,4.7315125896148125,4.7863009232263805,2772
(参考)夜 12 時 UTC,4.7863009232263805,4.841723675840999,2369
(参考)夜 12 時 UTC,4.841723675840999,4.897788193684456,2632
(参考)夜 12 時 UTC,4.897788193684456,4.954501908047906,2752
(参考)夜 12 時 UTC,4.954501908047906,5.011872336272735,3546
(参考)夜 12 時 UTC,5.011872336272735,5.0699070827470445,3952
(参考)夜 12 時 UTC,5.0699070827470445,5.128613839913658,3245
(参考)夜 12 時 UTC,5.128613839913658,5.188000389289609,3536
(参考)夜 12 時 UTC,5.188000389289609,5.248074602497733,3241
(参考)夜 12 時 UTC,5.248074602497733,5.308844442309879,3820
(参考)夜 12 時 UTC,5.308844442309879,5.370317963702533,4039
(参考)夜 12 時 UTC,5.370317963702533,5.432503314924325,5344
(参考)夜 12 時 UTC,5.432503314924325,5.4954087385762485,6405
(参考)夜 12 時 UTC,5.4954087385762485,5.5590425727040484,4272
(参考)夜 12 時 UTC,5.5590425727040484,5.623413251903491,3752
(参考)夜 12 時 UTC,5.623413251903491,5.688529308438425,3690
(参考)夜 12 時 UTC,5.688529308438425,5.754399373371567,3410
(参考)夜 12 時 UTC,5.754399373371567,5.821032177708722,3684
(参考)夜 12 時 UTC,5.821032177708722,5.888436553555884,3354
(参考)夜 12 時 UTC,5.888436553555884,5.95662143529011,3310
(参考)夜 12 時 UTC,5.95662143529011,6.025595860743569,4047
(参考)夜 12 時 UTC,6.025595860743569,6.095368972401694,4470
(参考)夜 12 時 UTC,6.095368972401694,6.165950018614835,3402
(参考)夜 12 時 UTC,6.165950018614835,6.237348354824191,2665
(参考)夜 12 時 UTC,6.237348354824191,6.309573444801943,2540
(参考)夜 12 時 UTC,6.309573444801943,6.3826348619054825,2641
(参考)夜 12 時 UTC,6.3826348619054825,6.456542290346563,2908
(参考)夜 12 時 UTC,6.456542290346563,6.531305526474716,2338
(参考)夜 12 時 UTC,6.531305526474716,6.606934480075965,2111
(参考)夜 12 時 UTC,6.606934480075965,6.683439175686162,1931
(参考)夜 12 時 UTC,6.683439175686162,6.760829753919819,1766
(参考)夜 12 時 UTC,6.760829753919819,6.839116472814307,1926
(参考)夜 12 時 UTC,6.839116472814307,6.918309709189362,1950
(参考)夜 12 時 UTC,6.918309709189362,6.998419960022745,1941
(参考)夜 12 時 UTC,6.998419960022745,7.079457843841373,1951
(参考)夜 12 時 UTC,7.079457843841373,7.161434102129027,1683
(参考)夜 12 時 UTC,7.161434102129027,7.244359600749891,1754
(参考)夜 12 時 UTC,7.244359600749891,7.328245331389044,1742
(参考)夜 12 時 UTC,7.328245331389044,7.4131024130091925,1758
(参考)夜 12 時 UTC,7.4131024130091925,7.498942093324558,1657
(参考)夜 12 時 UTC,7.498942093324558,7.585775750291852,1566
(参考)夜 12 時 UTC,7.585775750291852,7.673614893618185,1713
(参考)夜 12 時 UTC,7.673614893618185,7.762471166286928,1559
(参考)夜 12 時 UTC,7.762471166286928,7.85235634610071,1665
(参考)夜 12 時 UTC,7.85235634610071,7.943282347242821,1791
(参考)夜 12 時 UTC,7.943282347242821,8.03526122185616,2264
(参考)夜 12 時 UTC,8.03526122185616,8.128305161640995,1940
(参考)夜 12 時 UTC,8.128305161640995,8.222426499470728,1813
(参考)夜 12 時 UTC,8.222426499470728,8.317637711026709,1543
(参考)夜 12 時 UTC,8.317637711026709,8.413951416451965,1723
(参考)夜 12 時 UTC,8.413951416451965,8.51138038202376,1711
(参考)夜 12 時 UTC,8.51138038202376,8.609937521846016,1718
(参考)夜 12 時 UTC,8.609937521846016,8.709635899560796,1597
(参考)夜 12 時 UTC,8.709635899560796,8.810488730080147,1651
(参考)夜 12 時 UTC,8.810488730080147,8.912509381337477,1607
(参考)夜 12 時 UTC,8.912509381337477,9.01571137605957,1902
(参考)夜 12 時 UTC,9.01571137605957,9.120108393559116,2211
(参考)夜 12 時 UTC,9.120108393559116,9.225714271547629,2026
(参考)夜 12 時 UTC,9.225714271547629,9.332543007969925,1713
(参考)夜 12 時 UTC,9.332543007969925,9.440608762859226,1755
(参考)夜 12 時 UTC,9.440608762859226,9.549925860214369,1713
(参考)夜 12 時 UTC,9.549925860214369,9.66050878989812,1607
(参考)夜 12 時 UTC,9.66050878989812,9.772372209558112,1764
(参考)夜 12 時 UTC,9.772372209558112,9.88553094656941,1908
(参考)夜 12 時 UTC,9.88553094656941,10.0,2725
(参考)夜 12 時 UTC,10.0,10.115794542599003,3302
(参考)夜 12 時 UTC,10.115794542599003,10.232929922807536,2213
(参考)夜 12 時 UTC,10.232929922807536,10.35142166679345,2036
(参考)夜 12 時 UTC,10.35142166679345,10.471285480508985,3994
(参考)夜 12 時 UTC,10.471285480508985,10.592537251772898,3233
(参考)夜 12 時 UTC,10.592537251772898,10.715193052376048,2426
(参考)夜 12 時 UTC,10.715193052376048,10.83926914021204,2580
(参考)夜 12 時 UTC,10.83926914021204,10.964781961431873,2614
(参考)夜 12 時 UTC,10.964781961431873,11.091748152624008,2183
(参考)夜 12 時 UTC,11.091748152624008,11.220184543019652,1897
(参考)夜 12 時 UTC,11.220184543019652,11.350108156723143,1891
(参考)夜 12 時 UTC,11.350108156723143,11.481536214968841,1764
(参考)夜 12 時 UTC,11.481536214968841,11.614486138403414,1538
(参考)夜 12 時 UTC,11.614486138403414,11.748975549395302,1720
(参考)夜 12 時 UTC,11.748975549395302,11.885022274370213,1777
(参考)夜 12 時 UTC,11.885022274370213,12.02264434617413,1829
(参考)夜 12 時 UTC,12.02264434617413,12.161860006463703,1872
(参考)夜 12 時 UTC,12.161860006463703,12.30268770812381,1427
(参考)夜 12 時 UTC,12.30268770812381,12.44514611771387,1303
(参考)夜 12 時 UTC,12.44514611771387,12.589254117941662,1284
(参考)夜 12 時 UTC,12.589254117941662,12.735030810166629,1313
(参考)夜 12 時 UTC,12.735030810166629,12.882495516931323,1397
(参考)夜 12 時 UTC,12.882495516931323,13.031667784523,1373
(参考)夜 12 時 UTC,13.031667784523,13.1825673855641,1279
(参考)夜 12 時 UTC,13.1825673855641,13.33521432163324,1252
(参考)夜 12 時 UTC,13.33521432163324,13.48962882591656,1203
(参考)夜 12 時 UTC,13.48962882591656,13.645831365889238,1143
(参考)夜 12 時 UTC,13.645831365889238,13.803842646028867,1163
(参考)夜 12 時 UTC,13.803842646028867,13.963683610559363,1249
(参考)夜 12 時 UTC,13.963683610559363,14.125375446227554,1541
(参考)夜 12 時 UTC,14.125375446227554,14.288939585111008,1330
(参考)夜 12 時 UTC,14.288939585111008,14.45439770745928,1269
(参考)夜 12 時 UTC,14.45439770745928,14.621771744567212,1208
(参考)夜 12 時 UTC,14.621771744567212,14.791083881682072,1237
(参考)夜 12 時 UTC,14.791083881682072,14.96235656094436,1424
(参考)夜 12 時 UTC,14.96235656094436,15.135612484362072,1896
(参考)夜 12 時 UTC,15.135612484362072,15.31087461682032,1534
(参考)夜 12 時 UTC,15.31087461682032,15.488166189124795,2252
(参考)夜 12 時 UTC,15.488166189124795,15.6675107010815,1727
(参考)夜 12 時 UTC,15.6675107010815,15.848931924611174,1367
(参考)夜 12 時 UTC,15.848931924611174,16.032453906900418,1795
(参考)夜 12 時 UTC,16.032453906900418,16.218100973589333,1514
(参考)夜 12 時 UTC,16.218100973589333,16.40589773199539,1381
(参考)夜 12 時 UTC,16.40589773199539,16.59586907437563,1275
(参考)夜 12 時 UTC,16.59586907437563,16.78804018122559,1159
(参考)夜 12 時 UTC,16.78804018122559,16.98243652461746,1130
(参考)夜 12 時 UTC,16.98243652461746,17.17908387157586,1181
(参考)夜 12 時 UTC,17.17908387157586,17.378008287493763,1116
(参考)夜 12 時 UTC,17.378008287493763,17.579236139586968,1001
(参考)夜 12 時 UTC,17.579236139586968,17.78279410038923,1003
(参考)夜 12 時 UTC,17.78279410038923,17.98870915128791,1255
(参考)夜 12 時 UTC,17.98870915128791,18.197008586099827,1366
(参考)夜 12 時 UTC,18.197008586099827,18.40772001468958,1108
(参考)夜 12 時 UTC,18.40772001468958,18.620871366628656,1029
(参考)夜 12 時 UTC,18.620871366628656,18.83649089489802,963
(参考)夜 12 時 UTC,18.83649089489802,19.054607179632445,1185
(参考)夜 12 時 UTC,19.054607179632445,19.275249131909366,964
(参考)夜 12 時 UTC,19.275249131909366,19.498445997580493,1086
(参考)夜 12 時 UTC,19.498445997580493,19.724227361148536,1457
(参考)夜 12 時 UTC,19.724227361148536,19.95262314968883,1039
(参考)夜 12 時 UTC,19.95262314968883,20.183663636815595,1377
(参考)夜 12 時 UTC,20.183663636815595,20.417379446695318,1248
(参考)夜 12 時 UTC,20.417379446695318,20.65380155810527,1716
(参考)夜 12 時 UTC,20.65380155810527,20.892961308540407,1118
(参考)夜 12 時 UTC,20.892961308540407,21.13489039836652,1267
(参考)夜 12 時 UTC,21.13489039836652,21.379620895022324,1131
(参考)夜 12 時 UTC,21.379620895022324,21.627185237270247,1102
(参考)夜 12 時 UTC,21.627185237270247,21.87761623949552,1123
(参考)夜 12 時 UTC,21.87761623949552,22.13094709605641,1302
(参考)夜 12 時 UTC,22.13094709605641,22.38721138568338,1085
(参考)夜 12 時 UTC,22.38721138568338,22.64644307593062,1095
(参考)夜 12 時 UTC,22.64644307593062,22.908676527677702,991
(参考)夜 12 時 UTC,22.908676527677702,23.173946499684796,976
(参考)夜 12 時 UTC,23.173946499684796,23.442288153199275,876
(参考)夜 12 時 UTC,23.442288153199275,23.71373705661655,838
(参考)夜 12 時 UTC,23.71373705661655,23.988329190194946,940
(参考)夜 12 時 UTC,23.988329190194946,24.266100950824143,1048
(参考)夜 12 時 UTC,24.266100950824143,24.547089156850337,892
(参考)夜 12 時 UTC,24.547089156850337,24.83133105295568,828
(参考)夜 12 時 UTC,24.83133105295568,25.11886431509582,1100
(参考)夜 12 時 UTC,25.11886431509582,25.40972705549301,1098
(参考)夜 12 時 UTC,25.40972705549301,25.703957827688647,1355
(参考)夜 12 時 UTC,25.703957827688647,26.001595631652773,961
(参考)夜 12 時 UTC,26.001595631652773,26.302679918953814,946
(参考)夜 12 時 UTC,26.302679918953814,26.60725059798814,924
(参考)夜 12 時 UTC,26.60725059798814,26.91534803926914,908
(参考)夜 12 時 UTC,26.91534803926914,27.227013080779155,1029
(参考)夜 12 時 UTC,27.227013080779155,27.542287033381633,895
(参考)夜 12 時 UTC,27.542287033381633,27.86121168629772,850
(参考)夜 12 時 UTC,27.86121168629772,28.183829312644608,877
(参考)夜 12 時 UTC,28.183829312644608,28.510182675039097,799
(参考)夜 12 時 UTC,28.510182675039097,28.840315031266115,760
(参考)夜 12 時 UTC,28.840315031266115,29.17427014001166,1003
(参考)夜 12 時 UTC,29.17427014001166,29.5120922666639,1586
(参考)夜 12 時 UTC,29.5120922666639,29.85382618917957,1118
(参考)夜 12 時 UTC,29.85382618917957,30.199517204020193,1513
(参考)夜 12 時 UTC,30.199517204020193,30.549211132155094,1541
(参考)夜 12 時 UTC,30.549211132155094,30.90295432513592,1144
(参考)夜 12 時 UTC,30.90295432513592,31.26079367123962,855
(参考)夜 12 時 UTC,31.26079367123962,31.622776601683793,921
(参考)夜 12 時 UTC,31.622776601683793,31.988951096914036,775
(参考)夜 12 時 UTC,31.988951096914036,32.35936569296281,852
(参考)夜 12 時 UTC,32.35936569296281,32.734069487883865,852
(参考)夜 12 時 UTC,32.734069487883865,33.11311214825908,823
(参考)夜 12 時 UTC,33.11311214825908,33.496543915782794,652
(参考)夜 12 時 UTC,33.496543915782794,33.884415613920204,709
(参考)夜 12 時 UTC,33.884415613920204,34.27677865464505,777
(参考)夜 12 時 UTC,34.27677865464505,34.67368504525324,618
(参考)夜 12 時 UTC,34.67368504525324,35.0751873952568,789
(参考)夜 12 時 UTC,35.0751873952568,35.481338923357605,981
(参考)夜 12 時 UTC,35.481338923357605,35.8921934645005,787
(参考)夜 12 時 UTC,35.8921934645005,36.30780547701018,888
(参考)夜 12 時 UTC,36.30780547701018,36.728230049808424,732
(参考)夜 12 時 UTC,36.728230049808424,37.15352290971728,784
(参考)夜 12 時 UTC,37.15352290971728,37.58374042884451,761
(参考)夜 12 時 UTC,37.58374042884451,38.018939632056124,933
(参考)夜 12 時 UTC,38.018939632056124,38.459178204535434,875
(参考)夜 12 時 UTC,38.459178204535434,38.904514499428046,587
(参考)夜 12 時 UTC,38.904514499428046,39.355007545577806,636
(参考)夜 12 時 UTC,39.355007545577806,39.81071705534969,666
(参考)夜 12 時 UTC,39.81071705534969,40.27170343254595,840
(参考)夜 12 時 UTC,40.27170343254595,40.73802778041122,920
(参考)夜 12 時 UTC,40.73802778041122,41.20975190973304,720
(参考)夜 12 時 UTC,41.20975190973304,41.68693834703364,576
(参考)夜 12 時 UTC,41.68693834703364,42.169650342858226,665
(参考)夜 12 時 UTC,42.169650342858226,42.657951880159345,643
(参考)夜 12 時 UTC,42.657951880159345,43.1519076827765,636
(参考)夜 12 時 UTC,43.1519076827765,43.651583224016655,684
(参考)夜 12 時 UTC,43.651583224016655,44.157044735331205,624
(参考)夜 12 時 UTC,44.157044735331205,44.668359215096345,591
(参考)夜 12 時 UTC,44.668359215096345,45.18559443749217,631
(参考)夜 12 時 UTC,45.18559443749217,45.708818961487516,811
(参考)夜 12 時 UTC,45.708818961487516,46.23810213992613,651
(参考)夜 12 時 UTC,46.23810213992613,46.77351412871981,572
(参考)夜 12 時 UTC,46.77351412871981,47.315125896148125,510
(参考)夜 12 時 UTC,47.315125896148125,47.863009232263806,542
(参考)夜 12 時 UTC,47.863009232263806,48.41723675840999,722
(参考)夜 12 時 UTC,48.41723675840999,48.97788193684456,868
(参考)夜 12 時 UTC,48.97788193684456,49.54501908047905,682
(参考)夜 12 時 UTC,49.54501908047905,50.11872336272735,589
(参考)夜 12 時 UTC,50.11872336272735,50.69907082747044,738
(参考)夜 12 時 UTC,50.69907082747044,51.28613839913659,671
(参考)夜 12 時 UTC,51.28613839913659,51.88000389289609,526
(参考)夜 12 時 UTC,51.88000389289609,52.480746024977336,546
(参考)夜 12 時 UTC,52.480746024977336,53.08844442309879,504
(参考)夜 12 時 UTC,53.08844442309879,53.70317963702533,572
(参考)夜 12 時 UTC,53.70317963702533,54.32503314924325,570
(参考)夜 12 時 UTC,54.32503314924325,54.954087385762485,544
(参考)夜 12 時 UTC,54.954087385762485,55.59042572704048,740
(参考)夜 12 時 UTC,55.59042572704048,56.23413251903491,664
(参考)夜 12 時 UTC,56.23413251903491,56.885293084384244,485
(参考)夜 12 時 UTC,56.885293084384244,57.543993733715666,534
(参考)夜 12 時 UTC,57.543993733715666,58.210321777087216,540
(参考)夜 12 時 UTC,58.210321777087216,58.88436553555884,547
(参考)夜 12 時 UTC,58.88436553555884,59.56621435290109,776
(参考)夜 12 時 UTC,59.56621435290109,60.25595860743569,1792
(参考)夜 12 時 UTC,60.25595860743569,60.95368972401694,1010
(参考)夜 12 時 UTC,60.95368972401694,61.65950018614835,694
(参考)夜 12 時 UTC,61.65950018614835,62.373483548241914,518
(参考)夜 12 時 UTC,62.373483548241914,63.09573444801943,420
(参考)夜 12 時 UTC,63.09573444801943,63.826348619054826,429
(参考)夜 12 時 UTC,63.826348619054826,64.56542290346563,478
(参考)夜 12 時 UTC,64.56542290346563,65.31305526474716,586
(参考)夜 12 時 UTC,65.31305526474716,66.06934480075964,722
(参考)夜 12 時 UTC,66.06934480075964,66.83439175686162,407
(参考)夜 12 時 UTC,66.83439175686162,67.60829753919819,401
(参考)夜 12 時 UTC,67.60829753919819,68.39116472814307,410
(参考)夜 12 時 UTC,68.39116472814307,69.18309709189363,372
(参考)夜 12 時 UTC,69.18309709189363,69.98419960022746,420
(参考)夜 12 時 UTC,69.98419960022746,70.79457843841374,616
(参考)夜 12 時 UTC,70.79457843841374,71.61434102129027,409
(参考)夜 12 時 UTC,71.61434102129027,72.44359600749891,403
(参考)夜 12 時 UTC,72.44359600749891,73.28245331389044,390
(参考)夜 12 時 UTC,73.28245331389044,74.13102413009192,317
(参考)夜 12 時 UTC,74.13102413009192,74.98942093324558,358
(参考)夜 12 時 UTC,74.98942093324558,75.85775750291852,555
(参考)夜 12 時 UTC,75.85775750291852,76.73614893618186,434
(参考)夜 12 時 UTC,76.73614893618186,77.62471166286927,289
(参考)夜 12 時 UTC,77.62471166286927,78.5235634610071,304
(参考)夜 12 時 UTC,78.5235634610071,79.43282347242821,324
(参考)夜 12 時 UTC,79.43282347242821,80.3526122185616,422
(参考)夜 12 時 UTC,80.3526122185616,81.28305161640995,494
(参考)夜 12 時 UTC,81.28305161640995,82.22426499470728,350
(参考)夜 12 時 UTC,82.22426499470728,83.17637711026708,309
(参考)夜 12 時 UTC,83.17637711026708,84.13951416451965,294
(参考)夜 12 時 UTC,84.13951416451965,85.11380382023759,328
(参考)夜 12 時 UTC,85.11380382023759,86.09937521846017,488
(参考)夜 12 時 UTC,86.09937521846017,87.09635899560796,439
(参考)夜 12 時 UTC,87.09635899560796,88.10488730080147,307
(参考)夜 12 時 UTC,88.10488730080147,89.12509381337478,306
(参考)夜 12 時 UTC,89.12509381337478,90.1571137605957,277
(参考)夜 12 時 UTC,90.1571137605957,91.20108393559116,465
(参考)夜 12 時 UTC,91.20108393559116,92.25714271547629,424
(参考)夜 12 時 UTC,92.25714271547629,93.32543007969925,269
(参考)夜 12 時 UTC,93.32543007969925,94.40608762859226,279
(参考)夜 12 時 UTC,94.40608762859226,95.49925860214368,272
(参考)夜 12 時 UTC,95.49925860214368,96.60508789898121,401
(参考)夜 12 時 UTC,96.60508789898121,97.72372209558111,341
(参考)夜 12 時 UTC,97.72372209558111,98.8553094656941,267
(参考)夜 12 時 UTC,98.8553094656941,100.0,276
(参考)夜 12 時 UTC,100.0,101.15794542599004,320
(参考)夜 12 時 UTC,101.15794542599004,102.32929922807536,304
(参考)夜 12 時 UTC,102.32929922807536,103.51421666793452,322
(参考)夜 12 時 UTC,103.51421666793452,104.71285480508985,252
(参考)夜 12 時 UTC,104.71285480508985,105.92537251772897,292
(参考)夜 12 時 UTC,105.92537251772897,107.15193052376048,308
(参考)夜 12 時 UTC,107.15193052376048,108.39269140212039,317
(参考)夜 12 時 UTC,108.39269140212039,109.64781961431873,263
(参考)夜 12 時 UTC,109.64781961431873,110.9174815262401,313
(参考)夜 12 時 UTC,110.9174815262401,112.20184543019653,273
(参考)夜 12 時 UTC,112.20184543019653,113.50108156723144,303
(参考)夜 12 時 UTC,113.50108156723144,114.81536214968841,212
(参考)夜 12 時 UTC,114.81536214968841,116.14486138403414,293
(参考)夜 12 時 UTC,116.14486138403414,117.48975549395303,243
(参考)夜 12 時 UTC,117.48975549395303,118.85022274370213,359
(参考)夜 12 時 UTC,118.85022274370213,120.22644346174131,617
(参考)夜 12 時 UTC,120.22644346174131,121.61860006463704,324
(参考)夜 12 時 UTC,121.61860006463704,123.02687708123811,224
(参考)夜 12 時 UTC,123.02687708123811,124.4514611771387,239
(参考)夜 12 時 UTC,124.4514611771387,125.89254117941663,202
(参考)夜 12 時 UTC,125.89254117941663,127.3503081016663,224
(参考)夜 12 時 UTC,127.3503081016663,128.82495516931323,194
(参考)夜 12 時 UTC,128.82495516931323,130.31667784523,253
(参考)夜 12 時 UTC,130.31667784523,131.825673855641,271
(参考)夜 12 時 UTC,131.825673855641,133.3521432163324,210
(参考)夜 12 時 UTC,133.3521432163324,134.8962882591656,273
(参考)夜 12 時 UTC,134.8962882591656,136.4583136588924,286
(参考)夜 12 時 UTC,136.4583136588924,138.03842646028866,195
(参考)夜 12 時 UTC,138.03842646028866,139.63683610559363,195
(参考)夜 12 時 UTC,139.63683610559363,141.25375446227554,294
(参考)夜 12 時 UTC,141.25375446227554,142.88939585111007,160
(参考)夜 12 時 UTC,142.88939585111007,144.5439770745928,155
(参考)夜 12 時 UTC,144.5439770745928,146.21771744567212,200
(参考)夜 12 時 UTC,146.21771744567212,147.91083881682073,152
(参考)夜 12 時 UTC,147.91083881682073,149.62356560944357,198
(参考)夜 12 時 UTC,149.62356560944357,151.3561248436207,250
(参考)夜 12 時 UTC,151.3561248436207,153.1087461682032,201
(参考)夜 12 時 UTC,153.1087461682032,154.88166189124794,142
(参考)夜 12 時 UTC,154.88166189124794,156.67510701081503,190
(参考)夜 12 時 UTC,156.67510701081503,158.48931924611173,165
(参考)夜 12 時 UTC,158.48931924611173,160.32453906900417,162
(参考)夜 12 時 UTC,160.32453906900417,162.18100973589333,270
(参考)夜 12 時 UTC,162.18100973589333,164.05897731995387,151
(参考)夜 12 時 UTC,164.05897731995387,165.9586907437563,170
(参考)夜 12 時 UTC,165.9586907437563,167.88040181225588,187
(参考)夜 12 時 UTC,167.88040181225588,169.8243652461746,130
(参考)夜 12 時 UTC,169.8243652461746,171.79083871575858,192
(参考)夜 12 時 UTC,171.79083871575858,173.78008287493762,169
(参考)夜 12 時 UTC,173.78008287493762,175.79236139586968,141
(参考)夜 12 時 UTC,175.79236139586968,177.82794100389228,186
(参考)夜 12 時 UTC,177.82794100389228,179.8870915128791,306
(参考)夜 12 時 UTC,179.8870915128791,181.97008586099827,374
(参考)夜 12 時 UTC,181.97008586099827,184.07720014689582,170
(参考)夜 12 時 UTC,184.07720014689582,186.20871366628657,160
(参考)夜 12 時 UTC,186.20871366628657,188.3649089489802,119
(参考)夜 12 時 UTC,188.3649089489802,190.54607179632444,138
(参考)夜 12 時 UTC,190.54607179632444,192.75249131909365,172
(参考)夜 12 時 UTC,192.75249131909365,194.98445997580495,140
(参考)夜 12 時 UTC,194.98445997580495,197.24227361148533,169
(参考)夜 12 時 UTC,197.24227361148533,199.5262314968883,155
(参考)夜 12 時 UTC,199.5262314968883,201.83663636815598,140
(参考)夜 12 時 UTC,201.83663636815598,204.17379446695315,146
(参考)夜 12 時 UTC,204.17379446695315,206.5380155810527,200
(参考)夜 12 時 UTC,206.5380155810527,208.92961308540407,120
(参考)夜 12 時 UTC,208.92961308540407,211.3489039836652,174
(参考)夜 12 時 UTC,211.3489039836652,213.79620895022325,132
(参考)夜 12 時 UTC,213.79620895022325,216.27185237270245,123
(参考)夜 12 時 UTC,216.27185237270245,218.77616239495518,108
(参考)夜 12 時 UTC,218.77616239495518,221.30947096056408,147
(参考)夜 12 時 UTC,221.30947096056408,223.87211385683378,138
(参考)夜 12 時 UTC,223.87211385683378,226.4644307593062,178
(参考)夜 12 時 UTC,226.4644307593062,229.08676527677702,128
(参考)夜 12 時 UTC,229.08676527677702,231.73946499684797,136
(参考)夜 12 時 UTC,231.73946499684797,234.42288153199274,102
(参考)夜 12 時 UTC,234.42288153199274,237.13737056616552,103
(参考)夜 12 時 UTC,237.13737056616552,239.8832919019495,244
(参考)夜 12 時 UTC,239.8832919019495,242.66100950824142,389
(参考)夜 12 時 UTC,242.66100950824142,245.47089156850336,97
(参考)夜 12 時 UTC,245.47089156850336,248.3133105295568,138
(参考)夜 12 時 UTC,248.3133105295568,251.18864315095823,101
(参考)夜 12 時 UTC,251.18864315095823,254.09727055493013,125
(参考)夜 12 時 UTC,254.09727055493013,257.03957827688646,111
(参考)夜 12 時 UTC,257.03957827688646,260.01595631652776,100
(参考)夜 12 時 UTC,260.01595631652776,263.02679918953817,104
(参考)夜 12 時 UTC,263.02679918953817,266.0725059798814,121
(参考)夜 12 時 UTC,266.0725059798814,269.1534803926914,90
(参考)夜 12 時 UTC,269.1534803926914,272.27013080779153,107
(参考)夜 12 時 UTC,272.27013080779153,275.4228703338163,115
(参考)夜 12 時 UTC,275.4228703338163,278.61211686297725,97
(参考)夜 12 時 UTC,278.61211686297725,281.83829312644605,82
(参考)夜 12 時 UTC,281.83829312644605,285.10182675039096,96
(参考)夜 12 時 UTC,285.10182675039096,288.4031503126612,115
(参考)夜 12 時 UTC,288.4031503126612,291.7427014001166,95
(参考)夜 12 時 UTC,291.7427014001166,295.120922666639,80
(参考)夜 12 時 UTC,295.120922666639,298.53826189179574,96
(参考)夜 12 時 UTC,298.53826189179574,301.9951720402019,239
(参考)夜 12 時 UTC,301.9951720402019,305.4921113215509,117
(参考)夜 12 時 UTC,305.4921113215509,309.0295432513592,135
(参考)夜 12 時 UTC,309.0295432513592,312.6079367123962,88
(参考)夜 12 時 UTC,312.6079367123962,316.22776601683796,78
(参考)夜 12 時 UTC,316.22776601683796,319.88951096914036,115
(参考)夜 12 時 UTC,319.88951096914036,323.5936569296281,118
(参考)夜 12 時 UTC,323.5936569296281,327.34069487883863,99
(参考)夜 12 時 UTC,327.34069487883863,331.13112148259074,126
(参考)夜 12 時 UTC,331.13112148259074,334.9654391578279,110
(参考)夜 12 時 UTC,334.9654391578279,338.844156139202,78
(参考)夜 12 時 UTC,338.844156139202,342.76778654645045,71
(参考)夜 12 時 UTC,342.76778654645045,346.7368504525324,71
(参考)夜 12 時 UTC,346.7368504525324,350.75187395256796,129
(参考)夜 12 時 UTC,350.75187395256796,354.81338923357606,86
(参考)夜 12 時 UTC,354.81338923357606,358.92193464500497,44
(参考)夜 12 時 UTC,358.92193464500497,363.07805477010174,122
(参考)夜 12 時 UTC,363.07805477010174,367.2823004980842,97
(参考)夜 12 時 UTC,367.2823004980842,371.53522909717276,84
(参考)夜 12 時 UTC,371.53522909717276,375.8374042884451,69
(参考)夜 12 時 UTC,375.8374042884451,380.1893963205613,110
(参考)夜 12 時 UTC,380.1893963205613,384.5917820453543,185
(参考)夜 12 時 UTC,384.5917820453543,389.04514499428046,97
(参考)夜 12 時 UTC,389.04514499428046,393.550075455778,74
(参考)夜 12 時 UTC,393.550075455778,398.1071705534969,43
(参考)夜 12 時 UTC,398.1071705534969,402.7170343254595,98
(参考)夜 12 時 UTC,402.7170343254595,407.3802778041122,78
(参考)夜 12 時 UTC,407.3802778041122,412.0975190973304,83
(参考)夜 12 時 UTC,412.0975190973304,416.86938347033634,91
(参考)夜 12 時 UTC,416.86938347033634,421.6965034285823,107
(参考)夜 12 時 UTC,421.6965034285823,426.57951880159345,68
(参考)夜 12 時 UTC,426.57951880159345,431.519076827765,104
(参考)夜 12 時 UTC,431.519076827765,436.51583224016656,69
(参考)夜 12 時 UTC,436.51583224016656,441.5704473533121,76
(参考)夜 12 時 UTC,441.5704473533121,446.6835921509635,70
(参考)夜 12 時 UTC,446.6835921509635,451.8559443749217,55
(参考)夜 12 時 UTC,451.8559443749217,457.0881896148752,60
(参考)夜 12 時 UTC,457.0881896148752,462.3810213992613,57
(参考)夜 12 時 UTC,462.3810213992613,467.73514128719813,59
(参考)夜 12 時 UTC,467.73514128719813,473.15125896148123,61
(参考)夜 12 時 UTC,473.15125896148123,478.630092322638,62
(参考)夜 12 時 UTC,478.630092322638,484.1723675840999,142
(参考)夜 12 時 UTC,484.1723675840999,489.7788193684456,95
(参考)夜 12 時 UTC,489.7788193684456,495.45019080479057,87
(参考)夜 12 時 UTC,495.45019080479057,501.18723362727354,53
(参考)夜 12 時 UTC,501.18723362727354,506.99070827470445,43
(参考)夜 12 時 UTC,506.99070827470445,512.8613839913659,74
(参考)夜 12 時 UTC,512.8613839913659,518.8000389289609,42
(参考)夜 12 時 UTC,518.8000389289609,524.8074602497734,55
(参考)夜 12 時 UTC,524.8074602497734,530.8844442309879,62
(参考)夜 12 時 UTC,530.8844442309879,537.0317963702532,53
(参考)夜 12 時 UTC,537.0317963702532,543.2503314924325,101
(参考)夜 12 時 UTC,543.2503314924325,549.5408738576248,52
(参考)夜 12 時 UTC,549.5408738576248,555.9042572704049,39
(参考)夜 12 時 UTC,555.9042572704049,562.341325190349,49
(参考)夜 12 時 UTC,562.341325190349,568.8529308438425,43
(参考)夜 12 時 UTC,568.8529308438425,575.4399373371566,39
(参考)夜 12 時 UTC,575.4399373371566,582.1032177708722,53
(参考)夜 12 時 UTC,582.1032177708722,588.8436553555883,43
(参考)夜 12 時 UTC,588.8436553555883,595.6621435290109,138
(参考)夜 12 時 UTC,595.6621435290109,602.5595860743568,174
(参考)夜 12 時 UTC,602.5595860743568,609.5368972401693,115
(参考)夜 12 時 UTC,609.5368972401693,616.5950018614835,62
(参考)夜 12 時 UTC,616.5950018614835,623.7348354824192,47
(参考)夜 12 時 UTC,623.7348354824192,630.9573444801943,41
(参考)夜 12 時 UTC,630.9573444801943,638.2634861905483,26
(参考)夜 12 時 UTC,638.2634861905483,645.6542290346563,36
(参考)夜 12 時 UTC,645.6542290346563,653.1305526474716,42
(参考)夜 12 時 UTC,653.1305526474716,660.6934480075964,39
(参考)夜 12 時 UTC,660.6934480075964,668.3439175686162,39
(参考)夜 12 時 UTC,668.3439175686162,676.0829753919819,30
(参考)夜 12 時 UTC,676.0829753919819,683.9116472814306,36
(参考)夜 12 時 UTC,683.9116472814306,691.8309709189363,42
(参考)夜 12 時 UTC,691.8309709189363,699.8419960022745,31
(参考)夜 12 時 UTC,699.8419960022745,707.9457843841374,21
(参考)夜 12 時 UTC,707.9457843841374,716.1434102129027,161
(参考)夜 12 時 UTC,716.1434102129027,724.4359600749891,84
(参考)夜 12 時 UTC,724.4359600749891,732.8245331389045,38
(参考)夜 12 時 UTC,732.8245331389045,741.3102413009192,23
(参考)夜 12 時 UTC,741.3102413009192,749.8942093324558,18
(参考)夜 12 時 UTC,749.8942093324558,758.5775750291851,17
(参考)夜 12 時 UTC,758.5775750291851,767.3614893618186,16
(参考)夜 12 時 UTC,767.3614893618186,776.2471166286928,24
(参考)夜 12 時 UTC,776.2471166286928,785.235634610071,51
(参考)夜 12 時 UTC,785.235634610071,794.3282347242822,39
(参考)夜 12 時 UTC,794.3282347242822,803.526122185616,36
(参考)夜 12 時 UTC,803.526122185616,812.8305161640995,37
(参考)夜 12 時 UTC,812.8305161640995,822.2426499470729,15
(参考)夜 12 時 UTC,822.2426499470729,831.7637711026708,22
(参考)夜 12 時 UTC,831.7637711026708,841.3951416451964,38
(参考)夜 12 時 UTC,841.3951416451964,851.1380382023759,9
(参考)夜 12 時 UTC,851.1380382023759,860.9937521846016,21
(参考)夜 12 時 UTC,860.9937521846016,870.9635899560797,26
(参考)夜 12 時 UTC,870.9635899560797,881.0488730080147,32
(参考)夜 12 時 UTC,881.0488730080147,891.2509381337477,35
(参考)夜 12 時 UTC,891.2509381337477,901.571137605957,126
(参考)夜 12 時 UTC,901.571137605957,912.0108393559116,28
(参考)夜 12 時 UTC,912.0108393559116,922.5714271547629,27
(参考)夜 12 時 UTC,922.5714271547629,933.2543007969924,10
(参考)夜 12 時 UTC,933.2543007969924,944.0608762859226,13
(参考)夜 12 時 UTC,944.0608762859226,954.9925860214369,18
(参考)夜 12 時 UTC,954.9925860214369,966.0508789898121,78
(参考)夜 12 時 UTC,966.0508789898121,977.2372209558112,24
(参考)夜 12 時 UTC,977.2372209558112,988.5530946569411,29
(参考)夜 12 時 UTC,988.5530946569411,1000.0,55
(参考)夜 12 時 UTC,1000.0,1011.5794542599003,15
(参考)夜 12 時 UTC,1011.5794542599003,1023.2929922807537,34
(参考)夜 12 時 UTC,1023.2929922807537,1035.142166679345,11
(参考)夜 12 時 UTC,1035.142166679345,1047.1285480508984,28
(参考)夜 12 時 UTC,1047.1285480508984,1059.2537251772897,18
(参考)夜 12 時 UTC,1059.2537251772897,1071.5193052376092,58
(参考)夜 12 時 UTC,1071.5193052376092,1083.9269140212039,80
(参考)夜 12 時 UTC,1083.9269140212039,1096.4781961431872,17
(参考)夜 12 時 UTC,1096.4781961431872,1109.174815262401,13
(参考)夜 12 時 UTC,1109.174815262401,1122.0184543019652,20
(参考)夜 12 時 UTC,1122.0184543019652,1135.0108156723143,23
(参考)夜 12 時 UTC,1135.0108156723143,1148.1536214968842,25
(参考)夜 12 時 UTC,1148.1536214968842,1161.4486138403415,50
(参考)夜 12 時 UTC,1161.4486138403415,1174.8975549395302,38
(参考)夜 12 時 UTC,1174.8975549395302,1188.5022274370212,18
(参考)夜 12 時 UTC,1188.5022274370212,1202.2644346174131,27
(参考)夜 12 時 UTC,1202.2644346174131,1216.1860006463703,16
(参考)夜 12 時 UTC,1216.1860006463703,1230.268770812381,7
(参考)夜 12 時 UTC,1230.268770812381,1244.5146117713869,15
(参考)夜 12 時 UTC,1244.5146117713869,1258.9254117941662,13
(参考)夜 12 時 UTC,1258.9254117941662,1273.503081016663,30
(参考)夜 12 時 UTC,1273.503081016663,1288.2495516931324,22
(参考)夜 12 時 UTC,1288.2495516931324,1303.1667784523,9
(参考)夜 12 時 UTC,1303.1667784523,1318.25673855641,10
(参考)夜 12 時 UTC,1318.25673855641,1333.521432163324,10
(参考)夜 12 時 UTC,1333.521432163324,1348.9628825916561,19
(参考)夜 12 時 UTC,1348.9628825916561,1364.583136588924,16
(参考)夜 12 時 UTC,1364.583136588924,1380.3842646028866,8
(参考)夜 12 時 UTC,1380.3842646028866,1396.3683610559362,31
(参考)夜 12 時 UTC,1396.3683610559362,1412.5375446227554,21
(参考)夜 12 時 UTC,1412.5375446227554,1428.8939585111066,19
(参考)夜 12 時 UTC,1428.8939585111066,1445.439770745928,36
(参考)夜 12 時 UTC,1445.439770745928,1462.1771744567213,10
(参考)夜 12 時 UTC,1462.1771744567213,1479.1083881682073,9
(参考)夜 12 時 UTC,1479.1083881682073,1496.2356560944359,33
(参考)夜 12 時 UTC,1496.2356560944359,1513.5612484362073,27
(参考)夜 12 時 UTC,1513.5612484362073,1531.087461682032,9
(参考)夜 12 時 UTC,1531.087461682032,1548.8166189124795,22
(参考)夜 12 時 UTC,1548.8166189124795,1566.75107010815,11
(参考)夜 12 時 UTC,1566.75107010815,1584.8931924611175,8
(参考)夜 12 時 UTC,1584.8931924611175,1603.2453906900419,24
(参考)夜 12 時 UTC,1603.2453906900419,1621.8100973589333,6
(参考)夜 12 時 UTC,1621.8100973589333,1640.5897731995387,22
(参考)夜 12 時 UTC,1640.5897731995387,1659.586907437563,27
(参考)夜 12 時 UTC,1659.586907437563,1678.804018122559,78
(参考)夜 12 時 UTC,1678.804018122559,1698.243652461746,9
(参考)夜 12 時 UTC,1698.243652461746,1717.9083871575858,7
(参考)夜 12 時 UTC,1717.9083871575858,1737.8008287493763,11
(参考)夜 12 時 UTC,1737.8008287493763,1757.9236139586967,10
(参考)夜 12 時 UTC,1757.9236139586967,1778.2794100389228,11
(参考)夜 12 時 UTC,1778.2794100389228,1798.870915128791,14
(参考)夜 12 時 UTC,1798.870915128791,1819.7008586099826,35
(参考)夜 12 時 UTC,1819.7008586099826,1840.7720014689583,11
(参考)夜 12 時 UTC,1840.7720014689583,1862.0871366628655,12
(参考)夜 12 時 UTC,1862.0871366628655,1883.649089489802,14
(参考)夜 12 時 UTC,1883.649089489802,1905.4607179632521,8
(参考)夜 12 時 UTC,1905.4607179632521,1927.5249131909366,13
(参考)夜 12 時 UTC,1927.5249131909366,1949.8445997580495,2
(参考)夜 12 時 UTC,1949.8445997580495,1972.4227361148535,6
(参考)夜 12 時 UTC,1972.4227361148535,1995.262314968883,26
(参考)夜 12 時 UTC,1995.262314968883,2018.3663636815597,8
(参考)夜 12 時 UTC,2018.3663636815597,2041.7379446695318,19
(参考)夜 12 時 UTC,2041.7379446695318,2065.380155810527,20
(参考)夜 12 時 UTC,2065.380155810527,2089.2961308540407,9
(参考)夜 12 時 UTC,2089.2961308540407,2113.489039836652,6
(参考)夜 12 時 UTC,2113.489039836652,2137.9620895022326,18
(参考)夜 12 時 UTC,2137.9620895022326,2162.7185237270246,15
(参考)夜 12 時 UTC,2162.7185237270246,2187.761623949552,3
(参考)夜 12 時 UTC,2187.761623949552,2213.094709605641,13
(参考)夜 12 時 UTC,2213.094709605641,2238.7211385683377,44
(参考)夜 12 時 UTC,2238.7211385683377,2264.644307593062,102
(参考)夜 12 時 UTC,2264.644307593062,2290.86765276777,17
(参考)夜 12 時 UTC,2290.86765276777,2317.39464996848,8
(参考)夜 12 時 UTC,2317.39464996848,2344.2288153199274,37
(参考)夜 12 時 UTC,2344.2288153199274,2371.373705661655,17
(参考)夜 12 時 UTC,2371.373705661655,2398.832919019495,6
(参考)夜 12 時 UTC,2398.832919019495,2426.6100950824143,205
(参考)夜 12 時 UTC,2426.6100950824143,2454.7089156850334,5
(参考)夜 12 時 UTC,2454.7089156850334,2483.133105295568,5
(参考)夜 12 時 UTC,2483.133105295568,2511.886431509582,13
(参考)夜 12 時 UTC,2511.886431509582,2540.9727055493117,4
(参考)夜 12 時 UTC,2540.9727055493117,2570.3957827688646,6
(参考)夜 12 時 UTC,2570.3957827688646,2600.1595631652776,13
(参考)夜 12 時 UTC,2600.1595631652776,2630.2679918953813,13
(参考)夜 12 時 UTC,2630.2679918953813,2660.725059798814,5
(参考)夜 12 時 UTC,2660.725059798814,2691.534803926914,5
(参考)夜 12 時 UTC,2691.534803926914,2722.7013080779157,14
(参考)夜 12 時 UTC,2722.7013080779157,2754.228703338163,12
(参考)夜 12 時 UTC,2754.228703338163,2786.121168629772,10
(参考)夜 12 時 UTC,2786.121168629772,2818.3829312644607,5
(参考)夜 12 時 UTC,2818.3829312644607,2851.0182675039096,9
(参考)夜 12 時 UTC,2851.0182675039096,2884.031503126612,21
(参考)夜 12 時 UTC,2884.031503126612,2917.427014001166,5
(参考)夜 12 時 UTC,2917.427014001166,2951.20922666639,21
(参考)夜 12 時 UTC,2951.20922666639,2985.382618917957,114
(参考)夜 12 時 UTC,2985.382618917957,3019.951720402019,16
(参考)夜 12 時 UTC,3019.951720402019,3054.921113215509,2
(参考)夜 12 時 UTC,3054.921113215509,3090.295432513592,15
(参考)夜 12 時 UTC,3090.295432513592,3126.079367123962,4
(参考)夜 12 時 UTC,3126.079367123962,3162.2776601683795,6
(参考)夜 12 時 UTC,3162.2776601683795,3198.895109691404,1
(参考)夜 12 時 UTC,3198.895109691404,3235.936569296281,3
(参考)夜 12 時 UTC,3235.936569296281,3273.406948788386,10
(参考)夜 12 時 UTC,3273.406948788386,3311.311214825908,8
(参考)夜 12 時 UTC,3311.311214825908,3349.6543915782795,3
(参考)夜 12 時 UTC,3349.6543915782795,3388.441561392034,3
(参考)夜 12 時 UTC,3388.441561392034,3427.6778654645045,3
(参考)夜 12 時 UTC,3427.6778654645045,3467.3685045253237,2
(参考)夜 12 時 UTC,3467.3685045253237,3507.5187395256794,4
(参考)夜 12 時 UTC,3507.5187395256794,3548.1338923357603,2
(参考)夜 12 時 UTC,3548.1338923357603,3589.2193464500497,16
(参考)夜 12 時 UTC,3589.2193464500497,3630.7805477010174,25
(参考)夜 12 時 UTC,3630.7805477010174,3672.8230049808426,8
(参考)夜 12 時 UTC,3672.8230049808426,3715.3522909717276,5
(参考)夜 12 時 UTC,3715.3522909717276,3758.374042884451,8
(参考)夜 12 時 UTC,3758.374042884451,3801.8939632056126,6
(参考)夜 12 時 UTC,3801.8939632056126,3845.9178204535433,2
(参考)夜 12 時 UTC,3845.9178204535433,3890.4514499428046,3
(参考)夜 12 時 UTC,3890.4514499428046,3935.5007545577805,1
(参考)夜 12 時 UTC,3935.5007545577805,3981.071705534969,1
(参考)夜 12 時 UTC,3981.071705534969,4027.170343254595,1
(参考)夜 12 時 UTC,4027.170343254595,4073.802778041122,6
(参考)夜 12 時 UTC,4073.802778041122,4120.975190973304,1
(参考)夜 12 時 UTC,4120.975190973304,4168.693834703364,6
(参考)夜 12 時 UTC,4168.693834703364,4216.965034285822,3
(参考)夜 12 時 UTC,4216.965034285822,4265.795188015934,3
(参考)夜 12 時 UTC,4265.795188015934,4315.19076827765,5
(参考)夜 12 時 UTC,4315.19076827765,4365.158322401666,1
(参考)夜 12 時 UTC,4365.158322401666,4415.704473533121,5
(参考)夜 12 時 UTC,4415.704473533121,4466.835921509635,8
(参考)夜 12 時 UTC,4466.835921509635,4518.5594437492355,14
(参考)夜 12 時 UTC,4518.5594437492355,4570.881896148751,14
(参考)夜 12 時 UTC,4570.881896148751,4623.810213992613,11
(参考)夜 12 時 UTC,4623.810213992613,4677.351412871981,8
(参考)夜 12 時 UTC,4677.351412871981,4731.512589614813,8
(参考)夜 12 時 UTC,4731.512589614813,4786.30092322638,123
(参考)夜 12 時 UTC,4786.30092322638,4841.723675840999,12
(参考)夜 12 時 UTC,4841.723675840999,4897.788193684456,9
(参考)夜 12 時 UTC,4897.788193684456,4954.501908047905,10
(参考)夜 12 時 UTC,4954.501908047905,5011.872336272735,7
(参考)夜 12 時 UTC,5011.872336272735,5069.907082747044,3
(参考)夜 12 時 UTC,5069.907082747044,5128.613839913659,2
(参考)夜 12 時 UTC,5128.613839913659,5188.000389289609,7
(参考)夜 12 時 UTC,5188.000389289609,5248.074602497733,11
(参考)夜 12 時 UTC,5248.074602497733,5308.844442309879,8
(参考)夜 12 時 UTC,5308.844442309879,5370.317963702532,4
(参考)夜 12 時 UTC,5370.317963702532,5432.503314924325,2
(参考)夜 12 時 UTC,5432.503314924325,5495.408738576249,11
(参考)夜 12 時 UTC,5495.408738576249,5559.042572704048,1
(参考)夜 12 時 UTC,5559.042572704048,5623.413251903491,3
(参考)夜 12 時 UTC,5623.413251903491,5688.529308438425,3
(参考)夜 12 時 UTC,5688.529308438425,5754.399373371566,3
(参考)夜 12 時 UTC,5754.399373371566,5821.032177708722,4
(参考)夜 12 時 UTC,5888.436553555884,5956.62143529011,3
(参考)夜 12 時 UTC,5956.62143529011,6025.595860743593,2
(参考)夜 12 時 UTC,6025.595860743593,6095.368972401694,2
(参考)夜 12 時 UTC,6095.368972401694,6165.950018614834,5
(参考)夜 12 時 UTC,6309.573444801943,6382.6348619054825,1
(参考)夜 12 時 UTC,6382.6348619054825,6456.542290346562,1
(参考)夜 12 時 UTC,6456.542290346562,6531.305526474716,3
(参考)夜 12 時 UTC,6683.439175686162,6760.829753919819,2
(参考)夜 12 時 UTC,6760.829753919819,6839.116472814307,5
(参考)夜 12 時 UTC,6918.309709189362,6998.419960022746,3
(参考)夜 12 時 UTC,6998.419960022746,7079.457843841374,1
(参考)夜 12 時 UTC,7079.457843841374,7161.434102129027,7
(参考)夜 12 時 UTC,7328.245331389045,7413.102413009192,6
(参考)夜 12 時 UTC,7413.102413009192,7498.942093324558,2
(参考)夜 12 時 UTC,7498.942093324558,7585.775750291851,2
(参考)夜 12 時 UTC,7585.775750291851,7673.614893618185,6
(参考)夜 12 時 UTC,7762.471166286928,7852.35634610071,1
(参考)夜 12 時 UTC,7852.35634610071,7943.282347242822,1
(参考)夜 12 時 UTC,7943.282347242822,8035.2612218561935,2
(参考)夜 12 時 UTC,8128.305161640995,8222.426499470728,2
(参考)夜 12 時 UTC,8222.426499470728,8317.63771102671,7
(参考)夜 12 時 UTC,8317.63771102671,8413.951416451964,8
(参考)夜 12 時 UTC,8413.951416451964,8511.380382023759,4
(参考)夜 12 時 UTC,8511.380382023759,8609.937521846015,2
(参考)夜 12 時 UTC,8609.937521846015,8709.635899560797,4
(参考)夜 12 時 UTC,8709.635899560797,8810.488730080147,1
(参考)夜 12 時 UTC,8810.488730080147,8912.509381337477,1
(参考)夜 12 時 UTC,8912.509381337477,9015.711376059571,5
(参考)夜 12 時 UTC,9015.711376059571,9120.108393559116,4
(参考)夜 12 時 UTC,9120.108393559116,9225.71427154763,7
(参考)夜 12 時 UTC,9225.71427154763,9332.543007969924,1
(参考)夜 12 時 UTC,9332.543007969924,9440.608762859227,8
(参考)夜 12 時 UTC,9440.608762859227,9549.92586021437,8
(参考)夜 12 時 UTC,9660.508789898122,9772.372209558112,1
(参考)夜 12 時 UTC,9772.372209558112,9885.530946569412,4
(参考)夜 12 時 UTC,9885.530946569412,10000.0,1
(参考)夜 12 時 UTC,10000.0,10115.794542599004,7
(参考)夜 12 時 UTC,10115.794542599004,10232.929922807536,1
(参考)夜 12 時 UTC,10232.929922807536,10351.421666793452,99
(参考)夜 12 時 UTC,10351.421666793452,10471.285480508985,2
(参考)夜 12 時 UTC,10471.285480508985,10592.537251772897,1
(参考)夜 12 時 UTC,10592.537251772897,10715.193052376093,3
(参考)夜 12 時 UTC,11091.748152624008,11220.184543019654,2
(参考)夜 12 時 UTC,11220.184543019654,11350.108156723143,2
(参考)夜 12 時 UTC,11350.108156723143,11481.53621496884,2
(参考)夜 12 時 UTC,11481.53621496884,11614.486138403414,3
(参考)夜 12 時 UTC,11614.486138403414,11748.975549395303,10
(参考)夜 12 時 UTC,11748.975549395303,11885.022274370214,8
(参考)夜 12 時 UTC,11885.022274370214,12022.644346174131,2
(参考)夜 12 時 UTC,12022.644346174131,12161.860006463703,2
(参考)夜 12 時 UTC,12161.860006463703,12302.68770812381,1
(参考)夜 12 時 UTC,12735.030810166629,12882.495516931323,6
(参考)夜 12 時 UTC,13031.667784523,13182.567385564102,1
(参考)夜 12 時 UTC,13335.21432163324,13489.628825916561,3
(参考)夜 12 時 UTC,13489.628825916561,13645.831365889238,1
(参考)夜 12 時 UTC,13645.831365889238,13803.842646028867,4
(参考)夜 12 時 UTC,13963.683610559363,14125.375446227554,1
(参考)夜 12 時 UTC,14288.939585111066,14454.39770745928,13
(参考)夜 12 時 UTC,14454.39770745928,14621.771744567213,1
(参考)夜 12 時 UTC,14621.771744567213,14791.083881682072,1
(参考)夜 12 時 UTC,14791.083881682072,14962.35656094436,3
(参考)夜 12 時 UTC,14962.35656094436,15135.612484362071,4
(参考)夜 12 時 UTC,15135.612484362071,15310.87461682032,1
(参考)夜 12 時 UTC,15310.87461682032,15488.166189124795,8
(参考)夜 12 時 UTC,15667.5107010815,15848.931924611174,3
(参考)夜 12 時 UTC,15848.931924611174,16032.453906900417,1
(参考)夜 12 時 UTC,16032.453906900417,16218.100973589331,51
(参考)夜 12 時 UTC,16218.100973589331,16405.89773199539,4
(参考)夜 12 時 UTC,16405.89773199539,16595.86907437563,1
(参考)夜 12 時 UTC,16595.86907437563,16788.040181225588,2
(参考)夜 12 時 UTC,16982.43652461746,17179.08387157586,1
(参考)夜 12 時 UTC,17179.08387157586,17378.00828749376,1
(参考)夜 12 時 UTC,17378.00828749376,17579.236139586967,3
(参考)夜 12 時 UTC,17579.236139586967,17782.794100389227,6
(参考)夜 12 時 UTC,17988.709151287912,18197.008586099826,2
(参考)夜 12 時 UTC,18197.008586099826,18407.72001468958,2
(参考)夜 12 時 UTC,18407.72001468958,18620.871366628657,2
(参考)夜 12 時 UTC,19054.607179632523,19275.249131909368,24
(参考)夜 12 時 UTC,19275.249131909368,19498.445997580493,3
(参考)夜 12 時 UTC,19724.227361148533,19952.62314968883,3
(参考)夜 12 時 UTC,20183.663636815596,20417.379446695315,22
(参考)夜 12 時 UTC,20417.379446695315,20653.80155810527,2
(参考)夜 12 時 UTC,20653.80155810527,20892.96130854041,3
(参考)夜 12 時 UTC,21134.89039836652,21379.620895022323,1
(参考)夜 12 時 UTC,21379.620895022323,21627.185237270245,1
(参考)夜 12 時 UTC,22130.94709605641,22387.21138568338,21
(参考)夜 12 時 UTC,22387.21138568338,22646.44307593062,79
(参考)夜 12 時 UTC,22646.44307593062,22908.6765276777,1
(参考)夜 12 時 UTC,22908.6765276777,23173.946499684796,5
(参考)夜 12 時 UTC,23173.946499684796,23442.288153199275,3
(参考)夜 12 時 UTC,23442.288153199275,23713.737056616552,3
(参考)夜 12 時 UTC,23713.737056616552,23988.32919019495,95
(参考)夜 12 時 UTC,23988.32919019495,24266.100950824144,1
(参考)夜 12 時 UTC,24266.100950824144,24547.089156850336,1
(参考)夜 12 時 UTC,24547.089156850336,24831.331052955677,2
(参考)夜 12 時 UTC,24831.331052955677,25118.864315095823,1
(参考)夜 12 時 UTC,25118.864315095823,25409.727055493116,1
(参考)夜 12 時 UTC,26302.679918953814,26607.25059798814,1
(参考)夜 12 時 UTC,27227.013080779154,27542.28703338163,61
(参考)夜 12 時 UTC,27542.28703338163,27861.211686297724,1
(参考)夜 12 時 UTC,27861.211686297724,28183.829312644608,1
(参考)夜 12 時 UTC,28510.182675039097,28840.315031266116,3
(参考)夜 12 時 UTC,28840.315031266116,29174.27014001166,1
(参考)夜 12 時 UTC,29174.27014001166,29512.0922666639,5
(参考)夜 12 時 UTC,29512.0922666639,29853.82618917957,11
(参考)夜 12 時 UTC,30199.51720402019,30549.21113215509,1
(参考)夜 12 時 UTC,30902.95432513592,31260.793671239622,2
(参考)夜 12 時 UTC,31260.793671239622,31622.776601683792,1
(参考)夜 12 時 UTC,31622.776601683792,31988.95109691404,7
(参考)夜 12 時 UTC,31988.95109691404,32359.36569296281,1
(参考)夜 12 時 UTC,32359.36569296281,32734.069487883862,2
(参考)夜 12 時 UTC,34673.68504525324,35075.18739525679,1
(参考)夜 12 時 UTC,35075.18739525679,35481.3389233576,2
(参考)夜 12 時 UTC,35481.3389233576,35892.193464500495,2
(参考)夜 12 時 UTC,35892.193464500495,36307.80547701017,1
(参考)夜 12 時 UTC,36307.80547701017,36728.23004980842,2
(参考)夜 12 時 UTC,37583.74042884451,38018.93963205613,7
(参考)夜 12 時 UTC,38018.93963205613,38459.178204535434,1
(参考)夜 12 時 UTC,38459.178204535434,38904.51449942805,6
(参考)夜 12 時 UTC,39355.007545577806,39810.71705534969,1
(参考)夜 12 時 UTC,39810.71705534969,40271.703432545946,1
(参考)夜 12 時 UTC,40738.02778041122,41209.751909733044,1
(参考)夜 12 時 UTC,41686.93834703363,42169.65034285822,9
(参考)夜 12 時 UTC,42169.65034285822,42657.951880159344,8
(参考)夜 12 時 UTC,42657.951880159344,43151.9076827765,3
(参考)夜 12 時 UTC,43651.58322401666,44157.044735331205,2
(参考)夜 12 時 UTC,44157.044735331205,44668.359215096345,1
(参考)夜 12 時 UTC,44668.359215096345,45185.59443749236,7
(参考)夜 12 時 UTC,45185.59443749236,45708.818961487515,2
(参考)夜 12 時 UTC,45708.818961487515,46238.10213992613,3
(参考)夜 12 時 UTC,46238.10213992613,46773.51412871981,12
(参考)夜 12 時 UTC,46773.51412871981,47315.12589614812,4
(参考)夜 12 時 UTC,47315.12589614812,47863.0092322638,104
(参考)夜 12 時 UTC,48417.23675840999,48977.88193684456,2
(参考)夜 12 時 UTC,48977.88193684456,49545.019080479055,102
(参考)夜 12 時 UTC,49545.019080479055,50118.72336272735,2
(参考)夜 12 時 UTC,51286.13839913659,51880.00389289609,1
(参考)夜 12 時 UTC,52480.746024977336,53088.444423098794,6
(参考)夜 12 時 UTC,53088.444423098794,53703.17963702533,60
(参考)夜 12 時 UTC,53703.17963702533,54325.03314924325,1
(参考)夜 12 時 UTC,54325.03314924325,54954.08738576248,1
(参考)夜 12 時 UTC,54954.08738576248,55590.425727040485,10
(参考)夜 12 時 UTC,55590.425727040485,56234.13251903491,25
(参考)夜 12 時 UTC,56234.13251903491,56885.29308438425,1
(参考)夜 12 時 UTC,56885.29308438425,57543.993733715666,2
(参考)夜 12 時 UTC,57543.993733715666,58210.321777087214,8
(参考)夜 12 時 UTC,60255.95860743593,60953.689724016935,1
(参考)夜 12 時 UTC,60953.689724016935,61659.50018614835,1
(参考)夜 12 時 UTC,61659.50018614835,62373.483548241915,2
(参考)夜 12 時 UTC,62373.483548241915,63095.73444801943,1
(参考)夜 12 時 UTC,63095.73444801943,63826.34861905483,67
(参考)夜 12 時 UTC,64565.422903465624,65313.05526474716,1
(参考)夜 12 時 UTC,69183.09709189362,69984.19960022745,1
(参考)夜 12 時 UTC,72443.59600749891,73282.45331389045,1
(参考)夜 12 時 UTC,74989.42093324558,75857.75750291851,1
(参考)夜 12 時 UTC,75857.75750291851,76736.14893618185,2
(参考)夜 12 時 UTC,76736.14893618185,77624.71166286927,2
(参考)夜 12 時 UTC,78523.5634610071,79432.82347242821,1
(参考)夜 12 時 UTC,80352.61221856193,81283.05161640995,4
(参考)夜 12 時 UTC,81283.05161640995,82224.2649947073,3
(参考)夜 12 時 UTC,82224.2649947073,83176.37711026709,3
(参考)夜 12 時 UTC,83176.37711026709,84139.51416451964,4
(参考)夜 12 時 UTC,84139.51416451964,85113.80382023759,2
(参考)夜 12 時 UTC,85113.80382023759,86099.37521846016,101
(参考)夜 12 時 UTC,86099.37521846016,87096.35899560797,2
(参考)夜 12 時 UTC,87096.35899560797,88104.88730080146,6
(参考)夜 12 時 UTC,89125.09381337477,90157.1137605957,1
(参考)夜 12 時 UTC,90157.1137605957,91201.08393559116,8
(参考)夜 12 時 UTC,91201.08393559116,92257.14271547628,7
(参考)夜 12 時 UTC,92257.14271547628,93325.43007969925,7
(参考)夜 12 時 UTC,93325.43007969925,94406.08762859226,1
(参考)夜 12 時 UTC,95499.25860214369,96605.0878989812,1
(参考)夜 12 時 UTC,96605.0878989812,97723.72209558112,2
(参考)夜 12 時 UTC,100000.0,101157.94542599004,1
(参考)夜 12 時 UTC,101157.94542599004,102329.29922807537,3
(参考)夜 12 時 UTC,108392.69140212038,109647.81961431874,1
(参考)夜 12 時 UTC,109647.81961431874,110917.4815262401,4
(参考)夜 12 時 UTC,110917.4815262401,112201.84543019652,1
(参考)夜 12 時 UTC,120226.4434617413,121618.60006463704,1
(参考)夜 12 時 UTC,130316.67784523,131825.673855641,2
(参考)夜 12 時 UTC,133352.1432163324,134896.2882591656,20
(参考)夜 12 時 UTC,134896.2882591656,136458.31365889238,1
(参考)夜 12 時 UTC,142889.39585111066,144543.9770745928,2
(参考)夜 12 時 UTC,151356.12484362072,153108.7461682032,1
(参考)夜 12 時 UTC,160324.53906900418,162181.0097358933,1
(参考)夜 12 時 UTC,167880.4018122559,169824.3652461746,2
(参考)夜 12 時 UTC,171790.83871575858,173780.08287493762,1
(参考)夜 12 時 UTC,173780.08287493762,175792.36139586967,1
(参考)夜 12 時 UTC,177827.94100389228,179887.0915128791,1
(参考)夜 12 時 UTC,179887.0915128791,181970.08586099825,1
(参考)夜 12 時 UTC,199526.2314968883,201836.63636815597,1
(参考)夜 12 時 UTC,206538.0155810527,208929.6130854041,1
(参考)夜 12 時 UTC,216271.85237270244,218776.16239495517,6
(参考)夜 12 時 UTC,221309.4709605641,223872.11385683378,1
(参考)夜 12 時 UTC,229086.765276777,231739.46499684796,1
(参考)夜 12 時 UTC,254097.27055493116,257039.57827688646,1
(参考)夜 12 時 UTC,257039.57827688646,260015.95631652774,1
(参考)夜 12 時 UTC,260015.95631652774,263026.7991895382,2
(参考)夜 12 時 UTC,263026.7991895382,266072.5059798814,16
(参考)夜 12 時 UTC,266072.5059798814,269153.4803926914,1
(参考)夜 12 時 UTC,269153.4803926914,272270.13080779155,17
(参考)夜 12 時 UTC,272270.13080779155,275422.87033381633,17
(参考)夜 12 時 UTC,275422.87033381633,278612.1168629772,101
(参考)夜 12 時 UTC,281838.2931264461,285101.826750391,1
(参考)夜 12 時 UTC,285101.826750391,288403.15031266114,1
(参考)夜 12 時 UTC,288403.15031266114,291742.7014001166,1
(参考)夜 12 時 UTC,305492.1113215509,309029.5432513592,2
(参考)夜 12 時 UTC,309029.5432513592,312607.9367123962,1
(参考)夜 12 時 UTC,342767.78654645046,346736.85045253235,8
(参考)夜 12 時 UTC,346736.85045253235,350751.8739525679,1
(参考)夜 12 時 UTC,358921.934645005,363078.05477010173,1
(参考)夜 12 時 UTC,380189.39632056124,384591.7820453543,2
(参考)夜 12 時 UTC,393550.07545577805,398107.1705534969,3
(参考)夜 12 時 UTC,398107.1705534969,402717.0343254595,1
(参考)夜 12 時 UTC,407380.2778041122,412097.5190973304,1
(参考)夜 12 時 UTC,416869.3834703364,421696.5034285823,2
(参考)夜 12 時 UTC,441570.44735331205,446683.5921509635,1
(参考)夜 12 時 UTC,451855.94437492354,457088.1896148752,1
(参考)夜 12 時 UTC,478630.092322638,484172.3675840999,1
(参考)夜 12 時 UTC,489778.81936844566,495450.19080479053,4
(参考)夜 12 時 UTC,495450.19080479053,501187.2336272735,1
(参考)夜 12 時 UTC,506990.70827470446,512861.38399136584,10
(参考)夜 12 時 UTC,512861.38399136584,518800.038928961,1
(参考)夜 12 時 UTC,609536.8972401693,616595.0018614834,3
(参考)夜 12 時 UTC,691830.9709189363,699841.9960022746,2
(参考)夜 12 時 UTC,732824.5331389045,741310.2413009192,6
(参考)夜 12 時 UTC,841395.1416451965,851138.0382023759,1
(参考)夜 12 時 UTC,860993.7521846016,870963.5899560796,1
(参考)夜 12 時 UTC,912010.8393559115,922571.4271547629,2
(参考)夜 12 時 UTC,944060.8762859226,954992.5860214368,4
(参考)夜 12 時 UTC,2065380.155810527,2089296.1308540408,1
