feat,x_form,y_kind,day_type,hor,sample,n,beta,r,r2,t,lay,hor_ms
var_ask_depth,log1p,二乗,立会日,10ms,full,58751447.0,-2.556569866124399e-11,-0.00024432234486487954,5.969340820027313e-8,-1.8727183979686073,全窓,10
var_ask_depth,log1p,二乗,立会日,10ms,sub,58751447.0,-2.556569866124399e-11,-0.00024432234486487954,5.969340820027313e-8,-1.8727183979686073,全窓,10
var_ask_depth,log1p,二乗,立会日,20ms,full,58751447.0,-6.935723709466969e-11,-0.0005136299335003407,2.6381570858756435e-7,-3.936947825695082,全窓,20
var_ask_depth,log1p,二乗,立会日,20ms,sub,58751447.0,-6.935723709466969e-11,-0.0005136299335003407,2.6381570858756435e-7,-3.936947825695082,全窓,20
var_ask_depth,log1p,二乗,立会日,50ms,full,58751447.0,-1.180173308371337e-10,-0.0005902750555010286,3.484246411467424e-7,-4.524429054962589,全窓,50
var_ask_depth,log1p,二乗,立会日,50ms,sub,58751447.0,-1.180173308371337e-10,-0.0005902750555010286,3.484246411467424e-7,-4.524429054962589,全窓,50
var_ask_depth,log1p,二乗,立会日,100ms,full,58751447.0,-3.543311598968988e-8,-0.000059100300653220934,3.492845537301107e-9,-0.4530007982277816,全窓,100
var_ask_depth,log1p,二乗,立会日,100ms,sub,58751447.0,-3.543311598968988e-8,-0.000059100300653220934,3.492845537301107e-9,-0.4530007982277816,全窓,100
var_ask_depth,log1p,二乗,立会日,500ms,full,58751175.0,1.0133629654427595e-7,0.00007558992392343132,5.713836598750134e-9,0.5793915812514061,全窓,500
var_ask_depth,log1p,二乗,立会日,500ms,sub,11750217.0,2.591763503784808e-7,0.00019558594705059107,3.825386268367662e-8,0.6704409953966486,全窓,500
var_ask_depth,log1p,二乗,立会日,1s,full,58750835.0,4.952942056017555e-7,0.0002612503584374944,6.82517497837193e-8,2.0024603434725448,全窓,1000
var_ask_depth,log1p,二乗,立会日,1s,sub,5875059.0,-3.4507530527933255e-7,-0.00018240370582187903,3.3271111897554584e-8,-0.4421195374047669,全窓,1000
var_ask_depth,log1p,二乗,立会日,3s,full,58749475.0,5.763161891364383e-7,0.0003040435670428332,9.24424906601298e-8,2.3304394673838704,全窓,3000
var_ask_depth,log1p,二乗,立会日,3s,sub,1958288.0,-1.0292156626989098e-6,-0.0003141314213385362,9.867854987216897e-8,-0.4395916761992843,全窓,3000
var_ask_depth,log1p,二乗,立会日,5s,full,58748115.0,5.951702680023138e-8,0.000031406546948689624,9.863711912402456e-10,0.2407227580850723,全窓,5000
var_ask_depth,log1p,二乗,立会日,5s,sub,1174933.0,1.359494790774502e-8,0.0002500942404085338,6.25471290855215e-8,0.2710877450569828,全窓,5000
var_ask_depth,log1p,二乗,立会日,10s,full,58744715.0,5.6303204320862126e-8,0.000029746761301402747,8.84869807922632e-10,0.22799434851499484,全窓,10000
var_ask_depth,log1p,二乗,立会日,10s,sub,587414.0,4.939360081952113e-8,0.0006227444917027694,3.878107019461406e-7,0.4772889569188729,全窓,10000
var_ask_depth,log1p,二乗,立会日,30s,full,58731115.0,1.9145832406226725e-7,0.00010119950664196188,1.0241340144576487e-8,0.7755548410412852,全窓,30000
var_ask_depth,log1p,二乗,立会日,30s,sub,195734.0,2.2373832796262786e-7,0.00307320776636032,9.444605975217387e-6,1.3596429959053478,全窓,30000
var_ask_depth,log1p,二乗,立会日,50s,full,58717515.0,1.2940243381562765e-6,0.0006828651203151807,4.6630477254306627e-7,5.232615914751415,全窓,50000
var_ask_depth,log1p,二乗,立会日,50s,sub,117398.0,3.3961145873125567e-7,0.003596799318140516,0.000012936965334976082,1.232382907504418,全窓,50000
var_ask_depth,log1p,二乗,立会日,100s,full,58683515.0,1.8358438735395692e-6,0.0009661736154871024,9.334914552634193e-7,7.401392374923132,全窓,100000
var_ask_depth,log1p,二乗,立会日,100s,sub,58646.0,7.558598705534765e-7,0.005727570859461353,0.000032805067950150865,1.3870412820093652,全窓,100000
var_ask_depth,log1p,二乗,閉場日,10ms,full,26766525.0,5.977787387820899e-11,0.0005821963937755617,3.3895264092526893e-7,3.01207349419203,全窓,10
var_ask_depth,log1p,二乗,閉場日,10ms,sub,26766525.0,5.977787387820899e-11,0.0005821963937755617,3.3895264092526893e-7,3.01207349419203,全窓,10
var_ask_depth,log1p,二乗,閉場日,20ms,full,26766525.0,1.1406751875335708e-10,0.0005724389337653509,3.2768633289041186e-7,2.961591909808375,全窓,20
var_ask_depth,log1p,二乗,閉場日,20ms,sub,26766525.0,1.1406751875335708e-10,0.0005724389337653509,3.2768633289041186e-7,2.961591909808375,全窓,20
var_ask_depth,log1p,二乗,閉場日,50ms,full,26766525.0,3.033377672158505e-10,0.0009083939584122342,8.251795836798479e-7,4.6997028131158425,全窓,50
var_ask_depth,log1p,二乗,閉場日,50ms,sub,26766525.0,3.033377672158505e-10,0.0009083939584122342,8.251795836798479e-7,4.6997028131158425,全窓,50
var_ask_depth,log1p,二乗,閉場日,100ms,full,26766525.0,-8.326635392263659e-10,-0.000019201608322050086,3.6870176215342313e-10,-0.09934215721665599,全窓,100
var_ask_depth,log1p,二乗,閉場日,100ms,sub,26766525.0,-8.326635392263659e-10,-0.000019201608322050086,3.6870176215342313e-10,-0.09934215721665599,全窓,100
var_ask_depth,log1p,二乗,閉場日,500ms,full,26766401.0,-4.2330707685788024e-9,-0.00004363419248807187,1.9039427540861076e-9,-0.2257469634924372,全窓,500
var_ask_depth,log1p,二乗,閉場日,500ms,sub,5353266.0,-3.165839738976383e-9,-0.000033405991993685284,1.1159603010821653e-9,-0.07729185022936828,全窓,500
var_ask_depth,log1p,二乗,閉場日,1s,full,26766246.0,2.6854623413818608e-8,0.00019569370056158854,3.829602443948868e-8,1.012442973027273,全窓,1000
var_ask_depth,log1p,二乗,閉場日,1s,sub,2676607.0,-8.874376338059012e-9,-0.00006681677256301044,4.464481095737064e-9,-0.10931446599880687,全窓,1000
var_ask_depth,log1p,二乗,閉場日,3s,full,26765626.0,5.371268400815471e-8,0.0003911138231691306,1.5297002267397395e-7,2.023447240842753,全窓,3000
var_ask_depth,log1p,二乗,閉場日,3s,sub,892165.0,4.932909864464981e-8,0.0041585602363372045,0.000017293623239244947,3.9279762745294398,全窓,3000
var_ask_depth,log1p,二乗,閉場日,5s,full,26765006.0,7.245575385036541e-8,0.0005275424691826989,2.7830105679137877e-7,2.729236334804148,全窓,5000
var_ask_depth,log1p,二乗,閉場日,5s,sub,535278.0,-3.92440681578976e-8,-0.0001328096811346195,1.7638411403079307e-8,-0.0971669618168969,全窓,5000
var_ask_depth,log1p,二乗,閉場日,10s,full,26763456.0,1.7021085797359457e-7,0.0012383125704549076,1.5334180221466404e-6,6.406217731969009,全窓,10000
var_ask_depth,log1p,二乗,閉場日,10s,sub,267610.0,-9.482399495871593e-8,-0.00022827203613742496,5.210812248232585e-8,-0.1180870491115543,全窓,10000
var_ask_depth,log1p,二乗,閉場日,30s,full,26757256.0,4.445873978039003e-7,0.0032207123655579426,0.000010372988141657839,16.65999872526507,全窓,30000
var_ask_depth,log1p,二乗,閉場日,30s,sub,89165.0,2.8591374720622175e-7,0.02906370788905365,0.0008446991162602395,8.682141462106722,全窓,30000
var_ask_depth,log1p,二乗,閉場日,50s,full,26751056.0,5.980552947222057e-7,0.004307010867427561,0.000018550342612139113,22.276678894107942,全窓,50000
var_ask_depth,log1p,二乗,閉場日,50s,sub,53477.0,-4.803384842745791e-7,-0.0005102350939109963,2.603398510583632e-7,-0.11799015704588807,全窓,50000
var_ask_depth,log1p,二乗,閉場日,100s,full,26735556.0,1.2148873105560214e-6,0.008647114232412,0.00007477258454838217,44.71281650659781,全窓,100000
var_ask_depth,log1p,二乗,閉場日,100s,sub,26709.0,-1.1257872125498708e-6,-0.0008413074855204755,7.077982851927851e-7,-0.1374888438466323,全窓,100000
var_ask_depth,log1p,符号つき,立会日,10ms,full,58751447.0,-1.693228424091454e-7,-0.007505331144024201,0.00005632999558145962,-57.529601685652615,全窓,10
var_ask_depth,log1p,符号つき,立会日,10ms,sub,58751447.0,-1.693228424091454e-7,-0.007505331144024201,0.00005632999558145962,-57.529601685652615,全窓,10
var_ask_depth,log1p,符号つき,立会日,20ms,full,58751447.0,-3.470102062231501e-7,-0.010940466689102908,0.00011969381137537034,-83.86313961193021,全窓,20
var_ask_depth,log1p,符号つき,立会日,20ms,sub,58751447.0,-3.470102062231501e-7,-0.010940466689102908,0.00011969381137537034,-83.86313961193021,全窓,20
var_ask_depth,log1p,符号つき,立会日,50ms,full,58751447.0,-9.681048233233435e-7,-0.019447039417924805,0.00037818734212232113,-149.08876206484263,全窓,50
var_ask_depth,log1p,符号つき,立会日,50ms,sub,58751447.0,-9.681048233233435e-7,-0.019447039417924805,0.00037818734212232113,-149.08876206484263,全窓,50
var_ask_depth,log1p,符号つき,立会日,100ms,full,58751447.0,-2.075045775234017e-6,-0.006577527926593775,0.00004326387362512101,-50.417507527624146,全窓,100
var_ask_depth,log1p,符号つき,立会日,100ms,sub,58751447.0,-2.075045775234017e-6,-0.006577527926593775,0.00004326387362512101,-50.417507527624146,全窓,100
var_ask_depth,log1p,符号つき,立会日,500ms,full,58751175.0,-9.155869188635217e-6,-0.013004448998110518,0.00016911569374445764,-99.68663879818621,全窓,500
var_ask_depth,log1p,符号つき,立会日,500ms,sub,11750217.0,-9.151467806942646e-6,-0.013149284302025459,0.00017290367765549316,-45.07778530694542,全窓,500
var_ask_depth,log1p,符号つき,立会日,1s,full,58750835.0,-0.000012048269547693987,-0.012105812191053967,0.00014655068880507083,-92.79675116478714,全窓,1000
var_ask_depth,log1p,符号つき,立会日,1s,sub,5875059.0,-0.000011763214965886504,-0.011843976570248153,0.00014027978099658722,-28.710056380021825,全窓,1000
var_ask_depth,log1p,符号つき,立会日,3s,full,58749475.0,-0.000013740268923734757,-0.013018549509537047,0.0001694826313322673,-99.793301882592,全窓,3000
var_ask_depth,log1p,符号つき,立会日,3s,sub,1958288.0,-0.000013466629429832968,-0.007863389219156428,0.00006183289001194553,-11.004270554656863,全窓,3000
var_ask_depth,log1p,符号つき,立会日,5s,full,58748115.0,-0.000014231115757841023,-0.012867422235067549,0.00016557055497551075,-98.63350565426215,全窓,5000
var_ask_depth,log1p,符号つき,立会日,5s,sub,1174933.0,-0.00001397094301021144,-0.02502967176491334,0.0006264844686593001,-27.13922350622675,全窓,5000
var_ask_depth,log1p,符号つき,立会日,10s,full,58744715.0,-0.000015332147512145506,-0.012641813007812128,0.00015981543612448792,-96.90104522188133,全窓,10000
var_ask_depth,log1p,符号つき,立会日,10s,sub,587414.0,-0.00001661538760264087,-0.020948384124600636,0.00043883479743181994,-16.058953799474985,全窓,10000
var_ask_depth,log1p,符号つき,立会日,30s,full,58731115.0,-0.000017413918764840596,-0.011017832845440324,0.00012139264061006362,-84.44163943201106,全窓,30000
var_ask_depth,log1p,符号つき,立会日,30s,sub,195734.0,-0.00001586294111822553,-0.012528607457171086,0.00015696600481588296,-5.543292642524526,全窓,30000
var_ask_depth,log1p,符号つき,立会日,50s,full,58717515.0,-0.000020100792210438272,-0.01074521589636896,0.0001154596646595802,-82.34249941744626,全窓,50000
var_ask_depth,log1p,符号つき,立会日,50s,sub,117398.0,-0.000016203555120721083,-0.010015686213549764,0.00010031397032829081,-3.4318566873518885,全窓,50000
var_ask_depth,log1p,符号つき,立会日,100s,full,58683515.0,-0.000024977708304956667,-0.010231354192273275,0.00010468060860774792,-78.38156019810081,全窓,100000
var_ask_depth,log1p,符号つき,立会日,100s,sub,58646.0,-0.000021327784923670925,-0.009365890328698374,0.00008771990164920574,-2.2681924972649097,全窓,100000
var_ask_depth,log1p,符号つき,閉場日,10ms,full,26766525.0,-8.997945576736324e-8,-0.0027749689220203035,7.700452518178525e-6,-14.356738021714387,全窓,10
var_ask_depth,log1p,符号つき,閉場日,10ms,sub,26766525.0,-8.997945576736324e-8,-0.0027749689220203035,7.700452518178525e-6,-14.356738021714387,全窓,10
var_ask_depth,log1p,符号つき,閉場日,20ms,full,26766525.0,-2.0813119766045687e-7,-0.0044471448931300145,0.000019777097700492367,-23.008142253707877,全窓,20
var_ask_depth,log1p,符号つき,閉場日,20ms,sub,26766525.0,-2.0813119766045687e-7,-0.0044471448931300145,0.000019777097700492367,-23.008142253707877,全窓,20
var_ask_depth,log1p,符号つき,閉場日,50ms,full,26766525.0,-5.903901952422174e-7,-0.007941628584177409,0.00006306946456902367,-41.08840166560176,全窓,50
var_ask_depth,log1p,符号つき,閉場日,50ms,sub,26766525.0,-5.903901952422174e-7,-0.007941628584177409,0.00006306946456902367,-41.08840166560176,全窓,50
var_ask_depth,log1p,符号つき,閉場日,100ms,full,26766525.0,-1.3632972276519934e-6,-0.007003121137454713,0.000049043705665864987,-36.23249729160653,全窓,100
var_ask_depth,log1p,符号つき,閉場日,100ms,sub,26766525.0,-1.3632972276519934e-6,-0.007003121137454713,0.000049043705665864987,-36.23249729160653,全窓,100
var_ask_depth,log1p,符号つき,閉場日,500ms,full,26766401.0,-6.595169155270454e-6,-0.015386442859824788,0.0002367426238786532,-79.61311490276302,全窓,500
var_ask_depth,log1p,符号つき,閉場日,500ms,sub,5353266.0,-6.548223115703768e-6,-0.015627587927336244,0.00024422150442662556,-36.16215641405208,全窓,500
var_ask_depth,log1p,符号つき,閉場日,1s,full,26766246.0,-8.895197970963079e-6,-0.014807025289483407,0.0002192479979234012,-76.6141784266611,全窓,1000
var_ask_depth,log1p,符号つき,閉場日,1s,sub,2676607.0,-8.749466972468229e-6,-0.015023348417470488,0.000225700997672713,-24.581472666063373,全窓,1000
var_ask_depth,log1p,符号つき,閉場日,3s,full,26765626.0,-0.00001073709393911542,-0.01474310646823167,0.0002173591883336145,-76.28249553571679,全窓,3000
var_ask_depth,log1p,符号つき,閉場日,3s,sub,892165.0,-0.000011976055559961458,-0.021317751081938507,0.0004544465111914904,-20.14012655106125,全窓,3000
var_ask_depth,log1p,符号つき,閉場日,5s,full,26765006.0,-0.000011068098470102301,-0.013455702502166942,0.0001810559298268217,-69.61925190063526,全窓,5000
var_ask_depth,log1p,符号つき,閉場日,5s,sub,535278.0,-0.000010924389701378183,-0.009063896183482138,0.00008215421402494206,-6.631650783139474,全窓,5000
var_ask_depth,log1p,符号つき,閉場日,10s,full,26763456.0,-0.000011915210564085679,-0.011766570015302872,0.00013845216992502463,-60.876689962315865,全窓,10000
var_ask_depth,log1p,符号つき,閉場日,10s,sub,267610.0,-8.39645689087033e-6,-0.005044566507384787,0.000025447651247428352,-2.60962992736731,全窓,10000
var_ask_depth,log1p,符号つき,閉場日,30s,full,26757256.0,-0.000012901069943830224,-0.008333101312278024,0.00006944057748068972,-43.10647517288425,全窓,30000
var_ask_depth,log1p,符号つき,閉場日,30s,sub,89165.0,-9.97281976322086e-6,-0.006997072776863133,0.000048959027444719156,-2.0893892641183958,全窓,30000
var_ask_depth,log1p,符号つき,閉場日,50s,full,26751056.0,-0.000011911167602275976,-0.006169659985192447,0.00003806470433288486,-31.91096555671033,全窓,50000
var_ask_depth,log1p,符号つき,閉場日,50s,sub,53477.0,-0.000012990865209570507,-0.003491955188219253,0.000012193751036531358,-0.8075077633329428,全窓,50000
var_ask_depth,log1p,符号つき,閉場日,100s,full,26735556.0,-0.00001080755468852954,-0.004128939134727008,0.000017048138378280212,-21.349454202384837,全窓,100000
var_ask_depth,log1p,符号つき,閉場日,100s,sub,26709.0,-8.173463182481842e-6,-0.001553611553302005,2.4137088585534687e-6,-0.25389580162044845,全窓,100000
var_ask_depth,log1p,絶対値,立会日,10ms,full,58751447.0,2.421829038993511e-7,0.010761658994322085,0.00011581330431007343,82.49234562358991,全窓,10
var_ask_depth,log1p,絶対値,立会日,10ms,sub,58751447.0,2.421829038993511e-7,0.010761658994322085,0.00011581330431007343,82.49234562358991,全窓,10
var_ask_depth,log1p,絶対値,立会日,20ms,full,58751447.0,5.217397992921734e-7,0.0165314622296456,0.0002732892434501991,126.73013503095223,全窓,20
var_ask_depth,log1p,絶対値,立会日,20ms,sub,58751447.0,5.217397992921734e-7,0.0165314622296456,0.0002732892434501991,126.73013503095223,全窓,20
var_ask_depth,log1p,絶対値,立会日,50ms,full,58751447.0,1.7457246090976441e-6,0.0355102556373375,0.0012609782554290597,272.35607438109463,全窓,50
var_ask_depth,log1p,絶対値,立会日,50ms,sub,58751447.0,1.7457246090976441e-6,0.0355102556373375,0.0012609782554290597,272.35607438109463,全窓,50
var_ask_depth,log1p,絶対値,立会日,100ms,full,58751447.0,3.813928337074993e-6,0.012103143434378372,0.0001464860809931363,92.776774108843,全窓,100
var_ask_depth,log1p,絶対値,立会日,100ms,sub,58751447.0,3.813928337074993e-6,0.012103143434378372,0.0001464860809931363,92.776774108843,全窓,100
var_ask_depth,log1p,絶対値,立会日,500ms,full,58751175.0,0.000013308954199667567,0.018955497093565296,0.0003593108700641624,145.31869406042225,全窓,500
var_ask_depth,log1p,絶対値,立会日,500ms,sub,11750217.0,0.000013395748049092989,0.019301070899008156,0.0003725313378485395,66.17367007940453,全窓,500
var_ask_depth,log1p,絶対値,立会日,1s,full,58750835.0,0.00002058634798773462,0.020761805162287077,0.00043105255359677033,159.17166071018832,全窓,1000
var_ask_depth,log1p,絶対値,立会日,1s,sub,5875059.0,0.000020051142945100298,0.02026449703802324,0.00041064984020405267,49.12822361380761,全窓,1000
var_ask_depth,log1p,絶対値,立会日,3s,full,58749475.0,0.0000348193025124094,0.033469840445655444,0.001120230219457633,256.6841314783126,全窓,3000
var_ask_depth,log1p,絶対値,立会日,3s,sub,1958288.0,0.000033549409628951554,0.019697844845743932,0.0003880050915670008,27.570271473523743,全窓,3000
var_ask_depth,log1p,絶対値,立会日,5s,full,58748115.0,0.00004310639316602856,0.03994698611427423,0.0015957616996140184,306.4275235782995,全窓,5000
var_ask_depth,log1p,絶対値,立会日,5s,sub,1174933.0,0.0000424742551336601,0.08447824082130985,0.007136573172263222,91.89804789579433,全窓,5000
var_ask_depth,log1p,絶対値,立会日,10s,full,58744715.0,0.00005886528783344959,0.05089134442648046,0.0025899289375346636,390.5633099853441,全窓,10000
var_ask_depth,log1p,絶対値,立会日,10s,sub,587414.0,0.00005925701037890127,0.08430904352844495,0.007108014820681226,64.84769846599218,全窓,10000
var_ask_depth,log1p,絶対値,立会日,30s,full,58731115.0,0.00009654358229360655,0.06771678148839498,0.004585562495147033,520.1498243610137,全窓,30000
var_ask_depth,log1p,絶対値,立会日,30s,sub,195734.0,0.00009711474400064052,0.09156561839409219,0.008384262471892515,40.68100228082884,全窓,30000
var_ask_depth,log1p,絶対値,立会日,50s,full,58717515.0,0.00012073999295922427,0.0737757070774294,0.005442854954774668,566.8685148271084,全窓,50000
var_ask_depth,log1p,絶対値,立会日,50s,sub,117398.0,0.00011686684859721263,0.0876489430028651,0.0076823372095194955,30.147268719240994,全窓,50000
var_ask_depth,log1p,絶対値,立会日,100s,full,58683515.0,0.00016407680470844626,0.07989252482913288,0.006382815523573613,613.98060364087,全窓,100000
var_ask_depth,log1p,絶対値,立会日,100s,sub,58646.0,0.00016555689002723103,0.09015679864645625,0.008128248342177655,21.92211813168417,全窓,100000
var_ask_depth,log1p,絶対値,閉場日,10ms,full,26766525.0,3.638272397053334e-7,0.011227390262642816,0.0001260542921096867,58.09010650901733,全窓,10
var_ask_depth,log1p,絶対値,閉場日,10ms,sub,26766525.0,3.638272397053334e-7,0.011227390262642816,0.0001260542921096867,58.09010650901733,全窓,10
var_ask_depth,log1p,絶対値,閉場日,20ms,full,26766525.0,7.471283853110586e-7,0.015982734111676455,0.00025544778968454617,82.6994328604611,全窓,20
var_ask_depth,log1p,絶対値,閉場日,20ms,sub,26766525.0,7.471283853110586e-7,0.015982734111676455,0.00025544778968454617,82.6994328604611,全窓,20
var_ask_depth,log1p,絶対値,閉場日,50ms,full,26766525.0,2.0778925981718427e-6,0.028031709147166076,0.0007857767177113143,145.0829088530109,全窓,50
var_ask_depth,log1p,絶対値,閉場日,50ms,sub,26766525.0,2.0778925981718427e-6,0.028031709147166076,0.0007857767177113143,145.0829088530109,全窓,50
var_ask_depth,log1p,絶対値,閉場日,100ms,full,26766525.0,4.342139576319133e-6,0.02234090670539896,0.0004991161124193402,115.61260409476058,全窓,100
var_ask_depth,log1p,絶対値,閉場日,100ms,sub,26766525.0,4.342139576319133e-6,0.02234090670539896,0.0004991161124193402,115.61260409476058,全窓,100
var_ask_depth,log1p,絶対値,閉場日,500ms,full,26766401.0,0.00001539719830404747,0.03609317051887149,0.001302716958104334,186.8542898338391,全窓,500
var_ask_depth,log1p,絶対値,閉場日,500ms,sub,5353266.0,0.000015343774040635927,0.0367929031959961,0.0013537177255899403,85.18586618480244,全窓,500
var_ask_depth,log1p,絶対値,閉場日,1s,full,26766246.0,0.000023274316235974613,0.03900085882286748,0.0015210669889212402,201.9288787819754,全窓,1000
var_ask_depth,log1p,絶対値,閉場日,1s,sub,2676607.0,0.00002199420892797723,0.03801749199754706,0.0014453296977835547,62.242880376722304,全窓,1000
var_ask_depth,log1p,絶対値,閉場日,3s,full,26765626.0,0.00003961144373314654,0.05555156121536605,0.0030859759534645616,287.8432850431663,全窓,3000
var_ask_depth,log1p,絶対値,閉場日,3s,sub,892165.0,0.000039120075153625705,0.07210602030960059,0.005199278164888532,68.28504260996552,全窓,3000
var_ask_depth,log1p,絶対値,閉場日,5s,full,26765006.0,0.000049513767632382835,0.062188216458305356,0.003867374266265041,322.3540831134187,全窓,5000
var_ask_depth,log1p,絶対値,閉場日,5s,sub,535278.0,0.00004489261190306276,0.03777640948047257,0.0014270571132363376,27.65792954065718,全窓,5000
var_ask_depth,log1p,絶対値,閉場日,10s,full,26763456.0,0.00006797433374121255,0.07071015079786602,0.004999925425856953,366.7256503466298,全窓,10000
var_ask_depth,log1p,絶対値,閉場日,10s,sub,267610.0,0.00005793477710564596,0.035420312125931004,0.001254598511098375,18.33473062627921,全窓,10000
var_ask_depth,log1p,絶対値,閉場日,30s,full,26757256.0,0.00011514404155106724,0.08092007410453861,0.00654805839308402,419.95582645451617,全窓,30000
var_ask_depth,log1p,絶対値,閉場日,30s,sub,89165.0,0.00010067776505393643,0.07774397473650053,0.006044125607829633,23.284961511774398,全窓,30000
var_ask_depth,log1p,絶対値,閉場日,50s,full,26751056.0,0.00014745159956060802,0.08423555344487983,0.007095628464165207,437.23223334652124,全窓,50000
var_ask_depth,log1p,絶対値,閉場日,50s,sub,53477.0,0.00011748255075591628,0.032336881729211106,0.001045673919968987,7.48170738913593,全窓,50000
var_ask_depth,log1p,絶対値,閉場日,100s,full,26735556.0,0.00020819392737247378,0.08922605114216017,0.007961288202423382,463.2036329515277,全窓,100000
var_ask_depth,log1p,絶対値,閉場日,100s,sub,26709.0,0.00013841245606753934,0.02700130826623742,0.0007290706480883812,4.414237884592043,全窓,100000
var_ask_depth,生,二乗,立会日,10ms,full,58751447.0,-1.7771251483831647e-17,-5.99147547201738e-6,3.589777833178589e-11,-0.04592435464280169,全窓,10
var_ask_depth,生,二乗,立会日,10ms,sub,58751447.0,-1.7771251483831647e-17,-5.99147547201738e-6,3.589777833178589e-11,-0.04592435464280169,全窓,10
var_ask_depth,生,二乗,立会日,20ms,full,58751447.0,-3.148851970775549e-17,-8.226612422109167e-6,6.767715194360085e-11,-0.0630565656410195,全窓,20
var_ask_depth,生,二乗,立会日,20ms,sub,58751447.0,-3.148851970775549e-17,-8.226612422109167e-6,6.767715194360085e-11,-0.0630565656410195,全窓,20
var_ask_depth,生,二乗,立会日,50ms,full,58751447.0,-8.623256076632179e-17,-0.000015215638326162741,2.315156496725925e-10,-0.11662709359976196,全窓,50
var_ask_depth,生,二乗,立会日,50ms,sub,58751447.0,-8.623256076632179e-17,-0.000015215638326162741,2.315156496725925e-10,-0.11662709359976196,全窓,50
var_ask_depth,生,二乗,立会日,100ms,full,58751447.0,-1.0217303689494248e-14,-6.012109713557102e-7,3.6145463207847655e-13,-0.004608251505350106,全窓,100
var_ask_depth,生,二乗,立会日,100ms,sub,58751447.0,-1.0217303689494248e-14,-6.012109713557102e-7,3.6145463207847655e-13,-0.004608251505350106,全窓,100
var_ask_depth,生,二乗,立会日,500ms,full,58751175.0,-4.990866058258734e-14,-1.3133681508475887e-6,1.7249358996608145e-12,-0.010066876747783195,全窓,500
var_ask_depth,生,二乗,立会日,500ms,sub,11750217.0,-4.147652404422366e-14,-1.1891884722694324e-6,1.4141692225785065e-12,-0.00407637000426897,全窓,500
var_ask_depth,生,二乗,立会日,1s,full,58750835.0,-9.17073348659586e-14,-1.7065187395643963e-6,2.9122062084844558e-12,-0.01308031118195327,全窓,1000
var_ask_depth,生,二乗,立会日,1s,sub,5875059.0,-1.5810406900350526e-13,-2.3030385109133916e-6,5.303986382750172e-12,-0.005582223779646096,全窓,1000
var_ask_depth,生,二乗,立会日,3s,full,58749475.0,1.5645171387156445e-14,2.9118898707326457e-7,8.479102619275385e-14,0.0022319113118477413,全窓,3000
var_ask_depth,生,二乗,立会日,3s,sub,1958288.0,-3.839760042513317e-13,-3.826726461096849e-6,1.4643835408058815e-11,-0.005355074029957551,全窓,3000
var_ask_depth,生,二乗,立会日,5s,full,58748115.0,-9.720228925477252e-14,-1.809595905122187e-6,3.274637339834987e-12,-0.01387006721235608,全窓,5000
var_ask_depth,生,二乗,立会日,5s,sub,1174933.0,-3.3685287200557336e-14,-0.000015384728169414492,2.366898608467758e-10,-0.01667615827942351,全窓,5000
var_ask_depth,生,二乗,立会日,10s,full,58744715.0,-9.381652777725098e-14,-1.748737488155244e-6,3.0580828024795117e-12,-0.013403215903746532,全窓,10000
var_ask_depth,生,二乗,立会日,10s,sub,587414.0,-3.771676391701901e-14,-8.182567934542947e-6,6.695441800341042e-11,-0.0062713498220759965,全窓,10000
var_ask_depth,生,二乗,立会日,30s,full,58731115.0,2.327279449666594e-13,4.340597615500521e-6,1.884078765968881e-11,0.033264702449759515,全窓,30000
var_ask_depth,生,二乗,立会日,30s,sub,195734.0,4.5923284487783185e-12,0.000163725977353227,2.6806195660269403e-8,0.0724350083152022,全窓,30000
var_ask_depth,生,二乗,立会日,50s,full,58717515.0,5.632097362204659e-13,0.000010488651586843992,1.1001181211020498e-10,0.08037176126255512,全窓,50000
var_ask_depth,生,二乗,立会日,50s,sub,117398.0,2.785761624787216e-12,0.00008509221510011707,7.2406850706445916e-9,0.02915523058917857,全窓,50000
var_ask_depth,生,二乗,立会日,100s,full,58683515.0,7.336892495197186e-13,0.000013630649493732347,1.857946056209859e-10,0.1044178153205416,全窓,100000
var_ask_depth,生,二乗,立会日,100s,sub,58646.0,7.509653530691734e-11,0.0006902507419851289,4.76446086811021e-7,0.16715477147599192,全窓,100000
var_ask_depth,生,二乗,閉場日,10ms,full,26766525.0,6.08989792681829e-16,0.000029199913881889122,8.526349707097411e-10,0.1510697639290057,全窓,10
var_ask_depth,生,二乗,閉場日,10ms,sub,26766525.0,6.08989792681829e-16,0.000029199913881889122,8.526349707097411e-10,0.1510697639290057,全窓,10
var_ask_depth,生,二乗,閉場日,20ms,full,26766525.0,5.998703245471505e-16,0.000014820643405776123,2.1965147096117528e-10,0.07667663366865768,全窓,20
var_ask_depth,生,二乗,閉場日,20ms,sub,26766525.0,5.998703245471505e-16,0.000014820643405776123,2.1965147096117528e-10,0.07667663366865768,全窓,20
var_ask_depth,生,二乗,閉場日,50ms,full,26766525.0,2.2298710166293523e-15,0.00003287532119730673,1.080786743826085e-9,0.17008498836752756,全窓,50
var_ask_depth,生,二乗,閉場日,50ms,sub,26766525.0,2.2298710166293523e-15,0.00003287532119730673,1.080786743826085e-9,0.17008498836752756,全窓,50
var_ask_depth,生,二乗,閉場日,100ms,full,26766525.0,-3.675568067781072e-15,-4.17287176611057e-7,1.7412858776402748e-13,-0.002158892505277688,全窓,100
var_ask_depth,生,二乗,閉場日,100ms,sub,26766525.0,-3.675568067781072e-15,-4.17287176611057e-7,1.7412858776402748e-13,-0.002158892505277688,全窓,100
var_ask_depth,生,二乗,閉場日,500ms,full,26766401.0,-1.9188020561552416e-14,-9.737553243952832e-7,9.481994317881632e-13,-0.005037845206319795,全窓,500
var_ask_depth,生,二乗,閉場日,500ms,sub,5353266.0,-1.474912606885921e-14,-7.505968310054799e-7,5.633956027154689e-13,-0.0017366650217519556,全窓,500
var_ask_depth,生,二乗,閉場日,1s,full,26766246.0,-2.990207256063327e-14,-1.0728011930667444e-6,1.1509023998454302e-12,-0.005550255350385584,全窓,1000
var_ask_depth,生,二乗,閉場日,1s,sub,2676607.0,-4.088897959638771e-14,-1.274926403294166e-6,1.6254373338165987e-12,-0.002085822066928828,全窓,1000
var_ask_depth,生,二乗,閉場日,3s,full,26765626.0,2.8579613050740016e-13,0.00001024653012837701,1.0499137967173777e-10,0.05301094030320552,全窓,3000
var_ask_depth,生,二乗,閉場日,3s,sub,892165.0,4.59706236285953e-13,0.0002687762800915507,7.22406887398517e-8,0.25387097952337717,全窓,3000
var_ask_depth,生,二乗,閉場日,5s,full,26765006.0,2.0651838620778575e-13,7.4013327154105196e-6,5.4779725964206054e-11,0.038290724524761816,全窓,5000
var_ask_depth,生,二乗,閉場日,5s,sub,535278.0,-8.410931501299684e-13,-9.70235370738564e-6,9.413566746321986e-11,-0.007098490229745043,全窓,5000
var_ask_depth,生,二乗,閉場日,10s,full,26763456.0,4.5040896442005443e-13,0.000016116165862680994,2.5973080211344423e-10,0.08337441679887023,全窓,10000
var_ask_depth,生,二乗,閉場日,10s,sub,267610.0,-1.206728458115519e-12,-0.000013708168834513862,1.8791389279553715e-10,-0.0070913511429541954,全窓,10000
var_ask_depth,生,二乗,閉場日,30s,full,26757256.0,1.8188506633136622e-12,0.00006272884038694909,3.934907416291335e-9,0.32448007276023416,全窓,30000
var_ask_depth,生,二乗,閉場日,30s,sub,89165.0,2.9915691938600995e-12,0.0025223558483506354,6.362279025708654e-6,0.7531822448684887,全窓,30000
var_ask_depth,生,二乗,閉場日,50s,full,26751056.0,3.3746516243742444e-12,0.00011068482146569515,1.225112970289281e-8,0.5724776294827248,全窓,50000
var_ask_depth,生,二乗,閉場日,50s,sub,53477.0,-1.2847887165395478e-10,-0.00006148567761378198,3.78048855162593e-9,-0.014218355251662072,全窓,50000
var_ask_depth,生,二乗,閉場日,100s,full,26735556.0,2.697555290987393e-11,0.0004285866553181077,1.8368652111676244e-7,2.21606899857988,全窓,100000
var_ask_depth,生,二乗,閉場日,100s,sub,26709.0,-5.701207915398663e-10,-0.00020096926827781284,4.038864679211951e-8,-0.03284295409129238,全窓,100000
var_ask_depth,生,符号つき,立会日,10ms,full,58751447.0,-9.887073862228706e-16,-1.5460813368577782e-6,2.3903675001799346e-12,-0.011850634781181325,全窓,10
var_ask_depth,生,符号つき,立会日,10ms,sub,58751447.0,-9.887073862228706e-16,-1.5460813368577782e-6,2.3903675001799346e-12,-0.011850634781181325,全窓,10
var_ask_depth,生,符号つき,立会日,20ms,full,58751447.0,8.747654831510206e-15,9.729611261898863e-6,9.466533530766918e-11,0.07457697527562769,全窓,20
var_ask_depth,生,符号つき,立会日,20ms,sub,58751447.0,8.747654831510206e-15,9.729611261898863e-6,9.466533530766918e-11,0.07457697527562769,全窓,20
var_ask_depth,生,符号つき,立会日,50ms,full,58751447.0,-7.256276278207907e-14,-0.00005142273497163822,2.6442976719633444e-9,-0.3941526476490939,全窓,50
var_ask_depth,生,符号つき,立会日,50ms,sub,58751447.0,-7.256276278207907e-14,-0.00005142273497163822,2.6442976719633444e-9,-0.3941526476490939,全窓,50
var_ask_depth,生,符号つき,立会日,100ms,full,58751447.0,-1.7119778827966897e-13,-0.000019144473167163662,3.665108528482495e-10,-0.14674141276718414,全窓,100
var_ask_depth,生,符号つき,立会日,100ms,sub,58751447.0,-1.7119778827966897e-13,-0.000019144473167163662,3.665108528482495e-10,-0.14674141276718414,全窓,100
var_ask_depth,生,符号つき,立会日,500ms,full,58751175.0,-1.5156585820430374e-12,-0.00007594609451187112,5.76780927160606e-9,-0.5821216043934837,全窓,500
var_ask_depth,生,符号つき,立会日,500ms,sub,11750217.0,-1.0993084862951204e-12,-0.000060011847914634846,3.6014218901292628e-9,-0.2057121330090384,全窓,500
var_ask_depth,生,符号つき,立会日,1s,full,58750835.0,-3.276014608024623e-12,-0.00011612572222047145,1.3485183361226096e-8,-0.8900931222707105,全窓,1000
var_ask_depth,生,符号つき,立会日,1s,sub,5875059.0,-7.501905513004353e-12,-0.00020815242380009877,4.3327431533855925e-8,-0.5045306144864236,全窓,1000
var_ask_depth,生,符号つき,立会日,3s,full,58749475.0,-6.474855516449802e-12,-0.00021642980544043266,4.6841860682983535e-8,-1.6588956442074492,全窓,3000
var_ask_depth,生,符号つき,立会日,3s,sub,1958288.0,-2.0631364594504778e-11,-0.00039336630744965723,1.5473705183657825e-7,-0.5504720239768608,全窓,3000
var_ask_depth,生,符号つき,立会日,5s,full,58748115.0,-8.426852691130306e-12,-0.0002688092150093761,7.225839407395699e-8,-2.0603506029303515,全窓,5000
var_ask_depth,生,符号つき,立会日,5s,sub,1174933.0,-6.276386180147041e-12,-0.0002791659981958948,7.793365454871034e-8,-0.30259985758208197,全窓,5000
var_ask_depth,生,符号つき,立会日,10s,full,58744715.0,-3.0691507830945533e-12,-0.00008928187182380273,7.97125263636194e-9,-0.6843017989938837,全窓,10000
var_ask_depth,生,符号つき,立会日,10s,sub,587414.0,-9.27464901381418e-12,-0.0002012118362047931,4.048620302890449e-8,-0.1542144041795742,全窓,10000
var_ask_depth,生,符号つき,立会日,30s,full,58731115.0,3.9754875724278234e-11,0.0008875379170150238,7.877235541393673e-7,6.801758413388286,全窓,30000
var_ask_depth,生,符号つき,立会日,30s,sub,195734.0,9.064624366712059e-10,0.001858240913987049,3.453059294415423e-6,0.8221171058044425,全窓,30000
var_ask_depth,生,符号つき,立会日,50s,full,58717515.0,4.1716132717976347e-11,0.0007869787977867061,6.193356281658092e-7,6.030412118658908,全窓,50000
var_ask_depth,生,符号つき,立会日,50s,sub,117398.0,-2.4132511891069227e-9,-0.004302143908769202,0.000018508442211759947,-1.4740614973926653,全窓,50000
var_ask_depth,生,符号つき,立会日,100s,full,58683515.0,6.881075626519398e-11,0.0009949971268519732,9.900192824436817e-7,7.622195677725877,全窓,100000
var_ask_depth,生,符号つき,立会日,100s,sub,58646.0,-5.08500843284511e-9,-0.0027086493853952635,7.336781493002138e-6,-0.6559431153760809,全窓,100000
var_ask_depth,生,符号つき,閉場日,10ms,full,26766525.0,-5.814981182281902e-13,-0.0000882887942606667,7.794911192002333e-9,-0.45677420169054966,全窓,10
var_ask_depth,生,符号つき,閉場日,10ms,sub,26766525.0,-5.814981182281902e-13,-0.0000882887942606667,7.794911192002333e-9,-0.45677420169054966,全窓,10
var_ask_depth,生,符号つき,閉場日,20ms,full,26766525.0,-1.1350673976836092e-12,-0.00011940108037201829,1.4256617994005171e-8,-0.6177378884924254,全窓,20
var_ask_depth,生,符号つき,閉場日,20ms,sub,26766525.0,-1.1350673976836092e-12,-0.00011940108037201829,1.4256617994005171e-8,-0.6177378884924254,全窓,20
var_ask_depth,生,符号つき,閉場日,50ms,full,26766525.0,-5.860274294894394e-12,-0.00038808860400824845,1.5061276456107107e-7,-2.0078298319067964,全窓,50
var_ask_depth,生,符号つき,閉場日,50ms,sub,26766525.0,-5.860274294894394e-12,-0.00038808860400824845,1.5061276456107107e-7,-2.0078298319067964,全窓,50
var_ask_depth,生,符号つき,閉場日,100ms,full,26766525.0,-8.972911125126312e-12,-0.00022692218875133344,5.14936797476958e-8,-1.174013132079631,全窓,100
var_ask_depth,生,符号つき,閉場日,100ms,sub,26766525.0,-8.972911125126312e-12,-0.00022692218875133344,5.14936797476958e-8,-1.174013132079631,全窓,100
var_ask_depth,生,符号つき,閉場日,500ms,full,26766401.0,-5.660550510127204e-11,-0.0006501584562387289,4.227060182187272e-7,-3.3636769651641685,全窓,500
var_ask_depth,生,符号つき,閉場日,500ms,sub,5353266.0,-3.769379279419432e-11,-0.00043385370809098623,1.882290400242987e-7,-1.0038126983574849,全窓,500
var_ask_depth,生,符号つき,閉場日,1s,full,26766246.0,-8.040414412698788e-11,-0.0006589474943863242,4.3421180035801477e-7,-3.409138313792613,全窓,1000
var_ask_depth,生,符号つき,閉場日,1s,sub,2676607.0,-1.7645092818945115e-10,-0.0012547011065466968,1.5742748667695055e-6,-2.052734423475405,全窓,1000
var_ask_depth,生,符号つき,閉場日,3s,full,26765626.0,-1.3699558081235984e-10,-0.0009261961532477131,8.578393142908613e-7,-4.791724557531785,全窓,3000
var_ask_depth,生,符号つき,閉場日,3s,sub,892165.0,-8.219491333719461e-11,-0.0010147130682445914,1.0296426108663528e-6,-0.9584414361234297,全窓,3000
var_ask_depth,生,符号つき,閉場日,5s,full,26765006.0,-1.361750213526984e-10,-0.0008148871527168664,6.640410716630016e-7,-4.215812346544311,全窓,5000
var_ask_depth,生,符号つき,閉場日,5s,sub,535278.0,-2.3567402091390486e-10,-0.0006665101143764565,4.442357325661171e-7,-0.4876359621883487,全窓,5000
var_ask_depth,生,符号つき,閉場日,10s,full,26763456.0,-1.232609760894192e-10,-0.00059866717495965,3.5840238637416813e-7,-3.0971098170783264,全窓,10000
var_ask_depth,生,符号つき,閉場日,10s,sub,267610.0,-1.1454199605947205e-10,-0.0003247341496273221,1.0545226793418002e-7,-0.16798771828077108,全窓,10000
var_ask_depth,生,符号つき,閉場日,30s,full,26757256.0,-1.6598616435931128e-10,-0.0005104206605510391,2.6052925071735913e-7,-2.640274446347628,全窓,30000
var_ask_depth,生,符号つき,閉場日,30s,sub,89165.0,1.1167999509833487e-9,0.0064992782133172855,0.000042240617294100725,1.9407367820902317,全窓,30000
var_ask_depth,生,符号つき,閉場日,50s,full,26751056.0,-3.815305533752834e-10,-0.0009000377228671425,8.100679025838712e-7,-4.655124891988552,全窓,50000
var_ask_depth,生,符号つき,閉場日,50s,sub,53477.0,2.662262727420531e-8,0.0032240428418801137,0.0000103944522462784,0.7455528898856099,全窓,50000
var_ask_depth,生,符号つき,閉場日,100s,full,26735556.0,-1.425891172678644e-9,-0.0012159914145305059,1.4786351202119006e-6,-6.287462728032879,全窓,100000
var_ask_depth,生,符号つき,閉場日,100s,sub,26709.0,-2.1867074711220687e-9,-0.00019606106183309047,3.843993996711892e-8,-0.032040841377293516,全窓,100000
var_ask_depth,生,絶対値,立会日,10ms,full,58751447.0,8.527600058458596e-14,0.0001336819644446014,1.7870867617767673e-8,1.024665464779059,全窓,10
var_ask_depth,生,絶対値,立会日,10ms,sub,58751447.0,8.527600058458596e-14,0.0001336819644446014,1.7870867617767673e-8,1.024665464779059,全窓,10
var_ask_depth,生,絶対値,立会日,20ms,full,58751447.0,2.0099324612497795e-13,0.00022467203424680646,5.0477522972598174e-8,1.7220997544736982,全窓,20
var_ask_depth,生,絶対値,立会日,20ms,sub,58751447.0,2.0099324612497795e-13,0.00022467203424680646,5.0477522972598174e-8,1.7220997544736982,全窓,20
var_ask_depth,生,絶対値,立会日,50ms,full,58751447.0,5.091998549523472e-13,0.0003654067678254786,1.335221059726632e-7,2.800824470181409,全窓,50
var_ask_depth,生,絶対値,立会日,50ms,sub,58751447.0,5.091998549523472e-13,0.0003654067678254786,1.335221059726632e-7,2.800824470181409,全窓,50
var_ask_depth,生,絶対値,立会日,100ms,full,58751447.0,9.599245154753133e-13,0.0001074664705261295,1.154904228734346e-8,0.8237250333599334,全窓,100
var_ask_depth,生,絶対値,立会日,100ms,sub,58751447.0,9.599245154753133e-13,0.0001074664705261295,1.154904228734346e-8,0.8237250333599334,全窓,100
var_ask_depth,生,絶対値,立会日,500ms,full,58751175.0,2.53276528009919e-12,0.00012726174603933135,1.6195552004979268e-8,0.9754525580904622,全窓,500
var_ask_depth,生,絶対値,立会日,500ms,sub,11750217.0,2.2443485088849596e-12,0.00012286007950290385,1.5094599135459857e-8,0.42114699079741486,全窓,500
var_ask_depth,生,絶対値,立会日,1s,full,58750835.0,3.690938027824118e-12,0.00013132151857639783,1.72453412412112e-8,1.0065675241944851,全窓,1000
var_ask_depth,生,絶対値,立会日,1s,sub,5875059.0,4.34859943215623e-12,0.00012111124739949217,1.4667934246660999e-8,0.2935557034625523,全窓,1000
var_ask_depth,生,絶対値,立会日,3s,full,58749475.0,3.930377269018256e-12,0.00013328689018560585,1.7765395095349752e-8,1.0216200947663772,全窓,3000
var_ask_depth,生,絶対値,立会日,3s,sub,1958288.0,1.188823547290432e-11,0.00022791324816000546,5.194444868684423e-8,0.31893900972609707,全窓,3000
var_ask_depth,生,絶対値,立会日,5s,full,58748115.0,4.043878458590981e-12,0.00013221069143679346,1.7479666930195014e-8,1.0133594949312341,全窓,5000
var_ask_depth,生,絶対値,立会日,5s,sub,1174933.0,-6.137556380153481e-12,-0.00030306655688196556,9.184933790028966e-8,-0.32850668842597036,全窓,5000
var_ask_depth,生,絶対値,立会日,10s,full,58744715.0,7.093863100812052e-12,0.00021637453303831927,4.6817938547550714e-8,1.658404803415374,全窓,10000
var_ask_depth,生,絶対値,立会日,10s,sub,587414.0,1.956904683090558e-11,0.00047909328876118146,2.295303793360048e-7,0.3671905910203266,全窓,10000
var_ask_depth,生,絶対値,立会日,30s,full,58731115.0,5.333354713461544e-11,0.0013199887151762587,1.7423702081926703e-6,10.115904303846932,全窓,30000
var_ask_depth,生,絶対値,立会日,30s,sub,195734.0,1.904165030172942e-9,0.004659989780080516,0.000021715504750454854,2.0616768606690568,全窓,30000
var_ask_depth,生,絶対値,立会日,50s,full,58717515.0,6.789062344723093e-11,0.0014639594621437897,2.143177306800334e-6,11.217945938349805,全窓,50000
var_ask_depth,生,絶対値,立会日,50s,sub,117398.0,2.155105034138953e-9,0.004661608501898839,0.000021730593824975534,1.5972289223743001,全窓,50000
var_ask_depth,生,絶対値,立会日,100s,full,58683515.0,8.774951254148053e-11,0.0015083031387213286,2.2749783582766116e-6,11.554394219577828,全窓,100000
var_ask_depth,生,絶対値,立会日,100s,sub,58646.0,1.9949195681702083e-8,0.013177542096293288,0.0001736476156995817,3.1914196533411654,全窓,100000
var_ask_depth,生,絶対値,閉場日,10ms,full,26766525.0,2.613232855685308e-12,0.00039701254295925365,1.5761895926697323e-7,2.053999066074775,全窓,10
var_ask_depth,生,絶対値,閉場日,10ms,sub,26766525.0,2.613232855685308e-12,0.00039701254295925365,1.5761895926697323e-7,2.053999066074775,全窓,10
var_ask_depth,生,絶対値,閉場日,20ms,full,26766525.0,4.4849561707832935e-12,0.00047234198648069475,2.2310695219252881e-7,2.443726396238137,全窓,20
var_ask_depth,生,絶対値,閉場日,20ms,sub,26766525.0,4.4849561707832935e-12,0.00047234198648069475,2.2310695219252881e-7,2.443726396238137,全窓,20
var_ask_depth,生,絶対値,閉場日,50ms,full,26766525.0,1.5770300943067863e-11,0.00104739132811805,1.0970285942168927e-6,5.418825824064968,全窓,50
var_ask_depth,生,絶対値,閉場日,50ms,sub,26766525.0,1.5770300943067863e-11,0.00104739132811805,1.0970285942168927e-6,5.418825824064968,全窓,50
var_ask_depth,生,絶対値,閉場日,100ms,full,26766525.0,3.374091184025674e-11,0.0008546658301798471,7.304536812770072e-7,4.421732640262321,全窓,100
var_ask_depth,生,絶対値,閉場日,100ms,sub,26766525.0,3.374091184025674e-11,0.0008546658301798471,7.304536812770072e-7,4.421732640262321,全窓,100
var_ask_depth,生,絶対値,閉場日,500ms,full,26766401.0,9.864626874818443e-11,0.0011384455114321834,1.2960581825000856e-6,5.889894345519206,全窓,500
var_ask_depth,生,絶対値,閉場日,500ms,sub,5353266.0,8.797168036955815e-11,0.0010173719123315222,1.0350456080010985e-6,2.353906991945936,全窓,500
var_ask_depth,生,絶対値,閉場日,1s,full,26766246.0,1.468708357728429e-10,0.001211694072748643,1.4682025259341936e-6,6.268837591489399,全窓,1000
var_ask_depth,生,絶対値,閉場日,1s,sub,2676607.0,2.145430630337313e-10,0.0015357509202864128,2.358530889160564e-6,2.5125426284307273,全窓,1000
var_ask_depth,生,絶対値,閉場日,3s,full,26765626.0,2.1995194261138343e-10,0.0015187894269642226,2.306721323458312e-6,7.857542747939594,全窓,3000
var_ask_depth,生,絶対値,閉場日,3s,sub,892165.0,9.624828406193405e-11,0.0012303695337489275,1.5138091895775532e-6,1.1621388008758666,全窓,3000
var_ask_depth,生,絶対値,閉場日,5s,full,26765006.0,2.572897510439393e-10,0.0015906376968427868,2.5301282826173253e-6,8.229159431113686,全窓,5000
var_ask_depth,生,絶対値,閉場日,5s,sub,535278.0,2.6775921597157945e-10,0.0007680111505958065,5.898411274394946e-7,0.561896774826706,全窓,5000
var_ask_depth,生,絶対値,閉場日,10s,full,26763456.0,3.2471956979325426e-10,0.0016613339834055725,2.760030604418227e-6,8.594658573690445,全窓,10000
var_ask_depth,生,絶対値,閉場日,10s,sub,267610.0,2.296435111676519e-10,0.000662525574750629,4.389401371986513e-7,0.3427301326044973,全窓,10000
var_ask_depth,生,絶対値,閉場日,30s,full,26757256.0,6.448258911930617e-10,0.0021574100303254065,4.654418038948671e-6,11.15975023697538,全窓,30000
var_ask_depth,生,絶対値,閉場日,30s,sub,89165.0,9.70055926487808e-10,0.006213284913317809,0.00003860490941406269,1.8553335081098545,全窓,30000
var_ask_depth,生,絶対値,閉場日,50s,full,26751056.0,1.0299147959019153e-9,0.0026796109128460885,7.180314644243847e-6,13.859378196620836,全窓,50000
var_ask_depth,生,絶対値,閉場日,50s,sub,53477.0,6.219432708159069e-8,0.007712494215716556,0.00005948256702746133,1.7835412770660357,全窓,50000
var_ask_depth,生,絶対値,閉場日,100s,full,26735556.0,5.252441940348094e-9,0.005024790562743283,0.000025248520199433957,25.981728565111933,全窓,100000
var_ask_depth,生,絶対値,閉場日,100s,sub,26709.0,2.361880285089546e-8,0.002173360867971868,4.723497462431431e-6,0.3551774804281458,全窓,100000
var_ask_depth,log1p,二乗,立会日,10ms,full,20505292.0,2.1235759614383586e-11,0.00036917793407485646,1.3629234700777907e-7,1.6717399561754027,動いた窓,10
var_ask_depth,log1p,二乗,立会日,10ms,sub,20505292.0,2.1235759614383586e-11,0.00036917793407485646,1.3629234700777907e-7,1.6717399561754027,動いた窓,10
var_ask_depth,log1p,二乗,立会日,20ms,full,20505292.0,2.6431773030594185e-11,0.00041486399188719,1.7211213176457447e-7,1.8786191156726342,動いた窓,20
var_ask_depth,log1p,二乗,立会日,20ms,sub,20505292.0,2.6431773030594185e-11,0.00041486399188719,1.7211213176457447e-7,1.8786191156726342,動いた窓,20
var_ask_depth,log1p,二乗,立会日,50ms,full,20505292.0,-3.144763768024195e-11,-0.0003031447494179863,9.189673909969371e-8,-1.3727233728836143,動いた窓,50
var_ask_depth,log1p,二乗,立会日,50ms,sub,20505292.0,-3.144763768024195e-11,-0.0003031447494179863,9.189673909969371e-8,-1.3727233728836143,動いた窓,50
var_ask_depth,log1p,二乗,立会日,100ms,full,20505292.0,-6.030789846427056e-8,-0.0001287788566165164,1.658399391145729e-8,-0.5831463025281156,動いた窓,100
var_ask_depth,log1p,二乗,立会日,100ms,sub,20505292.0,-6.030789846427056e-8,-0.0001287788566165164,1.658399391145729e-8,-0.5831463025281156,動いた窓,100
var_ask_depth,log1p,二乗,立会日,500ms,full,20505169.0,3.583526211615432e-8,0.00003422302266035268,1.171215280011013e-9,0.15497085189707596,動いた窓,500
var_ask_depth,log1p,二乗,立会日,500ms,sub,4411133.0,2.434849389999539e-7,0.00023725085388297972,5.6287967668203e-8,0.49829069134808324,動いた窓,500
var_ask_depth,log1p,二乗,立会日,1s,full,20505026.0,3.6467877179652934e-7,0.00023480427075347595,5.5133045564071644e-8,1.063251844490541,動いた窓,1000
var_ask_depth,log1p,二乗,立会日,1s,sub,2311028.0,-5.183445388887035e-7,-0.0003567874482865849,1.272972832548525e-7,-0.5423904209889602,動いた窓,1000
var_ask_depth,log1p,二乗,立会日,3s,full,20504457.0,5.778715596337612e-7,0.00041148390288845153,1.6931900233631262e-7,1.8632751948895228,動いた窓,3000
var_ask_depth,log1p,二乗,立会日,3s,sub,769666.0,-1.5574166268787766e-6,-0.0006191545315637713,3.8335233395595307e-7,-0.5431874481898298,動いた窓,3000
var_ask_depth,log1p,二乗,立会日,5s,full,20503915.0,5.9231520579712495e-8,0.00004783947329371264,2.288615205019845e-9,0.21662309932599205,動いた窓,5000
var_ask_depth,log1p,二乗,立会日,5s,sub,464483.0,-5.5824662691171156e-9,-0.0001360294925107737,1.8504022832738636e-8,-0.09270796723265504,動いた窓,5000
var_ask_depth,log1p,二乗,立会日,10s,full,20502577.0,-9.406012607216779e-8,-0.00006705985985929508,4.497024804348295e-9,-0.30364549847254374,動いた窓,10000
var_ask_depth,log1p,二乗,立会日,10s,sub,229278.0,7.312377940213825e-8,0.010297563500518601,0.00010603981404721292,4.931020458243748,動いた窓,10000
var_ask_depth,log1p,二乗,立会日,30s,full,20497353.0,1.481037932235457e-7,0.00014160286957819713,2.0051372672779908e-8,0.641092841908949,動いた窓,30000
var_ask_depth,log1p,二乗,立会日,30s,sub,78208.0,1.9755512932622973e-7,0.03922815147926478,0.0015388478684801438,10.978734797975903,動いた窓,30000
var_ask_depth,log1p,二乗,立会日,50s,full,20491896.0,1.0087850292763333e-6,0.0006805309342915911,4.6312235252778585e-7,3.080626324658816,動いた窓,50000
var_ask_depth,log1p,二乗,立会日,50s,sub,45914.0,4.070525842796987e-8,0.0006203592361110325,3.8484558182826383e-7,0.1329249305162509,動いた窓,50000
var_ask_depth,log1p,二乗,立会日,100s,full,20479281.0,1.3231870501384786e-6,0.0009365488053086557,8.771236647250704e-7,4.238263323941872,動いた窓,100000
var_ask_depth,log1p,二乗,立会日,100s,sub,22637.0,1.1197180771215067e-7,0.0011645932803001013,1.3562775085201502e-6,0.17521239408853573,動いた窓,100000
var_ask_depth,log1p,二乗,閉場日,10ms,full,3776077.0,3.0160743089518195e-11,0.0007734189331514819,5.981768461571764e-7,1.502917823931861,動いた窓,10
var_ask_depth,log1p,二乗,閉場日,10ms,sub,3776077.0,3.0160743089518195e-11,0.0007734189331514819,5.981768461571764e-7,1.502917823931861,動いた窓,10
var_ask_depth,log1p,二乗,閉場日,20ms,full,3776077.0,6.019264672051027e-11,0.001137894274698454,1.294803380391521e-6,2.2111718624452252,動いた窓,20
var_ask_depth,log1p,二乗,閉場日,20ms,sub,3776077.0,6.019264672051027e-11,0.001137894274698454,1.294803380391521e-6,2.2111718624452252,動いた窓,20
var_ask_depth,log1p,二乗,閉場日,50ms,full,3776077.0,3.105097215058562e-11,0.00029456749990188814,8.677001199844888e-8,0.5724072863680599,動いた窓,50
var_ask_depth,log1p,二乗,閉場日,50ms,sub,3776077.0,3.105097215058562e-11,0.00029456749990188814,8.677001199844888e-8,0.5724072863680599,動いた窓,50
var_ask_depth,log1p,二乗,閉場日,100ms,full,3776077.0,5.480825050042241e-10,0.0020114106373766445,4.045772752151919e-6,3.9086062929354126,動いた窓,100
var_ask_depth,log1p,二乗,閉場日,100ms,sub,3776077.0,5.480825050042241e-10,0.0020114106373766445,4.045772752151919e-6,3.9086062929354126,動いた窓,100
var_ask_depth,log1p,二乗,閉場日,500ms,full,3776038.0,-4.880076742729931e-9,-0.0001487468514467453,2.2125625815320115e-8,-0.2890452584798986,動いた窓,500
var_ask_depth,log1p,二乗,閉場日,500ms,sub,851495.0,3.577406967694523e-9,0.002549766986113675,6.501311683475213e-6,2.3528402792437104,動いた窓,500
var_ask_depth,log1p,二乗,閉場日,1s,full,3775983.0,2.958594468608328e-8,0.0006371096875578893,4.059087539801113e-7,1.238024379768304,動いた窓,1000
var_ask_depth,log1p,二乗,閉場日,1s,sub,468497.0,4.276761564364862e-9,0.0014456338194421946,2.089857139915028e-6,0.9894895991985068,動いた窓,1000
var_ask_depth,log1p,二乗,閉場日,3s,full,3775803.0,3.203059604091605e-8,0.00048757972304182203,2.3773398632153988e-7,0.9474367718668855,動いた窓,3000
var_ask_depth,log1p,二乗,閉場日,3s,sub,149232.0,3.1795498895490135e-8,0.004346773430241509,0.000018894439253853535,1.6791874362156598,動いた窓,3000
var_ask_depth,log1p,二乗,閉場日,5s,full,3775636.0,6.043552607689812e-8,0.0018325085652834158,3.3580876418370833e-6,3.560751669596387,動いた窓,5000
var_ask_depth,log1p,二乗,閉場日,5s,sub,93730.0,2.705951677532481e-8,0.018452136414388105,0.0003404813382551875,5.650088869161621,動いた窓,5000
var_ask_depth,log1p,二乗,閉場日,10s,full,3775215.0,1.2644770447733317e-7,0.0022201979821337764,4.929279079870893e-6,4.313834743328719,動いた窓,10000
var_ask_depth,log1p,二乗,閉場日,10s,sub,47766.0,3.7526910208796533e-8,0.013940187741139259,0.00019432883425820927,3.0469208285192253,動いた窓,10000
var_ask_depth,log1p,二乗,閉場日,30s,full,3773523.0,2.981201301082034e-7,0.004505417894340491,0.000020298790402643504,8.752112129965766,動いた窓,30000
var_ask_depth,log1p,二乗,閉場日,30s,sub,15179.0,1.8038785169957775e-7,0.03387582284547895,0.0011475713734582736,4.175727552585872,動いた窓,30000
var_ask_depth,log1p,二乗,閉場日,50s,full,3771868.0,3.5695487369118373e-7,0.007515837539198066,0.00005648781391561883,14.597140163346548,動いた窓,50000
var_ask_depth,log1p,二乗,閉場日,50s,sub,9506.0,-2.5159892075356946e-6,-0.00356700247035958,0.000012723506623551347,-0.3477437929708544,動いた窓,50000
var_ask_depth,log1p,二乗,閉場日,100s,full,3768003.0,7.141021954000265e-7,0.009455685150257572,0.00008940998166080157,18.35557204085461,動いた窓,100000
var_ask_depth,log1p,二乗,閉場日,100s,sub,4747.0,-5.144844376960594e-6,-0.005143849162256341,0.000026459184204045262,-0.3543333896991458,動いた窓,100000
var_ask_depth,log1p,符号つき,立会日,10ms,full,20505292.0,-2.071163983078968e-7,-0.015971482764204094,0.0002550882616872685,-72.33251966850942,動いた窓,10
var_ask_depth,log1p,符号つき,立会日,10ms,sub,20505292.0,-2.071163983078968e-7,-0.015971482764204094,0.0002550882616872685,-72.33251966850942,動いた窓,10
var_ask_depth,log1p,符号つき,立会日,20ms,full,20505292.0,-4.2372417762464736e-7,-0.023486745006533912,0.0005516271910019457,-106.38382665781752,動いた窓,20
var_ask_depth,log1p,符号つき,立会日,20ms,sub,20505292.0,-4.2372417762464736e-7,-0.023486745006533912,0.0005516271910019457,-106.38382665781752,動いた窓,20
var_ask_depth,log1p,符号つき,立会日,50ms,full,20505292.0,-1.1822749570828123e-6,-0.03832735988620571,0.0014689865158467306,-173.6845082723833,動いた窓,50
var_ask_depth,log1p,符号つき,立会日,50ms,sub,20505292.0,-1.1822749570828123e-6,-0.03832735988620571,0.0014689865158467306,-173.6845082723833,動いた窓,50
var_ask_depth,log1p,符号つき,立会日,100ms,full,20505292.0,-2.5088249930920068e-6,-0.010394132895703803,0.00010803799865355193,-47.070052701321075,動いた窓,100
var_ask_depth,log1p,符号つき,立会日,100ms,sub,20505292.0,-2.5088249930920068e-6,-0.010394132895703803,0.00010803799865355193,-47.070052701321075,動いた窓,100
var_ask_depth,log1p,符号つき,立会日,500ms,full,20505169.0,-0.000011011792187773059,-0.020342739097101964,0.0004138270339727608,-92.13634170109304,動いた窓,500
var_ask_depth,log1p,符号つき,立会日,500ms,sub,4411133.0,-0.000010814214574155438,-0.02028948582670069,0.0004116632351118882,-42.62215744516872,動いた窓,500
var_ask_depth,log1p,符号つき,立会日,1s,full,20505026.0,-0.000014414925403024385,-0.017941837012730333,0.0003219095153913801,-81.2581557221395,動いた窓,1000
var_ask_depth,log1p,符号つき,立会日,1s,sub,2311028.0,-0.0000135956122808589,-0.017961884396558395,0.0003226292910753279,-27.310168647973928,動いた窓,1000
var_ask_depth,log1p,符号つき,立会日,3s,full,20504457.0,-0.00001642732413074602,-0.021352544967654753,0.0004559311765957183,-96.71031261074677,動いた窓,3000
var_ask_depth,log1p,符号つき,立会日,3s,sub,769666.0,-0.0000147869387013028,-0.01129037616408231,0.00012747259392647796,-9.905734430036377,動いた窓,3000
var_ask_depth,log1p,符号つき,立会日,5s,full,20503915.0,-0.000016894359299386123,-0.02312218046907843,0.0005346352296446321,-104.72811514994585,動いた窓,5000
var_ask_depth,log1p,符号つき,立会日,5s,sub,464483.0,-0.000015885225903355102,-0.03879633739204122,0.0015051557950370956,-26.46072814510744,動いた窓,5000
var_ask_depth,log1p,符号つき,立会日,10s,full,20502577.0,-0.000017962787773030706,-0.02036094321458981,0.0004145680085877508,-92.21299723272226,動いた窓,10000
var_ask_depth,log1p,符号つき,立会日,10s,sub,229278.0,-0.000018831897161830276,-0.03597468517152969,0.0012941779731906783,-17.23683440212017,動いた窓,10000
var_ask_depth,log1p,符号つき,立会日,30s,full,20497353.0,-0.000019489325684886333,-0.018218604705494777,0.00033191755741507643,-82.49660359838931,動いた窓,30000
var_ask_depth,log1p,符号つき,立会日,30s,sub,78208.0,-0.00001713010804723905,-0.018960714262045646,0.00035950868532694117,-5.303380783162784,動いた窓,30000
var_ask_depth,log1p,符号つき,立会日,50s,full,20491896.0,-0.000021533309650797308,-0.015140431172722067,0.0002292326560959341,-68.54552018197445,動いた窓,50000
var_ask_depth,log1p,符号つき,立会日,50s,sub,45914.0,-0.000019306065954649668,-0.015338127741399109,0.00023525816261147693,-3.286900428035941,動いた窓,50000
var_ask_depth,log1p,符号つき,立会日,100s,full,20479281.0,-0.00002523480142563842,-0.013697294253061416,0.0001876158698549493,-61.99160220251369,動いた窓,100000
var_ask_depth,log1p,符号つき,立会日,100s,sub,22637.0,-0.00002153027255997222,-0.012068838039888055,0.00014565685163304894,-1.8158808135407822,動いた窓,100000
var_ask_depth,log1p,符号つき,閉場日,10ms,full,3776077.0,-1.0324308645226574e-7,-0.006645560725571198,0.00004416347735725438,-12.914022146172222,動いた窓,10
var_ask_depth,log1p,符号つき,閉場日,10ms,sub,3776077.0,-1.0324308645226574e-7,-0.006645560725571198,0.00004416347735725438,-12.914022146172222,動いた窓,10
var_ask_depth,log1p,符号つき,閉場日,20ms,full,3776077.0,-2.3899482429384624e-7,-0.010847353919637832,0.00011766508705788223,-21.079954454345803,動いた窓,20
var_ask_depth,log1p,符号つき,閉場日,20ms,sub,3776077.0,-2.3899482429384624e-7,-0.010847353919637832,0.00011766508705788223,-21.079954454345803,動いた窓,20
var_ask_depth,log1p,符号つき,閉場日,50ms,full,3776077.0,-6.870709518728899e-7,-0.01784696619782142,0.0003185142024661804,-34.685973056009345,動いた窓,50
var_ask_depth,log1p,符号つき,閉場日,50ms,sub,3776077.0,-6.870709518728899e-7,-0.01784696619782142,0.0003185142024661804,-34.685973056009345,動いた窓,50
var_ask_depth,log1p,符号つき,閉場日,100ms,full,3776077.0,-1.5922535800875436e-6,-0.027542452638988153,0.0007585866973709055,-53.54115117855441,動いた窓,100
var_ask_depth,log1p,符号つき,閉場日,100ms,sub,3776077.0,-1.5922535800875436e-6,-0.027542452638988153,0.0007585866973709055,-53.54115117855441,動いた窓,100
var_ask_depth,log1p,符号つき,閉場日,500ms,full,3776038.0,-7.62635174933161e-6,-0.04419882943972647,0.0019535365238420315,-85.97129144528782,動いた窓,500
var_ask_depth,log1p,符号つき,閉場日,500ms,sub,851495.0,-7.4771201592022206e-6,-0.05694230961324051,0.0032424266240901425,-52.62969429317153,動いた窓,500
var_ask_depth,log1p,符号つき,閉場日,1s,full,3775983.0,-0.000010300783153169325,-0.04183150634032852,0.0017498749227009452,-81.35771025157587,動いた窓,1000
var_ask_depth,log1p,符号つき,閉場日,1s,sub,468497.0,-9.632148349104858e-6,-0.05090971103589047,0.002591798677757868,-34.89125932360924,動いた窓,1000
var_ask_depth,log1p,符号つき,閉場日,3s,full,3775803.0,-0.000012290380706381614,-0.03276737624429088,0.0010737009459349182,-63.70587614015423,動いた窓,3000
var_ask_depth,log1p,符号つき,閉場日,3s,sub,149232.0,-0.000013365754089413055,-0.04043179153154011,0.0016347297664499186,-15.631703987182917,動いた窓,3000
var_ask_depth,log1p,符号つき,閉場日,5s,full,3775636.0,-0.00001271104363899437,-0.03265534921516285,0.0010663718323642372,-63.48643782903271,動いた窓,5000
var_ask_depth,log1p,符号つき,閉場日,5s,sub,93730.0,-0.000012411229391944064,-0.034191125998902186,0.001169033097072805,-10.473747004968708,動いた窓,5000
var_ask_depth,log1p,符号つき,閉場日,10s,full,3775215.0,-0.000013770126311611446,-0.025416687476838323,0.00064600800229527,-49.40034739382212,動いた窓,10000
var_ask_depth,log1p,符号つき,閉場日,10s,sub,47766.0,-9.887565385205056e-6,-0.019949183287833953,0.0003979699138515935,-4.360757140888982,動いた窓,10000
var_ask_depth,log1p,符号つき,閉場日,30s,full,3773523.0,-0.000015701717010392602,-0.017768943529236043,0.0003157353541451794,-34.52260543400484,動いた窓,30000
var_ask_depth,log1p,符号つき,閉場日,30s,sub,15179.0,-0.000016321386789986116,-0.019652631431486763,0.00038622592218186144,-2.421572971398646,動いた窓,30000
var_ask_depth,log1p,符号つき,閉場日,50s,full,3771868.0,-0.000014936483671398921,-0.013558169445669177,0.00018382395871747724,-26.33413790812811,動いた窓,50000
var_ask_depth,log1p,符号つき,閉場日,50s,sub,9506.0,-6.643457759560088e-6,-0.00249477247798566,6.223889716914709e-6,-0.24321228592821223,動いた窓,50000
var_ask_depth,log1p,符号つき,閉場日,100s,full,3768003.0,-0.000013669475306051764,-0.008878701454927708,0.0000788313395257354,-17.235428158324147,動いた窓,100000
var_ask_depth,log1p,符号つき,閉場日,100s,sub,4747.0,0.000011753196214061946,0.0031262721067484844,9.773577285433608e-6,0.21535105636973295,動いた窓,100000
var_ask_depth,log1p,絶対値,立会日,10ms,full,20505292.0,1.8681584270535163e-7,0.014470744829469742,0.00020940245591962527,65.53439873909778,動いた窓,10
var_ask_depth,log1p,絶対値,立会日,10ms,sub,20505292.0,1.8681584270535163e-7,0.014470744829469742,0.00020940245591962527,65.53439873909778,動いた窓,10
var_ask_depth,log1p,絶対値,立会日,20ms,full,20505292.0,3.9605852353353515e-7,0.022162888638190187,0.0004911936327888197,100.38434964374231,動いた窓,20
var_ask_depth,log1p,絶対値,立会日,20ms,sub,20505292.0,3.9605852353353515e-7,0.022162888638190187,0.0004911936327888197,100.38434964374231,動いた窓,20
var_ask_depth,log1p,絶対値,立会日,50ms,full,20505292.0,8.978013492325106e-7,0.029939753989752467,0.0008963888689668988,135.6362958816912,動いた窓,50
var_ask_depth,log1p,絶対値,立会日,50ms,sub,20505292.0,8.978013492325106e-7,0.029939753989752467,0.0008963888689668988,135.6362958816912,動いた窓,50
var_ask_depth,log1p,絶対値,立会日,100ms,full,20505292.0,1.995475572659226e-6,0.008281963934959256,0.0000685909266199658,37.504310683953214,動いた窓,100
var_ask_depth,log1p,絶対値,立会日,100ms,sub,20505292.0,1.995475572659226e-6,0.008281963934959256,0.0000685909266199658,37.504310683953214,動いた窓,100
var_ask_depth,log1p,絶対値,立会日,500ms,full,20505169.0,6.563480035209326e-6,0.012178701698143304,0.0001483207750523586,55.15245618443589,動いた窓,500
var_ask_depth,log1p,絶対値,立会日,500ms,sub,4411133.0,7.073849261331021e-6,0.013332139965403441,0.00017774595605710765,28.00357272353019,動いた窓,500
var_ask_depth,log1p,絶対値,立会日,1s,full,20505026.0,9.969325608011367e-6,0.01247363646044647,0.00015559160654737955,56.48810586893263,動いた窓,1000
var_ask_depth,log1p,絶対値,立会日,1s,sub,2311028.0,0.000010521224303095183,0.013983549685139967,0.00019553966179677808,21.259953517341675,動いた窓,1000
var_ask_depth,log1p,絶対値,立会日,3s,full,20504457.0,0.00001577527784619185,0.020975856227706226,0.0004399865444854021,95.00344977403678,動いた窓,3000
var_ask_depth,log1p,絶対値,立会日,3s,sub,769666.0,0.000016201463953959072,0.012469494981703843,0.0001554883050987373,10.940400432249076,動いた窓,3000
var_ask_depth,log1p,絶対値,立会日,5s,full,20503915.0,0.000018764118150571282,0.026887106505081047,0.0007229164962155716,121.79220094489392,動いた窓,5000
var_ask_depth,log1p,絶対値,立会日,5s,sub,464483.0,0.00002076974532494798,0.06007546616023769,0.003609061634369864,41.01722183857711,動いた窓,5000
var_ask_depth,log1p,絶対値,立会日,10s,full,20502577.0,0.00002522531817149061,0.030655537013721295,0.0009397619495996363,138.8728331489366,動いた窓,10000
var_ask_depth,log1p,絶対値,立会日,10s,sub,229278.0,0.000029776953292910123,0.0723277438820682,0.0052313025350700535,34.72347338691771,動いた窓,10000
var_ask_depth,log1p,絶対値,立会日,30s,full,20497353.0,0.00004184523141125965,0.04641572296282981,0.0021544193381621665,210.36927937988105,動いた窓,30000
var_ask_depth,log1p,絶対値,立会日,30s,sub,78208.0,0.00005038234873589737,0.07378086411397805,0.005443615909405294,20.689455892240645,動いた窓,30000
var_ask_depth,log1p,絶対値,立会日,50s,full,20491896.0,0.00005322938165855806,0.044120421765171086,0.0019466116167365826,199.9188841164434,動いた窓,50000
var_ask_depth,log1p,絶対値,立会日,50s,sub,45914.0,0.00005374482626661499,0.0542819532616574,0.0029465304499007583,11.648214193651883,動いた窓,50000
var_ask_depth,log1p,絶対値,立会日,100s,full,20479281.0,0.00007444192047153078,0.04981844628618923,0.0024818775903699213,225.7288728241582,動いた窓,100000
var_ask_depth,log1p,絶対値,立会日,100s,sub,22637.0,0.00007485180565552251,0.05426831524806057,0.0029450500398628832,8.17668075237739,動いた窓,100000
var_ask_depth,log1p,絶対値,閉場日,10ms,full,3776077.0,2.4908182614162593e-7,0.016057861856434274,0.0002578549274003268,31.207862435729357,動いた窓,10
var_ask_depth,log1p,絶対値,閉場日,10ms,sub,3776077.0,2.4908182614162593e-7,0.016057861856434274,0.0002578549274003268,31.207862435729357,動いた窓,10
var_ask_depth,log1p,絶対値,閉場日,20ms,full,3776077.0,5.114643096689837e-7,0.023287494331478982,0.0005423073922386657,45.26482654574089,動いた窓,20
var_ask_depth,log1p,絶対値,閉場日,20ms,sub,3776077.0,5.114643096689837e-7,0.023287494331478982,0.0005423073922386657,45.26482654574089,動いた窓,20
var_ask_depth,log1p,絶対値,閉場日,50ms,full,3776077.0,1.1976054760569066e-6,0.03138910982828527,0.000985276215812155,61.02578306992266,動いた窓,50
var_ask_depth,log1p,絶対値,閉場日,50ms,sub,3776077.0,1.1976054760569066e-6,0.03138910982828527,0.000985276215812155,61.02578306992266,動いた窓,50
var_ask_depth,log1p,絶対値,閉場日,100ms,full,3776077.0,2.5838476718659e-6,0.04541055929195007,0.002062118895207713,88.33349263301137,動いた窓,100
var_ask_depth,log1p,絶対値,閉場日,100ms,sub,3776077.0,2.5838476718659e-6,0.04541055929195007,0.002062118895207713,88.33349263301137,動いた窓,100
var_ask_depth,log1p,絶対値,閉場日,500ms,full,3776038.0,8.086802124183977e-6,0.048176193466501205,0.0023209456169217533,93.72492854387893,動いた窓,500
var_ask_depth,log1p,絶対値,閉場日,500ms,sub,851495.0,8.592205393389891e-6,0.06861026279589884,0.004707368160922301,63.46060809771616,動いた窓,500
var_ask_depth,log1p,絶対値,閉場日,1s,full,3775983.0,0.000012216955129467431,0.05130792625327215,0.0026325032964112137,99.83245626880083,動いた窓,1000
var_ask_depth,log1p,絶対値,閉場日,1s,sub,468497.0,0.000012662235613646835,0.07071725124420924,0.005000929623536614,48.52510838389534,動いた窓,1000
var_ask_depth,log1p,絶対値,閉場日,3s,full,3775803.0,0.000019779524813086345,0.0557455896032554,0.0031075707602145767,108.49030068859568,動いた窓,3000
var_ask_depth,log1p,絶対値,閉場日,3s,sub,149232.0,0.00002179065675249234,0.07081858072169551,0.0050152713754353035,27.426291067430295,動いた窓,3000
var_ask_depth,log1p,絶対値,閉場日,5s,full,3775636.0,0.00002411963266621713,0.06815567194714164,0.00464519561856639,132.74188773585414,動いた窓,5000
var_ask_depth,log1p,絶対値,閉場日,5s,sub,93730.0,0.000025305952329934725,0.0770663634983771,0.00593922438286399,23.66426787805053,動いた窓,5000
var_ask_depth,log1p,絶対値,閉場日,10s,full,3775215.0,0.00003306246859989475,0.067836977359085,0.004601855497217012,132.11094682962928,動いた窓,10000
var_ask_depth,log1p,絶対値,閉場日,10s,sub,47766.0,0.00003343494238452974,0.07529962872074673,0.005670034085482306,16.503570614041312,動いた窓,10000
var_ask_depth,log1p,絶対値,閉場日,30s,full,3773523.0,0.00005726349900834166,0.07397572955962442,0.00547240856387869,144.09676281926372,動いた窓,30000
var_ask_depth,log1p,絶対値,閉場日,30s,sub,15179.0,0.00005723288101621703,0.07908302784235598,0.006254125292714851,9.77324050853537,動いた窓,30000
var_ask_depth,log1p,絶対値,閉場日,50s,full,3771868.0,0.00007456528880429102,0.07840760763490195,0.006147752935028735,152.74795995417796,動いた窓,50000
var_ask_depth,log1p,絶対値,閉場日,50s,sub,9506.0,0.000056710906510107,0.021773960659427303,0.0004741053627982879,2.123213284490952,動いた窓,50000
var_ask_depth,log1p,絶対値,閉場日,100s,full,3768003.0,0.00010878120653916197,0.0823687531463593,0.006784611494885876,160.43395017235048,動いた窓,100000
var_ask_depth,log1p,絶対値,閉場日,100s,sub,4747.0,0.000056212541530617044,0.015292718519729331,0.00023386723972367246,1.0535462190549727,動いた窓,100000
var_ask_depth,生,二乗,立会日,10ms,full,20505292.0,-5.577176968572211e-18,-3.7799505311404046e-6,1.4288026017868627e-11,-0.017116661970960557,動いた窓,10
var_ask_depth,生,二乗,立会日,10ms,sub,20505292.0,-5.577176968572211e-18,-3.7799505311404046e-6,1.4288026017868627e-11,-0.017116661970960557,動いた窓,10
var_ask_depth,生,二乗,立会日,20ms,full,20505292.0,-5.654821634876222e-18,-3.460207257930274e-6,1.1973034267833347e-11,-0.01566877595234548,動いた窓,20
var_ask_depth,生,二乗,立会日,20ms,sub,20505292.0,-5.654821634876222e-18,-3.460207257930274e-6,1.1973034267833347e-11,-0.01566877595234548,動いた窓,20
var_ask_depth,生,二乗,立会日,50ms,full,20505292.0,-6.004060656894984e-17,-0.00002256372773969822,5.091218095112269e-10,-0.10217480293432203,動いた窓,50
var_ask_depth,生,二乗,立会日,50ms,sub,20505292.0,-6.004060656894984e-17,-0.00002256372773969822,5.091218095112269e-10,-0.10217480293432203,動いた窓,50
var_ask_depth,生,二乗,立会日,100ms,full,20505292.0,-1.4177783183972299e-14,-1.180272957712198e-6,1.3930442547067e-12,-0.0053446025507641395,動いた窓,100
var_ask_depth,生,二乗,立会日,100ms,sub,20505292.0,-1.4177783183972299e-14,-1.180272957712198e-6,1.3930442547067e-12,-0.0053446025507641395,動いた窓,100
var_ask_depth,生,二乗,立会日,500ms,full,20505169.0,-7.03475298159983e-14,-2.6191584362839558e-6,6.8599909143574166e-12,-0.011860238586063368,動いた窓,500
var_ask_depth,生,二乗,立会日,500ms,sub,4411133.0,-5.48643495838463e-14,-2.225427049068676e-6,4.9525255507265145e-12,-0.00467399604035027,動いた窓,500
var_ask_depth,生,二乗,立会日,1s,full,20505026.0,-1.4754315396448141e-13,-3.703576623570206e-6,1.3716479806655688e-11,-0.016770711005644572,動いた窓,1000
var_ask_depth,生,二乗,立会日,1s,sub,2311028.0,-1.9957261415139157e-13,-4.112978521101496e-6,1.6916592315042252e-11,-0.006252574243631512,動いた窓,1000
var_ask_depth,生,二乗,立会日,3s,full,20504457.0,-1.3630406270151686e-14,-3.7839308279438424e-7,1.4318132510663772e-13,-0.0017134336980139742,動いた窓,3000
var_ask_depth,生,二乗,立会日,3s,sub,769666.0,-4.90991706988916e-13,-6.924664787564126e-6,4.795098242013052e-11,-0.006075042792867967,動いた窓,3000
var_ask_depth,生,二乗,立会日,5s,full,20503915.0,-1.0033110197490712e-13,-3.1592800839246947e-6,9.981050648683225e-12,-0.01430561407808966,動いた窓,5000
var_ask_depth,生,二乗,立会日,5s,sub,464483.0,-4.341616805601673e-14,-0.000028502346146899148,8.123837358776567e-10,-0.019425159209919798,動いた窓,5000
var_ask_depth,生,二乗,立会日,10s,full,20502577.0,-1.3166744711951846e-13,-3.659880682612949e-6,1.3394726610963426e-11,-0.016571855265764667,動いた窓,10000
var_ask_depth,生,二乗,立会日,10s,sub,229278.0,-2.7471592274891042e-14,-0.00007229279617163747,5.2262483783139206e-9,-0.034615795952840256,動いた窓,10000
var_ask_depth,生,二乗,立会日,30s,full,20497353.0,2.128093098969801e-13,7.933873728169071e-6,6.29463523345314e-11,0.0359198201283327,動いた窓,30000
var_ask_depth,生,二乗,立会日,30s,sub,78208.0,3.385189914061721e-12,0.0018833412093373608,3.546974110788313e-6,0.5266836253610592,動いた窓,30000
var_ask_depth,生,二乗,立会日,50s,full,20491896.0,4.3040139845412637e-13,0.000011323303944831384,1.2821721222703398e-10,0.05125830198386174,動いた窓,50000
var_ask_depth,生,二乗,立会日,50s,sub,45914.0,-3.4238051346558042e-12,-0.00016337212380974846,2.6690450838107778e-8,-0.035005885384974955,動いた窓,50000
var_ask_depth,生,二乗,立会日,100s,full,20479281.0,5.202086688958342e-13,0.000014363718700401543,2.0631641490426498e-10,0.06500162631793094,動いた窓,100000
var_ask_depth,生,二乗,立会日,100s,sub,22637.0,1.8938154021053458e-11,0.0002593728704499064,6.727428592542393e-8,0.03902247511837415,動いた窓,100000
var_ask_depth,生,二乗,閉場日,10ms,full,3776077.0,4.327676471213888e-16,0.000058506299206997325,3.422987046898696e-9,0.11369017484972772,動いた窓,10
var_ask_depth,生,二乗,閉場日,10ms,sub,3776077.0,4.327676471213888e-16,0.000058506299206997325,3.422987046898696e-9,0.11369017484972772,動いた窓,10
var_ask_depth,生,二乗,閉場日,20ms,full,3776077.0,2.7567824232137507e-16,0.00002747489509935635,7.548698607206356e-10,0.05338956088480583,動いた窓,20
var_ask_depth,生,二乗,閉場日,20ms,sub,3776077.0,2.7567824232137507e-16,0.00002747489509935635,7.548698607206356e-10,0.05338956088480583,動いた窓,20
var_ask_depth,生,二乗,閉場日,50ms,full,3776077.0,7.754717748930644e-16,0.00003878383065721787,1.504185520447753e-9,0.07536522638238671,動いた窓,50
var_ask_depth,生,二乗,閉場日,50ms,sub,3776077.0,7.754717748930644e-16,0.00003878383065721787,1.504185520447753e-9,0.07536522638238671,動いた窓,50
var_ask_depth,生,二乗,閉場日,100ms,full,3776077.0,3.224597203926791e-15,0.0000623886166038232,3.892339481738844e-9,0.12123434276522352,動いた窓,100
var_ask_depth,生,二乗,閉場日,100ms,sub,3776077.0,3.224597203926791e-15,0.0000623886166038232,3.892339481738844e-9,0.12123434276522352,動いた窓,100
var_ask_depth,生,二乗,閉場日,500ms,full,3776038.0,-1.9306434879338073e-14,-3.102442323011217e-6,9.625148367611237e-12,-0.00602867371332958,動いた窓,500
var_ask_depth,生,二乗,閉場日,500ms,sub,851495.0,2.1063623808428015e-14,0.0000769921612210262,5.927792889484492e-9,0.07104557819291922,動いた窓,500
var_ask_depth,生,二乗,閉場日,1s,full,3775983.0,-3.546807697019025e-14,-4.02678693549543e-6,1.6215013023876678e-11,-0.007824805498790605,動いた窓,1000
var_ask_depth,生,二乗,閉場日,1s,sub,468497.0,4.3950824255301164e-14,0.0000650650379054918,4.233459157643085e-9,0.04453486787289761,動いた窓,1000
var_ask_depth,生,二乗,閉場日,3s,full,3775803.0,1.5010491282254747e-13,0.000012047606530850211,1.4514482312218466e-10,0.02341021077156532,動いた窓,3000
var_ask_depth,生,二乗,閉場日,3s,sub,149232.0,3.9079895844326936e-13,0.0003925897155187028,1.54126684731056e-7,0.15165859259329786,動いた窓,3000
var_ask_depth,生,二乗,閉場日,5s,full,3775636.0,1.0261961956004744e-13,0.000016401413180889677,2.690063543302616e-10,0.031869570720337685,動いた窓,5000
var_ask_depth,生,二乗,閉場日,5s,sub,93730.0,-1.6337594857896706e-13,-0.0004015220648935948,1.6121996859641615e-7,-0.12292610647365372,動いた窓,5000
var_ask_depth,生,二乗,閉場日,10s,full,3775215.0,1.3624064841214192e-13,0.000012598757596180443,1.5872869296731442e-10,0.02447926929584153,動いた窓,10000
var_ask_depth,生,二乗,閉場日,10s,sub,47766.0,-2.4938078903682574e-13,-0.00046251488925263845,2.1392002278038043e-7,-0.1010825313981008,動いた窓,10000
var_ask_depth,生,二乗,閉場日,30s,full,3773523.0,8.243375655094505e-13,0.00006351052232340776,4.033586445792076e-9,0.12337270046451226,動いた窓,30000
var_ask_depth,生,二乗,閉場日,30s,sub,15179.0,2.385685343403227e-12,0.003919923971301411,0.000015365803940783427,0.4829186162019412,動いた窓,30000
var_ask_depth,生,二乗,閉場日,50s,full,3771868.0,1.735555270646247e-12,0.00017821400316212963,3.1760230923071547e-8,0.34611463270946785,動いた窓,50000
var_ask_depth,生,二乗,閉場日,50s,sub,9506.0,-8.009729500665344e-10,-0.000539441869316516,2.9099753037169715e-7,-0.05258936521244012,動いた窓,50000
var_ask_depth,生,二乗,閉場日,100s,full,3768003.0,1.476415113495894e-11,0.00046724313775611744,2.1831614978018213e-7,0.9069816151820043,動いた窓,100000
var_ask_depth,生,二乗,閉場日,100s,sub,4747.0,-1.7702169471481472e-9,-0.0008794983398070572,7.735173297233699e-7,-0.060583352239794164,動いた窓,100000
var_ask_depth,生,符号つき,立会日,10ms,full,20505292.0,-1.0667131560366533e-15,-3.2068759423452446e-6,1.02840533095927e-11,-0.014521621654995242,動いた窓,10
var_ask_depth,生,符号つき,立会日,10ms,sub,20505292.0,-1.0667131560366533e-15,-3.2068759423452446e-6,1.02840533095927e-11,-0.014521621654995242,動いた窓,10
var_ask_depth,生,符号つき,立会日,20ms,full,20505292.0,8.76004046151286e-15,0.000018929949513661695,3.583429885897806e-10,0.08572004959828954,動いた窓,20
var_ask_depth,生,符号つき,立会日,20ms,sub,20505292.0,8.76004046151286e-15,0.000018929949513661695,3.583429885897806e-10,0.08572004959828954,動いた窓,20
var_ask_depth,生,符号つき,立会日,50ms,full,20505292.0,-7.256484360362035e-14,-0.00009171078991882725,8.410868987535266e-9,-0.41529183617309046,動いた窓,50
var_ask_depth,生,符号つき,立会日,50ms,sub,20505292.0,-7.256484360362035e-14,-0.00009171078991882725,8.410868987535266e-9,-0.41529183617309046,動いた窓,50
var_ask_depth,生,符号つき,立会日,100ms,full,20505292.0,-1.6532695381447995e-13,-0.00002670332355221245,7.130674887341441e-10,-0.12092003827526512,動いた窓,100
var_ask_depth,生,符号つき,立会日,100ms,sub,20505292.0,-1.6532695381447995e-13,-0.00002670332355221245,7.130674887341441e-10,-0.12092003827526512,動いた窓,100
var_ask_depth,生,符号つき,立会日,500ms,full,20505169.0,-1.476269268116694e-12,-0.00010632175579994983,1.1304315756384165e-8,-0.4814528897261848,動いた窓,500
var_ask_depth,生,符号つき,立会日,500ms,sub,4411133.0,-1.0652350048644726e-12,-0.00008319724286633137,6.921781220559326e-9,-0.17473661301676027,動いた窓,500
var_ask_depth,生,符号つき,立会日,1s,full,20505026.0,-3.2066398182826824e-12,-0.00015560066613096654,2.4211567300400516e-8,-0.7045983115168336,動いた窓,1000
var_ask_depth,生,符号つき,立会日,1s,sub,2311028.0,-7.39345592925617e-12,-0.00029245905321200047,8.553229780565972e-8,-0.444597999293258,動いた窓,1000
var_ask_depth,生,符号つき,立会日,3s,full,20504457.0,-6.393010453608454e-12,-0.000323967236881988,1.0495477057295013e-7,-1.4669835023323567,動いた窓,3000
var_ask_depth,生,符号つき,立会日,3s,sub,769666.0,-2.028528262731965e-11,-0.0005494669195525914,3.0191389568261393e-7,-0.48205012889024085,動いた窓,3000
var_ask_depth,生,符号つき,立会日,5s,full,20503915.0,-8.314272018862906e-12,-0.0004436396248440875,1.968161167318027e-7,-2.00885572620794,動いた窓,5000
var_ask_depth,生,符号つき,立会日,5s,sub,464483.0,-6.020878307418731e-12,-0.0003961679442347739,1.5694904003920693e-7,-0.269999737977676,動いた窓,5000
var_ask_depth,生,符号つき,立会日,10s,full,20502577.0,-2.8922761202630525e-12,-0.00012781897560041716,1.6337690523540038e-8,-0.5787613763531728,動いた窓,10000
var_ask_depth,生,符号つき,立会日,10s,sub,229278.0,-8.748587969264154e-12,-0.0003123030552612766,9.753319832552799e-8,-0.1495393719403805,動いた窓,10000
var_ask_depth,生,符号つき,立会日,30s,full,20497353.0,4.016861617018864e-11,0.0014641782737275432,2.1438180172557685e-6,6.628927860893834,動いた窓,30000
var_ask_depth,生,符号つき,立会日,30s,sub,78208.0,9.329335797428486e-10,0.002893221967995174,8.370733356089869e-6,0.8091026218733226,動いた窓,30000
var_ask_depth,生,符号つき,立会日,50s,full,20491896.0,4.241739627071476e-11,0.001163112471650435,1.352830621708784e-6,5.2651779840111015,動いた窓,50000
var_ask_depth,生,符号つき,立会日,50s,sub,45914.0,-2.4179714872807363e-9,-0.006014588505386165,0.00003617527488912338,-1.2887743424065317,動いた窓,50000
var_ask_depth,生,符号つき,立会日,100s,full,20479281.0,7.0036263444398e-11,0.0014829892248402782,2.1992570409923693e-6,6.711132362589007,動いた窓,100000
var_ask_depth,生,符号つき,立会日,100s,sub,22637.0,-4.830346306958941e-9,-0.003565459547826288,0.000012712501787185636,-0.5364243991372664,動いた窓,100000
var_ask_depth,生,符号つき,閉場日,10ms,full,3776077.0,-5.817828710918045e-13,-0.00019742705246565657,3.897744104527711e-8,-0.3836427328020337,動いた窓,10
var_ask_depth,生,符号つき,閉場日,10ms,sub,3776077.0,-5.817828710918045e-13,-0.00019742705246565657,3.897744104527711e-8,-0.3836427328020337,動いた窓,10
var_ask_depth,生,符号つき,閉場日,20ms,full,3776077.0,-1.1365507539826716e-12,-0.00027195636537528646,7.39602646681363e-8,-0.5284690407794203,動いた窓,20
var_ask_depth,生,符号つき,閉場日,20ms,sub,3776077.0,-1.1365507539826716e-12,-0.00027195636537528646,7.39602646681363e-8,-0.5284690407794203,動いた窓,20
var_ask_depth,生,符号つき,閉場日,50ms,full,3776077.0,-5.906636062650893e-12,-0.0008088688402041616,6.542688006532255e-7,-1.571804592766954,動いた窓,50
var_ask_depth,生,符号つき,閉場日,50ms,sub,3776077.0,-5.906636062650893e-12,-0.0008088688402041616,6.542688006532255e-7,-1.571804592766954,動いた窓,50
var_ask_depth,生,符号つき,閉場日,100ms,full,3776077.0,-9.105773451744656e-12,-0.0008303903581694146,6.895481469407286e-7,-1.6136255186368147,動いた窓,100
var_ask_depth,生,符号つき,閉場日,100ms,sub,3776077.0,-9.105773451744656e-12,-0.0008303903581694146,6.895481469407286e-7,-1.6136255186368147,動いた窓,100
var_ask_depth,生,符号つき,閉場日,500ms,full,3776038.0,-5.6898532663957875e-11,-0.0017385032377021574,3.022393507500884e-6,-3.378268962673571,動いた窓,500
var_ask_depth,生,符号つき,閉場日,500ms,sub,851495.0,-3.8058905425278036e-11,-0.001486408869528778,2.2094113274138197e-6,-1.3716057873837104,動いた窓,500
var_ask_depth,生,符号つき,閉場日,1s,full,3775983.0,-8.086757804906825e-11,-0.00173141005830158,2.9977807899878805e-6,-3.3644609135536685,動いた窓,1000
var_ask_depth,生,符号つき,閉場日,1s,sub,468497.0,-1.755429596574358e-10,-0.004063481502835465,0.00001651188192388597,-2.7813417365668136,動いた窓,1000
var_ask_depth,生,符号つき,閉場日,3s,full,3775803.0,-1.3690062883569906e-10,-0.0019244517534565523,3.703514551381999e-6,-3.7394900368601944,動いた窓,3000
var_ask_depth,生,符号つき,閉場日,3s,sub,149232.0,-8.196754324401377e-11,-0.0018220303137700554,3.3197944642970064e-6,-0.7038569262155471,動いた窓,3000
var_ask_depth,生,符号つき,閉場日,5s,full,3775636.0,-1.3626851693322825e-10,-0.0018452950419058883,3.405113791682454e-6,-3.5855971864690988,動いた窓,5000
var_ask_depth,生,符号つき,閉場日,5s,sub,93730.0,-2.3758220979920236e-10,-0.002358887301126879,5.564349299417652e-6,-0.7221760402815369,動いた窓,5000
var_ask_depth,生,符号つき,閉場日,10s,full,3775215.0,-1.2375388189125392e-10,-0.001203040144737909,1.447305589851009e-6,-2.337497547742813,動いた窓,10000
var_ask_depth,生,符号つき,閉場日,10s,sub,47766.0,-1.178019868105412e-10,-0.0011866571928561725,1.4081552933572913e-6,-0.25934383382558024,動いた窓,10000
var_ask_depth,生,符号つき,閉場日,30s,full,3773523.0,-1.702614447599454e-10,-0.0009822625609973664,9.64839738737105e-7,-1.9081002407086456,動いた窓,30000
var_ask_depth,生,符号つき,閉場日,30s,sub,15179.0,1.0940051903742656e-9,0.011525637324732609,0.00013284031574126946,1.4199948342402664,動いた窓,30000
var_ask_depth,生,符号つき,閉場日,50s,full,3771868.0,-3.8793150555943777e-10,-0.0017173034790715382,2.949131239231209e-6,-3.335230225370373,動いた窓,50000
var_ask_depth,生,符号つき,閉場日,50s,sub,9506.0,2.9364113579920585e-8,0.005238245243247652,0.00002743921322840665,0.5106754726632015,動いた窓,50000
var_ask_depth,生,符号つき,閉場日,100s,full,3768003.0,-1.4492443770526005e-9,-0.002249785157309166,5.0615332540486285e-6,-4.367145394435895,動いた窓,100000
var_ask_depth,生,符号つき,閉場日,100s,sub,4747.0,4.227831402519971e-9,0.0005588316527168669,3.122928160782649e-7,0.0384945434452234,動いた窓,100000
var_ask_depth,生,絶対値,立会日,10ms,full,20505292.0,5.995213670864456e-14,0.00018104461202676344,3.2777151543921295e-8,0.8198201143005349,動いた窓,10
var_ask_depth,生,絶対値,立会日,10ms,sub,20505292.0,5.995213670864456e-14,0.00018104461202676344,3.2777151543921295e-8,0.8198201143005349,動いた窓,10
var_ask_depth,生,絶対値,立会日,20ms,full,20505292.0,1.4494939207995643e-13,0.0003162184129765826,9.999408470542855e-8,1.4319245476623548,動いた窓,20
var_ask_depth,生,絶対値,立会日,20ms,sub,20505292.0,1.4494939207995643e-13,0.0003162184129765826,9.999408470542855e-8,1.4319245476623548,動いた窓,20
var_ask_depth,生,絶対値,立会日,50ms,full,20505292.0,2.223214188663159e-13,0.0002890367302245722,8.354223141891213e-8,1.3088383496843978,動いた窓,50
var_ask_depth,生,絶対値,立会日,50ms,sub,20505292.0,2.223214188663159e-13,0.0002890367302245722,8.354223141891213e-8,1.3088383496843978,動いた窓,50
var_ask_depth,生,絶対値,立会日,100ms,full,20505292.0,3.410811491689391e-13,0.00005518847493521591,3.0457677656749548e-9,0.24990868631970045,動いた窓,100
var_ask_depth,生,絶対値,立会日,100ms,sub,20505292.0,3.410811491689391e-13,0.00005518847493521591,3.0457677656749548e-9,0.24990868631970045,動いた窓,100
var_ask_depth,生,絶対値,立会日,500ms,full,20505169.0,2.803034917403267e-13,0.00002027684918653666,4.1115061293355246e-10,0.0918189086398937,動いた窓,500
var_ask_depth,生,絶対値,立会日,500ms,sub,4411133.0,4.620761568147519e-13,0.00003625309329489983,1.3142867734487109e-9,0.07614125778360345,動いた窓,500
var_ask_depth,生,絶対値,立会日,1s,full,20505026.0,1.642732157428375e-13,8.013104814799805e-6,6.420984877296782e-11,0.036285320588505414,動いた窓,1000
var_ask_depth,生,絶対値,立会日,1s,sub,2311028.0,-5.63773871854339e-13,-0.000022434714655144683,5.033164216577636e-10,-0.03410538575157157,動いた窓,1000
var_ask_depth,生,絶対値,立会日,3s,full,20504457.0,-2.2871762846381977e-12,-0.00011856463760760601,1.405757329102294e-8,-0.5368825597902926,動いた窓,3000
var_ask_depth,生,絶対値,立会日,3s,sub,769666.0,4.577820277621479e-12,0.00012499242482799558,1.5623106264382125e-8,0.10965647563062617,動いた窓,3000
var_ask_depth,生,絶対値,立会日,5s,full,20503915.0,-3.8314741297815264e-12,-0.00021404290963225944,4.5814367163843585e-8,-0.9692130011067348,動いた窓,5000
var_ask_depth,生,絶対値,立会日,5s,sub,464483.0,-1.931810858081182e-11,-0.0015054028402518255,2.266237711438263e-6,-1.0259759957957006,動いた窓,5000
var_ask_depth,生,絶対値,立会日,10s,full,20502577.0,-3.7531830865732606e-12,-0.0001778293548672947,3.162327945251823e-8,-0.805207227503853,動いた窓,10000
var_ask_depth,生,絶対値,立会日,10s,sub,229278.0,-8.067514747603329e-12,-0.00036618434067840587,1.3409097135807882e-7,-0.17533923026968895,動いた窓,10000
var_ask_depth,生,絶対値,立会日,30s,full,20497353.0,3.5655419780704954e-11,0.0015421743923963473,2.378301856563043e-6,6.982048687725601,動いた窓,30000
var_ask_depth,生,絶対値,立会日,30s,sub,78208.0,7.04182256947692e-10,0.002889261451946265,8.347831737702639e-6,0.8079950363774722,動いた窓,30000
var_ask_depth,生,絶対値,立会日,50s,full,20491896.0,4.599479429834394e-11,0.0014867815512899093,2.210519381256029e-6,6.730366184493457,動いた窓,50000
var_ask_depth,生,絶対値,立会日,50s,sub,45914.0,7.049869749137192e-10,0.002229338808580855,4.969951523444706e-6,0.4776835232616124,動いた窓,50000
var_ask_depth,生,絶対値,立会日,100s,full,20479281.0,5.848902672799575e-11,0.001526958165324519,2.331601238651221e-6,6.91011024631051,動いた窓,100000
var_ask_depth,生,絶対値,立会日,100s,sub,22637.0,1.1284564659712084e-8,0.01077333540878467,0.00011606475583017355,1.6209351314345282,動いた窓,100000
var_ask_depth,生,絶対値,閉場日,10ms,full,3776077.0,1.8413752340295933e-12,0.0006258396201104648,3.916752301000109e-7,1.2161396399204532,動いた窓,10
var_ask_depth,生,絶対値,閉場日,10ms,sub,3776077.0,1.8413752340295933e-12,0.0006258396201104648,3.916752301000109e-7,1.2161396399204532,動いた窓,10
var_ask_depth,生,絶対値,閉場日,20ms,full,3776077.0,2.8997067708995875e-12,0.0006960438341686175,4.844770190841498e-7,1.352561438956218,動いた窓,20
var_ask_depth,生,絶対値,閉場日,20ms,sub,3776077.0,2.8997067708995875e-12,0.0006960438341686175,4.844770190841498e-7,1.352561438956218,動いた窓,20
var_ask_depth,生,絶対値,閉場日,50ms,full,3776077.0,1.0329357177226762e-11,0.001427294529054974,2.03716967267026e-6,2.7735394611757616,動いた窓,50
var_ask_depth,生,絶対値,閉場日,50ms,sub,3776077.0,1.0329357177226762e-11,0.001427294529054974,2.03716967267026e-6,2.7735394611757616,動いた窓,50
var_ask_depth,生,絶対値,閉場日,100ms,full,3776077.0,2.2744060738378074e-11,0.0021073323309737215,4.440849553167139e-6,4.095003717376577,動いた窓,100
var_ask_depth,生,絶対値,閉場日,100ms,sub,3776077.0,2.2744060738378074e-11,0.0021073323309737215,4.440849553167139e-6,4.095003717376577,動いた窓,100
var_ask_depth,生,絶対値,閉場日,500ms,full,3776038.0,5.471244150270759e-11,0.0017183920817118285,2.9528713464899113e-6,3.3391887387156847,動いた窓,500
var_ask_depth,生,絶対値,閉場日,500ms,sub,851495.0,4.415252155521768e-11,0.001808094893899876,3.269207145346804e-6,1.668447212337673,動いた窓,500
var_ask_depth,生,絶対値,閉場日,1s,full,3775983.0,8.043494488415813e-11,0.0017809777443738024,3.171881725954797e-6,3.4607807097662007,動いた窓,1000
var_ask_depth,生,絶対値,閉場日,1s,sub,468497.0,1.432419929760935e-10,0.003503666312848082,0.000012275677631786473,2.3981585000873955,動いた窓,1000
var_ask_depth,生,絶対値,閉場日,3s,full,3775803.0,1.0225029054128865e-10,0.0015194431749158935,2.3087075617984906e-6,2.9524973236406566,動いた窓,3000
var_ask_depth,生,絶対値,閉場日,3s,sub,149232.0,3.157750431769201e-11,0.0007541172291505259,5.686927953016668e-7,0.29131782318559335,動いた窓,3000
var_ask_depth,生,絶対値,閉場日,5s,full,3775636.0,1.075091487164274e-10,0.001601304412245661,2.5641758206774217e-6,3.1114971051530596,動いた窓,5000
var_ask_depth,生,絶対値,閉場日,5s,sub,93730.0,2.996904248397497e-11,0.00032893472418069725,1.0819805277183138e-7,0.10070346661091177,動いた窓,5000
var_ask_depth,生,絶対値,閉場日,10s,full,3775215.0,1.1958879166883315e-10,0.0012922958618614665,1.6700285945842705e-6,2.5109209843632962,動いた窓,10000
var_ask_depth,生,絶対値,閉場日,10s,sub,47766.0,2.0245771774563227e-11,0.00022764782289002065,5.1823531266566206e-8,0.049752379598316875,動いた窓,10000
var_ask_depth,生,絶対値,閉場日,30s,full,3773523.0,2.935611495563018e-10,0.0019333334754716922,3.737778327379452e-6,3.755614161721151,動いた窓,30000
var_ask_depth,生,絶対値,閉場日,30s,sub,15179.0,7.290318302229683e-10,0.008813858738389092,0.00007768410586027776,1.0858652182590873,動いた窓,30000
var_ask_depth,生,絶対値,閉場日,50s,full,3771868.0,5.587982694862539e-10,0.002865601924042859,8.211674387078135e-6,5.565392148692186,動いた窓,50000
var_ask_depth,生,絶対値,閉場日,50s,sub,9506.0,3.716493600211993e-8,0.006778543688930333,0.000045948654542737245,0.6608449737195823,動いた窓,50000
var_ask_depth,生,絶対値,閉場日,100s,full,3768003.0,2.915346403623414e-9,0.005275949144472421,0.000027835639375059276,10.241466526591319,動いた窓,100000
var_ask_depth,生,絶対値,閉場日,100s,sub,4747.0,-6.438979151762047e-9,-0.0008704844951125575,7.577432562313643e-7,-0.05996244220576339,動いた窓,100000
var_bid_depth,log1p,二乗,立会日,10ms,full,58751447.0,-3.0402298895328025e-11,-0.00028979745227055256,8.398256334250318e-8,-2.221282819803511,全窓,10
var_bid_depth,log1p,二乗,立会日,10ms,sub,58751447.0,-3.0402298895328025e-11,-0.00028979745227055256,8.398256334250318e-8,-2.221282819803511,全窓,10
var_bid_depth,log1p,二乗,立会日,20ms,full,58751447.0,-7.532824093233765e-11,-0.0005564151979824215,3.0959787254581726e-7,-4.264894841888818,全窓,20
var_bid_depth,log1p,二乗,立会日,20ms,sub,58751447.0,-7.532824093233765e-11,-0.0005564151979824215,3.0959787254581726e-7,-4.264894841888818,全窓,20
var_bid_depth,log1p,二乗,立会日,50ms,full,58751447.0,-6.919139439192604e-11,-0.0003451781859369381,1.1914798004671542e-7,-2.645773389885362,全窓,50
var_bid_depth,log1p,二乗,立会日,50ms,sub,58751447.0,-6.919139439192604e-11,-0.0003451781859369381,1.1914798004671542e-7,-2.645773389885362,全窓,50
var_bid_depth,log1p,二乗,立会日,100ms,full,58751447.0,2.1150505531205912e-7,0.00035187119264106615,1.238133362106463e-7,2.697074955074647,全窓,100
var_bid_depth,log1p,二乗,立会日,100ms,sub,58751447.0,2.1150505531205912e-7,0.00035187119264106615,1.238133362106463e-7,2.697074955074647,全窓,100
var_bid_depth,log1p,二乗,立会日,500ms,full,58751175.0,8.296355598070041e-7,0.0006172599824710034,3.8100988596010343e-7,4.731256308167753,全窓,500
var_bid_depth,log1p,二乗,立会日,500ms,sub,11750217.0,1.085538860545466e-6,0.0008179224477959371,6.689971306084974e-7,2.8037234845699937,全窓,500
var_bid_depth,log1p,二乗,立会日,1s,full,58750835.0,1.072664075498216e-6,0.0005643378210534541,3.184771762713604e-7,4.325598843674101,全窓,1000
var_bid_depth,log1p,二乗,立会日,1s,sub,5875059.0,-3.4511775515609607e-7,-0.0001824302869182258,3.328080958506619e-8,-0.4421839660432021,全窓,1000
var_bid_depth,log1p,二乗,立会日,3s,full,58749475.0,1.3471442052821197e-6,0.0007088723269980069,5.024999759835693e-7,5.433380495249942,全窓,3000
var_bid_depth,log1p,二乗,立会日,3s,sub,1958288.0,-1.0323879476462036e-6,-0.0003143761089592912,9.883233788438412e-8,-0.43993408910252413,全窓,3000
var_bid_depth,log1p,二乗,立会日,5s,full,58748115.0,3.967409597284362e-7,0.000208816358101781,4.360427141089124e-8,1.6005214074886374,全窓,5000
var_bid_depth,log1p,二乗,立会日,5s,sub,1174933.0,1.1551930057852597e-8,0.00021301181344569439,4.537403266742331e-8,0.23089252910157085,全窓,5000
var_bid_depth,log1p,二乗,立会日,10s,full,58744715.0,6.941344240317277e-7,0.000365783280916329,1.3379740859791406e-7,2.8035497890819236,全窓,10000
var_bid_depth,log1p,二乗,立会日,10s,sub,587414.0,2.8258411770463484e-8,0.0003574085939758432,1.2774090304778915e-7,0.2739279995297021,全窓,10000
var_bid_depth,log1p,二乗,立会日,30s,full,58731115.0,3.394013775745644e-7,0.00017892971234387012,3.2015841959460106e-8,1.3712498284818184,全窓,30000
var_bid_depth,log1p,二乗,立会日,30s,sub,195734.0,1.9587479591858092e-7,0.002699445223615139,7.287004515298588e-6,1.1942823624748318,全窓,30000
var_bid_depth,log1p,二乗,立会日,50s,full,58717515.0,9.091682229716098e-7,0.0004785045351623978,2.2896659017098237e-7,3.6666540351167196,全窓,50000
var_bid_depth,log1p,二乗,立会日,50s,sub,117398.0,1.2846540223545579e-6,0.013673485553000318,0.00018696420716810843,4.6853980067265235,全窓,50000
var_bid_depth,log1p,二乗,立会日,100s,full,58683515.0,1.7573157385553415e-6,0.0009223883539065735,8.508002754224783e-7,7.065974207560308,全窓,100000
var_bid_depth,log1p,二乗,立会日,100s,sub,58646.0,2.8421382796342277e-6,0.0214896809523928,0.00046180638743563397,5.2052556405969925,全窓,100000
var_bid_depth,log1p,二乗,閉場日,10ms,full,26766525.0,8.412252957387085e-11,0.0007967565568002511,6.348210108041917e-7,4.122130756469052,全窓,10
var_bid_depth,log1p,二乗,閉場日,10ms,sub,26766525.0,8.412252957387085e-11,0.0007967565568002511,6.348210108041917e-7,4.122130756469052,全窓,10
var_bid_depth,log1p,二乗,閉場日,20ms,full,26766525.0,1.519398494847473e-10,0.0007415204578618684,5.49852589427675e-7,3.836358960533206,全窓,20
var_bid_depth,log1p,二乗,閉場日,20ms,sub,26766525.0,1.519398494847473e-10,0.0007415204578618684,5.49852589427675e-7,3.836358960533206,全窓,20
var_bid_depth,log1p,二乗,閉場日,50ms,full,26766525.0,4.108792344459882e-10,0.0011965923453335554,1.4318332409108587e-6,6.190739232949097,全窓,50
var_bid_depth,log1p,二乗,閉場日,50ms,sub,26766525.0,4.108792344459882e-10,0.0011965923453335554,1.4318332409108587e-6,6.190739232949097,全窓,50
var_bid_depth,log1p,二乗,閉場日,100ms,full,26766525.0,-1.1196790236683371e-9,-0.000025109951659483628,6.305096723416046e-10,-0.12990978276132578,全窓,100
var_bid_depth,log1p,二乗,閉場日,100ms,sub,26766525.0,-1.1196790236683371e-9,-0.000025109951659483628,6.305096723416046e-10,-0.12990978276132578,全窓,100
var_bid_depth,log1p,二乗,閉場日,500ms,full,26766401.0,-5.562492844356038e-9,-0.000055760215275579624,3.1092016075789833e-9,-0.28848246230690505,全窓,500
var_bid_depth,log1p,二乗,閉場日,500ms,sub,5353266.0,-5.817866661887319e-9,-0.000059483152183933166,3.538245393736953e-9,-0.13762689328934347,全窓,500
var_bid_depth,log1p,二乗,閉場日,1s,full,26766246.0,-1.4913070834150986e-9,-0.000010568459812408473,1.1169234280649294e-10,-0.0546770930173153,全窓,1000
var_bid_depth,log1p,二乗,閉場日,1s,sub,2676607.0,-1.0130639281772904e-8,-0.00007355731561835705,5.4106786809785945e-9,-0.12034221906404877,全窓,1000
var_bid_depth,log1p,二乗,閉場日,3s,full,26765626.0,5.384921390061131e-8,0.00038132583643674285,1.4540939353418156e-7,1.9728085865925953,全窓,3000
var_bid_depth,log1p,二乗,閉場日,3s,sub,892165.0,3.792595754562877e-8,0.0031200756494104372,9.734872058043962e-6,2.9470624711752555,全窓,3000
var_bid_depth,log1p,二乗,閉場日,5s,full,26765006.0,4.958884292952257e-8,0.0003511154491593094,1.232820586383436e-7,1.8164925541742674,全窓,5000
var_bid_depth,log1p,二乗,閉場日,5s,sub,535278.0,-3.474524724700634e-8,-0.00011288636304729332,1.274333096204531e-8,-0.08259055218948816,全窓,5000
var_bid_depth,log1p,二乗,閉場日,10s,full,26763456.0,1.1858567878801115e-7,0.0008391286143156813,7.041368313633554e-7,4.341099741478073,全窓,10000
var_bid_depth,log1p,二乗,閉場日,10s,sub,267610.0,-6.394026836258702e-8,-0.00014655098243655974,2.1477190453120843e-8,-0.0758120577891026,全窓,10000
var_bid_depth,log1p,二乗,閉場日,30s,full,26757256.0,3.657785058110747e-7,0.002577402329946287,6.64300277041255e-6,13.332280121657249,全窓,30000
var_bid_depth,log1p,二乗,閉場日,30s,sub,89165.0,3.3435142439352246e-7,0.03353353443994554,0.0011244979320350137,10.018806428949764,全窓,30000
var_bid_depth,log1p,二乗,閉場日,50s,full,26751056.0,6.253361986059705e-7,0.004380962491183453,0.000019192832349156326,22.65917802837032,全窓,50000
var_bid_depth,log1p,二乗,閉場日,50s,sub,53477.0,2.4283240248550075e-7,0.0002466023610365855,6.081272446881846e-8,0.05702596460149232,全窓,50000
var_bid_depth,log1p,二乗,閉場日,100s,full,26735556.0,1.4479130979629173e-6,0.010032124336584356,0.00010064351870468811,51.8751488086002,全窓,100000
var_bid_depth,log1p,二乗,閉場日,100s,sub,26709.0,0.000038010427322236255,0.02682999870221377,0.0007198488303607926,4.386211551828655,全窓,100000
var_bid_depth,log1p,符号つき,立会日,10ms,full,58751447.0,1.6693538878614127e-7,0.007380492405621748,0.000054471668149440296,56.57263958777696,全窓,10
var_bid_depth,log1p,符号つき,立会日,10ms,sub,58751447.0,1.6693538878614127e-7,0.007380492405621748,0.000054471668149440296,56.57263958777696,全窓,10
var_bid_depth,log1p,符号つき,立会日,20ms,full,58751447.0,3.4813344848913166e-7,0.010947676819679892,0.00011985162774815642,83.91841482634166,全窓,20
var_bid_depth,log1p,符号つき,立会日,20ms,sub,58751447.0,3.4813344848913166e-7,0.010947676819679892,0.00011985162774815642,83.91841482634166,全窓,20
var_bid_depth,log1p,符号つき,立会日,50ms,full,58751447.0,9.790626600290515e-7,0.0196166215972175,0.00038481184288842,150.38934501811713,全窓,50
var_bid_depth,log1p,符号つき,立会日,50ms,sub,58751447.0,9.790626600290515e-7,0.0196166215972175,0.00038481184288842,150.38934501811713,全窓,50
var_bid_depth,log1p,符号つき,立会日,100ms,full,58751447.0,1.9760476881978872e-6,0.006247626477895777,0.00003903283660730439,47.8886736933766,全窓,100
var_bid_depth,log1p,符号つき,立会日,100ms,sub,58751447.0,1.9760476881978872e-6,0.006247626477895777,0.00003903283660730439,47.8886736933766,全窓,100
var_bid_depth,log1p,符号つき,立会日,500ms,full,58751175.0,8.502050640388874e-6,0.01204475436999752,0.00014507610783357435,92.32891329037305,全窓,500
var_bid_depth,log1p,符号つき,立会日,500ms,sub,11750217.0,8.313629209953078e-6,0.011926869989299154,0.0001422502277416448,40.886532754524026,全窓,500
var_bid_depth,log1p,符号つき,立会日,1s,full,58750835.0,0.000011354017738672859,0.011378908326896187,0.0001294795547119074,87.22394612959415,全窓,1000
var_bid_depth,log1p,符号つき,立会日,1s,sub,5875059.0,0.000011713476740291863,0.011794164673503997,0.00013910232034572965,28.589294426984154,全窓,1000
var_bid_depth,log1p,符号つき,立会日,3s,full,58749475.0,0.00001263263179338301,0.011938235445259068,0.00014252146554643997,91.51095291311113,全窓,3000
var_bid_depth,log1p,符号つき,立会日,3s,sub,1958288.0,0.000012767153555830528,0.007437835362951933,0.00005532139488637831,10.40870341049315,全窓,3000
var_bid_depth,log1p,符号つき,立会日,5s,full,58748115.0,0.00001348500591025308,0.012161363164679808,0.00014789875402323086,93.22048038205466,全窓,5000
var_bid_depth,log1p,符号つき,立会日,5s,sub,1174933.0,0.000014182195919580348,0.02546806270590713,0.0006486222179920176,27.614868787901933,全窓,5000
var_bid_depth,log1p,符号つき,立会日,10s,full,58744715.0,0.000013710305266833248,0.011275276210625096,0.00012713185362588824,86.42496072917218,全窓,10000
var_bid_depth,log1p,符号つき,立会日,10s,sub,587414.0,0.000013736094406616692,0.017373261375896704,0.0003018302108352242,13.317365282386428,全窓,10000
var_bid_depth,log1p,符号つき,立会日,30s,full,58731115.0,0.00001320951550459544,0.008335876559231896,0.00006948683801075179,63.88523251462504,全窓,30000
var_bid_depth,log1p,符号つき,立会日,30s,sub,195734.0,0.000013560959956920762,0.01074617607471338,0.00011548030022874226,4.75455577830548,全窓,30000
var_bid_depth,log1p,符号つき,立会日,50s,full,58717515.0,0.000012046925801286973,0.006422846339113255,0.000041252955095860545,49.21758686776303,全窓,50000
var_bid_depth,log1p,符号つき,立会日,50s,sub,117398.0,0.000013303249071838252,0.008263942835858263,0.0000682927511943331,2.83157966156578,全窓,50000
var_bid_depth,log1p,符号つき,立会日,100s,full,58683515.0,9.71281805376202e-6,0.003967988151498253,0.00001574492997043052,30.397077995117456,全窓,100000
var_bid_depth,log1p,符号つき,立会日,100s,sub,58646.0,6.465360775318302e-6,0.002833033182370837,8.026077012414233e-6,0.6860648934833967,全窓,100000
var_bid_depth,log1p,符号つき,閉場日,10ms,full,26766525.0,1.244459035862911e-7,0.003732326626166287,0.00001393026204438982,19.309838776702264,全窓,10
var_bid_depth,log1p,符号つき,閉場日,10ms,sub,26766525.0,1.244459035862911e-7,0.003732326626166287,0.00001393026204438982,19.309838776702264,全窓,10
var_bid_depth,log1p,符号つき,閉場日,20ms,full,26766525.0,2.657853916934893e-7,0.005522802076066748,0.00003050134277140718,28.57341063527074,全窓,20
var_bid_depth,log1p,符号つき,閉場日,20ms,sub,26766525.0,2.657853916934893e-7,0.005522802076066748,0.00003050134277140718,28.57341063527074,全窓,20
var_bid_depth,log1p,符号つき,閉場日,50ms,full,26766525.0,7.048753850201039e-7,0.009220767180027718,0.00008502254738827631,47.70693322127536,全窓,50
var_bid_depth,log1p,符号つき,閉場日,50ms,sub,26766525.0,7.048753850201039e-7,0.009220767180027718,0.00008502254738827631,47.70693322127536,全窓,50
var_bid_depth,log1p,符号つき,閉場日,100ms,full,26766525.0,1.4683677292513652e-6,0.0073353390857751714,0.000053807199503300925,37.95140500787879,全窓,100
var_bid_depth,log1p,符号つき,閉場日,100ms,sub,26766525.0,1.4683677292513652e-6,0.0073353390857751714,0.000053807199503300925,37.95140500787879,全窓,100
var_bid_depth,log1p,符号つき,閉場日,500ms,full,26766401.0,6.801677964796608e-6,0.015431634114129386,0.00023813533143236186,79.84700081587052,全窓,500
var_bid_depth,log1p,符号つき,閉場日,500ms,sub,5353266.0,6.941090898808954e-6,0.016050589193965313,0.0002576214134734361,37.141228030301455,全窓,500
var_bid_depth,log1p,符号つき,閉場日,1s,full,26766246.0,9.459210330098968e-6,0.01531277575706971,0.0002344811013863018,79.23162476855967,全窓,1000
var_bid_depth,log1p,符号つき,閉場日,1s,sub,2676607.0,9.123137940215134e-6,0.015106739922814838,0.00022821359109556765,24.717950405850623,全窓,1000
var_bid_depth,log1p,符号つき,閉場日,3s,full,26765626.0,0.000011744831672911752,0.015683377592241893,0.0002459683327008351,81.14872542986609,全窓,3000
var_bid_depth,log1p,符号つき,閉場日,3s,sub,892165.0,0.000010931730733821479,0.018989138555864118,0.0003605873830938052,17.93930782526211,全窓,3000
var_bid_depth,log1p,符号つき,閉場日,5s,full,26765006.0,0.000012209437744019712,0.014434789088594507,0.00020836313603220702,74.68602559670364,全窓,5000
var_bid_depth,log1p,符号つき,閉場日,5s,sub,535278.0,0.000011108703000772417,0.008848536694423636,0.00007829660163256156,6.4740693096253255,全窓,5000
var_bid_depth,log1p,符号つき,閉場日,10s,full,26763456.0,0.000013309772195790527,0.012784155671629273,0.0001634346362364509,66.14219803720073,全窓,10000
var_bid_depth,log1p,符号つき,閉場日,10s,sub,267610.0,0.000011027094207558715,0.006307666011946228,0.00003978665051826163,3.2630736440057064,全窓,10000
var_bid_depth,log1p,符号つき,閉場日,30s,full,26757256.0,0.00001820532103226091,0.011437958500246474,0.00013082689465336057,59.16947252336729,全窓,30000
var_bid_depth,log1p,符号つき,閉場日,30s,sub,89165.0,9.546256142950545e-6,0.0066083292714472506,0.00004367001575986655,1.9733017160915913,全窓,30000
var_bid_depth,log1p,符号つき,閉場日,50s,full,26751056.0,0.000020046691585972515,0.01010115281364606,0.00010203328816462972,52.24726336914535,全窓,50000
var_bid_depth,log1p,符号つき,閉場日,50s,sub,53477.0,0.000020184147559674493,0.00518690923835887,0.000026904027446972594,1.1994713733143667,全窓,50000
var_bid_depth,log1p,符号つき,閉場日,100s,full,26735556.0,0.00002220963655395425,0.00825976515970188,0.00006822372049342504,42.7097578056662,全窓,100000
var_bid_depth,log1p,符号つき,閉場日,100s,sub,26709.0,-0.0001315297663834695,-0.023614558920491108,0.0005576473930093462,-3.860232978877137,全窓,100000
var_bid_depth,log1p,絶対値,立会日,10ms,full,58751447.0,2.40886548996974e-7,0.010676549316289927,0.00011398870530317091,81.83987182148984,全窓,10
var_bid_depth,log1p,絶対値,立会日,10ms,sub,58751447.0,2.40886548996974e-7,0.010676549316289927,0.00011398870530317091,81.83987182148984,全窓,10
var_bid_depth,log1p,絶対値,立会日,20ms,full,58751447.0,5.246623582432531e-7,0.01658134768579336,0.0002749410910771648,127.11266178767514,全窓,20
var_bid_depth,log1p,絶対値,立会日,20ms,sub,58751447.0,5.246623582432531e-7,0.01658134768579336,0.0002749410910771648,127.11266178767514,全窓,20
var_bid_depth,log1p,絶対値,立会日,50ms,full,58751447.0,1.7631125416038883e-6,0.03577179357255006,0.0012796212153971338,274.36457519445554,全窓,50
var_bid_depth,log1p,絶対値,立会日,50ms,sub,58751447.0,1.7631125416038883e-6,0.03577179357255006,0.0012796212153971338,274.36457519445554,全窓,50
var_bid_depth,log1p,絶対値,立会日,100ms,full,58751447.0,3.987653578753618e-6,0.012621927776634002,0.00015931306079856495,96.75414160038517,全窓,100
var_bid_depth,log1p,絶対値,立会日,100ms,sub,58751447.0,3.987653578753618e-6,0.012621927776634002,0.00015931306079856495,96.75414160038517,全窓,100
var_bid_depth,log1p,絶対値,立会日,500ms,full,58751175.0,0.000013689806003024179,0.019447797560808316,0.0003782168299661819,149.09423135970513,全窓,500
var_bid_depth,log1p,絶対値,立会日,500ms,sub,11750217.0,0.000013763048808246909,0.019799469795557387,0.0003920190041851893,67.88309105766717,全窓,500
var_bid_depth,log1p,絶対値,立会日,1s,full,58750835.0,0.000020851539055619753,0.02097517971498275,0.00043995816407582384,160.80822624615547,全窓,1000
var_bid_depth,log1p,絶対値,立会日,1s,sub,5875059.0,0.00002004864205866143,0.020262429643056225,0.0004105660550398036,49.12320946707366,全窓,1000
var_bid_depth,log1p,絶対値,立会日,3s,full,58749475.0,0.00003498430872466155,0.03354175692704234,0.0011250494577527926,257.2362879452903,全窓,3000
var_bid_depth,log1p,絶対値,立会日,3s,sub,1958288.0,0.00003346443989796262,0.019602840509358736,0.00038427135603535587,27.437246530245414,全窓,3000
var_bid_depth,log1p,絶対値,立会日,5s,full,58748115.0,0.000043070639231026495,0.03981091558927991,0.0015849090000567704,305.3820866069093,全窓,5000
var_bid_depth,log1p,絶対値,立会日,5s,sub,1174933.0,0.00004249445846682014,0.08471774470682615,0.00717709626821097,92.1604683983585,全窓,5000
var_bid_depth,log1p,絶対値,立会日,10s,full,58744715.0,0.00005893765946820654,0.05082193881809374,0.0025828694652300635,390.02927952517706,全窓,10000
var_bid_depth,log1p,絶対値,立会日,10s,sub,587414.0,0.000058390461556127406,0.08334016738492993,0.006945583499748138,64.09722856721086,全窓,10000
var_bid_depth,log1p,絶対値,立会日,30s,full,58731115.0,0.00009622488643638066,0.0673170423967294,0.004531584197043064,517.0653074629563,全窓,30000
var_bid_depth,log1p,絶対値,立会日,30s,sub,195734.0,0.00009363002619929344,0.08857411801630877,0.007845374382366993,39.34124256187465,全窓,30000
var_bid_depth,log1p,絶対値,立会日,50s,full,58717515.0,0.000120314151350318,0.07332098171046023,0.005375966358985643,563.3556093227854,全窓,50000
var_bid_depth,log1p,絶対値,立会日,50s,sub,117398.0,0.00012456346219304846,0.09388694415993133,0.008814758283690063,32.311300635016295,全窓,50000
var_bid_depth,log1p,絶対値,立会日,100s,full,58683515.0,0.000163681367318875,0.07948822224968048,0.0063183774764146,610.853697952882,全窓,100000
var_bid_depth,log1p,絶対値,立会日,100s,sub,58646.0,0.0001802431539170887,0.09794123641582476,0.00959248579066048,23.83254443790069,全窓,100000
var_bid_depth,log1p,絶対値,閉場日,10ms,full,26766525.0,3.899015551551697e-7,0.011700996537795131,0.00013691331997749365,60.5408568013917,全窓,10
var_bid_depth,log1p,絶対値,閉場日,10ms,sub,26766525.0,3.899015551551697e-7,0.011700996537795131,0.00013691331997749365,60.5408568013917,全窓,10
var_bid_depth,log1p,絶対値,閉場日,20ms,full,26766525.0,7.917346090841666e-7,0.01647099152090399,0.00027129356168169115,85.22649772494124,全窓,20
var_bid_depth,log1p,絶対値,閉場日,20ms,sub,26766525.0,7.917346090841666e-7,0.01647099152090399,0.00027129356168169115,85.22649772494124,全窓,20
var_bid_depth,log1p,絶対値,閉場日,50ms,full,26766525.0,2.20591385916698e-6,0.028940052029399133,0.0008375266114643289,149.7880717767215,全窓,50
var_bid_depth,log1p,絶対値,閉場日,50ms,sub,26766525.0,2.20591385916698e-6,0.028940052029399133,0.0008375266114643289,149.7880717767215,全窓,50
var_bid_depth,log1p,絶対値,閉場日,100ms,full,26766525.0,4.496992686612978e-6,0.022501085646008494,0.0005062988552490095,116.44193712190211,全窓,100
var_bid_depth,log1p,絶対値,閉場日,100ms,sub,26766525.0,4.496992686612978e-6,0.022501085646008494,0.0005062988552490095,116.44193712190211,全窓,100
var_bid_depth,log1p,絶対値,閉場日,500ms,full,26766401.0,0.0000159251943329332,0.03630376215031848,0.001317963146266897,187.94595699916806,全窓,500
var_bid_depth,log1p,絶対値,閉場日,500ms,sub,5353266.0,0.000015924376823337598,0.03699892231943035,0.001368920252799241,85.66351013931376,全窓,500
var_bid_depth,log1p,絶対値,閉場日,1s,full,26766246.0,0.000023907216473793816,0.038959474831010116,0.0015178406791081108,201.71428522200995,全窓,1000
var_bid_depth,log1p,絶対値,閉場日,1s,sub,2676607.0,0.00002263182545048559,0.03772559253709013,0.0014232203322745505,61.76429387792715,全窓,1000
var_bid_depth,log1p,絶対値,閉場日,3s,full,26765626.0,0.00004133305242650952,0.05637202409411586,0.0031778051004675793,292.1080096882992,全窓,3000
var_bid_depth,log1p,絶対値,閉場日,3s,sub,892165.0,0.000038526927175747125,0.0692986813980614,0.004802307243510022,65.61337762831022,全窓,3000
var_bid_depth,log1p,絶対値,閉場日,5s,full,26765006.0,0.00005177133779234004,0.0632343313268135,0.0039985806583492265,327.79823295819443,全窓,5000
var_bid_depth,log1p,絶対値,閉場日,5s,sub,535278.0,0.00004880196071619005,0.039425157461298384,0.0015543430408481715,28.86689723716763,全窓,5000
var_bid_depth,log1p,絶対値,閉場日,10s,full,26763456.0,0.00007066585090096673,0.07149894981863182,0.005112099825167232,370.83752084829376,全窓,10000
var_bid_depth,log1p,絶対値,閉場日,10s,sub,267610.0,0.00006669990103492772,0.03882558857546708,0.0015074263282314397,20.099959146240884,全窓,10000
var_bid_depth,log1p,絶対値,閉場日,30s,full,26757256.0,0.00012059031364434754,0.08243212016542648,0.0067950544349673105,427.8561747636192,全窓,30000
var_bid_depth,log1p,絶対値,閉場日,30s,sub,89165.0,0.00010039380801311852,0.07648922710612902,0.005850601863292982,22.90692436308096,全窓,30000
var_bid_depth,log1p,絶対値,閉場日,50s,full,26751056.0,0.00015597915267181556,0.08668298135337553,0.00751393925630965,450.03063750396416,全窓,50000
var_bid_depth,log1p,絶対値,閉場日,50s,sub,53477.0,0.0001510880011681048,0.03975780485079604,0.001580683046553981,9.20113296727241,全窓,50000
var_bid_depth,log1p,絶対値,閉場日,100s,full,26735556.0,0.00022091022252491527,0.09216258282603335,0.008493941673165457,478.57669368946887,全窓,100000
var_bid_depth,log1p,絶対値,閉場日,100s,sub,26709.0,0.0003244632972723359,0.05978533500713656,0.003574286281915548,9.787792576207421,全窓,100000
var_bid_depth,生,二乗,立会日,10ms,full,58751447.0,5.696185786191979e-16,0.00007577103867020571,5.741250301161809e-9,0.580781157783639,全窓,10
var_bid_depth,生,二乗,立会日,10ms,sub,58751447.0,5.696185786191979e-16,0.00007577103867020571,5.741250301161809e-9,0.580781157783639,全窓,10
var_bid_depth,生,二乗,立会日,20ms,full,58751447.0,2.2585227701724854e-15,0.00023280729647345676,5.4199237291279993e-8,1.7844561304067783,全窓,20
var_bid_depth,生,二乗,立会日,20ms,sub,58751447.0,2.2585227701724854e-15,0.00023280729647345676,5.4199237291279993e-8,1.7844561304067783,全窓,20
var_bid_depth,生,二乗,立会日,50ms,full,58751447.0,7.915040088718389e-15,0.0005510301143295456,3.036341868980321e-7,4.223618430703151,全窓,50
var_bid_depth,生,二乗,立会日,50ms,sub,58751447.0,7.915040088718389e-15,0.0005510301143295456,3.036341868980321e-7,4.223618430703151,全窓,50
var_bid_depth,生,二乗,立会日,100ms,full,58751447.0,4.98467017981873e-14,1.1572584076092305e-6,1.339247021982252e-12,0.008870326812102779,全窓,100
var_bid_depth,生,二乗,立会日,100ms,sub,58751447.0,4.98467017981873e-14,1.1572584076092305e-6,1.339247021982252e-12,0.008870326812102779,全窓,100
var_bid_depth,生,二乗,立会日,500ms,full,58751175.0,9.194117065815562e-14,9.54605465454338e-7,9.112715946752933e-13,0.007316985383940769,全窓,500
var_bid_depth,生,二乗,立会日,500ms,sub,11750217.0,3.164742758100352e-13,2.3250131276645063e-6,5.40568604381229e-12,0.007969816386695316,全窓,500
var_bid_depth,生,二乗,立会日,1s,full,58750835.0,1.1239257450036867e-13,8.251785549677401e-7,6.809196475786477e-13,0.006324918695235476,全窓,1000
var_bid_depth,生,二乗,立会日,1s,sub,5875059.0,-1.4154271673478854e-12,-4.8383918358072896e-6,2.3410035556806633e-11,-0.01172754421315415,全窓,1000
var_bid_depth,生,二乗,立会日,3s,full,58749475.0,9.051161745479777e-13,6.64664100983585e-6,4.417783671363172e-11,0.0509453101405868,全窓,3000
var_bid_depth,生,二乗,立会日,3s,sub,1958288.0,-4.423299788408173e-12,-8.633000975386333e-6,7.452870584102138e-11,-0.012080915580264098,全窓,3000
var_bid_depth,生,二乗,立会日,5s,full,58748115.0,1.0396796214244274e-12,7.636736674955217e-6,5.831974704260606e-11,0.058533538160530245,全窓,5000
var_bid_depth,生,二乗,立会日,5s,sub,1174933.0,1.1482705961364375e-13,0.000013597658598612904,1.8489631936443143e-10,0.01473907790356431,全窓,5000
var_bid_depth,生,二乗,立会日,10s,full,58744715.0,1.4394206587680708e-12,0.000010586102470259523,1.1206556551083478e-10,0.0811372878758863,全窓,10000
var_bid_depth,生,二乗,立会日,10s,sub,587414.0,-4.501488280558202e-14,-4.7531206722345535e-6,2.2592156124823455e-11,-0.0036429251452499835,全窓,10000
var_bid_depth,生,二乗,立会日,30s,full,58731115.0,1.992558050831131e-12,0.00001466269138384048,2.1499451861774984e-10,0.11236933465156042,全窓,30000
var_bid_depth,生,二乗,立会日,30s,sub,195734.0,-2.720248603518431e-14,-5.365420092760782e-6,2.878773277180112e-11,-0.002373748198746528,全窓,30000
var_bid_depth,生,二乗,立会日,50s,full,58717515.0,2.6379152474841235e-12,0.00001938259291019363,3.756849079222884e-10,0.14852367983967443,全窓,50000
var_bid_depth,生,二乗,立会日,50s,sub,117398.0,1.2394553186179857e-10,0.0014000576371376871,1.9601613873075637e-6,0.4797036140034686,全窓,50000
var_bid_depth,生,二乗,立会日,100s,full,58683515.0,5.640052802796092e-12,0.00004134175115602448,1.7091403886466517e-9,0.31669916701405265,全窓,100000
var_bid_depth,生,二乗,立会日,100s,sub,58646.0,1.85652099956299e-10,0.0014281018812228189,2.0394749831521543e-6,0.34583697725914087,全窓,100000
var_bid_depth,生,二乗,閉場日,10ms,full,26766525.0,2.1228193700509923e-16,0.000032440941836988,1.0524147072708383e-9,0.16783766709934078,全窓,10
var_bid_depth,生,二乗,閉場日,10ms,sub,26766525.0,2.1228193700509923e-16,0.000032440941836988,1.0524147072708383e-9,0.16783766709934078,全窓,10
var_bid_depth,生,二乗,閉場日,20ms,full,26766525.0,2.1516479444161024e-16,0.000016942978054606127,2.870645053588648e-10,0.08765682339314722,全窓,20
var_bid_depth,生,二乗,閉場日,20ms,sub,26766525.0,2.1516479444161024e-16,0.000016942978054606127,2.870645053588648e-10,0.08765682339314722,全窓,20
var_bid_depth,生,二乗,閉場日,50ms,full,26766525.0,3.065625819432084e-16,0.000014405165840427176,2.0750880289021e-10,0.07452710343503119,全窓,50
var_bid_depth,生,二乗,閉場日,50ms,sub,26766525.0,3.065625819432084e-16,0.000014405165840427176,2.0750880289021e-10,0.07452710343503119,全窓,50
var_bid_depth,生,二乗,閉場日,100ms,full,26766525.0,-3.0869872237526743e-17,-1.1170027864020068e-8,1.247695224829847e-16,-0.00005778967289438337,全窓,100
var_bid_depth,生,二乗,閉場日,100ms,sub,26766525.0,-3.0869872237526743e-17,-1.1170027864020068e-8,1.247695224829847e-16,-0.00005778967289438337,全窓,100
var_bid_depth,生,二乗,閉場日,500ms,full,26766401.0,-1.1860399467948872e-15,-1.918349981426306e-7,3.6800666512383086e-14,-0.0009924824045475166,全窓,500
var_bid_depth,生,二乗,閉場日,500ms,sub,5353266.0,4.124088329206656e-15,4.6048078974298523e-7,2.1204255772232336e-13,0.001065420006721798,全窓,500
var_bid_depth,生,二乗,閉場日,1s,full,26766246.0,5.020327390081662e-15,5.740623436258154e-7,3.295475743691637e-13,0.0029699748795530387,全窓,1000
var_bid_depth,生,二乗,閉場日,1s,sub,2676607.0,-3.5423896347209833e-14,-1.4920813177471074e-6,2.2263066587699443e-12,-0.0024410947409738513,全窓,1000
var_bid_depth,生,二乗,閉場日,3s,full,26765626.0,7.0955651101223045e-15,8.108062218511119e-7,6.574067293924745e-13,0.004194746873650458,全窓,3000
var_bid_depth,生,二乗,閉場日,3s,sub,892165.0,-1.343980086392162e-16,-1.0860760604437385e-7,1.1795612090689911e-14,-0.00010258464149016804,全窓,3000
var_bid_depth,生,二乗,閉場日,5s,full,26765006.0,1.8535612599593753e-14,2.1179767846615365e-6,4.4858256603652205e-12,0.010957332784191429,全窓,5000
var_bid_depth,生,二乗,閉場日,5s,sub,535278.0,-2.5292994972352617e-12,-5.200339202599715e-6,2.704352782209544e-11,-0.0038047012233408594,全窓,5000
var_bid_depth,生,二乗,閉場日,10s,full,26763456.0,1.3728795782498563e-13,0.000015679362956119963,2.4584242270974693e-10,0.08111468654355024,全窓,10000
var_bid_depth,生,二乗,閉場日,10s,sub,267610.0,-2.2873070317217832e-11,-0.000025695685241656458,6.602682400382815e-10,-0.013292594302724703,全窓,10000
var_bid_depth,生,二乗,閉場日,30s,full,26757256.0,6.266604259306652e-13,0.00007130382632917607,5.084235649181302e-9,0.3688362581860132,全窓,30000
var_bid_depth,生,二乗,閉場日,30s,sub,89165.0,1.616796770696253e-10,0.0053002847127397845,0.00002809301803610306,1.5826964769482559,全窓,30000
var_bid_depth,生,二乗,閉場日,50s,full,26751056.0,1.664386146089439e-12,0.00018835819073073073,3.547880801535433e-8,0.9742153472139283,全窓,50000
var_bid_depth,生,二乗,閉場日,50s,sub,53477.0,-2.9589328169577555e-10,-0.00009743273909718982,9.493138647981062e-9,-0.022530991856106495,全窓,50000
var_bid_depth,生,二乗,閉場日,100s,full,26735556.0,6.379621032135766e-13,0.00007146447561733156,5.1071712752601775e-9,0.3695173258648586,全窓,100000
var_bid_depth,生,二乗,閉場日,100s,sub,26709.0,1.4081140708750764e-9,0.0003735491778334951,1.3953898826008014e-7,0.061046443626778794,全窓,100000
var_bid_depth,生,符号つき,立会日,10ms,full,58751447.0,-1.5889019072256556e-13,-0.0000980313463564109,9.610144868450596e-9,-0.7514052855195993,全窓,10
var_bid_depth,生,符号つき,立会日,10ms,sub,58751447.0,-1.5889019072256556e-13,-0.0000980313463564109,9.610144868450596e-9,-0.7514052855195993,全窓,10
var_bid_depth,生,符号つき,立会日,20ms,full,58751447.0,2.5868408165254045e-13,0.00011352117490487873,1.2887057151784069e-8,0.8701340352049893,全窓,20
var_bid_depth,生,符号つき,立会日,20ms,sub,58751447.0,2.5868408165254045e-13,0.00011352117490487873,1.2887057151784069e-8,0.8701340352049893,全窓,20
var_bid_depth,生,符号つき,立会日,50ms,full,58751447.0,1.4663330515988792e-12,0.0004099938167881568,1.6809492980452069e-7,3.142582008995901,全窓,50
var_bid_depth,生,符号つき,立会日,50ms,sub,58751447.0,1.4663330515988792e-12,0.0004099938167881568,1.6809492980452069e-7,3.142582008995901,全窓,50
var_bid_depth,生,符号つき,立会日,100ms,full,58751447.0,3.248282060436902e-12,0.0001433185234977716,2.0540199177581312e-8,1.0985292017319959,全窓,100
var_bid_depth,生,符号つき,立会日,100ms,sub,58751447.0,3.248282060436902e-12,0.0001433185234977716,2.0540199177581312e-8,1.0985292017319959,全窓,100
var_bid_depth,生,符号つき,立会日,500ms,full,58751175.0,1.1914934304315068e-11,0.0002355586388727183,5.548787234756771e-8,1.805540852094767,全窓,500
var_bid_depth,生,符号つき,立会日,500ms,sub,11750217.0,2.00424399240298e-11,0.00028035394197337257,7.859833278000915e-8,0.9610137259144325,全窓,500
var_bid_depth,生,符号つき,立会日,1s,full,58750835.0,1.871219219599218e-11,0.00026170413947793715,6.848905661988758e-8,2.0059385342996183,全窓,1000
var_bid_depth,生,符号つき,立会日,1s,sub,5875059.0,9.479993826476899e-11,0.0006172673325266186,3.810189598045271e-7,1.496164750235301,全窓,1000
var_bid_depth,生,符号つき,立会日,3s,full,58749475.0,2.7781674201973327e-11,0.00036639427372416153,1.342447638178558e-7,2.8083465217226067,全窓,3000
var_bid_depth,生,符号つき,立会日,3s,sub,1958288.0,8.334244632481175e-11,0.00031119135955503694,9.684006226171228e-8,0.4354773892305349,全窓,3000
var_bid_depth,生,符号つき,立会日,5s,full,58748115.0,3.88130128448324e-11,0.0004884940510937871,2.3862643795401946e-7,3.744176316224967,全窓,5000
var_bid_depth,生,符号つき,立会日,5s,sub,1174933.0,1.5700367341245965e-10,0.0018106436824129552,3.2784305446619466e-6,1.9626365701768425,全窓,5000
var_bid_depth,生,符号つき,立会日,10s,full,58744715.0,4.557124847756721e-11,0.000523045036903618,2.7357611062950717e-7,4.008884445736817,全窓,10000
var_bid_depth,生,符号つき,立会日,10s,sub,587414.0,7.189409698306861e-11,0.0007591311182994184,5.762800547705255e-7,0.5818195722143925,全窓,10000
var_bid_depth,生,符号つき,立会日,30s,full,58731115.0,3.6150034223554685e-11,0.0003184248452763756,1.0139438208928375e-7,2.4402879985475088,全窓,30000
var_bid_depth,生,符号つき,立会日,30s,sub,195734.0,8.449245934034562e-11,0.0009582540047220439,9.182507375658349e-7,0.42394718822461824,全窓,30000
var_bid_depth,生,符号つき,立会日,50s,full,58717515.0,5.037743182579173e-11,0.0003749700204661195,1.4060251624836207e-7,2.873296231932335,全窓,50000
var_bid_depth,生,符号つき,立会日,50s,sub,117398.0,7.49154895391028e-9,0.004938819888080369,0.000024391941886898192,1.692213419809658,全窓,50000
var_bid_depth,生,符号つき,立会日,100s,full,58683515.0,2.1669528383213084e-11,0.00012362783363757934,1.5283841249920994e-8,0.9470530662998233,全窓,100000
var_bid_depth,生,符号つき,立会日,100s,sub,58646.0,1.2916654632183364e-8,0.00575815705513337,0.000033156372671582205,1.3944485616475666,全窓,100000
var_bid_depth,生,符号つき,閉場日,10ms,full,26766525.0,6.007863520141749e-13,0.0002907275482501564,8.452250731154701e-8,1.5041189538044186,全窓,10
var_bid_depth,生,符号つき,閉場日,10ms,sub,26766525.0,6.007863520141749e-13,0.0002907275482501564,8.452250731154701e-8,1.5041189538044186,全窓,10
var_bid_depth,生,符号つき,閉場日,20ms,full,26766525.0,7.295768110400161e-13,0.0002446056498073612,5.983192391768141e-8,1.2655009535742188,全窓,20
var_bid_depth,生,符号つき,閉場日,20ms,sub,26766525.0,7.295768110400161e-13,0.0002446056498073612,5.983192391768141e-8,1.2655009535742188,全窓,20
var_bid_depth,生,符号つき,閉場日,50ms,full,26766525.0,8.291137814027462e-13,0.00017499914848916113,3.062470197193147e-8,0.905382137444423,全窓,50
var_bid_depth,生,符号つき,閉場日,50ms,sub,26766525.0,8.291137814027462e-13,0.00017499914848916113,3.062470197193147e-8,0.905382137444423,全窓,50
var_bid_depth,生,符号つき,閉場日,100ms,full,26766525.0,2.6446756737166954e-12,0.00021316940528676444,4.544119535031284e-8,1.1028612132820235,全窓,100
var_bid_depth,生,符号つき,閉場日,100ms,sub,26766525.0,2.6446756737166954e-12,0.00021316940528676444,4.544119535031284e-8,1.1028612132820235,全窓,100
var_bid_depth,生,符号つき,閉場日,500ms,full,26766401.0,9.907955237354763e-12,0.00036270491164118554,1.315548529286402e-7,1.8764994396779997,全窓,500
var_bid_depth,生,符号つき,閉場日,500ms,sub,5353266.0,1.2024816447014192e-11,0.0003036652181248597,9.221256469881862e-8,0.7025939428072986,全窓,500
var_bid_depth,生,符号つき,閉場日,1s,full,26766246.0,1.180888114569361e-11,0.00030845384785490476,9.514377625649673e-8,1.5958200940769964,全窓,1000
var_bid_depth,生,符号つき,閉場日,1s,sub,2676607.0,6.609128879957166e-11,0.0006348598704740413,4.030470551383164e-7,1.0386521062535474,全窓,1000
var_bid_depth,生,符号つき,閉場日,3s,full,26765626.0,1.3579194820197016e-11,0.0002926038527821134,8.561701466293668e-8,1.513800851720596,全窓,3000
var_bid_depth,生,符号つき,閉場日,3s,sub,892165.0,5.884629466383526e-11,0.0010040938274376743,1.0082044142984381e-6,0.948411082673044,全窓,3000
var_bid_depth,生,符号つき,閉場日,5s,full,26765006.0,1.8628460414508326e-11,0.0003554184991336978,1.2632230952645032e-7,1.838754346524469,全窓,5000
var_bid_depth,生,符号つき,閉場日,5s,sub,535278.0,5.247789204290108e-9,0.002645268875851597,6.997447425549172e-6,1.935353166153532,全窓,5000
var_bid_depth,生,符号つき,閉場日,10s,full,26763456.0,7.000392520194759e-11,0.0010852342754786167,1.1777334326735982e-6,5.614289952618777,全窓,10000
var_bid_depth,生,符号つき,閉場日,10s,sub,267610.0,2.665374196773691e-9,0.0007472867000708585,5.584374121027932e-7,0.3865778090271514,全窓,10000
var_bid_depth,生,符号つき,閉場日,30s,full,26757256.0,1.653111035223808e-10,0.0016771377357350952,2.812790984626642e-6,8.675412066468015,全窓,30000
var_bid_depth,生,符号つき,閉場日,30s,sub,89165.0,-7.267016222973274e-9,-0.0016443048359282273,2.7037383934569547e-6,-0.49099295124985587,全窓,30000
var_bid_depth,生,符号つき,閉場日,50s,full,26751056.0,3.0731200276851236e-10,0.00250139459880289,6.2569749389202716e-6,12.93760881194594,全窓,50000
var_bid_depth,生,符号つき,閉場日,50s,sub,53477.0,-1.7745669027097079e-9,-0.0001478665115241061,2.1864505230308604e-8,-0.03419363161108848,全窓,50000
var_bid_depth,生,符号つき,閉場日,100s,full,26735556.0,8.581714515764703e-11,0.0005159946893893859,2.662505194780489e-7,2.6680249317237807,全窓,100000
var_bid_depth,生,符号つき,閉場日,100s,sub,26709.0,7.366524429606741e-9,0.0004970618934128128,2.4707052588313053e-7,0.08123123884971307,全窓,100000
var_bid_depth,生,絶対値,立会日,10ms,full,58751447.0,4.373304867005865e-13,0.0002704948931599555,7.316748722561572e-8,2.0733296689259872,全窓,10
var_bid_depth,生,絶対値,立会日,10ms,sub,58751447.0,4.373304867005865e-13,0.0002704948931599555,7.316748722561572e-8,2.0733296689259872,全窓,10
var_bid_depth,生,絶対値,立会日,20ms,full,58751447.0,1.2293566243714784e-12,0.0005421865761769411,2.939662833864739e-7,4.155833130349621,全窓,20
var_bid_depth,生,絶対値,立会日,20ms,sub,58751447.0,1.2293566243714784e-12,0.0005421865761769411,2.939662833864739e-7,4.155833130349621,全窓,20
var_bid_depth,生,絶対値,立会日,50ms,full,58751447.0,3.4061218912997566e-12,0.0009643880557768565,9.300443221250653e-7,7.391988816137958,全窓,50
var_bid_depth,生,絶対値,立会日,50ms,sub,58751447.0,3.4061218912997566e-12,0.0009643880557768565,9.300443221250653e-7,7.391988816137958,全窓,50
var_bid_depth,生,絶対値,立会日,100ms,full,58751447.0,7.0772077855181e-12,0.00031260877954572796,9.772424904906954e-8,2.396130506514777,全窓,100
var_bid_depth,生,絶対値,立会日,100ms,sub,58751447.0,7.0772077855181e-12,0.00031260877954572796,9.772424904906954e-8,2.396130506514777,全窓,100
var_bid_depth,生,絶対値,立会日,500ms,full,58751175.0,1.5945515283129742e-11,0.00031611478820455906,9.992855932161323e-8,2.4229982796150527,全窓,500
var_bid_depth,生,絶対値,立会日,500ms,sub,11750217.0,2.606585563973203e-11,0.00036562100530910575,1.3367871952324113e-7,1.2532972134729858,全窓,500
var_bid_depth,生,絶対値,立会日,1s,full,58750835.0,2.4517476388518313e-11,0.00034417413755232493,1.1845583695988668e-7,2.6380636685805556,全窓,1000
var_bid_depth,生,絶対値,立会日,1s,sub,5875059.0,1.0324149603894211e-10,0.0006747528352600974,4.552913886915402e-7,1.6355011702883413,全窓,1000
var_bid_depth,生,絶対値,立会日,3s,full,58749475.0,3.5521636363811926e-11,0.0004752798870848296,2.2589097106736836e-7,3.642935424003609,全窓,3000
var_bid_depth,生,絶対値,立会日,3s,sub,1958288.0,9.710687823002003e-11,0.0003645811794167376,1.3291943638489942e-7,0.5101904605131418,全窓,3000
var_bid_depth,生,絶対値,立会日,5s,full,58748115.0,4.3110270887750016e-11,0.000556099374968811,3.092465148407023e-7,4.262353201812549,全窓,5000
var_bid_depth,生,絶対値,立会日,5s,sub,1174933.0,1.921889398890708e-10,0.002460601180245186,6.054558168224003e-6,2.6671578794005915,全窓,5000
var_bid_depth,生,絶対値,立会日,10s,full,58744715.0,5.3099393689833826e-11,0.0006390222791659475,4.083494732704421e-7,4.897793626380824,全窓,10000
var_bid_depth,生,絶対値,立会日,10s,sub,587414.0,7.606775871072494e-11,0.0009063971996446546,8.215558835236719e-7,0.6946885497320745,全窓,10000
var_bid_depth,生,絶対値,立会日,30s,full,58731115.0,8.901496217587485e-11,0.0008692295440819193,7.555600003048612e-7,6.661449788454037,全窓,30000
var_bid_depth,生,絶対値,立会日,30s,sub,195734.0,9.87746460296586e-12,0.00013373231005761374,1.7884330753345736e-8,0.05916532675155788,全窓,30000
var_bid_depth,生,絶対値,立会日,50s,full,58717515.0,1.0651360720812747e-10,0.0009062037977571043,8.212053230693987e-7,6.9440027239941955,全窓,50000
var_bid_depth,生,絶対値,立会日,50s,sub,117398.0,1.5274207827591845e-8,0.012217861930829714,0.00014927615016081797,4.186530698947375,全窓,50000
var_bid_depth,生,絶対値,立会日,100s,full,58683515.0,2.3678948197618543e-10,0.001605859826527996,2.5787857824565254e-6,12.301731554677906,全窓,100000
var_bid_depth,生,絶対値,立会日,100s,sub,58646.0,1.3976166679781773e-8,0.007726262105216893,0.00005969512611851057,1.8710879099971884,全窓,100000
var_bid_depth,生,絶対値,閉場日,10ms,full,26766525.0,8.88159014835274e-13,0.00043005668368135253,1.849487511790029e-7,2.2249575092192204,全窓,10
var_bid_depth,生,絶対値,閉場日,10ms,sub,26766525.0,8.88159014835274e-13,0.00043005668368135253,1.849487511790029e-7,2.2249575092192204,全窓,10
var_bid_depth,生,絶対値,閉場日,20ms,full,26766525.0,1.055499560077381e-12,0.00035429519343749505,1.2552508409291204e-7,1.832994946037192,全窓,20
var_bid_depth,生,絶対値,閉場日,20ms,sub,26766525.0,1.055499560077381e-12,0.00035429519343749505,1.2552508409291204e-7,1.832994946037192,全窓,20
var_bid_depth,生,絶対値,閉場日,50ms,full,26766525.0,2.09650176729956e-12,0.0004437854722365757,1.9694554536824052e-7,2.2959853022296444,全窓,50
var_bid_depth,生,絶対値,閉場日,50ms,sub,26766525.0,2.09650176729956e-12,0.0004437854722365757,1.9694554536824052e-7,2.2959853022296444,全窓,50
var_bid_depth,生,絶対値,閉場日,100ms,full,26766525.0,4.80127459286785e-12,0.00038761888329681845,1.5024839868827255e-7,2.0053996667612064,全窓,100
var_bid_depth,生,絶対値,閉場日,100ms,sub,26766525.0,4.80127459286785e-12,0.00038761888329681845,1.5024839868827255e-7,2.0053996667612064,全窓,100
var_bid_depth,生,絶対値,閉場日,500ms,full,26766401.0,1.572647386398461e-11,0.0005784579566155976,3.346136075718926e-7,2.9927252343029194,全窓,500
var_bid_depth,生,絶対値,閉場日,500ms,sub,5353266.0,2.6349660151285918e-11,0.0006685824833354805,4.470025370230381e-7,1.5469077732680263,全窓,500
var_bid_depth,生,絶対値,閉場日,1s,full,26766246.0,2.9726096702285095e-11,0.0007816356636290406,6.109543106568108e-7,4.043879590542319,全窓,1000
var_bid_depth,生,絶対値,閉場日,1s,sub,2676607.0,1.1050521761330656e-10,0.0010685784541128302,1.141859912594166e-6,1.7482309461935006,全窓,1000
var_bid_depth,生,絶対値,閉場日,3s,full,26765626.0,3.002352776392685e-11,0.0006607559609780631,4.365984399680437e-7,3.4184550289843605,全窓,3000
var_bid_depth,生,絶対値,閉場日,3s,sub,892165.0,4.685424960959899e-11,0.000827843843702204,6.853254295556392e-7,0.7819350422074546,全窓,3000
var_bid_depth,生,絶対値,閉場日,5s,full,26765006.0,3.1741700139308586e-11,0.0006256652218477417,3.914569698297839e-7,3.2368737177644573,全窓,5000
var_bid_depth,生,絶対値,閉場日,5s,sub,535278.0,1.1037544373120565e-8,0.005642791037825738,0.000031841090696566464,4.1284760352041685,全窓,5000
var_bid_depth,生,絶対値,閉場日,10s,full,26763456.0,9.130190948835739e-11,0.0014909724281866002,2.222998781612647e-6,7.713316918915747,全窓,10000
var_bid_depth,生,絶対値,閉場日,10s,sub,267610.0,1.930074343826983e-8,0.005506661179902989,0.000030323317350250575,2.848685378106955,全窓,10000
var_bid_depth,生,絶対値,閉場日,30s,full,26757256.0,1.9909352257995642e-10,0.002197645848330943,4.82964727468623e-6,11.367881200484858,全窓,30000
var_bid_depth,生,絶対値,閉場日,30s,sub,89165.0,4.7918223329555785e-8,0.011933330403079088,0.0001424043745090517,3.5635669825155643,全窓,30000
var_bid_depth,生,絶対値,閉場日,50s,full,26751056.0,3.415029288205485e-10,0.003065745985153206,9.398798445483001e-6,15.856548423012084,全窓,50000
var_bid_depth,生,絶対値,閉場日,50s,sub,53477.0,6.398480069579884e-8,0.005459444522165789,0.000029805534490606038,1.2624969163846689,全窓,50000
var_bid_depth,生,絶対値,閉場日,100s,full,26735556.0,1.3076419110275332e-10,0.0008820081062865989,7.779382995552723e-7,4.5605512382251705,全窓,100000
var_bid_depth,生,絶対値,閉場日,100s,sub,26709.0,5.58189493369394e-8,0.003865474338758785,0.000014941891863602667,0.631711222552432,全窓,100000
var_bid_depth,log1p,二乗,立会日,10ms,full,20505292.0,1.5876642234222593e-11,0.00027487908694292845,7.555851243857801e-8,1.2447286156380353,動いた窓,10
var_bid_depth,log1p,二乗,立会日,10ms,sub,20505292.0,1.5876642234222593e-11,0.00027487908694292845,7.555851243857801e-8,1.2447286156380353,動いた窓,10
var_bid_depth,log1p,二乗,立会日,20ms,full,20505292.0,2.025858094919348e-11,0.0003166675580907402,1.0027834234715233e-7,1.4339584013295665,動いた窓,20
var_bid_depth,log1p,二乗,立会日,20ms,sub,20505292.0,2.025858094919348e-11,0.0003166675580907402,1.0027834234715233e-7,1.4339584013295665,動いた窓,20
var_bid_depth,log1p,二乗,立会日,50ms,full,20505292.0,2.934101169672928e-11,0.0002816775368321089,7.934223475580407e-8,1.2755138815397322,動いた窓,50
var_bid_depth,log1p,二乗,立会日,50ms,sub,20505292.0,2.934101169672928e-11,0.0002816775368321089,7.934223475580407e-8,1.2755138815397322,動いた窓,50
var_bid_depth,log1p,二乗,立会日,100ms,full,20505292.0,2.4183893010428133e-7,0.0005142942741901452,2.644986004647682e-7,2.3288670940319074,動いた窓,100
var_bid_depth,log1p,二乗,立会日,100ms,sub,20505292.0,2.4183893010428133e-7,0.0005142942741901452,2.644986004647682e-7,2.3288670940319074,動いた窓,100
var_bid_depth,log1p,二乗,立会日,500ms,full,20505169.0,9.272606443578912e-7,0.0008819094624841686,7.777643000191153e-7,3.9935196584554453,動いた窓,500
var_bid_depth,log1p,二乗,立会日,500ms,sub,4411133.0,1.2384073179515001e-6,0.0012031539200333887,1.4475793552917098e-6,2.526949032442852,動いた窓,500
var_bid_depth,log1p,二乗,立会日,1s,full,20505026.0,1.0707781440799164e-6,0.0006866087505889511,4.714315763853205e-7,3.1091349834537643,動いた窓,1000
var_bid_depth,log1p,二乗,立会日,1s,sub,2311028.0,-5.205982365670296e-7,-0.00035786852702438513,1.2806988263460307e-7,-0.5440338835869751,動いた窓,1000
var_bid_depth,log1p,二乗,立会日,3s,full,20504457.0,1.5226992341216037e-6,0.0010798089571743246,1.1659873839939025e-6,4.889577049403636,動いた窓,3000
var_bid_depth,log1p,二乗,立会日,3s,sub,769666.0,-1.5675871297158532e-6,-0.0006210698787032253,3.85727794232439e-7,-0.5448677927124478,動いた窓,3000
var_bid_depth,log1p,二乗,立会日,5s,full,20503915.0,4.7237854355106143e-7,0.0003799568557050951,1.4436721219730244e-7,1.7204921349097846,動いた窓,5000
var_bid_depth,log1p,二乗,立会日,5s,sub,464483.0,-8.124787004375109e-9,-0.00019817458266210944,3.9273165213301246e-8,-0.13506161470916264,動いた窓,5000
var_bid_depth,log1p,二乗,立会日,10s,full,20502577.0,6.854244126190625e-7,0.00048665619277927407,2.3683424997041798e-7,2.203568270461893,動いた窓,10000
var_bid_depth,log1p,二乗,立会日,10s,sub,229278.0,4.854813599841064e-8,0.006843219518546795,0.00004682965337901983,3.276800030168422,動いた窓,10000
var_bid_depth,log1p,二乗,立会日,30s,full,20497353.0,3.289664317792635e-7,0.000313222292936608,9.810820479246628e-8,1.4180826869060184,動いた窓,30000
var_bid_depth,log1p,二乗,立会日,30s,sub,78208.0,1.651272561259421e-7,0.03278781131142691,0.0010750405705937346,9.174154117139587,動いた窓,30000
var_bid_depth,log1p,二乗,立会日,50s,full,20491896.0,5.349508581696201e-7,0.00035937163450119495,1.2914797168406046e-7,1.6268026579315582,動いた窓,50000
var_bid_depth,log1p,二乗,立会日,50s,sub,45914.0,1.1575331369824742e-6,0.017689571402642906,0.0003129209364092017,3.79095279848055,動いた窓,50000
var_bid_depth,log1p,二乗,立会日,100s,full,20479281.0,1.2222110069069248e-6,0.0008614495376574399,7.420953059302168e-7,3.898408405079444,動いた窓,100000
var_bid_depth,log1p,二乗,立会日,100s,sub,22637.0,2.574423539118443e-6,0.026670344311942616,0.0007113072657175699,4.013963187597391,動いた窓,100000
var_bid_depth,log1p,二乗,閉場日,10ms,full,3776077.0,5.72469725521941e-11,0.0014299253529345233,2.044686514964921e-6,2.778651726796173,動いた窓,10
var_bid_depth,log1p,二乗,閉場日,10ms,sub,3776077.0,5.72469725521941e-11,0.0014299253529345233,2.044686514964921e-6,2.778651726796173,動いた窓,10
var_bid_depth,log1p,二乗,閉場日,20ms,full,3776077.0,1.0210393698301648e-10,0.0018801350270051607,3.5349077197716965e-6,3.6535084305805228,動いた窓,20
var_bid_depth,log1p,二乗,閉場日,20ms,sub,3776077.0,1.0210393698301648e-10,0.0018801350270051607,3.5349077197716965e-6,3.6535084305805228,動いた窓,20
var_bid_depth,log1p,二乗,閉場日,50ms,full,3776077.0,1.485597987640502e-10,0.001372773887217338,1.8845081454258008e-6,2.6675939543916845,動いた窓,50
var_bid_depth,log1p,二乗,閉場日,50ms,sub,3776077.0,1.485597987640502e-10,0.001372773887217338,1.8845081454258008e-6,2.6675939543916845,動いた窓,50
var_bid_depth,log1p,二乗,閉場日,100ms,full,3776077.0,2.4347194342509094e-10,0.0008703457349909418,7.575016984169227e-7,1.6912673924002892,動いた窓,100
var_bid_depth,log1p,二乗,閉場日,100ms,sub,3776077.0,2.4347194342509094e-10,0.0008703457349909418,7.575016984169227e-7,1.6912673924002892,動いた窓,100
var_bid_depth,log1p,二乗,閉場日,500ms,full,3776038.0,-6.384414494931224e-9,-0.0001895524612768954,3.593013557612893e-8,-0.3683388253973649,動いた窓,500
var_bid_depth,log1p,二乗,閉場日,500ms,sub,851495.0,7.091864958855797e-10,0.0004905940333491664,2.40682505557803e-7,0.4527024608175739,動いた窓,500
var_bid_depth,log1p,二乗,閉場日,1s,full,3775983.0,-2.9331041772171627e-9,-0.00006152433050879529,3.7852432445554784e-9,-0.11955336308913415,動いた窓,1000
var_bid_depth,log1p,二乗,閉場日,1s,sub,468497.0,3.08636713917191e-9,0.0010084453423870004,1.0169620085820345e-6,0.6902478545668619,動いた窓,1000
var_bid_depth,log1p,二乗,閉場日,3s,full,3775803.0,3.158652059681795e-8,0.00046835659746668627,2.193579023905716e-7,0.9100834955584224,動いた窓,3000
var_bid_depth,log1p,二乗,閉場日,3s,sub,149232.0,1.849045405273494e-8,0.002468054835072364,6.091294668924074e-6,0.9534198657925576,動いた窓,3000
var_bid_depth,log1p,二乗,閉場日,5s,full,3775636.0,3.3719575970891525e-8,0.0009959130328583163,9.918427690170497e-7,1.9351586487020644,動いた窓,5000
var_bid_depth,log1p,二乗,閉場日,5s,sub,93730.0,3.317723787125044e-8,0.021777743283750477,0.000474270102532939,6.6688440236983615,動いた窓,5000
var_bid_depth,log1p,二乗,閉場日,10s,full,3775215.0,6.588188627247062e-8,0.0011269499026874733,1.2700160831673054e-6,2.1896546112538613,動いた窓,10000
var_bid_depth,log1p,二乗,閉場日,10s,sub,47766.0,7.221464071754198e-8,0.02566710258252559,0.0006588001549818919,5.611387946624189,動いた窓,10000
var_bid_depth,log1p,二乗,閉場日,30s,full,3773523.0,2.0355767746144629e-7,0.002997124363801204,8.982754452090772e-6,5.822105894819378,動いた窓,30000
var_bid_depth,log1p,二乗,閉場日,30s,sub,15179.0,2.3044086414401043e-7,0.04258601594660556,0.0018135687542045432,5.251146666118939,動いた窓,30000
var_bid_depth,log1p,二乗,閉場日,50s,full,3771868.0,3.8155626743060216e-7,0.007827907945532047,0.00006127614280372375,15.20327474570462,動いた窓,50000
var_bid_depth,log1p,二乗,閉場日,50s,sub,9506.0,-1.7303307007636105e-6,-0.0023528461884768973,5.535885186630264e-6,-0.22937598844509882,動いた窓,50000
var_bid_depth,log1p,二乗,閉場日,100s,full,3768003.0,9.674424038505856e-7,0.012490514643469204,0.00015601295605871863,24.247653537141,動いた窓,100000
var_bid_depth,log1p,二乗,閉場日,100s,sub,4747.0,0.00003806971441080339,0.03604868512583068,0.0012995076993012862,2.4847912260985425,動いた窓,100000
var_bid_depth,log1p,符号つき,立会日,10ms,full,20505292.0,2.0415323179074354e-7,0.015678413623274524,0.0002458126537424802,71.00492281585451,動いた窓,10
var_bid_depth,log1p,符号つき,立会日,10ms,sub,20505292.0,2.0415323179074354e-7,0.015678413623274524,0.0002458126537424802,71.00492281585451,動いた窓,10
var_bid_depth,log1p,符号つき,立会日,20ms,full,20505292.0,4.2651067842926216e-7,0.02354423601881515,0.0005543310497096727,106.64437795905314,動いた窓,20
var_bid_depth,log1p,符号つき,立会日,20ms,sub,20505292.0,4.2651067842926216e-7,0.02354423601881515,0.0005543310497096727,106.64437795905314,動いた窓,20
var_bid_depth,log1p,符号つき,立会日,50ms,full,20505292.0,1.1993314074560362e-6,0.03872083620050304,0.0014993031560661867,175.47025181285713,動いた窓,50
var_bid_depth,log1p,符号つき,立会日,50ms,sub,20505292.0,1.1993314074560362e-6,0.03872083620050304,0.0014993031560661867,175.47025181285713,動いた窓,50
var_bid_depth,log1p,符号つき,立会日,100ms,full,20505292.0,2.446211015497128e-6,0.010093154512533096,0.0001018717680138672,45.70692473343048,動いた窓,100
var_bid_depth,log1p,符号つき,立会日,100ms,sub,20505292.0,2.446211015497128e-6,0.010093154512533096,0.0001018717680138672,45.70692473343048,動いた窓,100
var_bid_depth,log1p,符号つき,立会日,500ms,full,20505169.0,0.000010586561107049202,0.01947694000508811,0.0003793511919618016,88.21344288954008,動いた窓,500
var_bid_depth,log1p,符号つき,立会日,500ms,sub,4411133.0,0.00001018261770931196,0.019048355915530328,0.00036283986308471925,40.013936528144875,動いた窓,500
var_bid_depth,log1p,符号つき,立会日,1s,full,20505026.0,0.000014210923370529488,0.017615344177085296,0.00031030035047717284,79.77901415548911,動いた窓,1000
var_bid_depth,log1p,符号つき,立会日,1s,sub,2311028.0,0.000014158271580235064,0.018680699631480814,0.00034896853872160743,28.40346631916199,動いた窓,1000
var_bid_depth,log1p,符号つき,立会日,3s,full,20504457.0,0.000015831783010888527,0.02049386704844967,0.0004199985865995312,92.81950549463569,動いた窓,3000
var_bid_depth,log1p,符号つき,立会日,3s,sub,769666.0,0.000016225525586835997,0.012346488081919882,0.00015243576795698967,10.832460941944476,動いた窓,3000
var_bid_depth,log1p,符号つき,立会日,5s,full,20503915.0,0.0000170099603791167,0.023184673109585628,0.0005375290671983429,105.01131731557206,動いた窓,5000
var_bid_depth,log1p,符号つき,立会日,5s,sub,464483.0,0.000017319063188855903,0.04233998760090643,0.0017926745500449104,28.881804698612353,動いた窓,5000
var_bid_depth,log1p,符号つき,立会日,10s,full,20502577.0,0.00001756560942791125,0.019828642215517847,0.0003931750521110165,89.80128988197741,動いた窓,10000
var_bid_depth,log1p,符号つき,立会日,10s,sub,229278.0,0.00001704646302555511,0.032594871385102975,0.0010624256406114047,15.615625869668406,動いた窓,10000
var_bid_depth,log1p,符号つき,立会日,30s,full,20497353.0,0.000017980797295492486,0.016738728012688754,0.0002801850154827712,75.79353649877324,動いた窓,30000
var_bid_depth,log1p,符号つき,立会日,30s,sub,78208.0,0.00001731008062567377,0.019159219418662526,0.00036707568873245525,5.358923680719009,動いた窓,30000
var_bid_depth,log1p,符号つき,立会日,50s,full,20491896.0,0.000017809849726672822,0.012470055209212124,0.00015550227692079843,56.453802051907,動いた窓,50000
var_bid_depth,log1p,符号つき,立会日,50s,sub,45914.0,0.000015553521864453193,0.01239077442814423,0.000153531290929153,2.6551856858670395,動いた窓,50000
var_bid_depth,log1p,符号つき,立会日,100s,full,20479281.0,0.000017234183209176316,0.009315369342986716,0.00008677610599625676,42.157636431381796,動いた窓,100000
var_bid_depth,log1p,符号つき,立会日,100s,sub,22637.0,0.000011361132738154593,0.006343378120695068,0.00004023844598211289,0.9543761707758722,動いた窓,100000
var_bid_depth,log1p,符号つき,閉場日,10ms,full,3776077.0,1.422057845859353e-7,0.008916121835490814,0.0000794972285853161,17.32660853720882,動いた窓,10
var_bid_depth,log1p,符号つき,閉場日,10ms,sub,3776077.0,1.422057845859353e-7,0.008916121835490814,0.0000794972285853161,17.32660853720882,動いた窓,10
var_bid_depth,log1p,符号つき,閉場日,20ms,full,3776077.0,3.035208200507586e-7,0.013418744421511865,0.0001800627018498558,26.077820442239435,動いた窓,20
var_bid_depth,log1p,符号つき,閉場日,20ms,sub,3776077.0,3.035208200507586e-7,0.013418744421511865,0.0001800627018498558,26.077820442239435,動いた窓,20
var_bid_depth,log1p,符号つき,閉場日,50ms,full,3776077.0,7.95638918999067e-7,0.0201310724577122,0.0004052600782976588,39.12688165477278,動いた窓,50
var_bid_depth,log1p,符号つき,閉場日,50ms,sub,3776077.0,7.95638918999067e-7,0.0201310724577122,0.0004052600782976588,39.12688165477278,動いた窓,50
var_bid_depth,log1p,符号つき,閉場日,100ms,full,3776077.0,1.6493709693945965e-6,0.02779052834431113,0.0007723134656559604,54.02376901789928,動いた窓,100
var_bid_depth,log1p,符号つき,閉場日,100ms,sub,3776077.0,1.6493709693945965e-6,0.02779052834431113,0.0007723134656559604,54.02376901789928,動いた窓,100
var_bid_depth,log1p,符号つき,閉場日,500ms,full,3776038.0,7.71156552675759e-6,0.04353351269620902,0.0018951667276709918,84.67470559158374,動いた窓,500
var_bid_depth,log1p,符号つき,閉場日,500ms,sub,851495.0,7.749127791094265e-6,0.05727738749263867,0.003280699117981881,52.940410908759276,動いた窓,500
var_bid_depth,log1p,符号つき,閉場日,1s,full,3775983.0,0.000010712268821718395,0.04237457563044915,0.001795604659860655,82.41580844872368,動いた窓,1000
var_bid_depth,log1p,符号つき,閉場日,1s,sub,468497.0,0.000010312826689165134,0.0526886056366862,0.0027760891639382413,36.11377134537344,動いた窓,1000
var_bid_depth,log1p,符号つき,閉場日,3s,full,3775803.0,0.000013449331441141367,0.034927802743674234,0.0012199514045010173,67.91111876129351,動いた窓,3000
var_bid_depth,log1p,符号つき,閉場日,3s,sub,149232.0,0.000012341375658268402,0.036450119762978066,0.0013286112307354441,14.090153525565148,動いた窓,3000
var_bid_depth,log1p,符号つき,閉場日,5s,full,3775636.0,0.000013938709725743766,0.03488038753149337,0.0012166414343471581,67.81731584495667,動いた窓,5000
var_bid_depth,log1p,符号つき,閉場日,5s,sub,93730.0,0.000012156452267967033,0.03223676680429315,0.001039209133994377,9.874427633645801,動いた窓,5000
var_bid_depth,log1p,符号つき,閉場日,10s,full,3775215.0,0.000015107452328947033,0.027166274756325777,0.0007380064841361831,52.803308370147015,動いた窓,10000
var_bid_depth,log1p,符号つき,閉場日,10s,sub,47766.0,0.000011739524189148236,0.022662719523197115,0.0005135988561870997,4.954204437644617,動いた窓,10000
var_bid_depth,log1p,符号つき,閉場日,30s,full,3773523.0,0.00001989069143388208,0.02192996007421802,0.00048092314885679637,42.610407040625944,動いた窓,30000
var_bid_depth,log1p,符号つき,閉場日,30s,sub,15179.0,5.237020105835622e-6,0.006205443764898726,0.00003850753231932047,0.7644941620369422,動いた窓,30000
var_bid_depth,log1p,符号つき,閉場日,50s,full,3771868.0,0.000021619929473007744,0.019121854618082502,0.0003656453240350831,37.14390441967377,動いた窓,50000
var_bid_depth,log1p,符号つき,閉場日,50s,sub,9506.0,0.000030281290882888333,0.010906387874797897,0.0001189492964755386,1.0633102092899345,動いた窓,50000
var_bid_depth,log1p,符号つき,閉場日,100s,full,3768003.0,0.00002409305867172899,0.015258509971374904,0.00023282212654654737,29.622260244852857,動いた窓,100000
var_bid_depth,log1p,符号つき,閉場日,100s,sub,4747.0,-0.00012415268815513453,-0.03127668699520952,0.000978231149396308,-2.1555166230474705,動いた窓,100000
var_bid_depth,log1p,絶対値,立会日,10ms,full,20505292.0,1.8476405288693342e-7,0.014253114328739271,0.00020315126806811273,64.5486026173488,動いた窓,10
var_bid_depth,log1p,絶対値,立会日,10ms,sub,20505292.0,1.8476405288693342e-7,0.014253114328739271,0.00020315126806811273,64.5486026173488,動いた窓,10
var_bid_depth,log1p,絶対値,立会日,20ms,full,20505292.0,3.9855870858576724e-7,0.02221132207388686,0.0004933428282699337,100.60383168877605,動いた窓,20
var_bid_depth,log1p,絶対値,立会日,20ms,sub,20505292.0,3.9855870858576724e-7,0.02221132207388686,0.0004933428282699337,100.60383168877605,動いた窓,20
var_bid_depth,log1p,絶対値,立会日,50ms,full,20505292.0,9.100962635440578e-7,0.03022528548791705,0.0009135678828260891,136.93101863612,動いた窓,50
var_bid_depth,log1p,絶対値,立会日,50ms,sub,20505292.0,9.100962635440578e-7,0.03022528548791705,0.0009135678828260891,136.93101863612,動いた窓,50
var_bid_depth,log1p,絶対値,立会日,100ms,full,20505292.0,2.1890417706161087e-6,0.009048072553475495,0.00008186761693295656,40.97385350212982,動いた窓,100
var_bid_depth,log1p,絶対値,立会日,100ms,sub,20505292.0,2.1890417706161087e-6,0.009048072553475495,0.00008186761693295656,40.97385350212982,動いた窓,100
var_bid_depth,log1p,絶対値,立会日,500ms,full,20505169.0,6.957803384496711e-6,0.012857406426712098,0.00016531290002165755,58.226532503076676,動いた窓,500
var_bid_depth,log1p,絶対値,立会日,500ms,sub,4411133.0,7.459328285627658e-6,0.01401734567673335,0.00019648597982103514,29.443093069695617,動いた窓,500
var_bid_depth,log1p,絶対値,立会日,1s,full,20505026.0,0.000010180170733629463,0.012685181663477808,0.0001609138338354336,57.44626229907682,動いた窓,1000
var_bid_depth,log1p,絶対値,立会日,1s,sub,2311028.0,0.000010449628830702427,0.013870170121172838,0.00019238161919027575,21.08754307618052,動いた窓,1000
var_bid_depth,log1p,絶対値,立会日,3s,full,20504457.0,0.000015770642595850493,0.02088350241951751,0.00043612067330599366,94.58497975246593,動いた窓,3000
var_bid_depth,log1p,絶対値,立会日,3s,sub,769666.0,0.000015937822356238444,0.012224697364510234,0.00014944322565386346,10.725589145528538,動いた窓,3000
var_bid_depth,log1p,絶対値,立会日,5s,full,20503915.0,0.00001845458047217475,0.026334840972922578,0.0006935238490691218,119.28881500474832,動いた窓,5000
var_bid_depth,log1p,絶対値,立会日,5s,sub,464483.0,0.00002069536484910614,0.059919483736111445,0.003590344531202124,40.9103387814734,動いた窓,5000
var_bid_depth,log1p,絶対値,立会日,10s,full,20502577.0,0.000024945452222898254,0.03019042714985576,0.0009114618914907477,136.7638991291825,動いた窓,10000
var_bid_depth,log1p,絶対値,立会日,10s,sub,229278.0,0.00002851695630269872,0.06933298393353379,0.004807062661127655,33.27863827799001,動いた窓,10000
var_bid_depth,log1p,絶対値,立会日,30s,full,20497353.0,0.0000408539754946308,0.045128269176840916,0.00203656067889741,204.5220940367703,動いた窓,30000
var_bid_depth,log1p,絶対値,立会日,30s,sub,78208.0,0.00004558066962425981,0.0667467552130051,0.004455129331464824,18.70767322414714,動いた窓,30000
var_bid_depth,log1p,絶対値,立会日,50s,full,20491896.0,0.00005196491351234327,0.042892277447505615,0.0018397474646337988,194.3435004905305,動いた窓,50000
var_bid_depth,log1p,絶対値,立会日,50s,sub,45914.0,0.00006248263916108978,0.06328041379856439,0.004004410770517539,13.586378479915778,動いた窓,50000
var_bid_depth,log1p,絶対値,立会日,100s,full,20479281.0,0.00007297209245247206,0.04862995741388283,0.0023648727580760577,220.330872553037,動いた窓,100000
var_bid_depth,log1p,絶対値,立会日,100s,sub,22637.0,0.00009106502896281564,0.06576256171738085,0.0043247145236323245,9.915397015476504,動いた窓,100000
var_bid_depth,log1p,絶対値,閉場日,10ms,full,3776077.0,2.752559864311465e-7,0.017285045590388105,0.0002987728010617953,33.59353624653363,動いた窓,10
var_bid_depth,log1p,絶対値,閉場日,10ms,sub,3776077.0,2.752559864311465e-7,0.017285045590388105,0.0002987728010617953,33.59353624653363,動いた窓,10
var_bid_depth,log1p,絶対値,閉場日,20ms,full,3776077.0,5.54995855909528e-7,0.02461417300265472,0.0006058575126046164,47.84506563710345,動いた窓,20
var_bid_depth,log1p,絶対値,閉場日,20ms,sub,3776077.0,5.54995855909528e-7,0.02461417300265472,0.0006058575126046164,47.84506563710345,動いた窓,20
var_bid_depth,log1p,絶対値,閉場日,50ms,full,3776077.0,1.320153929780478e-6,0.033703723191794766,0.0011359409569891244,65.53072785712901,動いた窓,50
var_bid_depth,log1p,絶対値,閉場日,50ms,sub,3776077.0,1.320153929780478e-6,0.033703723191794766,0.0011359409569891244,65.53072785712901,動いた窓,50
var_bid_depth,log1p,絶対値,閉場日,100ms,full,3776077.0,2.712240210870365e-6,0.04643080085036234,0.002155819267606008,90.32232658088587,動いた窓,100
var_bid_depth,log1p,絶対値,閉場日,100ms,sub,3776077.0,2.712240210870365e-6,0.04643080085036234,0.002155819267606008,90.32232658088587,動いた窓,100
var_bid_depth,log1p,絶対値,閉場日,500ms,full,3776038.0,8.503321680237277e-6,0.04934367566491794,0.0024347983281246145,96.00169808373043,動いた窓,500
var_bid_depth,log1p,絶対値,閉場日,500ms,sub,851495.0,9.055151221230412e-6,0.07017942403829565,0.0049251515583469095,64.9190963684683,動いた窓,500
var_bid_depth,log1p,絶対値,閉場日,1s,full,3775983.0,0.000012657742590894057,0.05178075552840986,0.0026812466430929487,100.75492645000296,動いた窓,1000
var_bid_depth,log1p,絶対値,閉場日,1s,sub,468497.0,0.000013120888579224725,0.07083367025971608,0.005017408842462187,48.60539585582468,動いた窓,1000
var_bid_depth,log1p,絶対値,閉場日,3s,full,3775803.0,0.00002125285787910109,0.058345348022900305,0.0034041796359133565,113.56676438928027,動いた窓,3000
var_bid_depth,log1p,絶対値,閉場日,3s,sub,149232.0,0.00002064941556517622,0.06552251098044481,0.004293199445182512,25.366051223319722,動いた窓,3000
var_bid_depth,log1p,絶対値,閉場日,5s,full,3775636.0,0.000026073293078095774,0.07176501923662071,0.005150217986032541,139.80702528296655,動いた窓,5000
var_bid_depth,log1p,絶対値,閉場日,5s,sub,93730.0,0.00002907832514742531,0.08524277847028583,0.007266331281334225,26.19243629895131,動いた窓,5000
var_bid_depth,log1p,絶対値,閉場日,10s,full,3775215.0,0.000035285497370884826,0.07053185183982934,0.004974742123955637,137.3848879707058,動いた窓,10000
var_bid_depth,log1p,絶対値,閉場日,10s,sub,47766.0,0.00004264376553507178,0.09189112729112392,0.008443979274833539,20.16811440423861,動いた窓,10000
var_bid_depth,log1p,絶対値,閉場日,30s,full,3773523.0,0.00006206255096325191,0.07811141360916984,0.006101392936022804,152.2007673755173,動いた窓,30000
var_bid_depth,log1p,絶対値,閉場日,30s,sub,15179.0,0.00005519423311010753,0.07505097431614972,0.005632648745803366,9.272052318792287,動いた窓,30000
var_bid_depth,log1p,絶対値,閉場日,50s,full,3771868.0,0.00008251128819581042,0.0845391576840317,0.0071468691819255754,164.77584190929468,動いた窓,50000
var_bid_depth,log1p,絶対値,閉場日,50s,sub,9506.0,0.00009238704195489048,0.034021361847623735,0.001157453061966948,3.3186113272222335,動いた窓,50000
var_bid_depth,log1p,絶対値,閉場日,100s,full,3768003.0,0.00012091748258601783,0.08927303437287495,0.007969674666140514,173.98560880231972,動いた窓,100000
var_bid_depth,log1p,絶対値,閉場日,100s,sub,4747.0,0.000258617667091531,0.06663516701084,0.00444024548256254,4.600318840508649,動いた窓,100000
var_bid_depth,生,二乗,立会日,10ms,full,20505292.0,6.137826935095956e-16,0.00016412908515161316,2.6938356592705485e-8,0.7432219244189556,動いた窓,10
var_bid_depth,生,二乗,立会日,10ms,sub,20505292.0,6.137826935095956e-16,0.00016412908515161316,2.6938356592705485e-8,0.7432219244189556,動いた窓,10
var_bid_depth,生,二乗,立会日,20ms,full,20505292.0,2.3521250209338243e-15,0.0005678620196863036,3.224672734022079e-7,2.5714367752032614,動いた窓,20
var_bid_depth,生,二乗,立会日,20ms,sub,20505292.0,2.3521250209338243e-15,0.0005678620196863036,3.224672734022079e-7,2.5714367752032614,動いた窓,20
var_bid_depth,生,二乗,立会日,50ms,full,20505292.0,8.01015245826793e-15,0.0011876973320500655,1.4106249525588437e-6,5.378225965522998,動いた窓,50
var_bid_depth,生,二乗,立会日,50ms,sub,20505292.0,8.01015245826793e-15,0.0011876973320500655,1.4106249525588437e-6,5.378225965522998,動いた窓,50
var_bid_depth,生,二乗,立会日,100ms,full,20505292.0,3.5512518093534606e-14,1.1664196122713599e-6,1.3605347118912695e-12,0.005281870769191053,動いた窓,100
var_bid_depth,生,二乗,立会日,100ms,sub,20505292.0,3.5512518093534606e-14,1.1664196122713599e-6,1.3605347118912695e-12,0.005281870769191053,動いた窓,100
var_bid_depth,生,二乗,立会日,500ms,full,20505169.0,1.7960491653579502e-14,2.638337545917636e-7,6.960825006198694e-14,0.0011947086641097497,動いた窓,500
var_bid_depth,生,二乗,立会日,500ms,sub,4411133.0,2.0991158561821365e-13,2.181668975963113e-6,4.759679520679938e-12,0.004582092304159351,動いた窓,500
var_bid_depth,生,二乗,立会日,1s,full,20505026.0,-8.971991067218942e-14,-8.885672969078452e-7,7.895518411341147e-13,-0.004023652501361418,動いた窓,1000
var_bid_depth,生,二乗,立会日,1s,sub,2311028.0,-1.8109011873378905e-12,-8.757617376741233e-6,7.669586211739999e-11,-0.01331338166880678,動いた窓,1000
var_bid_depth,生,二乗,立会日,3s,full,20504457.0,7.991767227419277e-13,8.753392207495115e-6,7.66218751382362e-11,0.039636975047396876,動いた窓,3000
var_bid_depth,生,二乗,立会日,3s,sub,769666.0,-5.644722911558277e-12,-0.000015589783942827838,2.430413633840527e-10,-0.013676994843644817,動いた窓,3000
var_bid_depth,生,二乗,立会日,5s,full,20503915.0,1.0283992045923045e-12,0.00001277654269248078,1.6324004317278402e-10,0.05785377812967259,動いた窓,5000
var_bid_depth,生,二乗,立会日,5s,sub,464483.0,4.110709539610236e-14,6.996808200415251e-6,4.8955324993398104e-11,0.0047685237033459026,動いた窓,5000
var_bid_depth,生,二乗,立会日,10s,full,20502577.0,1.302478869836487e-12,0.00001428427472839277,2.0404050451620034e-10,0.06467886631454521,動いた窓,10000
var_bid_depth,生,二乗,立会日,10s,sub,229278.0,-1.3750165945368946e-14,-0.000017610791026457077,3.1013996057754113e-10,-0.008432535183646115,動いた窓,10000
var_bid_depth,生,二乗,立会日,30s,full,20497353.0,1.9205468673440195e-12,0.00002824991807181427,7.980578710642185e-10,0.12789867987813916,動いた窓,30000
var_bid_depth,生,二乗,立会日,30s,sub,78208.0,-9.561688089747088e-14,-0.0002943636064766977,8.664993281796815e-8,-0.08231977425351218,動いた窓,30000
var_bid_depth,生,二乗,立会日,50s,full,20491896.0,2.1575087167407274e-12,0.00002239491857564187,5.015323780096293e-10,0.1013772574737336,動いた窓,50000
var_bid_depth,生,二乗,立会日,50s,sub,45914.0,9.399214981509991e-11,0.0016575913334964437,2.7476090288825184e-6,0.35517400290704065,動いた窓,50000
var_bid_depth,生,二乗,立会日,100s,full,20479281.0,4.868055693596757e-12,0.000053032494680652753,2.8124454920534628e-9,0.23999345004821104,動いた窓,100000
var_bid_depth,生,二乗,立会日,100s,sub,22637.0,1.2002893454644962e-10,0.0013758118779830246,1.892858323599177e-6,0.20699016704676657,動いた窓,100000
var_bid_depth,生,二乗,閉場日,10ms,full,3776077.0,1.9340842976262875e-16,0.00008333906031728244,6.945398974567641e-9,0.16194550816568812,動いた窓,10
var_bid_depth,生,二乗,閉場日,10ms,sub,3776077.0,1.9340842976262875e-16,0.00008333906031728244,6.945398974567641e-9,0.16194550816568812,動いた窓,10
var_bid_depth,生,二乗,閉場日,20ms,full,3776077.0,1.804466471735447e-16,0.00005732020401962656,3.2856057888516126e-9,0.11138533978895676,動いた窓,20
var_bid_depth,生,二乗,閉場日,20ms,sub,3776077.0,1.804466471735447e-16,0.00005732020401962656,3.2856057888516126e-9,0.11138533978895676,動いた窓,20
var_bid_depth,生,二乗,閉場日,50ms,full,3776077.0,1.5080674393244514e-16,0.00002403979879967628,5.779119263289172e-10,0.04671443865095253,動いた窓,50
var_bid_depth,生,二乗,閉場日,50ms,sub,3776077.0,1.5080674393244514e-16,0.00002403979879967628,5.779119263289172e-10,0.04671443865095253,動いた窓,50
var_bid_depth,生,二乗,閉場日,100ms,full,3776077.0,7.080395338842355e-16,0.0000436629172559284,1.90645034329805e-9,0.08484632869955852,動いた窓,100
var_bid_depth,生,二乗,閉場日,100ms,sub,3776077.0,7.080395338842355e-16,0.0000436629172559284,1.90645034329805e-9,0.08484632869955852,動いた窓,100
var_bid_depth,生,二乗,閉場日,500ms,full,3776038.0,-1.1985548899505315e-15,-6.138820272600226e-7,3.7685114339287513e-13,-0.0011928970970260574,動いた窓,500
var_bid_depth,生,二乗,閉場日,500ms,sub,851495.0,1.0914404177457921e-14,0.00008753304583516462,7.66203411318103e-9,0.08077232485897169,動いた窓,500
var_bid_depth,生,二乗,閉場日,1s,full,3775983.0,4.424603760462784e-15,1.6011092130257806e-6,2.5635507120360344e-12,0.0031112567848394237,動いた窓,1000
var_bid_depth,生,二乗,閉場日,1s,sub,468497.0,4.117253427307817e-15,8.234101514931951e-6,6.780042775820465e-11,0.005635970316168613,動いた窓,1000
var_bid_depth,生,二乗,閉場日,3s,full,3775803.0,-7.438888091085522e-15,-1.9030052950166627e-6,3.6214291528614554e-12,-0.003697809597160589,動いた窓,3000
var_bid_depth,生,二乗,閉場日,3s,sub,149232.0,-3.6702425673976867e-14,-0.00005096157402573605,2.597082027180575e-9,-0.019686608441341263,動いた窓,3000
var_bid_depth,生,二乗,閉場日,5s,full,3775636.0,7.399299595378653e-15,3.770691338163136e-6,1.42181131676985e-11,0.00732682683653527,動いた窓,5000
var_bid_depth,生,二乗,閉場日,5s,sub,93730.0,7.55803948873844e-12,0.0033093706775230362,0.00001095193428124928,1.0131703403812795,動いた窓,5000
var_bid_depth,生,二乗,閉場日,10s,full,3775215.0,1.0350856638774571e-13,0.00003055307114971393,9.334901566794819e-10,0.05936433422652151,動いた窓,10000
var_bid_depth,生,二乗,閉場日,10s,sub,47766.0,9.507587605598424e-12,0.0017426338720985795,3.0367728121852884e-6,0.38085280238123986,動いた窓,10000
var_bid_depth,生,二乗,閉場日,30s,full,3773523.0,5.226960562357534e-13,0.00013286673813450798,1.7653570102503916e-8,0.2581009854355132,動いた窓,30000
var_bid_depth,生,二乗,閉場日,30s,sub,15179.0,9.950016117211698e-11,0.006348594697018236,0.00004030465462700806,0.7821306788356659,動いた窓,30000
var_bid_depth,生,二乗,閉場日,50s,full,3771868.0,1.5029739879613294e-12,0.0005325284257400167,2.8358652422114045e-7,1.0342391754842843,動いた窓,50000
var_bid_depth,生,二乗,閉場日,50s,sub,9506.0,-1.2369054127914153e-9,-0.0005732425161577539,3.286069823308727e-7,-0.055884539779254644,動いた窓,50000
var_bid_depth,生,二乗,閉場日,100s,full,3768003.0,3.0519349079952565e-13,0.00006810727461637439,4.638600855670235e-9,0.1322053430986847,動いた窓,100000
var_bid_depth,生,二乗,閉場日,100s,sub,4747.0,-7.060399853959172e-11,-0.000026403505802499647,6.971451186626326e-10,-0.001818778048680024,動いた窓,100000
var_bid_depth,生,符号つき,立会日,10ms,full,20505292.0,-1.5917839107097108e-13,-0.00018880688971754242,3.564804160481223e-8,-0.8549698574198463,動いた窓,10
var_bid_depth,生,符号つき,立会日,10ms,sub,20505292.0,-1.5917839107097108e-13,-0.00018880688971754242,3.564804160481223e-8,-0.8549698574198463,動いた窓,10
var_bid_depth,生,符号つき,立会日,20ms,full,20505292.0,2.5873792935531113e-13,0.0002205985537739348,4.86637219271516e-8,0.9989313185376499,動いた窓,20
var_bid_depth,生,符号つき,立会日,20ms,sub,20505292.0,2.5873792935531113e-13,0.0002205985537739348,4.86637219271516e-8,0.9989313185376499,動いた窓,20
var_bid_depth,生,符号つき,立会日,50ms,full,20505292.0,1.4663846396977291e-12,0.0007312086029635525,5.346660210479101e-7,3.3111157751636893,動いた窓,50
var_bid_depth,生,符号つき,立会日,50ms,sub,20505292.0,1.4663846396977291e-12,0.0007312086029635525,5.346660210479101e-7,3.3111157751636893,動いた窓,50
var_bid_depth,生,符号つき,立会日,100ms,full,20505292.0,3.2696657903899567e-12,0.00020836474392288987,4.341586651005147e-8,0.9435332384400055,動いた窓,100
var_bid_depth,生,符号つき,立会日,100ms,sub,20505292.0,3.2696657903899567e-12,0.00020836474392288987,4.341586651005147e-8,0.9435332384400055,動いた窓,100
var_bid_depth,生,符号つき,立会日,500ms,full,20505169.0,1.2058062346678793e-11,0.00034263624736291894,1.1739959800694338e-7,1.551547177974661,動いた窓,500
var_bid_depth,生,符号つき,立会日,500ms,sub,4411133.0,2.031496424988409e-11,0.0004065452454820596,1.652790366240681e-7,0.853854555882999,動いた窓,500
var_bid_depth,生,符号つき,立会日,1s,full,20505026.0,1.8964234251258906e-11,0.0003630745464231682,1.318231262603893e-7,1.6440914585408757,動いた窓,1000
var_bid_depth,生,符号つき,立会日,1s,sub,2311028.0,9.584619292678568e-11,0.0008896684019973705,7.91509865512555e-7,1.3524796953325822,動いた窓,1000
var_bid_depth,生,符号つき,立会日,3s,full,20504457.0,2.807939311745614e-11,0.0005614131339291957,3.1518470694820105e-7,2.5421826600874833,動いた窓,3000
var_bid_depth,生,符号つき,立会日,3s,sub,769666.0,8.730561949080404e-11,0.000463100827184876,2.144623761393164e-7,0.4062806981249659,動いた窓,3000
var_bid_depth,生,符号つき,立会日,5s,full,20503915.0,3.922251296378602e-11,0.0008257347968020699,6.818379546497557e-7,3.7390313765163334,動いた窓,5000
var_bid_depth,生,符号つき,立会日,5s,sub,464483.0,1.5895696196341347e-10,0.00271177151156427,7.353704730931566e-6,1.8481561744179402,動いた窓,5000
var_bid_depth,生,符号つき,立会日,10s,full,20502577.0,4.6213336499525087e-11,0.0008057900521445062,6.49297608135046e-7,3.6485999440527817,動いた窓,10000
var_bid_depth,生,符号つき,立会日,10s,sub,229278.0,7.350498699622464e-11,0.0012770703101751526,1.6309085771308607e-6,0.6114971829648523,動いた窓,10000
var_bid_depth,生,符号つき,立会日,30s,full,20497353.0,3.764575611053548e-11,0.0005414030952739892,2.931173115722562e-7,2.4511487471305906,動いた窓,30000
var_bid_depth,生,符号つき,立会日,30s,sub,78208.0,8.596953028222303e-11,0.0014752959636919018,2.1764981804856175e-6,0.4125719175816187,動いた窓,30000
var_bid_depth,生,符号つき,立会日,50s,full,20491896.0,5.2913549653843585e-11,0.0005724559059865805,3.277057642989167e-7,2.591392287140156,動いた窓,50000
var_bid_depth,生,符号つき,立会日,50s,sub,45914.0,7.487391368448359e-9,0.00688338795456759,0.00004738102973308619,1.4749443761320762,動いた窓,50000
var_bid_depth,生,符号つき,立会日,100s,full,20479281.0,2.6098456687981557e-11,0.00021803542814871675,4.753944792799422e-8,0.9866983652092062,動いた窓,100000
var_bid_depth,生,符号つき,立会日,100s,sub,22637.0,1.3244795026778357e-8,0.00818217353985442,0.00006694796383629383,1.231043711235636,動いた窓,100000
var_bid_depth,生,符号つき,閉場日,10ms,full,3776077.0,6.00767237293869e-13,0.0006497964439612402,4.222354185846731e-7,1.2626928690071213,動いた窓,10
var_bid_depth,生,符号つき,閉場日,10ms,sub,3776077.0,6.00767237293869e-13,0.0006497964439612402,4.222354185846731e-7,1.2626928690071213,動いた窓,10
var_bid_depth,生,符号つき,閉場日,20ms,full,3776077.0,7.2943573864847e-13,0.000556317587937519,3.0948925864861914e-7,1.0810434838792373,動いた窓,20
var_bid_depth,生,符号つき,閉場日,20ms,sub,3776077.0,7.2943573864847e-13,0.000556317587937519,3.0948925864861914e-7,1.0810434838792373,動いた窓,20
var_bid_depth,生,符号つき,閉場日,50ms,full,3776077.0,8.242116129748634e-13,0.0003597509761262272,1.2942076482377329e-7,0.6990726555803705,動いた窓,50
var_bid_depth,生,符号つき,閉場日,50ms,sub,3776077.0,8.242116129748634e-13,0.0003597509761262272,1.2942076482377329e-7,0.6990726555803705,動いた窓,50
var_bid_depth,生,符号つき,閉場日,100ms,full,3776077.0,2.6305578139686765e-12,0.00076460769888787,5.846249331986037e-7,1.4857957077739266,動いた窓,100
var_bid_depth,生,符号つき,閉場日,100ms,sub,3776077.0,2.6305578139686765e-12,0.00076460769888787,5.846249331986037e-7,1.4857957077739266,動いた窓,100
var_bid_depth,生,符号つき,閉場日,500ms,full,3776038.0,9.877198541778732e-12,0.0009619080946981263,9.252671826457795e-7,1.8691830900234339,動いた窓,500
var_bid_depth,生,符号つき,閉場日,500ms,sub,851495.0,1.1956386813951887e-11,0.0010245674124856228,1.0497383827274844e-6,0.9454341981481538,動いた窓,500
var_bid_depth,生,符号つき,閉場日,1s,full,3775983.0,1.1760112094793339e-11,0.0008025323077002004,6.440581049026092e-7,1.559471940538568,動いた窓,1000
var_bid_depth,生,符号つき,閉場日,1s,sub,468497.0,6.652325720999624e-11,0.0020802538326774346,4.327456008369156e-6,1.4238680683709477,動いた窓,1000
var_bid_depth,生,符号つき,閉場日,3s,full,3775803.0,1.359076144321945e-11,0.0006089357570677095,3.7080275623562456e-7,1.1832488905340184,動いた窓,3000
var_bid_depth,生,符号つき,閉場日,3s,sub,149232.0,5.897116831009198e-11,0.0018118237837500212,3.2827054233622436e-6,0.6999140936280837,動いた窓,3000
var_bid_depth,生,符号つき,閉場日,5s,full,3775636.0,1.8619879488389684e-11,0.0008039455828221795,6.463285001392939e-7,1.562146420003993,動いた窓,5000
var_bid_depth,生,符号つき,閉場日,5s,sub,93730.0,5.225047588965939e-9,0.009242692173230628,0.00008542735860909871,2.8297737608330884,動いた窓,5000
var_bid_depth,生,符号つき,閉場日,10s,full,3775215.0,6.995276062137743e-11,0.002170619533472656,4.711589159093052e-6,4.217503580400229,動いた窓,10000
var_bid_depth,生,符号つき,閉場日,10s,sub,47766.0,2.559476027113918e-9,0.0025479847191456537,6.492226128999756e-6,0.5568632705103254,動いた窓,10000
var_bid_depth,生,符号つき,閉場日,30s,full,3773523.0,1.6486733239955246e-10,0.003138140217076299,9.847924022031681e-6,6.096040852002035,動いた窓,30000
var_bid_depth,生,符号つき,閉場日,30s,sub,15179.0,-9.659625706429862e-9,-0.00395180223206138,0.0000156167408813253,-0.48684594875569687,動いた窓,30000
var_bid_depth,生,符号つき,閉場日,50s,full,3771868.0,3.066880435711285e-10,0.004684646193921452,0.000021945909962222744,9.09828820618035,動いた窓,50000
var_bid_depth,生,符号つき,閉場日,50s,sub,9506.0,1.9440423810188116e-9,0.00023864358366875056,5.695076002626395e-8,0.023264996327418234,動いた窓,50000
var_bid_depth,生,符号つき,閉場日,100s,full,3768003.0,8.519252135105698e-11,0.0009325769578390284,8.69699782292297e-7,1.8102575781947738,動いた窓,100000
var_bid_depth,生,符号つき,閉場日,100s,sub,4747.0,1.532145304552711e-8,0.001524358299382782,2.3236682248971674e-6,0.10500395872304535,動いた窓,100000
var_bid_depth,生,絶対値,立会日,10ms,full,20505292.0,3.4567018654787345e-13,0.0004118528556593177,1.6962277471473478e-7,1.8649838541140953,動いた窓,10
var_bid_depth,生,絶対値,立会日,10ms,sub,20505292.0,3.4567018654787345e-13,0.0004118528556593177,1.6962277471473478e-7,1.8649838541140953,動いた窓,10
var_bid_depth,生,絶対値,立会日,20ms,full,20505292.0,1.0265135078498546e-12,0.0008835571469848446,7.806732319879984e-7,4.000992816055058,動いた窓,20
var_bid_depth,生,絶対値,立会日,20ms,sub,20505292.0,1.0265135078498546e-12,0.0008835571469848446,7.806732319879984e-7,4.000992816055058,動いた窓,20
var_bid_depth,生,絶対値,立会日,50ms,full,20505292.0,2.3677315481756307e-12,0.0012145164739199557,1.4750502654229625e-6,5.499670723961828,動いた窓,50
var_bid_depth,生,絶対値,立会日,50ms,sub,20505292.0,2.3677315481756307e-12,0.0012145164739199557,1.4750502654229625e-6,5.499670723961828,動いた窓,50
var_bid_depth,生,絶対値,立会日,100ms,full,20505292.0,4.8372303043456985e-12,0.0003088066610357109,9.536155390002444e-8,1.398362079020376,動いた窓,100
var_bid_depth,生,絶対値,立会日,100ms,sub,20505292.0,4.8372303043456985e-12,0.0003088066610357109,9.536155390002444e-8,1.398362079020376,動いた窓,100
var_bid_depth,生,絶対値,立会日,500ms,full,20505169.0,7.792175394823199e-12,0.0002223975003700193,4.946064817083274e-8,1.007074426660763,動いた窓,500
var_bid_depth,生,絶対値,立会日,500ms,sub,4411133.0,1.1877803180771076e-11,0.00023877945306495963,5.7015627206001254e-8,0.5015011615065916,動いた窓,500
var_bid_depth,生,絶対値,立会日,1s,full,20505026.0,1.1751804085669652e-11,0.0002261714742816622,5.115353577874059e-8,1.0241604036883627,動いた窓,1000
var_bid_depth,生,絶対値,立会日,1s,sub,2311028.0,5.641920597009716e-11,0.0005268394566036214,2.775598130343991e-7,0.8009045651748129,動いた窓,1000
var_bid_depth,生,絶対値,立会日,3s,full,20504457.0,1.3016344705945804e-11,0.00026622188515757194,7.087409213685143e-8,1.2055018605886165,動いた窓,3000
var_bid_depth,生,絶対値,立会日,3s,sub,769666.0,1.3704030019305019e-11,0.00007327336331184578,5.368985771029747e-9,0.06428308554091178,動いた窓,3000
var_bid_depth,生,絶対値,立会日,5s,full,20503915.0,1.460524560243759e-11,0.00032191623812528983,1.036300643687383e-7,1.4576769340963227,動いた窓,5000
var_bid_depth,生,絶対値,立会日,5s,sub,464483.0,9.233055696663511e-11,0.0018654673032757324,3.4799682595908333e-6,1.2713712133561454,動いた窓,5000
var_bid_depth,生,絶対値,立会日,10s,full,20502577.0,1.3840040105167358e-11,0.00025872598384202755,6.69391347150251e-8,1.171505322992102,動いた窓,10000
var_bid_depth,生,絶対値,立会日,10s,sub,229278.0,-8.264977473099694e-12,-0.00018258344960678593,3.333671607031374e-8,-0.08742602111808637,動いた窓,10000
var_bid_depth,生,絶対値,立会日,30s,full,20497353.0,2.505168712261307e-11,0.000427506315312509,1.8276164963207836e-7,1.9354922801439163,動いた窓,30000
var_bid_depth,生,絶対値,立会日,30s,sub,78208.0,-5.8058099148031976e-11,-0.0013181600632272427,1.7375459522872487e-6,-0.3686282068074247,動いた窓,30000
var_bid_depth,生,絶対値,立会日,50s,full,20491896.0,2.7299483704851516e-11,0.0003481692033243931,1.2122179414354256e-7,1.5760915129528632,動いた窓,50000
var_bid_depth,生,絶対値,立会日,50s,sub,45914.0,8.2523301595625e-9,0.009644696072283115,0.00009302016232671334,2.066673412706197,動いた窓,50000
var_bid_depth,生,絶対値,立会日,100s,full,20479281.0,1.3095752057839433e-10,0.0013489020065776802,1.819536623349292e-6,6.104331737498984,動いた窓,100000
var_bid_depth,生,絶対値,立会日,100s,sub,22637.0,3.812344668475316e-9,0.0030460969994878296,9.278706930288759e-6,0.45828536975553136,動いた窓,100000
var_bid_depth,生,絶対値,閉場日,10ms,full,3776077.0,8.054926394789139e-13,0.0008725848951014655,7.614043991592356e-7,1.695618561376934,動いた窓,10
var_bid_depth,生,絶対値,閉場日,10ms,sub,3776077.0,8.054926394789139e-13,0.0008725848951014655,7.614043991592356e-7,1.695618561376934,動いた窓,10
var_bid_depth,生,絶対値,閉場日,20ms,full,3776077.0,8.857189021858656e-13,0.0006776474054052838,4.59206006052513e-7,1.316813242478459,動いた窓,20
var_bid_depth,生,絶対値,閉場日,20ms,sub,3776077.0,8.857189021858656e-13,0.0006776474054052838,4.59206006052513e-7,1.316813242478459,動いた窓,20
var_bid_depth,生,絶対値,閉場日,50ms,full,3776077.0,1.513756389605067e-12,0.0006666864893406812,4.444708750694023e-7,1.295513838427865,動いた窓,50
var_bid_depth,生,絶対値,閉場日,50ms,sub,3776077.0,1.513756389605067e-12,0.0006666864893406812,4.444708750694023e-7,1.295513838427865,動いた窓,50
var_bid_depth,生,絶対値,閉場日,100ms,full,3776077.0,3.6234592626122235e-12,0.0010700738855322523,1.1450581204980918e-6,2.0793821903144263,動いた窓,100
var_bid_depth,生,絶対値,閉場日,100ms,sub,3776077.0,3.6234592626122235e-12,0.0010700738855322523,1.1450581204980918e-6,2.0793821903144263,動いた窓,100
var_bid_depth,生,絶対値,閉場日,500ms,full,3776038.0,1.1021286937420351e-11,0.001103300552154342,1.2172721083840759e-6,2.1439377085651437,動いた窓,500
var_bid_depth,生,絶対値,閉場日,500ms,sub,851495.0,1.804060632545717e-11,0.0016209716728105485,2.6275491640542278e-6,1.4957759187403656,動いた窓,500
var_bid_depth,生,絶対値,閉場日,1s,full,3775983.0,2.2610589969587666e-11,0.0015956997683945432,2.5462577508543987e-6,3.100749162653154,動いた窓,1000
var_bid_depth,生,絶対値,閉場日,1s,sub,468497.0,7.726982719649874e-11,0.0025532319947390437,6.518993618959116e-6,1.7476086018917987,動いた窓,1000
var_bid_depth,生,絶対値,閉場日,3s,full,3775803.0,1.7416508689792853e-11,0.0008249110392536193,6.804782226824863e-7,1.6029198676387124,動いた窓,3000
var_bid_depth,生,絶対値,閉場日,3s,sub,149232.0,1.2545956793415956e-11,0.00041412113170682415,1.7149631172614078e-7,0.1599762450737422,動いた窓,3000
var_bid_depth,生,絶対値,閉場日,5s,full,3775636.0,1.568799831066676e-11,0.000745033006356414,5.550741805604763e-7,1.4476733443520642,動いた窓,5000
var_bid_depth,生,絶対値,閉場日,5s,sub,93730.0,7.508265225449736e-9,0.014682209760883596,0.00021556728346258552,4.495447336327197,動いた窓,5000
var_bid_depth,生,絶対値,閉場日,10s,full,3775215.0,6.924597554625686e-11,0.0023884908043777958,5.7048883225972895e-6,4.640828743539223,動いた窓,10000
var_bid_depth,生,絶対値,閉場日,10s,sub,47766.0,1.2239558890945626e-8,0.013600911754259128,0.0001849848005471441,2.9727510440726284,動いた窓,10000
var_bid_depth,生,絶対値,閉場日,30s,full,3773523.0,1.623727794346747e-10,0.003528156756685771,0.00001244789009974746,6.853682179042557,動いた窓,30000
var_bid_depth,生,絶対値,閉場日,30s,sub,15179.0,2.3142532282672104e-8,0.010864751810650795,0.00011804283190703973,1.338561751586201,動いた窓,30000
var_bid_depth,生,絶対値,閉場日,50s,full,3771868.0,2.9510722981273716e-10,0.005221900719670045,0.00002726824712609053,10.141744371136609,動いた窓,50000
var_bid_depth,生,絶対値,閉場日,50s,sub,9506.0,2.888909625200464e-8,0.0036258686523013488,0.0000131469234837416,0.35348267779003745,動いた窓,50000
var_bid_depth,生,絶対値,閉場日,100s,full,3768003.0,6.707624697144133e-11,0.0008559787358537707,7.326995962338193e-7,1.6615699907486723,動いた窓,100000
var_bid_depth,生,絶対値,閉場日,100s,sub,4747.0,1.870602998255902e-8,0.0019034848098454596,3.6232544213124055e-6,0.13111980979845517,動いた窓,100000
var_obi,log1p,二乗,立会日,10ms,full,58751447.0,1.2089517619363316e-10,0.00007956632732245675,6.330800443584328e-9,0.6098718524591223,全窓,10
var_obi,log1p,二乗,立会日,10ms,sub,58751447.0,1.2089517619363316e-10,0.00007956632732245675,6.330800443584328e-9,0.6098718524591223,全窓,10
var_obi,log1p,二乗,立会日,20ms,full,58751447.0,7.266909190474807e-11,0.00003706150847176668,1.3735554102028336e-9,0.28407457691216914,全窓,20
var_obi,log1p,二乗,立会日,20ms,sub,58751447.0,7.266909190474807e-11,0.00003706150847176668,1.3735554102028336e-9,0.28407457691216914,全窓,20
var_obi,log1p,二乗,立会日,50ms,full,58751447.0,1.1194915777699846e-9,0.00038560645076906236,1.486923348747133e-7,2.955654044923611,全窓,50
var_obi,log1p,二乗,立会日,50ms,sub,58751447.0,1.1194915777699846e-9,0.00038560645076906236,1.486923348747133e-7,2.955654044923611,全窓,50
var_obi,log1p,二乗,立会日,100ms,full,58751447.0,1.8576898652632515e-7,0.00002133872042608549,4.553409894226382e-10,0.16356020637212146,全窓,100
var_obi,log1p,二乗,立会日,100ms,sub,58751447.0,1.8576898652632515e-7,0.00002133872042608549,4.553409894226382e-10,0.16356020637212146,全窓,100
var_obi,log1p,二乗,立会日,500ms,full,58751175.0,2.447363006794168e-6,0.0001257221221569794,1.580605199965445e-8,0.9636514464040282,全窓,500
var_obi,log1p,二乗,立会日,500ms,sub,11750217.0,0.000013650284843332958,0.00072724511176606,5.288854525876291e-7,2.4928941142869934,全窓,500
var_obi,log1p,二乗,立会日,1s,full,58750835.0,9.053152803706182e-6,0.00032885751621911596,1.0814726597380611e-7,2.520663136909326,全窓,1000
var_obi,log1p,二乗,立会日,1s,sub,5875059.0,-4.5080657349015265e-6,-0.00017263582416983657,2.980312778679873e-8,-0.4184436398657619,全窓,1000
var_obi,log1p,二乗,立会日,3s,full,58749475.0,9.605888109907712e-6,0.0003490008241274717,1.2180157524165444e-7,2.675028827433871,全窓,3000
var_obi,log1p,二乗,立会日,3s,sub,1958288.0,-0.000013735322674133754,-0.000304911926800971,9.297128310548068e-8,-0.4266900268746134,全窓,3000
var_obi,log1p,二乗,立会日,5s,full,58748115.0,4.604553074466395e-6,0.0001673323582166669,2.8000118106350933e-8,1.282557658970606,全窓,5000
var_obi,log1p,二乗,立会日,5s,sub,1174933.0,7.521025369615139e-8,0.00010083485440613432,1.0167667863106306e-8,0.10929916875957221,全窓,5000
var_obi,log1p,二乗,立会日,10s,full,58744715.0,3.3243822202206324e-6,0.00012095558306168691,1.4630253073792642e-8,0.927065278452002,全窓,10000
var_obi,log1p,二乗,立会日,10s,sub,587414.0,1.7963015187996905e-7,0.0001648538430960228,2.7176789583528106e-8,0.12634861596665367,全窓,10000
var_obi,log1p,二乗,立会日,30s,full,58731115.0,-9.261653640986643e-7,-0.00003371251810862053,1.1365338772240674e-9,-0.2583600194446469,全窓,30000
var_obi,log1p,二乗,立会日,30s,sub,195734.0,1.7188710934237194e-6,0.0017492509438767965,3.0598788646538634e-6,0.7738979535785645,全窓,30000
var_obi,log1p,二乗,立会日,50s,full,58717515.0,5.97221156813428e-6,0.00021703475030714281,4.710408284088383e-8,1.6630798919008014,全窓,50000
var_obi,log1p,二乗,立会日,50s,sub,117398.0,3.506756312961172e-6,0.002686506990990835,7.21731981264263e-6,0.92048389007748,全窓,50000
var_obi,log1p,二乗,立会日,100s,full,58683515.0,0.00001981000556123175,0.0007179679029255928,5.154779096313735e-7,5.50000638220616,全窓,100000
var_obi,log1p,二乗,立会日,100s,sub,58646.0,8.789532004699365e-6,0.004835135905392721,0.000023378539223617887,1.170915499604863,全窓,100000
var_obi,log1p,二乗,閉場日,10ms,full,26766525.0,1.0675568261273068e-9,0.0009837945916610347,9.67851798581502e-7,5.089798866413352,全窓,10
var_obi,log1p,二乗,閉場日,10ms,sub,26766525.0,1.0675568261273068e-9,0.0009837945916610347,9.67851798581502e-7,5.089798866413352,全窓,10
var_obi,log1p,二乗,閉場日,20ms,full,26766525.0,2.4524224743816395e-9,0.0011645196981514621,1.3561061273827724e-6,6.024806641990453,全窓,20
var_obi,log1p,二乗,閉場日,20ms,sub,26766525.0,2.4524224743816395e-9,0.0011645196981514621,1.3561061273827724e-6,6.024806641990453,全窓,20
var_obi,log1p,二乗,閉場日,50ms,full,26766525.0,6.257539033781206e-9,0.001773110089447579,3.1439193893008013e-6,9.17344293115425,全窓,50
var_obi,log1p,二乗,閉場日,50ms,sub,26766525.0,6.257539033781206e-9,0.001773110089447579,3.1439193893008013e-6,9.17344293115425,全窓,50
var_obi,log1p,二乗,閉場日,100ms,full,26766525.0,-9.740004091925375e-9,-0.000021252576107780583,4.516719912170061e-10,-0.10995312067797969,全窓,100
var_obi,log1p,二乗,閉場日,100ms,sub,26766525.0,-9.740004091925375e-9,-0.000021252576107780583,4.516719912170061e-10,-0.10995312067797969,全窓,100
var_obi,log1p,二乗,閉場日,500ms,full,26766401.0,-5.888597928048977e-8,-0.000057434328588191717,3.2987021003763763e-9,-0.2971436973790105,全窓,500
var_obi,log1p,二乗,閉場日,500ms,sub,5353266.0,-6.922549056845704e-8,-0.00007187148519973937,5.165510384816355e-9,-0.166289930325026,全窓,500
var_obi,log1p,二乗,閉場日,1s,full,26766246.0,1.42919262338695e-7,0.00009854799660195095,9.711707634258136e-9,0.5098489371566198,全窓,1000
var_obi,log1p,二乗,閉場日,1s,sub,2676607.0,-1.0275243310798253e-7,-0.00007897241501854746,6.2366423338617e-9,-0.12920150215123016,全窓,1000
var_obi,log1p,二乗,閉場日,3s,full,26765626.0,3.4770172800779063e-7,0.00023958270093102151,5.73998705854033e-8,1.2394932197973008,全窓,3000
var_obi,log1p,二乗,閉場日,3s,sub,892165.0,2.1967415203768493e-7,0.0018713435922211867,3.501926840147295e-6,1.767569092442527,全窓,3000
var_obi,log1p,二乗,閉場日,5s,full,26765006.0,5.535332219083174e-7,0.00038138621547548625,1.4545544535471403e-7,1.9730981078029661,全窓,5000
var_obi,log1p,二乗,閉場日,5s,sub,535278.0,-6.722968328924642e-7,-0.00023409521395411197,5.4800569196221456e-8,-0.17127005308741328,全窓,5000
var_obi,log1p,二乗,閉場日,10s,full,26763456.0,1.4179009118558137e-6,0.0009763656830209521,9.532899469809702e-7,5.051074733788185,全窓,10000
var_obi,log1p,二乗,閉場日,10s,sub,267610.0,-1.3508993804443386e-6,-0.0003434124850993411,1.1793213492210517e-7,-0.1776501800846938,全窓,10000
var_obi,log1p,二乗,閉場日,30s,full,26757256.0,3.964335066224696e-6,0.0027189985495904563,7.392953112675005e-6,14.064728461462954,全窓,30000
var_obi,log1p,二乗,閉場日,30s,sub,89165.0,1.7276180394659233e-6,0.018558788520290862,0.0003444286313408799,5.542641175817647,全窓,30000
var_obi,log1p,二乗,閉場日,50s,full,26751056.0,4.910155077498022e-6,0.0033488029617471573,0.000011214481276606533,17.32058193553457,全窓,50000
var_obi,log1p,二乗,閉場日,50s,sub,53477.0,-7.012674751418715e-6,-0.0007866239833949087,6.187772912520735e-7,-0.18190419490630408,全窓,50000
var_obi,log1p,二乗,閉場日,100s,full,26735556.0,9.934424407440513e-6,0.006702717324189516,0.000044926419527990265,34.65814017419242,全窓,100000
var_obi,log1p,二乗,閉場日,100s,sub,26709.0,-0.000014960204270702537,-0.0011746172415732117,1.3797256642010609e-6,-0.19195932942808233,全窓,100000
var_obi,log1p,符号つき,立会日,10ms,full,58751447.0,-2.1122893806912546e-8,-0.00006447963067550768,4.157622772049872e-9,-0.49423308938030736,全窓,10
var_obi,log1p,符号つき,立会日,10ms,sub,58751447.0,-2.1122893806912546e-8,-0.00006447963067550768,4.157622772049872e-9,-0.49423308938030736,全窓,10
var_obi,log1p,符号つき,立会日,20ms,full,58751447.0,-6.5357136316083756e-9,-0.000014190622008215021,2.0137375298003653e-10,-0.10877039567378917,全窓,20
var_obi,log1p,符号つき,立会日,20ms,sub,58751447.0,-6.5357136316083756e-9,-0.000014190622008215021,2.0137375298003653e-10,-0.10877039567378917,全窓,20
var_obi,log1p,符号つき,立会日,50ms,full,58751447.0,2.473735379991121e-8,0.0000342215099901347,1.1711117460048891e-9,0.26230613301033956,全窓,50
var_obi,log1p,符号つき,立会日,50ms,sub,58751447.0,2.473735379991121e-8,0.0000342215099901347,1.1711117460048891e-9,0.26230613301033956,全窓,50
var_obi,log1p,符号つき,立会日,100ms,full,58751447.0,-2.0773805286916397e-7,-0.000045348809773041285,2.056514547831485e-9,-0.34759631988428186,全窓,100
var_obi,log1p,符号つき,立会日,100ms,sub,58751447.0,-2.0773805286916397e-7,-0.000045348809773041285,2.056514547831485e-9,-0.34759631988428186,全窓,100
var_obi,log1p,符号つき,立会日,500ms,full,58751175.0,-2.075363228863048e-6,-0.00020300228502251978,4.1209927724364355e-8,-1.5559986159461356,全窓,500
var_obi,log1p,符号つき,立会日,500ms,sub,11750217.0,-7.609507740343112e-6,-0.0007719065777520242,5.958397647768418e-7,-2.6459874363458686,全窓,500
var_obi,log1p,符号つき,立会日,1s,full,58750835.0,-6.0394402225318305e-6,-0.00041790755056613063,1.7464672082018304e-7,-3.2032237075939136,全窓,1000
var_obi,log1p,符号つき,立会日,1s,sub,5875059.0,-3.7131402096367926e-7,-0.00002708530687088542,7.33613848290033e-10,-0.06565076677278942,全窓,1000
var_obi,log1p,符号つき,立会日,3s,full,58749475.0,-5.59056681744973e-6,-0.0003647851395488188,1.330681980356512e-7,-2.7960127946666735,全窓,3000
var_obi,log1p,符号つき,立会日,3s,sub,1958288.0,-4.42075103696375e-6,-0.00018774893147014907,3.524966126818273e-8,-0.2627335543844191,全窓,3000
var_obi,log1p,符号つき,立会日,5s,full,58748115.0,-5.164438214748712e-6,-0.0003215801055453376,1.0341376428255045e-7,-2.464825376797089,全窓,5000
var_obi,log1p,符号つき,立会日,5s,sub,1174933.0,4.858699601792022e-7,0.00006343909249086295,4.024518456064264e-9,0.06876431860443398,全窓,5000
var_obi,log1p,符号つき,立会日,10s,full,58744715.0,-6.3557664866295835e-6,-0.00036089652284723527,1.30246300203225e-7,-2.7660951757489354,全窓,10000
var_obi,log1p,符号つき,立会日,10s,sub,587414.0,-0.000016288114918351254,-0.0014948289781618082,2.234513673952276e-6,-1.1456801819131257,全窓,10000
var_obi,log1p,符号つき,立会日,30s,full,58731115.0,-0.000014082891625338066,-0.0006136065927677332,3.7651305068802673e-7,-4.702450302957059,全窓,30000
var_obi,log1p,符号つき,立会日,30s,sub,195734.0,4.92339402371298e-6,0.0002880984749080394,8.300073124433821e-8,0.1274594071708261,全窓,30000
var_obi,log1p,符号つき,立会日,50s,full,58717515.0,-0.000018516447997074036,-0.0006816497153621865,4.6464633445334983e-7,-5.223302581754353,全窓,50000
var_obi,log1p,符号つき,立会日,50s,sub,117398.0,-0.00009431695238317357,-0.0042170492565568015,0.00001778350443222627,-1.4449046383158266,全窓,50000
var_obi,log1p,符号つき,立会日,100s,full,58683515.0,-0.00003154267575429066,-0.0008897747240104124,7.916990594878055e-7,-6.816136650013415,全窓,100000
var_obi,log1p,符号つき,立会日,100s,sub,58646.0,-0.00031119573044457977,-0.009920891436395608,0.00009842408689274772,-2.4026132251637122,全窓,100000
var_obi,log1p,符号つき,閉場日,10ms,full,26766525.0,-3.091840486756716e-8,-0.00009022278394934727,8.140150743570596e-9,-0.4667799630177523,全窓,10
var_obi,log1p,符号つき,閉場日,10ms,sub,26766525.0,-3.091840486756716e-8,-0.00009022278394934727,8.140150743570596e-9,-0.4667799630177523,全窓,10
var_obi,log1p,符号つき,閉場日,20ms,full,26766525.0,-7.908598169825249e-8,-0.0001598924614863428,2.556559924016162e-8,-0.8272256146693989,全窓,20
var_obi,log1p,符号つき,閉場日,20ms,sub,26766525.0,-7.908598169825249e-8,-0.0001598924614863428,2.556559924016162e-8,-0.8272256146693989,全窓,20
var_obi,log1p,符号つき,閉場日,50ms,full,26766525.0,1.8989210185005785e-7,0.0002416916905418985,5.841487327700083e-8,1.2504251838659803,全窓,50
var_obi,log1p,符号つき,閉場日,50ms,sub,26766525.0,1.8989210185005785e-7,0.0002416916905418985,5.841487327700083e-8,1.2504251838659803,全窓,50
var_obi,log1p,符号つき,閉場日,100ms,full,26766525.0,8.469724885606774e-8,0.000041167526447774264,1.6947652338281935e-9,0.21298585090973132,全窓,100
var_obi,log1p,符号つき,閉場日,100ms,sub,26766525.0,8.469724885606774e-8,0.000041167526447774264,1.6947652338281935e-9,0.21298585090973132,全窓,100
var_obi,log1p,符号つき,閉場日,500ms,full,26766401.0,-6.332048573611023e-7,-0.0001397799110279164,1.953842352697223e-8,-0.7231688946380359,全窓,500
var_obi,log1p,符号つき,閉場日,500ms,sub,5353266.0,-9.837403024052804e-7,-0.0002309957968669911,5.3359058170216214e-8,-0.5344578004092372,全窓,500
var_obi,log1p,符号つき,閉場日,1s,full,26766246.0,2.095576070386753e-7,0.00003300767125130251,1.0895063614340624e-9,0.17076882953709227,全窓,1000
var_obi,log1p,符号つき,閉場日,1s,sub,2676607.0,-6.51594712995435e-6,-0.0011420847897373482,1.304357666949403e-6,-1.8684899804360955,全窓,1000
var_obi,log1p,符号つき,閉場日,3s,full,26765626.0,1.2236648815189195e-6,0.0001589963087207459,2.5279826186822734e-8,0.8225754309526564,全窓,3000
var_obi,log1p,符号つき,閉場日,3s,sub,892165.0,-0.00002269024459279277,-0.0040813282126949905,0.000016657239979740086,-3.8550253875902154,全窓,3000
var_obi,log1p,符号つき,閉場日,5s,full,26765006.0,-1.4524924170119855e-6,-0.00016710290054239096,2.7923379369680204e-8,-0.8645052812979728,全窓,5000
var_obi,log1p,符号つき,閉場日,5s,sub,535278.0,-0.000019062728843828936,-0.0016273409961592568,2.6482387177806023e-6,-1.190605888566552,全窓,5000
var_obi,log1p,符号つき,閉場日,10s,full,26763456.0,-2.6124166351579095e-6,-0.00024418231477635034,5.962500284953664e-8,-1.2632383449536748,全窓,10000
var_obi,log1p,符号つき,閉場日,10s,sub,267610.0,0.000011873712465726987,0.0007533086092892873,5.6747386082936e-7,0.3896929959926943,全窓,10000
var_obi,log1p,符号つき,閉場日,30s,full,26757256.0,3.7615806772887233e-6,0.00023003564781897537,5.291639926749567e-8,1.1899149595202165,全窓,30000
var_obi,log1p,符号つき,閉場日,30s,sub,89165.0,8.631538298264305e-6,0.0006399890346347789,4.095859644527562e-7,0.19110187939042136,全窓,30000
var_obi,log1p,符号つき,閉場日,50s,full,26751056.0,0.000016845886285047145,0.0008263433148214486,6.828432739500998e-7,4.273966514647774,全窓,50000
var_obi,log1p,符号つき,閉場日,50s,sub,53477.0,0.000023449149477910818,0.0006656075266453739,4.4303337952697217e-7,0.153919525941988,全窓,50000
var_obi,log1p,符号つき,閉場日,100s,full,26735556.0,0.000021761221146026998,0.0007880745375891918,6.210614767964186e-7,4.074853735115415,全窓,100000
var_obi,log1p,符号つき,閉場日,100s,sub,26709.0,-0.00013957393999515898,-0.002787411425149034,7.76966245305137e-6,-0.4555282509187788,全窓,100000
var_obi,log1p,絶対値,立会日,10ms,full,58751447.0,2.776735452193493e-6,0.008497380517265132,0.00007220547565519705,65.13434088184253,全窓,10
var_obi,log1p,絶対値,立会日,10ms,sub,58751447.0,2.776735452193493e-6,0.008497380517265132,0.00007220547565519705,65.13434088184253,全窓,10
var_obi,log1p,絶対値,立会日,20ms,full,58751447.0,6.689321587333412e-6,0.014596683616707304,0.00021306317260625144,111.89475819229577,全窓,20
var_obi,log1p,絶対値,立会日,20ms,sub,58751447.0,6.689321587333412e-6,0.014596683616707304,0.00021306317260625144,111.89475819229577,全窓,20
var_obi,log1p,絶対値,立会日,50ms,full,58751447.0,0.00002168878306634045,0.030382819036084332,0.0009231156925794484,232.9903253514556,全窓,50
var_obi,log1p,絶対値,立会日,50ms,sub,58751447.0,0.00002168878306634045,0.030382819036084332,0.0009231156925794484,232.9903253514556,全窓,50
var_obi,log1p,絶対値,立会日,100ms,full,58751447.0,0.00004388329511770458,0.00959046576806215,0.00009197703364837192,73.51381301064154,全窓,100
var_obi,log1p,絶対値,立会日,100ms,sub,58751447.0,0.00004388329511770458,0.00959046576806215,0.00009197703364837192,73.51381301064154,全窓,100
var_obi,log1p,絶対値,立会日,500ms,full,58751175.0,0.00013913011209556688,0.013646673927814833,0.00018623170929210113,104.61056052373347,全窓,500
var_obi,log1p,絶対値,立会日,500ms,sub,11750217.0,0.00014093954631960338,0.01433653251818855,0.00020553616464507774,49.148658334543015,全窓,500
var_obi,log1p,絶対値,立会日,1s,full,58750835.0,0.0002173016263846429,0.01509256490228287,0.0002277855153296207,115.69631725063486,全窓,1000
var_obi,log1p,絶対値,立会日,1s,sub,5875059.0,0.0001963743777933531,0.014378130587351491,0.00020673063918693254,34.85405896551999,全窓,1000
var_obi,log1p,絶対値,立会日,3s,full,58749475.0,0.0003896036972140958,0.025791142057459873,0.0006651830086280755,197.75025485603743,全窓,3000
var_obi,log1p,絶対値,立会日,3s,sub,1958288.0,0.0003408004946267494,0.014553404479369045,0.000211801581940119,20.36801266288693,全窓,3000
var_obi,log1p,絶対値,立会日,5s,full,58748115.0,0.0004943083555841635,0.031546688023656705,0.0009951935252619254,241.9173089493036,全窓,5000
var_obi,log1p,絶対値,立会日,5s,sub,1174933.0,0.0004458672589803439,0.06462970178145673,0.004176998352360031,70.20163977969499,全窓,5000
var_obi,log1p,絶対値,立会日,10s,full,58744715.0,0.0006888663853271966,0.04101361374143787,0.001682116512131861,314.61397125966755,全窓,10000
var_obi,log1p,絶対値,立会日,10s,sub,587414.0,0.000616408167245843,0.06383861283818594,0.0040753684891037985,49.02771037824774,全窓,10000
var_obi,log1p,絶対値,立会日,30s,full,58731115.0,0.0011389022219604956,0.055012053154372964,0.0030263259922595565,422.2310081830323,全窓,30000
var_obi,log1p,絶対値,立会日,30s,sub,195734.0,0.000979415093142979,0.06841815057886082,0.004681043328631672,30.340386550052386,全窓,30000
var_obi,log1p,絶対値,立会日,50s,full,58717515.0,0.0014267738722048618,0.06003700074964498,0.003604441459012872,460.87900329224243,全窓,50000
var_obi,log1p,絶対値,立会日,50s,sub,117398.0,0.001293204913905195,0.07015703262187263,0.0049220092263065,24.09735086814466,全窓,50000
var_obi,log1p,絶対値,立会日,100s,full,58683515.0,0.0019381725972282225,0.06499087864267958,0.004223814306747504,498.9184824875297,全窓,100000
var_obi,log1p,絶対値,立会日,100s,sub,58646.0,0.0018441017950847557,0.07290374946745048,0.005314956686412787,17.701858444297258,全窓,100000
var_obi,log1p,絶対値,閉場日,10ms,full,26766525.0,3.454735040969289e-6,0.010087481115359731,0.0001017572752527392,52.19162415359716,全窓,10
var_obi,log1p,絶対値,閉場日,10ms,sub,26766525.0,3.454735040969289e-6,0.010087481115359731,0.0001017572752527392,52.19162415359716,全窓,10
var_obi,log1p,絶対値,閉場日,20ms,full,26766525.0,7.564270510544647e-6,0.01531113098101084,0.00023443073191766996,79.22352523764182,全窓,20
var_obi,log1p,絶対値,閉場日,20ms,sub,26766525.0,7.564270510544647e-6,0.01531113098101084,0.00023443073191766996,79.22352523764182,全窓,20
var_obi,log1p,絶対値,閉場日,50ms,full,26766525.0,0.00002052943958357924,0.026205228965170142,0.0006867140251169922,135.6229253320242,全窓,50
var_obi,log1p,絶対値,閉場日,50ms,sub,26766525.0,0.00002052943958357924,0.026205228965170142,0.0006867140251169922,135.6229253320242,全窓,50
var_obi,log1p,絶対値,閉場日,100ms,full,26766525.0,0.00004002893549034361,0.019487469053952194,0.0003797614501287444,100.84024638327482,全窓,100
var_obi,log1p,絶対値,閉場日,100ms,sub,26766525.0,0.00004002893549034361,0.019487469053952194,0.0003797614501287444,100.84024638327482,全窓,100
var_obi,log1p,絶対値,閉場日,500ms,full,26766401.0,0.00014278087877450175,0.03166952964666092,0.001002959108040735,163.9285080180968,全窓,500
var_obi,log1p,絶対値,閉場日,500ms,sub,5353266.0,0.000134543390152495,0.031743101744540134,0.001007624508364227,73.48143095728436,全窓,500
var_obi,log1p,絶対値,閉場日,1s,full,26766246.0,0.00021178121404698754,0.03358025021713181,0.001127633204645181,173.82916531907193,全窓,1000
var_obi,log1p,絶対値,閉場日,1s,sub,2676607.0,0.0001843130993964355,0.03252123066762107,0.001057630444136617,53.233975123240626,全窓,1000
var_obi,log1p,絶対値,閉場日,3s,full,26765626.0,0.0003651530812903598,0.04845882322203615,0.00234825754806455,250.9990438893304,全窓,3000
var_obi,log1p,絶対値,閉場日,3s,sub,892165.0,0.0003210134494430502,0.05979017624869295,0.0035748651758497666,56.575656300237476,全窓,3000
var_obi,log1p,絶対値,閉場日,5s,full,26765006.0,0.000462700670674381,0.05499446844581675,0.003024391559637934,284.9445785829924,全窓,5000
var_obi,log1p,絶対値,閉場日,5s,sub,535278.0,0.0003657412239200892,0.031666165263725066,0.001002746022509548,23.179401199783324,全窓,5000
var_obi,log1p,絶対値,閉場日,10s,full,26763456.0,0.000633677894662864,0.062392008333847726,0.003892762703930924,323.40519971792577,全窓,10000
var_obi,log1p,絶対値,閉場日,10s,sub,267610.0,0.0004332194184884344,0.02796916957232783,0.0007822744465656289,14.47434944673594,全窓,10000
var_obi,log1p,絶対値,閉場日,30s,full,26757256.0,0.001053016179428534,0.07006379806212902,0.004908935798890794,363.3147531175835,全窓,30000
var_obi,log1p,絶対値,閉場日,30s,sub,89165.0,0.0006869412580778483,0.05605814026881698,0.00314251509039836,16.765421830791723,全窓,30000
var_obi,log1p,絶対値,閉場日,50s,full,26751056.0,0.001334085066605163,0.07217540454160938,0.005209289020744968,374.2775820428099,全窓,50000
var_obi,log1p,絶対値,閉場日,50s,sub,53477.0,0.0008595304186278078,0.02498311378140169,0.0006241559742144632,5.779064459232099,全窓,50000
var_obi,log1p,絶対値,閉場日,100s,full,26735556.0,0.0018535943922692961,0.07530283318053219,0.005670516685015059,390.47276851516426,全窓,100000
var_obi,log1p,絶対値,閉場日,100s,sub,26709.0,0.0010614944390158767,0.021756436394641466,0.00047334252459407973,3.556338766964653,全窓,100000
var_obi,生,二乗,立会日,10ms,full,58751447.0,1.5009079877929782e-10,0.00012453236399892877,1.550830968316169e-8,0.9545342411476995,全窓,10
var_obi,生,二乗,立会日,10ms,sub,58751447.0,1.5009079877929782e-10,0.00012453236399892877,1.550830968316169e-8,0.9545342411476995,全窓,10
var_obi,生,二乗,立会日,20ms,full,58751447.0,1.5829871619410653e-10,0.00010177909279338389,1.0358983729844248e-8,0.7801315717008068,全窓,20
var_obi,生,二乗,立会日,20ms,sub,58751447.0,1.5829871619410653e-10,0.00010177909279338389,1.0358983729844248e-8,0.7801315717008068,全窓,20
var_obi,生,二乗,立会日,50ms,full,58751447.0,1.0715821523174648e-9,0.00046532539591027494,2.165277240790541e-7,3.5666958696704243,全窓,50
var_obi,生,二乗,立会日,50ms,sub,58751447.0,1.0715821523174648e-9,0.00046532539591027494,2.165277240790541e-7,3.5666958696704243,全窓,50
var_obi,生,二乗,立会日,100ms,full,58751447.0,7.796785522813276e-8,0.000011290640338840644,1.2747855926105558e-10,0.08654218372597207,全窓,100
var_obi,生,二乗,立会日,100ms,sub,58751447.0,7.796785522813276e-8,0.000011290640338840644,1.2747855926105558e-10,0.08654218372597207,全窓,100
var_obi,生,二乗,立会日,500ms,full,58751175.0,1.736448966715167e-6,0.00011245611999588543,1.2646378924528983e-8,0.8619684480389549,全窓,500
var_obi,生,二乗,立会日,500ms,sub,11750217.0,0.000010312715311243896,0.0006937053959204963,4.812271763292125e-7,2.3779246217705263,全窓,500
var_obi,生,二乗,立会日,1s,full,58750835.0,7.403245829157143e-6,0.0003390298599207839,1.1494124591790636e-7,2.5986332407481014,全窓,1000
var_obi,生,二乗,立会日,1s,sub,5875059.0,-3.3513413740781023e-6,-0.00016228418523465404,2.6336156777275504e-8,-0.39335280131496375,全窓,1000
var_obi,生,二乗,立会日,3s,full,58749475.0,7.5492575069093565e-6,0.00034578097835177184,1.195644849899085e-7,2.6503492831203372,全窓,3000
var_obi,生,二乗,立会日,3s,sub,1958288.0,-0.000010163669748658523,-0.0002854079275288704,8.145768509632493e-8,-0.3993963661708311,全窓,3000
var_obi,生,二乗,立会日,5s,full,58748115.0,3.572249134536561e-6,0.00016365989999290613,2.6784562865688035e-8,1.2544092506178735,全窓,5000
var_obi,生,二乗,立会日,5s,sub,1174933.0,6.245177092938364e-8,0.00010586489442859689,1.1207375872377964e-8,0.11475144220743567,全窓,5000
var_obi,生,二乗,立会日,10s,full,58744715.0,2.4753306538839394e-6,0.0001135418539911458,1.2891752607746672e-8,0.8702426769426399,全窓,10000
var_obi,生,二乗,立会日,10s,sub,587414.0,1.5708730795165733e-7,0.00018209174819011317,3.315740475893158e-8,0.13956023104760978,全窓,10000
var_obi,生,二乗,立会日,30s,full,58731115.0,-6.975344795990285e-7,-0.00003200921792109817,1.0245900319203523e-9,-0.24530656942903675,全窓,30000
var_obi,生,二乗,立会日,30s,sub,195734.0,1.3125952446273103e-6,0.001685698703748478,2.8415801198192986e-6,0.7457812953340813,全窓,30000
var_obi,生,二乗,立会日,50s,full,58717515.0,4.279358546885725e-6,0.00019605563454598275,3.8437811837227944e-8,1.5023224697105086,全窓,50000
var_obi,生,二乗,立会日,50s,sub,117398.0,2.6868201150151514e-6,0.002595983517852942,6.739130424964136e-6,0.8894674176424552,全窓,50000
var_obi,生,二乗,立会日,100s,full,58683515.0,0.000014829249063078062,0.0006775566956132598,4.590830757703595e-7,5.190435435783069,全窓,100000
var_obi,生,二乗,立会日,100s,sub,58646.0,6.782444491547916e-6,0.004713360691188607,0.00002221576900524194,1.1414247681600374,全窓,100000
var_obi,生,二乗,閉場日,10ms,full,26766525.0,8.424579503683314e-10,0.0009681445390761964,9.373038485430609e-7,5.008831054793073,全窓,10
var_obi,生,二乗,閉場日,10ms,sub,26766525.0,8.424579503683314e-10,0.0009681445390761964,9.373038485430609e-7,5.008831054793073,全窓,10
var_obi,生,二乗,閉場日,20ms,full,26766525.0,1.9675985470168563e-9,0.0011651090696876284,1.3574791442683708e-6,6.027855842764234,全窓,20
var_obi,生,二乗,閉場日,20ms,sub,26766525.0,1.9675985470168563e-9,0.0011651090696876284,1.3574791442683708e-6,6.027855842764234,全窓,20
var_obi,生,二乗,閉場日,50ms,full,26766525.0,4.96446256678263e-9,0.0017542153711361263,3.0772715683302572e-6,9.075688055459613,全窓,50
var_obi,生,二乗,閉場日,50ms,sub,26766525.0,4.96446256678263e-9,0.0017542153711361263,3.0772715683302572e-6,9.075688055459613,全窓,50
var_obi,生,二乗,閉場日,100ms,full,26766525.0,-7.132602590938394e-9,-0.000019407920559405674,3.7666738044020145e-10,-0.1004095419056376,全窓,100
var_obi,生,二乗,閉場日,100ms,sub,26766525.0,-7.132602590938394e-9,-0.000019407920559405674,3.7666738044020145e-10,-0.1004095419056376,全窓,100
var_obi,生,二乗,閉場日,500ms,full,26766401.0,-4.4167335606287164e-8,-0.00005372043417487253,2.885885047936812e-9,-0.2779293991000778,全窓,500
var_obi,生,二乗,閉場日,500ms,sub,5353266.0,-5.181612074317528e-8,-0.00006727701643499734,4.526196940394902e-9,-0.15565965195771062,全窓,500
var_obi,生,二乗,閉場日,1s,full,26766246.0,9.644047760799153e-8,0.00008292684540582417,6.876861688961462e-9,0.4290311867298263,全窓,1000
var_obi,生,二乗,閉場日,1s,sub,2676607.0,-7.890681915402226e-8,-0.00007596799709140067,5.771136582079061e-9,-0.12428617429313196,全窓,1000
var_obi,生,二乗,閉場日,3s,full,26765626.0,2.5329553965097403e-7,0.0002176483162463845,4.7370789564886196e-8,1.1260145656867449,全窓,3000
var_obi,生,二乗,閉場日,3s,sub,892165.0,1.6291917963888822e-7,0.0017330759814848972,3.0035523575998397e-6,1.6369686406683146,全窓,3000
var_obi,生,二乗,閉場日,5s,full,26765006.0,4.1085071764449436e-7,0.00035300804615540256,1.2461468065045482e-7,1.826283888582794,全窓,5000
var_obi,生,二乗,閉場日,5s,sub,535278.0,-5.031693796624086e-7,-0.00022003852501547268,4.841695249098479e-8,-0.16098581899148484,全窓,5000
var_obi,生,二乗,閉場日,10s,full,26763456.0,1.061572453625836e-6,0.0009115801351104265,8.309783427279434e-7,4.715916573842792,全窓,10000
var_obi,生,二乗,閉場日,10s,sub,267610.0,-1.007245667623246e-6,-0.00032176132323011753,1.0353034912679617e-7,-0.16644984991729253,全窓,10000
var_obi,生,二乗,閉場日,30s,full,26757256.0,3.0460753679805927e-6,0.002605278890734777,6.7874780985082306e-6,13.476479815311793,全窓,30000
var_obi,生,二乗,閉場日,30s,sub,89165.0,1.2505488949635627e-6,0.016849917830113737,0.00028391973088158484,5.03212921854598,全窓,30000
var_obi,生,二乗,閉場日,50s,full,26751056.0,3.740666395084892e-6,0.0031813866710673107,0.000010121221150844745,16.454667238637555,全窓,50000
var_obi,生,二乗,閉場日,50s,sub,53477.0,-5.295335999040614e-6,-0.0007473377613080252,5.58513729476891e-7,-0.172819380755309,全窓,50000
var_obi,生,二乗,閉場日,100s,full,26735556.0,7.589957649875038e-6,0.006385841597785661,0.000040778972912009726,33.019583482805146,全窓,100000
var_obi,生,二乗,閉場日,100s,sub,26709.0,-0.00001124759159542106,-0.0011136444270871547,1.240203909982277e-6,-0.18199496394718614,全窓,100000
var_obi,生,符号つき,立会日,10ms,full,58751447.0,-2.3667422133600374e-8,-0.00009108102439257542,8.29575300440092e-9,-0.698131420589914,全窓,10
var_obi,生,符号つき,立会日,10ms,sub,58751447.0,-2.3667422133600374e-8,-0.00009108102439257542,8.29575300440092e-9,-0.698131420589914,全窓,10
var_obi,生,符号つき,立会日,20ms,full,58751447.0,-1.2320121794691513e-8,-0.00003372339133802773,1.1372671233377635e-9,-0.25848807888000286,全窓,20
var_obi,生,符号つき,立会日,20ms,sub,58751447.0,-1.2320121794691513e-8,-0.00003372339133802773,1.1372671233377635e-9,-0.25848807888000286,全窓,20
var_obi,生,符号つき,立会日,50ms,full,58751447.0,1.6671438394442432e-9,2.9075475360396028e-6,8.453832674329965e-12,0.022286203925507335,全窓,50
var_obi,生,符号つき,立会日,50ms,sub,58751447.0,1.6671438394442432e-9,2.9075475360396028e-6,8.453832674329965e-12,0.022286203925507335,全窓,50
var_obi,生,符号つき,立会日,100ms,full,58751447.0,-1.4016564636287172e-7,-0.00003857440575517737,1.487984779365061e-9,-0.29567085763697615,全窓,100
var_obi,生,符号つき,立会日,100ms,sub,58751447.0,-1.4016564636287172e-7,-0.00003857440575517737,1.487984779365061e-9,-0.29567085763697615,全窓,100
var_obi,生,符号つき,立会日,500ms,full,58751175.0,-1.446398463759271e-6,-0.0001783620764506924,3.181303031580264e-8,-1.3671330978358331,全窓,500
var_obi,生,符号つき,立会日,500ms,sub,11750217.0,-5.69509684922251e-6,-0.0007294108841016222,5.320402378459101e-7,-2.5003180816524693,全窓,500
var_obi,生,符号つき,立会日,1s,full,58750835.0,-4.836611692859498e-6,-0.00042192242657714213,1.780185340487439e-7,-3.233997375795466,全窓,1000
var_obi,生,符号つき,立会日,1s,sub,5875059.0,-2.613927884692517e-7,-0.000024110313776786314,5.813072304150919e-10,-0.058439824736100016,全窓,1000
var_obi,生,符号つき,立会日,3s,full,58749475.0,-4.320469393087716e-6,-0.00035540223837913023,1.263107510448961e-7,-2.724094527624711,全窓,3000
var_obi,生,符号つき,立会日,3s,sub,1958288.0,-3.2508716933640728e-6,-0.0001746470227707235,3.050158256267762e-8,-0.24439890329586247,全窓,3000
var_obi,生,符号つき,立会日,5s,full,58748115.0,-3.883262651099698e-6,-0.00030483929357041044,9.292699490450689e-8,-2.3365115246271406,全窓,5000
var_obi,生,符号つき,立会日,5s,sub,1174933.0,9.868829594978114e-7,0.00016292065659801223,2.6543140346327426e-8,0.1765966003580894,全窓,5000
var_obi,生,符号つき,立会日,10s,full,58744715.0,-4.512983537899173e-6,-0.0003230623198760986,1.0436926252372664e-7,-2.476114499145961,全窓,10000
var_obi,生,符号つき,立会日,10s,sub,587414.0,-0.00001117394573989563,-0.001295258858292893,1.6776955099862087e-6,-0.9927235910771735,全窓,10000
var_obi,生,符号つき,立会日,30s,full,58731115.0,-9.762537919078115e-6,-0.0005362504131825384,2.8756450563844314e-7,-4.109621434160831,全窓,30000
var_obi,生,符号つき,立会日,30s,sub,195734.0,0.000010100080387535344,0.0007458328588227417,5.562666532997038e-7,0.32996855175842277,全窓,30000
var_obi,生,符号つき,立会日,50s,full,58717515.0,-0.000012174848473930898,-0.0005650328579696338,3.1926213058533244e-7,-4.329697944202414,全窓,50000
var_obi,生,符号つき,立会日,50s,sub,117398.0,-0.00007003116043801816,-0.003949036879510859,0.000015594892275736858,-1.3530729931651646,全窓,50000
var_obi,生,符号つき,立会日,100s,full,58683515.0,-0.00002120055990628731,-0.0007539367510459925,5.684206245777869e-7,-5.775546560512714,全窓,100000
var_obi,生,符号つき,立会日,100s,sub,58646.0,-0.0002350580636875417,-0.009466593204635021,0.00008961638690204196,-2.2925824764520657,全窓,100000
var_obi,生,符号つき,閉場日,10ms,full,26766525.0,-2.844715350870941e-8,-0.00010351814912371782,1.071600719800028e-8,-0.5355653612838635,全窓,10
var_obi,生,符号つき,閉場日,10ms,sub,26766525.0,-2.844715350870941e-8,-0.00010351814912371782,1.071600719800028e-8,-0.5355653612838635,全窓,10
var_obi,生,符号つき,閉場日,20ms,full,26766525.0,-7.261203879979242e-8,-0.00018306935339428915,3.351438815220313e-8,-0.9471344526366954,全窓,20
var_obi,生,符号つき,閉場日,20ms,sub,26766525.0,-7.261203879979242e-8,-0.00018306935339428915,3.351438815220313e-8,-0.9471344526366954,全窓,20
var_obi,生,符号つき,閉場日,50ms,full,26766525.0,1.27597837012151e-7,0.00020252408020220787,4.101600306175033e-8,1.0477861586936854,全窓,50
var_obi,生,符号つき,閉場日,50ms,sub,26766525.0,1.27597837012151e-7,0.00020252408020220787,4.101600306175033e-8,1.0477861586936854,全窓,50
var_obi,生,符号つき,閉場日,100ms,full,26766525.0,3.2660130506575854e-8,0.00001979620412515443,3.9188969776478126e-10,0.10241838024883423,全窓,100
var_obi,生,符号つき,閉場日,100ms,sub,26766525.0,3.2660130506575854e-8,0.00001979620412515443,3.9188969776478126e-10,0.10241838024883423,全窓,100
var_obi,生,符号つき,閉場日,500ms,full,26766401.0,-6.268949893494276e-7,-0.00017257345212239573,2.978159637744081e-8,-0.8928303955599962,全窓,500
var_obi,生,符号つき,閉場日,500ms,sub,5353266.0,-8.315651876926961e-7,-0.00024419184898457193,5.962965911050398e-8,-0.5649896693596395,全窓,500
var_obi,生,符号つき,閉場日,1s,full,26766246.0,9.031390639152833e-8,0.000017739641564704622,3.1469488284419586e-10,0.09177799312694682,全窓,1000
var_obi,生,符号つき,閉場日,1s,sub,2676607.0,-4.838706043489902e-6,-0.0010623872985095764,1.1286667720344758e-6,-1.7381019921345244,全窓,1000
var_obi,生,符号つき,閉場日,3s,full,26765626.0,8.769739382223134e-7,0.00014209879488848187,2.019206750875884e-8,0.7351552881092029,全窓,3000
var_obi,生,符号つき,閉場日,3s,sub,892165.0,-0.000017584302088489948,-0.003949647098242956,0.000015599712200659004,-3.7306437980917107,全窓,3000
var_obi,生,符号つき,閉場日,5s,full,26765006.0,-1.3087336461073656e-6,-0.00018775894492830856,3.525342140059161e-8,-0.9713691358408336,全窓,5000
var_obi,生,符号つき,閉場日,5s,sub,535278.0,-0.000015064212195745375,-0.0016150760278390644,2.6084705757004105e-6,-1.1816324885384535,全窓,5000
var_obi,生,符号つき,閉場日,10s,full,26763456.0,-2.323042987469381e-6,-0.00027077439829016083,7.331877476939866e-8,-1.4008082665903776,全窓,10000
var_obi,生,符号つき,閉場日,10s,sub,267610.0,8.801371618556265e-6,0.000701684874400143,4.923616629619444e-7,0.36298758212297744,全窓,10000
var_obi,生,符号つき,閉場日,30s,full,26757256.0,2.042382372125807e-6,0.00015575312493121203,2.4259035925837743e-8,0.8056706534368941,全窓,30000
var_obi,生,符号つき,閉場日,30s,sub,89165.0,4.375537232689505e-6,0.0004069217773014139,1.655853328421415e-7,0.12150756139812947,全窓,30000
var_obi,生,符号つき,閉場日,50s,full,26751056.0,0.000012447376731625335,0.0007614082531446261,5.797425279567511e-7,3.938112830092535,全窓,50000
var_obi,生,符号つき,閉場日,50s,sub,53477.0,0.000022315663593637812,0.0007969679431925358,6.35157902476541e-7,0.18429620291294282,全窓,50000
var_obi,生,符号つき,閉場日,100s,full,26735556.0,0.000015398081504591552,0.0006953784726191617,4.835512201821581e-7,3.5955550350820515,全窓,100000
var_obi,生,符号つき,閉場日,100s,sub,26709.0,-0.00011754072958308693,-0.0029601470196353907,8.762470377856286e-6,-0.4837575291264506,全窓,100000
var_obi,生,絶対値,立会日,10ms,full,58751447.0,2.165731088446614e-6,0.00835531670179261,0.00006981131718725454,64.0453129769305,全窓,10
var_obi,生,絶対値,立会日,10ms,sub,58751447.0,2.165731088446614e-6,0.00835531670179261,0.00006981131718725454,64.0453129769305,全窓,10
var_obi,生,絶対値,立会日,20ms,full,58751447.0,5.297324839013509e-6,0.014572583382184446,0.00021236018643071825,111.70997216486003,全窓,20
var_obi,生,絶対値,立会日,20ms,sub,58751447.0,5.297324839013509e-6,0.014572583382184446,0.00021236018643071825,111.70997216486003,全窓,20
var_obi,生,絶対値,立会日,50ms,full,58751447.0,0.000016864985073840434,0.029784249901685694,0.0008871015422060643,228.39608778794377,全窓,50
var_obi,生,絶対値,立会日,50ms,sub,58751447.0,0.000016864985073840434,0.029784249901685694,0.0008871015422060643,228.39608778794377,全窓,50
var_obi,生,絶対値,立会日,100ms,full,58751447.0,0.00003352532630268301,0.00923679503043212,0.00008531838243421549,70.80258437819879,全窓,100
var_obi,生,絶対値,立会日,100ms,sub,58751447.0,0.00003352532630268301,0.00923679503043212,0.00008531838243421549,70.80258437819879,全窓,100
var_obi,生,絶対値,立会日,500ms,full,58751175.0,0.00010520006203259764,0.013008566296014438,0.00016922279707780278,99.71820561393733,全窓,500
var_obi,生,絶対値,立会日,500ms,sub,11750217.0,0.00010644484933726511,0.013670954989062744,0.00018689501031297952,46.866481224207504,全窓,500
var_obi,生,絶対値,立会日,1s,full,58750835.0,0.00016433044751684654,0.014388846222229338,0.00020703889560696347,110.30061859481853,全窓,1000
var_obi,生,絶対値,立会日,1s,sub,5875059.0,0.00014745883544209064,0.013652281998643864,0.0001863848037704953,33.09419102307156,全窓,1000
var_obi,生,絶対値,立会日,3s,full,58749475.0,0.00029375169580014046,0.024515221234200517,0.0006009960721617959,187.96126028110797,全窓,3000
var_obi,生,絶対値,立会日,3s,sub,1958288.0,0.0002552976681736964,0.013790854374503584,0.00019018766437876465,19.300587759021383,全窓,3000
var_obi,生,絶対値,立会日,5s,full,58748115.0,0.0003723850115324492,0.02996098623011212,0.000897660695880968,229.7460629679993,全窓,5000
var_obi,生,絶対値,立会日,5s,sub,1174933.0,0.00033424380825429625,0.06125810096115607,0.00375255493336719,66.52518642694302,全窓,5000
var_obi,生,絶対値,立会日,10s,full,58744715.0,0.000519089814461692,0.03896218860014356,0.0015180521405131569,298.85300615083025,全窓,10000
var_obi,生,絶対値,立会日,10s,sub,587414.0,0.0004634307980251141,0.060621863004714505,0.003675010274162373,46.54790874597987,全窓,10000
var_obi,生,絶対値,立会日,30s,full,58731115.0,0.0008589070038154832,0.0523027210878939,0.002735574633198021,401.3776962770075,全窓,30000
var_obi,生,絶対値,立会日,30s,sub,195734.0,0.0007392931406822524,0.06517207255555092,0.004247399041185994,28.894602511971755,全窓,30000
var_obi,生,絶対値,立会日,50s,full,58717515.0,0.0010765071040079893,0.05710673119268651,0.003261178747513755,438.30905339845,全窓,50000
var_obi,生,絶対値,立会日,50s,sub,117398.0,0.0009798324622978282,0.06704040688646637,0.0044944161555029675,23.021914733947163,全窓,50000
var_obi,生,絶対値,立会日,100s,full,58683515.0,0.001463892252478267,0.06188353609309989,0.003829572039385997,474.97018779386906,全窓,100000
var_obi,生,絶対値,立会日,100s,sub,58646.0,0.00140572151782304,0.07020463092818041,0.004928690203762026,17.043172934921262,全窓,100000
var_obi,生,絶対値,閉場日,10ms,full,26766525.0,2.679962040439787e-6,0.009758322579277987,0.00009522485956124657,50.48842569847513,全窓,10
var_obi,生,絶対値,閉場日,10ms,sub,26766525.0,2.679962040439787e-6,0.009758322579277987,0.00009522485956124657,50.48842569847513,全窓,10
var_obi,生,絶対値,閉場日,20ms,full,26766525.0,5.934536781275645e-6,0.014979785140011463,0.00022439396284090824,77.50867200075047,全窓,20
var_obi,生,絶対値,閉場日,20ms,sub,26766525.0,5.934536781275645e-6,0.014979785140011463,0.00022439396284090824,77.50867200075047,全窓,20
var_obi,生,絶対値,閉場日,50ms,full,26766525.0,0.00001600051419749197,0.025469671416050284,0.0006487041620415689,131.8136032259924,全窓,50
var_obi,生,絶対値,閉場日,50ms,sub,26766525.0,0.00001600051419749197,0.025469671416050284,0.0006487041620415689,131.8136032259924,全窓,50
var_obi,生,絶対値,閉場日,100ms,full,26766525.0,0.00003082647869673429,0.018714742414790497,0.0003502415836519584,96.84024980270297,全窓,100
var_obi,生,絶対値,閉場日,100ms,sub,26766525.0,0.00003082647869673429,0.018714742414790497,0.0003502415836519584,96.84024980270297,全窓,100
var_obi,生,絶対値,閉場日,500ms,full,26766401.0,0.00010891860627751147,0.030126751438073498,0.0009076211522114635,155.93530534487905,全窓,500
var_obi,生,絶対値,閉場日,500ms,sub,5353266.0,0.00010209403836206219,0.030123028120254598,0.0009073968231336492,69.72765923053338,全窓,500
var_obi,生,絶対値,閉場日,1s,full,26766246.0,0.00016123042704256402,0.031880289538074646,0.0010163528610314717,165.02007638182928,全窓,1000
var_obi,生,絶対値,閉場日,1s,sub,2676607.0,0.00013905174156977375,0.030734067237496675,0.0009445828889589666,50.30572240835576,全窓,1000
var_obi,生,絶対値,閉場日,3s,full,26765626.0,0.00027763752213965113,0.045946794228362835,0.0021111078998635163,237.95936846534548,全窓,3000
var_obi,生,絶対値,閉場日,3s,sub,892165.0,0.0002429384924142142,0.05650329187350184,0.003192621992542139,53.45523370813074,全窓,3000
var_obi,生,絶対値,閉場日,5s,full,26765006.0,0.00035165407186254425,0.05212112534927221,0.0027166117076745464,270.0151596767592,全窓,5000
var_obi,生,絶対値,閉場日,5s,sub,535278.0,0.0002747602816423905,0.029876420575181636,0.0008926005063851366,21.86811567432427,全窓,5000
var_obi,生,絶対値,閉場日,10s,full,26763456.0,0.00048150904458883303,0.05912122776012057,0.003495319571864051,306.39018835179996,全窓,10000
var_obi,生,絶対値,閉場日,10s,sub,267610.0,0.00032269165585364234,0.026179704844133966,0.0006853769457259714,13.547625124209494,全窓,10000
var_obi,生,絶対値,閉場日,30s,full,26757256.0,0.0008008449136255213,0.06644801435698879,0.004415338611986588,344.47973609902454,全窓,30000
var_obi,生,絶対値,閉場日,30s,sub,89165.0,0.0005070124284850086,0.051895883264549456,0.0026931826998077444,15.517110411427925,全窓,30000
var_obi,生,絶対値,閉場日,50s,full,26751056.0,0.0010148961713747108,0.06847001307029489,0.004688142689846353,354.9696896243822,全窓,50000
var_obi,生,絶対値,閉場日,50s,sub,53477.0,0.0006279529804727204,0.022964254906640374,0.0005273570034171565,5.3118071587085876,全窓,50000
var_obi,生,絶対値,閉場日,100s,full,26735556.0,0.001411169192564911,0.07149016352375305,0.005110843480652951,370.5983962651061,全窓,100000
var_obi,生,絶対値,閉場日,100s,sub,26709.0,0.0007781422061953541,0.020112088518822412,0.0004044961045889483,3.287438053463641,全窓,100000
var_obi,log1p,二乗,立会日,10ms,full,20505292.0,8.284859618199033e-10,0.0010071205610419878,1.0142918244735284e-6,4.5605228977689105,動いた窓,10
var_obi,log1p,二乗,立会日,10ms,sub,20505292.0,8.284859618199033e-10,0.0010071205610419878,1.0142918244735284e-6,4.5605228977689105,動いた窓,10
var_obi,log1p,二乗,立会日,20ms,full,20505292.0,1.5378624499845686e-9,0.0016878168267697243,2.8487256407270213e-6,7.642912520716265,動いた窓,20
var_obi,log1p,二乗,立会日,20ms,sub,20505292.0,1.5378624499845686e-9,0.0016878168267697243,2.8487256407270213e-6,7.642912520716265,動いた窓,20
var_obi,log1p,二乗,立会日,50ms,full,20505292.0,2.7981055316071632e-9,0.0018860555820806905,3.5572056586977324e-6,8.540596764289786,動いた窓,50
var_obi,log1p,二乗,立会日,50ms,sub,20505292.0,2.7981055316071632e-9,0.0018860555820806905,3.5572056586977324e-6,8.540596764289786,動いた窓,50
var_obi,log1p,二乗,立会日,100ms,full,20505292.0,-2.4922336408803665e-9,-3.721238432886676e-7,1.3847615474392883e-13,-0.0016850797343477637,動いた窓,100
var_obi,log1p,二乗,立会日,100ms,sub,20505292.0,-2.4922336408803665e-9,-3.721238432886676e-7,1.3847615474392883e-13,-0.0016850797343477637,動いた窓,100
var_obi,log1p,二乗,立会日,500ms,full,20505169.0,1.7505887146247081e-6,0.00011690144430529702,1.3665947680664461e-8,0.5293605040374603,動いた窓,500
var_obi,log1p,二乗,立会日,500ms,sub,4411133.0,0.000015141022025409182,0.001053330920021705,1.1095060270737714e-6,2.2122797881001,動いた窓,500
var_obi,log1p,二乗,立会日,1s,full,20505026.0,7.586593509023883e-6,0.0003415625117518331,1.1666494943422111e-7,1.5466796265534328,動いた窓,1000
var_obi,log1p,二乗,立会日,1s,sub,2311028.0,-6.682414801927464e-6,-0.0003358102046263409,1.1276849353118496e-7,-0.510500685523638,動いた窓,1000
var_obi,log1p,二乗,立会日,3s,full,20504457.0,9.733826708150341e-6,0.00048465472425222595,2.3489020174000117e-7,2.1946062751253765,動いた窓,3000
var_obi,log1p,二乗,立会日,3s,sub,769666.0,-0.000020429767418778854,-0.000595025526751511,3.5405537748591315e-7,-0.5220189407854323,動いた窓,3000
var_obi,log1p,二乗,立会日,5s,full,20503915.0,5.278768094387769e-6,0.0002981211452921415,8.887621727029813e-8,1.349929771743458,動いた窓,5000
var_obi,log1p,二乗,立会日,5s,sub,464483.0,-1.9337902946239468e-7,-0.00034576618768776324,1.1955425654812951e-7,-0.23564950090051487,動いた窓,5000
var_obi,log1p,二乗,立会日,10s,full,20502577.0,1.8109961758907916e-6,0.00009028097111949451,8.150653746279002e-9,0.40879015532931673,動いた窓,10000
var_obi,log1p,二乗,立会日,10s,sub,229278.0,4.038143784211932e-7,0.004165257147605612,0.00001734936710567964,1.9944579478942936,動いた窓,10000
var_obi,log1p,二乗,立会日,30s,full,20497353.0,-2.2168108034525206e-6,-0.00014819929999832326,2.1963032519993017e-8,-0.6709575221086034,動いた窓,30000
var_obi,log1p,二乗,立会日,30s,sub,78208.0,1.1542534835735269e-6,0.017007474831826415,0.00028925420015520894,4.756885452644468,動いた窓,30000
var_obi,log1p,二乗,立会日,50s,full,20491896.0,-3.914048524274581e-7,-0.000018462535980287836,3.408652348234229e-10,-0.08357615845842419,動いた窓,50000
var_obi,log1p,二乗,立会日,50s,sub,45914.0,-6.49256273302214e-7,-0.0007203039965371041,5.188378474273244e-7,-0.1543401944091866,動いた窓,50000
var_obi,log1p,二乗,立会日,100s,full,20479281.0,0.00001146376384362724,0.0005673512185467023,3.21887405186428e-7,2.567493738899559,動いた窓,100000
var_obi,log1p,二乗,立会日,100s,sub,22637.0,8.785198255200313e-8,0.00006683442964083256,4.466840985415398e-9,0.010055194983515047,動いた窓,100000
var_obi,log1p,二乗,閉場日,10ms,full,3776077.0,7.9089636772288e-10,0.0018624518843429613,3.468727021492647e-6,3.6191461454089424,動いた窓,10
var_obi,log1p,二乗,閉場日,10ms,sub,3776077.0,7.9089636772288e-10,0.0018624518843429613,3.468727021492647e-6,3.6191461454089424,動いた窓,10
var_obi,log1p,二乗,閉場日,20ms,full,3776077.0,2.0498488446972685e-9,0.00355854964068257,0.00001266327554520205,6.915062092123196,動いた窓,20
var_obi,log1p,二乗,閉場日,20ms,sub,3776077.0,2.0498488446972685e-9,0.00355854964068257,0.00001266327554520205,6.915062092123196,動いた窓,20
var_obi,log1p,二乗,閉場日,50ms,full,3776077.0,3.4194456083053053e-9,0.002978914550676238,8.873931900230614e-6,5.788689813431361,動いた窓,50
var_obi,log1p,二乗,閉場日,50ms,sub,3776077.0,3.4194456083053053e-9,0.002978914550676238,8.873931900230614e-6,5.788689813431361,動いた窓,50
var_obi,log1p,二乗,閉場日,100ms,full,3776077.0,8.062772035274284e-9,0.0027172644235459887,7.383525947468714e-6,5.280241812818073,動いた窓,100
var_obi,log1p,二乗,閉場日,100ms,sub,3776077.0,8.062772035274284e-9,0.0027172644235459887,7.383525947468714e-6,5.280241812818073,動いた窓,100
var_obi,log1p,二乗,閉場日,500ms,full,3776038.0,-7.203354405289315e-8,-0.0002016286341716226,4.065410611791402e-8,-0.3918052762405469,動いた窓,500
var_obi,log1p,二乗,閉場日,500ms,sub,851495.0,1.0628261799085436e-8,0.0007219631087108149,5.212307303393839e-7,0.6662015833093368,動いた窓,500
var_obi,log1p,二乗,閉場日,1s,full,3775983.0,1.5794812823585304e-7,0.0003123561907309018,9.75663898879195e-8,0.6069669434159489,動いた窓,1000
var_obi,log1p,二乗,閉場日,1s,sub,468497.0,6.112101647434655e-8,0.002041425575661921,4.167418380966605e-6,1.3972912405628468,動いた窓,1000
var_obi,log1p,二乗,閉場日,3s,full,3775803.0,3.144654985728091e-8,0.00004396254544775619,1.932705402246029e-9,0.08542547046759472,動いた窓,3000
var_obi,log1p,二乗,閉場日,3s,sub,149232.0,-4.580374273170976e-8,-0.0006115406827634163,3.739820066747453e-7,-0.23624003836726556,動いた窓,3000
var_obi,log1p,二乗,閉場日,5s,full,3775636.0,3.7364621691719454e-7,0.0010405370922314415,1.0827174403094633e-6,2.021867751886676,動いた窓,5000
var_obi,log1p,二乗,閉場日,5s,sub,93730.0,1.0927016189591841e-7,0.00742059864365922,0.00005506528423027706,2.271880977663876,動いた窓,5000
var_obi,log1p,二乗,閉場日,10s,full,3775215.0,8.152956504575798e-7,0.001314996639719146,1.7292161624726457e-6,2.555028497883145,動いた窓,10000
var_obi,log1p,二乗,閉場日,10s,sub,47766.0,2.0345070923597185e-7,0.007706497422511384,0.00005939010252317461,1.6843032207274735,動いた窓,10000
var_obi,log1p,二乗,閉場日,30s,full,3773523.0,2.0214736808862093e-6,0.002807055914163904,7.879562905242552e-6,5.452882759066864,動いた窓,30000
var_obi,log1p,二乗,閉場日,30s,sub,15179.0,2.440763739849101e-7,0.00464995937664784,0.000021622122204475167,0.5728577871894853,動いた窓,30000
var_obi,log1p,二乗,閉場日,50s,full,3771868.0,1.6214802100750448e-6,0.003137775841964927,9.845637234418705e-6,6.093996223185572,動いた窓,50000
var_obi,log1p,二乗,閉場日,50s,sub,9506.0,-0.00003364375915272721,-0.00486567186997757,0.000023674762746291024,-0.47435247675706294,動いた窓,50000
var_obi,log1p,二乗,閉場日,100s,full,3768003.0,3.1070782131048105e-6,0.0037847512135563547,0.0000143243417485163,7.346761680343767,動いた窓,100000
var_obi,log1p,二乗,閉場日,100s,sub,4747.0,-0.00006777122692813618,-0.006879945816615282,0.000047333654439562115,-0.4739291316980639,動いた窓,100000
var_obi,log1p,符号つき,立会日,10ms,full,20505292.0,-2.940454599770229e-8,-0.00015855268615954602,2.5138954288407495e-8,-0.7179704457282393,動いた窓,10
var_obi,log1p,符号つき,立会日,10ms,sub,20505292.0,-2.940454599770229e-8,-0.00015855268615954602,2.5138954288407495e-8,-0.7179704457282393,動いた窓,10
var_obi,log1p,符号つき,立会日,20ms,full,20505292.0,-7.0550467308049945e-9,-0.000027344365843224324,7.477143433680931e-10,-0.1238228551576257,動いた窓,20
var_obi,log1p,符号つき,立会日,20ms,sub,20505292.0,-7.0550467308049945e-9,-0.000027344365843224324,7.477143433680931e-10,-0.1238228551576257,動いた窓,20
var_obi,log1p,符号つき,立会日,50ms,full,20505292.0,2.9260761092765536e-8,0.00006632914609328699,4.3995556214646085e-9,0.3003567283850393,動いた窓,50
var_obi,log1p,符号つき,立会日,50ms,sub,20505292.0,2.9260761092765536e-8,0.00006632914609328699,4.3995556214646085e-9,0.3003567283850393,動いた窓,50
var_obi,log1p,符号つき,立会日,100ms,full,20505292.0,8.400721956440188e-8,0.00002433676690525474,5.922782234007024e-10,0.11020361490763048,動いた窓,100
var_obi,log1p,符号つき,立会日,100ms,sub,20505292.0,8.400721956440188e-8,0.00002433676690525474,5.922782234007024e-10,0.11020361490763048,動いた窓,100
var_obi,log1p,符号つき,立会日,500ms,full,20505169.0,-2.433850575189485e-7,-0.000031439331775208816,9.884315824716546e-10,-0.14236556706833658,動いた窓,500
var_obi,log1p,符号つき,立会日,500ms,sub,4411133.0,-6.685493701257297e-6,-0.000895536936256062,8.019864041988941e-7,-1.8808694601974523,動いた窓,500
var_obi,log1p,符号つき,立会日,1s,full,20505026.0,-3.2523065933059376e-6,-0.00028305697593362315,8.012125162468772e-8,-1.281752050556007,動いた窓,1000
var_obi,log1p,符号つき,立会日,1s,sub,2311028.0,3.3460780622612435e-6,0.0003227443241134642,1.0416389874745682e-7,0.49063785355560074,動いた窓,1000
var_obi,log1p,符号つき,立会日,3s,full,20504457.0,-2.0165070110059743e-6,-0.00018327780112648769,3.359075238576037e-8,-0.8299157149047945,動いた窓,3000
var_obi,log1p,符号つき,立会日,3s,sub,769666.0,9.267085692701561e-6,0.0005183835889450308,2.687215452875307e-7,0.4547805569839273,動いた窓,3000
var_obi,log1p,符号つき,立会日,5s,full,20503915.0,2.1752620378877554e-7,0.000020817344597354755,4.333618360850152e-10,0.09426353159339033,動いた窓,5000
var_obi,log1p,符号つき,立会日,5s,sub,464483.0,7.941620314078648e-6,0.0014232219301540507,2.0255606624714216e-6,0.969967189025734,動いた窓,5000
var_obi,log1p,符号つき,立会日,10s,full,20502577.0,2.41405443617715e-6,0.00019133429331668456,3.6608811798995085e-8,0.8663572802530364,動いた窓,10000
var_obi,log1p,符号つき,立会日,10s,sub,229278.0,-8.97658083064497e-6,-0.001256024366710542,1.5775972097706182e-6,-0.6014197772715392,動いた窓,10000
var_obi,log1p,符号つき,立会日,30s,full,20497353.0,6.5297942099627675e-6,0.0004268049470671747,1.8216246284101382e-7,1.932316904662322,動いた窓,30000
var_obi,log1p,符号つき,立会日,30s,sub,78208.0,0.00002388194837825381,0.001961523231052882,3.847573385960137e-6,0.5485476114016677,動いた窓,30000
var_obi,log1p,符号つき,立会日,50s,full,20491896.0,0.000017442488021817636,0.000857534887017031,7.35366082451312e-7,3.8818880578990695,動いた窓,50000
var_obi,log1p,符号つき,立会日,50s,sub,45914.0,-0.00011244050544068212,-0.006502918149182832,0.00004228794445497147,-1.3934153050516962,動いた窓,50000
var_obi,log1p,符号つき,立会日,100s,full,20479281.0,0.00003146474289191593,0.001194193409531838,1.4260978993692762e-6,5.404211173926984,動いた窓,100000
var_obi,log1p,符号つき,立会日,100s,sub,22637.0,-0.00031451210657064556,-0.01289544662543053,0.00016629254366932764,-1.9402725995257117,動いた窓,100000
var_obi,log1p,符号つき,閉場日,10ms,full,3776077.0,-3.8322282660520185e-8,-0.00022652427033086577,5.1313245048931154e-8,-0.44018481543635063,動いた窓,10
var_obi,log1p,符号つき,閉場日,10ms,sub,3776077.0,-3.8322282660520185e-8,-0.00022652427033086577,5.1313245048931154e-8,-0.44018481543635063,動いた窓,10
var_obi,log1p,符号つき,閉場日,20ms,full,3776077.0,-1.0029146967059922e-7,-0.00041801515627917573,1.747366708791037e-7,-0.8122923671833728,動いた窓,20
var_obi,log1p,符号つき,閉場日,20ms,sub,3776077.0,-1.0029146967059922e-7,-0.00041801515627917573,1.747366708791037e-7,-0.8122923671833728,動いた窓,20
var_obi,log1p,符号つき,閉場日,50ms,full,3776077.0,9.881162524239864e-8,0.00023570216663430226,5.5555511356104395e-8,0.4580194201106941,動いた窓,50
var_obi,log1p,符号つき,閉場日,50ms,sub,3776077.0,9.881162524239864e-8,0.00023570216663430226,5.5555511356104395e-8,0.4580194201106941,動いた窓,50
var_obi,log1p,符号つき,閉場日,100ms,full,3776077.0,-2.7822212085282435e-7,-0.00044195164311375485,1.9532125485094772e-7,-0.8588060616169778,動いた窓,100
var_obi,log1p,符号つき,閉場日,100ms,sub,3776077.0,-2.7822212085282435e-7,-0.00044195164311375485,1.9532125485094772e-7,-0.8588060616169778,動いた窓,100
var_obi,log1p,符号つき,閉場日,500ms,full,3776038.0,-1.6028733283961041e-6,-0.0008530793576795115,7.277443904988879e-7,-1.657706553391434,動いた窓,500
var_obi,log1p,符号つき,閉場日,500ms,sub,851495.0,-2.1359757589307837e-6,-0.001550306813337054,2.403451215479291e-6,-1.430568699695839,動いた窓,500
var_obi,log1p,符号つき,閉場日,1s,full,3775983.0,-1.0629339279143187e-6,-0.0003964116368174706,1.5714218580430622e-7,-0.7703025387069424,動いた窓,1000
var_obi,log1p,符号つき,閉場日,1s,sub,468497.0,-5.780710813235528e-6,-0.0030189674816665703,9.114164655360194e-6,-2.0663928686261714,動いた窓,1000
var_obi,log1p,符号つき,閉場日,3s,full,3775803.0,1.7980733787226203e-6,0.000440263775427469,1.9383219195364887e-7,0.8554951350364998,動いた窓,3000
var_obi,log1p,符号つき,閉場日,3s,sub,149232.0,-0.00002622895375559607,-0.007748783258556222,0.00006004364198808118,-2.993468011520226,動いた窓,3000
var_obi,log1p,符号つき,閉場日,5s,full,3775636.0,-2.0049006163408695e-6,-0.00047305239157194914,2.237785651719407e-7,-0.9191877654790019,動いた窓,5000
var_obi,log1p,符号つき,閉場日,5s,sub,93730.0,-0.000025273568116815897,-0.006933873223796622,0.00004807859788368376,-2.1228583301683024,動いた窓,5000
var_obi,log1p,符号つき,閉場日,10s,full,3775215.0,-4.579531325521696e-6,-0.0007764809809229341,6.02922713735042e-7,-1.5086958073906764,動いた窓,10000
var_obi,log1p,符号つき,閉場日,10s,sub,47766.0,8.070525730357254e-6,0.0016603880278821402,2.756888403134343e-6,0.3628779143395521,動いた窓,10000
var_obi,log1p,符号つき,閉場日,30s,full,3773523.0,-7.4385088640065975e-6,-0.0007734629956460797,5.982450056338076e-7,-1.5024950723504127,動いた窓,30000
var_obi,log1p,符号つき,閉場日,30s,sub,15179.0,-0.00005939807346193936,-0.007255658955501778,0.00005264458687855315,-0.8938841980957509,動いた窓,30000
var_obi,log1p,符号つき,閉場日,50s,full,3771868.0,3.5872826873964283e-6,0.0002992708967384029,8.956306963460781e-8,0.5812227864309858,動いた窓,50000
var_obi,log1p,符号つき,閉場日,50s,sub,9506.0,0.00012807573707488974,0.004906223139003489,0.000024071025489693246,0.47830589912712274,動いた窓,50000
var_obi,log1p,符号つき,閉場日,100s,full,3768003.0,9.60055280334902e-6,0.0005736491646808712,3.290733641390613e-7,1.113530050417856,動いた窓,100000
var_obi,log1p,符号つき,閉場日,100s,sub,4747.0,0.00010124813575693562,0.0027345225693190425,7.477613682115217e-6,0.18836544863350713,動いた窓,100000
var_obi,log1p,絶対値,立会日,10ms,full,20505292.0,1.866107212865026e-6,0.010107462705161514,0.0001021608023362309,45.77172610486802,動いた窓,10
var_obi,log1p,絶対値,立会日,10ms,sub,20505292.0,1.866107212865026e-6,0.010107462705161514,0.0001021608023362309,45.77172610486802,動いた窓,10
var_obi,log1p,絶対値,立会日,20ms,full,20505292.0,4.7744598171859585e-6,0.018681838638412628,0.000349011094911687,84.611301313992,動いた窓,20
var_obi,log1p,絶対値,立会日,20ms,sub,20505292.0,4.7744598171859585e-6,0.018681838638412628,0.000349011094911687,84.611301313992,動いた窓,20
var_obi,log1p,絶対値,立会日,50ms,full,20505292.0,9.57039464471159e-6,0.02231650571254811,0.0004980264272181925,101.08048667101912,動いた窓,50
var_obi,log1p,絶対値,立会日,50ms,sub,20505292.0,9.57039464471159e-6,0.02231650571254811,0.0004980264272181925,101.08048667101912,動いた窓,50
var_obi,log1p,絶対値,立会日,100ms,full,20505292.0,0.00001720625512011322,0.004993460870601002,0.000024934651466223315,22.612054497015876,動いた窓,100
var_obi,log1p,絶対値,立会日,100ms,sub,20505292.0,0.00001720625512011322,0.004993460870601002,0.000024934651466223315,22.612054497015876,動いた窓,100
var_obi,log1p,絶対値,立会日,500ms,full,20505169.0,0.00003823019179059833,0.004960223829165838,0.00002460382043542461,22.461475016864465,動いた窓,500
var_obi,log1p,絶対値,立会日,500ms,sub,4411133.0,0.00004796078750783017,0.006453633956240119,0.000041649391241135484,13.55465134255105,動いた窓,500
var_obi,log1p,絶対値,立会日,1s,full,20505026.0,0.000059224060847918434,0.0051814744322491255,0.000026847677292051398,23.463312800844704,動いた窓,1000
var_obi,log1p,絶対値,立会日,1s,sub,2311028.0,0.00005741772292823391,0.005571428152486813,0.00003104081165832262,8.469849444948,動いた窓,1000
var_obi,log1p,絶対値,立会日,3s,full,20504457.0,0.00011211154605327192,0.01042366229935343,0.00010865273573096202,47.20283063935252,動いた窓,3000
var_obi,log1p,絶対値,立会日,3s,sub,769666.0,0.00009249283321076328,0.0052153158433260296,0.000027199519345647496,4.575484704512251,動いた窓,3000
var_obi,log1p,絶対値,立会日,5s,full,20503915.0,0.0001429794221773457,0.014325709380723108,0.00020522594926093807,64.87525540381493,動いた窓,5000
var_obi,log1p,絶対値,立会日,5s,sub,464483.0,0.0001376527274626586,0.02921574559865851,0.0008535597908855341,19.919864422422624,動いた窓,5000
var_obi,log1p,絶対値,立会日,10s,full,20502577.0,0.00020644019007479874,0.017542364456053994,0.00030773455070902655,79.44364612032125,動いた窓,10000
var_obi,log1p,絶対値,立会日,10s,sub,229278.0,0.00019313165150322106,0.03436072381014712,0.0011806593407572112,16.462588786784902,動いた窓,10000
var_obi,log1p,絶対値,立会日,30s,full,20497353.0,0.0003555358583218045,0.027574916421141092,0.0007603760156329166,124.89016810959258,動いた窓,30000
var_obi,log1p,絶対値,立会日,30s,sub,78208.0,0.00030076198064036126,0.03268265829980011,0.0010681561535414931,9.144700393378402,動いた窓,30000
var_obi,log1p,絶対値,立会日,50s,full,20491896.0,0.0004592567332404738,0.02661703482737749,0.0007084665430018263,120.53262622390152,動いた窓,50000
var_obi,log1p,絶対値,立会日,50s,sub,45914.0,0.0003999425932324918,0.029405149738471498,0.0008646628311419304,6.303392367615216,動いた窓,50000
var_obi,log1p,絶対値,立会日,100s,full,20479281.0,0.0006507766171835778,0.030452302762462993,0.0009273427435367112,137.87290732686895,動いた窓,100000
var_obi,log1p,絶対値,立会日,100s,sub,22637.0,0.0005785044896155689,0.030678483015770364,0.0009411693201489107,4.6177306683942545,動いた窓,100000
var_obi,log1p,絶対値,閉場日,10ms,full,3776077.0,1.977301492299302e-6,0.011706074647826421,0.00013703218366048448,22.74894984582359,動いた窓,10
var_obi,log1p,絶対値,閉場日,10ms,sub,3776077.0,1.977301492299302e-6,0.011706074647826421,0.00013703218366048448,22.74894984582359,動いた窓,10
var_obi,log1p,絶対値,閉場日,20ms,full,3776077.0,4.632128508633382e-6,0.01936782028796726,0.00037511246270699613,37.64285219128092,動いた窓,20
var_obi,log1p,絶対値,閉場日,20ms,sub,3776077.0,4.632128508633382e-6,0.01936782028796726,0.00037511246270699613,37.64285219128092,動いた窓,20
var_obi,log1p,絶対値,閉場日,50ms,full,3776077.0,9.283643589430214e-6,0.022344796522184664,0.0004992899316178358,43.431532763100805,動いた窓,50
var_obi,log1p,絶対値,閉場日,50ms,sub,3776077.0,9.283643589430214e-6,0.022344796522184664,0.0004992899316178358,43.431532763100805,動いた窓,50
var_obi,log1p,絶対値,閉場日,100ms,full,3776077.0,0.000016980835851208326,0.02740575221025419,0.0007510752542098525,53.275212139889575,動いた窓,100
var_obi,log1p,絶対値,閉場日,100ms,sub,3776077.0,0.000016980835851208326,0.02740575221025419,0.0007510752542098525,53.275212139889575,動いた窓,100
var_obi,log1p,絶対値,閉場日,500ms,full,3776038.0,0.00004698031623975095,0.02570205787120662,0.0006605957788148542,49.96080807705934,動いた窓,500
var_obi,log1p,絶対値,閉場日,500ms,sub,851495.0,0.00004704895398452589,0.035805935310252224,0.001282065003441967,33.06162070661839,動いた窓,500
var_obi,log1p,絶対値,閉場日,1s,full,3775983.0,0.00006600063944923741,0.025455198770272993,0.0006479671444341077,49.48027933125375,動いた窓,1000
var_obi,log1p,絶対値,閉場日,1s,sub,468497.0,0.00006553989996030074,0.036167665479921764,0.0013081000262675244,24.771778814771714,動いた窓,1000
var_obi,log1p,絶対値,閉場日,3s,full,3775803.0,0.0001046578975329746,0.0270891810397157,0.0007338237294024926,52.65745078301407,動いた窓,3000
var_obi,log1p,絶対値,閉場日,3s,sub,149232.0,0.00009513200571016565,0.030194412195125753,0.0009117025278091588,11.669512484060702,動いた窓,3000
var_obi,log1p,絶対値,閉場日,5s,full,3775636.0,0.00013044805321977068,0.03385417127348388,0.001146104912614381,65.81973772923091,動いた窓,5000
var_obi,log1p,絶対値,閉場日,5s,sub,93730.0,0.00011664618179985496,0.03537719901529386,0.001251546210167709,10.83752368816631,動いた窓,5000
var_obi,log1p,絶対値,閉場日,10s,full,3775215.0,0.00017666227123424612,0.03329689870750935,0.0011086834635381376,64.73145902509515,動いた窓,10000
var_obi,log1p,絶対値,閉場日,10s,sub,47766.0,0.0001208941681543544,0.027763206396301466,0.0007707956294036346,6.069982056218377,動いた窓,10000
var_obi,log1p,絶対値,閉場日,30s,full,3773523.0,0.00029125702079543813,0.03457219652199027,0.0011952367723551162,67.19857386424626,動いた窓,30000
var_obi,log1p,絶対値,閉場日,30s,sub,15179.0,0.00009682621818028285,0.013572864064631,0.00018422263891695157,1.6722625877779416,動いた窓,30000
var_obi,log1p,絶対値,閉場日,50s,full,3771868.0,0.00037202580205683485,0.03595346525934706,0.0012926516641550761,69.87145062646599,動いた窓,50000
var_obi,log1p,絶対値,閉場日,50s,sub,9506.0,0.00007929181351677862,0.0031055810036425837,9.644633370185678e-6,0.30275977211462385,動いた窓,50000
var_obi,log1p,絶対値,閉場日,100s,full,3768003.0,0.0005365331807839819,0.03737297946133151,0.0013967395938171067,72.5966761728479,動いた窓,100000
var_obi,log1p,絶対値,閉場日,100s,sub,4747.0,9.56765826587423e-6,0.00026429005170323314,6.984923142929766e-8,0.01820534609070839,動いた窓,100000
var_obi,生,二乗,立会日,10ms,full,20505292.0,6.713976432054115e-10,0.0010405859836232847,1.082819189313239e-6,4.712063829879434,動いた窓,10
var_obi,生,二乗,立会日,10ms,sub,20505292.0,6.713976432054115e-10,0.0010405859836232847,1.082819189313239e-6,4.712063829879434,動いた窓,10
var_obi,生,二乗,立会日,20ms,full,20505292.0,1.2374472402680012e-9,0.0017315552828947147,2.9982836977205953e-6,7.840973221552067,動いた窓,20
var_obi,生,二乗,立会日,20ms,sub,20505292.0,1.2374472402680012e-9,0.0017315552828947147,2.9982836977205953e-6,7.840973221552067,動いた窓,20
var_obi,生,二乗,立会日,50ms,full,20505292.0,2.3098611916306814e-9,0.001985080532665048,3.940544721165751e-6,8.989011662617337,動いた窓,50
var_obi,生,二乗,立会日,50ms,sub,20505292.0,2.3098611916306814e-9,0.001985080532665048,3.940544721165751e-6,8.989011662617337,動いた窓,50
var_obi,生,二乗,立会日,100ms,full,20505292.0,-7.1289000831023e-8,-0.000013571352233168498,1.8418160143672757e-10,-0.06145483830277414,動いた窓,100
var_obi,生,二乗,立会日,100ms,sub,20505292.0,-7.1289000831023e-8,-0.000013571352233168498,1.8418160143672757e-10,-0.06145483830277414,動いた窓,100
var_obi,生,二乗,立会日,500ms,full,20505169.0,1.1772124104212405e-6,0.00010022876101096964,1.0045804533794069e-8,0.45386220561327734,動いた窓,500
var_obi,生,二乗,立会日,500ms,sub,4411133.0,0.000011210918741593341,0.0009952203248296274,9.90463494953989e-7,2.0902316987269125,動いた窓,500
var_obi,生,二乗,立会日,1s,full,20505026.0,6.296163267756162e-6,0.0003614108923713668,1.3061783312466767e-7,1.6365580200182155,動いた窓,1000
var_obi,生,二乗,立会日,1s,sub,2311028.0,-4.866161830482323e-6,-0.0003122969439506639,9.75293812009241e-8,-0.4747556821162676,動いた窓,1000
var_obi,生,二乗,立会日,3s,full,20504457.0,7.548923368858574e-6,0.0004792209865822785,2.2965275398089232e-7,2.1700012997785105,動いた窓,3000
var_obi,生,二乗,立会日,3s,sub,769666.0,-0.000014819790876068275,-0.0005514748771393044,3.0412454011581085e-7,-0.4838117208494195,動いた窓,3000
var_obi,生,二乗,立会日,5s,full,20503915.0,4.009743805540932e-6,0.000288721392003763,8.336004220059056e-8,1.3073665115172646,動いた窓,5000
var_obi,生,二乗,立会日,5s,sub,464483.0,-1.327537601547722e-7,-0.0003030888148114563,9.186282966381324e-8,-0.20656365339703575,動いた窓,5000
var_obi,生,二乗,立会日,10s,full,20502577.0,1.3225102611055487e-6,0.00008405809957773801,7.065764104620919e-9,0.38061313628261667,動いた窓,10000
var_obi,生,二乗,立会日,10s,sub,229278.0,3.207629637272426e-7,0.004221096789683843,0.000017817658107879247,2.02119622245042,動いた窓,10000
var_obi,生,二乗,立会日,30s,full,20497353.0,-1.6208590102619246e-6,-0.00013815399813335197,1.908652720023022e-8,-0.6254784207798533,動いた窓,30000
var_obi,生,二乗,立会日,30s,sub,78208.0,8.818797453584339e-7,0.01655983830046914,0.00027422824453768465,4.631649477791134,動いた窓,30000
var_obi,生,二乗,立会日,50s,full,20491896.0,-4.6462916155903923e-7,-0.000027942939269723303,7.808078550314447e-10,-0.12649202272145402,動いた窓,50000
var_obi,生,二乗,立会日,50s,sub,45914.0,-3.788076636322293e-7,-0.0005353365273599527,2.8658519752581335e-7,-0.11470703273822472,動いた窓,50000
var_obi,生,二乗,立会日,100s,full,20479281.0,8.459942396069438e-6,0.0005338168690275316,2.849604496583568e-7,2.415737199176932,動いた窓,100000
var_obi,生,二乗,立会日,100s,sub,22637.0,3.6722050856617606e-7,0.0003564316041052072,1.2704348840501116e-7,0.05362489837172149,動いた窓,100000
var_obi,生,二乗,閉場日,10ms,full,3776077.0,6.263037812720313e-10,0.0018624322887378342,3.4686540301332474e-6,3.619108066785084,動いた窓,10
var_obi,生,二乗,閉場日,10ms,sub,3776077.0,6.263037812720313e-10,0.0018624322887378342,3.4686540301332474e-6,3.619108066785084,動いた窓,10
var_obi,生,二乗,閉場日,20ms,full,3776077.0,1.6483090267779914e-9,0.0036134313308110243,0.00001305688598248673,7.021710938123818,動いた窓,20
var_obi,生,二乗,閉場日,20ms,sub,3776077.0,1.6483090267779914e-9,0.0036134313308110243,0.00001305688598248673,7.021710938123818,動いた窓,20
var_obi,生,二乗,閉場日,50ms,full,3776077.0,2.8084333873131193e-9,0.0030895587002895677,9.545372962534963e-6,6.003697882691418,動いた窓,50
var_obi,生,二乗,閉場日,50ms,sub,3776077.0,2.8084333873131193e-9,0.0030895587002895677,9.545372962534963e-6,6.003697882691418,動いた窓,50
var_obi,生,二乗,閉場日,100ms,full,3776077.0,6.17164235322683e-9,0.0026265051123770854,6.898529105342966e-6,5.103875291872685,動いた窓,100
var_obi,生,二乗,閉場日,100ms,sub,3776077.0,6.17164235322683e-9,0.0026265051123770854,6.898529105342966e-6,5.103875291872685,動いた窓,100
var_obi,生,二乗,閉場日,500ms,full,3776038.0,-5.269031704289016e-8,-0.00018624230547217342,3.468619634759036e-8,-0.3619065219841174,動いた窓,500
var_obi,生,二乗,閉場日,500ms,sub,851495.0,8.057425108346476e-9,0.0006926068261487478,4.797042156278419e-7,0.6391126486152262,動いた窓,500
var_obi,生,二乗,閉場日,1s,full,3775983.0,1.0270497790352046e-7,0.00025648226731300803,6.57831534460213e-8,0.4983933726209952,動いた窓,1000
var_obi,生,二乗,閉場日,1s,sub,468497.0,4.285048306761564e-8,0.0018127018518230287,3.2858880036026372e-6,1.2407365387676188,動いた窓,1000
var_obi,生,二乗,閉場日,3s,full,3775803.0,1.2745628059017525e-8,0.00002250099377823329,5.062947210080932e-10,0.04372262703503699,動いた窓,3000
var_obi,生,二乗,閉場日,3s,sub,149232.0,-3.675167325782491e-8,-0.0006198055242671136,3.8415888791203156e-7,-0.23943277316648515,動いた窓,3000
var_obi,生,二乗,閉場日,5s,full,3775636.0,2.6713089360442905e-7,0.000939402723686407,8.8247747726944e-7,1.8253533651741483,動いた窓,5000
var_obi,生,二乗,閉場日,5s,sub,93730.0,8.005841883892107e-8,0.006904457060086132,0.00004767152729457324,2.113851916356623,動いた窓,5000
var_obi,生,二乗,閉場日,10s,full,3775215.0,5.909216220253783e-7,0.001203564745256481,1.4485680960242979e-6,2.3385168439042876,動いた窓,10000
var_obi,生,二乗,閉場日,10s,sub,47766.0,1.533987275474367e-7,0.007385735939741049,0.000054549095371582596,1.6141948847093284,動いた窓,10000
var_obi,生,二乗,閉場日,30s,full,3773523.0,1.5551440834602088e-6,0.0027269698215029556,7.436364407387861e-6,5.297309310429762,動いた窓,30000
var_obi,生,二乗,閉場日,30s,sub,15179.0,1.2575901736043292e-7,0.003040883281977703,9.246971134611488e-6,0.3746232489498914,動いた窓,30000
var_obi,生,二乗,閉場日,50s,full,3771868.0,1.2395828990940593e-6,0.0030290816714522236,9.175335772327796e-6,5.882895085110588,動いた窓,50000
var_obi,生,二乗,閉場日,50s,sub,9506.0,-0.000024650501753901888,-0.004535840792227602,0.00002057385169243592,-0.4421966863883766,動いた窓,50000
var_obi,生,二乗,閉場日,100s,full,3768003.0,2.4061481356281253e-6,0.0037010972512403597,0.000013698120863138947,7.1843747217295295,動いた窓,100000
var_obi,生,二乗,閉場日,100s,sub,4747.0,-0.00004941581397454337,-0.006398423712936807,0.00004093982601027204,-0.4407577880122257,動いた窓,100000
var_obi,生,符号つき,立会日,10ms,full,20505292.0,-3.059347777574221e-8,-0.00021032448092044432,4.4236387274454346e-8,-0.952407470435285,動いた窓,10
var_obi,生,符号つき,立会日,10ms,sub,20505292.0,-3.059347777574221e-8,-0.00021032448092044432,4.4236387274454346e-8,-0.952407470435285,動いた窓,10
var_obi,生,符号つき,立会日,20ms,full,20505292.0,-1.377015783337951e-8,-0.000068046960361298,4.630388814412062e-9,-0.3081354667868001,動いた窓,20
var_obi,生,符号つき,立会日,20ms,sub,20505292.0,-1.377015783337951e-8,-0.000068046960361298,4.630388814412062e-9,-0.3081354667868001,動いた窓,20
var_obi,生,符号つき,立会日,50ms,full,20505292.0,1.899761996885269e-9,5.490600365978179e-6,3.014669237887971e-11,0.0248629577843899,動いた窓,50
var_obi,生,符号つき,立会日,50ms,sub,20505292.0,1.899761996885269e-9,5.490600365978179e-6,3.014669237887971e-11,0.0248629577843899,動いた窓,50
var_obi,生,符号つき,立会日,100ms,full,20505292.0,7.733423937799366e-8,0.000028564060278425717,8.159055395895379e-10,0.12934596907341323,動いた窓,100
var_obi,生,符号つき,立会日,100ms,sub,20505292.0,7.733423937799366e-8,0.000028564060278425717,8.159055395895379e-10,0.12934596907341323,動いた窓,100
var_obi,生,符号つき,立会日,500ms,full,20505169.0,-6.688823589182622e-8,-0.000011016177243848875,1.2135616106789378e-10,-0.049884149280889294,動いた窓,500
var_obi,生,符号つき,立会日,500ms,sub,4411133.0,-4.913566914850656e-6,-0.0008398762185003984,7.053920624025289e-7,-1.7639668331634952,動いた窓,500
var_obi,生,符号つき,立会日,1s,full,20505026.0,-2.768589232869941e-6,-0.00030721525786026396,9.438121466214848e-8,-1.3911467408046703,動いた窓,1000
var_obi,生,符号つき,立会日,1s,sub,2311028.0,2.4445885984899567e-6,0.00030112655394500475,9.067720149079385e-8,0.4577743868485228,動いた窓,1000
var_obi,生,符号つき,立会日,3s,full,20504457.0,-1.6595900304194115e-6,-0.0001923148934483178,3.6985018242037834e-8,-0.8708373385804701,動いた窓,3000
var_obi,生,符号つき,立会日,3s,sub,769666.0,6.748406084384022e-6,0.0004823038800732421,2.326170327337043e-7,0.42312763739681303,動いた窓,3000
var_obi,生,符号つき,立会日,5s,full,20503915.0,1.0234368823019577e-7,0.000012487541782360492,1.5593869976619906e-10,0.05654514597945483,動いた窓,5000
var_obi,生,符号つき,立会日,5s,sub,464483.0,6.481621560682046e-6,0.001483191100564934,2.1998558407950203e-6,1.0108380130301222,動いた窓,5000
var_obi,生,符号つき,立会日,10s,full,20502577.0,1.9925294697119948e-6,0.00020135032687396994,4.054195413225454e-8,0.9117096516666741,動いた窓,10000
var_obi,生,符号つき,立会日,10s,sub,229278.0,-5.49239053666313e-6,-0.0009804593273325156,9.61300492553329e-7,-0.46947134481723146,動いた窓,10000
var_obi,生,符号つき,立会日,30s,full,20497353.0,5.5470709752926694e-6,0.0004622685718187224,2.1369223249132133e-7,2.0928749679202148,動いた窓,30000
var_obi,生,符号つき,立会日,30s,sub,78208.0,0.000024728402984722114,0.002588378901026192,6.699705335277558e-6,0.7238512732825612,動いた窓,30000
var_obi,生,符号つき,立会日,50s,full,20491896.0,0.000014490024366031559,0.0009082657832940753,8.249467331028002e-7,4.111536811934772,動いた窓,50000
var_obi,生,符号つき,立会日,50s,sub,45914.0,-0.00008184125590482429,-0.006029290853142226,0.00003635234819178451,-1.2919247984242535,動いた窓,50000
var_obi,生,符号つき,立会日,100s,full,20479281.0,0.000025421912314500227,0.0012301521383423772,1.5132742834683232e-6,5.566939298418246,動いた窓,100000
var_obi,生,符号つき,立会日,100s,sub,22637.0,-0.0002335540929704935,-0.012217633726012192,0.00014927057386299056,-1.8382719769009028,動いた窓,100000
var_obi,生,符号つき,閉場日,10ms,full,3776077.0,-3.427507443056382e-8,-0.0002558419489089919,6.545510282155122e-8,-0.4971553012540392,動いた窓,10
var_obi,生,符号つき,閉場日,10ms,sub,3776077.0,-3.427507443056382e-8,-0.0002558419489089919,6.545510282155122e-8,-0.4971553012540392,動いた窓,10
var_obi,生,符号つき,閉場日,20ms,full,3776077.0,-8.915677445084059e-8,-0.00046925872789446303,2.2020375370512968e-7,-0.9118695478920523,動いた窓,20
var_obi,生,符号つき,閉場日,20ms,sub,3776077.0,-8.915677445084059e-8,-0.00046925872789446303,2.2020375370512968e-7,-0.9118695478920523,動いた窓,20
var_obi,生,符号つき,閉場日,50ms,full,3776077.0,5.4209479281547905e-8,0.00016329043484555335,2.6663766112049904e-8,0.31730802590886936,動いた窓,50
var_obi,生,符号つき,閉場日,50ms,sub,3776077.0,5.4209479281547905e-8,0.00016329043484555335,2.6663766112049904e-8,0.31730802590886936,動いた窓,50
var_obi,生,符号つき,閉場日,100ms,full,3776077.0,-2.41474365540878e-7,-0.0004843776630225956,2.346217204352312e-7,-0.9412488623395214,動いた窓,100
var_obi,生,符号つき,閉場日,100ms,sub,3776077.0,-2.41474365540878e-7,-0.0004843776630225956,2.346217204352312e-7,-0.9412488623395214,動いた窓,100
var_obi,生,符号つき,閉場日,500ms,full,3776038.0,-1.3557333330196701e-6,-0.0009111599176208747,8.302123954788792e-7,-1.7705689751092326,動いた窓,500
var_obi,生,符号つき,閉場日,500ms,sub,851495.0,-1.6764931408241318e-6,-0.00153978769330925,2.370946140466621e-6,-1.4208620019432512,動いた窓,500
var_obi,生,符号つき,閉場日,1s,full,3775983.0,-8.614329187368659e-7,-0.00040568766741071627,1.6458248348914794e-7,-0.7883276177258653,動いた窓,1000
var_obi,生,符号つき,閉場日,1s,sub,468497.0,-4.18273843851716e-6,-0.002766722306909641,7.654752323551406e-6,-1.893737215562418,動いた窓,1000
var_obi,生,符号つき,閉場日,3s,full,3775803.0,1.2677859058962614e-6,0.0003919964140697842,1.536611886435697e-7,0.7617047714796744,動いた窓,3000
var_obi,生,符号つき,閉場日,3s,sub,149232.0,-0.000019887568440613825,-0.007421439853708717,0.00005507776950221606,-2.867003359958435,動いた窓,3000
var_obi,生,符号つき,閉場日,5s,full,3775636.0,-1.7276877931363235e-6,-0.0005147689928328031,2.6498711598209855e-7,-1.000247284316304,動いた窓,5000
var_obi,生,符号つき,閉場日,5s,sub,93730.0,-0.00001942984742143694,-0.006769613836993901,0.000045827671502019286,-2.0725667296397448,動いた窓,5000
var_obi,生,符号つき,閉場日,10s,full,3775215.0,-3.786270140606952e-6,-0.0008106837057979963,6.572080708463722e-7,-1.5751514477549324,動いた窓,10000
var_obi,生,符号つき,閉場日,10s,sub,47766.0,5.80315062074898e-6,0.0015175597508050715,2.3029875972635505e-6,0.33166270957809546,動いた窓,10000
var_obi,生,符号つき,閉場日,30s,full,3773523.0,-6.407441761327835e-6,-0.0008413274339026123,7.078318510371545e-7,-1.6343256239167208,動いた窓,30000
var_obi,生,符号つき,閉場日,30s,sub,15179.0,-0.00004597098956082738,-0.007127308443944638,0.000050798525655124535,-0.8780708342481844,動いた窓,30000
var_obi,生,符号つき,閉場日,50s,full,3771868.0,2.3422315413857974e-6,0.00024674812026718074,6.088463485538709e-8,0.4792167548359788,動いた窓,50000
var_obi,生,符号つき,閉場日,50s,sub,9506.0,0.00009919630370727335,0.004834701422391757,0.00002337433784367688,0.47133310894735764,動いた窓,50000
var_obi,生,符号つき,閉場日,100s,full,3768003.0,5.866735394501729e-6,0.00044265931748909635,1.9594727135991262e-7,0.8592611122965499,動いた窓,100000
var_obi,生,符号つき,閉場日,100s,sub,4747.0,0.00005763573901065325,0.0019854260505125505,3.941916602053865e-6,0.13676427899198887,動いた窓,100000
var_obi,生,絶対値,立会日,10ms,full,20505292.0,1.4749830903229298e-6,0.010185783673083287,0.00010375018903485007,46.1264398977864,動いた窓,10
var_obi,生,絶対値,立会日,10ms,sub,20505292.0,1.4749830903229298e-6,0.010185783673083287,0.00010375018903485007,46.1264398977864,動いた窓,10
var_obi,生,絶対値,立会日,20ms,full,20505292.0,3.848419516349564e-6,0.01919904529837473,0.0003686033403690448,86.954617116961,動いた窓,20
var_obi,生,絶対値,立会日,20ms,sub,20505292.0,3.848419516349564e-6,0.01919904529837473,0.0003686033403690448,86.954617116961,動いた窓,20
var_obi,生,絶対値,立会日,50ms,full,20505292.0,7.827069095274114e-6,0.023270052664994226,0.0005414953510316048,105.40177877100652,動いた窓,50
var_obi,生,絶対値,立会日,50ms,sub,20505292.0,7.827069095274114e-6,0.023270052664994226,0.0005414953510316048,105.40177877100652,動いた窓,50
var_obi,生,絶対値,立会日,100ms,full,20505292.0,0.000013577515647654406,0.005023859161317717,0.000025239160872755957,22.74971154903867,動いた窓,100
var_obi,生,絶対値,立会日,100ms,sub,20505292.0,0.000013577515647654406,0.005023859161317717,0.000025239160872755957,22.74971154903867,動いた窓,100
var_obi,生,絶対値,立会日,500ms,full,20505169.0,0.000029933139096924455,0.004951637450169496,0.00002451871343792107,22.422592200903647,動いた窓,500
var_obi,生,絶対値,立会日,500ms,sub,4411133.0,0.00003703365034754013,0.00635891376939348,0.000040435784326582,13.35570119744378,動いた窓,500
var_obi,生,絶対値,立会日,1s,full,20505026.0,0.000046424821677551325,0.005178539506423665,0.00002681727141959066,23.45002219584736,動いた窓,1000
var_obi,生,絶対値,立会日,1s,sub,2311028.0,0.00004401302041272435,0.005454092131600795,0.000029747120979989706,8.291466400904136,動いた窓,1000
var_obi,生,絶対値,立会日,3s,full,20504457.0,0.00008652180146507034,0.010256460608668503,0.00010519498421716868,46.44558909049933,動いた窓,3000
var_obi,生,絶対値,立会日,3s,sub,769666.0,0.00007057446885743879,0.005084305435631629,0.000025850161762793327,4.460544050845486,動いた窓,3000
var_obi,生,絶対値,立会日,5s,full,20503915.0,0.0001099498271406158,0.014045567452287943,0.00019727796505677043,63.6063548184679,動いた窓,5000
var_obi,生,絶対値,立会日,5s,sub,464483.0,0.00010452627597846402,0.028327455380597038,0.000802444728339716,19.31371682306917,動いた窓,5000
var_obi,生,絶対値,立会日,10s,full,20502577.0,0.0001585988095216259,0.01718286707289277,0.0002952509208447025,77.81511388821929,動いた窓,10000
var_obi,生,絶対値,立会日,10s,sub,229278.0,0.00014763353120462167,0.03351003724033484,0.001122922595848628,16.054551779780898,動いた窓,10000
var_obi,生,絶対値,立会日,30s,full,20497353.0,0.00027334730305171877,0.027030014852123564,0.0007306217029060205,122.42041963728673,動いた窓,30000
var_obi,生,絶対値,立会日,30s,sub,78208.0,0.0002328538162539301,0.03224674460172788,0.001039852537409066,9.02260268379532,動いた窓,30000
var_obi,生,絶対値,立会日,50s,full,20491896.0,0.0003530776165490758,0.026090043337616435,0.0006806903613587038,118.14455510244288,動いた窓,50000
var_obi,生,絶対値,立会日,50s,sub,45914.0,0.0003132570847928462,0.029338309786342408,0.0008607364211193947,6.289051960638823,動いた窓,50000
var_obi,生,絶対値,立会日,100s,full,20479281.0,0.0005009411750823266,0.029886499856063176,0.0008932028736464643,135.3089208494678,動いた窓,100000
var_obi,生,絶対値,立会日,100s,sub,22637.0,0.00046442971047082245,0.031423006817731636,0.0009874053574672088,4.729905972564833,動いた窓,100000
var_obi,生,絶対値,閉場日,10ms,full,3776077.0,1.5439710789038007e-6,0.011542703340273143,0.00013323400040155277,22.43142031245556,動いた窓,10
var_obi,生,絶対値,閉場日,10ms,sub,3776077.0,1.5439710789038007e-6,0.011542703340273143,0.00013323400040155277,22.43142031245556,動いた窓,10
var_obi,生,絶対値,閉場日,20ms,full,3776077.0,3.682228238306319e-6,0.01944199509663933,0.0003779911733377477,37.78707106105945,動いた窓,20
var_obi,生,絶対値,閉場日,20ms,sub,3776077.0,3.682228238306319e-6,0.01944199509663933,0.0003779911733377477,37.78707106105945,動いた窓,20
var_obi,生,絶対値,閉場日,50ms,full,3776077.0,7.451568911287194e-6,0.022648301882915615,0.0005129455781796789,44.02175620150504,動いた窓,50
var_obi,生,絶対値,閉場日,50ms,sub,3776077.0,7.451568911287194e-6,0.022648301882915615,0.0005129455781796789,44.02175620150504,動いた窓,50
var_obi,生,絶対値,閉場日,100ms,full,3776077.0,0.000013264205184897183,0.027032976829462783,0.0007307818362622717,52.55002454916033,動いた窓,100
var_obi,生,絶対値,閉場日,100ms,sub,3776077.0,0.000013264205184897183,0.027032976829462783,0.0007307818362622717,52.55002454916033,動いた窓,100
var_obi,生,絶対値,閉場日,500ms,full,3776038.0,0.0000360936973760487,0.024935233286090302,0.0006217658590317457,48.46927855615012,動いた窓,500
var_obi,生,絶対値,閉場日,500ms,sub,851495.0,0.00003567526026786294,0.03435658015050988,0.0011803745996384095,31.721735178381035,動いた窓,500
var_obi,生,絶対値,閉場日,1s,full,3775983.0,0.00005044442225060503,0.02456810832248693,0.0006035919465454516,47.754876508921775,動いた窓,1000
var_obi,生,絶対値,閉場日,1s,sub,468497.0,0.000048898900568447016,0.03417759275445359,0.0011681078464892785,23.407107537741012,動いた窓,1000
var_obi,生,絶対値,閉場日,3s,full,3775803.0,0.00007983669697823817,0.026094985690780063,0.0006809482782020162,50.72353680564214,動いた窓,3000
var_obi,生,絶対値,閉場日,3s,sub,149232.0,0.00007133118824237226,0.028597846035679927,0.0008178367978804542,11.051953699684985,動いた窓,3000
var_obi,生,絶対値,閉場日,5s,full,3775636.0,0.00009939059297457218,0.032572462135088714,0.001060965289541788,63.325122710736906,動いた窓,5000
var_obi,生,絶対値,閉場日,5s,sub,93730.0,0.00008655288279889472,0.03333647096429063,0.0011113202963529926,10.211646031730218,動いた窓,5000
var_obi,生,絶対値,閉場日,10s,full,3775215.0,0.00013455075354980002,0.03202404362769758,0.0010255393702686781,62.254350428598535,動いた窓,10000
var_obi,生,絶対値,閉場日,10s,sub,47766.0,0.00008660024849092253,0.02527886662454892,0.0006390210978217333,5.526456416197763,動いた窓,10000
var_obi,生,絶対値,閉場日,30s,full,3773523.0,0.0002227105228898881,0.03338243675310798,0.0011143870835752545,64.8833913220052,動いた窓,30000
var_obi,生,絶対値,閉場日,30s,sub,15179.0,0.00006135731240231889,0.010916465783405391,0.00011916922520026069,1.3449337863801003,動いた窓,30000
var_obi,生,絶対値,閉場日,50s,full,3771868.0,0.0002847210144222069,0.03474660361714543,0.001207326462927024,67.5231685755647,動いた窓,50000
var_obi,生,絶対値,閉場日,50s,sub,9506.0,0.00004113746998038367,0.002049962069617217,4.202344486869304e-6,0.19984806689505968,動いた窓,50000
var_obi,生,絶対値,閉場日,100s,full,3768003.0,0.0004112795146436824,0.03617605453519703,0.0013087069217335497,70.26856305598982,動いた窓,100000
var_obi,生,絶対値,閉場日,100s,sub,4747.0,-6.3485821451352386e-6,-0.00022367594322960797,5.003092757965481e-8,-0.015407685200660166,動いた窓,100000
var_ofi,log1p,二乗,立会日,10ms,full,58751451.0,-6.300453576512664e-11,-0.0006632791582133435,4.399392417202015e-7,-5.08400229092863,全窓,10
var_ofi,log1p,二乗,立会日,10ms,sub,58751451.0,-6.300453576512664e-11,-0.0006632791582133435,4.399392417202015e-7,-5.08400229092863,全窓,10
var_ofi,log1p,二乗,立会日,20ms,full,58751451.0,-1.341963400543552e-10,-0.0010947582476777552,1.1984956208584692e-6,-8.391271580385636,全窓,20
var_ofi,log1p,二乗,立会日,20ms,sub,58751451.0,-1.341963400543552e-10,-0.0010947582476777552,1.1984956208584692e-6,-8.391271580385636,全窓,20
var_ofi,log1p,二乗,立会日,50ms,full,58751451.0,-1.5974845385364987e-10,-0.0008801654543967981,7.746912271135221e-7,-6.746426267292275,全窓,50
var_ofi,log1p,二乗,立会日,50ms,sub,58751451.0,-1.5974845385364987e-10,-0.0008801654543967981,7.746912271135221e-7,-6.746426267292275,全窓,50
var_ofi,log1p,二乗,立会日,100ms,full,58751451.0,1.311527869080847e-7,0.00024097771427288738,5.807025877618535e-8,1.8470820352720823,全窓,100
var_ofi,log1p,二乗,立会日,100ms,sub,58751451.0,1.311527869080847e-7,0.00024097771427288738,5.807025877618535e-8,1.8470820352720823,全窓,100
var_ofi,log1p,二乗,立会日,500ms,full,58751179.0,4.783785098016169e-7,0.00039308745971830864,1.545177509877929e-7,3.012988738885945,全窓,500
var_ofi,log1p,二乗,立会日,500ms,sub,11750220.0,8.191970192022407e-7,0.0006770589823580413,4.5840886559170646e-7,2.3208633249314308,全窓,500
var_ofi,log1p,二乗,立会日,1s,full,58750839.0,7.751714789299643e-7,0.00045041213174918364,2.0287108842684396e-7,3.452368558854616,全窓,1000
var_ofi,log1p,二乗,立会日,1s,sub,5875062.0,-3.7977591835740734e-7,-0.00021865001250004655,4.780782796627051e-8,-0.5299753496149485,全窓,1000
var_ofi,log1p,二乗,立会日,3s,full,58749479.0,1.0141123820570443e-6,0.0005893567154072395,3.473413379956099e-7,4.517314360946608,全窓,3000
var_ofi,log1p,二乗,立会日,3s,sub,1958291.0,-1.1418254038579e-6,-0.0003787535893126114,1.434542814171863e-7,-0.5300235670251577,全窓,3000
var_ofi,log1p,二乗,立会日,5s,full,58748119.0,3.9955078798231983e-7,0.00023225659554756473,5.394312617534507e-8,1.780184613697071,全窓,5000
var_ofi,log1p,二乗,立会日,5s,sub,1174935.0,1.4245160509766642e-8,0.0002854300995656041,8.147034173803068e-8,0.3093900464265294,全窓,5000
var_ofi,log1p,二乗,立会日,10s,full,58744719.0,2.2879474695475e-7,0.0001331577790436112,1.7730994119827183e-8,1.020589168160507,全窓,10000
var_ofi,log1p,二乗,立会日,10s,sub,587416.0,5.312080157371873e-8,0.0007313372046615638,5.348541069221901e-7,0.5605184728486363,全窓,10000
var_ofi,log1p,二乗,立会日,30s,full,58731119.0,2.64399374494968e-7,0.0001539482116385004,2.370005186669251e-8,1.1798010646196297,全窓,30000
var_ofi,log1p,二乗,立会日,30s,sub,195736.0,2.583508587694371e-7,0.0038768793092715447,0.00001503019317865781,1.7152154529152899,全窓,30000
var_ofi,log1p,二乗,立会日,50s,full,58717519.0,1.2726595067802217e-6,0.0007397870628883989,5.472848984170439e-7,5.668794220446796,全窓,50000
var_ofi,log1p,二乗,立会日,50s,sub,117400.0,1.2144823001370414e-6,0.014065017535431212,0.0001978247182719875,4.819628773128273,全窓,50000
var_ofi,log1p,二乗,立会日,100s,full,58683519.0,1.9406847816076806e-6,0.001125056512469479,1.2657521562499873e-6,8.618519721955627,全窓,100000
var_ofi,log1p,二乗,立会日,100s,sub,58648.0,2.580782274445714e-6,0.021369694892494736,0.0004566638597983156,5.1762674251330925,全窓,100000
var_ofi,log1p,二乗,閉場日,10ms,full,26766527.0,3.332159504355233e-11,0.00031247895324472815,9.7643096220921e-8,1.6166529099566875,全窓,10
var_ofi,log1p,二乗,閉場日,10ms,sub,26766527.0,3.332159504355233e-11,0.00031247895324472815,9.7643096220921e-8,1.6166529099566875,全窓,10
var_ofi,log1p,二乗,閉場日,20ms,full,26766527.0,6.431855386199648e-11,0.0003107916792499221,9.659146789098645e-8,1.6079235646697028,全窓,20
var_ofi,log1p,二乗,閉場日,20ms,sub,26766527.0,6.431855386199648e-11,0.0003107916792499221,9.659146789098645e-8,1.6079235646697028,全窓,20
var_ofi,log1p,二乗,閉場日,50ms,full,26766527.0,3.1523137108614833e-10,0.00090895655253255,8.262020143918584e-7,4.702613650341327,全窓,50
var_ofi,log1p,二乗,閉場日,50ms,sub,26766527.0,3.1523137108614833e-10,0.00090895655253255,8.262020143918584e-7,4.702613650341327,全窓,50
var_ofi,log1p,二乗,閉場日,100ms,full,26766527.0,-1.5427080984321488e-9,-0.000034254510063407324,1.1733714596840736e-9,-0.17722041797369853,全窓,100
var_ofi,log1p,二乗,閉場日,100ms,sub,26766527.0,-1.5427080984321488e-9,-0.000034254510063407324,1.1733714596840736e-9,-0.17722041797369853,全窓,100
var_ofi,log1p,二乗,閉場日,500ms,full,26766403.0,1.0019475529104194e-9,9.944470648361064e-6,9.889249647611472e-11,0.05144896711142549,全窓,500
var_ofi,log1p,二乗,閉場日,500ms,sub,5353266.0,-4.675114069236804e-9,-0.00004648700070381938,2.1610412344369035e-9,-0.10755753933512473,全窓,500
var_ofi,log1p,二乗,閉場日,1s,full,26766248.0,7.155508265437947e-9,0.000050206637914654416,2.520706490693214e-9,0.2597495913254975,全窓,1000
var_ofi,log1p,二乗,閉場日,1s,sub,2676607.0,-7.349051752531386e-9,-0.00005099539118843552,2.6005299224615675e-9,-0.08343015888281327,全窓,1000
var_ofi,log1p,二乗,閉場日,3s,full,26765628.0,7.766144346648431e-8,0.0005444852936343863,2.9646423498412386e-7,2.8169226450899654,全窓,3000
var_ofi,log1p,二乗,閉場日,3s,sub,892165.0,6.855675293592868e-8,0.005367824146375968,0.00002881353606641689,5.070218091010167,全窓,3000
var_ofi,log1p,二乗,閉場日,5s,full,26765008.0,6.87647310310262e-8,0.0004820465786877767,2.323689040245909e-7,2.493863780485347,全窓,5000
var_ofi,log1p,二乗,閉場日,5s,sub,535278.0,-2.3667905309020165e-8,-0.00007336561060999896,5.382512820177993e-9,-0.05367615809501751,全窓,5000
var_ofi,log1p,二乗,閉場日,10s,full,26763458.0,1.5322152148923207e-7,0.0010732802691311727,1.1519305361062825e-6,5.552447904463769,全窓,10000
var_ofi,log1p,二乗,閉場日,10s,sub,267610.0,-4.432630483403672e-8,-0.00009594607345044754,9.205649010558675e-9,-0.04963371176021144,全窓,10000
var_ofi,log1p,二乗,閉場日,30s,full,26757258.0,4.983880609202533e-7,0.003475821400392849,0.000012081334407428906,17.979634675406828,全窓,30000
var_ofi,log1p,二乗,閉場日,30s,sub,89165.0,5.26093837639318e-7,0.04814808094259827,0.002318237698454995,14.393794616493862,全窓,30000
var_ofi,log1p,二乗,閉場日,50s,full,26751058.0,8.584813039454846e-7,0.005951714015353276,0.00003542289972055262,30.78365706076552,全窓,50000
var_ofi,log1p,二乗,閉場日,50s,sub,53477.0,1.6944023686084005e-8,0.000016236164162940727,2.6361302672596075e-10,0.0037545581108682853,全窓,50000
var_ofi,log1p,二乗,閉場日,100s,full,26735558.0,1.9239812266729562e-6,0.013184971693871755,0.00017384347856819941,68.18071712046098,全窓,100000
var_ofi,log1p,二乗,閉場日,100s,sub,26709.0,0.00003064089304051702,0.020324099650358196,0.00041306902659769015,3.3221067540908633,全窓,100000
var_ofi,log1p,符号つき,立会日,10ms,full,58751451.0,-2.1202740398677218e-9,-0.00010352978618887654,1.0718416628314491e-8,-0.7935505747265256,全窓,10
var_ofi,log1p,符号つき,立会日,10ms,sub,58751451.0,-2.1202740398677218e-9,-0.00010352978618887654,1.0718416628314491e-8,-0.7935505747265256,全窓,10
var_ofi,log1p,符号つき,立会日,20ms,full,58751451.0,-3.822620188593457e-10,-0.000013276199251679195,1.762574665702872e-10,-0.10176139523364765,全窓,20
var_ofi,log1p,符号つき,立会日,20ms,sub,58751451.0,-3.822620188593457e-10,-0.000013276199251679195,1.762574665702872e-10,-0.10176139523364765,全窓,20
var_ofi,log1p,符号つき,立会日,50ms,full,58751451.0,3.2295184181837147e-9,0.00007146409349652522,5.1071166592800986e-9,0.547768660546711,全窓,50
var_ofi,log1p,符号つき,立会日,50ms,sub,58751451.0,3.2295184181837147e-9,0.00007146409349652522,5.1071166592800986e-9,0.547768660546711,全窓,50
var_ofi,log1p,符号つき,立会日,100ms,full,58751451.0,-8.498652895925179e-8,-0.00029675915360647624,8.806599524923216e-8,-2.2746439906441247,全窓,100
var_ofi,log1p,符号つき,立会日,100ms,sub,58751451.0,-8.498652895925179e-8,-0.00029675915360647624,8.806599524923216e-8,-2.2746439906441247,全窓,100
var_ofi,log1p,符号つき,立会日,500ms,full,58751179.0,-3.919691773449637e-7,-0.000613285840533467,3.7611952219884117e-7,-4.700794925664223,全窓,500
var_ofi,log1p,符号つき,立会日,500ms,sub,11750220.0,-5.664163274930675e-7,-0.0008913391187327559,7.94485424583286e-7,-3.0553861218351717,全窓,500
var_ofi,log1p,符号つき,立会日,1s,full,58750839.0,-4.999957054993659e-7,-0.000553419131089336,3.062727346556756e-7,-4.241908181739157,全窓,1000
var_ofi,log1p,符号つき,立会日,1s,sub,5875062.0,-1.5407984019894444e-7,-0.00016897386612466837,2.855216743311735e-8,-0.40956770086166916,全窓,1000
var_ofi,log1p,符号つき,立会日,3s,full,58749479.0,-8.080018882220682e-7,-0.0008433286752975535,7.112032545791264e-7,-6.463965420956374,全窓,3000
var_ofi,log1p,符号つき,立会日,3s,sub,1958291.0,-5.004738340413761e-7,-0.0003176025757166169,1.0087139610182937e-7,-0.4444495081857143,全窓,3000
var_ofi,log1p,符号つき,立会日,5s,full,58748119.0,-7.167793521037814e-7,-0.0007139291466444083,5.09694826428413e-7,-5.4720769877097535,全窓,5000
var_ofi,log1p,符号つき,立会日,5s,sub,1174935.0,-4.393965217386969e-7,-0.0008573878069917855,7.351138515781832e-7,-0.9293600797869525,全窓,5000
var_ofi,log1p,符号つき,立会日,10s,full,58744719.0,-1.1611370085135692e-6,-0.0010546387036630912,1.1122627952641656e-6,-8.083293624029027,全窓,10000
var_ofi,log1p,符号つき,立会日,10s,sub,587416.0,-2.0402049588518068e-6,-0.0028087641854357853,7.88915624938675e-6,-2.152727894858087,全窓,10000
var_ofi,log1p,符号つき,立会日,30s,full,58731119.0,-2.7518962327502782e-6,-0.0019179682024796452,3.6786020257230013e-6,-14.698612204157305,全窓,30000
var_ofi,log1p,符号つき,立会日,30s,sub,195736.0,-4.12599202953765e-6,-0.0035587261999194546,0.000012664532165993162,-1.5744557577860852,全窓,30000
var_ofi,log1p,符号つき,立会日,50s,full,58717519.0,-5.255504473114531e-6,-0.003094696725456216,9.577147822549426e-6,-23.713956350800377,全窓,50000
var_ofi,log1p,符号つき,立会日,50s,sub,117400.0,4.498334246433185e-7,0.0003039125116963306,9.236281476557227e-8,0.10413073863830084,全窓,50000
var_ofi,log1p,符号つき,立会日,100s,full,58683519.0,-9.666552847666947e-6,-0.004361662414467006,0.000019024099017774157,-33.412905845603696,全窓,100000
var_ofi,log1p,符号つき,立会日,100s,sub,58648.0,-4.6039391303949684e-6,-0.0022092228016552394,4.880665387353425e-6,-0.5350073824852639,全窓,100000
var_ofi,log1p,符号つき,閉場日,10ms,full,26766527.0,1.2787529458737428e-8,0.00037972339158982377,1.4418985412047865e-7,1.964551320672838,全窓,10
var_ofi,log1p,符号つき,閉場日,10ms,sub,26766527.0,1.2787529458737428e-8,0.00037972339158982377,1.4418985412047865e-7,1.964551320672838,全窓,10
var_ofi,log1p,符号つき,閉場日,20ms,full,26766527.0,2.196133935189411e-8,0.0004518235478009774,2.041445183474621e-7,2.337571489699308,全窓,20
var_ofi,log1p,符号つき,閉場日,20ms,sub,26766527.0,2.196133935189411e-8,0.0004518235478009774,2.041445183474621e-7,2.337571489699308,全窓,20
var_ofi,log1p,符号つき,閉場日,50ms,full,26766527.0,1.8279894746506923e-8,0.0002367609472094503,5.605574612351612e-8,1.2249153497755576,全窓,50
var_ofi,log1p,符号つき,閉場日,50ms,sub,26766527.0,1.8279894746506923e-8,0.0002367609472094503,5.605574612351612e-8,1.2249153497755576,全窓,50
var_ofi,log1p,符号つき,閉場日,100ms,full,26766527.0,3.7020019822765867e-9,0.000018310646422413237,3.3527977240663465e-10,0.09473264702902262,全窓,100
var_ofi,log1p,符号つき,閉場日,100ms,sub,26766527.0,3.7020019822765867e-9,0.000018310646422413237,3.3527977240663465e-10,0.09473264702902262,全窓,100
var_ofi,log1p,符号つき,閉場日,500ms,full,26766403.0,2.2875505328723687e-8,0.00005138640678179892,2.64056280194451e-9,0.26585402575315836,全窓,500
var_ofi,log1p,符号つき,閉場日,500ms,sub,5353266.0,1.3430464036987684e-7,0.00030203924039323346,9.122770273732147e-8,0.6988318978258754,全窓,500
var_ofi,log1p,符号つき,閉場日,1s,full,26766248.0,2.229898068323111e-7,0.0003574045553420814,1.2773801617927096e-7,1.8490720919832355,全窓,1000
var_ofi,log1p,符号つき,閉場日,1s,sub,2676607.0,6.02236608491713e-7,0.0009530249372567153,9.082565310331661e-7,1.55918125317732,全窓,1000
var_ofi,log1p,符号つき,閉場日,3s,full,26765628.0,5.969038336686701e-7,0.0007891526063900356,6.227618361721865e-7,4.082722225995652,全窓,3000
var_ofi,log1p,符号つき,閉場日,3s,sub,892165.0,1.6174092009390136e-6,0.0026739649926198947,7.150088781756714e-6,2.5256860986393743,全窓,3000
var_ofi,log1p,符号つき,閉場日,5s,full,26765008.0,9.024304143850008e-7,0.0010562963648295038,1.1157620103520242e-6,5.464742466219484,全窓,5000
var_ofi,log1p,符号つき,閉場日,5s,sub,535278.0,1.1798587325176408e-6,0.000896653711142535,8.039878777056806e-7,0.6560150617383728,全窓,5000
var_ofi,log1p,符号つき,閉場日,10s,full,26763458.0,1.2203302829086624e-6,0.0011603149578115733,1.3463308013212732e-6,6.002708861363313,全窓,10000
var_ofi,log1p,符号つき,閉場日,10s,sub,267610.0,2.6862467430734408e-6,0.0014511252682830752,2.105764544249627e-6,0.7506801081681236,全窓,10000
var_ofi,log1p,符号つき,閉場日,30s,full,26757258.0,4.981306695536058e-6,0.0030975565001652816,9.594856271716189e-6,16.02293633751431,全窓,30000
var_ofi,log1p,符号つき,閉場日,30s,sub,89165.0,5.614335480503541e-6,0.003546472247148921,0.000012577465399797517,1.058989448743256,全窓,30000
var_ofi,log1p,符号つき,閉場日,50s,full,26751058.0,6.795434851133301e-6,0.00338844726751062,0.000011481574884700188,17.525632064180638,全窓,50000
var_ofi,log1p,符号つき,閉場日,50s,sub,53477.0,0.000013369729879964305,0.0032418816732902814,0.000010509796783615395,0.7496781240581434,全窓,50000
var_ofi,log1p,符号つき,閉場日,100s,full,26735558.0,8.855124569142478e-6,0.0032572334184276033,0.00001060956954212157,16.842082712500027,全窓,100000
var_ofi,log1p,符号つき,閉場日,100s,sub,26709.0,-0.00011109099292119535,-0.0187424618293204,0.00035127987542353214,-3.0634830453920805,全窓,100000
var_ofi,log1p,絶対値,立会日,10ms,full,58751451.0,2.1791882892559593e-7,0.01066717729197397,0.0001137886713784051,81.76802624176513,全窓,10
var_ofi,log1p,絶対値,立会日,10ms,sub,58751451.0,2.1791882892559593e-7,0.01066717729197397,0.0001137886713784051,81.76802624176513,全窓,10
var_ofi,log1p,絶対値,立会日,20ms,full,58751451.0,4.6125284926305115e-7,0.016099610789829216,0.00025919746758398533,123.41869768742342,全窓,20
var_ofi,log1p,絶対値,立会日,20ms,sub,58751451.0,4.6125284926305115e-7,0.016099610789829216,0.00025919746758398533,123.41869768742342,全窓,20
var_ofi,log1p,絶対値,立会日,50ms,full,58751451.0,2.0210694926340616e-6,0.045287497572005,0.002050957436334359,347.48289565198576,全窓,50
var_ofi,log1p,絶対値,立会日,50ms,sub,58751451.0,2.0210694926340616e-6,0.045287497572005,0.002050957436334359,347.48289565198576,全窓,50
var_ofi,log1p,絶対値,立会日,100ms,full,58751451.0,4.2896346596754216e-6,0.014995638767182152,0.00022486918203581624,114.95373757635805,全窓,100
var_ofi,log1p,絶対値,立会日,100ms,sub,58751451.0,4.2896346596754216e-6,0.014995638767182152,0.00022486918203581624,114.95373757635805,全窓,100
var_ofi,log1p,絶対値,立会日,500ms,full,58751179.0,0.00001627319724874572,0.02553187917465015,0.000651876854188934,195.763925826062,全窓,500
var_ofi,log1p,絶対値,立会日,500ms,sub,11750220.0,0.00001650940314517807,0.02605203515523313,0.0006787085357295028,89.33302643384722,全窓,500
var_ofi,log1p,絶対値,立会日,1s,full,58750839.0,0.000024945929136138978,0.027714313428732908,0.0007680831688260452,212.5093312206358,全窓,1000
var_ofi,log1p,絶対値,立会日,1s,sub,5875062.0,0.000024587250892554142,0.027065053922216635,0.000732517143812494,65.62573374494053,全窓,1000
var_ofi,log1p,絶対値,立会日,3s,full,58749479.0,0.000041380613109655134,0.043817503046937704,0.001919973573268395,336.17618594792606,全窓,3000
var_ofi,log1p,絶対値,立会日,3s,sub,1958291.0,0.000040658436376213216,0.025943963526951417,0.0006730892434877854,36.31791651837082,全窓,3000
var_ofi,log1p,絶対値,立会日,5s,full,58748119.0,0.00005096098232389497,0.05202321119940991,0.002706414503498409,399.28465383598376,全窓,5000
var_ofi,log1p,絶対値,立会日,5s,sub,1174935.0,0.00005075490508647892,0.10994799247558713,0.012088561049411766,119.90432482267812,全窓,5000
var_ofi,log1p,絶対値,立会日,10s,full,58744719.0,0.00006901724543305527,0.06572886701040961,0.004320283958472114,504.87134758767775,全窓,10000
var_ofi,log1p,絶対値,立会日,10s,sub,587416.0,0.000069682146424203,0.108257339543723,0.011719651565084933,83.4621209029179,全窓,10000
var_ofi,log1p,絶対値,立会日,30s,full,58731119.0,0.00011207042084397136,0.08659116003927932,0.0074980289969480834,666.1039349510032,全窓,30000
var_ofi,log1p,絶対値,立会日,30s,sub,195736.0,0.0001128095518286504,0.1161428731733863,0.013489166988969296,51.73384670726792,全窓,30000
var_ofi,log1p,絶対値,立会日,50s,full,58717519.0,0.0001396841275327954,0.09401799306506362,0.00883938301998235,723.6403896383057,全窓,50000
var_ofi,log1p,絶対値,立会日,50s,sub,117400.0,0.0001448133048605357,0.11869686347475165,0.014088945398743833,40.959130067696044,全窓,50000
var_ofi,log1p,絶対値,立会日,100s,full,58683519.0,0.0001891326609946581,0.10144377118514879,0.010290838712264824,781.1414033007466,全窓,100000
var_ofi,log1p,絶対値,立会日,100s,sub,58648.0,0.00020685893859419754,0.12309336758894679,0.015151977144387575,30.037877554325092,全窓,100000
var_ofi,log1p,絶対値,閉場日,10ms,full,26766527.0,4.347199963146702e-7,0.01291692587030201,0.00016684697393887734,66.83306777066528,全窓,10
var_ofi,log1p,絶対値,閉場日,10ms,sub,26766527.0,4.347199963146702e-7,0.01291692587030201,0.00016684697393887734,66.83306777066528,全窓,10
var_ofi,log1p,絶対値,閉場日,20ms,full,26766527.0,8.843715940154676e-7,0.018216148788238046,0.00033182807667522644,94.259390762891,全窓,20
var_ofi,log1p,絶対値,閉場日,20ms,sub,26766527.0,8.843715940154676e-7,0.018216148788238046,0.00033182807667522644,94.259390762891,全窓,20
var_ofi,log1p,絶対値,閉場日,50ms,full,26766527.0,2.8764978762984087e-6,0.037364268333723076,0.001396088548114461,193.44425969870056,全窓,50
var_ofi,log1p,絶対値,閉場日,50ms,sub,26766527.0,2.8764978762984087e-6,0.037364268333723076,0.001396088548114461,193.44425969870056,全窓,50
var_ofi,log1p,絶対値,閉場日,100ms,full,26766527.0,5.747882579737705e-6,0.028475466350166324,0.0008108521838594546,147.38150501546488,全窓,100
var_ofi,log1p,絶対値,閉場日,100ms,sub,26766527.0,5.747882579737705e-6,0.028475466350166324,0.0008108521838594546,147.38150501546488,全窓,100
var_ofi,log1p,絶対値,閉場日,500ms,full,26766403.0,0.000021667533132250933,0.048905540688489915,0.0023917519100335426,253.3220764125896,全窓,500
var_ofi,log1p,絶対値,閉場日,500ms,sub,5353266.0,0.000022053469648841325,0.049832498045772736,0.0024832778614819434,115.44148286581868,全窓,500
var_ofi,log1p,絶対値,閉場日,1s,full,26766248.0,0.00003324914183006658,0.053646396200644514,0.002877935825316526,277.94580398454684,全窓,1000
var_ofi,log1p,絶対値,閉場日,1s,sub,2676607.0,0.000033514373793700106,0.0533897879414156,0.0028504694564293266,87.47222905218787,全窓,1000
var_ofi,log1p,絶対値,閉場日,3s,full,26765628.0,0.00005726797883590372,0.0773289001335226,0.005979758795860312,401.2665165074726,全窓,3000
var_ofi,log1p,絶対値,閉場日,3s,sub,892165.0,0.00005922797032750619,0.10139275400498748,0.010280490564715906,96.26600693432151,全窓,3000
var_ofi,log1p,絶対値,閉場日,5s,full,26765008.0,0.00007132180674660645,0.08624683495947529,0.007438516540526968,447.8660370517532,全窓,5000
var_ofi,log1p,絶対値,閉場日,5s,sub,535278.0,0.00007138420811154503,0.05502055289568839,0.003027261240947244,40.315513374723466,全窓,5000
var_ofi,log1p,絶対値,閉場日,10s,full,26763458.0,0.00009693245075369373,0.09708594105781734,0.009425679951081983,504.6425997141567,全窓,10000
var_ofi,log1p,絶対値,閉場日,10s,sub,267610.0,0.00009859067174042793,0.054197603339362424,0.002937380207730869,28.078144898878637,全窓,10000
var_ofi,log1p,絶対値,閉場日,30s,full,26757258.0,0.00016505962047074703,0.11167364001509451,0.012471001874220919,581.2949238594451,全窓,30000
var_ofi,log1p,絶対値,閉場日,30s,sub,89165.0,0.00016450575684959687,0.11437051056942049,0.013080613687909925,34.37680859661463,全窓,30000
var_ofi,log1p,絶対値,閉場日,50s,full,26751058.0,0.00021363164825429252,0.11748654217937367,0.013803087593265748,611.8948077502814,全窓,50000
var_ofi,log1p,絶対値,閉場日,50s,sub,53477.0,0.00020578733669723905,0.05109605360151283,0.002610806693648672,11.831244412200888,全窓,50000
var_ofi,log1p,絶対値,閉場日,100s,full,26735558.0,0.0003046499048238989,0.12570942251215336,0.01580285890833909,655.1962330650123,全窓,100000
var_ofi,log1p,絶対値,閉場日,100s,sub,26709.0,0.000386425243743101,0.06690931390767542,0.004476856287595847,10.95906365209386,全窓,100000
var_ofi,生,二乗,立会日,10ms,full,58751451.0,-2.666331462948715e-16,-0.000011618338827438213,1.3498579710915836e-10,-0.08905397899955726,全窓,10
var_ofi,生,二乗,立会日,10ms,sub,58751451.0,-2.666331462948715e-16,-0.000011618338827438213,1.3498579710915836e-10,-0.08905397899955726,全窓,10
var_ofi,生,二乗,立会日,20ms,full,58751451.0,-6.494272103475898e-16,-0.000021928725983115882,4.808690232425816e-10,-0.16808257467180154,全窓,20
var_ofi,生,二乗,立会日,20ms,sub,58751451.0,-6.494272103475898e-16,-0.000021928725983115882,4.808690232425816e-10,-0.16808257467180154,全窓,20
var_ofi,生,二乗,立会日,50ms,full,58751451.0,2.407359907925901e-15,0.00005490021487546328,3.0140335933720397e-9,0.4208073686130101,全窓,50
var_ofi,生,二乗,立会日,50ms,sub,58751451.0,2.407359907925901e-15,0.00005490021487546328,3.0140335933720397e-9,0.4208073686130101,全窓,50
var_ofi,生,二乗,立会日,100ms,full,58751451.0,4.296261352856505e-14,3.267348167537482e-7,1.0675564047910543e-13,0.0025044058311446183,全窓,100
var_ofi,生,二乗,立会日,100ms,sub,58751451.0,4.296261352856505e-14,3.267348167537482e-7,1.0675564047910543e-13,0.0025044058311446183,全窓,100
var_ofi,生,二乗,立会日,500ms,full,58751179.0,1.7487990869562487e-13,5.947913037497645e-7,3.5377669501634455e-13,0.004559034681529373,全窓,500
var_ofi,生,二乗,立会日,500ms,sub,11750220.0,2.3824337290988237e-11,0.000022143348129824384,4.903278663985971e-10,0.07590427737936375,全窓,500
var_ofi,生,二乗,立会日,1s,full,58750839.0,1.5872391892336454e-13,3.8173630407040185e-7,1.457226058453303e-13,0.002925974207547889,全窓,1000
var_ofi,生,二乗,立会日,1s,sub,5875062.0,-2.4544237663809472e-11,-0.000013858426396209494,1.9205598217915605e-10,-0.033590778777488575,全窓,1000
var_ofi,生,二乗,立会日,3s,full,58749479.0,1.1049821953085598e-11,0.000026580549690608782,7.065256218549226e-10,0.20373514866218578,全窓,3000
var_ofi,生,二乗,立会日,3s,sub,1958291.0,-1.6389048972129214e-10,-0.00003531642391377823,1.247249798057687e-9,-0.04942140794063811,全窓,3000
var_ofi,生,二乗,立会日,5s,full,58748119.0,8.174533012204005e-12,0.00001966898977896165,3.8686915892489786e-10,0.15075753586804275,全窓,5000
var_ofi,生,二乗,立会日,5s,sub,1174935.0,7.718778582009923e-13,0.000017499010705513132,3.0621537567166324e-10,0.018967934787272052,全窓,5000
var_ofi,生,二乗,立会日,10s,full,58744719.0,8.754656145202354e-12,0.00002109105059135675,4.448324150471699e-10,0.1616525729643568,全窓,10000
var_ofi,生,二乗,立会日,10s,sub,587416.0,4.581236320974008e-12,0.00005535204059280504,3.0638483977875365e-9,0.04242343041589306,全窓,10000
var_ofi,生,二乗,立会日,30s,full,58731119.0,1.2344811150391397e-11,0.000029757674445564728,8.85519188408216e-10,0.2280515974647002,全窓,30000
var_ofi,生,二乗,立会日,30s,sub,195736.0,4.732417483950881e-11,0.0004892712656462513,2.3938637138708463e-7,0.2164626139401041,全窓,30000
var_ofi,生,二乗,立会日,50s,full,58717519.0,1.7231789021277777e-11,0.00004147562464153177,1.7202274394052372e-9,0.31781674608317817,全窓,50000
var_ofi,生,二乗,立会日,50s,sub,117400.0,3.008926604549963e-11,0.0005847175024107497,3.4189455762546513e-7,0.20034408151725616,全窓,50000
var_ofi,生,二乗,立会日,100s,full,58683519.0,2.2816132646838597e-11,0.00005478463826358903,3.0013565896723033e-9,0.419678640130429,全窓,100000
var_ofi,生,二乗,立会日,100s,sub,58648.0,2.6772591632217464e-9,0.00581947259170109,0.0000338662612455602,1.4093218304452506,全窓,100000
var_ofi,生,二乗,閉場日,10ms,full,26766527.0,-9.053550694270621e-18,-4.2057605053080436e-7,1.768842142800897e-13,-0.0021759080273840194,全窓,10
var_ofi,生,二乗,閉場日,10ms,sub,26766527.0,-9.053550694270621e-18,-4.2057605053080436e-7,1.768842142800897e-13,-0.0021759080273840194,全窓,10
var_ofi,生,二乗,閉場日,20ms,full,26766527.0,-4.360460139271186e-18,-1.043748932458752e-7,1.0894118340087846e-14,-0.0005399978619429181,全窓,20
var_ofi,生,二乗,閉場日,20ms,sub,26766527.0,-4.360460139271186e-18,-1.043748932458752e-7,1.0894118340087846e-14,-0.0005399978619429181,全窓,20
var_ofi,生,二乗,閉場日,50ms,full,26766527.0,7.685996995431668e-16,0.000010978538161854026,1.2052830017128517e-10,0.056798976752500126,全窓,50
var_ofi,生,二乗,閉場日,50ms,sub,26766527.0,7.685996995431668e-16,0.000010978538161854026,1.2052830017128517e-10,0.056798976752500126,全窓,50
var_ofi,生,二乗,閉場日,100ms,full,26766527.0,-1.7107043514180563e-15,-1.8816531534680038e-7,3.540618589956083e-14,-0.0009734991320156767,全窓,100
var_ofi,生,二乗,閉場日,100ms,sub,26766527.0,-1.7107043514180563e-15,-1.8816531534680038e-7,3.540618589956083e-14,-0.0009734991320156767,全窓,100
var_ofi,生,二乗,閉場日,500ms,full,26766403.0,1.0141889984364358e-14,4.986463068822861e-7,2.48648139367343e-13,0.002579809257718842,全窓,500
var_ofi,生,二乗,閉場日,500ms,sub,5353266.0,6.347349470097298e-13,7.193969898151092e-6,5.1753202895504034e-11,0.016644775695681083,全窓,500
var_ofi,生,二乗,閉場日,1s,full,26766248.0,3.60259913162175e-14,1.2522415392134962e-6,1.5681088725317862e-12,0.006478610023533926,全窓,1000
var_ofi,生,二乗,閉場日,1s,sub,2676607.0,5.99985485089754e-13,3.180755012644509e-6,1.0117202450463171e-11,0.0052038211599934854,全窓,1000
var_ofi,生,二乗,閉場日,3s,full,26765628.0,1.9400333086542916e-13,6.738827614664468e-6,4.54117976201644e-11,0.034863665773182936,全窓,3000
var_ofi,生,二乗,閉場日,3s,sub,892165.0,7.757021060243052e-12,0.0007937720155805186,6.300740127187591e-7,0.7497526762820713,全窓,3000
var_ofi,生,二乗,閉場日,5s,full,26765008.0,1.7802499175694223e-13,6.183583476164404e-6,3.8236704606693455e-11,0.03199071159348459,全窓,5000
var_ofi,生,二乗,閉場日,5s,sub,535278.0,-2.2094133998218715e-11,-9.26021922652856e-6,8.575166012336921e-11,-0.006775013330476379,全窓,5000
var_ofi,生,二乗,閉場日,10s,full,26763458.0,5.03230788628499e-13,0.000017470578438227313,3.052211109662531e-10,0.09038125788076705,全窓,10000
var_ofi,生,二乗,閉場日,10s,sub,267610.0,1.0175882564465326e-11,3.4912676719726497e-6,1.2188949957361326e-11,0.0018060621584622464,全窓,10000
var_ofi,生,二乗,閉場日,30s,full,26757258.0,1.3174848561100245e-12,0.000045569062705231656,2.0765394758333346e-9,0.2357169880690742,全窓,30000
var_ofi,生,二乗,閉場日,30s,sub,89165.0,1.2007124816455697e-9,0.011491425287407037,0.0001320528551360579,3.431586185477755,全窓,30000
var_ofi,生,二乗,閉場日,50s,full,26751058.0,3.316700984049215e-12,0.00011409867850824066,1.3018508437326859e-8,0.5901346056428263,全窓,50000
var_ofi,生,二乗,閉場日,50s,sub,53477.0,-1.1833410875502866e-10,-0.000015525894830495117,2.41053410287595e-10,-0.003590310727254175,全窓,50000
var_ofi,生,二乗,閉場日,100s,full,26735558.0,2.9403087070436514e-12,0.00010005785637412344,1.0011574622184713e-8,0.5173635246510393,全窓,100000
var_ofi,生,二乗,閉場日,100s,sub,26709.0,9.89131844799233e-9,0.0006705492451754592,4.4963629020537816e-7,0.10958303610480166,全窓,100000
var_ofi,生,符号つき,立会日,10ms,full,58751451.0,-1.3001249522310956e-13,-0.000026276273873415507,6.904425686707384e-10,-0.20140630920776875,全窓,10
var_ofi,生,符号つき,立会日,10ms,sub,58751451.0,-1.3001249522310956e-13,-0.000026276273873415507,6.904425686707384e-10,-0.20140630920776875,全窓,10
var_ofi,生,符号つき,立会日,20ms,full,58751451.0,-3.5720798195660223e-14,-5.134984448883558e-6,2.636806529027598e-11,-0.039359395868981115,全窓,20
var_ofi,生,符号つき,立会日,20ms,sub,58751451.0,-3.5720798195660223e-14,-5.134984448883558e-6,2.636806529027598e-11,-0.039359395868981115,全窓,20
var_ofi,生,符号つき,立会日,50ms,full,58751451.0,8.544131153353468e-13,0.00007825703600647727,6.124163684519079e-9,0.599836221465635,全窓,50
var_ofi,生,符号つき,立会日,50ms,sub,58751451.0,8.544131153353468e-13,0.00007825703600647727,6.124163684519079e-9,0.599836221465635,全窓,50
var_ofi,生,符号つき,立会日,100ms,full,58751451.0,1.3000511982972273e-12,0.00001878970029246704,3.5305283708073597e-10,0.14402210163505225,全窓,100
var_ofi,生,符号つき,立会日,100ms,sub,58751451.0,1.3000511982972273e-12,0.00001878970029246704,3.5305283708073597e-10,0.14402210163505225,全窓,100
var_ofi,生,符号つき,立会日,500ms,full,58751179.0,-1.163288479744354e-12,-7.533652994929391e-6,5.675592744800858e-11,-0.05774493518471002,全窓,500
var_ofi,生,符号つき,立会日,500ms,sub,11750220.0,-1.8479001349249913e-11,-0.00003270167655183193,1.0693996493006342e-9,-0.11209673956830203,全窓,500
var_ofi,生,符号つき,立会日,1s,full,58750839.0,-1.023168119714931e-11,-0.00004687525960902882,2.197289963413849e-9,-0.3592946211202124,全窓,1000
var_ofi,生,符号つき,立会日,1s,sub,5875062.0,-2.1905102332817937e-10,-0.0002355924106144422,5.550378393912394e-8,-0.571041223528137,全窓,1000
var_ofi,生,符号つき,立会日,3s,full,58749479.0,2.015633709995117e-11,0.00008707883932109348,7.582724257508816e-9,0.6674436963083977,全窓,3000
var_ofi,生,符号つき,立会日,3s,sub,1958291.0,-8.975104050887362e-10,-0.0003700053841164439,1.369039842751572e-7,-0.5177814241220356,全窓,3000
var_ofi,生,符号つき,立会日,5s,full,58748119.0,5.394376998214814e-11,0.00022239957833997508,4.946157244579871e-8,1.704633212387325,全窓,5000
var_ofi,生,符号つき,立会日,5s,sub,1174935.0,-2.6016978252669677e-11,-0.00005743941843546858,3.299286790204848e-9,-0.06226107081527945,全窓,5000
var_ofi,生,符号つき,立会日,10s,full,58744719.0,7.226310752627528e-11,0.0002716911536609495,7.381608297761766e-8,2.082379702325619,全窓,10000
var_ofi,生,符号つき,立会日,10s,sub,587416.0,-1.1063990101687055e-9,-0.0013367529515722495,1.7869084535371208e-6,-1.0245276560283156,全窓,10000
var_ofi,生,符号つき,立会日,30s,full,58731119.0,1.4945907970029704e-10,0.000431252837606826,1.8597900994393943e-7,3.3049594587475966,全窓,30000
var_ofi,生,符号つき,立会日,30s,sub,195736.0,4.90445807697795e-9,0.002914415758502469,8.49381921340752e-6,1.2893964988550253,全窓,30000
var_ofi,生,符号つき,立会日,50s,full,58717519.0,1.3945271742373426e-10,0.00034001550941201164,1.1561054664070977e-7,2.6054491018942896,全窓,50000
var_ofi,生,符号つき,立会日,50s,sub,117400.0,-3.959642242671713e-10,-0.00044888822937372215,2.015006424702754e-7,-0.1538043471147018,全窓,50000
var_ofi,生,符号つき,立会日,100s,full,58683519.0,1.5281730076901812e-10,0.00028559484972121897,8.156441818728565e-8,2.1878042215188587,全窓,100000
var_ofi,生,符号つき,立会日,100s,sub,58648.0,6.532596843246337e-8,0.008228905210619041,0.00006771488096535321,1.9928562008102022,全窓,100000
var_ofi,生,符号つき,閉場日,10ms,full,26766527.0,1.7365185392321615e-14,2.5544107893885752e-6,6.525014480944764e-12,0.013215595455018653,全窓,10
var_ofi,生,符号つき,閉場日,10ms,sub,26766527.0,1.7365185392321615e-14,2.5544107893885752e-6,6.525014480944764e-12,0.013215595455018653,全窓,10
var_ofi,生,符号つき,閉場日,20ms,full,26766527.0,4.1149347393730867e-13,0.00004193760280984267,1.7587625294361241e-9,0.2169699548232674,全窓,20
var_ofi,生,符号つき,閉場日,20ms,sub,26766527.0,4.1149347393730867e-13,0.00004193760280984267,1.7587625294361241e-9,0.2169699548232674,全窓,20
var_ofi,生,符号つき,閉場日,50ms,full,26766527.0,-1.2306395913839553e-12,-0.00007895831513502037,6.234415528961187e-9,-0.4085017015346294,全窓,50
var_ofi,生,符号つき,閉場日,50ms,sub,26766527.0,-1.2306395913839553e-12,-0.00007895831513502037,6.234415528961187e-9,-0.4085017015346294,全窓,50
var_ofi,生,符号つき,閉場日,100ms,full,26766527.0,-2.753721391265336e-12,-0.00006747107651322604,4.552346165853603e-9,-0.34907089252998486,全窓,100
var_ofi,生,符号つき,閉場日,100ms,sub,26766527.0,-2.753721391265336e-12,-0.00006747107651322604,4.552346165853603e-9,-0.34907089252998486,全窓,100
var_ofi,生,符号つき,閉場日,500ms,full,26766403.0,1.8340635224100605e-11,0.00020409339855774277,4.165411533484964e-8,1.0559028368151546,全窓,500
var_ofi,生,符号つき,閉場日,500ms,sub,5353266.0,-4.4323339948101885e-10,-0.0011361658226201944,1.290872776490223e-6,-2.628762386257392,全窓,500
var_ofi,生,符号つき,閉場日,1s,full,26766248.0,4.943941290120508e-11,0.0003925544374424602,1.5409898635576642e-7,2.030923930814195,全窓,1000
var_ofi,生,符号つき,閉場日,1s,sub,2676607.0,3.733929709372461e-10,0.00045143279469434834,2.0379156812554966e-7,0.7385591657848409,全窓,1000
var_ofi,生,符号つき,閉場日,3s,full,26765628.0,2.47079843966631e-11,0.0001618409466694169,2.619249201885305e-8,0.8372923406714491,全窓,3000
var_ofi,生,符号つき,閉場日,3s,sub,892165.0,3.9345484010155955e-10,0.0008501263421691752,7.227147976499416e-7,0.8029818603229569,全窓,3000
var_ofi,生,符号つき,閉場日,5s,full,26765008.0,1.7360741401616996e-11,0.00010068767831946408,1.0138008565363877e-8,0.5209067698071334,全窓,5000
var_ofi,生,符号つき,閉場日,5s,sub,535278.0,7.483604567130672e-9,0.0007689837132624954,5.913359512629757e-7,0.5626083271892652,全窓,5000
var_ofi,生,符号つき,閉場日,10s,full,26763458.0,7.458109236512268e-11,0.00035145841616315436,1.23523018291913e-7,1.8182143089850435,全窓,10000
var_ofi,生,符号つき,閉場日,10s,sub,267610.0,-3.0790458757233406e-8,-0.0026364561080244415,6.950900809539386e-6,-1.3638656801223177,全窓,10000
var_ofi,生,符号つき,閉場日,30s,full,26757258.0,1.4618798643257803e-10,0.00045083983320078454,2.0325655520051123e-7,2.332078211940378,全窓,30000
var_ofi,生,符号つき,閉場日,30s,sub,89165.0,-4.8095661160243086e-8,-0.003177043858555079,0.000010093607679182546,-0.9486756166355053,全窓,30000
var_ofi,生,符号つき,閉場日,50s,full,26751058.0,3.7179451761839816e-10,0.0009199188989328157,8.46250780613764e-7,4.757953465490203,全窓,50000
var_ofi,生,符号つき,閉場日,50s,sub,53477.0,7.236180767991627e-8,0.002402501932979188,5.772015537968734e-6,0.5555720587691552,全窓,50000
var_ofi,生,符号つき,閉場日,100s,full,26735558.0,6.229370833432099e-11,0.00011378323699133257,1.2946625020225752e-8,0.588332578326689,全窓,100000
var_ofi,生,符号つき,閉場日,100s,sub,26709.0,9.068140139565368e-9,0.0001563625004571824,2.4449231549222367e-8,0.025553192421879305,全窓,100000
var_ofi,生,絶対値,立会日,10ms,full,58751451.0,1.672185612905114e-13,0.000033880093849930825,1.1478607592801205e-9,0.2596892045029159,全窓,10
var_ofi,生,絶対値,立会日,10ms,sub,58751451.0,1.672185612905114e-13,0.000033880093849930825,1.1478607592801205e-9,0.2596892045029159,全窓,10
var_ofi,生,絶対値,立会日,20ms,full,58751451.0,5.318547946704421e-13,0.00007683777122761771,5.904043087227716e-9,0.5889576286805391,全窓,20
var_ofi,生,絶対値,立会日,20ms,sub,58751451.0,5.318547946704421e-13,0.00007683777122761771,5.904043087227716e-9,0.5889576286805391,全窓,20
var_ofi,生,絶対値,立会日,50ms,full,58751451.0,5.8511190694128636e-12,0.0005426769537162735,2.944982760947744e-7,4.15959199249635,全窓,50
var_ofi,生,絶対値,立会日,50ms,sub,58751451.0,5.8511190694128636e-12,0.0005426769537162735,2.944982760947744e-7,4.15959199249635,全窓,50
var_ofi,生,絶対値,立会日,100ms,full,58751451.0,1.2629895433555832e-11,0.0001827468015158793,3.339639346428418e-8,1.4007450063903282,全窓,100
var_ofi,生,絶対値,立会日,100ms,sub,58751451.0,1.2629895433555832e-11,0.0001827468015158793,3.339639346428418e-8,1.4007450063903282,全窓,100
var_ofi,生,絶対値,立会日,500ms,full,58751179.0,6.861914965708684e-11,0.00044561765472404504,1.9857509420175823e-7,3.4156291988329235,全窓,500
var_ofi,生,絶対値,立会日,500ms,sub,11750220.0,8.787206817348624e-10,0.0015593566230268458,2.431593077777689e-6,5.345261286991891,全窓,500
var_ofi,生,絶対値,立会日,1s,full,58750839.0,1.372970196337249e-10,0.0006313560436088885,3.9861045380146876e-7,4.839287874545965,全窓,1000
var_ofi,生,絶対値,立会日,1s,sub,5875062.0,1.9792068077771274e-9,0.0021366450843523194,4.56525221648693e-6,5.178923935797766,全窓,1000
var_ofi,生,絶対値,立会日,3s,full,58749479.0,2.4141654259327204e-10,0.0010581183770085366,1.1196144997631797e-6,8.110292223305349,全窓,3000
var_ofi,生,絶対値,立会日,3s,sub,1958291.0,6.284993615379585e-9,0.0026052919970665704,6.787546389979119e-6,3.645828801934017,全窓,3000
var_ofi,生,絶対値,立会日,5s,full,58748119.0,2.8953825597105467e-10,0.001223456007045056,1.4968446011746323e-6,9.377469455484759,全窓,5000
var_ofi,生,絶対値,立会日,5s,sub,1174935.0,2.6673931754702278e-9,0.006537757560326465,0.00004274227391760585,7.086709723137227,全窓,5000
var_ofi,生,絶対値,立会日,10s,full,58744719.0,3.656663855693381e-10,0.0014415250366798023,2.0779944313747054e-6,11.048594863713355,全窓,10000
var_ofi,生,絶対値,立会日,10s,sub,587416.0,6.305835213036183e-9,0.008597582278389443,0.0000739184210336762,6.5896832398122,全窓,10000
var_ofi,生,絶対値,立会日,30s,full,58731119.0,5.86843808667068e-10,0.0018771777368993853,3.5237962559106978e-6,14.386007766754757,全窓,30000
var_ofi,生,絶対値,立会日,30s,sub,195736.0,1.5433460777339948e-8,0.010947231525377112,0.00011984187807021047,4.843546391401739,全窓,30000
var_ofi,生,絶対値,立会日,50s,full,58717519.0,7.093719670723554e-10,0.001976996950400894,3.908516941894434e-6,15.14923453453685,全窓,50000
var_ofi,生,絶対値,立会日,50s,sub,117400.0,2.8115095280858442e-9,0.003866835963434647,0.000014952420368111555,1.3249190518711647,全窓,50000
var_ofi,生,絶対値,立会日,100s,full,58683519.0,9.754121407097971e-10,0.0021669277805850306,4.6955760062711666e-6,16.599825549521142,全窓,100000
var_ofi,生,絶対値,立会日,100s,sub,58648.0,1.6881731834541994e-7,0.026370818985126738,0.0006954200939463208,6.388426121222507,全窓,100000
var_ofi,生,絶対値,閉場日,10ms,full,26766527.0,3.8812925122338756e-13,0.000057128988654824856,3.263721344723107e-9,0.29556467862665586,全窓,10
var_ofi,生,絶対値,閉場日,10ms,sub,26766527.0,3.8812925122338756e-13,0.000057128988654824856,3.263721344723107e-9,0.29556467862665586,全窓,10
var_ofi,生,絶対値,閉場日,20ms,full,26766527.0,1.1337592888085187e-12,0.00011568398758839912,1.3382784984352882e-8,0.5985070205496025,全窓,20
var_ofi,生,絶対値,閉場日,20ms,sub,26766527.0,1.1337592888085187e-12,0.00011568398758839912,1.3382784984352882e-8,0.5985070205496025,全窓,20
var_ofi,生,絶対値,閉場日,50ms,full,26766527.0,4.931666554438643e-12,0.0003173340987299173,1.0070093021672891e-7,1.6417716764520127,全窓,50
var_ofi,生,絶対値,閉場日,50ms,sub,26766527.0,4.931666554438643e-12,0.0003173340987299173,1.0070093021672891e-7,1.6417716764520127,全窓,50
var_ofi,生,絶対値,閉場日,100ms,full,26766527.0,9.205591180244795e-12,0.00022591509667777297,5.103763090692751e-8,1.1688028462206792,全窓,100
var_ofi,生,絶対値,閉場日,100ms,sub,26766527.0,9.205591180244795e-12,0.00022591509667777297,5.103763090692751e-8,1.1688028462206792,全窓,100
var_ofi,生,絶対値,閉場日,500ms,full,26766403.0,6.313638238929484e-11,0.0007059359835796578,4.983456129125789e-7,3.6522493287293107,全窓,500
var_ofi,生,絶対値,閉場日,500ms,sub,5353266.0,1.03539394213827e-9,0.0026667250643995204,7.111422569096626e-6,6.170056171291835,全窓,500
var_ofi,生,絶対値,閉場日,1s,full,26766248.0,1.2477713660823253e-10,0.0009973478167975172,9.947026676707739e-7,5.159891741420186,全窓,1000
var_ofi,生,絶対値,閉場日,1s,sub,2676607.0,2.3980640416851085e-9,0.0029186211016668496,8.518349135095015e-6,4.7749816867644075,全窓,1000
var_ofi,生,絶対値,閉場日,3s,full,26765628.0,1.749128291267371e-10,0.0011701623117988994,1.3692798359545447e-6,6.053898096447567,全窓,3000
var_ofi,生,絶対値,閉場日,3s,sub,892165.0,1.8697233540500263e-9,0.004183215090043221,0.000017499288489565312,3.9512644715582868,全窓,3000
var_ofi,生,絶対値,閉場日,5s,full,26765008.0,1.8649637040669693e-10,0.0011174477146130622,1.2486893948939557e-6,5.781108966210304,全窓,5000
var_ofi,生,絶対値,閉場日,5s,sub,535278.0,1.1955595966765818e-7,0.012459643184140844,0.0001552427082761074,9.116501424864545,全窓,5000
var_ofi,生,絶対値,閉場日,10s,full,26763458.0,3.143607897513704e-10,0.0015604944478909088,2.435142921898352e-6,8.072979570735056,全窓,10000
var_ofi,生,絶対値,閉場日,10s,sub,267610.0,1.5179272711108777e-7,0.013226368042287277,0.00017493681159003817,6.842710083480178,全窓,10000
var_ofi,生,絶対値,閉場日,30s,full,26757258.0,4.789929071062746e-10,0.0016072134335670045,2.58313502103824e-6,8.31371057837912,全窓,30000
var_ofi,生,絶対値,閉場日,30s,sub,89165.0,4.592647534972513e-7,0.03338990482789939,0.0011148857444161792,9.975846243837248,全窓,30000
var_ofi,生,絶対値,閉場日,50s,full,26751058.0,7.396954766821037e-10,0.0020185456482508294,4.074526534072361e-6,10.440226606882147,全窓,50000
var_ofi,生,絶対値,閉場日,50s,sub,53477.0,3.972924024217617e-7,0.013506996396911141,0.00018243895166617055,3.123732242923095,全窓,50000
var_ofi,生,絶対値,閉場日,100s,full,26735558.0,5.331077103235016e-10,0.0010923495673649068,1.1932275773222993e-6,5.648153749692214,全窓,100000
var_ofi,生,絶対値,閉場日,100s,sub,26709.0,7.870398136557347e-7,0.013927859804110524,0.00019398527872295764,2.2763501545141938,全窓,100000
var_ofi,log1p,二乗,立会日,10ms,full,20505296.0,-2.087521141292293e-11,-0.00037684676635648876,1.4201348531334203e-7,-1.7064667245106484,動いた窓,10
var_ofi,log1p,二乗,立会日,10ms,sub,20505296.0,-2.087521141292293e-11,-0.00037684676635648876,1.4201348531334203e-7,-1.7064667245106484,動いた窓,10
var_ofi,log1p,二乗,立会日,20ms,full,20505296.0,-4.521300546787724e-11,-0.0007369004106300667,5.43022215186761e-7,-3.3368902015797923,動いた窓,20
var_ofi,log1p,二乗,立会日,20ms,sub,20505296.0,-4.521300546787724e-11,-0.0007369004106300667,5.43022215186761e-7,-3.3368902015797923,動いた窓,20
var_ofi,log1p,二乗,立会日,50ms,full,20505296.0,-7.839473208402365e-11,-0.0007847202854175332,6.157859263457747e-7,-3.5534320362484744,動いた窓,50
var_ofi,log1p,二乗,立会日,50ms,sub,20505296.0,-7.839473208402365e-11,-0.0007847202854175332,6.157859263457747e-7,-3.5534320362484744,動いた窓,50
var_ofi,log1p,二乗,立会日,100ms,full,20505296.0,1.589092733983439e-7,0.0003523591775922733,1.241569900335032e-7,1.5955801135888923,動いた窓,100
var_ofi,log1p,二乗,立会日,100ms,sub,20505296.0,1.589092733983439e-7,0.0003523591775922733,1.241569900335032e-7,1.5955801135888923,動いた窓,100
var_ofi,log1p,二乗,立会日,500ms,full,20505173.0,5.47324091956103e-7,0.0005427727803496608,2.946022910885012e-7,2.457818572518375,動いた窓,500
var_ofi,log1p,二乗,立会日,500ms,sub,4411136.0,1.005446937730061e-6,0.001019797133879204,1.0399861942682391e-6,2.141850422421711,動いた窓,500
var_ofi,log1p,二乗,立会日,1s,full,20505030.0,7.644722590667539e-7,0.0005111201017172447,2.612437583794465e-7,2.3144787706586296,動いた窓,1000
var_ofi,log1p,二乗,立会日,1s,sub,2311031.0,-6.236240113488433e-7,-0.0004475937013597074,2.0034012149688292e-7,-0.6804350985940378,動いた窓,1000
var_ofi,log1p,二乗,立会日,3s,full,20504461.0,1.2359852386607066e-6,0.0009139006002210632,8.352143070844196e-7,4.138312677819138,動いた窓,3000
var_ofi,log1p,二乗,立会日,3s,sub,769669.0,-1.8837532003529685e-6,-0.0007795922199696436,6.077640294371971e-7,-0.6839416653066167,動いた窓,3000
var_ofi,log1p,二乗,立会日,5s,full,20503919.0,5.322736822616114e-7,0.0004464084840263666,1.992805346107188e-7,2.0213936666667673,動いた窓,5000
var_ofi,log1p,二乗,立会日,5s,sub,464485.0,-7.80114766639756e-9,-0.0001984693294312124,3.9390074724875114e-8,-0.13526278423541263,動いた窓,5000
var_ofi,log1p,二乗,立会日,10s,full,20502581.0,1.1047075698783007e-7,0.00008178334236612328,6.688515088574536e-9,0.3703131241441485,動いた窓,10000
var_ofi,log1p,二乗,立会日,10s,sub,229280.0,8.62956196571347e-8,0.012705163575023925,0.0001614211814681147,6.084102305160948,動いた窓,10000
var_ofi,log1p,二乗,立会日,30s,full,20497357.0,2.560001606837202e-7,0.00025415694461640995,6.459575249674887e-8,1.1506703072320488,動いた窓,30000
var_ofi,log1p,二乗,立会日,30s,sub,78210.0,2.493185589351389e-7,0.05167750922556594,0.0026705649597584527,14.471309923815555,動いた窓,30000
var_ofi,log1p,二乗,立会日,50s,full,20491900.0,1.033105292034718e-6,0.0007236716167577978,5.237006089008449e-7,3.2759159147164625,動いた窓,50000
var_ofi,log1p,二乗,立会日,50s,sub,45916.0,1.1259814168847395e-6,0.017961301178007438,0.0003226083400070914,3.849288170184664,動いた窓,50000
var_ofi,log1p,二乗,立会日,100s,full,20479285.0,1.516146806506114e-6,0.0011142751647059126,1.2416091426803888e-6,5.042548619408936,動いた窓,100000
var_ofi,log1p,二乗,立会日,100s,sub,22639.0,2.3823697898766514e-6,0.025908011205652712,0.0006712250446322265,3.8993239322971722,動いた窓,100000
var_ofi,log1p,二乗,閉場日,10ms,full,3776079.0,-7.447228429137772e-12,-0.0001798813349467075,3.2357294662209575e-8,-0.34954776513335684,動いた窓,10
var_ofi,log1p,二乗,閉場日,10ms,sub,3776079.0,-7.447228429137772e-12,-0.0001798813349467075,3.2357294662209575e-8,-0.34954776513335684,動いた窓,10
var_ofi,log1p,二乗,閉場日,20ms,full,3776079.0,-1.0072285671901256e-11,-0.0001793515654813884,3.216698404062475e-8,-0.3485183101392713,動いた窓,20
var_ofi,log1p,二乗,閉場日,20ms,sub,3776079.0,-1.0072285671901256e-11,-0.0001793515654813884,3.216698404062475e-8,-0.3485183101392713,動いた窓,20
var_ofi,log1p,二乗,閉場日,50ms,full,3776079.0,-1.3198654162650862e-11,-0.0001179391358062607,1.3909639754727604e-8,-0.22918087068230777,動いた窓,50
var_ofi,log1p,二乗,閉場日,50ms,sub,3776079.0,-1.3198654162650862e-11,-0.0001179391358062607,1.3909639754727604e-8,-0.22918087068230777,動いた窓,50
var_ofi,log1p,二乗,閉場日,100ms,full,3776079.0,5.966714183357919e-12,0.00002062570028559399,4.254195122711519e-10,0.040080130193422714,動いた窓,100
var_ofi,log1p,二乗,閉場日,100ms,sub,3776079.0,5.966714183357919e-12,0.00002062570028559399,4.254195122711519e-10,0.040080130193422714,動いた窓,100
var_ofi,log1p,二乗,閉場日,500ms,full,3776040.0,1.169342377175174e-9,0.00003357227474421692,1.1270976315011855e-9,0.06523774590722276,動いた窓,500
var_ofi,log1p,二乗,閉場日,500ms,sub,851495.0,3.2895127343910644e-9,0.0021738322319130796,4.725546572504201e-6,2.00593839443361,動いた窓,500
var_ofi,log1p,二乗,閉場日,1s,full,3775985.0,7.079542147539704e-9,0.00014359834843761022,2.0620485674009313e-8,0.27903871588431495,動いた窓,1000
var_ofi,log1p,二乗,閉場日,1s,sub,468497.0,8.761112877317466e-9,0.002698964907536492,7.284411572113465e-6,1.8473589957681513,動いた窓,1000
var_ofi,log1p,二乗,閉場日,3s,full,3775805.0,5.657863558021498e-8,0.0008112231344814229,6.580829739178647e-7,1.5763227151722967,動いた窓,3000
var_ofi,log1p,二乗,閉場日,3s,sub,149232.0,5.038025132745428e-8,0.0063175753362671875,0.00003991175812941147,2.4405469450177257,動いた窓,3000
var_ofi,log1p,二乗,閉場日,5s,full,3775638.0,5.444300817819033e-8,0.001554848066223626,2.417552509039349e-6,3.0212282853177923,動いた窓,5000
var_ofi,log1p,二乗,閉場日,5s,sub,93730.0,5.828817595586739e-8,0.036049241818438986,0.00129954783568429,11.043664050770735,動いた窓,5000
var_ofi,log1p,二乗,閉場日,10s,full,3775217.0,9.876987910897116e-8,0.0016334649348113595,2.668207693258279e-6,3.173812310737015,動いた窓,10000
var_ofi,log1p,二乗,閉場日,10s,sub,47766.0,1.2172478651725888e-7,0.04035120098184605,0.0016282194206773339,8.825933717744526,動いた窓,10000
var_ofi,log1p,二乗,閉場日,30s,full,3773525.0,3.359185814439443e-7,0.004781154293542676,0.000022859436378661568,9.287765116318083,動いた窓,30000
var_ofi,log1p,二乗,閉場日,30s,sub,15179.0,4.275983372928205e-7,0.07149977592553784,0.005112217957402121,8.831014525444095,動いた窓,30000
var_ofi,log1p,二乗,閉場日,50s,full,3771870.0,6.227995206883566e-7,0.012349601124265069,0.00015251264792844906,23.98635703385119,動いた窓,50000
var_ofi,log1p,二乗,閉場日,50s,sub,9506.0,-2.362746067151035e-6,-0.002997334126366159,8.984011865079185e-6,-0.2922068032471376,動いた窓,50000
var_ofi,log1p,二乗,閉場日,100s,full,3768005.0,1.4674536608774185e-6,0.018302850853511222,0.0003349943493658765,35.53424693116313,動いた窓,100000
var_ofi,log1p,二乗,閉場日,100s,sub,4747.0,0.000029918686950352932,0.026303240380624926,0.0006918604545209377,1.8124984751921693,動いた窓,100000
var_ofi,log1p,符号つき,立会日,10ms,full,20505296.0,-3.3343002622636383e-9,-0.0002669939585622766,7.128577390875465e-8,-1.2090226863948894,動いた窓,10
var_ofi,log1p,符号つき,立会日,10ms,sub,20505296.0,-3.3343002622636383e-9,-0.0002669939585622766,7.128577390875465e-8,-1.2090226863948894,動いた窓,10
var_ofi,log1p,符号つき,立会日,20ms,full,20505296.0,-4.5947649674854814e-10,-0.000026446540181880194,6.994194875918037e-10,-0.11975726379819397,動いた窓,20
var_ofi,log1p,符号つき,立会日,20ms,sub,20505296.0,-4.5947649674854814e-10,-0.000026446540181880194,6.994194875918037e-10,-0.11975726379819397,動いた窓,20
var_ofi,log1p,符号つき,立会日,50ms,full,20505296.0,4.434417643360248e-9,0.00014927702926275613,2.228363146551375e-8,0.6759677690320184,動いた窓,50
var_ofi,log1p,符号つき,立会日,50ms,sub,20505296.0,4.434417643360248e-9,0.00014927702926275613,2.228363146551375e-8,0.6759677690320184,動いた窓,50
var_ofi,log1p,符号つき,立会日,100ms,full,20505296.0,-8.514635235331619e-8,-0.00036631096676028864,1.341837243688573e-7,-1.658757693999285,動いた窓,100
var_ofi,log1p,符号つき,立会日,100ms,sub,20505296.0,-8.514635235331619e-8,-0.00036631096676028864,1.341837243688573e-7,-1.658757693999285,動いた窓,100
var_ofi,log1p,符号つき,立会日,500ms,full,20505173.0,-3.2629534811880666e-7,-0.0006259332351955787,3.9179241492240364e-7,-2.834391224241707,動いた窓,500
var_ofi,log1p,符号つき,立会日,500ms,sub,4411136.0,-5.407833453140822e-7,-0.0010561321835947828,1.115415189224684e-6,-2.218163959996765,動いた窓,500
var_ofi,log1p,符号つき,立会日,1s,full,20505030.0,-3.13002823985962e-7,-0.000404546518988233,1.6365788602549678e-7,-1.8318870283340085,動いた窓,1000
var_ofi,log1p,符号つき,立会日,1s,sub,2311031.0,1.5370016465900367e-7,0.00021173729948685107,4.4832683993984465e-8,0.32188450957297104,動いた窓,1000
var_ofi,log1p,符号つき,立会日,3s,full,20504461.0,-6.687812565145405e-7,-0.0009026741415963221,8.14820605906657e-7,-4.087477133851452,動いた窓,3000
var_ofi,log1p,符号つき,立会日,3s,sub,769669.0,6.992147366812892e-7,0.0005557626756620876,3.0887215165908275e-7,0.4875743797399427,動いた窓,3000
var_ofi,log1p,符号つき,立会日,5s,full,20503919.0,-3.7758892389283863e-7,-0.0005366239233893629,2.879652351537928e-7,-2.4299006112896215,動いた窓,5000
var_ofi,log1p,符号つき,立会日,5s,sub,464485.0,1.2100269844068078e-7,0.0003085229227025858,9.518639383294574e-8,0.21026760562467373,動いた窓,5000
var_ofi,log1p,符号つき,立会日,10s,full,20502581.0,-6.423070493515439e-7,-0.0007560093404512891,5.715501228495932e-7,-3.4231941580569787,動いた窓,10000
var_ofi,log1p,符号つき,立会日,10s,sub,229280.0,-1.701466284789033e-6,-0.0033979011964230476,0.000011545732540653178,-1.6270258232337604,動いた窓,10000
var_ofi,log1p,符号つき,立会日,30s,full,20497357.0,-1.5560455836449712e-6,-0.001510411985915169,2.2813443671962048e-6,-6.838247732501131,動いた窓,30000
var_ofi,log1p,符号つき,立会日,30s,sub,78210.0,-3.5733393150897903e-6,-0.004147983597440579,0.000017205767924636087,-1.1600223492775434,動いた窓,30000
var_ofi,log1p,符号つき,立会日,50s,full,20491900.0,-3.4466711666382166e-6,-0.0025163692551130844,6.332114228078379e-6,-11.391130783540577,動いた窓,50000
var_ofi,log1p,符号つき,立会日,50s,sub,45916.0,3.4519375462470146e-7,0.000286809296998045,8.225957284451278e-8,0.06145621480587925,動いた窓,50000
var_ofi,log1p,符号つき,立会日,100s,full,20479285.0,-6.684668198655422e-6,-0.0037675301011437083,0.000014194283063023921,-17.0497174758586,動いた窓,100000
var_ofi,log1p,符号つき,立会日,100s,sub,22639.0,-1.4772610533547909e-6,-0.0008657872045439389,7.495874835520083e-7,-0.1302629056350483,動いた窓,100000
var_ofi,log1p,符号つき,閉場日,10ms,full,3776079.0,1.5261317767214722e-8,0.0009252974205893951,8.561753165493879e-7,1.798050802617452,動いた窓,10
var_ofi,log1p,符号つき,閉場日,10ms,sub,3776079.0,1.5261317767214722e-8,0.0009252974205893951,8.561753165493879e-7,1.798050802617452,動いた窓,10
var_ofi,log1p,符号つき,閉場日,20ms,full,3776079.0,2.5945727510190416e-8,0.0011092254661468576,1.2303811347487135e-6,2.155462739305277,動いた窓,20
var_ofi,log1p,符号つき,閉場日,20ms,sub,3776079.0,2.5945727510190416e-8,0.0011092254661468576,1.2303811347487135e-6,2.155462739305277,動いた窓,20
var_ofi,log1p,符号つき,閉場日,50ms,full,3776079.0,9.580674855179039e-9,0.00023441077980475611,5.494841368867386e-8,0.4555101014439777,動いた窓,50
var_ofi,log1p,符号つき,閉場日,50ms,sub,3776079.0,9.580674855179039e-9,0.00023441077980475611,5.494841368867386e-8,0.4555101014439777,動いた窓,50
var_ofi,log1p,符号つき,閉場日,100ms,full,3776079.0,-3.106711345267841e-8,-0.0005061857856261701,2.56224049569983e-7,-0.9836269558783323,動いた窓,100
var_ofi,log1p,符号つき,閉場日,100ms,sub,3776079.0,-3.106711345267841e-8,-0.0005061857856261701,2.56224049569983e-7,-0.9836269558783323,動いた窓,100
var_ofi,log1p,符号つき,閉場日,500ms,full,3776040.0,-5.0027393664099504e-8,-0.0002730987694044044,7.458293785020004e-8,-0.5306863748756316,動いた窓,500
var_ofi,log1p,符号つき,閉場日,500ms,sub,851495.0,6.846423953889156e-8,0.00048342244865647634,2.336972638650235e-7,0.4460847798390123,動いた窓,500
var_ofi,log1p,符号つき,閉場日,1s,full,3775985.0,1.4451704492486482e-7,0.0005527997434414089,3.0558755634888747e-7,1.0741944751303272,動いた窓,1000
var_ofi,log1p,符号つき,閉場日,1s,sub,468497.0,8.75472712023824e-7,0.0042171085877554405,0.000017784004840920685,2.886497102351553,動いた窓,1000
var_ofi,log1p,符号つき,閉場日,3s,full,3775805.0,7.440439490455092e-7,0.0018684528091257922,3.4911158999300643e-6,3.6306765082470203,動いた窓,3000
var_ofi,log1p,符号つき,閉場日,3s,sub,149232.0,1.957735569298001e-6,0.005432156708831743,0.000029508326509305713,2.0984893398698308,動いた窓,3000
var_ofi,log1p,符号つき,閉場日,5s,full,3775638.0,1.0594797935686787e-6,0.002563645049050091,6.572275937519044e-6,4.981434002432025,動いた窓,5000
var_ofi,log1p,符号つき,閉場日,5s,sub,93730.0,1.1096358286658408e-6,0.002772478087087862,7.68663474338237e-6,0.8487982322840995,動いた窓,5000
var_ofi,log1p,符号つき,閉場日,10s,full,3775217.0,1.3322088474065328e-6,0.0023161027551711682,5.364331972511477e-6,4.500179459087342,動いた窓,10000
var_ofi,log1p,符号つき,閉場日,10s,sub,47766.0,2.470029572044101e-6,0.004447229419346606,0.000019777849508301947,0.971950558315294,動いた窓,10000
var_ofi,log1p,符号つき,閉場日,30s,full,3773525.0,4.8496865661586265e-6,0.0051687206475727705,0.00002671567313264508,10.040662346899394,動いた窓,30000
var_ofi,log1p,符号つき,閉場日,30s,sub,15179.0,-9.30596483687891e-8,-0.00009977257156366289,9.954566036426233e-9,-0.012291478765339068,動いた窓,30000
var_ofi,log1p,符号つき,閉場日,50s,full,3771870.0,6.566075400304678e-6,0.005613052968597867,0.000031506363628285326,10.901448941870596,動いた窓,50000
var_ofi,log1p,符号つき,閉場日,50s,sub,9506.0,0.000024586053057491013,0.008261312566970406,0.00006824928532918316,0.8054101316031331,動いた窓,50000
var_ofi,log1p,符号つき,閉場日,100s,full,3768005.0,9.034993857705352e-6,0.005527734410459348,0.00003055584771257636,10.73023969858404,動いた窓,100000
var_ofi,log1p,符号つき,閉場日,100s,sub,4747.0,-0.0001001277393208621,-0.023419409581677122,0.0005484687451543502,-1.6136642650508621,動いた窓,100000
var_ofi,log1p,絶対値,立会日,10ms,full,20505296.0,1.6302037526907883e-7,0.013112486263313242,0.00017193729600557846,59.382077218626684,動いた窓,10
var_ofi,log1p,絶対値,立会日,10ms,sub,20505296.0,1.6302037526907883e-7,0.013112486263313242,0.00017193729600557846,59.382077218626684,動いた窓,10
var_ofi,log1p,絶対値,立会日,20ms,full,20505296.0,3.3188763723505614e-7,0.019285195711628136,0.0003719187736358003,87.34495531149673,動いた窓,20
var_ofi,log1p,絶対値,立会日,20ms,sub,20505296.0,3.3188763723505614e-7,0.019285195711628136,0.0003719187736358003,87.34495531149673,動いた窓,20
var_ofi,log1p,絶対値,立会日,50ms,full,20505296.0,1.2316392361224376e-6,0.0426498455660355,0.0018190093268066782,193.30621430380106,動いた窓,50
var_ofi,log1p,絶対値,立会日,50ms,sub,20505296.0,1.2316392361224376e-6,0.0426498455660355,0.0018190093268066782,193.30621430380106,動いた窓,50
var_ofi,log1p,絶対値,立会日,100ms,full,20505296.0,2.5604599063833747e-6,0.011034962827220515,0.00012177040459813858,49.97241275901138,動いた窓,100
var_ofi,log1p,絶対値,立会日,100ms,sub,20505296.0,2.5604599063833747e-6,0.011034962827220515,0.00012177040459813858,49.97241275901138,動いた窓,100
var_ofi,log1p,絶対値,立会日,500ms,full,20505173.0,0.000010226433254492934,0.019704105399474686,0.0003882517695936075,89.24270874991144,動いた窓,500
var_ofi,log1p,絶対値,立会日,500ms,sub,4411136.0,0.000010856094519258174,0.02129789093393085,0.00045360015823361384,44.74146954198894,動いた窓,500
var_ofi,log1p,絶対値,立会日,1s,full,20505030.0,0.000015278952974331885,0.019851192672957492,0.0003940698505388812,89.90883617217563,動いた窓,1000
var_ofi,log1p,絶対値,立会日,1s,sub,2311031.0,0.000015738970350794603,0.021812096633360072,0.0004757675595430378,33.166790450705186,動いた窓,1000
var_ofi,log1p,絶対値,立会日,3s,full,20504461.0,0.00002336455322699232,0.03225999260071162,0.0010407071225979685,146.15528541101543,動いた窓,3000
var_ofi,log1p,絶対値,立会日,3s,sub,769669.0,0.000023977646816835475,0.019210999106952373,0.0003690624866873249,16.857048667264426,動いた窓,3000
var_ofi,log1p,絶対値,立会日,5s,full,20503919.0,0.000027597208277929426,0.04106244496877525,0.0016861243868136959,186.09284211611256,動いた窓,5000
var_ofi,log1p,絶対値,立会日,5s,sub,464485.0,0.00002977006111119929,0.08989498277586036,0.00808110792827223,61.51517790471066,動いた窓,5000
var_ofi,log1p,絶対値,立会日,10s,full,20502581.0,0.00003639733826410015,0.045930612864429426,0.0021096211981020897,208.19249491239742,動いた窓,10000
var_ofi,log1p,絶対値,立会日,10s,sub,229280.0,0.00004115277898386929,0.10449663837415946,0.010919547431499855,50.31155059849007,動いた窓,10000
var_ofi,log1p,絶対値,立会日,30s,full,20497357.0,0.000058742698308494655,0.06765932459029855,0.004577784204015378,307.0244096794355,動いた窓,30000
var_ofi,log1p,絶対値,立会日,30s,sub,78210.0,0.00006702756290052684,0.10289114383506835,0.010586587479688724,28.92775219742514,動いた窓,30000
var_ofi,log1p,絶対値,立会日,50s,full,20491900.0,0.0000739353903886997,0.06363376065808511,0.00404925549549046,288.64215118725195,動いた窓,50000
var_ofi,log1p,絶対値,立会日,50s,sub,45916.0,0.00008460431919882941,0.08933836126955023,0.007981342794328673,19.219878009587568,動いた窓,50000
var_ofi,log1p,絶対値,立会日,100s,full,20479285.0,0.00010216649416643262,0.07099423765655596,0.005040181780435549,322.090342204688,動いた窓,100000
var_ofi,log1p,絶対値,立会日,100s,sub,22639.0,0.00012066164105977028,0.09146530234572213,0.008365901533194362,13.819428514779593,動いた窓,100000
var_ofi,log1p,絶対値,閉場日,10ms,full,3776079.0,3.1344090365756637e-7,0.019033559385711402,0.0003622763828894026,36.99296263882121,動いた窓,10
var_ofi,log1p,絶対値,閉場日,10ms,sub,3776079.0,3.1344090365756637e-7,0.019033559385711402,0.0003622763828894026,36.99296263882121,動いた窓,10
var_ofi,log1p,絶対値,閉場日,20ms,full,3776079.0,6.336291483356662e-7,0.027174479854144763,0.0007384523553433196,52.825312265618074,動いた窓,20
var_ofi,log1p,絶対値,閉場日,20ms,sub,3776079.0,6.336291483356662e-7,0.027174479854144763,0.0007384523553433196,52.825312265618074,動いた窓,20
var_ofi,log1p,絶対値,閉場日,50ms,full,3776079.0,1.984364855616172e-6,0.04898977173818762,0.002399997734959726,95.3120072993012,動いた窓,50
var_ofi,log1p,絶対値,閉場日,50ms,sub,3776079.0,1.984364855616172e-6,0.04898977173818762,0.002399997734959726,95.3120072993012,動いた窓,50
var_ofi,log1p,絶対値,閉場日,100ms,full,3776079.0,3.9316510981652225e-6,0.06508539966033763,0.004236109248945878,126.74353331920196,動いた窓,100
var_ofi,log1p,絶対値,閉場日,100ms,sub,3776079.0,3.9316510981652225e-6,0.06508539966033763,0.004236109248945878,126.74353331920196,動いた窓,100
var_ofi,log1p,絶対値,閉場日,500ms,full,3776040.0,0.000014154998090210387,0.07942979101587144,0.006309091700825012,154.83742485328932,動いた窓,500
var_ofi,log1p,絶対値,閉場日,500ms,sub,851495.0,0.000015052076725037249,0.11144052843739688,0.012418991378406262,103.47783625118129,動いた窓,500
var_ofi,log1p,絶対値,閉場日,1s,full,3775985.0,0.00002198299881369957,0.08696087901622572,0.007562194479274646,169.62399453210878,動いた窓,1000
var_ofi,log1p,絶対値,閉場日,1s,sub,468497.0,0.000023904198734238203,0.12167010212378516,0.014803613750812312,83.90250891657537,動いた窓,1000
var_ofi,log1p,絶対値,閉場日,3s,full,3775805.0,0.000036977800580434975,0.0981619010133542,0.00963575881055555,191.66823714793958,動いた窓,3000
var_ofi,log1p,絶対値,閉場日,3s,sub,149232.0,0.0000414044375469145,0.12342766932790931,0.015234389555719726,48.04787232745897,動いた窓,3000
var_ofi,log1p,絶対値,閉場日,5s,full,3775638.0,0.00004515986245153082,0.12019213399674937,0.014446149074692556,235.25070069695826,動いた窓,5000
var_ofi,log1p,絶対値,閉場日,5s,sub,93730.0,0.00005148759660338874,0.14221121639363443,0.02022403006815712,43.985054486824275,動いた窓,5000
var_ofi,log1p,絶対値,閉場日,10s,full,3775217.0,0.000060761362546693956,0.11742572366043226,0.013788800577176201,229.74661703069953,動いた窓,10000
var_ofi,log1p,絶対値,閉場日,10s,sub,47766.0,0.00007441752285858126,0.14956125277905202,0.022368568332839497,33.05840235006736,動いた窓,10000
var_ofi,log1p,絶対値,閉場日,30s,full,3773525.0,0.00010549920998329624,0.12835580884500847,0.016475213664256354,251.41800379252004,動いた窓,30000
var_ofi,log1p,絶対値,閉場日,30s,sub,15179.0,0.00011916194040033637,0.146609243715822,0.021494270342925295,18.25881691993223,動いた窓,30000
var_ofi,log1p,絶対値,閉場日,50s,full,3771870.0,0.00013932490914517242,0.13797196501765638,0.019036263130833394,270.5469335772474,動いた窓,50000
var_ofi,log1p,絶対値,閉場日,50s,sub,9506.0,0.00014386573212525925,0.0494255690126995,0.0024428868722291205,4.824318885759736,動いた窓,50000
var_ofi,log1p,絶対値,閉場日,100s,full,3768005.0,0.00020468019080151274,0.14598429137998287,0.02131141332971574,286.44383806698545,動いた窓,100000
var_ofi,log1p,絶対値,閉場日,100s,sub,4747.0,0.000316968179007326,0.07582595351822592,0.005749575226948158,5.23827260848973,動いた窓,100000
var_ofi,生,二乗,立会日,10ms,full,20505296.0,-7.513641842914117e-17,-6.581486553081892e-6,4.3315965248397765e-11,-0.02980279521035993,動いた窓,10
var_ofi,生,二乗,立会日,10ms,sub,20505296.0,-7.513641842914117e-17,-6.581486553081892e-6,4.3315965248397765e-11,-0.02980279521035993,動いた窓,10
var_ofi,生,二乗,立会日,20ms,full,20505296.0,-2.437408389938381e-16,-0.000019275840385764526,3.7155802257747067e-10,-0.08728634769447362,動いた窓,20
var_ofi,生,二乗,立会日,20ms,sub,20505296.0,-2.437408389938381e-16,-0.000019275840385764526,3.7155802257747067e-10,-0.08728634769447362,動いた窓,20
var_ofi,生,二乗,立会日,50ms,full,20505296.0,2.818917559297075e-15,0.00013691466635730698,1.8745625863732686e-8,0.619987561774728,動いた窓,50
var_ofi,生,二乗,立会日,50ms,sub,20505296.0,2.818917559297075e-15,0.00013691466635730698,1.8745625863732686e-8,0.619987561774728,動いた窓,50
var_ofi,生,二乗,立会日,100ms,full,20505296.0,-1.923172317398631e-14,-2.069160328130434e-7,4.281424463508845e-14,-0.0009369731445620249,動いた窓,100
var_ofi,生,二乗,立会日,100ms,sub,20505296.0,-1.923172317398631e-14,-2.069160328130434e-7,4.281424463508845e-14,-0.0009369731445620249,動いた窓,100
var_ofi,生,二乗,立会日,500ms,full,20505173.0,-1.4608995621387392e-13,-7.029672529012076e-7,4.941629586514703e-13,-0.0031832210053685146,動いた窓,500
var_ofi,生,二乗,立会日,500ms,sub,4411136.0,2.0749548502836755e-11,0.000027273655368498444,7.43852277159624e-10,0.057282039708769036,動いた窓,500
var_ofi,生,二乗,立会日,1s,full,20505030.0,-7.181474053878217e-13,-2.32979471307026e-6,5.427943405050135e-12,-0.010549887748387301,動いた窓,1000
var_ofi,生,二乗,立会日,1s,sub,2311031.0,-3.1315720413719566e-11,-0.000025005414461912092,6.252707524120024e-10,-0.03801340345956259,動いた窓,1000
var_ofi,生,二乗,立会日,3s,full,20504461.0,1.0590883088173687e-11,0.00003799866254430224,1.443898355155758e-9,0.17206497222330652,動いた窓,3000
var_ofi,生,二乗,立会日,3s,sub,769669.0,-2.1033526421926772e-10,-0.00006408025478481569,4.106279053286894e-9,-0.05621803530081717,動いた窓,3000
var_ofi,生,二乗,立会日,5s,full,20503919.0,8.126036166832938e-12,0.00003306990763315623,1.0936187908654848e-9,0.1497446791778225,動いた窓,5000
var_ofi,生,二乗,立会日,5s,sub,464485.0,-2.3409037375123125e-13,-7.625777513888861e-6,5.815248269133298e-11,-0.005197195360912381,動いた窓,5000
var_ofi,生,二乗,立会日,10s,full,20502581.0,8.160958210150394e-12,0.000029317789018581496,8.595327529380577e-10,0.1327502850669152,動いた窓,10000
var_ofi,生,二乗,立会日,10s,sub,229280.0,5.656619925937907e-12,0.0008286074763705547,6.865903498971795e-7,0.39676210797768396,動いた窓,10000
var_ofi,生,二乗,立会日,30s,full,20497357.0,1.2032933247753813e-11,0.00005797855826891845,3.361513218942372e-9,0.26249215229692097,動いた窓,30000
var_ofi,生,二乗,立会日,30s,sub,78210.0,3.9413033829544645e-11,0.006319189401541934,0.0000399321546925599,1.7672404103155108,動いた窓,30000
var_ofi,生,二乗,立会日,50s,full,20491900.0,1.5148226648222534e-11,0.000051506501670420034,2.6529197143249818e-9,0.23315951692426856,動いた窓,50000
var_ofi,生,二乗,立会日,50s,sub,45916.0,2.2217498304096343e-11,0.000674491467203657,4.549387393305419e-7,0.14452704515215573,動いた窓,50000
var_ofi,生,二乗,立会日,100s,full,20479285.0,1.946801269437319e-11,0.00006947219387767028,4.826385722176608e-9,0.31438975738509445,動いた窓,100000
var_ofi,生,二乗,立会日,100s,sub,22639.0,2.139570323245793e-9,0.006904411682365871,0.00004767090067959032,1.038834743379917,動いた窓,100000
var_ofi,生,二乗,閉場日,10ms,full,3776079.0,-7.393282519032821e-17,-9.684015839012162e-6,9.378016277023843e-11,-0.018818106061082848,動いた窓,10
var_ofi,生,二乗,閉場日,10ms,sub,3776079.0,-7.393282519032821e-17,-9.684015839012162e-6,9.378016277023843e-11,-0.018818106061082848,動いた窓,10
var_ofi,生,二乗,閉場日,20ms,full,3776079.0,-1.2370083172245724e-16,-0.000011944734991622422,1.426766940200891e-10,-0.023211165046204907,動いた窓,20
var_ofi,生,二乗,閉場日,20ms,sub,3776079.0,-1.2370083172245724e-16,-0.000011944734991622422,1.426766940200891e-10,-0.023211165046204907,動いた窓,20
var_ofi,生,二乗,閉場日,50ms,full,3776079.0,2.332346528452932e-16,0.000011301813336936306,1.2773098470295135e-10,0.021961831289438814,動いた窓,50
var_ofi,生,二乗,閉場日,50ms,sub,3776079.0,2.332346528452932e-16,0.000011301813336936306,1.2773098470295135e-10,0.021961831289438814,動いた窓,50
var_ofi,生,二乗,閉場日,100ms,full,3776079.0,8.290566264277405e-16,0.000015541195542698108,2.4152875889637956e-10,0.030199854164009568,動いた窓,100
var_ofi,生,二乗,閉場日,100ms,sub,3776079.0,8.290566264277405e-16,0.000015541195542698108,2.4152875889637956e-10,0.030199854164009568,動いた窓,100
var_ofi,生,二乗,閉場日,500ms,full,3776040.0,1.009903632113565e-14,1.5723597260378484e-6,2.4723151080658177e-12,0.0030554141774976618,動いた窓,500
var_ofi,生,二乗,閉場日,500ms,sub,851495.0,8.248565337303755e-13,0.0006714600677109545,4.5085862253039957e-7,0.619599172175299,動いた窓,500
var_ofi,生,二乗,閉場日,1s,full,3775985.0,3.39788657731453e-14,3.7376652033218995e-6,1.3970141172123337e-11,0.007262989437846839,動いた窓,1000
var_ofi,生,二乗,閉場日,1s,sub,468497.0,1.3490500784531754e-12,0.0003395449742197888,1.1529078951791706e-7,0.23240732488976537,動いた窓,1000
var_ofi,生,二乗,閉場日,3s,full,3775805.0,1.4406226258117986e-13,0.00001120281287760513,1.2550301637063532e-10,0.021768662471102047,動いた窓,3000
var_ofi,生,二乗,閉場日,3s,sub,149232.0,7.239283997334828e-12,0.0012728065426739741,1.6200364950736752e-6,0.4916893712674058,動いた窓,3000
var_ofi,生,二乗,閉場日,5s,full,3775638.0,1.3976613660518822e-13,0.000021650958955233507,4.68764023681206e-10,0.0420699693860748,動いた窓,5000
var_ofi,生,二乗,閉場日,5s,sub,93730.0,7.833407199069577e-11,0.00698129043341933,0.00004873841611575226,2.1373761768000934,動いた窓,5000
var_ofi,生,二乗,閉場日,10s,full,3775217.0,3.872824095768141e-13,0.00003474963666581236,1.2075372484059705e-9,0.06751824004478908,動いた窓,10000
var_ofi,生,二乗,閉場日,10s,sub,47766.0,1.6101828660534334e-10,0.00900658562434094,0.00008111858460858487,1.9684670174015553,動いた窓,10000
var_ofi,生,二乗,閉場日,30s,full,3773525.0,9.609119714083451e-13,0.00007424964176767707,5.5130093026283754e-9,0.14423407197112562,動いた窓,30000
var_ofi,生,二乗,閉場日,30s,sub,15179.0,8.649318626257768e-10,0.0160774892977123,0.00025848566211805356,1.9809218068716372,動いた窓,30000
var_ofi,生,二乗,閉場日,50s,full,3771870.0,2.7633459276577588e-12,0.0002976255943504983,8.858099441248739e-8,0.5780275493685002,動いた窓,50000
var_ofi,生,二乗,閉場日,50s,sub,9506.0,-3.4076201916391867e-9,-0.0006284457596941839,3.9494407287759995e-7,-0.06126622194220086,動いた窓,50000
var_ofi,生,二乗,閉場日,100s,full,3768005.0,1.8087605223490034e-12,0.000122620220871008,1.5035718566454785e-8,0.23802233827395372,動いた窓,100000
var_ofi,生,二乗,閉場日,100s,sub,4747.0,4.954347865770983e-10,0.00004725741149444442,2.2332629411552475e-9,0.0032552776654914033,動いた窓,100000
var_ofi,生,符号つき,立会日,10ms,full,20505296.0,-1.3124704924007432e-13,-0.00005099479782480538,2.6004694051927756e-9,-0.23091857835641724,動いた窓,10
var_ofi,生,符号つき,立会日,10ms,sub,20505296.0,-1.3124704924007432e-13,-0.00005099479782480538,2.6004694051927756e-9,-0.23091857835641724,動いた窓,10
var_ofi,生,符号つき,立会日,20ms,full,20505296.0,-3.5531448723036287e-14,-9.923344686854054e-6,9.847276977411458e-11,-0.04493565505710772,動いた窓,20
var_ofi,生,符号つき,立会日,20ms,sub,20505296.0,-3.5531448723036287e-14,-9.923344686854054e-6,9.847276977411458e-11,-0.04493565505710772,動いた窓,20
var_ofi,生,符号つき,立会日,50ms,full,20505296.0,8.544651035953388e-13,0.00013956943462576586,1.9479627081755928e-8,0.6320090886234325,動いた窓,50
var_ofi,生,符号つき,立会日,50ms,sub,20505296.0,8.544651035953388e-13,0.00013956943462576586,1.9479627081755928e-8,0.6320090886234325,動いた窓,50
var_ofi,生,符号つき,立会日,100ms,full,20505296.0,1.3924037418090457e-12,0.00002906622648650505,8.448455221648077e-10,0.13161992946058296,動いた窓,100
var_ofi,生,符号つき,立会日,100ms,sub,20505296.0,1.3924037418090457e-12,0.00002906622648650505,8.448455221648077e-10,0.13161992946058296,動いた窓,100
var_ofi,生,符号つき,立会日,500ms,full,20505173.0,-5.443430812034391e-13,-5.066768682230192e-6,2.5672144879228678e-11,-0.02294366406437456,動いた窓,500
var_ofi,生,符号つき,立会日,500ms,sub,4411136.0,-1.0618412090377757e-11,-0.00002687414220398354,7.222195191999293e-10,-0.05644295420074425,動いた窓,500
var_ofi,生,符号つき,立会日,1s,full,20505030.0,-9.14200949247683e-12,-0.000057333005537848176,3.2870735240029295e-9,-0.2596180557459218,動いた窓,1000
var_ofi,生,符号つき,立会日,1s,sub,2311031.0,-2.015706645351434e-10,-0.00030893056373161045,9.543809320753062e-8,-0.46963839510537614,動いた窓,1000
var_ofi,生,符号つき,立会日,3s,full,20504461.0,2.1445040223021985e-11,0.00014045080484474358,1.972642858153625e-8,0.6359872278949312,動いた窓,3000
var_ofi,生,符号つき,立会日,3s,sub,769669.0,-7.498295592350725e-10,-0.00043874280341560894,1.9249524754898768e-7,-0.3849120265916054,動いた窓,3000
var_ofi,生,符号つき,立会日,5s,full,20503919.0,5.5718169864578604e-11,0.00038424162604592724,1.476416271864182e-7,1.7398942831450241,動いた窓,5000
var_ofi,生,符号つき,立会日,5s,sub,464485.0,3.903567194040329e-13,1.2744409349085492e-6,1.624199696570577e-12,0.0008685695986295032,動いた窓,5000
var_ofi,生,符号つき,立会日,10s,full,20502581.0,7.504690531306765e-11,0.0004286371379649764,1.8372979604280623e-7,1.9408594359509357,動いた窓,10000
var_ofi,生,符号つき,立会日,10s,sub,229280.0,-1.05243092072582e-9,-0.0020911314664574772,4.3728308100085995e-6,-1.001298300532778,動いた窓,10000
var_ofi,生,符号つき,立会日,30s,full,20497357.0,1.5595484663482667e-10,0.0007346934114183149,5.397744087814813e-7,3.326252192595772,動いた窓,30000
var_ofi,生,符号つき,立会日,30s,sub,78210.0,5.082853210359104e-9,0.00456399207470628,0.00002083002365798173,1.276365317850051,動いた窓,30000
var_ofi,生,符号つき,立会日,50s,full,20491900.0,1.5045910880110317e-10,0.0005332075746188139,2.8431031763087794e-7,2.413723199881965,動いた窓,50000
var_ofi,生,符号つき,立会日,50s,sub,45916.0,-4.003140311532975e-10,-0.000633003104290567,4.0069293004149446e-7,-0.13563709876594357,動いた窓,50000
var_ofi,生,符号つき,立会日,100s,full,20479285.0,1.7203795156864357e-10,0.0004708031238926334,2.216555814670623e-7,2.1305746613450167,動いた窓,100000
var_ofi,生,符号つき,立会日,100s,sub,22639.0,6.85646081530353e-8,0.01192419648394636,0.00014218646178775873,1.7941941513034174,動いた窓,100000
var_ofi,生,符号つき,閉場日,10ms,full,3776079.0,1.7278982814723433e-14,5.681123772083914e-6,3.227516731373696e-11,0.01103963391460457,動いた窓,10
var_ofi,生,符号つき,閉場日,10ms,sub,3776079.0,1.7278982814723433e-14,5.681123772083914e-6,3.227516731373696e-11,0.01103963391460457,動いた窓,10
var_ofi,生,符号つき,閉場日,20ms,full,3776079.0,4.1098795422679774e-13,0.00009528177400012728,9.078616456611331e-9,0.18515278854195152,動いた窓,20
var_ofi,生,符号つき,閉場日,20ms,sub,3776079.0,4.1098795422679774e-13,0.00009528177400012728,9.078616456611331e-9,0.18515278854195152,動いた窓,20
var_ofi,生,符号つき,閉場日,50ms,full,3776079.0,-1.2475313205962649e-12,-0.00016552351418138748,2.7398033746955984e-8,-0.3216474590473631,動いた窓,50
var_ofi,生,符号つき,閉場日,50ms,sub,3776079.0,-1.2475313205962649e-12,-0.00016552351418138748,2.7398033746955984e-8,-0.3216474590473631,動いた窓,50
var_ofi,生,符号つき,閉場日,100ms,full,3776079.0,-2.8023684481171934e-12,-0.00024760592843831394,6.130869579779945e-8,-0.4811510888436404,動いた窓,100
var_ofi,生,符号つき,閉場日,100ms,sub,3776079.0,-2.8023684481171934e-12,-0.00024760592843831394,6.130869579779945e-8,-0.4811510888436404,動いた窓,100
var_ofi,生,符号つき,閉場日,500ms,full,3776040.0,1.8234795184615927e-11,0.0005398158757972722,2.91401179762776e-7,1.0489719961324528,動いた窓,500
var_ofi,生,符号つき,閉場日,500ms,sub,851495.0,-4.4520694230843333e-10,-0.0038723292110179244,0.0000149949335185027,-3.573271944012378,動いた窓,500
var_ofi,生,符号つき,閉場日,1s,full,3775985.0,4.9271949120145e-11,0.0010221055559682104,1.0446997675410845e-6,1.9861451818641538,動いた窓,1000
var_ofi,生,符号つき,閉場日,1s,sub,468497.0,3.816026894541579e-10,0.001501809578618599,2.255432010430574e-6,1.0279401747931256,動いた窓,1000
var_ofi,生,符号つき,閉場日,3s,full,3775805.0,2.474757433237306e-11,0.0003370584156198286,1.136083755401491e-7,0.6549525890653453,動いた窓,3000
var_ofi,生,符号つき,閉場日,3s,sub,149232.0,3.9523862271654036e-10,0.001537638770348117,2.364332988077669e-6,0.5939951565619204,動いた窓,3000
var_ofi,生,符号つき,閉場日,5s,full,3775638.0,1.7330874131364256e-11,0.00022746522777335838,5.174042984598581e-8,0.4419876012849554,動いた窓,5000
var_ofi,生,符号つき,閉場日,5s,sub,93730.0,7.235850911870335e-9,0.0026052331399370266,6.787239713426138e-6,0.7975955877647171,動いた窓,5000
var_ofi,生,符号つき,閉場日,10s,full,3775217.0,7.440399126309457e-11,0.0007018090193366529,4.925358996222745e-7,1.3636091199931344,動いた窓,10000
var_ofi,生,符号つき,閉場日,10s,sub,47766.0,-3.13935064228943e-8,-0.009537504250420336,0.00009096398732678598,-2.0845141273967838,動いた窓,10000
var_ofi,生,符号つき,閉場日,30s,full,3773525.0,1.4466201633038818e-10,0.0008370201838539023,7.006027881788205e-7,1.625958974657828,動いた窓,30000
var_ofi,生,符号つき,閉場日,30s,sub,15179.0,-6.146693719338756e-8,-0.0073258663667766614,0.00005366831802386948,-0.902534087517413,動いた窓,30000
var_ofi,生,符号つき,閉場日,50s,full,3771870.0,3.6964911363360066e-10,0.0017163794399900195,2.945958382020453e-6,3.3334364978759967,動いた窓,50000
var_ofi,生,符号つき,閉場日,50s,sub,9506.0,8.577491216897043e-8,0.004190048301212376,0.00001755650476649272,0.4084849455956338,動いた窓,50000
var_ofi,生,符号つき,閉場日,100s,full,3768005.0,6.01675593387843e-11,0.0002000821661162161,4.0032873197757094e-8,0.38838639567637634,動いた窓,100000
var_ofi,生,符号つき,閉場日,100s,sub,4747.0,5.977357867097684e-8,0.0015168669804785915,2.3008854364662395e-6,0.10448792521851627,動いた窓,100000
var_ofi,生,絶対値,立会日,10ms,full,20505296.0,-2.305116669178475e-13,-0.0000899654314960711,8.093778864274263e-9,-0.4073884099065858,動いた窓,10
var_ofi,生,絶対値,立会日,10ms,sub,20505296.0,-2.305116669178475e-13,-0.0000899654314960711,8.093778864274263e-9,-0.4073884099065858,動いた窓,10
var_ofi,生,絶対値,立会日,20ms,full,20505296.0,-3.4834731626129156e-13,-0.00009821663315964202,9.646507029215692e-9,-0.4447521384043663,動いた窓,20
var_ofi,生,絶対値,立会日,20ms,sub,20505296.0,-3.4834731626129156e-13,-0.00009821663315964202,9.646507029215692e-9,-0.4447521384043663,動いた窓,20
var_ofi,生,絶対値,立会日,50ms,full,20505296.0,1.3459033731947763e-12,0.0002261452275849833,5.114166395946389e-8,1.024048294158528,動いた窓,50
var_ofi,生,絶対値,立会日,50ms,sub,20505296.0,1.3459033731947763e-12,0.0002261452275849833,5.114166395946389e-8,1.024048294158528,動いた窓,50
var_ofi,生,絶対値,立会日,100ms,full,20505296.0,2.9114502701991942e-12,0.00006088381666526152,3.706839131729176e-9,0.27569879667595154,動いた窓,100
var_ofi,生,絶対値,立会日,100ms,sub,20505296.0,2.9114502701991942e-12,0.00006088381666526152,3.706839131729176e-9,0.27569879667595154,動いた窓,100
var_ofi,生,絶対値,立会日,500ms,full,20505173.0,3.324808677196422e-11,0.0003108425289741645,9.662307781905432e-8,1.4075769693564553,動いた窓,500
var_ofi,生,絶対値,立会日,500ms,sub,4411136.0,4.67610322872462e-10,0.0011888502097223315,1.4133648211568316e-6,2.4969081738628414,動いた窓,500
var_ofi,生,絶対値,立会日,1s,full,20505030.0,8.191938020978112e-11,0.0005164431207379365,2.6671349695753884e-7,2.3385827292914283,動いた窓,1000
var_ofi,生,絶対値,立会日,1s,sub,2311031.0,1.1813485265148946e-9,0.0018214181171852231,3.317563957610563e-6,2.7689369713294845,動いた窓,1000
var_ofi,生,絶対値,立会日,3s,full,20504461.0,1.4378912134803625e-10,0.0009633481567497803,9.280396711131992e-7,4.362220655394711,動いた窓,3000
var_ofi,生,絶対値,立会日,3s,sub,769669.0,3.14536996278947e-9,0.0018551702587677413,3.4416566890163684e-6,1.6275560499112594,動いた窓,3000
var_ofi,生,絶対値,立会日,5s,full,20503919.0,1.6588271358136382e-10,0.0011976710980370414,1.4344160590732524e-6,5.423208460550666,動いた窓,5000
var_ofi,生,絶対値,立会日,5s,sub,464485.0,1.3065672794108696e-9,0.005051881755457026,0.000025521509271119564,3.4430523868088,動いた窓,5000
var_ofi,生,絶対値,立会日,10s,full,20502581.0,1.9535855185605613e-10,0.0011962930465393038,1.431117053198289e-6,5.416791710298234,動いた窓,10000
var_ofi,生,絶対値,立会日,10s,sub,229280.0,3.419129146229089e-9,0.0086381152910692,0.00007461703578180353,4.13634154499187,動いた窓,10000
var_ofi,生,絶対値,立会日,30s,full,20497357.0,3.093258466713686e-10,0.0017291160339758319,2.98984225895231e-6,7.828412444765811,動いた窓,30000
var_ofi,生,絶対値,立会日,30s,sub,78210.0,7.622271131344506e-9,0.009050727733359324,0.00008191567250339961,2.5312024311959167,動いた窓,30000
var_ofi,生,絶対値,立会日,50s,full,20491900.0,3.6570854847550683e-10,0.0015278250902097314,2.334249506274374e-6,6.916163274823364,動いた窓,50000
var_ofi,生,絶対値,立会日,50s,sub,45916.0,9.767293261413665e-10,0.001962882966792639,3.852909541324673e-6,0.42059858567557457,動いた窓,50000
var_ofi,生,絶対値,立会日,100s,full,20479285.0,5.163483731949827e-10,0.001742190414088229,3.0352274389409147e-6,7.884127748810658,動いた窓,100000
var_ofi,生,絶対値,立会日,100s,sub,22639.0,8.351887998830991e-8,0.018786549394704376,0.00035293443815966735,2.8270475055063087,動いた窓,100000
var_ofi,生,絶対値,閉場日,10ms,full,3776079.0,1.0396255819119994e-13,0.000034234820922795803,1.1720229636158972e-9,0.066525551193273,動いた窓,10
var_ofi,生,絶対値,閉場日,10ms,sub,3776079.0,1.0396255819119994e-13,0.000034234820922795803,1.1720229636158972e-9,0.066525551193273,動いた窓,10
var_ofi,生,絶対値,閉場日,20ms,full,3776079.0,5.501663130246993e-13,0.0001279519324618982,1.637169702073416e-8,0.2486378683609438,動いた窓,20
var_ofi,生,絶対値,閉場日,20ms,sub,3776079.0,5.501663130246993e-13,0.0001279519324618982,1.637169702073416e-8,0.2486378683609438,動いた窓,20
var_ofi,生,絶対値,閉場日,50ms,full,3776079.0,2.9286392235447634e-12,0.0003920816579157711,1.5372802647397973e-7,0.7618982571585311,動いた窓,50
var_ofi,生,絶対値,閉場日,50ms,sub,3776079.0,2.9286392235447634e-12,0.0003920816579157711,1.5372802647397973e-7,0.7618982571585311,動いた窓,50
var_ofi,生,絶対値,閉場日,100ms,full,3776079.0,5.15714636314548e-12,0.0004629614446148152,2.143332991998366e-7,0.8996328222730458,動いた窓,100
var_ofi,生,絶対値,閉場日,100ms,sub,3776079.0,5.15714636314548e-12,0.0004629614446148152,2.143332991998366e-7,0.8996328222730458,動いた窓,100
var_ofi,生,絶対値,閉場日,500ms,full,3776040.0,4.6964099878553885e-11,0.001429132531880287,2.0424197936785596e-6,2.777097496411736,動いた窓,500
var_ofi,生,絶対値,閉場日,500ms,sub,851495.0,8.02954213356985e-10,0.0073229292788931,0.00005362529322366982,6.757515116435754,動いた窓,500
var_ofi,生,絶対値,閉場日,1s,full,3775985.0,1.003230581302206e-10,0.002152211724465583,4.6320153069271175e-6,4.182163563387207,動いた窓,1000
var_ofi,生,絶対値,閉場日,1s,sub,468497.0,1.768936482400439e-9,0.007356194333146418,0.00005411359506701548,5.0352081069455625,動いた窓,1000
var_ofi,生,絶対値,閉場日,3s,full,3775805.0,1.3159372491576293e-10,0.0018946371904816244,3.589650083556103e-6,3.6815567642040787,動いた窓,3000
var_ofi,生,絶対値,閉場日,3s,sub,149232.0,1.383429473072822e-9,0.005782283056753125,0.00003343479734841426,2.233750576040396,動いた窓,3000
var_ofi,生,絶対値,閉場日,5s,full,3775638.0,1.313427948076772e-10,0.0018960903184629945,3.5951584957690998e-6,3.684298935106096,動いた窓,5000
var_ofi,生,絶対値,閉場日,5s,sub,93730.0,8.477232214825532e-8,0.033740743158367205,0.0011384377488789033,10.335623206238145,動いた窓,5000
var_ofi,生,絶対値,閉場日,10s,full,3775217.0,2.386530976100317e-10,0.002502303707363596,6.261523843885598e-6,4.861969431503144,動いた窓,10000
var_ofi,生,絶対値,閉場日,10s,sub,47766.0,1.1926019865942113e-7,0.04044333405700111,0.001635663269646186,8.846118770741073,動いた窓,10000
var_ofi,生,絶対値,閉場日,30s,full,3773525.0,3.53050399220876e-10,0.0023319275556722167,5.4378861249034e-6,4.52991169336342,動いた窓,30000
var_ofi,生,絶対値,閉場日,30s,sub,15179.0,3.255834075191541e-7,0.04453010417799662,0.0019829301781032318,5.491331899396425,動いた窓,30000
var_ofi,生,絶対値,閉場日,50s,full,3771870.0,5.806435289854592e-10,0.00312321607268039,9.75447863664912e-6,6.0657204619442195,動いた窓,50000
var_ofi,生,絶対値,閉場日,50s,sub,9506.0,2.7604664632942154e-7,0.013787175403539341,0.0001900862056079602,1.344218274385182,動いた窓,50000
var_ofi,生,絶対値,閉場日,100s,full,3768005.0,3.165422340086524e-10,0.001227124578340206,1.5058347307666284e-6,2.3820156017827823,動いた窓,100000
var_ofi,生,絶対値,閉場日,100s,sub,4747.0,5.541866400343192e-7,0.014383844379641,0.00020689497913773002,0.9909186799588207,動いた窓,100000
