k,var_1h,turn_1h
2026-05-04T00:00:00.000000000,0.32334569902500787,0.06556904268617157
2026-05-04T01:00:00.000000000,0.09539041287073466,0.022742372628986544
2026-05-04T02:00:00.000000000,0.06448263903848696,0.023505942530672168
2026-05-04T03:00:00.000000000,0.07226527809283065,0.006522429538848723
2026-05-04T04:00:00.000000000,0.12333077769206484,0.02311640100487256
2026-05-04T05:00:00.000000000,0.025995276185713394,0.11308143993493291
2026-05-04T06:00:00.000000000,0.13944625512109918,0.011020737899275412
2026-05-04T07:00:00.000000000,0.10728591073595634,0.004452706245940234
2026-05-04T08:00:00.000000000,0.19638284999246147,0.003984204904861256
2026-05-04T09:00:00.000000000,3.8783310644423383,0.02999294527063258
2026-05-04T10:00:00.000000000,2.2789937787093284,0.08084878102614376
2026-05-04T11:00:00.000000000,0.3719995609977729,0.010241178845462955
2026-05-04T12:00:00.000000000,0.314248768235759,0.012265391835749585
2026-05-04T13:00:00.000000000,4.181965210981117,0.12601268538182644
2026-05-04T14:00:00.000000000,1.5767468123056223,0.1072386277792779
2026-05-04T15:00:00.000000000,2.5727964813083353,0.061905667336253495
2026-05-04T16:00:00.000000000,0.7681451679714644,0.07385889365965591
2026-05-04T17:00:00.000000000,0.2982144222822616,0.03421132882682649
2026-05-04T18:00:00.000000000,0.28689723657745486,0.022332944497282778
2026-05-04T19:00:00.000000000,0.5781740426485134,0.030024468759065576
2026-05-04T20:00:00.000000000,0.16357941576460425,0.00697002430547934
2026-05-04T21:00:00.000000000,0.0901751274175233,0.0032323528412430934
2026-05-04T22:00:00.000000000,0.08374487250185735,0.005836116165827702
2026-05-04T23:00:00.000000000,0.04752759030464225,0.007028031227714785
2026-05-05T00:00:00.000000000,0.1251219794911955,0.01048079475205684
2026-05-05T01:00:00.000000000,0.1954362557700178,0.010416143819279739
2026-05-05T02:00:00.000000000,0.12893976068823862,0.00961998189214233
2026-05-05T03:00:00.000000000,0.08019266010806217,0.020288746972547518
2026-05-05T04:00:00.000000000,0.09029690336633966,0.01864478641943003
2026-05-05T05:00:00.000000000,0.07221998578369863,0.012080165860691544
2026-05-05T06:00:00.000000000,0.26994718580053734,0.01674309048428308
2026-05-05T07:00:00.000000000,0.10368327841425651,0.010052996518353681
2026-05-05T08:00:00.000000000,0.43541574972980396,0.030236822320994873
2026-05-05T09:00:00.000000000,0.4823314107393693,0.027930136574702523
2026-05-05T10:00:00.000000000,0.19284714407040243,0.02963641029924924
2026-05-05T11:00:00.000000000,0.1302378442799143,0.014305056580398386
2026-05-05T12:00:00.000000000,0.2690815248689646,0.01975128493038109
2026-05-05T13:00:00.000000000,2.948573571719295,0.1621012431469047
2026-05-05T14:00:00.000000000,1.9183624342689922,0.2635308480491663
2026-05-05T15:00:00.000000000,1.642027843509702,0.2603576363201906
2026-05-05T16:00:00.000000000,0.7221810980773805,0.20483663177896086
2026-05-05T17:00:00.000000000,0.3299853023202071,0.1598993115141007
2026-05-05T18:00:00.000000000,0.7425458712410837,0.0903209519721436
2026-05-05T19:00:00.000000000,0.9361578673826353,0.13608076233841435
2026-05-05T20:00:00.000000000,35.54715771465545,0.6894467731615874
2026-05-05T21:00:00.000000000,5.73074235299695,0.0882594524364454
2026-05-05T22:00:00.000000000,5.1916055319879915,0.19455052162098474
2026-05-05T23:00:00.000000000,1.6101292163369578,0.13189705284021572
2026-05-06T00:00:00.000000000,0.8683007395752965,0.052709139503400025
2026-05-06T01:00:00.000000000,0.6079382146131241,0.021805444900028337
2026-05-06T02:00:00.000000000,0.24563629368267828,0.009973569353433824
2026-05-06T03:00:00.000000000,0.6508543896778299,0.04680325596615924
2026-05-06T04:00:00.000000000,0.41299850127981985,0.01554025314467174
2026-05-06T05:00:00.000000000,0.33472608579994656,0.015982604817657096
2026-05-06T06:00:00.000000000,0.8865452041004006,0.0462849400110673
2026-05-06T07:00:00.000000000,0.49049940715125706,0.011674162796252406
2026-05-06T08:00:00.000000000,2.106001308747237,0.07540487418134853
2026-05-06T09:00:00.000000000,1.4621161044871844,0.03454463582987518
2026-05-06T10:00:00.000000000,1.6361250883034788,0.10179358457381635
2026-05-06T11:00:00.000000000,2.500234609233649,0.05256862249295099
2026-05-06T12:00:00.000000000,3.020624884446715,0.12598342062769738
2026-05-06T13:00:00.000000000,12.21533860884026,0.32743573553339267
2026-05-06T14:00:00.000000000,5.7749527959340465,0.19317081513733927
2026-05-06T15:00:00.000000000,2.28629805857353,0.0882449420604278
2026-05-06T16:00:00.000000000,1.1488569894984486,0.06277262320108633
2026-05-06T17:00:00.000000000,0.6508782995846784,0.05325906703375354
2026-05-06T18:00:00.000000000,0.7798116192902649,0.04737446644289042
2026-05-06T19:00:00.000000000,0.8813954634698541,0.061368300601612275
2026-05-06T20:00:00.000000000,1.04974705733186,0.06339902528745481
2026-05-06T21:00:00.000000000,0.8809242524371659,0.028716505695593794
2026-05-06T22:00:00.000000000,0.4463143740189758,0.04675067824695343
2026-05-06T23:00:00.000000000,0.17815233770033775,0.013056924263056428
2026-05-07T00:00:00.000000000,0.21128541337824264,0.005760497429530689
2026-05-07T01:00:00.000000000,0.1862491677634292,0.007838335057870937
2026-05-07T02:00:00.000000000,0.12367812487952232,0.004433791633401511
2026-05-07T03:00:00.000000000,0.09193782727154994,0.010880668691372811
2026-05-07T04:00:00.000000000,0.09075299307982987,0.009214480024117257
2026-05-07T05:00:00.000000000,0.18847575337644215,0.012361621309993036
2026-05-07T06:00:00.000000000,0.18636037831473978,0.010478955555618992
2026-05-07T07:00:00.000000000,0.3248718624817526,0.008386782773304303
2026-05-07T08:00:00.000000000,0.5846456448092219,0.03226312211083602
2026-05-07T09:00:00.000000000,0.5966283603831356,0.03223919980408937
2026-05-07T10:00:00.000000000,0.6306606284924839,0.017309448757278533
2026-05-07T11:00:00.000000000,0.23961506348566253,0.01600493095012966
2026-05-07T12:00:00.000000000,0.3778288567675113,0.03185612812660273
2026-05-07T13:00:00.000000000,4.270764420457656,0.13292704744688816
2026-05-07T14:00:00.000000000,2.604393617652643,0.06333917146606767
2026-05-07T15:00:00.000000000,1.239010314135704,0.16587586271048535
2026-05-07T16:00:00.000000000,1.6338709970182903,0.12261870299894026
2026-05-07T17:00:00.000000000,1.3564251697862835,0.05140081755480947
2026-05-07T18:00:00.000000000,0.9325688086844782,0.025965140224038907
2026-05-07T19:00:00.000000000,0.6564747121015155,0.020971155330385922
2026-05-07T20:00:00.000000000,0.20055874359032003,0.014121375584021961
2026-05-07T21:00:00.000000000,0.2632457267426181,0.015566259940044676
2026-05-07T22:00:00.000000000,0.41023904996700844,0.028637040944926268
2026-05-07T23:00:00.000000000,0.08361745100899645,0.004513157555226169
2026-05-08T00:00:00.000000000,0.2788807653864092,0.0058833873919079405
2026-05-08T01:00:00.000000000,0.11587341960890607,0.0066471070708378835
2026-05-08T02:00:00.000000000,0.14387397616003464,0.005365285717833054
2026-05-08T03:00:00.000000000,0.06986831990406456,0.0014464775035631756
2026-05-08T04:00:00.000000000,0.12956460489392085,0.011019086462703272
2026-05-08T05:00:00.000000000,0.12467936688436783,0.0039449763730554
2026-05-08T06:00:00.000000000,0.06724040244029975,0.001114829045221782
2026-05-08T07:00:00.000000000,0.05351645638135149,0.0018154079312277982
2026-05-08T08:00:00.000000000,0.3064373403209103,0.016417471405672183
2026-05-08T09:00:00.000000000,0.1776873296507447,0.013200774546551554
2026-05-08T10:00:00.000000000,0.2018330152858551,0.028387641263950818
2026-05-08T11:00:00.000000000,0.11457471309811551,0.007374886805391696
2026-05-08T12:00:00.000000000,0.2980834915485181,0.01545011923197723
2026-05-08T13:00:00.000000000,3.950205971561939,0.12505925159294895
2026-05-08T14:00:00.000000000,2.2557720141636133,0.13521309393165476
2026-05-08T15:00:00.000000000,1.318802512824064,0.18053250644972912
2026-05-08T16:00:00.000000000,1.2531063961927722,0.08071127925648564
2026-05-08T17:00:00.000000000,1.2024563869909164,0.3617588013204862
2026-05-08T18:00:00.000000000,1.1162598196718165,0.10897395366370835
2026-05-08T19:00:00.000000000,1.0300098801183388,0.17344980285856956
2026-05-08T20:00:00.000000000,0.2792712381455449,0.039600969608407526
2026-05-08T21:00:00.000000000,0.10076874661395772,0.008928377279492392
2026-05-08T22:00:00.000000000,0.6999350878156296,0.05933038169080999
2026-05-08T23:00:00.000000000,0.18144233567465154,0.01273926732212255
2026-05-09T00:00:00.000000000,0.3290797326611207,0.014277278979487993
2026-05-09T01:00:00.000000000,0.0744686478319213,0.002983120883366739
2026-05-09T02:00:00.000000000,0.20794642293028068,0.004304389701984475
2026-05-09T03:00:00.000000000,0.10710412338396662,0.0010226775803840792
2026-05-09T04:00:00.000000000,0.1968406731945292,0.006439101935900043
2026-05-09T05:00:00.000000000,0.37706829632883376,0.0024431766306463316
2026-05-09T06:00:00.000000000,0.3987336614179367,0.0017043329425089266
2026-05-09T07:00:00.000000000,0.33031445193660824,0.008440734685719629
2026-05-09T08:00:00.000000000,0.07604763883726819,0.0005397770808376359
2026-05-09T09:00:00.000000000,0.1413180830682923,0.0023082911854085987
2026-05-09T10:00:00.000000000,0.16564471002475656,0.004270142276432456
2026-05-09T11:00:00.000000000,0.044406089974737675,0.0023720103837613134
2026-05-09T12:00:00.000000000,0.1315428351077474,0.0015348497965554267
2026-05-09T13:00:00.000000000,0.06095063734761578,0.0010908553452832614
2026-05-09T14:00:00.000000000,0.33961843773401684,0.006477087690000765
2026-05-09T15:00:00.000000000,0.1442898257644118,0.0012504605406150743
2026-05-09T16:00:00.000000000,0.383190467238617,0.001642555024082064
2026-05-09T17:00:00.000000000,0.4090566352456666,0.0009889144326625135
2026-05-09T18:00:00.000000000,0.2118409946989757,0.002887133075548016
2026-05-09T19:00:00.000000000,0.17182763382834412,0.0022373880758051723
2026-05-09T20:00:00.000000000,0.4712003318040952,0.0009632461470286116
2026-05-09T21:00:00.000000000,0.1212304684580704,0.0003229160872734619
2026-05-09T22:00:00.000000000,0.18317974543157114,0.006147579972082943
2026-05-09T23:00:00.000000000,0.14806724048897374,0.00032915318515981933
2026-05-10T00:00:00.000000000,0.14081801920092146,0.0020189244033951776
2026-05-10T01:00:00.000000000,0.21435929946283083,0.014375526654570673
2026-05-10T02:00:00.000000000,0.05382608215057662,0.002164495962630121
2026-05-10T03:00:00.000000000,0.043890190890847745,0.0016735346073256778
2026-05-10T04:00:00.000000000,0.11437625373383652,0.002207609600920065
2026-05-10T05:00:00.000000000,0.22143750756398514,0.008711652622765362
2026-05-10T06:00:00.000000000,0.09358784347150359,0.018063079490557032
2026-05-10T07:00:00.000000000,0.05269625542207608,0.0007481157379149076
2026-05-10T08:00:00.000000000,0.0919144393980739,0.002259305293415513
2026-05-10T09:00:00.000000000,0.10934489069141043,0.0030094142627951916
2026-05-10T10:00:00.000000000,0.008216906577977466,0.0008823246623818133
2026-05-10T11:00:00.000000000,0.0254957899107496,0.0009750308379744674
2026-05-10T12:00:00.000000000,0.04435022598322638,0.001176041174769727
2026-05-10T13:00:00.000000000,0.2732494003401516,0.0009303050016276287
2026-05-10T14:00:00.000000000,0.2534467200477208,0.02204685361875952
2026-05-10T15:00:00.000000000,0.17945393482698124,0.002462093794871068
2026-05-10T16:00:00.000000000,0.052221618040648086,0.00255978943282206
2026-05-10T17:00:00.000000000,0.16289527470711127,0.0009509293304167834
2026-05-10T18:00:00.000000000,0.24576031488686215,0.0021207064710517657
2026-05-10T19:00:00.000000000,0.11227548745480906,0.001046062249002986
2026-05-10T20:00:00.000000000,0.6988449902561222,0.0068011206774482545
2026-05-10T21:00:00.000000000,0.5959380072824063,0.021669438637455983
2026-05-10T22:00:00.000000000,1.4172243908916262,0.023657862435043593
2026-05-10T23:00:00.000000000,0.2988744038546833,0.014878815285582653
2026-05-11T00:00:00.000000000,2.980670766878225,0.06423064120588128
2026-05-11T01:00:00.000000000,1.6288316497969266,0.01764760448842103
2026-05-11T02:00:00.000000000,0.3329900445126002,0.0025025559292038597
2026-05-11T03:00:00.000000000,0.19379320777095257,0.004233099196035308
2026-05-11T04:00:00.000000000,0.2985706722811211,0.006236209118837606
2026-05-11T05:00:00.000000000,0.2787836116043904,0.010289912687787874
2026-05-11T06:00:00.000000000,0.20483817457217063,0.015316592897733542
2026-05-11T07:00:00.000000000,0.4183742518029604,0.02523504365612662
2026-05-11T08:00:00.000000000,1.16311315997192,0.13293607653212589
2026-05-11T09:00:00.000000000,1.4872902529177296,0.06297891590314933
2026-05-11T10:00:00.000000000,0.5414989924695465,0.029178151893159927
2026-05-11T11:00:00.000000000,2.0355392763750433,0.05300659208369268
2026-05-11T12:00:00.000000000,1.6632395139529461,0.04429349722833194
2026-05-11T13:00:00.000000000,4.625558944277083,0.17432711731070424
2026-05-11T14:00:00.000000000,3.145939815472306,0.11288013357278119
2026-05-11T15:00:00.000000000,1.1860769254871184,0.09269665688483184
2026-05-11T16:00:00.000000000,0.7824331618272944,0.06758811063086527
2026-05-11T17:00:00.000000000,0.7727773901062094,0.02513781370173456
2026-05-11T18:00:00.000000000,0.6697225001349902,0.0153243403792546
2026-05-11T19:00:00.000000000,1.1210010562463992,0.031022189404638575
2026-05-11T20:00:00.000000000,0.07372764630923911,0.016030893894414894
2026-05-11T21:00:00.000000000,0.03776505698278443,0.0071792367095332345
2026-05-11T22:00:00.000000000,0.03953062510244225,0.007157732029449902
2026-05-11T23:00:00.000000000,0.04013888995486011,0.005898082173708533
2026-05-12T00:00:00.000000000,0.19043051213054263,0.004713123000601122
2026-05-12T01:00:00.000000000,2.0850980561369936,0.048573245903853125
2026-05-12T02:00:00.000000000,0.49140866081189394,0.012073201696136019
2026-05-12T03:00:00.000000000,0.14624999183818785,0.012999696331602544
2026-05-12T04:00:00.000000000,0.12843651495626826,0.009496165008765104
2026-05-12T05:00:00.000000000,0.45691967945772033,0.00999888990952435
2026-05-12T06:00:00.000000000,0.23782096841598668,0.008211856638053705
2026-05-12T07:00:00.000000000,0.38845424731839684,0.002471225155627807
2026-05-12T08:00:00.000000000,0.38300249878692955,0.02084283916176369
2026-05-12T09:00:00.000000000,0.4207410581604694,0.01958934666959697
2026-05-12T10:00:00.000000000,0.25154387342511236,0.020355289154336917
2026-05-12T11:00:00.000000000,0.277936103836966,0.024074086723977612
2026-05-12T12:00:00.000000000,0.9176548167614879,0.03598085551542448
2026-05-12T13:00:00.000000000,5.117948684847816,0.09509713476037829
2026-05-12T14:00:00.000000000,3.6046274724233482,0.18466274721249099
2026-05-12T15:00:00.000000000,2.261861215488872,0.11823172652659347
2026-05-12T16:00:00.000000000,1.5307020906377489,0.08216030358864317
2026-05-12T17:00:00.000000000,1.5870373201394545,0.04577146661205666
2026-05-12T18:00:00.000000000,1.174119604148176,0.02971142101493873
2026-05-12T19:00:00.000000000,1.179458795478595,0.03926967965805695
2026-05-12T20:00:00.000000000,0.2191033038708338,0.015806004429979172
2026-05-12T21:00:00.000000000,0.06997742269912043,0.002605938686777345
2026-05-12T22:00:00.000000000,0.038795594997891515,0.003660020735634542
2026-05-12T23:00:00.000000000,0.13698489960786958,0.017452879982553814
2026-05-13T00:00:00.000000000,0.2763038290726934,0.012982080471933666
2026-05-13T01:00:00.000000000,0.2583376394556481,0.00566047853273495
2026-05-13T02:00:00.000000000,0.19964509217082907,0.013645167247322496
2026-05-13T03:00:00.000000000,0.083344763431107,0.003927136473054687
2026-05-13T04:00:00.000000000,0.24045316331843086,0.03432519997101892
2026-05-13T05:00:00.000000000,0.1995725172939947,0.002538468109890404
2026-05-13T06:00:00.000000000,0.19648118945586882,0.0032698571200298265
2026-05-13T07:00:00.000000000,0.23058182708400657,0.010888043708553334
2026-05-13T08:00:00.000000000,1.1190937134305974,0.07255955875338704
2026-05-13T09:00:00.000000000,0.3643102458487697,0.019361243428181605
2026-05-13T10:00:00.000000000,0.22383806601604891,0.026425955129281205
2026-05-13T11:00:00.000000000,0.2267089698946487,0.021117374042737985
2026-05-13T12:00:00.000000000,1.1845127031783604,0.057577021932434365
2026-05-13T13:00:00.000000000,5.416767137063321,0.08086255594738853
2026-05-13T14:00:00.000000000,1.7920517736391057,0.07577739135136616
2026-05-13T15:00:00.000000000,1.5012586603583327,0.0736431485755322
2026-05-13T16:00:00.000000000,0.46654226334638704,0.013873547685979839
2026-05-13T17:00:00.000000000,0.5296789005365755,0.017655375417978028
2026-05-13T18:00:00.000000000,0.39232717018625124,0.026843618810753894
2026-05-13T19:00:00.000000000,0.7901265765356764,0.012195489262070452
2026-05-13T20:00:00.000000000,0.0665522965913187,0.00478227309859173
2026-05-13T21:00:00.000000000,0.06265464424424828,0.08271107188929856
2026-05-13T22:00:00.000000000,0.1178269998408455,0.02336061502145742
2026-05-13T23:00:00.000000000,0.07190582320563979,0.005741247741471203
2026-05-14T00:00:00.000000000,0.23232459521135793,0.01095179097787051
2026-05-14T01:00:00.000000000,0.1774811586175798,0.005184868970090661
2026-05-14T02:00:00.000000000,0.16846431768074224,0.017491345514373428
2026-05-14T03:00:00.000000000,0.22892925253466,0.009909851076957816
2026-05-14T04:00:00.000000000,0.20228399674878275,0.006601941057047272
2026-05-14T05:00:00.000000000,0.5365398106989242,0.028388661239300787
2026-05-14T06:00:00.000000000,0.23925502995215403,0.0265487305248815
2026-05-14T07:00:00.000000000,0.09111831038714427,0.005126146621172236
2026-05-14T08:00:00.000000000,0.6114359403147658,0.04302732498860984
2026-05-14T09:00:00.000000000,0.2695967115150654,0.03216226923158474
2026-05-14T10:00:00.000000000,0.6526690941318569,0.12660178086783397
2026-05-14T11:00:00.000000000,0.523530917400785,0.03986696953763678
2026-05-14T12:00:00.000000000,0.577740138596782,0.023213297888304486
2026-05-14T13:00:00.000000000,3.004313720726236,0.19919777084059395
2026-05-14T14:00:00.000000000,2.279160770937035,0.09594710015205458
2026-05-14T15:00:00.000000000,1.3796447086484864,0.023070419824744656
2026-05-14T16:00:00.000000000,0.5330003374382255,0.014996210844851957
2026-05-14T17:00:00.000000000,0.9658187740975652,0.0399120788063239
2026-05-14T18:00:00.000000000,0.6100698875025177,0.016796251110096642
2026-05-14T19:00:00.000000000,0.6127576094902166,0.022154529684976682
2026-05-14T20:00:00.000000000,0.11883543553666569,0.0015483511980991036
2026-05-14T21:00:00.000000000,0.054144079592354385,0.004980293551992229
2026-05-14T22:00:00.000000000,0.04620340036759623,0.010698011502880397
2026-05-14T23:00:00.000000000,0.05134068548801964,0.002063719314029491
2026-05-15T00:00:00.000000000,0.1190433362581964,0.011833611642912011
2026-05-15T01:00:00.000000000,0.19982658054061905,0.002808206723907464
2026-05-15T02:00:00.000000000,0.604638403513015,0.020479029503350597
2026-05-15T03:00:00.000000000,0.12633408730512108,0.006144585303798052
2026-05-15T04:00:00.000000000,0.23726160701282867,0.007985668940812143
2026-05-15T05:00:00.000000000,0.3217634025435558,0.024280290143185227
2026-05-15T06:00:00.000000000,1.0987780974260701,0.028555800254111936
2026-05-15T07:00:00.000000000,0.48111721323317447,0.018381952211092237
2026-05-15T08:00:00.000000000,0.6412785408072527,0.012378873462751076
2026-05-15T09:00:00.000000000,0.6338883315129039,0.0036391465411832816
2026-05-15T10:00:00.000000000,0.5072406790315712,0.03838392776795941
2026-05-15T11:00:00.000000000,0.4450512422108142,0.04975301486181885
2026-05-15T12:00:00.000000000,0.46255991246291495,0.06432794288895353
2026-05-15T13:00:00.000000000,6.359454602074367,0.1701040793330733
2026-05-15T14:00:00.000000000,1.9450522110648834,0.10700739101809108
2026-05-15T15:00:00.000000000,1.3962016777362722,0.0426595369848335
2026-05-15T16:00:00.000000000,0.5527738138264928,0.04502228862047668
2026-05-15T17:00:00.000000000,0.3376818191889156,0.039225298647793276
2026-05-15T18:00:00.000000000,0.4806631846273721,0.055841804185547884
2026-05-15T19:00:00.000000000,1.0112837823486853,0.05229352177982145
2026-05-15T20:00:00.000000000,0.3503787548867902,0.015040233423675987
2026-05-15T21:00:00.000000000,0.037275227301795624,0.010290819961138628
2026-05-15T22:00:00.000000000,0.05124350996070947,0.014185871503240214
2026-05-15T23:00:00.000000000,0.09941035427935406,0.015550680920615647
2026-05-16T00:00:00.000000000,0.12747369196464825,0.008491860330741573
2026-05-16T01:00:00.000000000,0.22419163684211973,0.005292064229774132
2026-05-16T02:00:00.000000000,0.054154322054498015,0.0027109571212157956
2026-05-16T03:00:00.000000000,0.058544025641882366,0.0016658343786048273
2026-05-16T04:00:00.000000000,0.010671206973934293,0.001965233802473222
2026-05-16T05:00:00.000000000,0.016980360906630174,0.0012024092507252253
2026-05-16T06:00:00.000000000,0.0668564647865266,0.005336646011043425
2026-05-16T07:00:00.000000000,0.1331525966317042,0.014573266223092263
2026-05-16T08:00:00.000000000,0.041049958421218495,0.0005563755767929367
2026-05-16T09:00:00.000000000,0.06728185232924991,0.0032531248302898014
2026-05-16T10:00:00.000000000,0.058201689795987395,0.003546716951313336
2026-05-16T11:00:00.000000000,0.055734374740278404,0.0064932864302275515
2026-05-16T12:00:00.000000000,0.01847060913278031,0.003648922842301197
2026-05-16T13:00:00.000000000,0.039405221444812295,0.005404532752556604
2026-05-16T14:00:00.000000000,0.02072865171980762,0.0002500336861410599
2026-05-16T15:00:00.000000000,0.025245219655341863,0.0013799972741130049
2026-05-16T16:00:00.000000000,0.024130418705713284,0.0007318292317425114
2026-05-16T17:00:00.000000000,0.034745132788641865,0.0014983590460534424
2026-05-16T18:00:00.000000000,0.0367754245930147,0.0018161284394531125
2026-05-16T19:00:00.000000000,0.058624957867679815,0.0017596741548437393
2026-05-16T20:00:00.000000000,0.09584882709940122,0.0009814900288515368
2026-05-16T21:00:00.000000000,0.11705738818384545,0.001961529139756182
2026-05-16T22:00:00.000000000,0.08219408180189407,0.0023130611031684295
2026-05-16T23:00:00.000000000,0.08317355349190643,0.0012566197765484914
2026-05-17T00:00:00.000000000,0.22557446620630342,0.0015974903180289162
2026-05-17T01:00:00.000000000,0.09955332151317617,0.003068777633850606
2026-05-17T02:00:00.000000000,0.051999551751480355,0.001355108091687364
2026-05-17T03:00:00.000000000,0.04538671978436602,0.00255022933849128
2026-05-17T04:00:00.000000000,0.2699143255123001,0.0019951916848467994
2026-05-17T05:00:00.000000000,0.08888109973651775,0.0006764887139618627
2026-05-17T06:00:00.000000000,0.1145069904908349,0.0021210129224201323
2026-05-17T07:00:00.000000000,0.040767512588163836,0.0005463932731857607
2026-05-17T08:00:00.000000000,0.026006831732121306,0.0007884400815716037
2026-05-17T09:00:00.000000000,0.08773034432737381,0.0016960495613038327
2026-05-17T10:00:00.000000000,0.1452980960193293,0.003923458372055312
2026-05-17T11:00:00.000000000,0.1638804154244392,0.0017186494311242893
2026-05-17T12:00:00.000000000,0.06560466457462844,0.0009114918969092151
2026-05-17T13:00:00.000000000,0.06106131487438074,0.002314863481510285
2026-05-17T14:00:00.000000000,0.03668856520958532,0.0008281913425113517
2026-05-17T15:00:00.000000000,0.0472872243050732,0.0013740086929227059
2026-05-17T16:00:00.000000000,0.07572285940783344,0.0014365046217958513
2026-05-17T17:00:00.000000000,0.03738192336423857,0.003295376157729582
2026-05-17T18:00:00.000000000,0.029045482912541873,0.0029638173646882294
2026-05-17T19:00:00.000000000,0.04216886715879884,0.0069963292375272105
2026-05-17T20:00:00.000000000,0.029628922309541714,0.003923158850830214
2026-05-17T21:00:00.000000000,0.050292019696730826,0.003428643449788682
2026-05-17T22:00:00.000000000,0.2007992788269104,0.03979587224711489
2026-05-17T23:00:00.000000000,0.4242367793046562,0.008196304438200042
2026-05-18T00:00:00.000000000,2.5203660464167297,0.028208990028852392
2026-05-18T01:00:00.000000000,1.113119186285621,0.01027590840702743
2026-05-18T02:00:00.000000000,0.7474679982689817,0.02923865280972009
2026-05-18T03:00:00.000000000,0.4028933625861889,0.0028008493523007526
2026-05-18T04:00:00.000000000,0.1373148495392309,0.005956978398912103
2026-05-18T05:00:00.000000000,0.2168656870999384,0.0027357861540621775
2026-05-18T06:00:00.000000000,0.14839220007613838,0.0035766131786472747
2026-05-18T07:00:00.000000000,0.33386193412855386,0.006325875929733349
2026-05-18T08:00:00.000000000,0.6140783173204953,0.012291247732792067
2026-05-18T09:00:00.000000000,0.11224716440561831,0.0020173067352078737
2026-05-18T10:00:00.000000000,0.8032288344743292,0.01720475844057438
2026-05-18T11:00:00.000000000,1.0958202256151717,0.01001905816389719
2026-05-18T12:00:00.000000000,0.34706592965690586,0.03489780672833697
2026-05-18T13:00:00.000000000,0.0,0.0
2026-05-18T14:00:00.000000000,8.195876776190818,0.14600738522623366
2026-05-18T15:00:00.000000000,2.830313042624532,0.0901289793203374
2026-05-18T16:00:00.000000000,1.7112085908272985,0.3807507643902935
2026-05-18T17:00:00.000000000,0.8968535922082964,0.34427817488144064
2026-05-18T18:00:00.000000000,0.9601924509130816,0.17397303151076926
2026-05-18T19:00:00.000000000,3.3179171646554675,0.11005568264840716
2026-05-18T20:00:00.000000000,0.13488555309562794,0.024641891961844634
2026-05-18T21:00:00.000000000,0.0637122255055107,0.01216003509431408
2026-05-18T22:00:00.000000000,0.09540540946710634,0.01521280808339093
2026-05-18T23:00:00.000000000,0.06698562813040415,0.009798088723060048
2026-05-19T00:00:00.000000000,0.42566890404314844,0.01027229557149494
2026-05-19T01:00:00.000000000,0.4278750281970446,0.008074708014373719
2026-05-19T02:00:00.000000000,0.30503720294715353,0.01216284500771062
2026-05-19T03:00:00.000000000,0.21328407317727757,0.009772137726331412
2026-05-19T04:00:00.000000000,0.2931072499781773,0.08140172859321705
2026-05-19T05:00:00.000000000,0.24841259768201607,0.021431653153531714
2026-05-19T06:00:00.000000000,0.2203087598103571,0.014045050971026676
2026-05-19T07:00:00.000000000,0.27930593603731796,0.009868496817773843
2026-05-19T08:00:00.000000000,0.3156508973255468,0.018321160472579617
2026-05-19T09:00:00.000000000,0.5336556618188563,0.01118286557687553
2026-05-19T10:00:00.000000000,0.4064781528754946,0.010425844048549553
2026-05-19T11:00:00.000000000,0.2234310832184201,0.013178265544283365
2026-05-19T12:00:00.000000000,0.33052418893164587,0.026889774970212568
2026-05-19T13:00:00.000000000,8.090202674995858,0.18517036983502186
2026-05-19T14:00:00.000000000,3.9902873292284267,0.28479667722476254
2026-05-19T15:00:00.000000000,2.335305432687445,0.11961320163878142
2026-05-19T16:00:00.000000000,1.5901906012041351,0.08076392272758674
2026-05-19T17:00:00.000000000,1.183405647423043,0.09110938676098117
2026-05-19T18:00:00.000000000,0.6032853292660759,0.06091941081178007
2026-05-19T19:00:00.000000000,1.378441038556356,0.059634763033924156
2026-05-19T20:00:00.000000000,0.16134718761125455,0.012774734205365698
2026-05-19T21:00:00.000000000,0.07398151322301363,0.012581349762894574
2026-05-19T22:00:00.000000000,0.14074899931707932,0.025694994459209287
2026-05-19T23:00:00.000000000,0.08129516411553664,0.0033389642050938805
2026-05-20T00:00:00.000000000,0.9570438035042267,0.022982421215752023
2026-05-20T01:00:00.000000000,0.8052571404236591,0.023138452766571917
2026-05-20T02:00:00.000000000,0.22573232672374005,0.028859508603016743
2026-05-20T03:00:00.000000000,0.32200946612216047,0.012674252765795905
2026-05-20T04:00:00.000000000,0.11506928462642937,0.006266089439887737
2026-05-20T05:00:00.000000000,0.2523720852526604,0.007654066365087794
2026-05-20T06:00:00.000000000,0.15022970588771553,0.025737601365092164
2026-05-20T07:00:00.000000000,0.45421096590364196,0.009999737832476978
2026-05-20T08:00:00.000000000,0.3313448165624897,0.05337134145050752
2026-05-20T09:00:00.000000000,0.09898871802182241,0.011528425967494827
2026-05-20T10:00:00.000000000,0.16952952676574204,0.037072115444103985
2026-05-20T11:00:00.000000000,0.28586994144102323,0.029257378421264992
2026-05-20T12:00:00.000000000,0.3478002891242521,0.028897674410847056
2026-05-20T13:00:00.000000000,5.89866670302405,0.2331162138948175
2026-05-20T14:00:00.000000000,0.0,0.0
2026-05-20T15:00:00.000000000,6.671998994585385,0.17794577929550065
2026-05-20T16:00:00.000000000,1.0327311452778576,0.12076829962855798
2026-05-20T17:00:00.000000000,0.3847066717923298,0.080074767935628
2026-05-20T18:00:00.000000000,0.3220813478764464,0.044440509867574196
2026-05-20T19:00:00.000000000,0.516068235711455,0.10001168162524593
2026-05-20T20:00:00.000000000,2.2423636642748184,0.0694169559722266
2026-05-20T21:00:00.000000000,0.5852169756951835,0.043884446635370895
2026-05-20T22:00:00.000000000,1.063083434404164,0.10408861280175136
2026-05-20T23:00:00.000000000,0.2071631911825689,0.04187337287419962
2026-05-21T00:00:00.000000000,0.0,0.0
2026-05-21T01:00:00.000000000,1.1577252603990518,0.02123219981970444
2026-05-21T02:00:00.000000000,0.14567616392434715,0.02509897106738534
2026-05-21T03:00:00.000000000,0.09168520604253852,0.021988022705799713
2026-05-21T04:00:00.000000000,0.05594278738458118,0.06705633555065554
2026-05-21T05:00:00.000000000,0.2042968224331726,0.14246877144796055
2026-05-21T06:00:00.000000000,0.24808091835711757,0.023187988186266984
2026-05-21T07:00:00.000000000,0.3355772698743859,0.16391491980321823
2026-05-21T08:00:00.000000000,0.4900249524481437,0.047650076611613065
2026-05-21T09:00:00.000000000,0.23182459525623533,0.028701714872288814
2026-05-21T10:00:00.000000000,0.8484711694852897,0.04842444034704533
2026-05-21T11:00:00.000000000,0.6225726518335988,0.11200367743833041
2026-05-21T12:00:00.000000000,0.38167920042716397,0.052814819314275
2026-05-21T13:00:00.000000000,4.256993785062727,0.34811985557201053
2026-05-21T14:00:00.000000000,2.6726286127761707,0.2559130437425857
2026-05-21T15:00:00.000000000,0.8568688668237513,0.19138985927785612
2026-05-21T16:00:00.000000000,0.6744672824119585,0.15683537045419912
2026-05-21T17:00:00.000000000,0.7771180948099122,0.10617419477430763
2026-05-21T18:00:00.000000000,0.5084669452190421,0.0692364101018165
2026-05-21T19:00:00.000000000,0.8352338883384324,0.059928247007721716
2026-05-21T20:00:00.000000000,0.06264545830130233,0.009325962061930343
2026-05-21T21:00:00.000000000,0.023968715812364687,0.005578981950477074
2026-05-21T22:00:00.000000000,0.10615320299964555,0.021382855945490765
2026-05-21T23:00:00.000000000,0.03466968162529257,0.038785553508759424
2026-05-22T00:00:00.000000000,0.23128798311311768,0.030497947639946826
2026-05-22T01:00:00.000000000,0.21268995956650413,0.049836601436754197
2026-05-22T02:00:00.000000000,0.17312365626341952,0.010755031576309599
2026-05-22T03:00:00.000000000,0.11727678999580118,0.020912971896278314
2026-05-22T04:00:00.000000000,0.03537386095093424,0.008237439443130358
2026-05-22T05:00:00.000000000,0.09205399035167285,0.014650300996641928
2026-05-22T06:00:00.000000000,0.1149931299863073,0.018559045779967056
2026-05-22T07:00:00.000000000,0.1117597995114221,0.012732649073054594
2026-05-22T08:00:00.000000000,0.6086250170576615,0.059434280909776364
2026-05-22T09:00:00.000000000,0.48183306279730853,0.054541557044596393
2026-05-22T10:00:00.000000000,0.42706901083469073,0.028719835253825012
2026-05-22T11:00:00.000000000,0.2471023943859128,0.047959491056923244
2026-05-22T12:00:00.000000000,0.5301970618545467,0.09282388591297334
2026-05-22T13:00:00.000000000,5.917356515822742,0.2963722406765951
2026-05-22T14:00:00.000000000,1.715543747588336,0.4590486364813568
2026-05-22T15:00:00.000000000,0.9377243795256534,0.1783018181695813
2026-05-22T16:00:00.000000000,0.7452830579605786,0.17599715620192705
2026-05-22T17:00:00.000000000,0.5473605450477641,0.10716027302133718
2026-05-22T18:00:00.000000000,0.7008096880840219,0.17713190927691272
2026-05-22T19:00:00.000000000,0.5708486303583818,0.12512189509980298
2026-05-22T20:00:00.000000000,0.07914765424448333,0.0150580292540532
2026-05-22T21:00:00.000000000,0.03879743888983967,0.03093817594345333
2026-05-22T22:00:00.000000000,0.043227060101979735,0.030990605672982723
2026-05-22T23:00:00.000000000,0.03716053482699459,0.03813592835468853
2026-05-23T00:00:00.000000000,0.11266634296795913,0.026206658510495834
2026-05-23T01:00:00.000000000,0.11204737640060823,0.030668743661177417
2026-05-23T02:00:00.000000000,0.15305927417002196,0.02345009361094479
2026-05-23T03:00:00.000000000,0.06655958038080319,0.02500174099104322
2026-05-23T04:00:00.000000000,0.08497363343580835,0.008957320330786092
2026-05-23T05:00:00.000000000,0.09209432296932721,0.012804739617119563
2026-05-23T06:00:00.000000000,0.05015070191197704,0.029179298657076285
2026-05-23T07:00:00.000000000,0.06783137560077958,0.022050573104375016
2026-05-23T08:00:00.000000000,0.11325725164683646,0.013112227070310073
2026-05-23T09:00:00.000000000,0.15139526127202493,0.020034859575440607
2026-05-23T10:00:00.000000000,0.06660644696717503,0.009886311979305094
2026-05-23T11:00:00.000000000,0.036289107498853654,0.003256072596291
2026-05-23T12:00:00.000000000,0.013694894284875272,0.004774287850090636
2026-05-23T13:00:00.000000000,0.06044507671337515,0.017379771523047677
2026-05-23T14:00:00.000000000,0.1351627690960798,0.036133348855733036
2026-05-23T15:00:00.000000000,0.15097213723347913,0.01982757863247508
2026-05-23T16:00:00.000000000,0.07745466069530152,0.008772784879019179
2026-05-23T17:00:00.000000000,0.0522254608065209,0.011970931120114716
2026-05-23T18:00:00.000000000,0.4630152293046443,0.06707487650026418
2026-05-23T19:00:00.000000000,0.12620731847898117,0.0037242424221778066
2026-05-23T20:00:00.000000000,0.23758944790524059,0.037043351117337475
2026-05-23T21:00:00.000000000,0.40158028383409894,0.01462879189428463
2026-05-23T22:00:00.000000000,0.17997123174430787,0.008455833871978076
2026-05-23T23:00:00.000000000,0.1284225704667069,0.007648172814252853
2026-05-24T00:00:00.000000000,0.1593788082347028,0.01435511097481934
2026-05-24T01:00:00.000000000,0.18494264944292446,0.010482666534456146
2026-05-24T02:00:00.000000000,0.21960133925323386,0.0054027874664501095
2026-05-24T03:00:00.000000000,0.015578448695637997,0.011200711872849078
2026-05-24T04:00:00.000000000,0.09013160871274127,0.007878559111927658
2026-05-24T05:00:00.000000000,0.11823785406959028,0.01011533192928029
2026-05-24T06:00:00.000000000,0.09620779165957681,0.0047044581422136965
2026-05-24T07:00:00.000000000,0.44899748370941833,0.005215502928245604
2026-05-24T08:00:00.000000000,0.5390464856640064,0.009613375018451964
2026-05-24T09:00:00.000000000,0.179564516953754,0.0034766658873571507
2026-05-24T10:00:00.000000000,0.2761642104698763,0.00280330415563401
2026-05-24T11:00:00.000000000,0.19216361747187527,0.0032589170009679987
2026-05-24T12:00:00.000000000,0.11930943079603132,0.0014385406917185432
2026-05-24T13:00:00.000000000,0.07158908492935828,0.008919621303950586
2026-05-24T14:00:00.000000000,1.227226551789152,0.08261525880406351
2026-05-24T15:00:00.000000000,0.24636582003994734,0.0038147219681477626
2026-05-24T16:00:00.000000000,0.11221832796491898,0.004320304233870432
2026-05-24T17:00:00.000000000,0.0444809428914335,0.0027352516407734887
2026-05-24T18:00:00.000000000,0.1960138897865522,0.006509618077616221
2026-05-24T19:00:00.000000000,0.03484277219630015,0.0030128430426953922
2026-05-24T20:00:00.000000000,0.1059088934790865,0.01461181839348572
2026-05-24T21:00:00.000000000,0.21320374239310325,0.0029236558376744028
2026-05-24T22:00:00.000000000,0.4531971219206493,0.010328562960406441
2026-05-24T23:00:00.000000000,0.19661346617131018,0.0037483684985012825
2026-05-25T00:00:00.000000000,0.20346411122472724,0.0039321316802316
2026-05-25T01:00:00.000000000,0.07542162658472479,0.0026594856796334494
2026-05-25T02:00:00.000000000,0.07516541356809772,0.002323996150630969
2026-05-25T03:00:00.000000000,0.07105869700036445,0.002352040703286305
2026-05-25T04:00:00.000000000,0.08221160009278553,0.0050999804267382876
2026-05-25T05:00:00.000000000,0.057020688467523034,0.0008566583872638561
2026-05-25T06:00:00.000000000,0.09254168899647147,0.00216387342405588
2026-05-25T07:00:00.000000000,0.18380425624342647,0.008907846386432185
2026-05-25T08:00:00.000000000,0.037449581577851485,0.005760275685164868
2026-05-25T09:00:00.000000000,0.07510227513595227,0.001414683615514663
2026-05-25T10:00:00.000000000,0.08384119699301434,0.002541343868697698
2026-05-25T11:00:00.000000000,0.0696974979240434,0.006707368680175092
2026-05-25T12:00:00.000000000,0.0720707864441087,0.0028216735316842607
2026-05-25T13:00:00.000000000,0.0997874134138649,0.002840961895928367
2026-05-25T14:00:00.000000000,0.12824220290186963,0.0024883987381335315
2026-05-25T15:00:00.000000000,0.1165251728582498,0.0007554319801342186
2026-05-25T16:00:00.000000000,0.2528885880507651,0.003634888533897447
2026-05-25T17:00:00.000000000,0.11870351411366338,0.0035309628906581847
2026-05-25T18:00:00.000000000,0.10655758381042905,0.00533269934025934
2026-05-25T19:00:00.000000000,0.13100510154155756,0.001682212311708874
2026-05-25T20:00:00.000000000,0.053029082258595275,0.004168593466431681
2026-05-25T21:00:00.000000000,0.09806773986760352,0.00685420142116308
2026-05-25T22:00:00.000000000,0.11152787561445224,0.002649015808277482
2026-05-25T23:00:00.000000000,0.13365205109491374,0.004466320428031939
2026-05-26T00:00:00.000000000,0.8335109970760788,0.07154986635565354
2026-05-26T01:00:00.000000000,0.38185805874649625,0.021244857440549252
2026-05-26T02:00:00.000000000,0.08476638601634405,0.014715332385351132
2026-05-26T03:00:00.000000000,0.059084433983002366,0.014564524628852958
2026-05-26T04:00:00.000000000,0.07722000233361347,0.012666667972199737
2026-05-26T05:00:00.000000000,0.08358042558101672,0.007358513380820244
2026-05-26T06:00:00.000000000,0.06014160431524134,0.005358736543654109
2026-05-26T07:00:00.000000000,0.42387924676192434,0.014067111828689496
2026-05-26T08:00:00.000000000,0.30686966526780124,0.01684643206617024
2026-05-26T09:00:00.000000000,0.09661559774985089,0.006755334481226519
2026-05-26T10:00:00.000000000,0.2518122250906073,0.025879948469356047
2026-05-26T11:00:00.000000000,0.1973567835393227,0.049345401169720665
2026-05-26T12:00:00.000000000,0.13811990800675783,0.03542483609509827
2026-05-26T13:00:00.000000000,3.27248873959879,0.349821906342778
2026-05-26T14:00:00.000000000,2.0635875058049287,0.22737134164531445
2026-05-26T15:00:00.000000000,1.363376284282123,0.20043031043315931
2026-05-26T16:00:00.000000000,0.8955612441852009,0.10811427212776331
2026-05-26T17:00:00.000000000,0.4705060200708247,0.046253998110398674
2026-05-26T18:00:00.000000000,0.47500570071629783,0.09315113437325385
2026-05-26T19:00:00.000000000,0.7824015460513272,0.17602175012940724
2026-05-26T20:00:00.000000000,0.06085558820509195,0.030454818263376093
2026-05-26T21:00:00.000000000,0.018186331503737274,0.04645161470144188
2026-05-26T22:00:00.000000000,0.07785690988935717,0.01356275830684782
2026-05-26T23:00:00.000000000,0.13226238570536958,0.02414597570211892
2026-05-27T00:00:00.000000000,0.38942440268699197,0.02469876819358229
2026-05-27T01:00:00.000000000,0.2832712423234146,0.02924321065622957
2026-05-27T02:00:00.000000000,0.08324148223381544,0.011954887711902184
2026-05-27T03:00:00.000000000,0.11784086202334672,0.012644980503597589
2026-05-27T04:00:00.000000000,0.22082642302147518,0.009393224386551475
2026-05-27T05:00:00.000000000,0.29515981690765736,0.012036534658228128
2026-05-27T06:00:00.000000000,0.24362151949555014,0.02645066353665322
2026-05-27T07:00:00.000000000,0.19147490972223943,0.037865329763220296
2026-05-27T08:00:00.000000000,0.5897563349136938,0.03469157671862533
2026-05-27T09:00:00.000000000,0.2630091081163541,0.02370907080416844
2026-05-27T10:00:00.000000000,0.3111020715956512,0.043067580803018805
2026-05-27T11:00:00.000000000,0.5472360234346558,0.1331110291242117
2026-05-27T12:00:00.000000000,0.8365022919966898,0.148578014023101
2026-05-27T13:00:00.000000000,0.0,0.0
2026-05-27T14:00:00.000000000,6.063605133033363,0.30279676632828484
2026-05-27T15:00:00.000000000,1.2984916552807388,0.15743129970792843
2026-05-27T16:00:00.000000000,0.6205660056758586,0.16679825045640498
2026-05-27T17:00:00.000000000,0.6731516736210871,0.13361619181430803
2026-05-27T18:00:00.000000000,0.5017159876067304,0.09745811719110327
2026-05-27T19:00:00.000000000,0.3549290329389049,0.05968263718430537
2026-05-27T20:00:00.000000000,0.16151265798853362,0.010885836860251165
2026-05-27T21:00:00.000000000,0.2508382349515817,0.00781755421639832
2026-05-27T22:00:00.000000000,0.1093452127307293,0.01196278018950788
2026-05-27T23:00:00.000000000,0.09511332530455646,0.01171294754429192
2026-05-28T00:00:00.000000000,0.33793451215039644,0.012501036585982407
2026-05-28T01:00:00.000000000,0.1998968903267871,0.010055958761926324
2026-05-28T02:00:00.000000000,0.17402016161133985,0.02086265457355402
2026-05-28T03:00:00.000000000,1.041074333117232,0.11737216201647674
2026-05-28T04:00:00.000000000,0.7934209964283079,0.03762719530714744
2026-05-28T05:00:00.000000000,0.4677695707165203,0.031693508064119795
2026-05-28T06:00:00.000000000,0.38916969391153355,0.016228886743741188
2026-05-28T07:00:00.000000000,0.27497302735681795,0.027379276225713886
2026-05-28T08:00:00.000000000,0.6544042696564722,0.04077942538608301
2026-05-28T09:00:00.000000000,0.27395420810805693,0.007483625618721956
2026-05-28T10:00:00.000000000,0.29001913901224785,0.0157891811822531
2026-05-28T11:00:00.000000000,0.39667303941407256,0.014326499356518509
2026-05-28T12:00:00.000000000,0.8994700004973549,0.021453702431917264
2026-05-28T13:00:00.000000000,3.7486378531522635,0.17907187550522216
2026-05-28T14:00:00.000000000,3.4225154340090107,0.32766908972119413
2026-05-28T15:00:00.000000000,1.3591950609122287,0.26913958241171915
2026-05-28T16:00:00.000000000,0.49079330443558145,0.1011014607823197
2026-05-28T17:00:00.000000000,0.5727171624004233,0.05185138317323304
2026-05-28T18:00:00.000000000,0.6084042080724889,0.04354036113734762
2026-05-28T19:00:00.000000000,0.4309421765372235,0.032312825271238244
2026-05-28T20:00:00.000000000,0.11914088047009473,0.013751489336633763
2026-05-28T21:00:00.000000000,0.1638427765568293,0.04308305259797908
2026-05-28T22:00:00.000000000,0.1593223699906029,0.015316224129853997
2026-05-28T23:00:00.000000000,0.03865121658388962,0.007381101419865781
2026-05-29T00:00:00.000000000,0.2550294288492672,0.02395681566247837
2026-05-29T01:00:00.000000000,0.3359837463328828,0.007271911944077743
2026-05-29T02:00:00.000000000,0.19089859853494626,0.009141784467504792
2026-05-29T03:00:00.000000000,0.06338630479491003,0.0031336382749837365
2026-05-29T04:00:00.000000000,0.14100890391517726,0.008924533209823964
2026-05-29T05:00:00.000000000,0.13439413429207164,0.007392545396836173
2026-05-29T06:00:00.000000000,0.10039399342470835,0.008852119597060143
2026-05-29T07:00:00.000000000,0.15169061020513,0.016325155701156724
2026-05-29T08:00:00.000000000,0.2801444106382336,0.020040505073686148
2026-05-29T09:00:00.000000000,0.19297653128567901,0.010003697916278186
2026-05-29T10:00:00.000000000,0.1146796537452848,0.01515691042283411
2026-05-29T11:00:00.000000000,0.37773513724496927,0.010782882165615789
2026-05-29T12:00:00.000000000,0.2864795913131998,0.009284728212379816
2026-05-29T13:00:00.000000000,1.8360051933608172,0.283834959784797
2026-05-29T14:00:00.000000000,3.0413882972891337,0.4171840641803042
2026-05-29T15:00:00.000000000,0.6711421125293788,0.06942260629118216
2026-05-29T16:00:00.000000000,0.5228612834056857,0.07084232843280387
2026-05-29T17:00:00.000000000,0.5355800312060621,0.05493656296267436
2026-05-29T18:00:00.000000000,0.45942872923028444,0.03616557639921109
2026-05-29T19:00:00.000000000,0.8105372169286167,0.11198812183023948
2026-05-29T20:00:00.000000000,0.1633577281523759,0.019911558345465704
2026-05-29T21:00:00.000000000,0.018727353852758102,0.01601069074292427
2026-05-29T22:00:00.000000000,0.010155942931038745,0.01858566814745397
2026-05-29T23:00:00.000000000,0.02317141793228747,0.007877371173212078
2026-05-30T00:00:00.000000000,0.1619157083114922,0.0200037484641633
2026-05-30T01:00:00.000000000,0.05080052751691056,0.005252722790492898
2026-05-30T02:00:00.000000000,0.10706936658062394,0.005922771215419598
2026-05-30T03:00:00.000000000,0.09639520684502074,0.009659650946218838
2026-05-30T04:00:00.000000000,0.06953505381489875,0.004018642686116866
2026-05-30T05:00:00.000000000,0.0693963783557829,0.003263009064324242
2026-05-30T06:00:00.000000000,0.08069896114606173,0.020446264515211927
2026-05-30T07:00:00.000000000,0.04960248199954946,0.013804650337715212
2026-05-30T08:00:00.000000000,0.0072577830401145006,0.0014892397575024079
2026-05-30T09:00:00.000000000,0.10532515802879629,0.005915621833897325
2026-05-30T10:00:00.000000000,0.04704489299901214,0.003822120682480157
2026-05-30T11:00:00.000000000,0.024756664251969557,0.0021844419757702156
2026-05-30T12:00:00.000000000,0.042654045238882915,0.002740428120409453
2026-05-30T13:00:00.000000000,0.025211764516943874,0.0019163132560155894
2026-05-30T14:00:00.000000000,0.049836944315492474,0.021560811167531835
2026-05-30T15:00:00.000000000,0.10787353237498315,0.002624136580560431
2026-05-30T16:00:00.000000000,0.15422233528428458,0.029564643994473654
2026-05-30T17:00:00.000000000,0.11359018998804919,0.009530455258945305
2026-05-30T18:00:00.000000000,0.05693370551653375,0.013622976218618901
2026-05-30T19:00:00.000000000,0.13679939344943645,0.013706590301915348
2026-05-30T20:00:00.000000000,0.09891780683593095,0.007340814842273112
2026-05-30T21:00:00.000000000,0.14831214469093698,0.008688983216581188
2026-05-30T22:00:00.000000000,0.19273447741735278,0.011922737784990523
2026-05-30T23:00:00.000000000,0.13260287588737843,0.008455558046165731
2026-05-31T00:00:00.000000000,0.10605618522962944,0.00858417811617124
2026-05-31T01:00:00.000000000,0.19573383152029897,0.008690423466111223
2026-05-31T02:00:00.000000000,0.16241229457293863,0.006716849952121421
2026-05-31T03:00:00.000000000,0.13976156800023457,0.007993356019394634
2026-05-31T04:00:00.000000000,0.10952768849887579,0.012645048518379201
2026-05-31T05:00:00.000000000,0.036870681354744694,0.004772831909927456
2026-05-31T06:00:00.000000000,0.053391547411380455,0.001868908392342369
2026-05-31T07:00:00.000000000,0.14836847638564474,0.08267464484256358
2026-05-31T08:00:00.000000000,0.18096722463308457,0.028021833638397546
2026-05-31T09:00:00.000000000,0.09600167541184042,0.0060248860551028165
2026-05-31T10:00:00.000000000,0.04738383109260643,0.0019707978223081042
2026-05-31T11:00:00.000000000,0.10059675571223778,0.009191646787318935
2026-05-31T12:00:00.000000000,0.06283798385511503,0.0015022071790810163
2026-05-31T13:00:00.000000000,0.06914337026148472,0.0013578620509223462
2026-05-31T14:00:00.000000000,0.06839387232038471,0.005610626341033577
2026-05-31T15:00:00.000000000,0.15066591320913528,0.011827225668452835
2026-05-31T16:00:00.000000000,0.3506280661501788,0.0049119163451836895
2026-05-31T17:00:00.000000000,0.21795162627861286,0.004137843616892389
2026-05-31T18:00:00.000000000,0.10942766718521485,0.0028724986119063652
2026-05-31T19:00:00.000000000,0.18150462529513423,0.007843187680553806
2026-05-31T20:00:00.000000000,0.8345868260046645,0.06803610195194311
2026-05-31T21:00:00.000000000,0.2759875673081679,0.01283705168108859
2026-05-31T22:00:00.000000000,0.15993179216540945,0.007245505464737965
2026-05-31T23:00:00.000000000,0.15457884246153414,0.012100310742572451
2026-06-01T00:00:00.000000000,0.9383855152073687,0.11802793016670539
2026-06-01T01:00:00.000000000,0.45310148566432823,0.032912351568327426
2026-06-01T02:00:00.000000000,0.06018967380248785,0.01239189540360643
2026-06-01T03:00:00.000000000,0.07920056854924463,0.0030164875744493713
2026-06-01T04:00:00.000000000,0.13421806810923825,0.006193769921273745
2026-06-01T05:00:00.000000000,0.12395671822517794,0.026744985752695672
2026-06-01T06:00:00.000000000,0.14360880175043325,0.01800890314788622
2026-06-01T07:00:00.000000000,0.1254313559948132,0.011088544889276545
2026-06-01T08:00:00.000000000,2.3240367511995226,0.1013466968432179
2026-06-01T09:00:00.000000000,1.3220206471842029,0.06854929122818078
2026-06-01T10:00:00.000000000,1.208086145090863,0.0826640933043119
2026-06-01T11:00:00.000000000,0.9274200161898404,0.03099985773675546
2026-06-01T12:00:00.000000000,1.0288798336958607,0.023771108237029916
2026-06-01T13:00:00.000000000,5.467085931363236,0.3208080638748082
2026-06-01T14:00:00.000000000,3.5433637911464313,0.30231145639509505
2026-06-01T15:00:00.000000000,1.6152411751208922,0.2303666259398005
2026-06-01T16:00:00.000000000,0.5671035634255028,0.24671722207617303
2026-06-01T17:00:00.000000000,0.748353780889572,0.057849753476354286
2026-06-01T18:00:00.000000000,0.6076237082590457,0.019120031825102426
2026-06-01T19:00:00.000000000,0.628379879946986,0.02978549258625331
2026-06-01T20:00:00.000000000,0.19899500482793547,0.01416122078638977
2026-06-01T21:00:00.000000000,0.1754077389500096,0.008241866116957071
2026-06-01T22:00:00.000000000,0.18908113259170906,0.01681127426219533
2026-06-01T23:00:00.000000000,0.06493239644991275,0.005609991606514522
2026-06-02T00:00:00.000000000,0.551523783045747,0.051038534604021635
2026-06-02T01:00:00.000000000,0.23984051677638385,0.02740580574531305
2026-06-02T02:00:00.000000000,0.38466293854744843,0.0362115021288069
2026-06-02T03:00:00.000000000,0.6919213874879925,0.038149474498002774
2026-06-02T04:00:00.000000000,0.2497710608584233,0.02649143772831877
2026-06-02T05:00:00.000000000,0.4098390944247686,0.021393252313734488
2026-06-02T06:00:00.000000000,0.314508050362478,0.05159802402176393
2026-06-02T07:00:00.000000000,0.40093360122829586,0.02555087230374377
2026-06-02T08:00:00.000000000,0.6877435889128298,0.01991702559683465
2026-06-02T09:00:00.000000000,0.24003174973681995,0.013176521644900872
2026-06-02T10:00:00.000000000,0.2686551749789048,0.012952246980250638
2026-06-02T11:00:00.000000000,0.33153308200956355,0.009447072346085912
2026-06-02T12:00:00.000000000,0.3465266074550126,0.04926409714433973
2026-06-02T13:00:00.000000000,3.68720115935839,0.4532751399454809
2026-06-02T14:00:00.000000000,1.8373256837605272,0.36592193573905857
2026-06-02T15:00:00.000000000,0.8160628763902856,0.11628278307114746
2026-06-02T16:00:00.000000000,0.5042908189507316,0.06578837985892823
2026-06-02T17:00:00.000000000,0.29277673319131636,0.2855335349619612
2026-06-02T18:00:00.000000000,0.37010589634570196,0.18643812468991558
2026-06-02T19:00:00.000000000,0.47443863450371604,0.028144823089213223
2026-06-02T20:00:00.000000000,0.09258020180210695,0.03504609850069371
2026-06-02T21:00:00.000000000,0.09046040046786089,0.01096656888474738
2026-06-02T22:00:00.000000000,0.0871527309697916,0.012246413912088293
2026-06-02T23:00:00.000000000,0.26377814861573684,0.022707275636463627
2026-06-03T00:00:00.000000000,0.3569094867109283,0.05327962303228688
2026-06-03T01:00:00.000000000,0.11931489862710447,0.015731153011771547
2026-06-03T02:00:00.000000000,0.06338567313839917,0.014316340939741243
2026-06-03T03:00:00.000000000,0.122342071503908,0.015315212185175179
2026-06-03T04:00:00.000000000,0.09463103658771269,0.010087339109469748
2026-06-03T05:00:00.000000000,0.15584700455649922,0.003905568915216858
2026-06-03T06:00:00.000000000,0.1632804454515828,0.014535632034201967
2026-06-03T07:00:00.000000000,0.1150768525633388,0.01130919863640045
2026-06-03T08:00:00.000000000,0.2696175205120075,0.014355975508902635
2026-06-03T09:00:00.000000000,3.6865343915031157,0.8630740643628525
2026-06-03T10:00:00.000000000,0.9493170833201185,0.3680738448729512
2026-06-03T11:00:00.000000000,0.7048500776255483,0.047318175920837806
2026-06-03T12:00:00.000000000,0.805765825038051,0.1511587013310418
2026-06-03T13:00:00.000000000,10.83852061635658,0.31770723316380556
2026-06-03T14:00:00.000000000,4.322631795543934,0.23426347929224034
2026-06-03T15:00:00.000000000,2.3080551782946617,0.09046222306069057
2026-06-03T16:00:00.000000000,0.9577704500932258,0.036175296307866776
2026-06-03T17:00:00.000000000,0.7292436154689884,0.028498767424388973
2026-06-03T18:00:00.000000000,0.6157745431552499,0.15319557170750392
2026-06-03T19:00:00.000000000,0.9110510279492395,0.5567213195676303
2026-06-03T20:00:00.000000000,1.5644714199136112,0.08433470635125882
2026-06-03T21:00:00.000000000,1.3717366350613878,0.08261093686213894
2026-06-03T22:00:00.000000000,0.719316070064127,0.06169894895044002
2026-06-03T23:00:00.000000000,0.39790977993549564,0.12134060314638383
2026-06-04T00:00:00.000000000,0.9631803900573863,0.04610487135383045
2026-06-04T01:00:00.000000000,0.6390465923321779,0.03451477452631257
2026-06-04T02:00:00.000000000,0.407865447401568,0.02683664060009455
2026-06-04T03:00:00.000000000,0.19529413732005624,0.019450360873215878
2026-06-04T04:00:00.000000000,0.0855487838781245,0.009839837043210382
2026-06-04T05:00:00.000000000,0.20226559539544844,0.019146429010735277
2026-06-04T06:00:00.000000000,0.17826831223760373,0.018172938117368573
2026-06-04T07:00:00.000000000,0.08929147693827981,0.020884711913204783
2026-06-04T08:00:00.000000000,0.9541684360221071,0.06818445960236066
2026-06-04T09:00:00.000000000,1.1895543832493454,0.07692801862056774
2026-06-04T10:00:00.000000000,0.6633932412712055,0.018128591527258896
2026-06-04T11:00:00.000000000,0.9829730966048384,0.025793114646515215
2026-06-04T12:00:00.000000000,0.8101166424935623,0.026557410783394908
2026-06-04T13:00:00.000000000,4.482304643156341,0.25342086111731993
2026-06-04T14:00:00.000000000,1.841131988315283,0.15878994942457622
2026-06-04T15:00:00.000000000,0.9166754450424469,0.06754679460789476
2026-06-04T16:00:00.000000000,0.6614714929555796,0.03651310972684644
2026-06-04T17:00:00.000000000,0.6329673921609354,0.01772617184548656
2026-06-04T18:00:00.000000000,0.6912890993289994,0.020009110154736557
2026-06-04T19:00:00.000000000,0.9977814198442376,0.09159684252058055
2026-06-04T20:00:00.000000000,0.25710101725131757,0.04096854654206848
2026-06-04T21:00:00.000000000,0.01616850883392024,0.008165865104196255
2026-06-04T22:00:00.000000000,0.08950153809185751,0.020838576682850607
2026-06-04T23:00:00.000000000,0.1102872280816663,0.041389328313861495
2026-06-05T00:00:00.000000000,0.8508866709023711,0.17784782396535814
2026-06-05T01:00:00.000000000,0.9437111068248175,0.10462886673678758
2026-06-05T02:00:00.000000000,0.8266367882736548,0.05797287689572874
2026-06-05T03:00:00.000000000,0.3589768263965212,0.029652058755451505
2026-06-05T04:00:00.000000000,0.26249426804830284,0.0405923543901586
2026-06-05T05:00:00.000000000,0.34557080477300584,0.02589644937618332
2026-06-05T06:00:00.000000000,0.24937877679584605,0.04645064558119439
2026-06-05T07:00:00.000000000,0.4122830035210347,0.024667317203570936
2026-06-05T08:00:00.000000000,1.0294102090702117,0.05631470967197623
2026-06-05T09:00:00.000000000,0.7542405096675385,0.012795412281075587
2026-06-05T10:00:00.000000000,0.1773169026570292,0.013907292521294646
2026-06-05T11:00:00.000000000,0.2649063011722208,0.018913530500245287
2026-06-05T12:00:00.000000000,0.4531292860228376,0.03576175082355572
2026-06-05T13:00:00.000000000,3.006157706416401,0.36264950852321354
2026-06-05T14:00:00.000000000,3.9971817190853747,0.785820749540179
2026-06-05T15:00:00.000000000,1.3284732969008324,0.5173483728596189
2026-06-05T16:00:00.000000000,2.6469601942748726,0.231722938798257
2026-06-05T17:00:00.000000000,1.8183306899758216,0.0946313768275112
2026-06-05T18:00:00.000000000,2.3191160133268665,0.07309045975303614
2026-06-05T19:00:00.000000000,4.519927251638684,0.20013140699878185
2026-06-05T20:00:00.000000000,0.8138826768775953,0.04901569168100635
2026-06-05T21:00:00.000000000,0.3623423937815763,0.26280781337438797
2026-06-05T22:00:00.000000000,0.2919240545590362,0.034612962789287584
2026-06-05T23:00:00.000000000,0.3072593249340674,0.05679295730068682
2026-06-06T00:00:00.000000000,0.35931976794524617,0.04928209251440126
2026-06-06T01:00:00.000000000,1.0484992949462835,0.11137150262120349
2026-06-06T02:00:00.000000000,3.5304584361462483,1.0255486185275777
2026-06-06T03:00:00.000000000,0.6279701558630383,0.16231148140934698
2026-06-06T04:00:00.000000000,0.4956121036580425,0.062492034199065315
2026-06-06T05:00:00.000000000,0.48881891763252805,0.03832842138746129
2026-06-06T06:00:00.000000000,0.16693541322514663,0.049954987329287236
2026-06-06T07:00:00.000000000,1.1525640414002176,0.14406197669842208
2026-06-06T08:00:00.000000000,0.9817232359401032,0.11787587984640019
2026-06-06T09:00:00.000000000,0.7609378465859405,0.2377596154800166
2026-06-06T10:00:00.000000000,0.7344256391502918,0.10107941358213297
2026-06-06T11:00:00.000000000,0.7666893019935317,0.05702003337839202
2026-06-06T12:00:00.000000000,0.7030890771602966,0.14206171305183213
2026-06-06T13:00:00.000000000,0.33502580856629427,0.046347481039855275
2026-06-06T14:00:00.000000000,0.21887926124147347,0.015966453453131378
2026-06-06T15:00:00.000000000,0.37946317406300895,0.02789400288760319
2026-06-06T16:00:00.000000000,0.21664696427260513,0.026637215155372464
2026-06-06T17:00:00.000000000,0.19256057668171342,0.0328953794684877
2026-06-06T18:00:00.000000000,0.05274909822912191,0.015102728435353823
2026-06-06T19:00:00.000000000,0.09831695707719555,0.025615141882850547
2026-06-06T20:00:00.000000000,0.1564435494530172,0.02657295271457137
2026-06-06T21:00:00.000000000,0.21048337074691356,0.01636035343537801
2026-06-06T22:00:00.000000000,0.16463853232592543,0.014909069202712344
2026-06-06T23:00:00.000000000,0.1220561553797338,0.02158600639449745
2026-06-07T00:00:00.000000000,0.3020589200983618,0.057198447375435155
2026-06-07T01:00:00.000000000,0.40728685734917797,0.036754175028416936
2026-06-07T02:00:00.000000000,0.24943953978127284,0.020817976449109488
2026-06-07T03:00:00.000000000,0.2668559221187974,0.03567645382109177
2026-06-07T04:00:00.000000000,0.24010364413599278,0.013356201089597643
2026-06-07T05:00:00.000000000,0.027293153321787084,0.017743393049658683
2026-06-07T06:00:00.000000000,0.03602105930872591,0.012043591987938617
2026-06-07T07:00:00.000000000,0.06969114590246865,0.012706114140552355
2026-06-07T08:00:00.000000000,0.06444556860827241,0.02211561762049461
2026-06-07T09:00:00.000000000,0.32417049875174625,0.1809944780941308
2026-06-07T10:00:00.000000000,0.7593034645731163,0.10582524511170531
2026-06-07T11:00:00.000000000,0.17839334668711665,0.03800124840799911
2026-06-07T12:00:00.000000000,0.16524504256043662,0.053703848772416865
2026-06-07T13:00:00.000000000,0.12235861046015023,0.059585077849103114
2026-06-07T14:00:00.000000000,0.4136460788932918,0.07451451136304196
2026-06-07T15:00:00.000000000,0.268509063512175,0.016970520054427618
2026-06-07T16:00:00.000000000,0.21451084985140154,0.017889075471924136
2026-06-07T17:00:00.000000000,0.18101463534510784,0.017193164332253173
2026-06-07T18:00:00.000000000,0.11455030174631119,0.008240022558502794
2026-06-07T19:00:00.000000000,1.444296502932099,0.040667490705778186
2026-06-07T20:00:00.000000000,0.3156787244180643,0.009700402643911194
2026-06-07T21:00:00.000000000,0.37029700196445847,0.011447468007611032
2026-06-07T22:00:00.000000000,0.9939518015805765,0.048443506178035146
2026-06-07T23:00:00.000000000,0.2516309371617487,0.030484095159527415
2026-06-08T00:00:00.000000000,4.1796483439369885,0.261542860293407
2026-06-08T01:00:00.000000000,3.638948501051498,0.22518439229902895
2026-06-08T02:00:00.000000000,1.0109208501647513,0.07879859013234157
2026-06-08T03:00:00.000000000,0.4160009097442509,0.03278160794683953
2026-06-08T04:00:00.000000000,0.3932531068316688,0.075386019193919
2026-06-08T05:00:00.000000000,1.10606462319575,0.11121955375836136
2026-06-08T06:00:00.000000000,0.848520243966393,0.207645710870152
2026-06-08T07:00:00.000000000,0.5312146399748834,0.06945612260572077
2026-06-08T08:00:00.000000000,1.68518428491663,0.11198538064020007
2026-06-08T09:00:00.000000000,0.6900898172259493,0.06424166524076672
2026-06-08T10:00:00.000000000,0.5726395324774562,0.03402193632582854
2026-06-08T11:00:00.000000000,0.6118747920804418,0.06250026121198211
2026-06-08T12:00:00.000000000,0.6517083341375551,0.15590503484067714
2026-06-08T13:00:00.000000000,4.588125026273175,0.427800884694711
2026-06-08T14:00:00.000000000,2.6504008706833644,0.23532648645822107
2026-06-08T15:00:00.000000000,1.0029593576992475,0.23719435760229024
2026-06-08T16:00:00.000000000,0.8812005698536692,0.07264286471734863
2026-06-08T17:00:00.000000000,0.7003902119203672,0.11049318721897436
2026-06-08T18:00:00.000000000,0.6071019820997149,0.024225161356892587
2026-06-08T19:00:00.000000000,0.999614328634598,0.05378323842220852
2026-06-08T20:00:00.000000000,0.10827714821428763,0.035102082512183386
2026-06-08T21:00:00.000000000,0.013621498910425271,0.06879375212359143
2026-06-08T22:00:00.000000000,0.20866364045686486,0.06282201460417285
2026-06-08T23:00:00.000000000,0.2072511014640083,0.07739624581963432
2026-06-09T00:00:00.000000000,0.7548724964729744,0.21574405900352556
2026-06-09T01:00:00.000000000,0.4920343370087147,0.11605997649097655
2026-06-09T02:00:00.000000000,0.24325255018730588,0.049531138455032826
2026-06-09T03:00:00.000000000,0.12770805435659735,0.024372681021971092
2026-06-09T04:00:00.000000000,0.4576232772325123,0.07497500412351511
2026-06-09T05:00:00.000000000,0.2847452058561288,0.04087069769789316
2026-06-09T06:00:00.000000000,0.15338499308955178,0.015635328393324672
2026-06-09T07:00:00.000000000,0.3717138649129781,0.023785213017021866
2026-06-09T08:00:00.000000000,0.3435113351022258,0.06365061063198396
2026-06-09T09:00:00.000000000,0.12194767186869604,0.02533302327857562
2026-06-09T10:00:00.000000000,0.35964605187722054,0.04864556122441329
2026-06-09T11:00:00.000000000,0.3518936615189947,0.05552487517394371
2026-06-09T12:00:00.000000000,0.3170577449339404,0.025312163242330418
2026-06-09T13:00:00.000000000,3.0080433198962995,0.6541555468674937
2026-06-09T14:00:00.000000000,4.7947966369707435,0.46811171478767927
2026-06-09T15:00:00.000000000,4.852306340108809,0.8106798541259936
2026-06-09T16:00:00.000000000,8.763852566765188,0.8952042329117889
2026-06-09T17:00:00.000000000,4.478275778468341,0.1632160375328896
2026-06-09T18:00:00.000000000,1.9231143282679535,0.25781609294767555
2026-06-09T19:00:00.000000000,3.627547092455697,0.18401377097438826
2026-06-09T20:00:00.000000000,0.9440782260595889,0.16851769622452314
2026-06-09T21:00:00.000000000,0.30063699235151337,0.07682780324418606
2026-06-09T22:00:00.000000000,0.4909011788467083,0.1127942859228553
2026-06-09T23:00:00.000000000,0.4368676932356686,0.08376866229157202
2026-06-10T00:00:00.000000000,1.8414502287817918,0.12021291154429567
2026-06-10T01:00:00.000000000,1.1063591967189101,0.05065187141858891
2026-06-10T02:00:00.000000000,0.8781632987493551,0.08122516718902775
2026-06-10T03:00:00.000000000,0.4658704850070995,0.05210403135559377
2026-06-10T04:00:00.000000000,0.6674134416779682,0.0476241329909239
2026-06-10T05:00:00.000000000,0.9121415494918381,0.06322666340679309
2026-06-10T06:00:00.000000000,0.8285001746441851,0.03542596276238828
2026-06-10T07:00:00.000000000,0.567852632472984,0.030636301059203234
2026-06-10T08:00:00.000000000,0.6813241092878776,0.07872743296997
2026-06-10T09:00:00.000000000,0.6929494471103966,0.0816105543289955
2026-06-10T10:00:00.000000000,0.5542965144327587,0.07321422967938723
2026-06-10T11:00:00.000000000,1.0279612836312526,0.04380678933527942
2026-06-10T12:00:00.000000000,6.558305408210761,0.1893020133208062
2026-06-10T13:00:00.000000000,6.011349834710048,0.2895241931609276
2026-06-10T14:00:00.000000000,4.6285062162465485,0.5492111774300931
2026-06-10T15:00:00.000000000,6.046603395587619,0.3653159496552908
2026-06-10T16:00:00.000000000,1.6138986856249413,0.08246914276216827
2026-06-10T17:00:00.000000000,1.833406053280581,0.05628560991332258
2026-06-10T18:00:00.000000000,1.2232239803713612,0.036574426565883965
2026-06-10T19:00:00.000000000,1.6042278215371908,0.04451680838158334
2026-06-10T20:00:00.000000000,0.8619424023375395,0.04272922900500885
2026-06-10T21:00:00.000000000,0.09638879008058354,0.02723951036714822
2026-06-10T22:00:00.000000000,0.6738531622389656,0.1122729924076384
2026-06-10T23:00:00.000000000,0.9259304880212749,0.07247798833175316
2026-06-11T00:00:00.000000000,3.238968733887832,0.1383549294291575
2026-06-11T01:00:00.000000000,1.4089955245394739,0.12687886646143268
2026-06-11T02:00:00.000000000,1.1585281053422543,0.1286933695512772
2026-06-11T03:00:00.000000000,0.5459226725939378,0.04382095826150258
2026-06-11T04:00:00.000000000,0.4207699816907093,0.09184817553592826
2026-06-11T05:00:00.000000000,0.38860888367519403,0.0366120473117457
2026-06-11T06:00:00.000000000,0.33245571024883197,0.04521903243604226
2026-06-11T07:00:00.000000000,0.3844136913983898,0.057697661562874036
2026-06-11T08:00:00.000000000,1.089579338787777,0.07350809630757058
2026-06-11T09:00:00.000000000,0.3888865751177145,0.02614057404380112
2026-06-11T10:00:00.000000000,0.5495851004154348,0.04531045873668505
2026-06-11T11:00:00.000000000,0.6278486420701074,0.024941049491744458
2026-06-11T12:00:00.000000000,1.2195547180255741,0.04927072035866551
2026-06-11T13:00:00.000000000,4.937775176579651,0.39167720973500636
2026-06-11T14:00:00.000000000,4.516343095918206,0.5248290531991026
2026-06-11T15:00:00.000000000,2.8162209219058703,0.054180112821640265
2026-06-11T16:00:00.000000000,1.3314265508099143,0.06547304600367233
2026-06-11T17:00:00.000000000,4.391999231274905,0.18065685380002197
2026-06-11T18:00:00.000000000,1.066302033928863,0.10719460634155951
2026-06-11T19:00:00.000000000,1.6840377451636366,0.38164743407939566
2026-06-11T20:00:00.000000000,0.3579647694102275,0.05048817233062319
2026-06-11T21:00:00.000000000,0.15485723234083162,0.04396288575090171
2026-06-11T22:00:00.000000000,0.09773936980512765,0.0589246953611618
2026-06-11T23:00:00.000000000,0.21698438788732807,0.03699590529187787
2026-06-12T00:00:00.000000000,0.7752100221310778,0.11443562131943352
2026-06-12T01:00:00.000000000,1.020073586465157,0.0779974688645755
2026-06-12T02:00:00.000000000,0.2630977346470927,0.052736868358430646
2026-06-12T03:00:00.000000000,0.2113927311608864,0.03198208296258802
2026-06-12T04:00:00.000000000,0.14968769437160007,0.033602678581902065
2026-06-12T05:00:00.000000000,0.751940253211803,0.057426746002843726
2026-06-12T06:00:00.000000000,0.5166702880460745,0.05373145498871651
2026-06-12T07:00:00.000000000,0.8160847172787761,0.09358577124895569
2026-06-12T08:00:00.000000000,0.7394224782235999,0.06530524389347209
2026-06-12T09:00:00.000000000,2.279376129274953,0.09391995755278211
2026-06-12T10:00:00.000000000,0.457445383870778,0.20309298515660063
2026-06-12T11:00:00.000000000,0.4781315450800541,0.032141108376546074
2026-06-12T12:00:00.000000000,0.7485201827361513,0.03287372295458984
2026-06-12T13:00:00.000000000,7.484579991922846,0.25001204596668414
2026-06-12T14:00:00.000000000,3.586437974908221,0.1500724626415516
2026-06-12T15:00:00.000000000,2.194117789876437,0.1166107461348302
2026-06-12T16:00:00.000000000,1.9102689208128019,0.8828531720026956
2026-06-12T17:00:00.000000000,0.7318986310246596,0.21347372692066072
2026-06-12T18:00:00.000000000,0.8086353816470095,0.21984523173794882
2026-06-12T19:00:00.000000000,0.9933324937654411,0.6371844822448035
2026-06-12T20:00:00.000000000,0.047395524665314846,0.027122395975290925
2026-06-12T21:00:00.000000000,0.04667391054929975,0.032731937978777985
2026-06-12T22:00:00.000000000,0.03427317816952468,0.03257279985998017
2026-06-12T23:00:00.000000000,0.037223159483282406,0.019540656493662555
2026-06-13T00:00:00.000000000,0.2141103937677676,0.01739217045590633
2026-06-13T01:00:00.000000000,0.2723813979012401,0.023445588245500512
2026-06-13T02:00:00.000000000,0.3055187027286655,0.05548038817655993
2026-06-13T03:00:00.000000000,0.24006012494684653,0.021829284268118528
2026-06-13T04:00:00.000000000,0.17899622617269517,0.01054619285180365
2026-06-13T05:00:00.000000000,0.09298094645805749,0.004621987783353903
2026-06-13T06:00:00.000000000,0.11385033832820673,0.011777630955256819
2026-06-13T07:00:00.000000000,0.08988442498585748,0.017378240914568636
2026-06-13T08:00:00.000000000,0.13784057674630595,0.021745556565217376
2026-06-13T09:00:00.000000000,0.07348817423294146,0.01344026032233286
2026-06-13T10:00:00.000000000,0.09647169812088258,0.006823259637294803
2026-06-13T11:00:00.000000000,0.05979330598469568,0.004710820739049976
2026-06-13T12:00:00.000000000,0.11445129558408673,0.01316665393449341
2026-06-13T13:00:00.000000000,0.20624914986163884,0.013119556407178413
2026-06-13T14:00:00.000000000,0.1840737598174904,0.008833191984145075
2026-06-13T15:00:00.000000000,0.09166462041053867,0.01134201093073811
2026-06-13T16:00:00.000000000,1.2178760948147003,0.08711581214193864
2026-06-13T17:00:00.000000000,0.21379183757614598,0.014593460708956302
2026-06-13T18:00:00.000000000,0.071379330358513,0.043810251577917174
2026-06-13T19:00:00.000000000,0.10155312650674031,0.013041715321975605
2026-06-13T20:00:00.000000000,0.07891474497950757,0.00905650216383397
2026-06-13T21:00:00.000000000,0.13486596095301182,0.011259421214385444
2026-06-13T22:00:00.000000000,0.08919528071454907,0.0073836493942089606
2026-06-13T23:00:00.000000000,0.0631731944046005,0.005368983125136611
2026-06-14T00:00:00.000000000,0.14503595205738085,0.007139233531254382
2026-06-14T01:00:00.000000000,0.09429759243460903,0.004324479406456513
2026-06-14T02:00:00.000000000,0.13032733192746598,0.007191208791270896
2026-06-14T03:00:00.000000000,0.09323873413197976,0.005849605161406619
2026-06-14T04:00:00.000000000,0.07425206155760508,0.0067163891883689365
2026-06-14T05:00:00.000000000,0.12463023263219186,0.00626047322004041
2026-06-14T06:00:00.000000000,0.0672586181356512,0.0019250608989839072
2026-06-14T07:00:00.000000000,0.1408169901451461,0.04158416257481471
2026-06-14T08:00:00.000000000,0.13882319761488146,0.011057959378803155
2026-06-14T09:00:00.000000000,0.0948236935012241,0.01056807119382115
2026-06-14T10:00:00.000000000,0.18451190511280868,0.015649992154291213
2026-06-14T11:00:00.000000000,0.1663328931851916,0.009772106641668932
2026-06-14T12:00:00.000000000,0.12528085035210693,0.011691078095272683
2026-06-14T13:00:00.000000000,0.14768409246713707,0.020561096909976373
2026-06-14T14:00:00.000000000,0.19513518108775652,0.01729376441191576
2026-06-14T15:00:00.000000000,0.16688620850801,0.0365712381334914
2026-06-14T16:00:00.000000000,0.08042147044825201,0.01335916442978638
2026-06-14T17:00:00.000000000,0.10272819315517012,0.008657634494185804
2026-06-14T18:00:00.000000000,0.11809050189646687,0.03663189147343671
2026-06-14T19:00:00.000000000,0.0426969155260359,0.010553504622465687
2026-06-14T20:00:00.000000000,0.06748469933894292,0.021211576977076513
2026-06-14T21:00:00.000000000,0.7473444682023918,0.11004266864687516
2026-06-14T22:00:00.000000000,0.676734418569302,0.07840371393654479
2026-06-14T23:00:00.000000000,0.266912308401582,0.035153612948843456
2026-06-15T00:00:00.000000000,2.6716364493242994,1.0338431212076136
2026-06-15T01:00:00.000000000,0.642528601612524,0.12586263807751946
2026-06-15T02:00:00.000000000,0.2433338526219995,0.12283139526522148
2026-06-15T03:00:00.000000000,0.19595958357817367,0.027557801714549225
2026-06-15T04:00:00.000000000,0.24582397236788023,0.04234421563519011
2026-06-15T05:00:00.000000000,0.15860638602494886,0.04294938495206547
2026-06-15T06:00:00.000000000,0.19992728801114323,0.09194641407861533
2026-06-15T07:00:00.000000000,0.24657132628346837,0.10897135044366983
2026-06-15T08:00:00.000000000,0.2549327581054623,0.07086431408065202
2026-06-15T09:00:00.000000000,0.17177797883148485,0.024158022644475516
2026-06-15T10:00:00.000000000,0.08446569380901542,0.05059077730530477
2026-06-15T11:00:00.000000000,0.15232647323124127,0.04061058768019925
2026-06-15T12:00:00.000000000,0.4091672417013467,0.05921248358461018
2026-06-15T13:00:00.000000000,4.227296004384329,1.1001061283075781
2026-06-15T14:00:00.000000000,1.8943331634836995,0.6086306877607606
2026-06-15T15:00:00.000000000,0.7007318728404456,0.08990703207687248
2026-06-15T16:00:00.000000000,0.3667236178273805,0.04764880684403048
2026-06-15T17:00:00.000000000,0.37233984869350295,0.05953760997048003
2026-06-15T18:00:00.000000000,0.28330007359607823,0.029947268236946052
2026-06-15T19:00:00.000000000,0.5688320606126291,0.07580612246758703
2026-06-15T20:00:00.000000000,0.10473669625923883,0.021153843180050515
2026-06-15T21:00:00.000000000,0.026064155360622905,0.015661431583271948
2026-06-15T22:00:00.000000000,0.07315656319836246,0.02144733239214586
2026-06-15T23:00:00.000000000,0.048251264090042795,0.011454974480723938
2026-06-16T00:00:00.000000000,0.4113318472915399,0.053631722391526644
2026-06-16T01:00:00.000000000,0.23505528297817554,0.06499771498244061
2026-06-16T02:00:00.000000000,0.12890744084968067,0.030695517964118325
2026-06-16T03:00:00.000000000,0.07470327389310065,0.057520042770914846
2026-06-16T04:00:00.000000000,0.05599534035922206,0.03557819817256996
2026-06-16T05:00:00.000000000,0.15612919800753675,0.028006940388725733
2026-06-16T06:00:00.000000000,0.08364772798782699,0.013165306979542614
2026-06-16T07:00:00.000000000,0.09434198159194793,0.023714384973922278
2026-06-16T08:00:00.000000000,0.361589390122373,0.05596876747990553
2026-06-16T09:00:00.000000000,0.13971209276639188,0.03990442239069554
2026-06-16T10:00:00.000000000,0.11515403185930174,0.03290827168407557
2026-06-16T11:00:00.000000000,0.4717761133695081,0.0672656684703995
2026-06-16T12:00:00.000000000,1.0729559420977601,0.07442986396589432
2026-06-16T13:00:00.000000000,2.376915572009471,0.3569078222347844
2026-06-16T14:00:00.000000000,3.0928096044032056,0.9676397954880465
2026-06-16T15:00:00.000000000,2.309969594922975,0.43940049952597254
2026-06-16T16:00:00.000000000,1.0788077165724057,0.13519503092440963
2026-06-16T17:00:00.000000000,0.7116499516861454,0.05474448555909189
2026-06-16T18:00:00.000000000,0.4772515737946631,0.02652045181182927
2026-06-16T19:00:00.000000000,2.5405541581013744,0.17459665540646213
2026-06-16T20:00:00.000000000,0.5033013798489198,0.06374101809423728
2026-06-16T21:00:00.000000000,0.10127330507432092,0.0234956577723117
2026-06-16T22:00:00.000000000,0.11293620885981033,0.37154745483305973
2026-06-16T23:00:00.000000000,0.09963296638363486,0.0488803779053113
2026-06-17T00:00:00.000000000,0.3996696980696813,0.11661271062945625
2026-06-17T01:00:00.000000000,0.17169443888906383,0.05924125368056428
2026-06-17T02:00:00.000000000,0.21301893338842426,0.061301683983733
2026-06-17T03:00:00.000000000,0.17167187640770024,0.019985139022611238
2026-06-17T04:00:00.000000000,0.15588864782282746,0.03043241183829362
2026-06-17T05:00:00.000000000,0.17947329590304228,0.04114453005419339
2026-06-17T06:00:00.000000000,0.21711473937440984,0.045094501529351565
2026-06-17T07:00:00.000000000,0.12291896715882497,0.03576723763048769
2026-06-17T08:00:00.000000000,0.43140575288328553,0.058926929071639045
2026-06-17T09:00:00.000000000,0.16044150006504496,0.02740144053577047
2026-06-17T10:00:00.000000000,0.1799815712425093,0.04015129006141933
2026-06-17T11:00:00.000000000,0.23576995980543017,0.033602163517124244
2026-06-17T12:00:00.000000000,0.2977736934232227,0.025588005362021292
2026-06-17T13:00:00.000000000,6.159319836978316,0.21773285734272207
2026-06-17T14:00:00.000000000,2.7589226891683607,0.11773039856630872
2026-06-17T15:00:00.000000000,0.751595658786206,0.06549450602086852
2026-06-17T16:00:00.000000000,0.4714164511175742,0.05547982513705978
2026-06-17T17:00:00.000000000,0.40223921694711845,0.08251491313944917
2026-06-17T18:00:00.000000000,5.960663657831809,0.2903391239392324
2026-06-17T19:00:00.000000000,3.870945320202499,0.9269924677326923
2026-06-17T20:00:00.000000000,0.5404979657471417,0.07552467280400998
2026-06-17T21:00:00.000000000,0.0635951209516251,0.005896764694358343
2026-06-17T22:00:00.000000000,0.2954362279099718,0.06791035323729978
2026-06-17T23:00:00.000000000,0.07674914536765343,0.048035757309966
2026-06-18T00:00:00.000000000,0.4537847182189918,0.08734726304815447
2026-06-18T01:00:00.000000000,0.2171631235659261,0.03644172635535866
2026-06-18T02:00:00.000000000,0.10105659489624333,0.01821539661510491
2026-06-18T03:00:00.000000000,0.09897662486293063,0.06151715687668529
2026-06-18T04:00:00.000000000,0.3661810362900449,0.07557428404270763
2026-06-18T05:00:00.000000000,0.16444919776064873,0.031759332612013295
2026-06-18T06:00:00.000000000,0.2947683307279514,0.02911149239630488
2026-06-18T07:00:00.000000000,0.1255448471410193,0.048617485414299916
2026-06-18T08:00:00.000000000,0.26767848361849816,0.15362263393478892
2026-06-18T09:00:00.000000000,0.13108354234674507,0.04490259293024439
2026-06-18T10:00:00.000000000,0.07077514358690841,0.03676038520110447
2026-06-18T11:00:00.000000000,0.337226490936264,0.031949917442357534
2026-06-18T12:00:00.000000000,0.10855736058656201,0.051189257430855666
2026-06-18T13:00:00.000000000,4.1142281519791855,0.1213705562305654
2026-06-18T14:00:00.000000000,2.384682096432031,0.12865572504720782
2026-06-18T15:00:00.000000000,1.6478921353253295,0.13079388622578722
2026-06-18T16:00:00.000000000,0.29881352582190196,0.2540794304409114
2026-06-18T17:00:00.000000000,0.27126786736390185,0.10019554030773517
2026-06-18T18:00:00.000000000,0.3585338835050702,0.08263262396512633
2026-06-18T19:00:00.000000000,0.7347831567010485,0.8961060734005142
2026-06-18T20:00:00.000000000,0.07561359124855924,0.14370881933962482
2026-06-18T21:00:00.000000000,0.04759609430126381,0.08055664945730008
2026-06-18T22:00:00.000000000,0.06940321443422676,0.030212793721498984
2026-06-18T23:00:00.000000000,0.030525073628573023,0.014756631598462801
2026-06-19T00:00:00.000000000,0.17597765713995459,0.015438774401397437
2026-06-19T01:00:00.000000000,0.12010611227970236,0.028590396593455168
2026-06-19T02:00:00.000000000,0.16836665691916528,0.018743172463270497
2026-06-19T03:00:00.000000000,0.31359574649680455,0.011783316363603231
2026-06-19T04:00:00.000000000,0.14100125977014696,0.027624245694576947
2026-06-19T05:00:00.000000000,0.1644620376673829,0.046464839934296086
2026-06-19T06:00:00.000000000,0.27990501578234545,0.026764704842592753
2026-06-19T07:00:00.000000000,0.2637392848170963,0.010384813441499302
2026-06-19T08:00:00.000000000,0.12431735809008679,0.01382905363231648
2026-06-19T09:00:00.000000000,0.12694939195714827,0.005945804724130299
2026-06-19T10:00:00.000000000,0.10366690727005315,0.007155334795627097
2026-06-19T11:00:00.000000000,0.06634729143866398,0.00682936420290173
2026-06-19T12:00:00.000000000,0.12901140943983225,0.04128869317410435
2026-06-19T13:00:00.000000000,0.2036555011306424,0.030216134061939952
2026-06-19T14:00:00.000000000,0.09789235806744105,0.02514739522137105
2026-06-19T15:00:00.000000000,0.08265962875913282,0.01763192514061263
2026-06-19T16:00:00.000000000,0.10401129163866096,0.007874347155468663
2026-06-19T17:00:00.000000000,0.16252324211250752,0.029180640864239507
2026-06-19T18:00:00.000000000,0.0897137287256038,0.02543248145077931
2026-06-19T19:00:00.000000000,0.028838324722137997,0.004889114558250685
2026-06-19T20:00:00.000000000,0.04942131252653042,0.005623706301634836
2026-06-19T21:00:00.000000000,0.0902890517872879,0.011039635789190321
2026-06-19T22:00:00.000000000,0.1106057371798229,0.01100117774997712
2026-06-19T23:00:00.000000000,0.11016346411484726,0.011801418488928782
2026-06-20T00:00:00.000000000,0.08683933517207962,0.005698195580876756
2026-06-20T01:00:00.000000000,0.048819118635600234,0.00825999681940049
2026-06-20T02:00:00.000000000,0.12504852383202059,0.011738761570740526
2026-06-20T03:00:00.000000000,0.05132702568147958,0.003513527306137804
2026-06-20T04:00:00.000000000,0.11077343491873935,0.011894713268182143
2026-06-20T05:00:00.000000000,0.12846682812395255,0.01754963045824734
2026-06-20T06:00:00.000000000,0.09493608830397507,0.013516886258479717
2026-06-20T07:00:00.000000000,0.05194190791778781,0.00900400305540752
2026-06-20T08:00:00.000000000,0.17473495815723242,0.005049844529412132
2026-06-20T09:00:00.000000000,0.12216201228670207,0.005215666211966666
2026-06-20T10:00:00.000000000,0.052935569755390155,0.016343780342353682
2026-06-20T11:00:00.000000000,0.06091587723889863,0.0035375760746369713
2026-06-20T12:00:00.000000000,0.1274057220156385,0.007516805230080971
2026-06-20T13:00:00.000000000,0.24685226287777726,0.025716137096681108
2026-06-20T14:00:00.000000000,0.1768723413108075,0.021232576891733673
2026-06-20T15:00:00.000000000,0.30696865332307144,0.017847743368308192
2026-06-20T16:00:00.000000000,0.06643374071801787,0.003521993084987277
2026-06-20T17:00:00.000000000,0.17137602693866988,0.013093404648694918
2026-06-20T18:00:00.000000000,0.09161668572934227,0.010651551004508632
2026-06-20T19:00:00.000000000,0.09351724195044975,0.021630256558593696
2026-06-20T20:00:00.000000000,0.044226739582489565,0.018708284129636623
2026-06-20T21:00:00.000000000,0.12092282367012296,0.011754108272254557
2026-06-20T22:00:00.000000000,0.09965916979867893,0.004805266668069096
2026-06-20T23:00:00.000000000,0.06269594494290782,0.0044645017688537195
2026-06-21T00:00:00.000000000,0.02872534437635718,0.0035373188068958403
2026-06-21T01:00:00.000000000,0.04649344690255111,0.007159904112318797
2026-06-21T02:00:00.000000000,0.0588240757313798,0.0024648737086174445
2026-06-21T03:00:00.000000000,0.03891219644399237,0.006511321099151055
2026-06-21T04:00:00.000000000,0.06826333025102875,0.011369117773816495
2026-06-21T05:00:00.000000000,0.08219386991382946,0.0012073710627500235
2026-06-21T06:00:00.000000000,0.06012669284253953,0.002517438254286906
2026-06-21T07:00:00.000000000,0.08811024301559031,0.00575019782419435
2026-06-21T08:00:00.000000000,0.2252281048066887,0.014833817578504604
2026-06-21T09:00:00.000000000,0.08122973223096827,0.011241458699486881
2026-06-21T10:00:00.000000000,0.14603017775749597,0.006626727048383142
2026-06-21T11:00:00.000000000,0.10085017270446234,0.0031508135080991965
2026-06-21T12:00:00.000000000,0.03990858166627471,0.0017192447562668668
2026-06-21T13:00:00.000000000,0.0777272373148662,0.0038827603280511195
2026-06-21T14:00:00.000000000,0.0851706468728088,0.003728918787166358
2026-06-21T15:00:00.000000000,0.0636180175042564,0.003471996706987518
2026-06-21T16:00:00.000000000,0.10192262313577177,0.005601174427615896
2026-06-21T17:00:00.000000000,0.04519615646695807,0.00540435771056633
2026-06-21T18:00:00.000000000,0.026389523760877987,0.0055118108852763295
2026-06-21T19:00:00.000000000,0.013534099510760868,0.0052772627871006715
2026-06-21T20:00:00.000000000,0.04936999095214103,0.006887247385941486
2026-06-21T21:00:00.000000000,0.1248514048935125,0.012475755819426872
2026-06-21T22:00:00.000000000,0.40057928927153164,0.022266730317078043
2026-06-21T23:00:00.000000000,0.2477363143726311,0.0317556225510442
2026-06-22T00:00:00.000000000,1.8232169730995553,0.22147269880684362
2026-06-22T01:00:00.000000000,0.28612302965979075,0.10397966826475258
2026-06-22T02:00:00.000000000,0.1188615730197831,0.02564988655930312
2026-06-22T03:00:00.000000000,0.11817092748126233,0.019837338825985908
2026-06-22T04:00:00.000000000,0.11042379598813927,0.026777736472996035
2026-06-22T05:00:00.000000000,0.08334761406460325,0.02161636349706971
2026-06-22T06:00:00.000000000,0.11383078740290485,0.026967507543024002
2026-06-22T07:00:00.000000000,0.17645940546265323,0.0293519646813295
2026-06-22T08:00:00.000000000,0.30157746974017885,0.048371877658505286
2026-06-22T09:00:00.000000000,0.07663029345890324,0.006100413687011791
2026-06-22T10:00:00.000000000,0.0856883072696545,0.015338811698915614
2026-06-22T11:00:00.000000000,0.22551162171673844,0.012948675537415756
2026-06-22T12:00:00.000000000,0.13046964043581072,0.013469934285077343
2026-06-22T13:00:00.000000000,6.3051681857526685,0.3241640792103866
2026-06-22T14:00:00.000000000,2.162243098501962,0.2723962829698406
2026-06-22T15:00:00.000000000,1.072501267588334,0.1823931051073931
2026-06-22T16:00:00.000000000,0.6105200753320016,0.17246857535530158
2026-06-22T17:00:00.000000000,0.4090485055718267,0.06727593477252522
2026-06-22T18:00:00.000000000,0.28289053887197724,0.05097110982369814
2026-06-22T19:00:00.000000000,0.8027500323320641,0.07468414258238676
2026-06-22T20:00:00.000000000,0.19956546893526877,0.0674114294738588
2026-06-22T21:00:00.000000000,0.050262691806399674,0.017757174597003954
2026-06-22T22:00:00.000000000,0.1321573539778044,0.052583425020804105
2026-06-22T23:00:00.000000000,0.08464739854253801,0.038879733230372
2026-06-23T00:00:00.000000000,0.7965183123691255,0.1158155094326784
2026-06-23T01:00:00.000000000,0.40639434788203826,0.064984772463304
2026-06-23T02:00:00.000000000,0.3039149911715054,0.09532324967922835
2026-06-23T03:00:00.000000000,0.7121119480187117,0.23880552384911521
2026-06-23T04:00:00.000000000,0.23582119400176563,0.08415506006111949
2026-06-23T05:00:00.000000000,0.2980308364405892,0.13058144998963267
2026-06-23T06:00:00.000000000,0.6161997079765664,0.2670087577131792
2026-06-23T07:00:00.000000000,0.8025934599020298,0.17259254876810018
2026-06-23T08:00:00.000000000,1.5138741877698565,0.25781124687943097
2026-06-23T09:00:00.000000000,0.6977241362220933,0.09751009366456204
2026-06-23T10:00:00.000000000,0.6223314083200348,0.10653194126814212
2026-06-23T11:00:00.000000000,0.5569540419419081,0.08097656571000951
2026-06-23T12:00:00.000000000,0.48450294760759505,0.06811598693515289
2026-06-23T13:00:00.000000000,5.254428718521671,0.2607012079277666
2026-06-23T14:00:00.000000000,3.212428259822546,0.24890658373227678
2026-06-23T15:00:00.000000000,1.3904600493978942,0.17356169099428356
2026-06-23T16:00:00.000000000,0.8913009172256879,0.14457844340015066
2026-06-23T17:00:00.000000000,0.6943977692658999,0.02916804764990043
2026-06-23T18:00:00.000000000,0.7590352884296747,0.038205770813771044
2026-06-23T19:00:00.000000000,1.5899641803412734,0.08618371517288617
2026-06-23T20:00:00.000000000,0.18592997600974145,0.044788330334354774
2026-06-23T21:00:00.000000000,0.06249979578707046,0.028244867356037394
2026-06-23T22:00:00.000000000,0.22472345955282547,0.06679789166696405
2026-06-23T23:00:00.000000000,0.34790702061786316,0.03410978890223085
2026-06-24T00:00:00.000000000,0.6641769406463239,0.033684630687007784
2026-06-24T01:00:00.000000000,0.49490263278525315,0.025060450813678206
2026-06-24T02:00:00.000000000,0.3756131785468298,0.02307281872185249
2026-06-24T03:00:00.000000000,0.4025797350611453,0.024125114155795626
2026-06-24T04:00:00.000000000,0.17895054579801326,0.03975520202827542
2026-06-24T05:00:00.000000000,0.3993205113980299,0.0848227251238292
2026-06-24T06:00:00.000000000,0.25435837638183345,0.034856684212525135
2026-06-24T07:00:00.000000000,0.20856945268325175,0.011038491413647362
2026-06-24T08:00:00.000000000,0.43720293083469836,0.024057261102819263
2026-06-24T09:00:00.000000000,0.19679667047655633,0.007634994329678019
2026-06-24T10:00:00.000000000,0.13594704388004195,0.01385421330801034
2026-06-24T11:00:00.000000000,0.43061619207463897,0.17768654176387874
2026-06-24T12:00:00.000000000,0.3883399437985607,0.07289251209780638
2026-06-24T13:00:00.000000000,4.955534476637205,0.3557651913141006
2026-06-24T14:00:00.000000000,3.4466298487602707,0.3190970662958776
2026-06-24T15:00:00.000000000,1.9108270270473287,0.05918256752753159
2026-06-24T16:00:00.000000000,0.8827700551236101,0.09582186785922955
2026-06-24T17:00:00.000000000,1.3119287443921008,0.17587842411106144
2026-06-24T18:00:00.000000000,1.3327626592474944,0.09066277503226433
2026-06-24T19:00:00.000000000,1.9062669336445937,0.22490986328842688
2026-06-24T20:00:00.000000000,2.5455446054247317,0.37703459734219125
2026-06-24T21:00:00.000000000,0.28905572946000024,0.13073055060710073
2026-06-24T22:00:00.000000000,0.1757967508726507,0.0419385295036023
2026-06-24T23:00:00.000000000,0.11015571213223525,0.05090761518952576
2026-06-25T00:00:00.000000000,0.6680658622556644,0.13209714473137643
2026-06-25T01:00:00.000000000,0.6820516396284259,0.05722292267846377
2026-06-25T02:00:00.000000000,0.27462615335216145,0.03369147465875319
2026-06-25T03:00:00.000000000,0.15197258111833645,0.020889866815302263
2026-06-25T04:00:00.000000000,0.243000471713853,0.024832404890216805
2026-06-25T05:00:00.000000000,0.16031179993818037,0.04723580971747765
2026-06-25T06:00:00.000000000,0.20890799024002327,0.03781632394591404
2026-06-25T07:00:00.000000000,0.1180134607859559,0.040262815274341085
2026-06-25T08:00:00.000000000,0.2035910315233377,0.07505443016223938
2026-06-25T09:00:00.000000000,0.08265656960960899,0.007418380334094071
2026-06-25T10:00:00.000000000,0.1640822568709537,0.02388744432698152
2026-06-25T11:00:00.000000000,0.6774444245718588,0.02596699779489236
2026-06-25T12:00:00.000000000,0.85419417921381,0.09982472675337056
2026-06-25T13:00:00.000000000,9.228279769035543,0.8889609170885957
2026-06-25T14:00:00.000000000,5.551662583195949,0.4047128513903323
2026-06-25T15:00:00.000000000,1.69265218545494,0.6776241860792278
2026-06-25T16:00:00.000000000,1.6841807774778694,0.23457326866880535
2026-06-25T17:00:00.000000000,0.809671990831621,0.09894910891420837
2026-06-25T18:00:00.000000000,1.3738041359445572,0.044639831925898606
2026-06-25T19:00:00.000000000,1.573744726992597,0.06729264870262358
2026-06-25T20:00:00.000000000,0.9180968482641495,0.07484812649705118
2026-06-25T21:00:00.000000000,0.14723371331475685,0.07357206472699516
2026-06-25T22:00:00.000000000,0.2323260261231249,0.06489973342440543
2026-06-25T23:00:00.000000000,0.3899916444589542,0.11970450938751208
2026-06-26T00:00:00.000000000,1.1367170305530643,0.34074110859494416
2026-06-26T01:00:00.000000000,0.633414999932924,0.04193895576912519
2026-06-26T02:00:00.000000000,0.9067352825943901,0.31437757866141663
2026-06-26T03:00:00.000000000,0.7917101524632287,0.08989681651358962
2026-06-26T04:00:00.000000000,0.40441907354975,0.13423107744293325
2026-06-26T05:00:00.000000000,0.4808237319141296,0.12416871010457245
2026-06-26T06:00:00.000000000,0.329954261839713,0.1764635057751534
2026-06-26T07:00:00.000000000,0.3403062528839252,0.04022109480368124
2026-06-26T08:00:00.000000000,0.27001290962441754,0.16993688194978407
2026-06-26T09:00:00.000000000,0.375470581206791,0.14143073447256216
2026-06-26T10:00:00.000000000,0.24418705415600833,0.022516263111049217
2026-06-26T11:00:00.000000000,0.2332496647951069,0.0153862666243651
2026-06-26T12:00:00.000000000,0.3834935304486103,0.1632078598760862
2026-06-26T13:00:00.000000000,7.74097415347784,0.5618303064472738
2026-06-26T14:00:00.000000000,3.8288188967369585,0.4452747390082983
2026-06-26T15:00:00.000000000,2.7834925386841958,0.12647499875144616
2026-06-26T16:00:00.000000000,1.0917819260509507,0.061939134852112054
2026-06-26T17:00:00.000000000,0.9651067703415335,0.03530896943006703
2026-06-26T18:00:00.000000000,0.5776406076880753,0.07200214909036186
2026-06-26T19:00:00.000000000,2.724267464621123,0.15922770264483846
2026-06-26T20:00:00.000000000,0.8102378830121068,0.0707004318998726
2026-06-26T21:00:00.000000000,0.08113990974136571,0.018931548830609924
2026-06-26T22:00:00.000000000,0.07492022976876951,0.01006407132916535
2026-06-26T23:00:00.000000000,0.030522465993869034,0.019865221499060705
2026-06-27T00:00:00.000000000,0.02157812691925217,0.028300439789261687
2026-06-27T01:00:00.000000000,0.026435891912721176,0.01899920470830716
2026-06-27T02:00:00.000000000,0.06416248159725411,0.01286006108945027
2026-06-27T03:00:00.000000000,0.1099468845608944,0.03565054376757442
2026-06-27T04:00:00.000000000,0.023416608085383258,0.01866137971330538
2026-06-27T05:00:00.000000000,0.0,0.0
2026-06-27T06:00:00.000000000,0.03901639770248419,0.004428872053475575
2026-06-27T07:00:00.000000000,0.036470984088982104,0.012657332953151487
2026-06-27T08:00:00.000000000,0.07347837370182192,0.014208768998566408
2026-06-27T09:00:00.000000000,0.04147699710557484,0.008124818212194483
2026-06-27T10:00:00.000000000,0.03415466442337815,0.0032382769346128307
2026-06-27T11:00:00.000000000,0.02611197846123231,0.005375264341625973
2026-06-27T12:00:00.000000000,0.026714516575154345,0.0014106369944966333
2026-06-27T13:00:00.000000000,0.10847570817041356,0.01489719607228663
2026-06-27T14:00:00.000000000,0.03967090080815821,0.02068210838650646
2026-06-27T15:00:00.000000000,0.05328627326996546,0.0046070710672223595
2026-06-27T16:00:00.000000000,0.03801867788760858,0.004540578800979963
2026-06-27T17:00:00.000000000,0.05003308951378229,0.005678741206625628
2026-06-27T18:00:00.000000000,0.030886768285491223,0.01307568036979968
2026-06-27T19:00:00.000000000,0.019141234388065774,0.00742731765282552
2026-06-27T20:00:00.000000000,0.02053916378788168,0.0030197554530958077
2026-06-27T21:00:00.000000000,0.022257369778996394,0.004627349336030963
2026-06-27T22:00:00.000000000,0.08626322479772829,0.028493629127234476
2026-06-27T23:00:00.000000000,0.027064388123606516,0.013319565536143954
2026-06-28T00:00:00.000000000,0.04503970362228882,0.014434967737974478
2026-06-28T01:00:00.000000000,0.07274291496922712,0.02855138473448949
2026-06-28T02:00:00.000000000,0.03667862943968379,0.0035893530404799354
2026-06-28T03:00:00.000000000,0.020444932678547197,0.006278760239456114
2026-06-28T04:00:00.000000000,0.027074401032542578,0.005500444199260354
2026-06-28T05:00:00.000000000,0.030061970040011075,0.00865702413086285
2026-06-28T06:00:00.000000000,0.0194518061680786,0.0012568131907441922
2026-06-28T07:00:00.000000000,0.020270664431078705,0.0064487541028774055
2026-06-28T08:00:00.000000000,0.046362194336583874,0.015437521948422123
2026-06-28T09:00:00.000000000,0.01840200996423506,0.006009846687733186
2026-06-28T10:00:00.000000000,0.029694272481716737,0.004754724282532873
2026-06-28T11:00:00.000000000,0.014737472039893626,0.006560012464706314
2026-06-28T12:00:00.000000000,0.0379074161834746,0.006614513938936628
2026-06-28T13:00:00.000000000,0.039271812436482034,0.012438812385301375
2026-06-28T14:00:00.000000000,0.033085906366156534,0.012185754951803194
2026-06-28T15:00:00.000000000,0.026053623561411148,0.009326581774055204
2026-06-28T16:00:00.000000000,0.12854181877389292,0.15585353361239712
2026-06-28T17:00:00.000000000,0.0594189975031526,0.039799259965578204
2026-06-28T18:00:00.000000000,0.024942490637534134,0.015437219595911832
2026-06-28T19:00:00.000000000,0.04113181411373467,0.00982657550236779
2026-06-28T20:00:00.000000000,0.08923224151784168,0.02619471018107593
2026-06-28T21:00:00.000000000,0.04892762405300722,0.01667047697380872
2026-06-28T22:00:00.000000000,0.2916366319288976,0.10381952869925892
2026-06-28T23:00:00.000000000,0.09158650135930886,0.02843049329290721
2026-06-29T00:00:00.000000000,2.193179729564908,1.0590598794275985
2026-06-29T01:00:00.000000000,0.35858912469138954,0.10069622548005659
2026-06-29T02:00:00.000000000,0.13684857263865835,0.05810833448840626
2026-06-29T03:00:00.000000000,0.2954737652525153,0.275176757656242
2026-06-29T04:00:00.000000000,0.13678113051468352,0.043824750441789115
2026-06-29T05:00:00.000000000,0.3084216351505447,0.02340541304419075
2026-06-29T06:00:00.000000000,0.31593384775611005,0.06022464449025014
2026-06-29T07:00:00.000000000,0.14281635123398373,0.06017563383980676
2026-06-29T08:00:00.000000000,0.42010406134048395,0.47814159432147796
2026-06-29T09:00:00.000000000,0.24605562641520945,0.049681644694072664
2026-06-29T10:00:00.000000000,0.17879666057242077,0.04068092419470523
2026-06-29T11:00:00.000000000,0.21705643176226821,0.03067599001092757
2026-06-29T12:00:00.000000000,0.20658185756238212,0.044715859016790926
2026-06-29T13:00:00.000000000,5.527759145052,0.879099239246864
2026-06-29T14:00:00.000000000,5.344427223112656,0.6259663323337586
2026-06-29T15:00:00.000000000,2.491149225231231,0.25599352986279733
2026-06-29T16:00:00.000000000,1.0926966332713253,0.16047708074284137
2026-06-29T17:00:00.000000000,1.4221404326065505,0.25344051705803017
2026-06-29T18:00:00.000000000,0.5638150665770949,0.08976954928910637
2026-06-29T19:00:00.000000000,0.6444596982790467,0.16472056206480779
2026-06-29T20:00:00.000000000,0.1307888905659812,0.06734969459256604
2026-06-29T21:00:00.000000000,0.029470884177624383,0.007046429377630293
2026-06-29T22:00:00.000000000,0.1009455793957726,0.05844284795338463
2026-06-29T23:00:00.000000000,0.06824095647865083,0.2708978986599616
2026-06-30T00:00:00.000000000,0.3967856593928224,0.13818625621264755
2026-06-30T01:00:00.000000000,0.265185243728416,0.026059784195496413
2026-06-30T02:00:00.000000000,0.13364636314991785,0.039011196139051435
2026-06-30T03:00:00.000000000,0.1290394447423467,0.025172024455983093
2026-06-30T04:00:00.000000000,0.15817361309752834,0.07640395883891932
2026-06-30T05:00:00.000000000,0.17851811085770566,0.023819140738914186
2026-06-30T06:00:00.000000000,0.16326199401023472,0.04237812649258377
2026-06-30T07:00:00.000000000,0.17658306925847278,0.03472920283393665
2026-06-30T08:00:00.000000000,0.309917403244158,0.07800479983014307
2026-06-30T09:00:00.000000000,0.1624977789969704,0.02879608842652059
2026-06-30T10:00:00.000000000,0.10018838405495246,0.037255804862801646
2026-06-30T11:00:00.000000000,0.24102725822137186,0.09873682085573737
2026-06-30T12:00:00.000000000,0.24515379635664772,0.12459258289894148
2026-06-30T13:00:00.000000000,7.804220459898928,0.5839917378672325
2026-06-30T14:00:00.000000000,3.0280480425615304,0.2018514199641725
2026-06-30T15:00:00.000000000,1.4709833265952907,0.36133834694812195
2026-06-30T16:00:00.000000000,0.7874539652046619,0.39467715035630924
2026-06-30T17:00:00.000000000,0.5122093801546873,0.21628033111263034
2026-06-30T18:00:00.000000000,0.5589862591657441,0.27081639396039364
2026-06-30T19:00:00.000000000,0.8900821953576032,0.2968232375714222
2026-06-30T20:00:00.000000000,0.12879235212997098,0.10705023323929999
2026-06-30T21:00:00.000000000,0.022779155693950268,0.038655532427604083
2026-06-30T22:00:00.000000000,0.0415399533603847,0.028740656216560488
2026-06-30T23:00:00.000000000,0.03177830727405473,0.06323811927603046
2026-07-01T00:00:00.000000000,0.27429671585736226,0.2141645066910226
2026-07-01T01:00:00.000000000,0.1904411062139199,0.043183631446135344
2026-07-01T02:00:00.000000000,0.30045562040596335,0.06123338707904069
2026-07-01T03:00:00.000000000,0.07903719186802054,0.05114310778207474
2026-07-01T04:00:00.000000000,0.1105644525568253,0.05735667681002363
2026-07-01T05:00:00.000000000,0.050183396413568844,0.024559897007804702
2026-07-01T06:00:00.000000000,0.22099539497357903,0.02886917299942362
2026-07-01T07:00:00.000000000,0.1816643305267768,0.07561435602150668
2026-07-01T08:00:00.000000000,0.4031900483394246,0.07211406394255034
2026-07-01T09:00:00.000000000,0.24707606031014617,0.027266634550344906
2026-07-01T10:00:00.000000000,0.20221199889486374,0.022016356971557134
2026-07-01T11:00:00.000000000,0.09640324188798828,0.00914856531517403
2026-07-01T12:00:00.000000000,0.8496844627006899,0.1952922284198541
2026-07-01T13:00:00.000000000,4.122851589414292,1.1844956227766896
2026-07-01T14:00:00.000000000,3.518510798345103,0.9239660023399838
2026-07-01T15:00:00.000000000,1.8945942027319589,0.5835610540656461
2026-07-01T16:00:00.000000000,0.602684137660037,0.12604200574157343
2026-07-01T17:00:00.000000000,0.6903779040109692,0.11199684075748581
2026-07-01T18:00:00.000000000,0.6565937561727445,0.28858950634202407
2026-07-01T19:00:00.000000000,1.8776392529611279,0.12634352506916854
2026-07-01T20:00:00.000000000,0.43566977815826335,0.2044353517227733
2026-07-01T21:00:00.000000000,0.12480295942024554,0.08409130232656578
2026-07-01T22:00:00.000000000,0.15279761123154453,0.04766771235666421
2026-07-01T23:00:00.000000000,0.11223064254999712,0.20307439662584606
2026-07-02T00:00:00.000000000,0.5043354725292436,0.2693861696388463
2026-07-02T01:00:00.000000000,0.30677618623906955,0.08579748453113316
2026-07-02T02:00:00.000000000,0.1873196388991603,0.08225780944886879
2026-07-02T03:00:00.000000000,0.2549257231251101,0.058370068399712156
2026-07-02T04:00:00.000000000,0.28397585060989494,0.06042151956076277
2026-07-02T05:00:00.000000000,0.22727850403599886,0.07673668511361673
2026-07-02T06:00:00.000000000,0.8956885019134214,0.18355073150277867
2026-07-02T07:00:00.000000000,1.1347792232583012,0.2593318460124945
2026-07-02T08:00:00.000000000,0.8580259288887355,0.17081779177176024
2026-07-02T09:00:00.000000000,0.7396031234407016,0.08984582181469473
2026-07-02T10:00:00.000000000,0.4009794493854922,0.051299287308570925
2026-07-02T11:00:00.000000000,0.60670413011645,0.05326890301632984
2026-07-02T12:00:00.000000000,1.661378032467586,0.2771174866145591
2026-07-02T13:00:00.000000000,5.427579742315711,0.9894215632072879
2026-07-02T14:00:00.000000000,4.231012699740869,1.3303750596747541
2026-07-02T15:00:00.000000000,2.0372504811386873,1.3244071656672867
2026-07-02T16:00:00.000000000,1.8982647197880815,0.8149611130593623
2026-07-02T17:00:00.000000000,1.1159869294340055,0.4170316376222759
2026-07-02T18:00:00.000000000,1.3695269594506512,0.30263349367349307
2026-07-02T19:00:00.000000000,2.359802936995901,0.19035839872857377
2026-07-02T20:00:00.000000000,0.5553799143430209,0.16807666961526957
2026-07-02T21:00:00.000000000,0.06408290153594501,0.10094929083166372
2026-07-02T22:00:00.000000000,0.13581497986168917,0.054124185709206435
2026-07-02T23:00:00.000000000,0.08542237494921194,0.07200736630455666
2026-07-03T00:00:00.000000000,0.38051155673706116,0.17320551748360347
2026-07-03T01:00:00.000000000,0.30346007647884,0.1775050559736806
2026-07-03T02:00:00.000000000,0.15892574437700396,0.13248890718837023
2026-07-03T03:00:00.000000000,0.1813969317959741,0.0860142899435833
2026-07-03T04:00:00.000000000,0.17525968620666932,0.06189098954435855
2026-07-03T05:00:00.000000000,0.17083683764247914,0.10983452459866731
2026-07-03T06:00:00.000000000,0.1539340291131771,0.10554319205766281
2026-07-03T07:00:00.000000000,0.13874893944816893,0.03644665268884095
2026-07-03T08:00:00.000000000,0.1917052286947265,0.06808132474262847
2026-07-03T09:00:00.000000000,0.10163568415745484,0.030896634199811056
2026-07-03T10:00:00.000000000,0.11181305468772762,0.05332027190181894
2026-07-03T11:00:00.000000000,0.07711482381799649,0.03674811992739821
2026-07-03T12:00:00.000000000,0.1915935578952711,0.08298871519207288
2026-07-03T13:00:00.000000000,0.08079838330261331,0.08754600082413537
2026-07-03T14:00:00.000000000,0.1460230537820898,0.05644392222606176
2026-07-03T15:00:00.000000000,0.07234004322590211,0.024881789809184134
2026-07-03T16:00:00.000000000,0.0609715263044128,0.05775181812940725
2026-07-03T17:00:00.000000000,0.04672939078768736,0.012958176872354845
2026-07-03T18:00:00.000000000,0.0970611448239507,0.036321479008663886
2026-07-03T19:00:00.000000000,0.11866310657513628,0.022937162760682615
2026-07-03T20:00:00.000000000,0.18992842027523327,0.07580262987727564
2026-07-03T21:00:00.000000000,0.11278011827384557,0.016194415534104074
2026-07-03T22:00:00.000000000,0.04715821970568301,0.018161548064703964
2026-07-03T23:00:00.000000000,0.0382614953639578,0.01638174750831193
2026-07-04T00:00:00.000000000,0.11666938685859654,0.01517534295002875
2026-07-04T01:00:00.000000000,0.07698443708824473,0.01758366723209403
2026-07-04T02:00:00.000000000,0.056851312957399314,0.011262086519533658
2026-07-04T03:00:00.000000000,0.049332083374004125,0.009077380574257604
2026-07-04T04:00:00.000000000,0.008258768782884047,0.003601739137276003
2026-07-04T05:00:00.000000000,0.08615133068848978,0.007094371667791878
2026-07-04T06:00:00.000000000,0.030948136250529043,0.0033966941095477867
2026-07-04T07:00:00.000000000,0.04666431778652845,0.030215487707950052
2026-07-04T08:00:00.000000000,0.20862494977018903,0.027478756498197882
2026-07-04T09:00:00.000000000,0.0485853765763393,0.01482930742696111
2026-07-04T10:00:00.000000000,0.04531488608147256,0.0031840086420251933
2026-07-04T11:00:00.000000000,0.04093928587202183,0.008512321804619628
2026-07-04T12:00:00.000000000,0.05736344828576013,0.00970525583698017
2026-07-04T13:00:00.000000000,0.1893441972977274,0.05903963874659318
2026-07-04T14:00:00.000000000,0.02352036794554886,0.005250923507275113
2026-07-04T15:00:00.000000000,0.11656020346395453,0.010342598500365239
2026-07-04T16:00:00.000000000,0.06954832482397914,0.008789926432089935
2026-07-04T17:00:00.000000000,0.03680686731913682,0.006338243861977028
2026-07-04T18:00:00.000000000,0.04133187092267904,0.0032544880794974705
2026-07-04T19:00:00.000000000,0.05890069259864159,0.009754094069599418
2026-07-04T20:00:00.000000000,0.04549544116528212,0.0023864563900899693
2026-07-04T21:00:00.000000000,0.061260213953242666,0.014786487682661234
2026-07-04T22:00:00.000000000,0.02919029899000193,0.015251819886599549
2026-07-04T23:00:00.000000000,0.07514157200786,0.007207678870896764
2026-07-05T00:00:00.000000000,0.05404699625414945,0.014525804869279863
2026-07-05T01:00:00.000000000,0.1106229587417969,0.013262821249498824
2026-07-05T02:00:00.000000000,0.06937085422924134,0.004549295506159306
2026-07-05T03:00:00.000000000,0.02945995438000034,0.006228197130571478
2026-07-05T04:00:00.000000000,0.04357414962201198,0.001766959436001195
2026-07-05T05:00:00.000000000,0.04407175673760684,0.0028861870589727864
2026-07-05T06:00:00.000000000,0.02717259382146438,0.001308152798153311
2026-07-05T07:00:00.000000000,0.05738604007541361,0.006145517991962723
2026-07-05T08:00:00.000000000,0.20564759777578953,0.017234893923028308
2026-07-05T09:00:00.000000000,0.16801990819291165,0.08557611364325668
2026-07-05T10:00:00.000000000,0.0847664569811408,0.010305567677998617
2026-07-05T11:00:00.000000000,0.04475964707462525,0.003695317159672732
2026-07-05T12:00:00.000000000,0.013501791425414836,0.019641038584041898
2026-07-05T13:00:00.000000000,0.05053503449292429,0.03689198220222897
2026-07-05T14:00:00.000000000,0.0740300263796328,0.016568527416093336
2026-07-05T15:00:00.000000000,0.03484482975811688,0.0072230164786111035
2026-07-05T16:00:00.000000000,0.04444679202007398,0.037234741753862315
2026-07-05T17:00:00.000000000,0.05053382800599874,0.016719941493959466
2026-07-05T18:00:00.000000000,0.042341355961525315,0.010645774780151036
2026-07-05T19:00:00.000000000,0.02807606791501183,0.013739635920343048
2026-07-05T20:00:00.000000000,0.053895252443736455,0.009219912789905946
2026-07-05T21:00:00.000000000,0.14135235543215416,0.004512917147544469
2026-07-05T22:00:00.000000000,0.315695107741728,0.056094743203562385
2026-07-05T23:00:00.000000000,0.37688193039834017,0.1525843020906025
2026-07-06T00:00:00.000000000,1.8653724206924116,0.4262803658148872
2026-07-06T01:00:00.000000000,0.6141192488650777,0.1279979823771601
2026-07-06T02:00:00.000000000,0.7913512413757611,0.0983907339397999
2026-07-06T03:00:00.000000000,0.4333071654916187,0.0944962090974782
2026-07-06T04:00:00.000000000,0.19214709877299785,0.04610286680113182
2026-07-06T05:00:00.000000000,0.15825090169845146,0.05774884260075639
2026-07-06T06:00:00.000000000,0.09111071924528354,0.06888823321368048
2026-07-06T07:00:00.000000000,0.09293825031442055,0.022056578399354706
2026-07-06T08:00:00.000000000,0.44470762212477216,0.10483979333866898
2026-07-06T09:00:00.000000000,0.35190040193823474,0.08927117376082529
2026-07-06T10:00:00.000000000,0.15349229957125526,0.03562635842327492
2026-07-06T11:00:00.000000000,1.0387977221318772,0.14121202396376512
2026-07-06T12:00:00.000000000,0.45422640792420854,0.15807223526687714
2026-07-06T13:00:00.000000000,8.783953108607292,1.7865285702202611
2026-07-06T14:00:00.000000000,3.0783051080634403,0.6216530427043675
2026-07-06T15:00:00.000000000,1.818459454480676,0.6333955216656421
2026-07-06T16:00:00.000000000,0.5992548071850923,0.42625850187798975
2026-07-06T17:00:00.000000000,0.9032436022240544,0.3425746796451932
2026-07-06T18:00:00.000000000,0.655727769115327,0.09395851556287173
2026-07-06T19:00:00.000000000,0.811424514248961,0.2945370432093648
2026-07-06T20:00:00.000000000,0.1216330881103046,0.10495601289790907
2026-07-06T21:00:00.000000000,0.052627806120344324,0.078779441558473
2026-07-06T22:00:00.000000000,0.11597102284028644,0.03919316066457422
2026-07-06T23:00:00.000000000,0.11184015494777397,0.21770273783892977
2026-07-07T00:00:00.000000000,0.49391525664250574,0.11010374448405333
2026-07-07T01:00:00.000000000,0.6358693344344173,0.0872053112624126
2026-07-07T02:00:00.000000000,0.19450130222635348,0.044366969482305764
2026-07-07T03:00:00.000000000,0.43073152460576997,0.06480419337696477
2026-07-07T04:00:00.000000000,0.22992498311441617,0.13732148007907635
2026-07-07T05:00:00.000000000,0.6555259957318805,0.2044192501042534
2026-07-07T06:00:00.000000000,0.28451375203167817,0.060710600950821536
2026-07-07T07:00:00.000000000,0.1900211139340295,0.058766064737956474
2026-07-07T08:00:00.000000000,0.7438432187331717,0.10672659617943801
2026-07-07T09:00:00.000000000,0.5662473096909932,0.09276111042520116
2026-07-07T10:00:00.000000000,0.45732242798815165,0.05348292750615551
2026-07-07T11:00:00.000000000,0.6707042152445692,0.07857177867425061
2026-07-07T12:00:00.000000000,0.6660708360141037,0.11302720859097623
2026-07-07T13:00:00.000000000,5.627476156694419,0.568334133255485
2026-07-07T14:00:00.000000000,3.3515556169276177,0.3051180010308652
2026-07-07T15:00:00.000000000,1.6106498335415487,0.18460650586842015
2026-07-07T16:00:00.000000000,2.0986070246875577,0.6568849578966085
2026-07-07T17:00:00.000000000,0.8236894065648357,0.04772931319557017
2026-07-07T18:00:00.000000000,0.9599133576429512,0.20387203342357238
2026-07-07T19:00:00.000000000,2.5311464604724914,0.3195534983286864
2026-07-07T20:00:00.000000000,1.1505537250450133,0.07140753838328663
2026-07-07T21:00:00.000000000,0.25668730743010953,0.17694762759515445
2026-07-07T22:00:00.000000000,0.25326620417604606,0.10838627585868868
2026-07-07T23:00:00.000000000,0.24747065800029838,0.0756549143735874
2026-07-08T00:00:00.000000000,1.3240297990435288,0.18431490260599986
2026-07-08T01:00:00.000000000,0.8034650125514109,0.06942006818061662
2026-07-08T02:00:00.000000000,0.3163923908897089,0.0469433084442273
2026-07-08T03:00:00.000000000,0.15508425302421971,0.025562210724104955
2026-07-08T04:00:00.000000000,0.5054256444984022,0.039147845613292064
2026-07-08T05:00:00.000000000,0.3981629359239742,0.05274788249666118
2026-07-08T06:00:00.000000000,0.20824238247038274,0.07006230734382272
2026-07-08T07:00:00.000000000,0.21271294384919148,0.03511448854861749
2026-07-08T08:00:00.000000000,2.327579470491998,0.14428685368133923
2026-07-08T09:00:00.000000000,0.8871705051707127,0.0984003656113044
2026-07-08T10:00:00.000000000,0.4830768431177119,0.05335045178432203
2026-07-08T11:00:00.000000000,1.0039757290320457,0.10307272741278593
2026-07-08T12:00:00.000000000,0.8400405371013483,0.12097425050845437
2026-07-08T13:00:00.000000000,8.643872489831013,0.55930192357991
2026-07-08T14:00:00.000000000,3.4677303598124634,0.41725656221821045
2026-07-08T15:00:00.000000000,1.8973387440052334,0.14271568821195638
2026-07-08T16:00:00.000000000,1.0350572693142288,0.09205049422401798
2026-07-08T17:00:00.000000000,0.934916150211943,0.12694428193709256
2026-07-08T18:00:00.000000000,0.5883654582285145,0.16410358517158682
2026-07-08T19:00:00.000000000,0.749722445480452,0.27231075205307903
2026-07-08T20:00:00.000000000,0.2333965388484748,0.056631964098346615
2026-07-08T21:00:00.000000000,0.06180374694552353,0.10275045602204677
2026-07-08T22:00:00.000000000,0.044905632615071994,0.10285050211941181
2026-07-08T23:00:00.000000000,0.2104416234380057,0.027745830914110665
2026-07-09T00:00:00.000000000,0.27867756593313703,0.12477141335095829
2026-07-09T01:00:00.000000000,0.39520179348398465,0.04637301967357673
2026-07-09T02:00:00.000000000,0.36412538853294946,0.0611258922698468
2026-07-09T03:00:00.000000000,0.3803415917276558,0.04494158669775614
2026-07-09T04:00:00.000000000,0.15934440340941133,0.04498191559029251
2026-07-09T05:00:00.000000000,0.2536506755908458,0.045825697609722736
2026-07-09T06:00:00.000000000,0.2907529035652008,0.057520326963017405
2026-07-09T07:00:00.000000000,0.3096933083102201,0.07744639974840167
2026-07-09T08:00:00.000000000,0.5550407393574236,0.16163172154361327
2026-07-09T09:00:00.000000000,0.33736866551383415,0.029245430802814488
2026-07-09T10:00:00.000000000,0.3148973305052949,0.012941205668687105
2026-07-09T11:00:00.000000000,0.35052825592555564,0.13592875260487863
2026-07-09T12:00:00.000000000,0.8459997831738516,0.10957996591376268
2026-07-09T13:00:00.000000000,4.640099948959292,0.46413771030294926
2026-07-09T14:00:00.000000000,2.792476232915505,0.472145883183971
2026-07-09T15:00:00.000000000,0.5855004791660631,0.17279581682331707
2026-07-09T16:00:00.000000000,0.743029689789155,0.02471583320769955
2026-07-09T17:00:00.000000000,0.5547223962301677,0.13832083086209282
2026-07-09T18:00:00.000000000,0.4772876986645293,0.05178850970369477
2026-07-09T19:00:00.000000000,1.6268323356210026,0.06854667969673389
2026-07-09T20:00:00.000000000,0.10258870761793411,0.03487173920457924
2026-07-09T21:00:00.000000000,0.027824371113628083,0.02836049217110159
2026-07-09T22:00:00.000000000,0.04531799432293708,0.04410858045980956
2026-07-09T23:00:00.000000000,0.05171143484333415,0.01220174487539067
2026-07-10T00:00:00.000000000,0.7315952830376778,0.1333188712479206
2026-07-10T01:00:00.000000000,0.39978194775804193,0.06418368654093982
2026-07-10T02:00:00.000000000,0.24676895099635032,0.10459352263757653
2026-07-10T03:00:00.000000000,0.14529457536048,0.03317136029548198
2026-07-10T04:00:00.000000000,0.20732727460748945,0.023554792697786143
2026-07-10T05:00:00.000000000,0.23064537499862456,0.03391380900099532
2026-07-10T06:00:00.000000000,0.2872344589683307,0.09113138271739672
2026-07-10T07:00:00.000000000,0.32051720882712476,0.08270849437629352
2026-07-10T08:00:00.000000000,0.5695189221491235,0.1643715887536176
2026-07-10T09:00:00.000000000,0.5970827350160252,0.08222842284724667
2026-07-10T10:00:00.000000000,0.19818810757019986,0.026334761312529594
2026-07-10T11:00:00.000000000,0.5360076300893415,0.08639603230996398
2026-07-10T12:00:00.000000000,1.3029412070714863,0.06907533980739848
2026-07-10T13:00:00.000000000,6.281758604132201,0.3746927470505365
2026-07-10T14:00:00.000000000,2.6628277496282666,0.29553309772693226
2026-07-10T15:00:00.000000000,1.3933926928823694,0.07892764072173405
2026-07-10T16:00:00.000000000,0.5022181356299011,0.054895059125048946
2026-07-10T17:00:00.000000000,0.4213178714122524,0.22867127682332586
2026-07-10T18:00:00.000000000,0.21448743438901666,0.10890638946840268
2026-07-10T19:00:00.000000000,0.5562069493408053,0.07120228213250449
2026-07-10T20:00:00.000000000,0.06009364150526248,0.016293699434366135
2026-07-10T21:00:00.000000000,0.03163085590928545,0.07656986345165906
2026-07-10T22:00:00.000000000,0.017943591052040464,0.0073646023649518895
2026-07-10T23:00:00.000000000,0.04522067159873021,0.07023701306960242
2026-07-11T00:00:00.000000000,0.13825218005302975,0.028500726340366093
2026-07-11T01:00:00.000000000,0.05323293186217773,0.007773954406031207
2026-07-11T02:00:00.000000000,0.016251884020241712,0.005322178806418084
2026-07-11T03:00:00.000000000,0.08981181802362398,0.01630256531700955
2026-07-11T04:00:00.000000000,0.1799544331043048,0.024327505423071234
2026-07-11T05:00:00.000000000,0.05623870189806829,0.015138193951798298
2026-07-11T06:00:00.000000000,0.035524155890003566,0.01689054513477093
2026-07-11T07:00:00.000000000,0.09065719856728063,0.025402159427583112
2026-07-11T08:00:00.000000000,0.0897609883180808,0.007023477962431148
2026-07-11T09:00:00.000000000,0.08392170278100314,0.01935037380209543
2026-07-11T10:00:00.000000000,0.04478235595630107,0.029050294170419044
2026-07-11T11:00:00.000000000,0.2307038640926272,0.01670122083811869
2026-07-11T12:00:00.000000000,0.12314148248687935,0.018645809735977143
2026-07-11T13:00:00.000000000,0.11658537589912767,0.009912934885251034
2026-07-11T14:00:00.000000000,0.06454176150790952,0.010386487949412344
2026-07-11T15:00:00.000000000,0.09558109611276432,0.03166477332894225
2026-07-11T16:00:00.000000000,0.07904904587627821,0.03275671719422342
2026-07-11T17:00:00.000000000,0.03855018899427314,0.006422174845485935
2026-07-11T18:00:00.000000000,0.037447651163632446,0.005444912594929795
2026-07-11T19:00:00.000000000,0.04133065699750708,0.007705804749494991
2026-07-11T20:00:00.000000000,0.030078304928560975,0.004060036153723439
2026-07-11T21:00:00.000000000,0.0964943860727258,0.016965870858588757
2026-07-11T22:00:00.000000000,0.1030071303296024,0.03269876408506225
2026-07-11T23:00:00.000000000,0.2895545130469516,0.07374940888152436
2026-07-12T00:00:00.000000000,0.07249348838981995,0.008371791472475496
2026-07-12T01:00:00.000000000,0.06245365532541998,0.005905474037611214
2026-07-12T02:00:00.000000000,0.13507472851158642,0.007014111813834977
2026-07-12T03:00:00.000000000,0.01726498446935088,0.0029881265711214694
2026-07-12T04:00:00.000000000,0.039919353195316754,0.0012319030083051232
2026-07-12T05:00:00.000000000,0.04998510628791136,0.0017902540400034335
2026-07-12T06:00:00.000000000,0.07596490087627555,0.0118034874246454
2026-07-12T07:00:00.000000000,0.022054135607462954,0.0056464477030811824
2026-07-12T08:00:00.000000000,0.0841879712048344,0.01014602640927351
2026-07-12T09:00:00.000000000,0.03294988113830594,0.010831728336779704
2026-07-12T10:00:00.000000000,0.028603030004804054,0.0016578363984559293
2026-07-12T11:00:00.000000000,0.057796086290333115,0.01144766547707348
2026-07-12T12:00:00.000000000,0.01900056477015455,0.004440907765294438
2026-07-12T13:00:00.000000000,0.08891299406361577,0.01353522196853192
2026-07-12T14:00:00.000000000,0.048887693398206845,0.010626781431396832
2026-07-12T15:00:00.000000000,0.21609809983904685,0.028659240329965297
2026-07-12T16:00:00.000000000,0.07358629248627403,0.025579080928693394
2026-07-12T17:00:00.000000000,0.021143468999527196,0.003653222844904441
2026-07-12T18:00:00.000000000,0.020865115321070125,0.0035730234047333027
2026-07-12T19:00:00.000000000,0.015382776699481638,0.006920415206175264
2026-07-12T20:00:00.000000000,0.030406461354966368,0.01682337565848512
2026-07-12T21:00:00.000000000,0.0464194970288595,0.021288479940456653
2026-07-12T22:00:00.000000000,0.15694920793664083,0.07445944950256717
2026-07-12T23:00:00.000000000,0.1172145278347521,0.051328406012990706
2026-07-13T00:00:00.000000000,1.0796518136002768,0.21810288260416782
2026-07-13T01:00:00.000000000,0.6194473509350413,0.2969278976050016
2026-07-13T02:00:00.000000000,0.5489786581967084,0.15374849467942348
2026-07-13T03:00:00.000000000,0.5545356742473178,0.08899577261300211
2026-07-13T04:00:00.000000000,0.497972599340476,0.17624786412728874
2026-07-13T05:00:00.000000000,0.6459150822534496,0.17092091142052412
2026-07-13T06:00:00.000000000,0.4457564992599984,0.06969338112633214
2026-07-13T07:00:00.000000000,0.2402249519116527,0.08503470427490055
2026-07-13T08:00:00.000000000,0.44180167062274983,0.07189315053100799
2026-07-13T09:00:00.000000000,0.21394612587909986,0.015865022748432673
2026-07-13T10:00:00.000000000,0.10086925518007839,0.021433720722516435
2026-07-13T11:00:00.000000000,0.47515225336061295,0.06405454512794188
2026-07-13T12:00:00.000000000,0.36373914157743525,0.06822151792132754
2026-07-13T13:00:00.000000000,4.976275473572197,0.5363598302336023
2026-07-13T14:00:00.000000000,3.046192153981767,0.31993438617481135
2026-07-13T15:00:00.000000000,1.1547106776162697,0.16957736537475127
2026-07-13T16:00:00.000000000,1.2611745696380847,0.09445671302312604
2026-07-13T17:00:00.000000000,0.8254562434178421,0.07761760495747902
2026-07-13T18:00:00.000000000,0.5233563133987159,0.0744630662001794
2026-07-13T19:00:00.000000000,1.2395222242729669,0.15513937223627325
2026-07-13T20:00:00.000000000,0.1812119307283197,0.08729045390333529
2026-07-13T21:00:00.000000000,0.04637935998204236,0.029031556360996403
2026-07-13T22:00:00.000000000,0.09872544128396137,0.014349576658882568
2026-07-13T23:00:00.000000000,0.1648643129327313,0.05015673081693166
2026-07-14T00:00:00.000000000,1.2527864450338018,0.3073103358266047
2026-07-14T01:00:00.000000000,0.5076207298995082,0.10883110799241923
2026-07-14T02:00:00.000000000,0.31019620696360495,0.12659307413279802
2026-07-14T03:00:00.000000000,0.340845652612993,0.12111668320815504
2026-07-14T04:00:00.000000000,0.30835937927780743,0.07372614023552403
2026-07-14T05:00:00.000000000,0.30096381608581196,0.23693500126178396
2026-07-14T06:00:00.000000000,0.09174221712150613,0.07722425858191498
2026-07-14T07:00:00.000000000,0.13517458148968006,0.0790243117513712
2026-07-14T08:00:00.000000000,0.7268217368738008,0.07123301596366803
2026-07-14T09:00:00.000000000,0.14113980626022038,0.07269505975496057
2026-07-14T10:00:00.000000000,0.10763356598887913,0.058221335906922016
2026-07-14T11:00:00.000000000,0.6991820282323818,0.19230228036568725
2026-07-14T12:00:00.000000000,2.4938872699338273,0.36132762842181837
2026-07-14T13:00:00.000000000,4.263089702905759,1.4182700642815096
2026-07-14T14:00:00.000000000,2.9586559273766024,0.7369829551786004
2026-07-14T15:00:00.000000000,1.308997953183971,0.2653191891050321
2026-07-14T16:00:00.000000000,0.6590567428790188,0.17693479953883726
2026-07-14T17:00:00.000000000,0.33468263529156767,0.12092806615342866
2026-07-14T18:00:00.000000000,0.41736912314537633,0.09888607876445256
2026-07-14T19:00:00.000000000,0.7794321509021115,0.1538756554849506
2026-07-14T20:00:00.000000000,0.07133917551335654,0.0659793483459923
2026-07-14T21:00:00.000000000,0.05865726413611336,0.05646026507398523
2026-07-14T22:00:00.000000000,0.08054645446594581,0.13824569483476706
2026-07-14T23:00:00.000000000,0.09143364033559774,0.057016517925508284
2026-07-15T00:00:00.000000000,0.40288396628215795,0.38078565424581473
2026-07-15T01:00:00.000000000,0.3521107833359768,0.1355816729233936
2026-07-15T02:00:00.000000000,0.12761543119710858,0.06546694929143987
2026-07-15T03:00:00.000000000,0.12257782770795352,0.046989233406063056
2026-07-15T04:00:00.000000000,0.10815768045517188,0.06614264172675677
2026-07-15T05:00:00.000000000,0.30689883445065896,0.19088151159060515
2026-07-15T06:00:00.000000000,0.13936400916317723,0.08715539759047496
2026-07-15T07:00:00.000000000,0.30351599258644385,0.1373605362942572
2026-07-15T08:00:00.000000000,0.48464545134444087,0.21025730391341502
2026-07-15T09:00:00.000000000,0.22261354250081733,0.06264629320233467
2026-07-15T10:00:00.000000000,0.1829733523030256,0.15197496719591086
2026-07-15T11:00:00.000000000,0.3692825969279267,0.029084977324078644
2026-07-15T12:00:00.000000000,0.3710671148634649,0.1014013430925008
2026-07-15T13:00:00.000000000,4.169877193109606,0.6311844419248618
2026-07-15T14:00:00.000000000,5.315156269854016,0.5106869164386124
2026-07-15T15:00:00.000000000,2.450467193008736,0.23880495947921646
2026-07-15T16:00:00.000000000,1.6120699341268587,0.20775516450010004
2026-07-15T17:00:00.000000000,1.0784716962984593,0.21923972714746728
2026-07-15T18:00:00.000000000,0.927201521898316,0.1561719196960067
2026-07-15T19:00:00.000000000,1.093853565457905,0.17868152584725006
2026-07-15T20:00:00.000000000,0.10679889601459017,0.07910257962712534
2026-07-15T21:00:00.000000000,0.03346300309915468,0.06129043560298789
2026-07-15T22:00:00.000000000,0.08641993163813956,0.038432000097284806
2026-07-15T23:00:00.000000000,0.08293509731116494,0.04705886419890734
2026-07-16T00:00:00.000000000,0.9389170437817209,0.10645261407725669
2026-07-16T01:00:00.000000000,0.6090374221322983,0.09291293740092699
2026-07-16T02:00:00.000000000,0.3358721534893448,0.07795295211285183
2026-07-16T03:00:00.000000000,0.17216364094358985,0.037514380737954746
2026-07-16T04:00:00.000000000,0.1768359002319135,0.049723262023439296
2026-07-16T05:00:00.000000000,0.48311526492134765,0.0776688352027102
2026-07-16T06:00:00.000000000,0.42175078269221405,0.02818777977924252
2026-07-16T07:00:00.000000000,0.5982592356704782,0.05918358724991193
2026-07-16T08:00:00.000000000,1.1737504737042015,0.12044911187170153
2026-07-16T09:00:00.000000000,0.34001684686461325,0.060437976453351125
2026-07-16T10:00:00.000000000,0.6309544913024102,0.10865612627069322
2026-07-16T11:00:00.000000000,1.2552194271972157,0.06910774669580953
2026-07-16T12:00:00.000000000,0.46167112398893556,0.05215884787696973
2026-07-16T13:00:00.000000000,6.060242563483957,0.531618338599386
2026-07-16T14:00:00.000000000,2.902799114991439,0.24222963119394905
2026-07-16T15:00:00.000000000,1.6043445578510245,0.1660385228060483
2026-07-16T16:00:00.000000000,1.2006683497183166,0.20287153871016925
2026-07-16T17:00:00.000000000,1.1438385448577528,0.1185257896905862
2026-07-16T18:00:00.000000000,0.8925471112331917,0.38926441525044647
2026-07-16T19:00:00.000000000,1.6941339207137733,0.3120279219490701
2026-07-16T20:00:00.000000000,0.251362319623154,0.1260781634065991
2026-07-16T21:00:00.000000000,0.0840534104743887,0.09489528644119385
2026-07-16T22:00:00.000000000,0.1790375141938574,0.14104714558070255
2026-07-16T23:00:00.000000000,0.4646166626080949,0.26572728946020335
2026-07-17T00:00:00.000000000,2.268285357078224,0.6282486689884715
2026-07-17T01:00:00.000000000,0.7298777140121825,0.24409841857416636
2026-07-17T02:00:00.000000000,0.8346159075374723,0.22757865999270085
2026-07-17T03:00:00.000000000,0.6373068430846971,0.11584367494258715
2026-07-17T04:00:00.000000000,1.225232286993377,0.24290441476004604
2026-07-17T05:00:00.000000000,1.2733137059760813,0.3466520062202132
2026-07-17T06:00:00.000000000,0.8071828390904506,0.1787149891021619
2026-07-17T07:00:00.000000000,0.45763365486527524,0.189582945561469
2026-07-17T08:00:00.000000000,1.6065192350689383,0.2422459066110946
2026-07-17T09:00:00.000000000,0.816865369501408,0.2538381758717859
2026-07-17T10:00:00.000000000,1.2197187419858706,0.2561403325090878
2026-07-17T11:00:00.000000000,0.7089127760735953,0.10670448992302019
2026-07-17T12:00:00.000000000,0.8615312653757791,0.28769086849774494
2026-07-17T13:00:00.000000000,7.848504393555766,1.489654244527413
2026-07-17T14:00:00.000000000,7.508011664651457,0.8861771686909863
2026-07-17T15:00:00.000000000,2.5323414998304976,0.4303420813828256
2026-07-17T16:00:00.000000000,1.8120132125175659,0.42924014429635826
2026-07-17T17:00:00.000000000,0.9605466717163172,0.2108179095571579
2026-07-17T18:00:00.000000000,0.9403104261246401,0.12149628874744438
2026-07-17T19:00:00.000000000,1.54903079476712,0.27843176168844364
2026-07-17T20:00:00.000000000,0.4561259460940779,0.07265177369170951
2026-07-17T21:00:00.000000000,0.05869470486686088,0.08020586452527072
2026-07-17T22:00:00.000000000,0.036420532023850594,0.0312784108949445
2026-07-17T23:00:00.000000000,0.04449329741304766,0.01706736106883575
2026-07-18T00:00:00.000000000,0.1541882000574705,0.035920817723556826
2026-07-18T01:00:00.000000000,0.1646414529018459,0.037035592378009886
2026-07-18T02:00:00.000000000,0.1059799165274004,0.0053940256536028205
2026-07-18T03:00:00.000000000,0.04314315775988688,0.001882991917653519
2026-07-18T04:00:00.000000000,0.03347933235763808,0.00703396503588569
2026-07-18T05:00:00.000000000,0.009381605335183287,0.006958243691340514
2026-07-18T06:00:00.000000000,0.025459769486442733,0.019114971650606744
2026-07-18T07:00:00.000000000,0.022165053046697244,0.009036674710251867
2026-07-18T08:00:00.000000000,0.03371284082947609,0.012732939642901078
2026-07-18T09:00:00.000000000,0.03248787431399684,0.013481864650128702
2026-07-18T10:00:00.000000000,0.01908723518435657,0.001827353937006576
2026-07-18T11:00:00.000000000,0.014346561123659701,0.009145500357140283
2026-07-18T12:00:00.000000000,0.02455723569259099,0.010152583294712879
2026-07-18T13:00:00.000000000,0.07862873648888868,0.01983438876721197
2026-07-18T14:00:00.000000000,0.07432753187439323,0.022923835242136092
2026-07-18T15:00:00.000000000,0.024808652511145297,0.008719210071151168
2026-07-18T16:00:00.000000000,0.029639538579183385,0.01207896137773379
2026-07-18T17:00:00.000000000,0.04075333275152559,0.00846952206893317
2026-07-18T18:00:00.000000000,0.05586117847305651,0.030569078311135357
2026-07-18T19:00:00.000000000,0.02002317241404016,0.0047646797951253934
2026-07-18T20:00:00.000000000,0.0,0.0
2026-07-18T21:00:00.000000000,0.004233909574612324,0.004104540766879622
2026-07-18T22:00:00.000000000,0.05177248218061371,0.033237879221186005
2026-07-18T23:00:00.000000000,0.004522449318622013,0.005694343148029601
2026-07-19T00:00:00.000000000,0.029052577020581172,0.01084712757368878
2026-07-19T01:00:00.000000000,0.016571881141330763,0.002085294609592491
2026-07-19T02:00:00.000000000,0.06082359570394138,0.04447600082311278
2026-07-19T03:00:00.000000000,0.030335080650828676,0.008815029423816106
2026-07-19T04:00:00.000000000,0.06443380116607761,0.006836719688610509
2026-07-19T05:00:00.000000000,0.060656168010361014,0.011179177330132786
2026-07-19T06:00:00.000000000,0.02112809919162427,0.001618431112914363
2026-07-19T07:00:00.000000000,0.018684844765438125,0.019976375829771596
2026-07-19T08:00:00.000000000,0.08109442202000185,0.019158489286418112
2026-07-19T09:00:00.000000000,0.09994648550178933,0.023844207616305804
2026-07-19T10:00:00.000000000,0.038005302378750286,0.01479338744110635
2026-07-19T11:00:00.000000000,0.057034798924755895,0.04127202761728135
2026-07-19T12:00:00.000000000,0.0538001642513298,0.019804373588111667
2026-07-19T13:00:00.000000000,0.03938372978423933,0.011888393985485836
2026-07-19T14:00:00.000000000,0.14331157071126727,0.026031586006301337
2026-07-19T15:00:00.000000000,0.025940300381384708,0.009755945415303176
2026-07-19T16:00:00.000000000,0.05125468892060435,0.032538721214378716
2026-07-19T17:00:00.000000000,0.062082919129522615,0.01684566872385513
2026-07-19T18:00:00.000000000,0.19899137395510624,0.05636407282836653
2026-07-19T19:00:00.000000000,0.2580994601257745,0.029854049760726288
2026-07-19T20:00:00.000000000,0.14111672151954607,0.005333335704115669
2026-07-19T21:00:00.000000000,0.08552921253649254,0.014440560600648876
2026-07-19T22:00:00.000000000,0.6465483045311805,0.04154712812207841
2026-07-19T23:00:00.000000000,0.717691885068026,0.11698441988992948
2026-07-20T00:00:00.000000000,2.920316533577363,0.2765066225566466
2026-07-20T01:00:00.000000000,0.9161655658625656,0.08721944019107676
2026-07-20T02:00:00.000000000,0.8573472269685617,0.20441542159383483
2026-07-20T03:00:00.000000000,0.6975064376461854,0.11751756345499846
2026-07-20T04:00:00.000000000,0.3994125373746751,0.10661961364949386
2026-07-20T05:00:00.000000000,0.39969600246537185,0.1075057386434035
2026-07-20T06:00:00.000000000,0.2867733987465476,0.05395374224435092
2026-07-20T07:00:00.000000000,0.3359880831332831,0.04974354829995215
2026-07-20T08:00:00.000000000,0.41492318036628684,0.07809070008076631
2026-07-20T09:00:00.000000000,0.47925274200214535,0.0680053674493252
2026-07-20T10:00:00.000000000,0.6484952014903859,0.13392784806673577
2026-07-20T11:00:00.000000000,0.659580331775521,0.09587989928440492
2026-07-20T12:00:00.000000000,0.4739880725979038,0.1263653261266102
2026-07-20T13:00:00.000000000,8.832619922523989,0.7888354842057773
2026-07-20T14:00:00.000000000,2.7831166396161806,1.3865113265349485
2026-07-20T15:00:00.000000000,1.5467710296884722,0.1895692886764391
2026-07-20T16:00:00.000000000,0.7756912958645992,0.11108655488393818
2026-07-20T17:00:00.000000000,0.6368169495709634,0.8562680130682672
2026-07-20T18:00:00.000000000,0.8054228294376901,0.16067515011565534
2026-07-20T19:00:00.000000000,1.3464893997798875,0.1811065129912361
2026-07-20T20:00:00.000000000,0.29288363758005126,0.03948650186383819
2026-07-20T21:00:00.000000000,0.020803335841704202,0.008240807685208518
2026-07-20T22:00:00.000000000,0.06312420166078826,0.028083064696573984
2026-07-20T23:00:00.000000000,0.12541313837516388,0.0523452994534085
2026-07-21T00:00:00.000000000,0.7621870066326216,0.08912852728488298
2026-07-21T01:00:00.000000000,0.23904541382709799,0.05499541949231356
2026-07-21T02:00:00.000000000,0.4054589952448306,0.05879438800722999
2026-07-21T03:00:00.000000000,0.4756567894821697,0.11954223803969588
2026-07-21T04:00:00.000000000,0.1968095512916958,0.07830172995261235
2026-07-21T05:00:00.000000000,0.3035716294746163,0.05134922693095834
2026-07-21T06:00:00.000000000,0.19373044023292862,0.06142734230793451
2026-07-21T07:00:00.000000000,0.0829501720983948,0.028797632166354545
2026-07-21T08:00:00.000000000,0.4661167085279577,0.0522112508688664
2026-07-21T09:00:00.000000000,0.09815604706870952,0.02618352235711892
2026-07-21T10:00:00.000000000,0.14148161234088769,0.03775816538649548
2026-07-21T11:00:00.000000000,0.3073755247774341,0.026667323070909323
2026-07-21T12:00:00.000000000,0.26345019120901636,0.030336912366457542
2026-07-21T13:00:00.000000000,2.315429763992747,0.44095858622634776
2026-07-21T14:00:00.000000000,1.7717848651910488,0.3076469103191237
2026-07-21T15:00:00.000000000,0.9302252475116681,0.2815039589684068
2026-07-21T16:00:00.000000000,0.4585400166233181,0.1829237941400868
2026-07-21T17:00:00.000000000,0.2925389682479153,0.11940769661658314
2026-07-21T18:00:00.000000000,0.396083517273011,0.0863547510533986
2026-07-21T19:00:00.000000000,0.5264343946930078,0.8366515718921986
2026-07-21T20:00:00.000000000,0.14353236949471843,0.058642985920774986
2026-07-21T21:00:00.000000000,0.07801621041168205,0.06252775058585966
2026-07-21T22:00:00.000000000,0.0329307779493982,0.06536668817018786
2026-07-21T23:00:00.000000000,0.04493767840822779,0.07338607763900633
2026-07-22T00:00:00.000000000,0.41885011312092546,0.09920734387667753
2026-07-22T01:00:00.000000000,0.42027319158166204,0.09745503148388003
2026-07-22T02:00:00.000000000,0.2571072010709094,0.0789935358433743
2026-07-22T03:00:00.000000000,0.4298766796010682,0.06464561692894816
2026-07-22T04:00:00.000000000,0.3589682205837755,0.056241317110325734
2026-07-22T05:00:00.000000000,0.22607345118442523,0.08157600751128281
2026-07-22T06:00:00.000000000,0.29023660770620235,0.055703527412130915
2026-07-22T07:00:00.000000000,0.241210643025764,0.06886274601002484
2026-07-22T08:00:00.000000000,0.46028422169395733,0.22150453575595072
2026-07-22T09:00:00.000000000,0.22898556471896186,0.05402112730603849
2026-07-22T10:00:00.000000000,0.20534256485089183,0.07080352782096563
2026-07-22T11:00:00.000000000,0.39827063490448605,0.18070315277348784
2026-07-22T12:00:00.000000000,8.279661365381433,1.1748872454347974
2026-07-22T13:00:00.000000000,7.011727414840642,0.8117729606991145
2026-07-22T14:00:00.000000000,2.337666195442433,1.5785233389501743
2026-07-22T15:00:00.000000000,0.6097750367562892,0.4953710883328685
2026-07-22T16:00:00.000000000,0.46158728105927155,0.6661056840375251
2026-07-22T17:00:00.000000000,0.2684290331136012,0.07926196392920877
2026-07-22T18:00:00.000000000,0.3616207179455084,1.1050233738520723
2026-07-22T19:00:00.000000000,1.2915411643702106,0.22174349612970481
2026-07-22T20:00:00.000000000,0.43811850164848953,0.08183922378082804
2026-07-22T21:00:00.000000000,0.2784612702654643,0.19413462495094216
2026-07-22T22:00:00.000000000,0.13829215158742283,0.23198955708198912
2026-07-22T23:00:00.000000000,0.15662459690969036,0.1346601221445377
2026-07-23T00:00:00.000000000,0.454327483980511,0.17400478291282614
2026-07-23T01:00:00.000000000,0.9574217750452556,0.1736801737028576
2026-07-23T02:00:00.000000000,0.7479747117520282,0.13500737650072492
2026-07-23T03:00:00.000000000,0.6113712674312977,0.13010566764476272
2026-07-23T04:00:00.000000000,0.32908810882018585,0.08574515937593173
2026-07-23T05:00:00.000000000,0.2484907298001624,0.07061606031926851
2026-07-23T06:00:00.000000000,0.18114160857933043,0.04104678804713226
2026-07-23T07:00:00.000000000,0.46830667857180525,0.17646045889498355
2026-07-23T08:00:00.000000000,0.5623019176310323,0.23110725873418042
2026-07-23T09:00:00.000000000,0.24737242891624237,0.15650314517781866
2026-07-23T10:00:00.000000000,0.1491296723120983,0.11957066210445376
2026-07-23T11:00:00.000000000,0.7266486240981265,0.27483313353772143
2026-07-23T12:00:00.000000000,0.7400514426645168,0.41621134106847557
2026-07-23T13:00:00.000000000,4.652821629640033,1.2658667023480443
2026-07-23T14:00:00.000000000,2.781432908959004,1.0112047478493558
2026-07-23T15:00:00.000000000,0.9677874532501524,0.6312312584757392
2026-07-23T16:00:00.000000000,5.9567030293430365,1.3448850670029557
2026-07-23T17:00:00.000000000,2.276023515916072,1.9136312201204901
2026-07-23T18:00:00.000000000,1.0529819381069492,0.1611170201059206
2026-07-23T19:00:00.000000000,1.3026270693825295,0.4259461824571853
2026-07-23T20:00:00.000000000,3.132364238971172,0.5135874351388809
2026-07-23T21:00:00.000000000,0.5476135655523445,0.13137575274062163
2026-07-23T22:00:00.000000000,0.6427024499299177,0.09443804583635897
2026-07-23T23:00:00.000000000,0.2972434396151705,0.03304273486922657
2026-07-24T00:00:00.000000000,0.7960017077308782,0.06436143755039435
2026-07-24T01:00:00.000000000,0.4246837604285284,0.05345781529256953
2026-07-24T02:00:00.000000000,0.15503939712326226,0.3010744857741909
2026-07-24T03:00:00.000000000,0.0662061947549266,0.3268697885747425
2026-07-24T04:00:00.000000000,0.18906634539126965,0.24640314012080217
2026-07-24T05:00:00.000000000,0.16474579720945837,0.16841574537363124
2026-07-24T06:00:00.000000000,0.09624424197000733,0.2201233581473703
2026-07-24T07:00:00.000000000,0.3599337266932168,0.17424812044767518
2026-07-24T08:00:00.000000000,0.4625446697958287,0.3669952455572881
2026-07-24T09:00:00.000000000,0.29437539096191356,0.056799907897262567
2026-07-24T10:00:00.000000000,0.5255192810608336,0.09756643622450417
2026-07-24T11:00:00.000000000,0.3660506222259497,0.0655159161307849
2026-07-24T12:00:00.000000000,0.4795128385052346,0.10086787441716077
2026-07-24T13:00:00.000000000,8.526614495223246,0.8189334078703949
2026-07-24T14:00:00.000000000,5.5624158481548465,0.5944667047579427
2026-07-24T15:00:00.000000000,3.085561746273845,0.8320481121531874
2026-07-24T16:00:00.000000000,1.1831119256587574,0.9700510282853111
2026-07-24T17:00:00.000000000,0.7128594769725031,1.1236577449931981
2026-07-24T18:00:00.000000000,0.7478793023773369,0.18307703397347203
2026-07-24T19:00:00.000000000,1.6553207929020615,0.29477448808486495
2026-07-24T20:00:00.000000000,0.0804229025787931,0.03803376432554157
2026-07-24T21:00:00.000000000,0.02351667520265071,0.04708160748835365
2026-07-24T22:00:00.000000000,0.0598524944305142,0.05873354383256132
2026-07-24T23:00:00.000000000,0.04266333935775945,0.0857745700320977
2026-07-25T00:00:00.000000000,0.14246293824692216,0.014570927213147008
2026-07-25T01:00:00.000000000,0.05797322638326221,0.005590133176037321
2026-07-25T02:00:00.000000000,0.1367216381313127,0.026622769839228393
2026-07-25T03:00:00.000000000,0.08278055864345546,0.0017465797818847421
2026-07-25T04:00:00.000000000,0.04660786925642181,0.004492091696359852
2026-07-25T05:00:00.000000000,0.08267802594891346,0.010068769032692857
2026-07-25T06:00:00.000000000,0.015944022607373026,0.0032193207505387994
2026-07-25T07:00:00.000000000,0.020993573153313287,0.0073526186962661055
2026-07-25T08:00:00.000000000,0.01706269150405758,0.0035939207587775378
2026-07-25T09:00:00.000000000,0.01883315339373808,0.007388686441531923
2026-07-25T10:00:00.000000000,0.003596769656434372,0.0038546017523600016
2026-07-25T11:00:00.000000000,0.01756969141196077,0.0009571808466172858
2026-07-25T12:00:00.000000000,0.014622894365734414,0.004024221960142537
2026-07-25T13:00:00.000000000,0.017350477112985388,0.005522090967980163
2026-07-25T14:00:00.000000000,0.014514627074485309,0.01071976132005231
2026-07-25T15:00:00.000000000,0.026556388092471343,0.00724814573754727
2026-07-25T16:00:00.000000000,0.020787910413169783,0.005704324003070991
2026-07-25T17:00:00.000000000,0.03130323274782659,0.015741074685114508
2026-07-25T18:00:00.000000000,0.03277647772858532,0.006839795433954741
2026-07-25T19:00:00.000000000,0.00571279136673367,0.0049612024382311255
2026-07-25T20:00:00.000000000,0.006171074577751103,0.004707736881097003
2026-07-25T21:00:00.000000000,0.024002030812519847,0.003709155507451502
2026-07-25T22:00:00.000000000,0.010941009258200138,0.004369023661401935
2026-07-25T23:00:00.000000000,0.012356058507456443,0.005078601931548676
2026-07-26T00:00:00.000000000,0.01767680353758054,0.0055937350761567145
2026-07-26T01:00:00.000000000,0.08440499438823469,0.016521231162803376
2026-07-26T02:00:00.000000000,0.03384712079220729,0.004742020956648823
2026-07-26T03:00:00.000000000,0.038690712827623465,0.005561616101881124
2026-07-26T04:00:00.000000000,0.030498420022139275,0.008188355821427431
2026-07-26T05:00:00.000000000,0.024150052144357788,0.0023826605514186312
2026-07-26T06:00:00.000000000,0.012400889227987643,0.005677847162618172
2026-07-26T07:00:00.000000000,0.013351310940960473,0.006800375083248097
2026-07-26T08:00:00.000000000,0.010093875818902582,0.005917912014860598
2026-07-26T09:00:00.000000000,0.022238693050653176,0.005385767435821983
2026-07-26T10:00:00.000000000,0.1302366953582997,0.032084492721254514
2026-07-26T11:00:00.000000000,0.08192322752942989,0.024777639914711484
2026-07-26T12:00:00.000000000,0.14365728474503864,0.023732861642256995
2026-07-26T13:00:00.000000000,0.039184517194934085,0.013747040984287088
2026-07-26T14:00:00.000000000,0.0435767792428808,0.015971382521374027
2026-07-26T15:00:00.000000000,0.023632914303578303,0.009054202074841654
2026-07-26T16:00:00.000000000,0.042317122506722156,0.013417566296741457
2026-07-26T17:00:00.000000000,0.019647650075942186,0.00479259965682143
2026-07-26T18:00:00.000000000,0.005413499887162309,0.004315217342117707
2026-07-26T19:00:00.000000000,0.03534560060118433,0.010462380816954562
2026-07-26T20:00:00.000000000,0.03784019319308676,0.009025798406507357
2026-07-26T21:00:00.000000000,0.05624891636649435,0.009426678614402273
2026-07-26T22:00:00.000000000,0.423719258212652,0.14255687885268373
2026-07-26T23:00:00.000000000,0.26804826849282587,0.07517212537566423
2026-07-27T00:00:00.000000000,3.797298144819943,0.40528131514107696
2026-07-27T01:00:00.000000000,0.7300828733455018,0.14542033429995946
2026-07-27T02:00:00.000000000,0.4369790678226364,0.058339497564440686
2026-07-27T03:00:00.000000000,0.22443322793563564,0.020191180990933123
2026-07-27T04:00:00.000000000,0.16015973202941994,0.029389736285329263
2026-07-27T05:00:00.000000000,0.1687652003848378,0.029039873271659904
2026-07-27T06:00:00.000000000,0.0908071722863551,0.025296698872743387
2026-07-27T07:00:00.000000000,0.1893949889135054,0.03319966987100442
2026-07-27T08:00:00.000000000,0.34989634584204365,0.1503038969982279
2026-07-27T09:00:00.000000000,0.10677552914787403,0.04675627277956301
2026-07-27T10:00:00.000000000,0.17009611860711904,0.13975680828190654
2026-07-27T11:00:00.000000000,0.4724586275971147,0.10452149718331809
2026-07-27T12:00:00.000000000,0.3288107939255769,0.0687730376901531
2026-07-27T13:00:00.000000000,5.4941841332792665,0.6972311345811459
2026-07-27T14:00:00.000000000,5.177905045885935,0.9303071756131093
2026-07-27T15:00:00.000000000,2.366495485329728,0.7529169871497534
2026-07-27T16:00:00.000000000,1.789846056541966,0.3932803115979764
2026-07-27T17:00:00.000000000,0.9231349965554889,0.29144898709727535
2026-07-27T18:00:00.000000000,0.7632333678397325,0.20192206658957593
2026-07-27T19:00:00.000000000,0.9143445850452866,0.2532191175199255
2026-07-27T20:00:00.000000000,0.10652057338004123,0.09948620158046603
2026-07-27T21:00:00.000000000,0.08526947539083195,0.09944399071737026
2026-07-27T22:00:00.000000000,0.22984413553889224,0.13398354710263985
2026-07-27T23:00:00.000000000,0.37947976772924374,0.2186867546682475
2026-07-28T00:00:00.000000000,0.962091751972202,0.25675745130878347
2026-07-28T01:00:00.000000000,0.7034866212915318,0.3214053074383109
2026-07-28T02:00:00.000000000,0.4218660151379991,0.16612011042691743
2026-07-28T03:00:00.000000000,0.49276839100948944,0.13810467267377852
2026-07-28T04:00:00.000000000,0.2373846220809542,0.0902771386374671
2026-07-28T05:00:00.000000000,0.24232997583785157,0.10822902225023089
2026-07-28T06:00:00.000000000,0.4808213767531172,0.13763964076255925
2026-07-28T07:00:00.000000000,0.2781988752684746,0.1086576820567217
2026-07-28T08:00:00.000000000,1.0309422108414281,0.34644479815707085
2026-07-28T09:00:00.000000000,0.26309521368707117,0.17125044262056205
2026-07-28T10:00:00.000000000,0.4403695782476014,0.15571910272598918
2026-07-28T11:00:00.000000000,1.2352766086385125,0.34114055602296395
2026-07-28T12:00:00.000000000,1.0786726736377255,0.3094326159120886
2026-07-28T13:00:00.000000000,6.254043404054704,1.5941135483290632
2026-07-28T14:00:00.000000000,6.541933775823709,1.3407108456888548
2026-07-28T15:00:00.000000000,2.4741875222703062,0.6395974587038331
2026-07-28T16:00:00.000000000,1.5994500678798143,0.38119181843142064
2026-07-28T17:00:00.000000000,0.6498791033657879,0.2345064041309667
2026-07-28T18:00:00.000000000,0.5707263510266299,0.20580323427402297
2026-07-28T19:00:00.000000000,2.0124049311419046,0.39054923275185455
2026-07-28T20:00:00.000000000,0.3600440053206131,0.26972396116137365
2026-07-28T21:00:00.000000000,0.18902243235438682,0.08975934193697747
2026-07-28T22:00:00.000000000,1.23048550564256,0.4616485568362805
2026-07-28T23:00:00.000000000,1.9090534680019051,0.7712824802402996
2026-07-29T00:00:00.000000000,2.2163630633730698,0.679301228438731
2026-07-29T01:00:00.000000000,1.6752515369009136,0.39655971551270175
2026-07-29T02:00:00.000000000,1.5807764447214276,0.2705175094670795
2026-07-29T03:00:00.000000000,0.854049329329248,0.24958034388147163
2026-07-29T04:00:00.000000000,1.8299951636260998,0.40524980195545657
2026-07-29T05:00:00.000000000,1.5623026184849331,0.23375681787126126
2026-07-29T06:00:00.000000000,0.6912503139603691,0.19453022809368373
2026-07-29T07:00:00.000000000,0.5853620906242264,0.1317504249147081
2026-07-29T08:00:00.000000000,1.152093202810912,0.2953206673269814
2026-07-29T09:00:00.000000000,1.2943934673701076,0.2528452043754472
2026-07-29T10:00:00.000000000,0.6503362152807962,0.21152266845319298
2026-07-29T11:00:00.000000000,0.8155881848592821,0.23257419548177163
2026-07-29T12:00:00.000000000,0.9078889891482276,0.20095369098766222
2026-07-29T13:00:00.000000000,5.863309993812764,0.8560040544720883
2026-07-29T14:00:00.000000000,3.61238319239432,0.6558404530165645
2026-07-29T15:00:00.000000000,1.5582751616510753,0.4302237945823869
2026-07-29T16:00:00.000000000,0.9926955081304979,0.3227826098171871
2026-07-29T17:00:00.000000000,1.3090893999015278,0.21056535443137522
2026-07-29T18:00:00.000000000,3.430123509976097,0.5829690658746067
2026-07-29T19:00:00.000000000,3.372502417365071,0.6547330076387688
2026-07-29T20:00:00.000000000,1.340963387353634,0.49257297159523916
2026-07-29T21:00:00.000000000,0.6455172315904372,0.36802142633260215
2026-07-29T22:00:00.000000000,0.7550965839510154,0.2813031256368338
2026-07-29T23:00:00.000000000,0.4850636524552731,0.1721757088027257
2026-07-30T00:00:00.000000000,2.106741996805283,0.3523429289048491
2026-07-30T01:00:00.000000000,1.4519768482147322,0.44405974636199413
2026-07-30T02:00:00.000000000,1.1551233767197129,0.14324913693950367
2026-07-30T03:00:00.000000000,1.0047356043897613,0.12376030112052407
2026-07-30T04:00:00.000000000,0.5832206893010323,0.08851002868007282
2026-07-30T05:00:00.000000000,0.47336570600194094,0.07826935469948737
2026-07-30T06:00:00.000000000,0.36572795374957984,0.1683908534863367
2026-07-30T07:00:00.000000000,0.8916184669450975,0.865811168701143
2026-07-30T08:00:00.000000000,1.0122713963367689,0.3971996409844992
2026-07-30T09:00:00.000000000,0.3680428747337732,0.13013213415657893
2026-07-30T10:00:00.000000000,0.7405100960875078,0.22055650040581598
2026-07-30T11:00:00.000000000,1.1835731428663367,0.3066179394973351
2026-07-30T12:00:00.000000000,1.1037842898327825,1.0743558203417587
2026-07-30T13:00:00.000000000,4.6529356422705765,0.8156471060031333
2026-07-30T14:00:00.000000000,4.287202109893103,0.03288449088523472
2026-07-30T15:00:00.000000000,2.3013927092876885,0.5199388381957509
2026-07-30T16:00:00.000000000,0.8106070688686804,0.19724056863826045
2026-07-30T17:00:00.000000000,0.4166372362969993,0.1318268846530022
2026-07-30T18:00:00.000000000,0.42375343180416114,0.09724943214314923
2026-07-30T19:00:00.000000000,0.7835941927195107,0.12018758901547454
2026-07-30T20:00:00.000000000,0.6458542261948359,0.12922776044940223
2026-07-30T21:00:00.000000000,0.45621381237184455,0.08033335792892073
2026-07-30T22:00:00.000000000,0.5042472624509097,0.1400501956010577
2026-07-30T23:00:00.000000000,0.23350650776767817,0.13322138285271487
2026-07-31T00:00:00.000000000,1.5915859914467951,0.43946122738462495
2026-07-31T01:00:00.000000000,1.1482834773521768,0.36944949931175586
2026-07-31T02:00:00.000000000,1.2948249005612704,0.22085991984353634
2026-07-31T03:00:00.000000000,0.5849350414303841,0.07798719448730979
2026-07-31T04:00:00.000000000,0.556065272995201,0.06704445724543266
2026-07-31T05:00:00.000000000,0.5809279211239747,0.06133441906540256
2026-07-31T06:00:00.000000000,1.008465532323171,0.1803422959427677
2026-07-31T07:00:00.000000000,0.758919081203745,0.18248063938739306
2026-07-31T08:00:00.000000000,0.821975432073433,0.20640136523198385
2026-07-31T09:00:00.000000000,0.5040615276101438,0.1726435327470231
2026-07-31T10:00:00.000000000,0.2927411584875106,0.10374104843563257
2026-07-31T11:00:00.000000000,0.7048295305393504,0.12682749256566542
2026-07-31T12:00:00.000000000,0.5576466122338997,0.1770318164148229
2026-07-31T13:00:00.000000000,5.592542612327066,1.517872842908229
2026-07-31T14:00:00.000000000,4.279220408817594,1.1398418903987615
2026-07-31T15:00:00.000000000,2.7666833646444102,0.4909535561150915
2026-07-31T16:00:00.000000000,0.9507918357784783,0.2694102626132221
2026-07-31T17:00:00.000000000,0.6085431351811988,0.17494795613358866
2026-07-31T18:00:00.000000000,0.4320083978259751,0.12423464800308193
2026-07-31T19:00:00.000000000,1.0284847225023652,0.33576032191520117
2026-07-31T20:00:00.000000000,0.5874694683866326,0.12797006611475492
2026-07-31T21:00:00.000000000,0.22023564553078495,0.057063369567464314
2026-07-31T22:00:00.000000000,0.08313793409076875,0.0370459739046332
2026-07-31T23:00:00.000000000,0.13124771270590133,0.033290168125591324
2026-08-01T00:00:00.000000000,0.45397654382635994,0.06419769393008667
2026-08-01T01:00:00.000000000,0.15366956663346698,0.014707995486666365
2026-08-01T02:00:00.000000000,0.03303151006627488,0.006324593418339361
2026-08-01T03:00:00.000000000,0.015599599263271363,0.0018677931133372788
2026-08-01T04:00:00.000000000,0.025123029831369097,0.0035547173402111225
2026-08-01T05:00:00.000000000,0.05830305706655162,0.019016379535756883
2026-08-01T06:00:00.000000000,0.06249665861625503,0.07541793420773228
2026-08-01T07:00:00.000000000,0.038174530209059344,0.011529810362265745
2026-08-01T08:00:00.000000000,0.04974607939074138,0.03101601801385732
2026-08-01T09:00:00.000000000,0.0376756322204441,0.009482770416629847
2026-08-01T10:00:00.000000000,0.00984426021071586,0.003007789012470219
2026-08-01T11:00:00.000000000,0.03537548708719003,0.011658350665039516
2026-08-01T12:00:00.000000000,0.01944387376192644,0.006846392279136912
2026-08-01T13:00:00.000000000,0.03073873079125485,0.008886721782229415
2026-08-01T14:00:00.000000000,0.02257436221669778,0.012385765803043798
2026-08-01T15:00:00.000000000,0.018570281152994004,0.004157728526294242
2026-08-01T16:00:00.000000000,0.024679914651409052,0.009587927002980206
2026-08-01T17:00:00.000000000,0.0448716228235676,0.02913066601181311
2026-08-01T18:00:00.000000000,0.17672840628179048,0.06141700285586442
2026-08-01T19:00:00.000000000,0.09952718400325904,0.02384290666221639
2026-08-01T20:00:00.000000000,0.050629144345374244,0.014531319783366964
2026-08-01T21:00:00.000000000,0.08991907183045818,0.02820821138009712
2026-08-01T22:00:00.000000000,0.07038768320305186,0.012713790243698555
2026-08-01T23:00:00.000000000,0.03884128765115241,0.006346782080764459
2026-08-02T00:00:00.000000000,0.21075853551296841,0.0686505362503343
2026-08-02T01:00:00.000000000,0.06467090832324028,0.025719743109999686
2026-08-02T02:00:00.000000000,1.1577268077230731,0.14815588439516944
2026-08-02T03:00:00.000000000,0.28584051837926266,0.09404085158383722
2026-08-02T04:00:00.000000000,0.15255781550564598,0.04502050408497955
2026-08-02T05:00:00.000000000,0.12239137745749316,0.033228291635332995
2026-08-02T06:00:00.000000000,0.11199823340483298,0.049320367895080194
2026-08-02T07:00:00.000000000,0.10333868511523392,0.023829980064075745
2026-08-02T08:00:00.000000000,0.13802237043812138,0.022508525419873505
2026-08-02T09:00:00.000000000,0.20172582567864084,0.05486796773273726
2026-08-02T10:00:00.000000000,0.07981690588273349,0.014332324184255112
2026-08-02T11:00:00.000000000,0.1910046877718546,0.026156378808112894
2026-08-02T12:00:00.000000000,0.057584573156748586,0.012150257548440414
2026-08-02T13:00:00.000000000,0.034337728734306565,0.010809428272377183
2026-08-02T14:00:00.000000000,0.042636000960166745,0.012363385184749713
2026-08-02T15:00:00.000000000,0.05032151890840076,0.012528466021266048
2026-08-02T16:00:00.000000000,0.09436192766515336,0.02706959012218421
2026-08-02T17:00:00.000000000,0.1848207287457853,0.019783497265781044
2026-08-02T18:00:00.000000000,0.10376877891761058,0.009378381045864257
2026-08-02T19:00:00.000000000,0.04840578878419577,0.011136013930619205
2026-08-02T20:00:00.000000000,0.04092932206249254,0.012932646357899234
2026-08-02T21:00:00.000000000,0.24857345055849514,0.05177535606408436
2026-08-02T22:00:00.000000000,0.41604480928456844,0.12030717528758594
2026-08-02T23:00:00.000000000,0.36296817560959777,0.0981597904473378
2026-08-03T00:00:00.000000000,3.2664834135625553,0.4838000168268318
2026-08-03T01:00:00.000000000,0.5043356801628655,0.23581287653230495
2026-08-03T02:00:00.000000000,0.25827306228497543,0.06556631307150822
2026-08-03T03:00:00.000000000,0.20934706043869053,0.043594847517852676
2026-08-03T04:00:00.000000000,0.13046250064270457,0.02597645809608356
2026-08-03T05:00:00.000000000,0.1368710514363538,0.05388012614598306
2026-08-03T06:00:00.000000000,0.22255057026306996,0.04714146313485241
2026-08-03T07:00:00.000000000,0.34603124912510835,0.058951219651064875
2026-08-03T08:00:00.000000000,1.3534972930344966,0.2839324687525179
2026-08-03T09:00:00.000000000,0.5528646027868088,0.09932099726142182
2026-08-03T10:00:00.000000000,0.8859894369442889,0.1565354127277394
2026-08-03T11:00:00.000000000,1.632721796851557,0.19948794607433498
2026-08-03T12:00:00.000000000,0.5532102919187832,0.15090893626315346
2026-08-03T13:00:00.000000000,7.703903749693916,1.432327160337264
2026-08-03T14:00:00.000000000,3.250671942773841,0.5913523900947627
2026-08-03T15:00:00.000000000,1.2759416178637113,0.26231288691101956
2026-08-03T16:00:00.000000000,0.5194639749149755,0.14317956251025774
2026-08-03T17:00:00.000000000,0.5976857002904087,0.09949722857132694
2026-08-03T18:00:00.000000000,0.45779805409845054,0.09815650053405714
2026-08-03T19:00:00.000000000,0.6133179519409754,0.07899098899066549
2026-08-03T20:00:00.000000000,0.19653577289333843,0.08246807979543982
2026-08-03T21:00:00.000000000,0.12168774304620106,0.07775169790264588
2026-08-03T22:00:00.000000000,0.28662574437179666,0.09200571861443228
2026-08-03T23:00:00.000000000,0.1236353804025701,0.09404209281515595
2026-08-04T00:00:00.000000000,1.6983681229578438,0.18412471786779175
2026-08-04T01:00:00.000000000,1.2150935616734033,0.16028019783129022
2026-08-04T02:00:00.000000000,0.8217429178603444,0.13388459553979049
2026-08-04T03:00:00.000000000,0.4679254176226893,0.11178325760459935
2026-08-04T04:00:00.000000000,0.22148916833379595,0.051838891663347805
2026-08-04T05:00:00.000000000,0.44542633815629634,0.10573237205018787
2026-08-04T06:00:00.000000000,0.49511664348145623,0.12307130762438016
2026-08-04T07:00:00.000000000,0.376968871577994,0.08465756245984377
2026-08-04T08:00:00.000000000,0.6786205471729851,0.22137906224845905
2026-08-04T09:00:00.000000000,0.3547223463952142,0.10499206118654882
2026-08-04T10:00:00.000000000,0.6618506930334636,0.11671884054088066
2026-08-04T11:00:00.000000000,0.7928149701584022,0.17422450377261278
2026-08-04T12:00:00.000000000,0.6063695324425994,0.1262832997255876
2026-08-04T13:00:00.000000000,4.573112392573587,1.1581640850162844
2026-08-04T14:00:00.000000000,2.1127393642474397,0.49620559821521637
2026-08-04T15:00:00.000000000,0.5698071171959501,0.19171904025042139
2026-08-04T16:00:00.000000000,0.5758739629969372,0.17233999980914882
2026-08-04T17:00:00.000000000,0.44056550385890825,0.30763397864388436
2026-08-04T18:00:00.000000000,0.3548977497547131,0.3945626436621839
2026-08-04T19:00:00.000000000,0.8772568145139441,1.2175124231270793
2026-08-04T20:00:00.000000000,101.3123734554718,4.930989163314348
2026-08-04T21:00:00.000000000,9.076403973041666,1.3116987470314745
2026-08-04T22:00:00.000000000,0.6556140667405423,0.2080369046506759
2026-08-04T23:00:00.000000000,0.3945175150056725,0.19796705854182714
2026-08-05T00:00:00.000000000,0.9919589111594042,0.22077117591075024
2026-08-05T01:00:00.000000000,0.7919105658841807,0.061863683149441726
2026-08-05T02:00:00.000000000,0.31776998748302326,0.30396011777860105
2026-08-05T03:00:00.000000000,0.22204974916791326,0.029150337553076326
2026-08-05T04:00:00.000000000,0.2076480170114151,0.08917524202194839
2026-08-05T05:00:00.000000000,0.9932810064084732,0.3778648954562919
2026-08-05T06:00:00.000000000,0.6316662179155114,0.05817450406845702
2026-08-05T07:00:00.000000000,0.6002535592381625,0.06482375129388676
2026-08-05T08:00:00.000000000,1.2590323063060003,0.16309941141321058
2026-08-05T09:00:00.000000000,0.5658443543167706,0.08296310963512918
2026-08-05T10:00:00.000000000,0.43886425597012707,0.12925944583238752
2026-08-05T11:00:00.000000000,1.3858258876649876,0.10416538853712848
2026-08-05T12:00:00.000000000,0.9172851840355003,0.11506527821775286
2026-08-05T13:00:00.000000000,11.631681884377455,1.142089936525675
2026-08-05T14:00:00.000000000,3.28451689245135,1.4820478391723837
2026-08-05T15:00:00.000000000,1.6669608553666908,0.24648096986946325
2026-08-05T16:00:00.000000000,0.9656262991560496,0.30348320068118617
2026-08-05T17:00:00.000000000,0.37736426579535964,0.1654406303717325
2026-08-05T18:00:00.000000000,0.24160378996728815,0.2118390264727994
2026-08-05T19:00:00.000000000,0.854883959459453,0.3256255974858976
2026-08-05T20:00:00.000000000,0.32973255796909745,0.17301700536340817
2026-08-05T21:00:00.000000000,0.08465874515039683,0.050346802236880164
2026-08-05T22:00:00.000000000,0.12885311000952307,0.03601258096410304
2026-08-05T23:00:00.000000000,0.08631101777484683,0.025765980113715274
2026-08-06T00:00:00.000000000,0.4505727110111745,0.08113777165868882
2026-08-06T01:00:00.000000000,0.5782819437016212,0.13963614383343048
2026-08-06T02:00:00.000000000,0.25548666158026695,0.09209601411275814
2026-08-06T03:00:00.000000000,0.1776260762947861,0.04095539226247436
2026-08-06T04:00:00.000000000,0.2078894698935055,0.044949330902442464
2026-08-06T05:00:00.000000000,0.1635572038720729,0.026096266093606046
2026-08-06T06:00:00.000000000,0.14756330886852914,0.03414927811331861
2026-08-06T07:00:00.000000000,0.12226789968031106,0.014871287141859809
2026-08-06T08:00:00.000000000,0.6460710437551589,0.11376077370809438
2026-08-06T09:00:00.000000000,0.305141717103217,0.05861331909172008
2026-08-06T10:00:00.000000000,0.11037911254517273,0.030393336993949655
2026-08-06T11:00:00.000000000,0.39973704599258364,0.06642265586367341
2026-08-06T12:00:00.000000000,0.26357717078303583,0.07362160879738461
2026-08-06T13:00:00.000000000,5.985145530692138,0.6469690645581461
2026-08-06T14:00:00.000000000,3.759182221432808,0.42820912645471815
2026-08-06T15:00:00.000000000,1.5827903325850414,0.16627818242036638
2026-08-06T16:00:00.000000000,0.9379595498286412,0.2860492120485943
2026-08-06T17:00:00.000000000,0.4898018951116598,0.11808613471373432
2026-08-06T18:00:00.000000000,0.4401745234338664,0.09473745063500046
2026-08-06T19:00:00.000000000,0.6938835141914453,0.1077432913668524
2026-08-06T20:00:00.000000000,0.2569896361901651,0.08379789743962703
2026-08-06T21:00:00.000000000,0.04217043482266937,0.047684665395352856
2026-08-06T22:00:00.000000000,0.08022360543211556,0.015143020094524102
2026-08-06T23:00:00.000000000,0.050920261365634024,0.04250235859606029
2026-08-07T00:00:00.000000000,0.5984683909845221,0.067628029653946
2026-08-07T01:00:00.000000000,0.3130058342414262,0.05437100536059749
2026-08-07T02:00:00.000000000,0.18689037942592238,0.05017477042516826
2026-08-07T03:00:00.000000000,0.09986791665425993,0.008245427744671371
2026-08-07T04:00:00.000000000,0.09081736692815605,0.015358939171876806
2026-08-07T05:00:00.000000000,0.06791320039363873,0.007411694429747419
2026-08-07T06:00:00.000000000,0.06067668462206912,0.010563190915311783
2026-08-07T07:00:00.000000000,0.08406613163066137,0.017862102168569875
2026-08-07T08:00:00.000000000,0.31351327816642494,0.057488893981033684
2026-08-07T09:00:00.000000000,0.12472694681572583,0.012065394946000682
2026-08-07T10:00:00.000000000,0.10952783887958745,0.06285634468342105
2026-08-07T11:00:00.000000000,0.2494956675881281,0.06508275524619804
2026-08-07T12:00:00.000000000,0.7945017510465304,0.2689631626099181
2026-08-07T13:00:00.000000000,4.81349357205442,0.5527836171862051
2026-08-07T14:00:00.000000000,3.177387867860402,0.43477000165780183
2026-08-07T15:00:00.000000000,1.222067004850453,0.1559473270646173
2026-08-07T16:00:00.000000000,0.7129401797035168,0.06250198867631475
2026-08-07T17:00:00.000000000,0.35652046791730696,0.05590252982462193
2026-08-07T18:00:00.000000000,0.32704700193185543,0.029044063668680828
2026-08-07T19:00:00.000000000,0.6874855427815828,0.05502145945107871
2026-08-07T20:00:00.000000000,0.06575969102928819,0.06170270879456057
2026-08-07T21:00:00.000000000,0.017102575082198382,0.01312904641750553
2026-08-07T22:00:00.000000000,0.0151532395901855,0.007400078869832741
2026-08-07T23:00:00.000000000,0.01955756163936988,0.0076404168152260305
2026-08-08T00:00:00.000000000,0.0767241863168547,0.025597891654730004
2026-08-08T01:00:00.000000000,0.0670534157044197,0.010607498104545234
2026-08-08T02:00:00.000000000,0.04943625881302801,0.013242333465482885
2026-08-08T03:00:00.000000000,0.016126888750763842,0.002326534396831738
2026-08-08T04:00:00.000000000,0.010213530773433102,0.005576814400695325
2026-08-08T05:00:00.000000000,0.024959752803135928,0.00694288315256045
2026-08-08T06:00:00.000000000,0.013332938598069133,0.0015547533829353727
2026-08-08T07:00:00.000000000,0.03826192089346724,0.0058308078304844255
2026-08-08T08:00:00.000000000,0.017429289068059118,0.0022789900944489585
2026-08-08T09:00:00.000000000,0.012006095216543718,0.003604674433540605
2026-08-08T10:00:00.000000000,0.017506163445027284,0.004438775025633827
2026-08-08T11:00:00.000000000,0.01677151226454817,0.0077593841721587935
2026-08-08T12:00:00.000000000,0.014691687079586006,0.00235445908684349
2026-08-08T13:00:00.000000000,0.08732393972885874,0.010214356648017476
2026-08-08T14:00:00.000000000,0.03571756706940011,0.004545610389947403
2026-08-08T15:00:00.000000000,0.01393261880340455,0.0041279668490223275
2026-08-08T16:00:00.000000000,0.06677810532949625,0.00808054598618927
2026-08-08T17:00:00.000000000,0.07318998613673856,0.009461755803358753
2026-08-08T18:00:00.000000000,0.011142003930020872,0.0037872240419196904
2026-08-08T19:00:00.000000000,0.02940626022134518,0.002356202148784409
2026-08-08T20:00:00.000000000,0.03156686489139239,0.0014358289234298232
2026-08-08T21:00:00.000000000,0.016470992802965302,0.0054054150087821185
2026-08-08T22:00:00.000000000,0.02277861408880711,0.0019122236283364781
2026-08-08T23:00:00.000000000,0.01119821790411427,0.011021372268064772
2026-08-09T00:00:00.000000000,0.020196103516521367,0.00337672409168601
2026-08-09T01:00:00.000000000,0.02815838958902031,0.0036273533400502413
2026-08-09T02:00:00.000000000,0.010901849044246154,0.002577758942044006
2026-08-09T03:00:00.000000000,0.037417383240756275,0.007325486774617279
2026-08-09T04:00:00.000000000,0.007986539856928385,0.0026015305203978202
2026-08-09T05:00:00.000000000,0.022837041947085034,0.006865184532548692
2026-08-09T06:00:00.000000000,0.00970144459671213,0.002360513820786206
2026-08-09T07:00:00.000000000,0.06688499685563297,0.005449001741826524
2026-08-09T08:00:00.000000000,0.04725962357906957,0.00690876273897172
2026-08-09T09:00:00.000000000,0.017491192433226752,0.0021796212420102765
2026-08-09T10:00:00.000000000,0.03754441624808429,0.0024325796044760845
2026-08-09T11:00:00.000000000,0.008383522628633873,0.0026295598424741014
2026-08-09T12:00:00.000000000,0.012964649551778224,0.0019233288086146633
2026-08-09T13:00:00.000000000,0.014102149698026926,0.011983865742169886
2026-08-09T14:00:00.000000000,0.008980666052066455,0.0023248146461875576
2026-08-09T15:00:00.000000000,0.014118248368619551,0.008056287271669004
2026-08-09T16:00:00.000000000,0.01444661482168242,0.004075887802249045
2026-08-09T17:00:00.000000000,0.009227781621600786,0.0013895879871287148
2026-08-09T18:00:00.000000000,0.016696520971778275,0.003102204420202761
2026-08-09T19:00:00.000000000,0.00983205728475043,0.0025307104461525128
2026-08-09T20:00:00.000000000,0.006279784030341517,0.0016878475554600474
2026-08-09T21:00:00.000000000,0.026768836934669783,0.022521876178051438
2026-08-09T22:00:00.000000000,0.1291453837854941,0.037384576314940424
2026-08-09T23:00:00.000000000,0.15039619727009726,0.033770363477113985
2026-08-10T00:00:00.000000000,0.5028266641337361,0.1109906802069228
2026-08-10T01:00:00.000000000,0.21504603691606894,0.05021370270151849
2026-08-10T02:00:00.000000000,0.07326047582017779,0.01997445473377108
2026-08-10T03:00:00.000000000,0.05308851663815759,0.008785481794044687
2026-08-10T04:00:00.000000000,0.04401297761389945,0.0133013334363476
2026-08-10T05:00:00.000000000,0.0825530932493376,0.006977880199002282
2026-08-10T06:00:00.000000000,0.06593839470735045,0.01742891390481961
2026-08-10T07:00:00.000000000,0.12830527076024478,0.017685936363575662
2026-08-10T08:00:00.000000000,0.2921149552223476,0.04254782284603374
2026-08-10T09:00:00.000000000,0.3752012098609987,0.04522661149974491
2026-08-10T10:00:00.000000000,0.28601041323500076,0.048132348833991825
2026-08-10T11:00:00.000000000,0.434860234062229,0.021857352061937518
2026-08-10T12:00:00.000000000,0.33100540650838306,0.03771981720417513
2026-08-10T13:00:00.000000000,3.619666618265431,0.4248054051915206
2026-08-10T14:00:00.000000000,1.9388233226043172,0.18719862306131402
2026-08-10T15:00:00.000000000,0.3942255911161541,0.04701028485937976
2026-08-10T16:00:00.000000000,0.2869190936131512,0.10396620895921087
2026-08-10T17:00:00.000000000,0.09149761829962506,0.01790885237058988
2026-08-10T18:00:00.000000000,0.11265763539349387,0.015072528709730647
2026-08-10T19:00:00.000000000,0.2907944359046752,0.04757269525942191
2026-08-10T20:00:00.000000000,0.029443363468246445,0.03865992224639241
2026-08-10T21:00:00.000000000,0.023211210243429592,0.025806954899007157
2026-08-10T22:00:00.000000000,0.03549715441297489,0.012173379485770712
2026-08-10T23:00:00.000000000,0.01924746575316213,0.031035015597784935
