dt,series,h00,h01,h02,h03,h04,h05,h06,h07,h08,h09,h10,h11,h12,h13,h14,h15,h16,h17,h18,h19,h20,h21,h22,h23
2026-06-25,mid,483136.05618791445,19173.681439817436,9439.523516504201,10961.823993590207,10048.210056135433,20632.645544100407,17189.89054322626,5845.5922282276815,8738.604189570617,14920.280937158666,6991.543635132592,4936.099864826817,28484.12507917734,142558.80360364504,78609.78461167548,65651.76824274505,10908.013756125738,11564.256332742161,21979.85715699814,13357.678429794993,98884.73941544132,16467.13601698917,24992.103259245374,163889.70465831322
2026-06-25,micro,611803.6045768219,105951.78051712448,57155.53243346674,39014.77986435728,52844.871851955395,77868.35729503086,39192.446579328025,13959.056725387814,19449.30083031459,38020.06583810549,29011.390683908976,8654.393776933872,174062.2814097568,215303.09180153324,138472.2182932679,167804.62063364976,65115.99332030805,36736.59582614833,72974.00223485213,60290.01247301655,168693.94125271146,156855.29303525802,102435.97948402248,294850.94103785907
2026-06-25,spread,6442555.656505411,4110356.260771839,1878617.4406404137,1762748.3294590628,2942948.1909164772,4468143.9640966365,7215163.027337516,2681892.4365944685,4193041.8870112514,1939747.398984967,1785096.8398546998,4827835.376851984,2053338.231873167,8477745.358777685,6546901.812673714,14606884.382362412,420549.8265428765,800554.060639601,1452492.9507754415,1720972.6540252017,2940435.435719443,223312.21238853628,1641816.93704909,8537943.989027621
2026-06-25,bp,282.81846619716936,235.71681715964974,103.8880315284628,111.74424852367592,237.2953176682777,385.0436718152084,190.5829158691854,56.4754467317278,27.725792221903884,61.628295700978114,96.38540752242686,58.00730672121218,167.82837535199081,258.7052782509471,170.87865030045873,142.45243904212197,69.70301199468194,54.85966054972865,68.55709377570695,50.249274815905,143.31119084270543,137.5323117707081,103.65988515296954,316.8775155451257
2026-06-25,ofi,5600903.08281302,58651281.732207775,57436916.80863116,126213823.58021091,73481802.59351116,22370558.50116134,9517155.174505232,8757.731357002429,9484.472503004426,548902.9173555181,3707982.701052449,193.08640499947214,291086.51411293395,59220.08861004319,10571.052023010247,1611.8021840010595,289.2293239996263,1481.808359002483,400.2421419990246,409.4792789974871,65999.96560107202,1620.8994749975466,2595.0083209965273,314583.4602399856
2026-06-26,mid,89431.90189035077,15644.206348959757,47139.96533477771,46626.59563716097,50290.69378524784,22764.67515586533,38142.32625019217,13299.40916574977,120752.01364769533,51401.184438959615,58902.73840604493,27008.849833740547,16847.663409935973,74959.03941707173,52827.91479542036,177928.79038316195,85980.72672031123,18208.649000433266,6823.166535618149,55719.40580873755,33339.51611159292,9809.786516169022,10277.22261250917,33833.236917252536
2026-06-26,micro,227944.80273579273,109434.29314804357,173306.86364444988,221232.64480020732,264514.97254452726,103288.27364708408,125182.1121866998,37522.171025624106,282182.5566813291,239352.10079166232,298944.0900737608,281497.8366323176,197147.25718527866,299311.1556119884,370001.1258834157,272388.5706547785,233665.52769227486,115899.2485377705,37726.84258053551,136292.71092080785,102961.43270006042,95423.18906095572,174591.9574073587,356621.28726518084
2026-06-26,spread,8205835.407729776,7011380.910460449,7046325.82721334,3210678.065951254,8381833.0495659625,3688087.9709279216,3164672.202791959,1829471.6643580843,6255510.291493546,1335638.394105409,2123701.1532166493,336019.8431798635,73182.42265672123,1737691.0010751327,1345005.1221462383,2581826.24122346,3939823.33163906,1881884.5290422752,1856763.4900968766,8594515.185243595,1689586.7536416592,1403220.938227875,50436.81265756056,1998984.2965184522
2026-06-26,bp,549.3906011980287,573.4083624223467,536.147957064579,495.4933233181825,537.7823546301851,457.22338228526786,420.2401187700532,205.41289216651188,296.229142021309,211.9141590585549,258.12531043145526,184.10329507971656,118.42083534230152,320.91182852104026,404.03497728118504,228.26789962457144,290.0740052433917,207.89622546965288,110.05289060364318,253.2807037147266,73.20773364623278,94.55604113443071,96.02938864622475,271.14316631927386
2026-06-26,ofi,595355.4540969996,858773.2734720005,1657887.2717970025,2621087.565858997,1555786.6691839988,5966.267282999872,92075.38668799966,4913.447167999948,30286.587662999984,53421.235408999615,3957.397276000066,1238.0863679998363,1542.9994550000188,1070276.1371290013,343595.8684360006,6446.9726310000615,25012.84692499989,7480.774182000061,137.81384499998737,929.0738870001059,177.32066900000956,148.19448299999527,1656.9329030000251,1299.582467000006
2026-06-27,mid,9930.069078146773,24045.502632567746,10252.820725995527,23983.893729419415,10359.305938277883,0.0,10280.324963232599,1868.533634040933,7738.960366804056,21499.734552395566,9503.941252526865,12044.760438525034,18809.918831962244,4529.873189861194,5467.259625843105,2487.6875094163183,10363.784655487492,834.51980288401,8713.206282276225,3947.1335661773396,10568.832789788186,4841.168833867415,15433.830170035995,12075.944299292356
2026-06-27,micro,148352.03047774514,13098.828553928564,125477.34315008318,196508.6319247614,55613.984635418616,0.0,43480.92466949011,11100.663108728295,20648.213426798353,40592.95807123747,48667.6990610741,58214.69941278616,83048.74627737855,99090.0004678959,30536.680847006202,22676.41322870707,109223.26397590716,57328.89269543256,40941.52419139689,15477.839813660106,88172.29962061485,7779.576092018491,144073.16873583724,85409.69438348709
2026-06-27,spread,2004722.4846971957,5295324.976947575,1402220.3637743401,1119464.5509993222,1798859.9379619579,0.43282860708798293,2912383.0061664567,1253389.1701884377,1794140.2657350178,2164885.254273221,1311436.8591873285,4441530.6982210595,4129679.5853020614,1425154.8495252994,1096182.1794434641,1872497.3910432213,2451815.659270512,711779.8145393832,1478730.3167185374,1021335.0145095983,1245366.0728238951,887325.4778629253,1995692.7577689658,1562611.3304572857
2026-06-27,bp,258.0997250995496,80.69920404871026,161.8756023853691,185.1407264364575,93.43660417132907,0.0,275.3967196777764,207.7582748823908,118.65442701280689,121.70990412150033,169.0124402054614,189.91365106484838,319.71998241928,200.0970259670334,126.453080527686,104.68631892305082,149.50984209775834,70.96041550497696,105.45108101236873,27.971401083136428,124.3827385329312,61.31990720632899,197.0854345633973,120.50171187648675
2026-06-27,ofi,2562.6165060000035,57.29169399999999,55.37957400000004,119.24022300000024,95.22853300000004,0.0,305.49156,32.138634999999994,69.49567500000002,526.4795430000004,26.023511999999975,659.9318870000004,76439.3791239999,60.76266099999969,23.881024999999912,32.43849899999984,69.64081199999893,54.81603799999997,47.07215399999992,24.66665800000011,26.864218000000104,43.955385000000135,138.99480500000007,35.10777400000015
2026-06-28,mid,6042.395047091407,5040.437121870964,17688.910426678864,11686.364190031452,1241.2476857785036,474.2837413168759,0.0,17697.593546425018,102.25470357768043,3330.271769241041,6874.567581320136,4151.989923377729,31567.185437778255,1976.5832584199065,4828.257229784664,31289.071641287905,7542.568728989998,30624.694699746375,5651.553617963589,54779.82382090205,25291.175539551296,5698.399637259363,18789.842319961102,64631.65869811478
2026-06-28,micro,94593.54924732799,77554.00262970786,147502.82241995822,66719.3277293346,108735.38150810901,3222.7025428982715,0.010563005173304236,32420.798794896178,2387.4194878562457,36873.85341104176,134277.96247314374,150756.04546886575,131230.4919978452,51059.01280625509,162905.9182617899,137270.53433045984,130634.09534103528,221189.42106604652,165306.92308910552,129131.30338979351,93830.49732896329,63788.36249253932,39753.77350121867,186102.19807356494
2026-06-28,spread,1151394.5773702136,1864156.685985104,2616495.619338965,3026265.9676056756,38745.171775001516,676622.504330736,0.0,1860425.9670702147,320980.242037713,1082882.2112489205,311786.62117518653,217431.6899033105,2733206.3823315026,411100.8651072107,267917.4712984422,1695574.8227907328,1104996.5967739667,5402018.260139649,65620.89833329685,1966366.6184175862,2031424.50828686,139687.08440886045,269907.7981240857,7296794.385395746
2026-06-28,bp,169.4802602164121,111.06448296889413,176.80124317808614,166.67284875119077,81.95890413774764,75.99425496064536,1.3736986856101063,102.12247073378992,38.35922166049592,96.79193101123415,129.37476345974704,147.81767526162022,223.06540552940027,125.71958315091271,110.47270940287967,153.26138367075043,126.93409606833895,195.480166170149,140.57937275538774,142.24517781425362,95.13487767976866,56.98486543155274,114.04506753719596,270.81112275683284
2026-06-28,ofi,47.46105299999997,24.52681199999999,44.66019500000014,8753.388802999998,475.755089999999,5.814708999999962,4.048779000000035,1130.830598000003,7.924177999999803,54.30414599999959,180.5893240000002,73.31227199999927,74.38041800000015,42.45442700000021,166.40185900000037,457.0694609999992,71.45875899999994,403.34937800000046,78.61691099999899,3632.121499000003,106.47314600000063,442.10701600000175,3672.294320999989,24898.495228000054
2026-06-29,mid,104116.2586826097,34150.31171370838,16144.295817620907,35482.94856529526,129571.04153707548,153322.87868924675,101899.4779139347,17152.499013808843,4706.566532022599,5482.757089280501,62312.270907314865,40015.227311557166,27813.156862412976,70931.92193155839,240801.48453484476,186576.58755883356,40086.561359221574,13870.69008872437,49196.46706521648,75029.41329959237,21261.858998118983,4762.370332493938,2317.161470660878,18022.95348040144
2026-06-29,micro,253752.5991280121,104290.38151887078,107695.9007351303,72512.19761314457,154342.1798188561,167689.53632555326,175311.30878661532,129838.07616642369,95543.75668127011,47221.026188542935,84117.85724858107,155371.10054716936,100662.46141940236,218245.5203637137,447406.7179244834,271069.1697059081,88242.43265161439,68381.17779857211,239804.2137371114,234537.21593060513,131516.72452668194,161566.23648116083,226474.51695796,164276.28046733097
2026-06-29,spread,7798407.427232301,8775587.039449265,2936552.7429831885,6459965.734590853,19540271.830878023,22637906.032798816,12495269.732593471,1138519.7568810103,255959.93592859746,541280.7600653117,3202341.701279861,274832.2730158065,1415859.7682249954,1596495.469085113,9030985.553778073,8294790.116510671,3835117.1081367815,3021363.0257123457,5167150.169576205,3062725.8177280733,174811.96642237148,453403.61232699105,480796.91087549087,615516.4934330294
2026-06-29,bp,374.735668393956,461.33935993642575,348.14606326141126,233.79140869864372,440.55271750512065,401.8215227605393,188.77073444419017,132.94631444016377,118.63177636049606,69.83880905139725,73.09480465035499,82.48338198964876,96.11430400751944,153.17922316982418,328.54225997209323,161.3689229605917,221.27109292607838,103.78085507234623,176.03220972987043,135.65847633306024,101.15913156385248,110.87444493103276,166.22525211937597,116.53621145077229
2026-06-29,ofi,13009909.57010904,3913668.5917730466,488986.29368500435,598318.4442310035,2950675.7760239732,2940725.1273739645,41990.366092002194,3638432.2855910035,3792923.911783943,1040457.8644289974,212914.62547999973,36561315.613992974,7076310.585874504,30562794.799609706,1124226.813687938,8267.371017000165,516.8382769997966,205.0658759999015,1560.247307001753,6658.232816000904,276.4958559994061,451.3028709992557,3346.3157679988535,8152.277756000611
2026-06-30,mid,78665.84278933637,26324.235771870768,16520.590948013672,20747.524182412875,8852.408983761212,18419.161465585414,34325.367977743765,7446.431859323502,3958.964054709357,1137.502054308219,2623.7311096165995,23343.328950535135,22445.374187355195,13907.567957341897,9068.82003226013,130600.1417029763,4727.223787101562,9715.033359251342,1138.381565823621,282.90109115205365,2919.6385194874624,2805.228221487501,29309.20769889994,12463.112544845691
2026-06-30,micro,236926.70134432154,78028.55043855507,57481.055786318204,130967.70577012261,58559.7622840679,55782.27064513991,126376.09950358054,32803.86194559445,9740.11617253667,2766.149320645555,365629.17116219964,259257.00797363286,78329.09742579513,82326.31117156197,125490.34688464543,274199.53897445824,62571.431137819025,59780.48167256529,91687.18728615507,13401.111367776404,51441.15222917393,57599.27300765938,117058.96553304845,184280.55915777356
2026-06-30,spread,8969138.177258162,7578293.697430379,5742089.927754586,1869980.25514643,1866832.654516614,6735375.779504874,6544385.5868394375,2910735.328921123,2943120.1585342945,1463729.750259985,36688.442415673664,1583100.2517294197,2562279.963846135,2251563.8029036713,275784.03522156546,6277697.469398875,489298.61619066045,862796.8771845953,47578.18519533663,305377.1535017666,289634.0795188113,629886.8279844604,2263315.9283039016,2406359.0278850514
2026-06-30,bp,395.746084363201,339.08243504312037,137.76819751575147,256.40447424424946,319.32832329571,290.29253769135147,265.97104561073274,132.9929885964851,99.28529162442325,27.135891902453633,346.890589442099,209.4067591635399,138.85532216645515,143.135455845386,213.05291330416952,216.60892218957687,144.90668555451785,133.58147964301912,152.35086014398033,33.389477587260274,137.7988917269705,129.26398971416856,111.2013822580311,223.4643094308603
2026-06-30,ofi,970878.9315700013,23029.938728999932,288180.7914170014,601116.1529920009,373483.0505060013,684577.4337180005,2638817.582494986,4439.780471999988,211.66980199999728,20.813134999998926,2781.597692999999,5903.034764999983,783.7573299999733,720.9591419999767,569.7795769999973,3003.650087000002,162.76827099999497,6049.165447999968,1870.612701999995,155.2870400000075,537.6324839999796,1868.45716899999,10704.659045999999,2542.5514599999556
2026-07-01,mid,63451.71807237918,39597.36010542881,9210.029314088035,28568.95582100969,3793.3997142786766,3379.087192541782,15679.36791004565,17130.20099548452,3118.047306344389,2141.1086235888365,2013.4021251383706,13923.967496385096,32373.45300344415,72011.18684141517,40140.63911883118,6683.668536193537,5564.2405861841635,2659.311738852816,15346.929642350035,29919.10568392578,4667.331536687605,6477.720650981103,3472.5263497789483,105610.88047077917
2026-07-01,micro,176135.9379553348,122514.51790747931,124272.81801096097,215503.383420152,45266.27212808868,100670.7160500021,101631.90778367117,99209.33051124452,177696.93102980734,44035.22191701741,18133.267227245182,75867.60448709974,127555.3855372687,222274.60101887328,201571.1809468549,67502.95310364234,55403.871878776205,62623.01735324837,46917.0866684385,59325.175248189684,113061.05668500274,170033.42450279262,95715.43262152797,247382.29531440602
2026-07-01,spread,6580006.962218998,3529461.734907532,775473.9107237577,1105350.6820437987,708224.8924013645,607073.0067492395,1343899.3765169564,912676.4280126949,25611.5046084155,96793.1523353232,534478.900483443,161390.06364681467,683569.417442165,1574391.6445457393,1622624.2971368984,831584.4882384879,230776.27671719342,90045.14144782719,1015743.9177183971,532952.8134973167,671610.074279859,810108.6350858563,11057.250069324391,4910949.076096708
2026-07-01,bp,292.8303663409824,347.14116258445944,248.85163702919849,210.61639966226537,172.080056577194,236.36425496308874,154.1714630766886,75.11703406599479,117.91942320937721,56.11674740293067,71.00295538988983,86.71802319450181,106.42739609820536,244.6572357491843,209.52021906301434,94.94232078383381,69.29364960341793,59.748802992408734,156.35888026324187,109.14706094328145,104.8916406421861,130.4448630542464,49.65132421387943,266.6214927005459
2026-07-01,ofi,9866.888899999998,792973.4208859995,1737522.6808540032,951234.268825999,4853.451071999817,1809.6886500000487,2541.2955760000546,3127.7225480000648,1503.1483499999931,629.4191769999974,193.16710000001078,560.5085489999731,2529.827721999941,16147.086266000177,11034.720275999922,544.8168689999865,115.14270300001711,66.78518899996875,230.01327199999577,695.3276320001027,224.48084499998106,264.1808309999618,210.1016449999805,28946.9762619999
2026-07-02,mid,312671.8013988484,105022.71541121449,32014.3255037137,14192.088797405138,14277.924999323004,12348.531948158552,25074.70005298212,4114.709633333824,3850.663951424005,6441.99963917969,16129.730579485691,4092.2328056428682,58475.99451629476,51056.109849002,75214.24732886687,28042.948800337315,34492.06753794202,6367.90016099993,20953.866127249075,45777.199817065346,23994.918311687594,18497.261904206836,20539.78501338318,237462.1274828157
2026-07-02,micro,484764.7669919281,211112.43680860815,215566.11419693334,185449.3678250207,83403.29691151039,122217.62210590193,137303.8629055147,33480.177208802575,46659.39492472815,90588.40348056362,55739.75661474737,74502.57735368198,221670.952349218,154631.95187369068,255877.23379092608,192959.95109488096,161813.58691507857,142127.56867365935,128751.0209739926,105426.17865983154,216624.55229862183,329924.75491771766,85501.48731084273,347129.3361139647
2026-07-02,spread,8282924.092768595,5054574.399340718,2477584.172788827,1207856.8901928528,2363276.463126182,1148986.3088099905,4370660.336725368,1459850.3484209233,2325390.1842881334,1133163.8105139928,3329835.8720005974,123477.59763686404,3521315.483888766,1778242.9577363762,2408171.593356768,2303714.1484384416,2813003.553803333,258457.82305482673,569578.6965722276,4352440.616990708,1542812.1160463868,588605.7683792223,2665556.8646805263,6760833.876503426
2026-07-02,bp,417.848684286717,348.0802949754287,281.9233634270047,259.6297407335932,251.40894124623975,291.11410975076046,392.8678154981317,132.2855306398247,160.71707292013343,172.69236954187457,142.97847555459725,108.78545010153373,283.6312047761241,216.40390811088218,258.08585705122096,239.40305179400073,246.91810330402757,174.71733290928958,183.56922071404557,151.44818196597882,195.97644983449038,236.4870449370654,142.0094779550743,300.21464094388597
2026-07-02,ofi,114353.87020799998,39310.063511000066,647467.8686149989,5015388.042337997,3355178.658670006,7830249.868251014,1056058.5276249987,701.9519399999712,550.6882910000933,3674.6788670003793,10745.273129000074,2291.99613800008,9508.227735999742,1871.394653999913,29503.081766000338,40192.20535900036,71078.11259199942,15296.428646999979,1865.9948059998883,41312.02900200026,6922.598682999818,8138.2573829994735,3624.0467079999657,69423.2119049998
2026-07-03,mid,1049669.1466697794,162423.00349609402,33405.65814766568,46815.74490265579,17689.35783630087,40790.53547237751,24405.68605846218,8979.378453365714,16901.36229349938,4390.100941391307,10692.920977679683,10667.623506563434,5333.757714532656,4139.714960220081,18133.173822439312,1781.7731598621851,1989.9936539935861,8646.982927320856,4757.461572332172,3258.9423689007567,2647.2194508742627,1762.3325183230018,1076.030545685685,4361.771454805387
2026-07-03,micro,1189475.9434630089,326685.96398769313,150397.06299777178,184254.87326574555,136883.69913058085,129545.3649064305,113401.61173562858,34908.72265782869,66267.33852625456,45962.60879669347,58459.17470536794,36458.95963813637,73514.2368057501,21015.926138141123,47922.614739072145,37190.124316920286,47791.18301345744,60926.51476991936,48842.545369296575,74962.44535784553,86311.40719317777,30317.33840752182,23316.721221430944,41174.89993593045
2026-07-03,spread,19776161.954046935,6975946.022950375,4695824.368959818,3157138.5495859645,1991435.1869490535,3836936.438765271,3545073.6247329917,1279198.6790300065,1842256.3717860999,3401134.554264633,362271.8029179626,1540434.1244264152,823923.260896154,1447271.0639563964,931822.8229181119,324874.1162593092,264832.4313859356,307700.7299119397,554649.9222848086,190780.87505883368,42209.99995615625,121792.86020767143,67940.04298847757,360676.0587972132
2026-07-03,bp,469.2582454468015,529.8405979270811,526.6024867701511,398.2914850173221,438.4718719785584,412.1976387403818,320.74918346099423,107.35725853745916,195.53678373202104,145.93007621711112,164.92512541289065,121.9444637107421,173.56624914393632,144.0297386113287,137.28368883306428,189.25042646485912,168.5908191255571,200.179476420573,136.5812104070518,147.16414178246814,143.17332335068312,170.81984514245497,139.08241268968865,138.12386820323337
2026-07-03,ofi,3150292.3653079984,1297169.9717990002,184919.4676550001,118450.33480399993,990570.9088100019,1184864.3006230006,2749304.182305002,15134.709196000113,10040954.825696021,3327.327508000254,1577.1708860003134,1063.6206270001185,7655.230662000125,47285.15984300082,4245.657135000001,568.1342079999584,799.413567999929,1513.7798809999433,828.4445019999699,3703.6739289998827,2216.031734999793,3784.142382999969,644.3548069999542,1557.5237950001647
2026-07-04,mid,1814.8400914476367,4589.291451584376,6826.576398998907,3927.8857283516513,3195.803973569244,1856.9675693101658,1854.8874330211315,3481.3468445423177,9586.450401253309,7970.508999376926,3609.695753334895,491.6789883694814,7347.926914128793,2948.146518752548,114.32365622458583,79.10104680877464,3330.618623181833,30804.879969708563,17337.06671741432,3150.403884256148,4430.744413320302,4101.369585918632,3768.645730785648,6295.614697763387
2026-07-04,micro,46193.20075603601,28788.33759998621,12332.947115061192,15878.408495405292,19238.292879184395,7628.854774656684,17873.38231089502,30054.641683712005,30792.608507669327,14296.925557493822,12674.710010512874,2577.183211925173,39626.823485538334,13778.372975479042,630.4642100503148,101.64277588467846,14670.323892750605,37348.557356694,40579.27741816352,30969.60926766065,31308.634283073225,8754.037775768255,15594.875596311324,13041.340239908921
2026-07-04,spread,27462.30639612136,4206884.893518217,6181371.108401697,2565510.0303627523,934765.1307946196,555121.7698417935,475907.3130149028,673523.8274137133,2205977.7681952375,2027651.866615122,1778817.390458383,380162.1526418211,2368771.1927422397,945628.5793280004,182473.26288663087,161491.72314077904,868184.5598246034,3849893.6687018573,3891422.64940713,953723.1505422812,2412095.844651746,1414909.403504562,1213241.7017762961,1553925.4865587933
2026-07-04,bp,131.07379319044946,221.40828603155603,234.79799976835648,214.63438034216256,243.15325002333876,165.17312964710413,144.86605002079344,192.49599661600524,205.6091703541349,151.597972524315,212.90881173043607,93.443160270189,192.17651440975877,171.04102600196148,48.750233669468315,15.762106418893815,121.27654952675817,148.70511908504898,214.17369413197642,178.5824221859266,190.55385968880861,111.26623913867408,147.03765874555447,136.43885000612647
2026-07-04,ofi,1795.5281899999975,834.3512710000005,699.9370639999973,381.00662899999196,518.3472270000069,63.87537099999951,1884.4523020000215,1327.4217950000243,682.9752349999955,10266.728784000006,503.32545299999015,326.34604100001746,1894.1858720000214,537.0790809999958,8.14496000000452,0.8522280000009114,511.59654399997544,22207.965786999976,637.7876399999756,109129.1816769998,833.2468969999998,193.0364989999976,255.0248919999928,172.67342200000917
2026-07-05,mid,5566.445155806913,3469.485403018561,2752.959337914096,1318.9127030545355,14292.882143756227,4044.020779702432,4581.489084110576,627.7745504930842,40477.31124946701,7451.110903198263,1328.2697145303957,1515.570603044481,1138.7782747171968,2415.0708722085233,2577.7636720141013,3419.704510066166,18773.36866845135,2448.9384724618035,2702.1185734579785,2228.825074223645,2271.462467028063,5466.017455224498,5413.304256986091,29033.276857706893
2026-07-05,micro,26554.203038643132,11906.724862202489,11011.89424628759,9980.47449556355,32781.22431472038,14991.44572227012,20206.75755830771,1922.490809710004,58199.48712645211,11801.513953497428,5114.46546059548,3926.260330779347,9527.700308938474,8110.449524833316,11867.036041490393,17252.248337922043,53846.13395464866,36585.379485144,18922.740775648927,8985.084023870319,13694.773847792347,79788.10401644738,38236.25983114456,39098.84250720956
2026-07-05,spread,2065973.1783745298,867655.9482600241,428067.2632858415,239790.48707574644,3720407.113084264,1720578.0248197264,565959.7003836934,616466.0865882116,3728083.1553137107,3865032.9888160876,2326740.2945597228,1857473.5836999936,832257.3560792512,1096625.8445977515,306823.89421401726,1116985.3967984628,3377804.381708041,98387.20394916405,2498757.46576796,1274704.1222024334,581821.003426033,108432.3231816463,829533.3210677573,7592615.716412802
2026-07-05,bp,198.51582105405913,131.33341438123452,140.4561885542771,111.48634204188889,134.30958176521168,120.57051509773137,86.13580695630442,36.00177979693969,146.13803047785146,170.22327023485275,127.5227499761645,110.23893051220965,116.38112541912724,123.4123818487191,151.36567868125078,60.929921878958886,176.5380571436552,152.92636101088632,101.54690033518588,70.63247170518368,77.2759096301866,218.2181441555711,154.14423820732137,212.905344430495
2026-07-05,ofi,680.315537000001,441.3537879999957,82.04963200000135,59.39906499999868,575.592649999992,369.5810219999932,676.4144619999945,42.977627000002144,10456.47960800001,597.169585000003,930.3454210000009,352.16864899999507,3062.4246519999656,423.97782899999413,472.61132599999513,298.26853399999493,401.8910310000002,339.68593800000076,110.23860100000127,507.21591600000795,1442.0265590000035,9422.734707000009,9765.406351000014,3798.7121970000017
2026-07-06,mid,185146.06338818025,58931.42353544634,68377.43483728704,32889.57027079239,25820.89761956927,40328.73713931614,26758.239131711736,2062.2810753873946,11667.608844915958,10829.63503003884,3986.4112224223004,3274.725405521203,24004.024023706304,19692.73295269253,8798.56263196858,14284.465691926489,4389.755850242338,16320.137909961528,8820.543692559124,5628.499720091323,3702.8836662682866,1297.2425029416686,7363.761186653673,22196.719635844045
2026-07-06,micro,247348.8270004655,116937.15037512543,100512.70134878636,80737.2694224212,48354.237158001786,77586.67873483674,56645.26254792135,68022.03300635441,67854.25169504072,40125.49246710122,93854.11299289702,21656.879964521355,51293.77493815183,26027.746435714052,40764.2729638296,108703.16163781646,26692.551927243756,65068.85049741608,25110.564801336943,56424.36429748788,57880.07832077444,54697.091316420534,44936.453540869516,74380.05805918967
2026-07-06,spread,6496362.387647156,6260498.988927604,11102654.372444067,8487014.97584436,27602808.981350187,27739142.69446785,20265627.459497493,548899.1994996988,2675766.729156006,1846138.1402293337,2305578.2049716995,1723463.7846032057,2784069.193723024,4422632.421258094,1728255.6500401516,2983347.1750605167,1319879.3149452459,5224869.23714101,989232.5184045949,2769616.901601779,250701.66688454064,138734.7495678422,4591167.902976917,1986760.1048592846
2026-07-06,bp,535.3776727107177,412.420854297144,321.5210569271592,328.56428641905444,311.32708577574164,438.65563452726514,212.05170455336167,226.91151313865592,249.82961786282672,186.9306339938566,243.47422221153352,237.35585952149333,164.95024266718792,184.0799648491737,208.92810129705126,242.93253876962459,149.61049878467867,315.0287052090946,128.61454953858353,279.2027628745384,331.63472437923747,231.98987632819893,227.8388365305869,257.8558777680652
2026-07-06,ofi,38736.12850299999,18808.452636999995,14439.531674999987,16126.460693999947,4901.844135000029,6692.145167000012,9935.225096000013,2218.4024539999377,2201.1506219999055,18730.822896999875,1351.5808730000092,315.5268879999444,9372.988395000024,14385.124484000047,26435.84515399999,7000.683979000018,4599.706426000008,92637.51498599988,25634.346348000017,40007.0816479997,996.600043999955,1455.108896999849,3208.385593000011,27615.722364999958
2026-07-07,mid,74181.09966659185,45493.4228735765,27740.011078583837,54834.983584594964,33803.89509630226,25933.1684331449,14756.665634319314,3092.870493168751,1859.4413443244325,3482.561144760303,3315.122982017969,2134.6095264683813,3143.2711118240177,13797.722945980824,34070.28831918425,39517.93601033865,88223.27068974485,49953.32073196639,28175.00522095515,13153.346555078893,8774.969018579468,8654.136471914857,68897.4532561809,88232.2223746723
2026-07-07,micro,305980.2456865713,135302.99385380477,44678.07912930691,155818.25225347184,69022.70647021504,64685.69850881082,43381.8454389074,21057.862028983305,22770.6969330373,20186.89752554481,28882.486641041145,32345.100620300294,40391.01208408544,46730.25814474925,100963.88504937784,88024.92933975939,109936.5872413919,63294.96961854944,61637.89432868304,37223.77586372037,25740.65190392307,23286.008100935895,107404.42754949314,125023.40986530688
2026-07-07,spread,4626174.380717756,5808592.278510683,12177709.953022549,15080237.07123744,14954466.424252795,10261800.329313282,13192247.219148811,3058086.408697897,1288481.4831262657,3373469.2863678215,1297533.3671624328,549010.1857635785,567997.6016520233,2006161.7824000034,3777312.6906991936,5274717.1415545195,7576471.000375993,5053137.8836463895,845412.1470568693,5976945.799528716,4724123.535749629,3689174.1428367184,4745624.241075375,8701713.855626944
2026-07-07,bp,452.95279294846745,454.04632431109485,204.7327689918879,374.2431713463628,376.75556949031466,369.94578633809704,325.19274892358084,229.52717897134937,224.12848999508125,193.74200710006633,219.4982387345278,208.50785946868962,213.15486796453192,297.53514763967496,287.6800252770441,279.7548479687128,213.93005770707052,145.81009469557895,205.79056665302886,243.44213529882822,186.3062989991447,180.9575036144703,239.19321702877608,213.02178794536167
2026-07-07,ofi,104345.29189500012,106493.6381209999,105303.3941600009,270351.9649469994,43780.27332099991,52438.16348999982,61213.46752599989,1232.6617840000545,1547.9456210000192,2096.7019559999703,5599.591443999969,1350.086728000003,1266.4087309999836,27644.198348,46383.35102099981,4016563.256589999,23101.5591529999,1880.6074620000493,197900.42764600003,293933.2923699995,73643.28816099992,26339.138248999963,58259.68424499994,8069.51401300001
2026-07-08,mid,117810.75052777282,41400.345570452155,18649.215298489282,13578.20977994705,43157.172610037516,17982.766668118988,15947.507936520236,7179.91267243245,16354.51451784721,27792.622369102526,9128.713081526112,8121.889035288632,14481.499298514713,56894.51456136086,19765.089648227193,33688.497002207594,28992.20973384981,8936.052993651268,5358.1834862478045,5926.454104754215,8962.71117462221,1851.1874006647977,3251.2362166834573,42160.23918608306
2026-07-08,micro,272226.09340799565,144976.56968906213,98526.48508122413,119123.82180274495,210327.9003226792,95317.62176867471,109045.90368483799,65441.39973499737,117813.55452430743,113061.95999755677,61086.69077402323,37799.38343875261,59486.35764682414,95975.47072796476,49565.86645152811,74504.3481633843,66007.81971838196,47741.3082102887,54735.16965956839,27739.731265886727,67498.47667998016,56440.96562744534,16534.32483064535,96664.04055087436
2026-07-08,spread,4221295.371101938,4680470.262433686,2897392.0583944414,1415214.9930196074,4310910.293642089,2801450.948182291,3121907.1373261865,1218176.4400453027,2179657.632844217,4179459.7801484438,5063464.032722482,3815277.0772910374,6417116.369920058,21403778.525739655,2448245.941346652,5698782.305455827,8077213.16666706,1116827.3685029156,1504620.032332214,2472033.224848188,179268.14404640312,104046.28194298744,3283271.313260272,9850031.071991019
2026-07-08,bp,467.18257045662364,410.7578868553943,327.06446248860607,295.10138842295714,508.39997244707354,452.50761831900354,350.9974705201938,246.01125773668804,338.3914126544893,336.65343083485897,260.0715473722617,177.79639267041853,279.410243179737,288.6902655634654,213.57430738884716,242.0744754865855,224.13181793040675,282.1898921554609,216.92446748517412,184.72915475355916,224.58490089795112,219.85373462639515,117.83040585628734,294.1347430792258
2026-07-08,ofi,589144.907454,520279.1546000001,167160.82226400063,183219.92475299997,514380.8505460009,97567.31586800056,199780.57311699973,4246.935500000324,36228.994233000674,16946.155866000718,369994.6014110004,3090.605420000348,605543.5810649995,572227.3422309991,24853.86323900001,48293.462774000625,54536.91935800054,45489.80315699954,16785.606134000576,8338.141547000265,1886.7405929999434,1467.7301390002992,61325.159120999575,443526.9166300011
2026-07-09,mid,94807.62306556734,14195.267588573946,12071.129236682922,20382.770778667265,6902.653230001097,10816.299128474704,5704.464754172966,2470.1202228359844,6671.499794015183,6582.8636081317645,8143.93281196358,5283.7777085548405,3715.1312514342358,24420.695518454424,9901.54599785651,907.7263977738172,8285.482812119779,6073.811759167164,5612.787920843654,3704.8704814463686,13696.54016617757,2109.1986236574285,6303.73147510155,17364.27472695201
2026-07-09,micro,193461.18931434117,50892.20147832046,84298.00919486221,81975.01184763649,71062.59506520198,44193.60464602849,38981.961152714124,23488.572593164725,49956.5735250075,49394.25047602382,22563.459340096804,27549.084386825805,24908.1101175025,45997.530917903794,41139.80475563278,16240.794270808383,11934.164259676469,12029.736966052307,21969.96108494705,24986.830032593552,36023.57242096979,28453.109256304193,27486.132112397416,68440.21739660313
2026-07-09,spread,9145641.484038599,5742892.24299347,1377575.6258821837,1912848.74346333,2794682.8327751816,5131672.156132842,1345941.2264691812,917568.5725589059,2090592.0752310476,298884.7858206848,966539.0743923697,1881633.3012213807,1591883.174026785,1976242.5820726454,1660423.8968662093,497226.62049738766,1888046.8564692072,1228478.3873975377,2333793.4578409907,314763.547981379,3876902.255704718,476661.4825057832,690289.5155865959,2729888.3620532365
2026-07-09,bp,386.41945357233703,309.5104629231565,299.9007150837881,301.7906215441031,385.86987752672934,455.91350219810937,229.04049675434985,157.97691235200426,289.37046987578924,177.51825604216603,108.66596950413697,165.662558364086,178.31037582635594,252.97734221860878,189.9425904080491,136.52199535260326,145.84766418478856,110.9923188500866,225.31855894391558,251.44239707756344,206.17164413611806,232.0403586427464,191.86858590428466,348.5850032311754
2026-07-09,ofi,428224.1414480005,16399.042127999932,16862.11542400007,109263.89544099994,683140.8607159999,450884.6410069991,10168.218928999815,41680.56859900016,8647.632394000146,4992.761624000123,14666.300117000099,14335.26174899999,7284.381161000307,141078.56517000054,15221.005890000495,25816.43652300003,22176.20885400009,99858.61737499929,1807.527901000248,18404.496277999635,980.742523000114,208.9760080000082,512.1129680001019,75029.09683700168
2026-07-10,mid,98750.56148838827,31913.220807401118,30259.850005336077,31330.57612179999,25512.94692029568,33577.39543206206,8256.623060459227,4635.292731202461,3496.598782688906,2030.773514426698,3623.628684461634,6891.773639904369,9783.974124135282,8046.694148279513,13840.57974901344,29028.693116253842,6713.851858858027,730.0626667863033,872.5790650752614,155.47651841314084,499.3220376122326,1858.3363567768429,2004.0665712031152,466.0999497043034
2026-07-10,micro,177715.21687330923,87576.13204470088,76170.80985309438,36947.01760619448,55206.345591387,62163.88844870756,19493.407691474975,12362.032016090607,24682.960675600316,11700.695789473673,20988.855651211466,18801.16897210333,34147.837200426,28882.641290549134,42254.786873364086,40316.48038967003,16715.52834056861,10498.646884771935,9888.588617491825,1675.1185715710797,17827.646568170596,15768.277708113528,5807.977182102264,4013.348418996422
2026-07-10,spread,6624882.373833746,13626976.200059181,21473219.565651804,15616543.868717633,19601371.034017663,28939353.749929357,6423753.078910432,1900797.9082569967,1308262.2924457737,2231490.9541609557,786190.7287148862,1067228.6182571426,2365683.2602305487,1885976.8119704048,4344570.879901522,3469278.9510325985,633489.5870335392,47501.98578317778,752746.7441272046,183935.2943484219,35394.84609435896,88837.61399887416,198129.85005657916,23554.621949658977
2026-07-10,bp,356.99314556499525,325.97257807982396,254.48834912556154,202.42798936528783,426.7737894573605,300.2742175282277,220.15772036226227,119.48592186723876,244.51323751335622,125.18267629339846,160.4821823439062,157.09468950218093,159.34641748208566,332.61499932183705,299.24766474964224,248.14236144760065,146.120155537994,179.06891101641847,147.13842820236772,30.58982305037015,160.26284920255003,169.12666162038414,67.60027447778552,45.943998681723016
2026-07-10,ofi,230911.82220899986,60323.546165999884,1375.7932729999413,167956.69635699972,818109.276207,2580.695711000161,2554.215653000178,17593.576537999717,49778.203889999946,1408.9238840001783,24159.456375000176,6486.800755999889,7545.740216000069,21561.34283399996,58185.85498200036,55780.90457800046,577.0123229999285,181.66078500000972,353.3071630000173,12059.428368000552,478.98011599992026,949.4505489999794,140563.62307200086,80.01495700001485
2026-07-11,mid,911.3113708127502,2360.4574875102217,2312.358322509073,1268.1612707917345,1962.0224947233942,804.5309512327354,37.32231245805284,4000.2088054023448,441.9781354375284,428.50186661156494,731.6160954152404,2072.9839949455936,12263.71177105226,10083.652100234938,403.38933974788813,547.7092223696695,246.29919655043554,1635.3499794045674,346.72111642633075,1953.1162940053664,140.1829331617194,198.43999443890286,451.34196636891085,933.4849706992442
2026-07-11,micro,19158.1157979663,14249.496406579636,9495.98442198263,26909.11898007304,14441.92032170442,15288.319679995599,225.59482246640152,14676.358781784946,20589.827203584322,14882.129725369965,12310.166974821152,3912.828499640264,29018.62310401169,18808.222956356367,1019.6730710330662,12516.0254932207,19034.283402828525,27466.806615639547,3995.7782318531144,16304.218328698302,22566.261921434354,1791.2167410571963,12465.192086632169,11211.745736030487
2026-07-11,spread,155380.16240192315,171225.5939836108,167202.99928505006,71282.42591325611,1343381.166356691,224873.52506824932,10739.388628938194,400790.38185420533,24867.178533538845,19311.377860113964,24991.28076704285,535291.6814337678,209694.18480959997,507279.2611583768,623226.0212355044,76818.07399024504,28040.8224772118,502096.55500986177,81061.54230092253,345582.80182295566,10461.621804397944,358262.4497223145,17497.043718575416,95096.95515212434
2026-07-11,bp,143.1395351457096,139.3815558821091,73.72547209149987,208.16907722302835,203.2967126295103,166.93488504629616,3.6586594703101696,144.91526903335784,131.74797659523543,122.89678991731108,143.47161596419085,47.32504092331221,124.42124114829143,83.84201203242625,22.843044048793153,158.36614317614462,217.34160943960666,225.2720883958777,48.189633616869244,102.03921552456343,154.11416627534004,59.14368074677205,109.54089398876667,89.00487213363543
2026-07-11,ofi,186.20903899999905,939.970790000002,1131.5185880000224,189347.00859199982,470100.94894500135,648592.8464970003,10017.364864000347,97.77825700012588,121.93246700007286,155.73114800005666,34.07805599998257,81.41400300002535,2949.962330000035,258052.31352600042,52.27000000001104,611.6614240003499,119.67854400008532,188.3008150001449,41.193448000043496,113.01203700003508,183.34882300010977,79.51221900002248,126.58183200009726,210.5338860001783
2026-07-12,mid,412.8566835951897,467.6001786321264,596.8978088791378,1754.7132896683,295.22969634631215,533.2108020488984,629.575603705869,2322.7032013382423,587.0307875343073,15934.611117947954,6485.947473681368,302.20717227607366,503.4597973776504,191.55451123239843,13.6488176603885,27.55141081909542,1227.2736095505868,381.2567361028921,362.4674474346541,222.1830864239886,769.7943144511382,622.7420818093159,4738.237821743452,18858.99795332704
2026-07-12,micro,26554.542975797875,30870.31722616785,19094.20858085978,27793.859549392313,9280.796708194339,27340.55886718406,62439.47977181455,31629.340906185465,29623.620683884565,25882.407773267507,10619.324652536923,10807.280567468328,4384.020580580256,15980.67885753724,11373.87734153742,14329.68127887533,37686.029305916294,7500.400839290497,22617.44680167671,17265.670713443425,28627.02460052333,13935.907954151951,28113.925494450716,160130.98012879267
2026-07-12,spread,30255.409740527597,26999.286653408675,30410.943334158765,151613.42475621947,114457.66581604003,19815.431980482328,25812.07679590058,406286.265234855,41251.46347541451,211168.1276514022,219646.2339486276,86998.51740460849,409085.15127107565,35470.31223471453,1588.1272113171067,3409.673152726711,342865.57992318884,29391.06197964787,23788.57241923406,11532.245218805669,48355.71891536953,38092.887552970606,163866.69094814124,1375732.144976816
2026-07-12,bp,169.7020067610949,176.78020969459223,131.6630773373035,147.48140825618222,65.63318537383495,168.60097466566916,310.58869573654107,212.4803437803067,253.50392557833985,174.38779120547383,54.424468913330564,93.93167360721083,62.361042737035554,132.0105115142393,125.43755388649465,136.79554509245935,248.38883014363302,95.65724465956708,141.88257901305585,90.9950856168217,139.73791814589242,94.30997861804083,139.11917973164557,337.262305883673
2026-07-12,ofi,145.32280800000015,326.98183700000084,696.202671999999,191847.32004400025,589538.2909650002,114276.72681099967,33147.96443500122,1301.9021909996925,1367.1536449995547,6041.8781369999115,7915.199682000457,213.12603300010258,8793.135232999837,148.5551079999998,95.71604400000955,162.41775000000175,119948.3758690027,9270.310499001402,65757.37020500551,82522.74480503093,553.57297400008,17291.66717000035,3213.1620330000637,147247.57945600996
2026-07-13,mid,57446.118767002525,38605.28259328509,19210.545206297684,28508.85786357121,71894.47722286335,31798.290776448834,31587.575966996017,3721.140395691648,28523.49653095972,3426.4626806993338,37517.81716095361,27858.35220637814,9170.532327343084,9452.591689381134,33416.78774761144,1847.6958783666435,12310.199814001364,1869.3863961908783,1053.1892497923134,2907.924979847474,12366.24665318207,3398.2993939899648,1638.4907776099124,25405.41764449971
2026-07-13,micro,238533.10679736253,172783.68092376564,151399.8217255098,98002.52422258345,160328.89132639533,131849.69702705555,83238.14146026576,47451.01513667836,84884.54390828927,39949.28104994656,93889.78342821855,72964.80073430196,29533.59253268973,47316.94093560944,103218.86349971611,19324.305518902485,29376.94627502328,12419.397823437392,13504.569714292104,17952.99178474148,21124.83462894778,12558.207612037382,8250.175671757306,48086.23101353545
2026-07-13,spread,3108823.6578403753,1733203.264208235,1591473.0995527871,3055876.4898092,13743520.314994132,10277558.750174705,3766172.7236654535,857983.7675930929,949319.8344784772,342034.2819943582,11726594.432395382,9709369.293301234,2753225.752582881,1571716.1032506528,4485648.774030326,563472.0203632235,1165243.0161714717,363995.78461781185,307171.3879575146,201972.27063624474,1070570.2398000723,158366.99200847928,807725.4899375804,5206139.481147045
2026-07-13,bp,413.17168757267035,417.4143375724295,404.0253696006093,298.37345801081733,419.12594208267205,336.8924627488771,280.29694501821814,143.8068863500769,157.84618936999166,165.20249596202564,230.8628340342863,154.48858377638848,158.13959498048033,192.23604114887092,200.2226815476658,231.1740119077296,204.89273676243883,214.30862543469922,175.56614968191843,197.98887695018206,144.86166695532356,117.62040333175833,140.42391200871057,234.04794510864167
2026-07-13,ofi,1793164.3843319926,2965321.4876690544,1562632.1235060294,820474.3770089989,1960028.6204379902,1115820.3860549943,622747.5402509699,50109.8556409937,7239.668307993507,20017.017201989547,89039.81051498391,15792.839162000593,5984.5350599943595,26772.807834993302,25719.35630999992,21590.74540299577,50986.25219799986,24407.96220199772,27806.749911999184,23533.235656999343,969.2496109999312,1921.109377997784,980.39947100065,32689.757997996192
2026-07-14,mid,119492.22811747361,57865.221000778394,10794.495731737765,36167.368292557076,37034.80316896843,55231.21168638748,11250.721894031383,24348.750246424377,3177.1267647108325,755.4958868037355,128.47488461341763,6587.263369888653,13533.375763348877,7499.344497755262,15164.919188306654,9440.740666728427,3609.042823588378,1372.312436861343,1614.7025367015274,848.6605611948294,1723.1129966443302,327.11579653464383,3336.462897884541,22304.922060181376
2026-07-14,micro,239907.04244200853,145413.21335959548,62197.33254761029,132376.9914950248,129686.57326317087,124964.78708490053,71899.50429711392,90077.48042406776,37950.018166356174,8223.571900475143,4698.714427863743,24228.42307320921,60071.00506497769,46872.94966177396,78203.67274779957,29996.777825540514,10935.434155847941,16277.731112355037,8854.68347991922,3770.0361818313045,18138.4253451514,19707.24118283906,16769.419003079598,61335.965184517474
2026-07-14,spread,10035305.242556496,6838010.491960484,2208889.1628229828,6730620.924498352,10290234.159921737,11818486.94449497,4349689.693238987,8489504.496767752,1220569.253541136,190267.70225251748,49141.862056723876,1888198.1547925724,2767968.153712378,1244879.2335431187,826618.2781551759,2315168.2782870354,342091.6081053036,289440.5208018866,47172.461485844404,8937.067096427854,52474.7444641503,109643.44822975052,396792.3572895646,1191258.4517381277
2026-07-14,bp,589.1798111008701,438.97193255898816,286.8753859518377,311.5296145544937,437.4329464675081,433.9403756274605,289.3551041587276,222.44215297350328,186.79007443365197,138.65366664036355,101.39712415984752,129.0327259917555,154.4886798756421,202.69244491961385,188.37633868239288,209.89050167696323,143.87359766744683,157.28357575820124,66.4222579270664,55.09920437329929,112.27889841242852,148.02157276604288,123.00659548799126,142.14097715407695
2026-07-14,ofi,2507077.6154489964,1823236.7557370001,167032.70759699907,1568239.861699996,2753929.3886800096,2472692.6504200115,796727.8502669795,22667.819194999098,57300.27508999206,863.5690899996397,347.67223599936665,25359.659870983556,97831.73539396022,23934.329633995974,41490.0439289949,56110.75916700021,13788.83370400013,14523.936817998196,1186.6671689996456,719.6392930001389,17057332.559124924,10778.976631994638,14351.54305299844,19988.80067699332
2026-07-15,mid,29940.26425628898,30602.466754795212,4350.111089875768,10166.690711771325,6346.509499813852,11179.982582832168,2277.961324057675,11079.488089084856,33077.93247277825,43833.68264524623,72711.6053991956,45259.9754807621,14925.016901208422,10703.851008168756,127191.72842007526,20566.01809347934,63969.56851782759,31000.24042244185,57039.476378901316,7152.505674621306,4388.766669379206,15106.573822894296,11936.976386706043,53300.31545099237
2026-07-15,micro,128555.29795428205,79502.13428102259,40735.14560011658,70592.14226080799,90196.807118505,35831.44593053661,11274.33088096627,63148.511671999324,71661.32567264786,110973.13135200196,110614.23778228373,62339.14382114459,28836.87439584522,43528.78911150451,248506.916155136,37422.67318276214,83025.63708394034,38047.78383439035,67305.46966057784,8473.097534422657,15956.243579405731,20598.680919015318,19838.165687640303,106133.08598133057
2026-07-15,spread,4957335.440722103,4130019.4885180676,1320905.1493069632,3550509.8034999045,1402093.9540324854,3174135.1511826124,1871989.2821837463,9057022.470441505,10835735.244003484,19248654.210405663,16709155.371253366,12214166.49896705,3291960.702071627,1513138.7087615817,9424721.94413875,11952674.044081103,11573673.813939475,14924677.971861755,13542557.298147092,3528095.3948539044,239455.452774306,1053720.105504425,556302.2889509994,6309961.481632845
2026-07-15,bp,402.0529335991269,459.1275269587448,196.90002280864752,233.7920823502522,327.84818268168374,140.73744743589157,70.41206109579493,182.8849127288855,157.8599557837471,222.45480130348824,284.91464041900286,173.55996186045044,172.01381284366016,151.0997197884578,323.6895772722932,189.32386394163285,281.3553074141421,278.86796294777207,186.38968214135284,76.69419895574502,102.37145375818852,117.67837173976577,103.87884272162879,261.67138456064015
2026-07-15,ofi,2253443.477007007,2470938.024837006,598356.2703629715,1537857.1001530054,1449824.0040649928,516489.2157959727,50931.51648800037,61410.177257000454,14959.124495999715,26382.04206000142,37190.04558899929,368429.38176799694,27303.30444999912,2460.1248309991242,89101.9712750028,21305.419311000052,17898420.198937014,63249.901147000375,74007.92836400044,308.1919469999522,367.67552999994075,625.2156829998404,10758.113794000163,53957.274881000776
2026-07-16,mid,68175.80231881022,16243.898682029178,19386.589133359306,21670.66216320462,26157.551497922374,13783.297823456578,25220.573864383383,6356.751894063509,30629.082661026678,23110.463537543397,10595.056541010825,13132.893211180502,4360.755619786012,23948.925255312006,20962.934202233446,7501.125852318905,6677.990260345795,1735.5678251491088,2412.905479509253,21066.1492197884,18779.564335982996,5435.731003418609,6014.778815931402,63464.43584562229
2026-07-16,micro,229952.28221993946,100371.45738154647,131433.7375597908,73627.20434339414,76375.8546399653,88822.68992067133,73058.60399580156,56661.356449318846,106554.38997803188,82924.8119717606,42200.715033789485,31577.50477073149,20272.609831094087,86241.87662704039,50842.72162639404,15397.303568671032,13331.104124852165,7847.802399401376,10498.41089872352,26286.954717695695,34825.101083730195,27711.84381348289,22105.620169038124,216223.3131310032
2026-07-16,spread,6185318.373135701,1027079.3805535771,2668704.808341262,3356868.3669350496,5746373.223145525,2624209.0758516225,8909594.32047513,919067.6825550272,3335168.632070221,1135974.5565802222,2494038.328775167,2176574.1921176007,1055473.5409971776,2688846.1014012424,3569863.017369362,1681576.255224445,1168703.8824634196,1355851.217316855,267287.9006437943,1118856.729820433,2489860.8096384373,1430793.9048468175,1612893.5702200262,1610995.027405422
2026-07-16,bp,511.85272821943875,411.15855272824564,385.8746483546496,261.88944591713334,323.1173849038966,353.5886771240036,265.59046428467497,168.58259882108,248.31812932045275,246.2326044096532,266.7664180451984,273.02495475684,197.43353888108274,342.9746970376988,306.87779261007717,282.6934438066978,176.86089852981107,137.3277324237344,164.63220205432015,203.1373409324268,176.08098875567228,224.44602335124608,195.99340524962017,348.31998115912836
2026-07-16,ofi,5183640.788635002,2889571.1442329944,1958605.6032899984,669867.5275770072,2090534.1106290037,3346341.728306018,1129929.453570011,52210.711500002515,102620.05684700179,112333.66989500044,72776.85899100162,169488.90146699836,19629.069534000606,135904.5458279979,127090.09541599845,209222.36432399976,79155.9136519989,4957.00051499955,1394.2698369999546,25036.715622999945,31526.980696999297,1527.0844690000404,1082.1682189994144,127333.33797900137
2026-07-17,mid,302425.3934430721,72739.52241423438,39299.15332697512,19708.717210192255,24171.196534525043,19126.95561948041,6754.390024374804,12987.981966634381,58936.14088938418,14994.293752377052,26289.94567422848,14118.461496077003,8835.232837484204,42647.520895486916,69482.67328867876,23096.525724890933,102464.26558761291,59062.409141414384,16905.454490589327,9179.383620816154,21665.781786482938,8910.138908408924,5129.956765260483,13636.96303477853
2026-07-17,micro,470946.92273531866,230333.17511443005,161062.4986172223,70338.10261327437,99463.70566010421,57161.85396889902,48317.50349923611,51178.5473867417,127799.32226608518,55370.81006389952,63548.89672334176,69509.76560036416,29798.550262791116,98337.23635256762,98899.05198091571,36911.05476052597,106516.8424462184,74642.0925014431,29569.29268713155,23475.03810738034,38101.25363467735,12587.959176434671,13747.567489780979,38222.136699643976
2026-07-17,spread,6947249.207232354,4339066.192562865,661484.1857355048,2879231.8716084734,3031802.0256097773,3972721.033292753,1397272.2823453662,2393133.0749265514,2654167.0434615444,1995878.3841987555,4176496.839318718,1780733.9847161183,1373833.1176689896,3443316.659304595,3902073.0081126625,4349126.448271494,6496157.125678341,5215145.393350959,1710912.2590003116,783582.6884118589,3427449.2269196394,1585012.1457016382,936796.1793444286,1197954.8424822562
2026-07-17,bp,479.42602218638876,489.36407694112756,337.03023817047875,353.914117771257,372.1362869936889,292.60074597207074,295.75938204886785,216.3872926728602,385.99576873841704,270.4297580916377,348.9909001975307,265.0940380322386,107.95210092466907,358.8637708960891,296.8661558877528,237.80491354551438,282.82368239688367,281.2793297995988,232.84924647581568,187.904035799201,194.61934738351005,140.44090142668077,101.44953850475254,212.31929220635558
2026-07-17,ofi,13692167.05654501,4649475.507919983,912983.8100059803,1190477.9143160083,751541.8761149977,2691825.7471570102,560731.3418050024,69298.13035900072,112852.38315199917,113693.05657700232,163410.7523679996,176344.29052800112,327337.70483999554,488800.71324499644,159723.11938999782,190811.91868399802,282971.1316140078,144228.2685330031,8142.833811000369,1813.3943840003956,3967.4687350001955,1769.7776720006254,829.4027450006889,1666.6298110009286
2026-07-18,mid,3136.4137272971248,2198.670029663999,2992.980836225865,4312.354459575349,8472.77162184854,10502.894967238937,14058.04614809816,1507.2942210467818,397.9581425347709,1181.3491753222222,718.3576616929104,469.0863247931788,2705.7673158027355,2902.510082972244,1273.6973229068042,1720.990030980049,747.6758989958859,1510.3304751799449,942.8494273357119,9214.169650988755,0.0,710.9989223767857,525.6156241118072,1139.587814481159
2026-07-18,micro,8139.180910802086,10389.074105959106,14128.274361927299,17946.084192046812,10087.97147949202,16238.13038774206,25626.704156475913,11558.736289279443,19828.262390210617,18752.428637627818,26625.09035029495,18817.998269894313,15844.807228903028,7069.009410271702,21104.165593458478,30003.9805880776,7462.589619061791,9208.00359864845,12111.54358712528,16971.64663294915,0.0,514.4518516265103,1341.2338776885656,5628.894728629079
2026-07-18,spread,1557738.860569672,354720.44989673904,572885.2083254379,656965.8225611978,1349575.024684197,1102254.859217189,523049.167840916,623016.392173757,27329.94388771278,136682.1186483309,302645.9550280652,28381.97335192454,654142.4158216555,96927.10557419584,121562.92838616903,529500.3574871166,271513.8653045223,463087.57486651797,79937.30532634823,365854.42498659994,0.0,224620.66370075938,391766.5550731746,326201.8163990549
2026-07-18,bp,113.76039317193158,138.04696892547994,170.1401340001933,184.74808957673554,107.96580384482391,131.85644678243276,158.58164896282943,161.47314356112992,207.98551547690244,166.68841550447345,204.52238042413288,120.87015768677644,140.7629348570694,82.76325986093778,145.3229900480135,203.20163775788862,147.723990768568,141.79055024903923,72.23638082375503,130.88745449922072,0.0,14.042027643555953,40.6081446625839,151.3628939064223
2026-07-18,ofi,1012.9337609999989,1117.1367870000095,1094.237839999998,113067.82856700006,9534.244669000027,1021.416308000046,11458.492588000006,1751.912118000189,544.1648140000956,1415.4948620002015,2039.5844230004254,1465.7260150001189,1556.5193360000071,514.4656190000154,1024.956708000139,11265.988923000034,1106.3187940000014,2125.109055999823,1141.6020320000512,4366.235410000091,0.0,493.2339240000152,346.7008079999986,2281.2013399999582
2026-07-19,mid,1308.3803843087135,1881.1760333674924,364.61558674982854,820.3030062972078,1086.8079213515243,699.0051668485901,119.57282659979091,586.406210386048,1267.5382477623584,1404.0631137121873,250.21811092611478,737.520100646243,1377.7318494447413,1474.6551010364453,97.77074687229492,485.1554162819508,74.60338405873522,116.83186999164023,1543.7505005185867,1536.677688188206,713.9602888813309,307.544027878927,4590.232604139519,13872.423137333937
2026-07-19,micro,16527.84662384011,12072.388478865621,6605.490846915671,24213.61799454999,3636.908446263375,6734.955565183125,7958.776642552814,3289.695190490927,5694.297310944659,2311.085099058846,2440.6795458275496,9229.363982831293,11845.460909488314,7173.3859688241755,2517.6082554298137,13493.074715267003,2402.763535917198,4886.613564166967,3642.225979697422,10716.054044764767,6611.798306857768,11621.512893909803,17346.539963085055,58586.03315492749
2026-07-19,spread,38530.860125025385,551845.3110867916,58591.09064242078,61296.89785050337,715601.3800053746,80783.88577295367,108521.1271285849,298381.9463142809,588761.8651134946,683299.2241363195,197817.4933276264,67706.92144441971,786745.4677422795,368388.11587892723,101213.92761977737,87049.89803367761,15700.307825757227,25865.196988580894,827172.7523945146,723752.2760320817,62204.13844452453,20669.124734227047,877392.355291982,2411626.008932946
2026-07-19,bp,116.60789168592754,101.60925627241531,140.95885525847302,173.01456219805686,118.2174036180802,73.37912245539252,94.29607205134238,29.12042019423519,56.899136509896245,67.5382931195008,53.546789445900785,79.42758850393201,163.2124381050431,57.743091671691445,46.34842919209078,174.1348206916311,41.5169795725617,74.35002168476753,31.137208470293935,146.76904858548977,108.61356491450499,87.25848338076113,144.51941508587856,238.3247017141045
2026-07-19,ofi,161.7076139999997,1409.4791019999946,1492.2984789999596,2319.890515000058,593.2174760000302,2462.121381000106,47.91219500000023,547.7898680000035,9126.009492999998,408.7541439999966,995.6062739999979,4332.515956000021,2462.4214380000767,424.2992780000119,35.39019900000325,1524.1838309999753,145.1866599999999,361.19680899997235,8037.541622000026,128398.83748800003,1268.521680999992,1008.004209000004,1534.408770000096,79963.04150700074
2026-07-20,mid,30465.76274477111,7692.5900405614575,19059.17024023856,22663.93057513477,11613.268615248438,27018.12659483364,21124.36563177027,5794.90923493248,20174.966591374145,12423.375995355571,16146.009731954497,7310.867946010194,4605.97601338214,14724.824084961969,10561.5056178185,6839.879439610079,3433.4794686559467,15753.942644769077,39049.26805385208,5304.415658263804,1847.7006551811269,2061.700127674191,5393.112556750366,190028.79349206897
2026-07-20,micro,130389.20451060012,62062.76477668099,43021.92310420518,80819.70931840208,77255.94829866066,73528.17921708527,64426.258129546004,48599.671112761884,89178.87014912238,53570.610778651215,24285.54771312558,19617.46856582605,18361.219728382173,37589.40144548878,35486.959168755464,26245.72819584789,18745.78973410692,40264.43245322036,50865.444454481876,21664.9471900069,13436.131346901651,5708.953448124814,21237.605623937845,266698.1283463408
2026-07-20,spread,2646208.8194684777,869768.6000445649,1347341.586765338,809918.6320007665,664082.0174749747,1999618.6885823463,1940944.1227439416,1050083.4685454478,815586.9628333516,1089669.1108604805,1471593.6519672705,558167.524545894,761488.3728026215,2474141.6334067862,1597990.2923350781,2190645.7184895575,2294824.8800480696,1898057.5919976959,4925684.989028989,1782334.8103467189,951447.9560823127,547163.1816251416,1868306.864318924,9952548.607148655
2026-07-20,bp,285.6956666520242,200.59196261818417,163.94409777821454,202.613875192141,208.22288365399,209.26040659893658,187.2960843534752,250.56860039329374,259.3487236819163,246.1905226161389,228.23188571017346,203.65656637550177,172.6914834087207,187.7353076414335,193.6584174168796,237.91802330937037,205.84594218011011,204.09568173433183,228.79661448805993,237.87772384533824,186.25396261865936,67.32884984748962,164.22873598412954,309.892457533162
2026-07-20,ofi,73744.4331430001,224257.74590100013,139898.83022800024,12851.148439000037,9691.01478200003,181295.89134400006,42991.73798000007,95344.6641800003,45712.849586000666,3784.453412000098,4502.093766000081,29892.2399199999,7333.548964999947,5160.151416000214,4257.330486000236,35618.992621000114,2274.707872000222,5616.346435000305,50330.5461250004,24560.262263000277,17268.90785900012,3537.248175999982,14491.375685000221,190931.42415499937
2026-07-21,mid,119937.02778460481,36545.91481818572,28382.258709127123,35173.98387708364,16637.707074770038,7578.974834920066,44562.74332048972,29088.044113879118,14738.566912707854,16550.599496213374,7441.829396876727,4199.237029382459,2263.1663334379905,8586.00866713075,10586.42801474736,37662.66965633018,4011.376122427785,4317.824179516256,6774.53911370095,5166.467399849201,10063.81437386742,5757.3223069055275,9933.442717708445,22069.59235338093
2026-07-21,micro,221292.9728805879,115308.92996546117,89313.64405168795,102165.73060499327,99201.24305127881,92687.53758664925,99601.67564061424,58587.08012293544,36982.91863708027,46667.563781597666,28075.355631513343,16410.54493854781,9538.03140572225,21751.989453774284,30664.775936627026,47637.01963156385,10010.214910004801,9257.611168945206,21601.48484065538,22658.508253824257,29796.527456901425,13543.805556272622,19396.09468987921,52006.00760755625
2026-07-21,spread,7957225.748737042,3232169.5921888407,969845.2982991706,3469093.0990145323,2343054.8101717583,826357.8982970945,2043244.926070795,1975166.499616178,1007101.3531590564,2145329.934890593,2938641.0222189403,1949000.0890501295,1674226.3262586643,4560439.967303363,3553991.7247980204,6637826.95990733,2048634.5027453667,2600722.9196447483,1955855.8414499634,1538490.219329684,1525928.8205257568,1572165.329623375,4046951.850421659,4680006.245667073
2026-07-21,bp,504.6322192318315,403.97500223648586,309.6743609643364,455.4482314228264,502.8491924926727,488.4550648683756,391.90399485512387,196.13267840108756,297.5289361747199,258.22115169723,276.73692245999507,222.82927358485054,163.9139564235667,297.89485212060686,299.10534977052504,311.4593617396816,228.6789055482875,250.7629373462698,321.73046454727427,300.224878496403,292.8607693445076,235.87166841235575,268.1725319669319,377.68767967464635
2026-07-21,ofi,122828658.9035506,31060357.442583244,16601986.054283183,16610497.27880375,11059538.200545685,28923584.855543457,19634612.00169295,15640.54037503781,45248.67508502058,28578.972008082237,37519.65475895203,21140.47371000845,9288.697376005348,205723.14076305594,145628.1719869798,35281.20794406824,17104.02092602072,10224.846500032674,218131.74741913573,1469.1629860262929,1218.7299400270801,1070.1815140159756,13218.22242401787,143557.99640807335
2026-07-22,mid,55248.95135702986,18585.02518148055,18121.209796424133,14652.491651927743,11145.426113355237,35872.55655534251,11216.527761930007,2750.1522820003906,5714.913273456956,2130.993824211189,1429.176762537834,5285.036116608139,8740.286955308624,10553.458791082212,15292.403579367034,10513.96375332085,12231.790895252898,9738.144774194698,2129.177611478425,3053.798026316532,14898.209146914543,13834.257014343748,4267.7711599973445,46734.851893752944
2026-07-22,micro,93365.68776610443,45437.740097552,53246.876215770295,63967.89134675532,78159.52159969643,228254.69274013722,68602.03882413307,24804.984517635447,31976.66376613935,10424.809567939494,5155.602659985883,14676.813562037752,17936.231631802824,36237.877938665675,43018.5336664399,38138.14260248948,23761.97241427843,17062.7319202892,8123.108080569053,10392.3610774011,31440.846848045203,27102.68231349593,25566.457554373683,107824.10767443456
2026-07-22,spread,12847781.772541571,5939794.34879026,3035502.3787880465,2600520.009037036,2992458.3702731105,1353809.1678197826,1445817.4538955598,673589.4876387642,1192628.649815916,752681.8747375523,1793248.0567226592,3601602.930650036,1362509.632783691,3314720.3640179816,2913454.6503812512,1440522.7208863758,1580037.500979122,2252398.374296821,934440.4443570352,489852.83191799605,1556538.305942369,2746171.1184789976,1254274.8140781012,2925261.035334996
2026-07-22,bp,497.2051710116599,371.9130091322133,275.79661668302396,408.54893282215085,363.88054085460055,568.8366422493087,432.0672512088691,269.3632921619085,297.6162769741586,154.75089793495317,99.94578358096481,237.33815703607104,148.35579971543578,270.2427305923091,335.5031286139921,367.0515812715353,273.18756608409046,171.05482251359132,189.35064735849213,327.0965196690224,298.4530431585324,220.20142313680626,284.25617313395173,329.47505323608146
2026-07-22,ofi,1445534.0185539986,1955213.3572709989,248355.6318440041,69000.84464199975,542857.1420440002,1256957.526801,404401.5617629969,13832.467353000076,24208.120470999576,18957.01764899911,41045.82954999961,8975.27691199948,56895.33029199943,416338.568233,66348.25104900016,35472.4223350006,157567.8143460007,40117.405087999316,26619.38823800008,61311.50415200017,10823.960730999626,1016.6121619996651,3626.5958170002095,292513.34149499226
2026-07-23,mid,33608.003267394684,13711.314912185742,5369.265331375177,8023.3408285707,7387.3551289048655,14509.619291261015,12494.734267480184,5779.249986437843,11538.731439104302,1861.1780613781991,319.906923404528,7842.981270025021,18626.721961022016,21621.283483696654,5344.56287388616,5968.965524019349,21679.464885688856,4222.779729756442,5151.202569222633,6215.773863641602,1017.3658454235153,2965.9734827558573,1319.8876205915014,33383.73327154173
2026-07-23,micro,196199.52197391726,75293.36158267614,73063.28618840684,83974.64665179144,74521.70599449592,121430.74631032138,101921.06442441163,61240.942673007674,49235.518901831325,17822.15136093788,8366.484205944447,71111.63790391281,80402.17970099008,86016.86992032533,42772.216331494856,18902.46878260596,31812.62031628784,18018.95716546431,20200.504076434256,27201.843776620997,25827.002170463526,21749.03831104048,10695.804453961915,113345.44948902629
2026-07-23,spread,1797516.6848755362,2147777.637545316,700723.3606084017,443510.51599292766,776210.7984442528,216070.03917810158,1361701.4183814118,551912.886771133,2113596.530376221,544912.3368834439,285904.5497910265,769573.8664762797,1166453.76145972,3887919.2187416353,1739324.6902167539,2898481.2484950125,2103703.346431429,834697.5363547355,556612.9838553411,597387.9611469936,105821.84941237602,452491.3517627254,379493.3054397257,2625385.8357048347
2026-07-23,bp,433.9657010730704,371.3832534209357,409.9606830395269,491.2057390977614,286.039202767863,413.1767533250002,365.46079481260415,294.99686447685497,261.6420997422529,202.57000545042527,205.9347222672641,350.3239691548675,305.1484745198237,288.20323668748216,228.99701931286512,237.83582580012936,219.1823733299706,258.8800246091876,228.74613199311142,219.07190781733473,270.0864168519018,256.3937102898552,155.13395600334331,354.9212183042975
2026-07-23,ofi,2100455.6745730005,421387.6129080044,822134.5877429974,745888.6351829896,424191.38753499725,1133761.0844230563,1788275.5521930384,30412.799800007444,74043.44457199036,115327.25423800218,16412.51544400128,62261.87540600131,40893.257034003545,423867.9204929997,77892.1092950075,14192.04112300222,59646.82460200042,2618.4800520001004,2238.3064760000443,29552.3022700022,1414.7689050010938,1355.4863260005861,612.6314890007103,119224.24046899643
2026-07-24,mid,85857.68192117859,27850.53786127415,18666.884867450906,15821.29666127793,12862.99658394161,11615.075211768872,6604.646068348325,6698.709959150036,4387.980745455653,5484.185272414172,3631.593844094156,2413.87370729125,3559.1579082886274,22582.499119645116,22135.245181134094,7712.07465247648,4907.247276131773,2693.983636143433,17868.976661152352,7140.239387301101,1490.6561065983972,1952.5053116373103,1223.988150690569,2332.880917979166
2026-07-24,micro,301447.9919784512,119576.57761776772,112441.07219547199,82299.66786340726,71466.7223953025,122761.41972030487,65788.28465867697,38783.0169734691,34590.802718100815,9804.191143740525,12295.371361154044,15776.963465624936,32562.928486783218,81236.37794936883,124183.73825332355,16301.4595020508,14306.390041883431,15760.76215589598,23518.02447881927,23205.83539730359,25587.025621794757,19242.268461135653,16288.071931605173,21224.344148451924
2026-07-24,spread,1752828.330392547,2077096.2291445828,1431930.5669980014,1032225.5998955126,1260468.9778048298,648060.3042085532,774313.0205155693,1049539.3639218446,1905272.2779758533,1173854.8952195346,812184.1405673228,566730.294807623,1135248.1313132027,1144522.9176246799,2503208.61912478,5386181.7437373325,1667744.7678941183,662589.7224571347,5024013.809328156,3244812.867060551,96142.50589675391,629972.1892383872,131722.36192252417,189046.52219762534
2026-07-24,bp,558.7991406561534,466.9579316856868,396.2951623837717,341.59913046644516,347.6283194083172,491.91949112524173,390.59260699146654,276.6096751931856,324.2276380440252,283.94164155102607,154.4784899670379,162.41245546071173,265.5963446198095,378.34594857653695,433.35632186012856,191.67528987356854,194.73952387092496,215.6869464821708,210.38063628156817,304.13260919763025,182.16758377582872,245.2741817323772,170.17660456145316,247.51166670805574
2026-07-24,ofi,1808399.7112579984,600663.6242339975,1077894.0408320075,2924215.6238499954,1057999.5185399835,1273531.5386900196,3210201.775070051,32481.039025001915,9359.079728003295,5946.055682998819,165863.88695799388,751524.8041360097,105927.21757499562,114802.46421399918,170187.5455749967,15376.697805999645,867.4222609995684,2320.151799999269,14993.841157000286,23683.657188998255,457.3943289996981,303.3798809994979,368.27494899962306,645.8530839992645
2026-07-25,mid,4367.664378389218,705.0931991661898,4802.033397769509,372.5882259965118,1727.2382176809683,2510.073256160622,900.3085015677949,3332.132434437981,375.34468431753,794.2762256949849,1129.4112901166955,1435.1285160937966,1251.2720154433584,865.5976666424439,1032.0883022979597,1609.2754138301289,3805.2867864172326,1251.4830222257544,1015.0180892564929,1559.4024231036651,1927.4578375562785,3192.2338347045147,4283.198938154055,1951.9305498766764
2026-07-25,micro,19342.335851688807,5350.559599524377,12760.691690994248,5321.059070818996,19367.48964705817,16721.975722822295,7851.3262851242125,7464.748763863764,4083.2124466466944,2219.766262235653,11384.146136336305,19682.830712513507,21220.51990636181,17103.53045796615,13429.246081983716,12773.763442704407,21008.78082032659,36806.00525102718,16063.343705220756,34010.961701481705,47487.684091065974,34343.60882466311,27752.015265287027,40684.41920403785
2026-07-25,spread,917150.7666474839,754994.6612056097,1261563.8679044778,228824.3646604433,705460.9855382775,516265.84713990777,205596.21797249245,2498438.984248122,769463.0424678276,1344302.832870906,249586.60597987258,281864.7658479134,149460.64341772458,171052.19523989077,238651.13621291736,465181.86542987963,1119311.2006824582,139370.2343123246,217020.579975333,122122.52448062513,108571.8288504964,246692.74653756473,905372.4101834117,167654.81532328157
2026-07-25,bp,284.45792429840606,151.9625559976913,265.40323012525204,168.92538552231423,190.76161160513306,210.2066795083884,157.2723520720981,233.12259675128394,168.41452851974597,114.99135048634172,254.30655297781033,339.6223710002285,216.38834213559545,219.06774875867822,278.63837407581406,261.3459514269867,170.6888588280679,210.2385623237096,144.6073474176325,225.9129864124907,274.9589241575906,238.0435199553537,206.31558530658685,306.98743849001687
2026-07-25,ofi,5823.788353999987,372.25356399999424,4790.736803999941,738.9164989999954,10056.947327000078,3510.053534999895,7657.873751000476,4997.317361001023,553.4577320001354,6257.910147000936,855.615762999146,819.811939000739,999.1784140005667,2006.8285110002842,1240.1628739999978,2102.872843999795,14164.566026001792,2116.401029999764,312.07468199987875,1556.2066679995978,3582.9748389997008,4964.8050059995585,17806.292027001306,2637.538393999192
2026-07-26,mid,3838.858483576575,997.9784836831985,1455.255579940953,2375.3411118925223,3183.250962581407,22947.658204068655,2451.473918821185,930.2242904375229,1777.0009390839111,7926.310574432169,14910.124214756752,19297.03292419951,20777.221980142906,13177.346729444716,1757.2035241039337,6548.337492620946,4450.444273907859,11954.541670536948,4946.616604283301,3285.783838943688,4520.80085136585,7883.7995722240275,5928.315410257101,27124.404745413016
2026-07-26,micro,17549.825151848236,5619.616274612583,55794.13740802266,45902.891269948464,19141.17955999704,34975.84594532157,17520.79472364426,15434.13097790337,7479.938827360841,20002.93152946946,15759.722542768493,22883.923624591265,22010.25340291516,14506.087550554172,2324.333571693012,7437.022249603004,5516.257791406736,16150.666709283649,6221.096437059539,4277.896428875609,6059.250541448547,8439.564895508898,10307.451099178958,27136.325440889854
2026-07-26,spread,1443439.2200490749,187474.33362012822,150677.17980283394,253243.9843306951,381898.70077717036,1721002.5266850353,151331.4046199566,76461.74779050783,941002.0798337838,1783204.1106688164,6123104.863097293,6033096.058459518,11529976.587654276,10539250.865774484,5268629.683732368,7445208.309483148,5024386.433197863,7808146.730554615,6132676.101338372,6789343.623494368,5215913.568426113,2638545.320843099,3569626.0958882207,4611926.735443897
2026-07-26,bp,224.735551665999,79.02300150737122,482.79079862362187,491.4282705601949,197.86555882982884,191.57307602867462,156.72710301777678,144.027663332528,176.69562960522805,258.04181471387216,228.81981431329643,194.92796518068803,286.45890601134676,219.44793399480602,326.62594891400596,196.11389627568093,175.04747014219038,231.49608233895552,308.19481980947154,192.02930804706028,250.60304246540562,164.2560419030903,208.30388460355368,242.38256523418823
2026-07-26,ofi,11246.931357999954,3453.7705150004163,1419.2923030007194,1987.48223600087,101591.89287800061,226255.54377399953,10115.098400002029,8383.522539001682,5400.713131000096,1499.1062469998383,1671.0496490000091,3225.182176999795,10101.052658000222,1238.8337439999689,411.3246679998907,40154.56287799963,18953.768448999355,44724.928315999896,950.1222199999793,250.4945920000104,295.42779999991427,630.4515630000851,1376.501869999815,3750.6931369999593
2026-07-27,mid,219201.13809362493,75673.17066569417,22229.038412023274,53833.48250266303,49994.91491447083,28657.43057248607,24138.513992485052,43747.37038328659,1968.9246750662837,1797.0005842648186,1196.5995665363391,42391.54468706174,15116.271886699882,27789.70618564478,30821.603591308365,14599.402057554507,11408.96079276188,40495.44271312562,10207.868007617526,16804.479053654497,13769.165495315803,19266.1520409629,20580.874992411682,21398.065132812117
2026-07-27,micro,261452.11470470898,86586.92511024888,27484.017810585985,55650.947859229644,50640.29572460516,35351.20148504638,29033.32395733472,70416.45622776751,9823.866546942474,11546.479632911161,36397.89927914495,80447.58489384694,58322.36260749732,59924.51872640922,85083.91004066626,23101.49449090519,16921.160293435427,41905.95056616792,13261.60736709862,19288.823649337588,15201.116573409217,22313.07087253263,23448.103245674953,32609.44885931948
2026-07-27,spread,7213073.411105856,6893115.564953982,3847259.1510827625,5755325.856233465,3070471.8608162194,3421699.232928256,6621251.396314066,8251399.579064512,2025953.4035940997,1117500.477641159,686182.7849535092,5456745.783633702,1993230.9425183802,6883493.402011488,3503347.407052572,4722672.710305419,5281233.090035752,5905161.445992363,4512013.440170756,4543919.6569033675,3735358.9004756254,4426215.423778813,5816589.293882362,7166601.765235235
2026-07-27,bp,500.6352023524254,398.89559251628407,262.66719807788365,262.19564297904054,241.29282147519916,324.02976708341697,344.52694415831206,265.1676291582561,224.35603415163655,182.17184819674478,242.0112986280463,259.09211603387354,251.54032006933616,218.75669819199607,403.636836482488,205.99385072076015,221.92299477056633,326.1023273126563,330.65938999668197,302.826532059733,182.2402015889151,216.80656060720767,253.9217854125441,326.91828885142894
2026-07-27,ofi,21527713.41543007,6650323.091199014,807786.7931290045,1136798.362317002,426186.8861049992,478239.9779720005,1838360.4794680015,27740.09940900036,5290.394207000241,39924.62750000019,129635.86506600108,518066.462206001,19151.703623999856,710827.9222200011,867928.922289006,8694.739083999819,15247.800187999768,19607.79277999961,16116.683514999653,76306.27203299776,6500.339079998538,1779.97275299918,4353.581402999433,18970.065879998194
2026-07-28,mid,408667.9958897106,91774.04399274533,21627.598447088076,26265.135618608663,10887.71111172818,5381.642682818364,4001.726913108499,20913.90907335371,15343.320621304096,25881.57203418209,10593.81507856604,25198.925038632377,19961.99305815675,19831.622974790407,49797.61608607643,21222.359037627582,8711.891892022622,7410.588662625368,6055.711139801008,27011.031092936086,22758.475451997216,57246.837070535206,26204.2755068075,99451.9545056446
2026-07-28,micro,477489.48214890185,98873.05182805102,24556.685725941494,31999.33620513974,12400.674549923091,5357.027479566755,4554.29568556022,22689.558903615016,23549.107446575945,24867.558331552435,12232.697980235233,30783.357675953648,20644.007764325568,20750.02750528166,53243.769333029326,23504.50243105358,10772.65820460173,9618.520819338717,7465.8770381921095,32618.798856885605,25001.373173891054,57610.9711649601,30772.33713320191,113046.21072999258
2026-07-28,spread,9127165.562516095,10262740.572185209,3632231.027479232,4630261.266017026,5784590.515474619,3073524.3865495278,3143535.7753495597,2655919.8210740304,4374803.242508259,5760600.140166355,3950977.616721311,5786232.518685567,5565781.042598364,5490779.150033978,6279847.906563851,4769792.789570477,2463801.201619731,3947048.8573429887,3890657.6299971314,4618476.406078995,5267001.893579203,5886876.082761067,4369839.38279209,6818307.634256595
2026-07-28,bp,423.2016113135576,347.8858582319994,246.74853229199215,295.34622753116986,212.82603738242352,180.28672097631318,178.96187032151582,215.80500973650996,242.7811169227091,199.94662906856206,214.10686170750856,228.54622911440586,209.04694702918044,256.69731064146106,316.8199960254905,244.5143258243259,218.95154968662027,296.53076246385814,298.6370604385855,375.1561752968567,232.46352829867064,316.3030223653493,351.79488861596883,327.3221823721074
2026-07-28,ofi,11608784.213847995,1272661.131401,88355.42211700015,1005053.780594,577234.9669270022,86485.42769499931,22268.0709809998,164303.65893099958,1122212.140314002,1070661.6268969981,22280.028474999963,64263.88201799971,184851.86016499987,180382.71928000115,1685563.7599079981,19051.025557000652,30050.189326000276,82779.83525799897,16991.203118999616,33496.10575500061,6760.042807000015,17234.195505000014,232712.15140700105,594214.5149680016
2026-07-29,mid,259591.3316013224,142940.2377854709,63197.522734322854,53968.47570575684,68306.47473566224,114121.97695516287,23010.28264471164,13979.283124929,7988.795720712039,13607.572027003844,35979.76308644871,7782.534679960429,7866.982326572081,48978.7841936403,37387.161093397845,10429.834950425731,19426.55830873745,12439.072520283642,38252.19991760682,89961.85970602138,20729.23172972409,5827.411277785861,14982.735557962069,36009.923437989455
2026-07-29,micro,329123.5066943995,148942.88956834734,65531.3543208514,176792.61349313753,367506.5506629769,413275.2164751351,138168.13162187007,21745.25310129647,21003.238838828984,20657.594341899374,41740.04144576709,10251.311663862301,9993.583399421972,53192.2473918549,72363.38231976466,19870.40287714898,34300.64036315786,20337.90703380875,56728.65885827103,112195.72933511219,35248.51758737968,20526.206110498224,26317.71251282707,98876.89564576115
2026-07-29,spread,7686245.8403965505,8684173.01615168,3690687.3910946567,2353426.8047204027,1541437.5351605052,1555887.2104858519,1524204.1290573115,3480368.4383145883,2869063.666339884,4847381.98798538,3003760.8729459504,4585835.329157967,4324779.171865909,6522549.472344355,6705333.571604465,2026421.7059540718,3188971.5403451542,1389676.48821743,4032650.376110366,4154462.4714538036,3544479.4192353548,830870.1753173552,1554982.2504025747,4277371.520703257
2026-07-29,bp,444.42145547685936,377.33820346735524,250.64277104517558,420.67485466143023,621.4945187192608,617.0951833557386,487.2827640790496,278.3905617358465,356.2454870156738,316.32581101572276,351.74334874688026,180.99162912492363,216.11556261115956,292.32370354336933,420.8151828256564,193.20858368024062,195.38687622537745,142.19628352128677,302.2311738300076,242.29082529783528,223.36093302115592,222.7083015414902,221.32670526269013,357.9066201728172
2026-07-29,ofi,4382877.812432002,2603693.756153997,486169.3347249961,1895592.0274029565,17669291.00103698,8619407.961020008,26060306.181015063,1651246.0572950027,138164.53507399996,237174.46612500053,59879.910873000095,141191.77366499996,1391191.1423800017,457218.25932399824,207234.71921400237,27172.523026000224,22596.210333001443,43193.500027000235,69948.00542699943,173665.4287489984,101933.93484200019,39461.74463299967,21631.74147300029,174773.1428020004
2026-07-30,mid,492028.37521983654,252834.34917192714,72164.0467335342,64700.16128846637,49037.046112182,35892.352609733054,15579.073787774403,12224.296558486029,16286.004007885984,4185.125581083163,7615.403654942657,10720.068700073361,7349.20179664204,36659.97580844115,81373.74307561824,29236.09938996086,59599.90998563832,32632.628788171576,15812.090029409086,16860.96509933216,11111.917938404304,22457.76919824295,16937.339050401177,122935.04279048141
2026-07-30,micro,899473.502168425,674636.1797727969,285579.95119208563,226231.20551446622,255044.53611803296,229513.25900675484,117920.60908477588,43456.786802941366,50226.24752527335,39661.84199859078,19821.10989556018,55001.611954817534,40233.16928920988,88529.87061808548,81059.0657724141,37678.47792566362,71921.98139577628,39110.81026722686,19111.499465880905,20833.06641006076,16785.88008731501,25917.16495393014,22962.424427200953,170566.75682871116
2026-07-30,spread,3191897.5799383596,1250998.8355248945,2511341.3088920955,1290779.6664542311,765411.3456781785,528273.6372284616,730539.0672558974,1370036.790543286,1953691.5150408712,626425.8570792846,1897906.405984452,3187225.477716988,1681695.8583009434,3881182.483726631,385868.7011943234,6629486.858536535,6038060.487599695,5939526.391435706,5634468.070713862,4199170.581752629,5432399.889021096,4707373.935079316,6584663.914546297,7983185.659180114
2026-07-30,bp,627.6628399353144,673.2916681012935,430.985148934583,564.3235811724396,475.2322834656125,470.35975459545017,334.2427919865028,157.92444312173717,212.06759517758306,173.56267186169822,204.73296217164923,393.36794565423344,298.8503876163493,354.21436943041834,21.222813006777784,352.0144376560113,346.6304297827878,265.2990082855692,321.8132011852714,365.67614816524537,283.4896708949604,238.56205898632226,233.50775610204522,366.84646255440236
2026-07-30,ofi,22943572.48804801,3560075.595232991,1298820.1464720033,210749137.7321319,30223632.96594093,119203412.00792043,76613489.42642751,107867.52385699404,65668.7911719923,114680.91091598783,213725.3032139702,125980.63699498394,102696.28391997641,182629.52188298255,11184.846495996515,88004.257592006,69111.67570100266,106511.4125249785,227128.75821597522,23729.573259007022,20402.28265899523,32694.66829699536,19971.820909006656,239921.5972459666
2026-07-31,mid,500292.02600942395,100186.42957131713,22755.284471448842,124186.72275382835,47271.01989147779,55541.91062014356,638410.5319747105,151088.03922169178,631458.0651760789,43695.07686008222,32466.10247015756,9327.839766507574,21712.14923767343,57483.22070086509,38344.12361669447,15878.69685376055,4383.431156726905,8144.173224257496,7934.27251488224,8073.289368262263,5976.632127651208,1479.0596555147224,4192.93978161859,1843.2898100831158
2026-07-31,micro,550989.9328330588,135751.77583406234,32658.091507616366,140179.286036149,59954.91328960748,69298.03548961227,739381.9719325107,191009.30633286925,662711.6964253336,48941.08528697584,34583.22630386756,13472.673804764856,24632.977933014772,74540.75742932135,73363.17706334221,20666.89267016703,6592.219342881819,12289.26053897294,12608.797630619063,10833.4364225807,13330.703646499493,3699.8013558014904,8417.85456897265,3752.7159126066526
2026-07-31,spread,12243921.790444454,13558290.417457996,8858528.051955778,7672713.231055775,3482955.2606268018,6493709.683606214,13756688.699984018,11155451.570002891,8773877.940975854,7473279.172113553,10900969.754547866,4636950.01659404,9711415.0873702,10007582.882046072,4376949.584298678,3656322.439137478,2560720.102961338,2865833.446642565,2525980.56356253,521730.72901190433,856557.1688025864,844661.8335705408,958410.1028146611,802286.7402952649
2026-07-31,bp,557.130136725938,449.61945300811107,409.9955364242612,360.58539297264633,349.5085633179699,311.04713425819386,493.65881587260577,435.6322644027092,370.2599142337218,308.68034580896295,481.70538865288313,340.7072865752233,413.91223757201163,476.8818840177147,410.86576185371365,200.16597354214613,143.6783339414227,185.3957111313312,198.6427347082814,157.25582390165758,237.32408626886246,164.0434376133777,166.60862245068776,106.40209586547869
2026-07-31,ofi,2385098.454526999,357544.8781969999,68552.14656200011,215085.15525600075,253181.15381700004,113278.72756299976,10876965.274004996,6383384.950048026,5637619.2138789855,27558731.877973538,52882806.267078154,51474578.272915006,34875643.54572083,32065404.027093012,656028.9857909996,2763856.319209995,7184.8982599997635,186644.80721499937,87592.17599399401,13560.809584997265,12322.048203995842,4631.065482998786,32026.143895998226,2260.361593998929
2026-08-01,mid,4779.114153665648,863.583810413303,2403.926663665794,709.8482637231988,1877.4796422004072,1933.2078140413605,2429.78253965179,875.315123496537,2508.5638493070996,1031.9626507409544,1504.6316627642082,1042.9906299138443,4378.4555744878135,2075.6722110809374,2750.20401820427,2346.411634646207,2103.3148826615943,3030.598252885192,2973.62900511744,1714.345377618896,589.0528916184006,2651.8199788325223,1149.6295739673117,935.2033715488865
2026-08-01,micro,10235.239288079174,2109.4035264941626,3928.950867594708,4382.293627903572,4029.527683454571,7262.521178824938,7019.222354715367,4293.250960094098,7700.251287630668,10747.62709547994,5710.698316444206,9130.931506641427,10422.367466363563,9486.305566976405,12418.773205273279,8150.409523537467,7871.444850278782,7097.974946460854,9766.401705655335,7597.869975549144,4011.1483127352153,10506.341673486228,6604.156451246228,5242.1394373420935
2026-08-01,spread,1525992.5117820252,655813.639389668,279742.5312775151,44963.57705444766,1105447.0270711516,288172.93382123567,137197.435204793,104813.50235094584,44498.69414285169,50309.75774376345,47360.094249945316,26660.28734741568,397265.2217203862,57151.17710817595,225210.59192646595,258826.32229409742,161929.65775356127,52531.66180424298,234064.79817563988,62636.40611313407,292532.1625985733,790665.6137665993,613218.6769488448,90319.94358715278
2026-08-01,bp,184.91438125681302,94.26497205247668,73.2619919044284,161.95658923985553,180.01550240862042,154.53387633884296,144.40745928996776,99.26775853591941,156.95938513851993,65.71736008630569,54.01722805383803,100.52892605249819,178.21119592193537,207.15098944026147,254.60986796441478,129.45065492591044,182.88041369213266,164.19905627175763,150.47649491438224,157.064265542337,54.10960056957341,223.29704776121667,199.983043227545,145.15182367877333
2026-08-01,ofi,148334.25599700003,13213.593763000072,786.5428239999982,253710.57722400007,390053.9759540015,11209.55484599987,8809.20326900001,7416.591747999901,4263.960267999704,73025.32259300037,68439.47914400016,10805.263652000192,8488.414811999992,2804.0043080000455,5192.722269000205,15698.700569000124,1885.7822640000907,4449.041183999986,4403.986250000102,1621.4220979999893,21739.18955199995,11927.9892560006,9722.46667600028,4625.003676999988
2026-08-02,mid,2140.0739556111157,2848.8949942803,8608.893336912875,3689.094391666754,5710.401115386648,1830.4172766839101,1546.6274824401119,2683.4553287845574,8844.708145148777,5078.113050541182,4278.334967219317,1379.4492787132363,2963.1337789359886,2995.451390137583,3214.223345690236,20157.31791834593,2515.0746461906388,1566.4916166073624,3898.644885727659,2670.613777372084,6482.279550420112,4499.252983490572,4549.750118992802,43629.412597958086
2026-08-02,micro,10302.53050207225,10499.032551172137,19820.580548523034,11485.715609171899,14284.4707631201,6123.814833524468,5907.681687999648,9677.341777008383,15564.472287952169,10053.662964214498,11315.574218485393,3854.9771782688713,13885.402976680487,9589.338671183887,11853.279004176391,27095.47082026204,6488.8747013752745,7482.667280965408,9688.606201164876,7546.3483477203745,9932.994257003735,10754.156566050351,12498.04741827316,91414.97564490946
2026-08-02,spread,595937.4821872462,667044.7753640894,714541.9206544984,438993.14641162276,175437.94444313078,92646.26686713379,33258.908132450175,151884.64711922538,2349602.7055995665,1224809.9234864374,522545.5557191468,706148.4289957805,525698.488225664,368590.1443681138,655571.7917995141,1207541.190650948,408909.695254139,770383.8225262036,708732.6036546092,673455.0154160445,1208832.4188851586,709496.6326085562,1048936.1503415634,6930188.13018452
2026-08-02,bp,276.0922675373586,268.2645691773321,324.90150173105076,247.34498000534302,260.8263851519503,153.96806766815246,118.12502847813376,268.2671739103718,263.4689260374094,216.32781123477145,205.24276881574684,95.21081427776943,243.24364112011676,216.19454027072996,249.1444096089676,237.09613229034792,245.42096631954942,270.78966875283425,217.3809884010338,199.74568395184443,257.0941624117678,216.03852519289998,274.8588816352445,376.43186771739266
2026-08-02,ofi,16389.83256199999,5572.209317000017,15087.087160000105,27919.730039999962,24369.255747000097,5873.015158000028,3958.519854000057,8701.73536900005,12563.436637000199,42565.9864070002,4519.730310000126,21453.75503800006,4203.0496550000225,8459.317762999963,5296.4905569999955,26858.39889800004,25977.849100000152,4106.09924000022,4664.487011000226,11760.001678999928,89649.46239199983,64643.600611999485,23528.069507999993,2354599.6280070073
2026-08-03,mid,322236.99852061283,79812.15450330013,38597.47661104607,31414.864610314013,67973.44115694489,31382.32158189948,31813.990470013716,8194.249543687181,128038.50590494627,11189.14513097894,5036.385490272554,3907.8839536727264,2025.8602088697878,12030.643632169233,21114.96053840788,14061.370480935635,5325.5075617223965,17460.25754798371,12775.129790534776,7177.082243762803,8569.847178726923,3977.5654765962295,4219.439727038615,7242.554731450745
2026-08-03,micro,552806.0277465577,267560.7450915658,132085.65443100623,81943.91473193385,200729.76385817357,78603.12157711547,65751.67074436204,19416.361400298298,183600.95899268653,18584.02126660131,11102.884048955622,8920.318868519162,7035.129221738007,26942.22006396678,33913.56775291965,22034.37016031625,13534.181552363652,27810.963657582084,25433.017710214168,40879.86844352257,15419.223452756327,8844.3872552739,10247.259607027872,11547.448800271455
2026-08-03,spread,8164991.7594934,1964126.8407690655,1259165.8780013165,3284697.2373657827,3848471.265877781,5209238.633509955,2568555.338333981,722387.5516708692,9363266.900515236,2370836.466785885,2630997.3098329003,2735324.25670124,1316738.6639562794,2807740.2789669093,6849455.2901330255,2943912.273083927,1697778.2103661944,1642563.6585942013,2463522.954224214,1493533.9551861617,1286151.9913768424,2091558.4260629958,1025716.2810505282,5079088.380048705
2026-08-03,bp,724.346686849903,616.0450383064704,452.40241840193454,475.9320668265594,647.1212386558416,547.587991916321,329.96572812194114,236.08537063024824,408.6984130417248,244.9432731629585,272.58498255603683,252.69021203646514,251.0019950818515,334.34351071507416,297.2705599464794,239.47091317482645,276.3744837290175,307.1305424272755,371.66040164706084,349.951145355724,243.33584262029356,235.12591325695456,266.5219769297295,217.8321152997976
2026-08-03,ofi,224838344.52585825,188394054.01294425,9647216.495985322,46919305.60159929,37667921.54655468,1292247.3554380848,7736959.756196795,20572.300918000947,307620669.15629154,369469.15290901856,9267574.90519338,3355852.855014674,499947.2991290475,186662.04943799283,67693.90975703899,438180.84955206845,62074.16697602437,45463.02468508765,2894113.2060362874,26447.663719043852,12493.002586005001,13943.020428012056,273288.01403099514,381318.77369694394
2026-08-04,mid,113121.30757818391,46618.41333871464,18246.602503873328,21530.826434405037,19030.08017101364,17132.249077884764,14240.26763811517,7165.82684341132,14576.84184372937,11653.85069478194,9217.716143951746,8485.404467213984,11432.099574014686,22594.378506160152,6301.903921729167,10079.877520813023,4646.664857317759,7874.742572203881,3709.9485496673424,7031.372267985831,15072.299477054945,10015.997411259119,4436.274012706026,32938.40446949807
2026-08-04,micro,163968.32111755994,54310.023404245505,26205.637074084945,26500.45185411551,24134.3768471948,23766.09317816068,20350.651947974064,11383.591769027611,21356.298551671876,23277.45417833426,12400.131078819746,11040.125815058731,18477.20626202828,27476.82028959267,11344.180122872269,16847.98244748986,8848.84859977943,15095.962967562808,8186.119339236754,11000.169050657098,19261.11677569432,12863.350950040423,7664.7850655237835,40728.61930147595
2026-08-04,spread,4530104.467900886,4073841.472536497,4050340.2804367864,3888898.931698487,3487489.6933344165,1997304.8697171216,5566382.627117968,3020769.766182648,5106904.973111884,2807251.1607106505,4898860.398005974,4778354.24912356,5513948.202087717,5126740.542535773,3174424.7278058482,1592055.1847374928,2334231.305412306,2596178.1171035445,1197931.9606487416,1033889.2197468964,1385933.2276905496,1250111.1960102567,828349.9497063262,2947159.9310477134
2026-08-04,bp,539.568549976556,418.4081940091083,376.42253569860543,283.6954801135496,318.56254082271147,279.9419572145798,300.41071795978627,318.4326869705243,295.07364883556886,206.69815168549152,284.12320393876814,384.49812198654956,375.14540907797607,311.4436992153481,220.53860654845627,295.4706950619206,317.3289604868621,267.9468842347072,198.5389299088785,216.94123448666087,251.81226337035812,235.85172782551368,208.15706183755475,429.02958284852366
2026-08-04,ofi,14299434.106733015,309122.9832120011,361681.3397399999,306459.02983100177,136765.33124800152,165490.31115700488,107103.43045600138,36261.23374799965,245540.73048000637,2398219.502675003,17950.30355199853,214599.62496499752,39391.10187100013,4837514.081621997,49735.01712000002,51181.95313399998,33578.78413700006,142880.101433,7389.60284200001,391378.6895170004,35526.95895100017,9423.283435000028,1816.027446000049,364998.76574499934
2026-08-05,mid,89195.78923079012,30520.473848355185,11521.966202335749,23772.23144363652,22865.340149321328,22320.105897698566,14254.112468104711,13131.55719405286,11565.129564386183,5322.9008852836805,5092.28253690629,8927.671681490789,5513.910245540388,7176.929096581564,18302.816163093055,5871.720611366525,1560.4613175915968,1121.8212252828755,3725.280666890452,13067.125408071224,138768.59679518742,31369.99319967224,8664.539987387532,26247.96250246948
2026-08-05,micro,110790.2287376129,44522.30354090109,18577.270985875046,39371.217040879914,28136.172625207808,32170.183384967626,21400.718323054127,18415.985923868142,21477.885244752935,10401.755306373469,9938.548923344633,12615.053091345419,8045.494300372717,17183.60192300345,33221.17532725295,16143.76682376361,4223.734779841974,7504.13128695403,10740.098061885144,19305.68271478065,143865.6019093925,34151.292443858154,12601.708425056977,46919.85801983759
2026-08-05,spread,3230185.060635091,2377741.714660297,1357930.2967241453,1606854.0939034163,1593059.181320032,2037974.3082173208,3303707.9889679803,1725078.8398480003,1889975.3738907804,2010768.6420030291,1249486.8863706628,1102331.1030659296,499206.6898425041,2112852.6236102656,2508406.051391405,1706571.075212224,1782643.8155527986,635204.1226980466,442513.94296368357,1963423.0867893752,5330174.986289307,4122156.2953658556,1971442.905080972,3838047.7764662686
2026-08-05,bp,422.6581357558715,563.8064276396418,294.95139810096833,381.54919523540553,380.0407694142529,462.910020041317,394.85515692241665,295.57023534027405,314.9567630989097,234.62855526046127,213.90025849181825,226.2346428406324,171.6860532098629,336.746772780227,318.4306937075661,332.45347712878987,140.09706929359967,322.90843670589305,371.7795304061923,319.3210632508171,528.2197439836862,371.8107056584269,294.6506822603459,445.93230544702635
2026-08-05,ofi,2975901.3585520037,396536.2536120018,308711.93614899996,277955.0215950004,290231.08526400005,920755.2130050003,1467124.8618119964,110286.46756499997,196689.3408440001,803296.4289839999,62324.0876880002,144351.2841409996,34013.77488500026,41735.93929500064,63340.61060200019,45967.45900899983,2001.365066999942,6969.788485000023,2689.938964000155,15844.288116999978,448963.06185799825,16479.866056999876,3435.6521650000664,3112328.074693998
2026-08-06,mid,71015.20830047246,25432.57459627886,10238.243911947899,8256.196677376345,12209.09056237009,14249.966191826961,18808.142071699913,10984.343249891763,9993.26974131614,2947.838047999541,4236.966659624573,9562.8843766505,10464.119684586172,13787.667008779868,17812.72659001201,18050.43507353184,5167.2176200474905,7062.848115042895,4032.2257802093955,12959.138179748821,6980.536723275371,6451.315555672109,2800.0709368696375,17040.019522261235
2026-08-06,micro,98552.33689672821,34436.089886963775,12382.734666789558,14498.074266087468,15766.478758071826,17970.715747246402,25452.413904605386,16302.074467403212,16834.796014800475,6444.848209280435,8000.808942538486,12357.601692259077,16127.45145734697,23864.903364623035,24343.29046615057,27320.085963843958,10100.882214715688,9484.395867944178,6817.219803951386,15734.660611213534,8790.821282972425,8702.227951442375,6733.5417325242925,23529.94183253736
2026-08-06,spread,5080336.303602318,2141434.2726889853,3201280.101067507,625778.9732979094,1215731.637165915,2066567.3076777186,1709162.5972519254,1149677.3390932283,928130.5334350645,1326646.1750446532,1041758.5088875659,1353535.8017342715,914619.3778120368,3172686.1700349334,2069609.318521602,1560022.8979127295,1250713.6379466855,836765.3043727834,670527.5310674714,1405646.107484498,1569361.6716113463,614583.8054438113,774157.6898323705,2686068.042362894
2026-08-06,bp,617.9150904276328,388.0628108740802,299.9980313662582,389.39408621900907,280.23905741443355,342.59815508963055,384.7957172620488,243.11479307848077,323.11832119397445,367.58426093710233,223.37068105066027,292.3733701313718,399.38906126405567,433.2011549067569,348.7919912721786,343.08074733695634,262.74244993690144,277.9663355366302,197.44808102712435,226.26146893720878,242.77715322038424,112.21191770915068,312.66184735446154,377.4693924916201
2026-08-06,ofi,12332225.300408004,264787.530071,104766.590377,511689.2614199999,308656.4048409995,72722.73051100019,474134.73209700134,88144.5446970001,88399.5186520001,103198.09098300019,1046.844118999993,9209.545844000015,14434.681913000019,2533074.819709997,126433.23889000043,132091.78710200006,244088.5817280001,42357.82511599985,236134.02906599984,294056.67122400104,236079.21317799995,36786.38878299984,858.5505720000739,121773.59994200019
2026-08-07,mid,81681.83859361419,54646.64325628291,26810.108583378995,17128.094295874576,22561.382490706394,25097.337378869295,9793.596076865066,3155.502252757472,4068.7266950934677,5299.595268229479,3310.1522472256856,5096.654603068354,12316.352191905567,21868.297662358793,23369.096212202967,9856.537788185497,8132.576168289888,9049.857670028132,1582.189794124252,1350.7341312615044,1572.8548208234374,2648.0769498457107,1860.1873858047595,1192.861315717414
2026-08-07,micro,101427.76366615131,65600.86055573016,37956.18350861543,20496.212978875148,25967.87438529275,32404.80659114497,12946.251847265896,5648.746246142689,8242.249518111043,7092.750866105937,7368.669446854419,6029.50210854615,17736.355816473366,25666.87932860091,34025.724824688,15419.197077715777,14318.225142273453,13665.906360351006,7476.808752755222,12723.53460456712,10755.614227783268,6483.7010650099855,5290.731763233481,4667.726569392442
2026-08-07,spread,3181328.0043690675,2442806.9360708804,1149761.822894853,1095506.032148738,2992943.3104617,3017118.8066072958,1916895.7365429248,842031.7681817968,522407.3637662833,1327329.4540257927,605470.038121416,1477868.9448690931,1635384.734871269,2148093.820835762,2764513.165113967,1187216.9051018641,1099316.432350137,1257206.1320470748,559653.668884323,303199.6983067846,219845.2108585506,268251.610563272,724692.265305192,1012442.9842568942
2026-08-07,bp,508.5134093293182,498.8166081306629,386.4172021870043,332.1281643245169,364.9117327873971,371.4715915136258,269.1052804634266,171.74405735889115,146.66417218211726,159.93777428439108,275.2304744689021,186.52075563715104,259.6430893104187,442.90019039112195,418.5498802942888,323.68746048298624,278.38593670005247,283.3787818556861,202.61356673907653,274.6570544825324,378.1443317501343,264.30816481989604,342.7392205092636,330.69288641600406
2026-08-07,ofi,4831431.361476007,1750551.6191279995,4905139.864736992,486699.5708399973,1844076.033101007,564040.4508829984,431521.97669500177,4720.9522950003075,59001.71017699878,12165.564860999939,17909.973927999035,46742.4233339992,163031.9928470001,291342.42969500134,371670.1002850043,6720.68158499979,14654.668208999698,27173.718658999653,105018.55189600027,29100.10845500002,2483.323332999669,2307.113913999945,2969.6202729999177,128048.78125399862
2026-08-08,mid,1968.2974787470037,3980.6774116106826,3567.5346306044644,3679.041524611135,1029.6363911781928,4280.087308164655,2402.2382708100454,2288.514718894541,1645.2541940463404,2473.7482935912235,1483.2213559411266,555.7727128351942,229.34398969690142,1786.0195025284324,2049.7451954811045,1390.5673359567486,799.800484938712,292.0048223462972,1874.5261002298976,463.47889137193584,664.291697491166,666.6256106471438,84.68879265546228,2235.8465680080913
2026-08-08,micro,5609.141607151697,5515.118317623604,6320.740667235079,5088.560608209704,1689.0026594978858,5015.9539488170885,4838.126878597011,4186.852254492487,2985.413538719017,3740.770441388051,2662.116712492778,2032.5914741729562,1631.7851908881066,4437.532855889456,5737.5100647593335,4345.760142750885,2252.3748243090517,734.5225133351943,3521.353496071241,4959.164505785358,3394.666892806266,2074.814728904438,1958.5909284342738,4906.5103971420795
2026-08-08,spread,398473.78797369136,473757.4527308573,466476.11523325986,180091.5624926624,43670.46492929673,150364.22166528832,174776.05660874626,180549.30416806097,373839.45259577007,453326.09463388927,342282.6186331934,364514.3051091795,75094.11287188187,438249.91830444365,170993.26188738167,71199.97333639131,129546.79249287806,99661.60152607941,637836.4315569757,321096.70345256233,448445.0426162667,77085.3406243486,10107.267837267387,295263.6657012982
2026-08-08,bp,189.07650689324043,155.69966472108638,208.44163033431508,146.85611386643293,48.96846446627354,119.52072807271145,155.4868104544407,157.31386458487373,144.7518807586728,93.40437210629763,153.66670099572607,159.66419766709154,106.33694420185535,101.23341763531984,166.43308674323654,121.60768071356169,74.67553865423672,23.458662372759658,104.5600803000666,93.68004259825955,130.17818519251165,54.223356457523344,32.64891712954427,145.48434309787535
2026-08-08,ofi,25664.78466000005,1541.1130549999957,2448.1136200000037,569.9900680000004,3708.9611720000025,43851.54362999999,1186.3966459999856,666.1583700000008,422.4433099999908,1789.3403189999865,686.6076270000005,482.5904859999983,1825.895791,22454.224399000064,976.4990330000157,1824.4339799999968,2087.121244999995,244.17353600000033,3739.7765000000104,16075.905377999978,364.075019000014,641.7478750000057,523.6771750000087,14827.596287000075
2026-08-09,mid,754.1119357981587,1054.2830462110742,145.55446445958196,275.088472445336,409.37464107756693,898.7682344900194,674.9529260822615,2027.3825994242518,1410.4402414751353,275.3597068077299,175.1587784504542,110.65650503986261,224.97416404866263,103.38196293151582,176.91466283825505,271.6770724951596,167.02129157552093,1713.2074306676668,830.2092135354445,541.2393681712582,187.74157089724747,929.8143919550106,3586.781977680153,14997.18981849446
2026-08-09,micro,1973.6083359361044,4559.358121408916,1095.2067392875742,1922.4400533154521,3341.066800923228,3159.9992456463224,1840.5556357484973,6046.474565267335,3726.661124048602,1406.268756533445,2754.5382001334856,1678.9543955051581,2239.0570370786004,1728.521379040533,1698.831021325925,1170.7585436747872,1331.1622934502604,4088.6715602431746,2743.6086126219675,2622.0672454947517,1374.9715554024358,2681.7288999268603,7177.950538645954,19264.603691035805
2026-08-09,spread,29964.3053094692,180508.8715328327,159387.75048551196,40773.041006465086,326716.8805537683,196973.05494766778,431755.86004337866,558120.0984451136,344604.85983372637,340980.79959897767,46792.190223384925,42838.299689786,162782.47448042984,43016.15124479642,343945.4721974385,457562.22899379395,215509.48762713195,637956.0708415024,306891.1031295648,136524.58292344515,96297.46739173989,178314.20539523123,590497.1628244697,2398148.893480411
2026-08-09,bp,36.19793122179344,116.88365101539065,45.9630929817618,65.27979932469042,145.2190569948964,119.84461106972412,79.93583563969587,220.98704915612475,126.62545835931029,96.8731118908651,104.60920961118408,101.49846628626597,104.51137839134775,120.08086095752624,115.0314481550396,69.96182133020712,93.70554950613848,179.9557151564216,82.77596541964007,110.85529169825132,51.72473288886795,145.58818277759144,207.113707776758,381.49458565546706
2026-08-09,ofi,20555.81808099998,44148.011978000046,8754.296495000004,5893.090657999973,2768.2403909999907,4013.130346000015,6780.6856210000105,17209.24046500003,4366.955326999978,3280.626764999984,10715.997035999953,3271.988438999985,2684.2287279999923,5388.575305000003,6061.590545999994,2486.3901159999996,10954.778717000003,14591.886252000006,20898.10743199998,8382.493350999983,12316.462274999973,9452.009706000084,64778.429505999935,97123.69257000093
2026-08-10,mid,99589.93045754585,29476.27996734313,11860.935100267821,12222.125988289827,6965.767045127215,12330.90278915205,12325.59526206097,4554.043503784777,2349.618232422514,3997.2060063597883,6163.20471696151,9207.237601292407,5256.993597420052,11841.822354823866,6017.253898056823,4126.121139972345,12484.508139042866,5283.618249055602,3218.6762640879033,4295.919085025065,3186.564370745234,4706.200982291793,3458.0240205184177,11647.924171116087
2026-08-10,micro,151446.3984673232,31664.873940398782,16869.627217298297,18606.13580399114,16433.319434036763,21978.39216461683,20389.01136038102,9776.593347043321,6651.2620183473955,8856.862601891919,10621.268429475509,16471.55454218581,7742.277395173936,15380.173756906855,9675.931702515358,6895.9678886700885,15080.848271751816,7502.099863015385,5694.211606672413,6895.79790958302,5348.311145304489,7076.341927433161,7222.794440723599,21894.79251195607
2026-08-10,spread,2773725.5667740703,1679732.1469987931,1080883.5172206594,392969.6460329717,368142.00883647735,1612220.4678149044,831003.3504482979,410168.69522404385,684404.7463856379,664847.1378105549,1407269.4162094817,1386834.8486004504,1033305.6978685115,3333339.3532532654,1528367.795975093,1072096.194728889,1027917.6429174581,705399.9874145474,525087.4496460884,1117019.2746688295,638546.0436099018,430210.30525448924,774774.2846774099,3161428.471267389
2026-08-10,bp,436.1396420505331,275.6417956714531,229.85045457116982,272.2980148048576,315.50815814749615,383.59316010482814,374.37134647950586,289.595110767829,273.9161094138226,317.6246135424137,313.1629214698448,264.811503396735,192.12624396196784,321.54568537972744,312.7518380132961,243.03423429454338,190.34138472971924,229.7270083851766,154.71289622263282,179.05037637298994,221.42736637045468,188.21649602057116,207.7192285998133,274.35252230079897
2026-08-10,ofi,31005982.55483308,1034691.049962,33857.6828340004,105413.54840300085,147764.60434600041,399627.09506699914,199735.89053299342,177356.06979399463,142802.1354719987,198053.34082300102,135353.5414469956,35706.430257000524,8739.893061000292,76316.76534699768,61886.08935499888,8396.966378999206,4440.8759199992655,7744.776245999199,1302.9130429994552,3022.3531599977277,2200.743887998485,1994.3031379979695,905.5243899989333,37111.53832700318
