col,family,h,n,r_fwd,r_mid,r_bwd,r_plc,r_1st,r_2nd,t
best_bid,1.1 最良気配,100ms,427284,-0.0016744276510170617,-0.00029678788513411944,-0.0010135947315537983,-0.0013671647893056375,NaN,NaN,-1.094521494854369
best_bid,1.1 最良気配,500ms,427284,-0.001180259740676282,0.00004613965553223872,-0.0009849492086323954,-0.0006949370977205228,NaN,NaN,-0.7714986931286516
best_bid,1.1 最良気配,1s,427284,-0.000010982780054934916,0.0027398634104410634,0.0015760144202157148,0.000711934528786101,-0.0002457665393734793,-0.0012361019362641874,-0.007179093098029554
best_bid,1.1 最良気配,5s,427284,0.001732162682559625,-0.0006036309707564371,0.0017870271801430349,0.0037195347804279267,NaN,NaN,1.1322612081426502
best_bid,1.1 最良気配,10s,142362,0.008157543809794252,0.009785377323131823,-0.0038025503907709243,0.010267235140728859,0.005741070977294805,0.007502155760971253,3.0779946111792698
best_bid,1.1 最良気配,30s,142362,0.0028273651501402913,0.003196762655548899,-0.0014197458911188142,0.008021588107555084,NaN,NaN,1.066786782568329
best_bid,1.1 最良気配,60s,142362,-0.003034544451586789,-0.0029898005769825194,0.004961307216113653,0.004460729675798677,NaN,NaN,-1.1449578338574935
best_ask,1.1 最良気配,100ms,427284,-0.0016757908349508653,-0.0003042125163910679,-0.001012973966047856,-0.001368415868387997,NaN,NaN,-1.095412568472528
best_ask,1.1 最良気配,500ms,427284,-0.001181735323309019,0.000034789770740936495,-0.000974355984680862,-0.000695173264843003,NaN,NaN,-0.7724632364595163
best_ask,1.1 最良気配,1s,427284,-9.13609574052607e-6,0.002729698546045243,0.0015865551413583503,0.0007124181079706639,-0.00023452946074239067,-0.0012430561538636748,-0.005971974449498176
best_ask,1.1 最良気配,5s,427284,0.0017341568297944267,-0.0006077845913126283,0.0017944439535886641,0.003716752935715475,NaN,NaN,1.1335647244730214
best_ask,1.1 最良気配,10s,142362,0.00816806464050124,0.009778941367589387,-0.003796172269136301,0.010263677700068743,0.005752238226112435,0.007514665299886269,3.0819645830529847
best_ask,1.1 最良気配,30s,142362,0.002824855178402457,0.0031846795594807223,-0.001421100892224455,0.00802080641553316,NaN,NaN,1.0658397432194002
best_ask,1.1 最良気配,60s,142362,-0.003032909646487823,-0.0030004053163882006,0.0049544343841899175,0.004464376448476012,NaN,NaN,-1.1443410031742645
bid_sz,1.1 最良気配,100ms,427284,-0.03371453000593145,0.050283200676465314,0.08854378763951952,0.0006484788215883863,NaN,NaN,-22.05064887293212
bid_sz,1.1 最良気配,500ms,427284,-0.08266059693786329,0.06467164858995095,0.14768772229876972,-0.0007755040281446138,NaN,NaN,-54.2181439608914
bid_sz,1.1 最良気配,1s,427284,-0.0829434128157139,0.0617905389595602,0.1463060596051969,-0.0004282724431127361,-0.08848982581168277,-0.0788869603569662,-54.4049293362278
bid_sz,1.1 最良気配,5s,427284,-0.060412253754595864,0.05102304167534217,0.11959867759019464,-0.0007641141045431579,NaN,NaN,-39.56182302777254
bid_sz,1.1 最良気配,10s,142362,-0.05307883011746613,0.03635297296876213,0.09968045652724117,-0.005600347035492648,-0.0590223920802644,-0.04680605984593634,-20.055245275401223
bid_sz,1.1 最良気配,30s,142362,-0.038269113994290935,0.02384267859366517,0.07127597187269767,-0.008774263344277248,NaN,NaN,-14.449760468294155
bid_sz,1.1 最良気配,60s,142362,-0.02893814168943414,0.02070476156874842,0.053385500305815826,-0.009120229390690415,NaN,NaN,-10.923116035847602
ask_sz,1.1 最良気配,100ms,427284,0.039040409053183026,-0.05158641304830351,-0.09332100163709323,0.0008669451203219926,NaN,NaN,25.538940513171802
ask_sz,1.1 最良気配,500ms,427284,0.08604045162360897,-0.0668422276370175,-0.15067608860579498,0.00040820469593733723,NaN,NaN,56.45124080136975
ask_sz,1.1 最良気配,1s,427284,0.08370191677551661,-0.06629824141523363,-0.1486915481004104,-0.0007339072260940956,0.08614472732233375,0.08359269234060958,54.90594776358644
ask_sz,1.1 最良気配,5s,427284,0.060432674178420534,-0.0521096184158091,-0.12298376289058241,0.002137809914178206,NaN,NaN,39.575244641458056
ask_sz,1.1 最良気配,10s,142362,0.049798457142370876,-0.04303213351409295,-0.10090786069022416,0.0013479857973124282,0.055061560304111974,0.048756542560338456,18.81260975182653
ask_sz,1.1 最良気配,30s,142362,0.026353625075225214,-0.039501840868473706,-0.07168670698354701,-0.0016432983596595672,NaN,NaN,9.94684193961972
ask_sz,1.1 最良気配,60s,142362,0.018044795441221742,-0.033296714351679996,-0.058278041214448094,-0.002515069912344252,NaN,NaN,6.80952267996486
mid,1.2 中値,100ms,427284,-0.0016748455201743622,-0.0003006508423770935,-0.0010131116343566693,-0.0014067720834280355,NaN,NaN,-1.0947946437463085
mid,1.2 中値,500ms,427284,-0.001181058158994031,0.00004033150107402414,-0.0009801764307708527,-0.0007272213066204191,NaN,NaN,-0.7720205948138679
mid,1.2 中値,1s,427284,-9.999903466420709e-6,0.002734919285023318,0.001581040887859877,0.0007174501089663324,-0.0002396457012812771,-0.0012402527429007148,-0.006536618014465726
mid,1.2 中値,5s,427284,0.001733450373453723,-0.000605941884230768,0.001791170764423824,0.0037114559520842836,NaN,NaN,1.1331029344086705
mid,1.2 中値,10s,142362,0.0081631064434929,0.009781772811551142,-0.0037988163817450986,0.010314910321731796,0.005746510878401729,0.007508763842568662,3.0800936372544605
mid,1.2 中値,30s,142362,0.0028256298624985067,0.003190148476675356,-0.0014203602446884768,0.008095088788002382,NaN,NaN,1.0661320398638177
mid,1.2 中値,60s,142362,-0.0030338703916555727,-0.0029955254242278566,0.004958131640268988,0.0045023555441387675,NaN,NaN,-1.1447035033259885
log_mid,1.2 中値,100ms,427284,-0.0016748455201743622,-0.0003006508423770935,-0.0010131116343566693,-0.0014067720834280355,NaN,NaN,-1.0947946437463085
log_mid,1.2 中値,500ms,427284,-0.001181058158994031,0.00004033150107402414,-0.0009801764307708527,-0.0007272213066204191,NaN,NaN,-0.7720205948138679
log_mid,1.2 中値,1s,427284,-9.999903466420709e-6,0.002734919285023318,0.001581040887859877,0.0007174501089663324,-0.0002396457012812771,-0.0012402527429007148,-0.006536618014465726
log_mid,1.2 中値,5s,427284,0.001733450373453723,-0.000605941884230768,0.001791170764423824,0.0037114559520842836,NaN,NaN,1.1331029344086705
log_mid,1.2 中値,10s,142362,0.0081631064434929,0.009781772811551142,-0.0037988163817450986,0.010314910321731796,0.005746510878401729,0.007508763842568662,3.0800936372544605
log_mid,1.2 中値,30s,142362,0.0028256298624985067,0.003190148476675356,-0.0014203602446884768,0.008095088788002382,NaN,NaN,1.0661320398638177
log_mid,1.2 中値,60s,142362,-0.0030338703916555727,-0.0029955254242278566,0.004958131640268988,0.0045023555441387675,NaN,NaN,-1.1447035033259885
spread_abs,1.3 スプレッド,100ms,427284,-0.00019940192355749172,-0.000846220478419532,0.0005123241271927624,-0.0015653404953141028,NaN,NaN,-0.13034268139380278
spread_abs,1.3 スプレッド,500ms,427284,0.0006931748984221698,-0.001843758796142211,0.003178093565486274,-0.0010607423921181608,NaN,NaN,0.45310643565197317
spread_abs,1.3 スプレッド,1s,427284,0.0014125621909677139,-0.0007376108326710305,0.002150542371736251,-0.00018939353405312165,0.001937734421138465,0.0005780928018238477,0.9233477809479579
spread_abs,1.3 スプレッド,5s,427284,0.004482419784796907,0.002087106832227962,0.0013499777893902474,0.0016650546920200327,NaN,NaN,2.93004431120659
spread_abs,1.3 スプレッド,10s,142362,0.005827687084817952,0.005566261769797866,-0.0023151587527928275,0.0063605833915795565,-0.0004182847931632261,0.011014247249269244,2.1988600506672276
spread_abs,1.3 スプレッド,30s,142362,0.0005354077450822559,-0.00016534838223032544,-0.005771211917116275,0.004127758928023708,NaN,NaN,0.20201271301039822
spread_abs,1.3 スプレッド,60s,142362,-0.0015838612191666189,-0.0029752502874365325,-0.0047213330127815235,0.002896154821679643,NaN,NaN,-0.5976014735009167
spread_tick,1.3 スプレッド,100ms,427284,-0.00019940192355749172,-0.000846220478419532,0.0005123241271927624,-0.0015653404953141028,NaN,NaN,-0.13034268139380278
spread_tick,1.3 スプレッド,500ms,427284,0.0006931748984221698,-0.001843758796142211,0.003178093565486274,-0.0010607423921181608,NaN,NaN,0.45310643565197317
spread_tick,1.3 スプレッド,1s,427284,0.0014125621909677139,-0.0007376108326710305,0.002150542371736251,-0.00018939353405312165,0.001937734421138465,0.0005780928018238477,0.9233477809479579
spread_tick,1.3 スプレッド,5s,427284,0.004482419784796907,0.002087106832227962,0.0013499777893902474,0.0016650546920200327,NaN,NaN,2.93004431120659
spread_tick,1.3 スプレッド,10s,142362,0.005827687084817952,0.005566261769797866,-0.0023151587527928275,0.0063605833915795565,-0.0004182847931632261,0.011014247249269244,2.1988600506672276
spread_tick,1.3 スプレッド,30s,142362,0.0005354077450822559,-0.00016534838223032544,-0.005771211917116275,0.004127758928023708,NaN,NaN,0.20201271301039822
spread_tick,1.3 スプレッド,60s,142362,-0.0015838612191666189,-0.0029752502874365325,-0.0047213330127815235,0.002896154821679643,NaN,NaN,-0.5976014735009167
spread_bp,1.3 スプレッド,100ms,427284,0.0003480709304166335,-0.0008897653779186346,0.0007831461071009597,-0.001119927740576067,NaN,NaN,0.2275228815382076
spread_bp,1.3 スプレッド,500ms,427284,0.0012550740346628344,-0.0017986826320816399,0.0034322155762074665,-0.00087269415714359,NaN,NaN,0.8204025201921662
spread_bp,1.3 スプレッド,1s,427284,0.0015496874597983855,-0.0013776192559354838,0.001560415382382343,-0.0003756456034251638,0.0020651180396159922,0.0009438433877037512,1.0129824916264252
spread_bp,1.3 スプレッド,5s,427284,0.004249416464548932,0.0022456684176783317,0.0007095397615021273,0.0006666373883456706,NaN,NaN,2.7777331150118254
spread_bp,1.3 スプレッド,10s,142362,0.003788061537802083,0.003051198849909108,-0.0016053812470775677,0.0037611102376735603,-0.0014782298833601942,0.00927511580141913,1.4292695166511076
spread_bp,1.3 スプレッド,30s,142362,-0.000548474524113251,-0.001373914512182961,-0.005800631647627734,0.0014955007419495256,NaN,NaN,-0.20694289246935807
spread_bp,1.3 スプレッド,60s,142362,-0.0009454276603049512,-0.002446133027769804,-0.006562060914417222,0.0016007239977450871,NaN,NaN,-0.3567159166989349
spread_rel,1.3 スプレッド,100ms,427284,0.0003480709304166335,-0.0008897653779186346,0.0007831461071009597,-0.001119927740576067,NaN,NaN,0.2275228815382076
spread_rel,1.3 スプレッド,500ms,427284,0.0012550740346628344,-0.0017986826320816399,0.0034322155762074665,-0.00087269415714359,NaN,NaN,0.8204025201921662
spread_rel,1.3 スプレッド,1s,427284,0.0015496874597983855,-0.0013776192559354838,0.001560415382382343,-0.0003756456034251638,0.0020651180396159922,0.0009438433877037512,1.0129824916264252
spread_rel,1.3 スプレッド,5s,427284,0.004249416464548932,0.0022456684176783317,0.0007095397615021273,0.0006666373883456706,NaN,NaN,2.7777331150118254
spread_rel,1.3 スプレッド,10s,142362,0.003788061537802083,0.003051198849909108,-0.0016053812470775677,0.0037611102376735603,-0.0014782298833601942,0.00927511580141913,1.4292695166511076
spread_rel,1.3 スプレッド,30s,142362,-0.000548474524113251,-0.001373914512182961,-0.005800631647627734,0.0014955007419495256,NaN,NaN,-0.20694289246935807
spread_rel,1.3 スプレッド,60s,142362,-0.0009454276603049512,-0.002446133027769804,-0.006562060914417222,0.0016007239977450871,NaN,NaN,-0.3567159166989349
is_1tick,1.3 スプレッド,100ms,427284,0.0014328595537543602,0.0008137849429438767,-0.000762870666936982,0.0024901779611128947,NaN,NaN,0.936615560033014
is_1tick,1.3 スプレッド,500ms,427284,-0.00011015610726785986,0.001022638408037626,-0.00235566148364181,0.0015189430231178141,NaN,NaN,-0.07200553504552026
is_1tick,1.3 スプレッド,1s,427284,-0.0017129859114425217,0.000014862681528928146,-0.0013275081809089742,0.0012366790430065598,-0.0008535203196510413,-0.0019143041646588151,-1.119725908587932
is_1tick,1.3 スプレッド,5s,427284,-0.0047782051424478545,-0.002785957323226959,-0.001144258006512046,-0.0008520070133357982,NaN,NaN,-3.123395987564869
is_1tick,1.3 スプレッド,10s,142362,-0.0054179274568760954,-0.005488164043412727,0.0028334038085321574,-0.004672572103630395,0.00029926692987280985,-0.009476480754694202,-2.044247849954504
is_1tick,1.3 スプレッド,30s,142362,-0.0002617988637179031,0.0003637808376302895,0.004802786197793601,-0.002762509249486262,NaN,NaN,-0.09877834872685619
is_1tick,1.3 スプレッド,60s,142362,0.0012196233682079528,0.0020083259027815384,0.0024645624732373026,-0.0009395773527908862,NaN,NaN,0.4601718515549807
ret_100ms,1.2 中値,100ms,427284,0.10178216800853797,0.04519875821136796,0.3516212359113083,0.0020931830270991647,NaN,NaN,66.87908000404965
ret_100ms,1.2 中値,500ms,427284,0.013665244231622185,0.012454267240216633,0.2058329115085812,0.002806914313612195,NaN,NaN,8.933368532804302
ret_100ms,1.2 中値,1s,427284,0.014249050335769519,0.014973361117936,0.16664218162278688,-0.0002450834809631681,0.031150428326357015,0.00026285443254245127,9.31509551898078
ret_100ms,1.2 中値,5s,427284,0.01245498824596637,0.01135265412105768,0.09767314406778742,-0.0014597753276064012,NaN,NaN,8.142060195661296
ret_100ms,1.2 中値,10s,142362,0.008093420605763485,0.00681818279936469,0.0709108918306528,-0.00044427855265564184,0.012491660722654918,0.00446927635052069,3.0537981297867907
ret_100ms,1.2 中値,30s,142362,0.005397477398245226,0.004646354054701259,0.048024670102687926,-8.78190322547293e-6,NaN,NaN,2.036531576719406
ret_100ms,1.2 中値,60s,142362,0.003101380390586262,0.002450191891853801,0.030683292501009027,-0.0024858779497155038,NaN,NaN,1.1701758068650607
mret_100ms,2.1 マイクロプライス,100ms,427284,0.038903241274670666,0.07129076272593655,1.0,0.00008312884396027301,NaN,NaN,25.449073652870457
mret_100ms,2.1 マイクロプライス,500ms,427284,-0.0583017935018343,0.058623350006393515,0.30377396026608655,0.002638220172827878,NaN,NaN,-38.17495871765079
mret_100ms,2.1 マイクロプライス,1s,427284,-0.04095335308308675,0.0502757551341903,0.20609443872120933,0.0008814286279397979,-0.04377622558474247,-0.03883931866399269,-26.792378180140428
mret_100ms,2.1 マイクロプライス,5s,427284,-0.014442200955395192,0.030768392276850482,0.09956032160115423,-0.001440850430073737,NaN,NaN,-9.441390905144006
mret_100ms,2.1 マイクロプライス,10s,142362,-0.005034949866651484,0.02355695303654405,0.06957149315625133,-0.0036288373167379694,-0.006396253519357926,-0.003905089376451442,-1.899742091229863
mret_100ms,2.1 マイクロプライス,30s,142362,-0.0007844895910730766,0.015509005718122955,0.045686181464492305,-0.0017701456243234765,NaN,NaN,-0.29599291031432534
mret_100ms,2.1 マイクロプライス,60s,142362,-0.003867429588996667,0.007640882140786867,0.03220214411088532,-0.005697124071450396,NaN,NaN,-1.4592162359294987
ret_500ms,1.2 中値,100ms,427284,0.040976963783955024,0.010751107223615627,0.18164116926647011,0.00010918694290723613,NaN,NaN,26.807850673657928
ret_500ms,1.2 中値,500ms,427284,-0.02962619720322621,-0.0034845366763730503,0.5138091835875761,0.0017191538702625126,NaN,NaN,-19.37420472517569
ret_500ms,1.2 中値,1s,427284,-0.007528415593168441,0.01290184019280766,0.4068101885903854,0.000844056628457423,0.023488323790878268,-0.034036775433654055,-4.921224665622792
ret_500ms,1.2 中値,5s,427284,0.005476021929503838,0.013988026073703018,0.23001744058520848,-0.00003288757536999362,NaN,NaN,3.579554583349955
ret_500ms,1.2 中値,10s,142362,0.009025196649329378,0.014043614280257518,0.1704108646383763,-0.0020319146842940586,0.01980507938651407,-0.000577644170252378,3.4054017229711557
ret_500ms,1.2 中値,30s,142362,0.005319078772291153,0.006900505365118674,0.10322142774914368,-0.003151528845585043,NaN,NaN,2.006950011814467
ret_500ms,1.2 中値,60s,142362,0.005740376553112081,0.0077726261741600244,0.07463045569176165,-0.0007657726026207796,NaN,NaN,2.1659155888372235
mret_500ms,2.1 マイクロプライス,100ms,427284,-0.03328059752157756,0.05721782048843492,0.30377396026608655,-0.0024665229936660896,NaN,NaN,-21.76652295190953
mret_500ms,2.1 マイクロプライス,500ms,427284,-0.1223313682410992,0.053302379298207324,1.0,0.0005393296879351183,NaN,NaN,-80.56924483897534
mret_500ms,2.1 マイクロプライス,1s,427284,-0.09220637551069207,0.05264389846006433,0.48384652380632964,-0.0010887446199840487,-0.08954549666339098,-0.09464152604517057,-60.53023109634666
mret_500ms,2.1 マイクロプライス,5s,427284,-0.04374705939159231,0.03313886956409847,0.21456304073388016,-0.0019496513564026628,NaN,NaN,-28.623460677740994
mret_500ms,2.1 マイクロプライス,10s,142362,-0.023794084466743033,0.02402002591630755,0.15084101997361293,-0.0038614479260232425,-0.029806397624960297,-0.018615674873767155,-8.980199051750272
mret_500ms,2.1 マイクロプライス,30s,142362,-0.015246173309458311,0.01271934375468237,0.08620166438011884,-0.004049706778277113,NaN,NaN,-5.753145037240329
mret_500ms,2.1 マイクロプライス,60s,142362,-0.011396990443679148,0.009264392999032145,0.060134104747591274,-0.004153622375934018,NaN,NaN,-4.300434934414279
ret_1s,1.2 中値,100ms,427284,0.03312254272948381,0.0177896173403658,0.12228860187224747,0.0011316047656576072,NaN,NaN,21.663036504752025
ret_1s,1.2 中値,500ms,427284,-0.014493740221267834,0.010069782814418388,0.30032781908990946,0.0025411381229955435,NaN,NaN,-9.47509106047746
ret_1s,1.2 中値,1s,427284,0.004308156641801119,0.021395448282750404,0.6186414531550578,0.0005250914170573392,0.029091361980719363,-0.017077853851128942,2.81613075023422
ret_1s,1.2 中値,5s,427284,0.015588750315386745,0.022243043680945214,0.3269891880211476,-0.0007201665852290517,NaN,NaN,10.191107320730653
ret_1s,1.2 中値,10s,142362,0.016251656033409348,0.020052010219385855,0.2372738719365545,-0.002568563435429091,0.026784925319943472,0.006959683670958609,6.132661180256634
ret_1s,1.2 中値,30s,142362,0.007069115068094742,0.00801880771836279,0.1392413054404096,-0.003368170362590893,NaN,NaN,2.667287884451131
ret_1s,1.2 中値,60s,142362,0.009127254161740395,0.010275377557697614,0.10048589662888878,-0.0005633311275575404,NaN,NaN,3.443913418131863
mret_1s,2.1 マイクロプライス,100ms,427284,-0.029235867167448755,0.05051144735276818,0.20609443872120933,0.00001332649362806592,NaN,NaN,-19.118726557544512
mret_1s,2.1 マイクロプライス,500ms,427284,-0.10450480501026914,0.051968739498705036,0.48384652380632964,0.0017989010906659822,NaN,NaN,-68.68756542689292
mret_1s,2.1 マイクロプライス,1s,427284,-0.08001589822006652,0.05496033195768676,1.0,0.00048103214258823673,-0.07902343333900447,-0.08103978697043476,-52.47208824090685
mret_1s,2.1 マイクロプライス,5s,427284,-0.036085752168986775,0.04118307634869492,0.32377256321246406,0.0003968332358498219,NaN,NaN,-23.60347848544666
mret_1s,2.1 マイクロプライス,10s,142362,-0.02146791267706906,0.028625060253242095,0.22396043803519697,0.0004958197930347395,-0.023777966200948034,-0.019633557821116674,-8.101844617479433
mret_1s,2.1 マイクロプライス,30s,142362,-0.011453660665228127,0.01778473297092188,0.12605690759107985,-0.0011834249796016463,NaN,NaN,-4.321821150166025
mret_1s,2.1 マイクロプライス,60s,142362,-0.006230556197346006,0.015424181530961473,0.0899825025849597,-0.00046488675622477564,NaN,NaN,-2.350873373004234
ret_5s,1.2 中値,100ms,427284,0.02030711367836591,0.015276217496115173,0.061515666883923084,-0.001800581602717703,NaN,NaN,13.276850476834145
ret_5s,1.2 中値,500ms,427284,0.0008026552076312381,0.013881046690010591,0.14188292111383324,0.00038620852763217626,NaN,NaN,0.524670282773732
ret_5s,1.2 中値,1s,427284,0.008782803303445117,0.016519454249248524,0.2458770255524711,0.0006860703181048759,0.024419097552029655,-0.004952529231766513,5.741259886964762
ret_5s,1.2 中値,5s,427284,0.01599429552407552,0.017716274995718012,0.8427714623663739,0.00003599157696316477,NaN,NaN,10.456298487653658
ret_5s,1.2 中値,10s,142362,0.02117946044137092,0.021144817225268064,0.5714794015740282,0.0009703869833767,0.023826547948675815,0.01900042461788549,7.99293551444783
ret_5s,1.2 中値,30s,142362,0.013845933654382104,0.01242201179125138,0.3160818074746493,0.002190272302227131,NaN,NaN,5.2246580227723385
ret_5s,1.2 中値,60s,142362,0.01729886850859146,0.016548863643464147,0.2131781147112122,0.002919003434590181,NaN,NaN,6.527947882113911
mret_5s,2.1 マイクロプライス,100ms,427284,-0.010945181036806013,0.03496369441964101,0.09956032160115423,-0.0014960947589028005,NaN,NaN,-7.154944401651959
mret_5s,2.1 マイクロプライス,500ms,427284,-0.0553986195011167,0.03861262566575597,0.21456304073388016,0.00003698410349775753,NaN,NaN,-36.26800713981601
mret_5s,2.1 マイクロプライス,1s,427284,-0.048482945067798155,0.03973283105046609,0.32377256321246406,0.001117848850905863,-0.04582046028106166,-0.05074703578715551,-31.729068192392546
mret_5s,2.1 マイクロプライス,5s,427284,-0.029488982926733045,0.03503391088190957,1.0,-0.0013303574090455126,NaN,NaN,-19.284394459425904
mret_5s,2.1 マイクロプライス,10s,142362,-0.01543878024167724,0.031969855175932996,0.5892262246616967,0.0002460479594844769,-0.024630397550661102,-0.007024018539435892,-5.82584250233975
mret_5s,2.1 マイクロプライス,30s,142362,-0.0069208057596397655,0.022129435565187552,0.31421949988521947,-0.00016444395280025548,NaN,NaN,-2.611325749273746
mret_5s,2.1 マイクロプライス,60s,142362,0.000054080559530194425,0.021437979958867984,0.21176022484303197,0.0012312965312234944,NaN,NaN,0.020404932693362517
ret_10s,1.2 中値,100ms,427284,0.012367093648323982,0.01012546718470602,0.041874832882089603,-0.001215836014393215,NaN,NaN,8.08459302262219
ret_10s,1.2 中値,500ms,427284,0.004063901783134994,0.014169484206832393,0.10016432863183211,0.000057570974725348117,NaN,NaN,2.656464940173509
ret_10s,1.2 中値,1s,427284,0.005825372918380144,0.012424709893510008,0.17135767391478407,0.0008844523143119758,0.018662517304394156,-0.005493428491240552,3.8079251258364613
ret_10s,1.2 中値,5s,427284,0.014314478939837227,0.014437634276576804,0.5391304974327233,0.002728500282293545,NaN,NaN,9.357877199587803
ret_10s,1.2 中値,10s,142362,0.019362147221590256,0.015815646873358284,0.9000381612298896,0.004650784702358282,0.017246898826527635,0.022000854489260323,7.30682876569655
ret_10s,1.2 中値,30s,142362,0.013782405773146773,0.00989377790740686,0.47048373373724994,0.0037713099146756703,NaN,NaN,5.200681693827284
ret_10s,1.2 中値,60s,142362,0.017020781623125838,0.014977604146585478,0.31494099455739955,0.0046530336712423325,NaN,NaN,6.422977602640368
mret_10s,2.1 マイクロプライス,100ms,427284,-0.009251078205524484,0.02463349794947183,0.06916782615318073,-0.0010412738238964922,NaN,NaN,-6.047393600911756
mret_10s,2.1 マイクロプライス,500ms,427284,-0.037242729797737295,0.031979321942947725,0.15026784592702097,0.00020836719545445594,NaN,NaN,-24.36128552301233
mret_10s,2.1 マイクロプライス,1s,427284,-0.03740549529552824,0.030822950005525436,0.22506611209033847,0.0010291411596029813,-0.03449523736071751,-0.0399397056312423,-24.467902852520716
mret_10s,2.1 マイクロプライス,5s,427284,-0.022815048666499943,0.029359590292511065,0.5946837157829784,0.0018213614739897579,NaN,NaN,-14.917352719405928
mret_10s,2.1 マイクロプライス,10s,142362,-0.011940705787440664,0.027183574078307314,1.0,0.0032231172537626586,-0.0257614965611743,0.0011649077962905597,-4.505624041909343
mret_10s,2.1 マイクロプライス,30s,142362,-0.0070766766498453135,0.017912789198492342,0.47793928298873956,0.002741168236975417,NaN,NaN,-2.6701411305439477
mret_10s,2.1 マイクロプライス,60s,142362,0.00012100220281401991,0.01933178272312713,0.31816639439713135,0.002398037478591416,NaN,NaN,0.04565488671127415
ret_30s,1.2 中値,100ms,427284,0.009709082548538311,0.00882294251720031,0.02801399674809306,-0.00020272791877174747,NaN,NaN,6.346816806427974
ret_30s,1.2 中値,500ms,427284,0.005562725706668639,0.010949091078067555,0.05946071465062671,0.00044102047229030883,NaN,NaN,3.6362326675814147
ret_30s,1.2 中値,1s,427284,0.003562287074895482,0.007778193345490524,0.10073921890970731,-0.00024898075227426376,0.011401227419143078,-0.003420861885476967,2.3285682395730065
ret_30s,1.2 中値,5s,427284,0.014710952752216167,0.013431983064070412,0.29579386451807116,0.0012801331274091172,NaN,NaN,9.617121391171121
ret_30s,1.2 中値,10s,142362,0.02001772302976308,0.01677677237579238,0.45004389338502304,0.00034684876571102434,0.018549513592286664,0.02215975132767094,7.554325538725658
ret_30s,1.2 中値,30s,142362,0.01440635303443235,0.011271083442258287,0.9615653294489637,0.003082898309938526,NaN,NaN,5.436171068452827
ret_30s,1.2 中値,60s,142362,0.017953345583036292,0.016232953196214345,0.6011500958656802,0.001566384878596666,NaN,NaN,6.775001303338278
mret_30s,2.1 マイクロプライス,100ms,427284,-0.002490915597275638,0.016783750319162693,0.04425429759710271,-0.000014081918100614626,NaN,NaN,-1.6282371457295457
mret_30s,2.1 マイクロプライス,500ms,427284,-0.018770063756972193,0.021674229632754727,0.08759883731497553,0.0005777942254798049,NaN,NaN,-12.271554047388411
mret_30s,2.1 マイクロプライス,1s,427284,-0.022250679803342593,0.01891150512490423,0.12997665667609337,-0.00014149842931588386,-0.02028568085571373,-0.024031639821903164,-14.548161637327675
mret_30s,2.1 マイクロプライス,5s,427284,-0.009261462803854825,0.023076781852973707,0.3245048792621503,0.0006582670284539347,NaN,NaN,-6.054182554173945
mret_30s,2.1 マイクロプライス,10s,142362,-0.0009456880238106815,0.025747586821719935,0.47793928298873956,0.00002245854972361472,-0.009396403347844888,0.007400515746290347,-0.35681415360649626
mret_30s,2.1 マイクロプライス,30s,142362,0.0002759691609855411,0.018246754475443727,1.0,0.002683396848834477,NaN,NaN,0.10412489091215191
mret_30s,2.1 マイクロプライス,60s,142362,0.006927036907686455,0.021185433609692876,0.6056415574722956,0.0009530017574494707,NaN,NaN,2.6136769694011517
ret_60s,1.2 中値,100ms,427284,0.006827051186066459,0.005424389841218904,0.020450367223728304,0.0002942946019683811,NaN,NaN,4.462729658016678
ret_60s,1.2 中値,500ms,427284,0.006887300856696579,0.010429167335558704,0.04194163215426127,-0.00030347496191976983,NaN,NaN,4.5021157243718
ret_60s,1.2 中値,1s,427284,0.0075779632693258195,0.010841299537804565,0.07279875330298281,-0.0010145141231350152,0.01328686306123879,0.002306834133374275,4.953615173346791
ret_60s,1.2 中値,5s,427284,0.019083629225121784,0.019683111648021473,0.20847657841493739,0.0025594815553088668,NaN,NaN,12.476631983667446
ret_60s,1.2 中値,10s,142362,0.026759216076756305,0.024512808917053965,0.30042802570025795,0.004288563803042417,0.015260704190606688,0.038214687324632055,10.100035989300615
ret_60s,1.2 中値,30s,142362,0.02184808243313291,0.02084847857120031,0.592562929110414,0.004657796879903101,NaN,NaN,8.24538602629623
ret_60s,1.2 中値,60s,142362,0.021670821584776175,0.021042065682570395,0.9818954141746259,0.006591488859701991,NaN,NaN,8.178456873376062
mret_60s,2.1 マイクロプライス,100ms,427284,-0.0019262823615529988,0.010952385155575933,0.03166752872088201,0.0003686102188447097,NaN,NaN,-1.259151689587397
mret_60s,2.1 マイクロプライス,500ms,427284,-0.010336170295240898,0.017643935053649307,0.061508294298904816,0.00010860330647087822,NaN,NaN,-6.756785862130581
mret_60s,2.1 マイクロプライス,1s,427284,-0.010349256100220337,0.01851046030132567,0.09339985339463643,-0.0008889661076462327,-0.008561089241536693,-0.012100827447245383,-6.765341008260496
mret_60s,2.1 マイクロプライス,5s,427284,0.0026914459767541925,0.02687188839612986,0.22826137476461503,0.0020799523197019766,NaN,NaN,1.7593187810055815
mret_60s,2.1 マイクロプライス,10s,142362,0.011842844525094464,0.030370209382569697,0.31816639439713135,0.004369703308289689,-0.004307805247367189,0.027557859686080897,4.468692543077561
mret_60s,2.1 マイクロプライス,30s,142362,0.011493316701093027,0.025564575736448564,0.6056415574722956,0.0046778201281501,NaN,NaN,4.336786575017214
mret_60s,2.1 マイクロプライス,60s,142362,0.013288734615221977,0.02452103348199755,1.0,0.006022217206439331,NaN,NaN,5.014365278266766
d_mid,1.2 中値,100ms,427284,0.10178216800853797,0.04519875821136796,0.3516212359113083,0.0020931830270991647,NaN,NaN,66.87908000404965
d_mid,1.2 中値,500ms,427284,0.013665244231622185,0.012454267240216633,0.2058329115085812,0.002806914313612195,NaN,NaN,8.933368532804302
d_mid,1.2 中値,1s,427284,0.014249050335769519,0.014973361117936,0.16664218162278688,-0.0002450834809631681,0.031150428326357015,0.00026285443254245127,9.31509551898078
d_mid,1.2 中値,5s,427284,0.01245498824596637,0.01135265412105768,0.09767314406778742,-0.0014597753276064012,NaN,NaN,8.142060195661296
d_mid,1.2 中値,10s,142362,0.008093420605763485,0.00681818279936469,0.0709108918306528,-0.00044427855265564184,0.012491660722654918,0.00446927635052069,3.0537981297867907
d_mid,1.2 中値,30s,142362,0.005397477398245226,0.004646354054701259,0.048024670102687926,-8.78190322547293e-6,NaN,NaN,2.036531576719406
d_mid,1.2 中値,60s,142362,0.003101380390586262,0.002450191891853801,0.030683292501009027,-0.0024858779497155038,NaN,NaN,1.1701758068650607
abs_d_mid,1.2 中値,100ms,427284,-0.0014354784518473575,-0.0013446622699202747,-0.0035496826388413676,0.0029665188811269687,NaN,NaN,-0.9383274554853339
abs_d_mid,1.2 中値,500ms,427284,-0.0010187635809898688,-0.003907132246963768,-0.001793291188397702,0.0048133101627113204,NaN,NaN,-0.6659336116363004
abs_d_mid,1.2 中値,1s,427284,-0.0027326240906385677,-0.005032645742335054,-0.0020506236456631723,0.0011594292816234808,-0.0007214424718583225,-0.004371206129332919,-1.7862358979174286
abs_d_mid,1.2 中値,5s,427284,0.0003719208300506561,-0.0003010563304507555,-0.0010779378191692766,-0.0024448502327872215,NaN,NaN,0.2431128034233099
abs_d_mid,1.2 中値,10s,142362,0.0021433378475232048,0.00141506396276898,-0.0032365627838804906,-0.0023595655861987884,0.005602426316084953,-0.0005855415299934294,0.808696605405768
abs_d_mid,1.2 中値,30s,142362,-0.0024679866428487206,-0.0030720494977935528,-0.00742589878456096,-0.003640840977144203,NaN,NaN,-0.9311896006174647
abs_d_mid,1.2 中値,60s,142362,0.0006618230029474647,0.00008569978018850207,-0.006854685143091872,0.00014160179361890867,NaN,NaN,0.24971000457781345
sgn_d_mid,1.2 中値,100ms,427284,0.10113091650308856,0.044365563399208816,0.3466708957557397,0.002047537809041885,NaN,NaN,66.44671913243518
sgn_d_mid,1.2 中値,500ms,427284,0.014448935536332428,0.012480349462428025,0.20271808363448987,0.0028719888172777995,NaN,NaN,9.445794464240505
sgn_d_mid,1.2 中値,1s,427284,0.015129265378204878,0.01528206923247665,0.16419264586501087,-0.00022893888126320443,0.031748081663101314,0.0013724666542748348,9.890650351607135
sgn_d_mid,1.2 中値,5s,427284,0.012905328163872916,0.01152809322719099,0.09639693736140686,-0.0014080313812092893,NaN,NaN,8.436504057808516
sgn_d_mid,1.2 中値,10s,142362,0.008283752313110784,0.006837697599921078,0.07000449038671853,-0.0005511710383982388,0.012809996408869859,0.004450567861232217,3.1256186948310116
sgn_d_mid,1.2 中値,30s,142362,0.005733775107967121,0.0048913823522713906,0.04743874917298935,-0.00012676900878082236,NaN,NaN,2.163424699403166
sgn_d_mid,1.2 中値,60s,142362,0.003424803919481243,0.002715587861113834,0.030313775652295934,-0.0025294125587845486,NaN,NaN,1.29220747365698
micro,2.1 マイクロプライス,100ms,427284,-0.0017532887090202026,-0.00024553974965305325,-0.0009059743039970279,-0.0014077961498528129,NaN,NaN,-1.1460706808744636
micro,2.1 マイクロプライス,500ms,427284,-0.0013287317087340375,0.00010855767804903621,-0.0008047342796455892,-0.0007268497656429126,NaN,NaN,-0.8685503134717686
micro,2.1 マイクロプライス,1s,427284,-0.00015838523604781035,0.002804947529963958,0.0017596020162828888,0.0007177197329195219,-0.0005098873020919502,-0.001364065709775977,-0.10353137943641402
micro,2.1 マイクロプライス,5s,427284,0.00161204899286226,-0.0005399092293991562,0.001952405587933237,0.0037091842237702835,NaN,NaN,1.0537463900069357
micro,2.1 マイクロプライス,10s,142362,0.008056567233508364,0.009838936094012022,-0.0036607699324671572,0.010309965715693438,0.0055471945582033265,0.0074216029409728025,3.0398917622702797
micro,2.1 マイクロプライス,30s,142362,0.002758241396288936,0.0032434762851491408,-0.0013125368061759142,0.008093413604399462,NaN,NaN,1.0407056536384238
micro,2.1 マイクロプライス,60s,142362,-0.0030886652911374995,-0.002949967971454047,0.005048021513290247,0.004502572964395506,NaN,NaN,-1.165378251544838
delta_bp,2.1 マイクロプライス,100ms,427284,-0.09126698126467993,0.07359023253847913,0.15049403502978373,-0.000047810579337128575,NaN,NaN,-59.90834517023444
delta_bp,2.1 マイクロプライス,500ms,427284,-0.1816431550360914,0.08843546387145244,0.25199370636409824,-0.0005209099655491476,NaN,NaN,-120.74295607012633
delta_bp,2.1 マイクロプライス,1s,427284,-0.1814762194917283,0.08497908859773924,0.250770833274595,0.0004018169253697396,-0.19352815484267125,-0.17089913813990998,-120.62820886888053
delta_bp,2.1 マイクロプライス,5s,427284,-0.1377051810524624,0.06926087162702685,0.21019729702455475,-0.0027992379445199046,NaN,NaN,-90.87926860765491
delta_bp,2.1 マイクロプライス,10s,142362,-0.11488532620936362,0.05395446585983657,0.178960061840215,-0.006504893098830198,-0.1285708238335674,-0.10158102395599394,-43.63587422846416
delta_bp,2.1 マイクロプライス,30s,142362,-0.07128831582234046,0.0465162375792361,0.1301457786102774,-0.005092475387381042,NaN,NaN,-26.96613506865526
delta_bp,2.1 マイクロプライス,60s,142362,-0.054382750844355295,0.03805240921655078,0.10190318132002499,-0.003696441638971661,NaN,NaN,-20.549361032241777
delta_norm,2.1 マイクロプライス,100ms,427284,-0.06529903962070177,0.07998737425765794,0.14775937609519949,-0.00006697374563036397,NaN,NaN,-42.775193288364484
delta_norm,2.1 マイクロプライス,500ms,427284,-0.144624118559319,0.10055043516193689,0.2446071980865292,-0.0008028932976359824,NaN,NaN,-95.54062485328774
delta_norm,2.1 マイクロプライス,1s,427284,-0.1421302459679955,0.09788137660561072,0.2406260733695147,0.000726564981617644,-0.14918921563756274,-0.13572939650424445,-93.8588680129682
delta_norm,2.1 マイクロプライス,5s,427284,-0.10436337008667856,0.07936811093422355,0.19805530961526716,-0.0027319339261487044,NaN,NaN,-68.59358056135827
delta_norm,2.1 マイクロプライス,10s,142362,-0.08775737903331383,0.06169244312600393,0.16625003707953745,-0.005579625229757308,-0.09616517102741831,-0.07948338725122807,-33.23964946234664
delta_norm,2.1 マイクロプライス,30s,142362,-0.054941743958366714,0.04970757321513667,0.11879282075385508,-0.004836484830960375,NaN,NaN,-20.76122146810981
delta_norm,2.1 マイクロプライス,60s,142362,-0.039664819631387946,0.04274447955812967,0.09230859803315941,-0.00475917278409004,NaN,NaN,-14.977570749732568
micro_bid,2.1 マイクロプライス,100ms,427284,-0.0658182540777379,0.06441525002300763,0.12529361555035212,-0.0005826557694803279,NaN,NaN,-43.11678708827096
micro_bid,2.1 マイクロプライス,500ms,427284,-0.1372358903282123,0.07811980121349321,0.21220731728089381,-0.0015993364601787623,NaN,NaN,-90.56360236613902
micro_bid,2.1 マイクロプライス,1s,427284,-0.13511884948515407,0.07583163634075078,0.20931755837705338,0.0003025531619013778,-0.14168589661860329,-0.13070146234281807,-89.14035385340689
micro_bid,2.1 マイクロプライス,5s,427284,-0.09917263205675686,0.06339003636265719,0.17394526148725387,-0.0019905352924037955,NaN,NaN,-65.14714669417762
micro_bid,2.1 マイクロプライス,10s,142362,-0.08340544976318413,0.049972809787766075,0.14527967972079942,-0.0027548044991006276,-0.09437771434672032,-0.07359055541448192,-31.579429138432747
micro_bid,2.1 マイクロプライス,30s,142362,-0.053133878745755946,0.0398833595206084,0.10373465350604187,-0.003432449407699967,NaN,NaN,-20.076103644026002
micro_bid,2.1 マイクロプライス,60s,142362,-0.03975997750017626,0.03293983012756436,0.0797218313719841,-0.0026076775210092723,NaN,NaN,-15.013559509474284
ask_micro,2.1 マイクロプライス,100ms,427284,0.06689831875864197,-0.06391743534311521,-0.12419594981025724,-0.00006498678644637813,NaN,NaN,43.82748008472439
ask_micro,2.1 マイクロプライス,500ms,427284,0.1391941116805746,-0.07899860609597435,-0.20646169926614388,-0.0004556224454627461,NaN,NaN,91.88120501981527
ask_micro,2.1 マイクロプライス,1s,427284,0.1399791877067272,-0.07563827470425402,-0.2055019834658371,-0.00021186548559630383,0.1460160961580527,0.13575233239324982,92.4097565228739
ask_micro,2.1 マイクロプライス,5s,427284,0.10628446307327868,-0.05932217683573942,-0.17052433722958096,0.0029634181304825807,NaN,NaN,69.8705273689445
ask_micro,2.1 マイクロプライス,10s,142362,0.08878321255468358,-0.04520864105174072,-0.14566183327457033,0.007154458634311025,0.09484289774760785,0.08338984404065802,33.6312710434417
ask_micro,2.1 マイクロプライス,30s,142362,0.054329261034415675,-0.03946865497968852,-0.10737044588300912,0.004931094005888207,NaN,NaN,20.529089217565705
ask_micro,2.1 マイクロプライス,60s,142362,0.041168231456563564,-0.03285384572651005,-0.08540873018828045,0.0041984998196727946,NaN,NaN,15.546210313144837
mp_mom,2.1 マイクロプライス,100ms,427284,-0.07846834869140396,0.056480842314813685,0.12266449922202168,-0.0002478249916517694,NaN,NaN,-51.450900728195165
mp_mom,2.1 マイクロプライス,500ms,427284,-0.14839862770633144,0.06947475685923361,0.2075173808278485,-0.0005550994745738457,NaN,NaN,-98.08953484587377
mp_mom,2.1 マイクロプライス,1s,427284,-0.142721321560197,0.0649610283790272,0.21017598548075092,-0.0001042355138558653,-0.15528784075500068,-0.13111958374102775,-94.2572968642103
mp_mom,2.1 マイクロプライス,5s,427284,-0.10244776517464019,0.0492324014946758,0.19478054471559322,-0.004087967817183732,NaN,NaN,-67.32105463291306
mp_mom,2.1 マイクロプライス,10s,142362,-0.07630633947824818,0.03753219269971131,0.2663277816973974,-0.0034245375736196206,-0.092791009979893,-0.06012656117549156,-28.875045641169308
mp_mom,2.1 マイクロプライス,30s,142362,-0.04669438864116184,0.0265225639696726,0.06533659709248685,-0.0032098258691747685,NaN,NaN,-17.63732268623763
mp_mom,2.1 マイクロプライス,60s,142362,-0.038002112141077266,0.015518553360148681,0.036499616387409055,-0.0030429395578811984,NaN,NaN,-14.348798835193465
obi1,4 板の偏り OBI,100ms,427284,-0.06529864994725383,0.07998786388761925,0.14775941449652158,-0.00010934212308114773,NaN,NaN,-42.77493693338367
obi1,4 板の偏り OBI,500ms,427284,-0.14462390839234077,0.10055066264502056,0.244607595207907,-0.0008237661285024595,NaN,NaN,-95.54048304816543
obi1,4 板の偏り OBI,1s,427284,-0.14213039308477826,0.09788151902982467,0.24062622307143838,0.0006989691354291938,-0.14918957575628788,-0.13572928858679795,-93.85896716783797
obi1,4 板の偏り OBI,5s,427284,-0.10436342742240053,0.079367953349778,0.19805510567948809,-0.0027297720737036943,NaN,NaN,-68.59361866064346
obi1,4 板の偏り OBI,10s,142362,-0.08775607114633964,0.0616936393126114,0.16625126857959852,-0.0055739054846707745,-0.09616459841835906,-0.07948107680101521,-33.23915023251024
obi1,4 板の偏り OBI,30s,142362,-0.054941646959101795,0.0497076225102622,0.11879425203983054,-0.004778228103426265,NaN,NaN,-20.761184703340763
obi1,4 板の偏り OBI,60s,142362,-0.03966477452533409,0.04274452436687162,0.09231011723740543,-0.004583471354382801,NaN,NaN,-14.977553690694371
obi_abs,4 板の偏り OBI,100ms,427284,0.00257127876648273,-0.0013141721155357224,-0.0006484444490682925,-0.0026137036687604947,NaN,NaN,1.6807684916307872
obi_abs,4 板の偏り OBI,500ms,427284,0.0030301392613528476,-0.001517354344131958,-0.0076607863813706895,0.0015232996636271741,NaN,NaN,1.9807145017966807
obi_abs,4 板の偏り OBI,1s,427284,-0.0004436493494540998,-0.0034884529058792925,-0.006565123051994502,-0.0015441155120002217,0.0018947330323165969,-0.0027029614096206783,-0.28999946096812423
obi_abs,4 板の偏り OBI,5s,427284,-0.0005395679226222359,-0.0038012136362057633,-0.009022636305113256,-0.0023277545477981922,NaN,NaN,-0.35269839635093725
obi_abs,4 板の偏り OBI,10s,142362,0.0034920882624458163,-0.000864718336170136,-0.007574831561502727,-0.004151630264274437,0.001251740957125324,0.005350838477704696,1.3175947317166576
obi_abs,4 板の偏り OBI,30s,142362,-0.0015333429692862164,-0.005190448011751198,-0.005274647288541559,-2.9060657052924995e-6,NaN,NaN,-0.5785405530416284
obi_abs,4 板の偏り OBI,60s,142362,-0.0025809157282213916,-0.0056273117263066046,-0.0003804503952639835,-0.0018854991806264631,NaN,NaN,-0.9737988567753045
obi_sign,4 板の偏り OBI,100ms,427284,-0.06558598063668691,0.06627078298128608,0.12712773431891164,0.00008360441898936222,NaN,NaN,-42.963968893215345
obi_sign,4 板の偏り OBI,500ms,427284,-0.13808808529117914,0.08353075826122466,0.21434616415526506,-0.00043317667190047256,NaN,NaN,-91.13687358578801
obi_sign,4 板の偏り OBI,1s,427284,-0.1370408826921768,0.0822291278099657,0.21108122361332943,0.0009954810887259746,-0.14510668137720187,-0.12978517530297456,-90.43244967232397
obi_sign,4 板の偏り OBI,5s,427284,-0.10268667285337188,0.06630421465670469,0.17311707980422922,-0.0017537332455615203,NaN,NaN,-67.47971808637668
obi_sign,4 板の偏り OBI,10s,142362,-0.0866308338492398,0.05129408147544011,0.14774045940101668,-0.004723118389478912,-0.09534804971690104,-0.07845243839570687,-32.809702990281224
obi_sign,4 板の偏り OBI,30s,142362,-0.05303347838283377,0.04247170201172173,0.10624219291403963,-0.005022993866696755,NaN,NaN,-20.038061275643617
obi_sign,4 板の偏り OBI,60s,142362,-0.03734588435438589,0.037678073712685375,0.08190681323872272,-0.005448784109377484,NaN,NaN,-14.100671908326683
obi_not1,4 板の偏り OBI,100ms,427284,-0.06529848842394494,0.07998893714137571,0.14775927768856842,-0.00010895727174328985,NaN,NaN,-42.77483067183897
obi_not1,4 板の偏り OBI,500ms,427284,-0.14462355089769852,0.10055165327485341,0.2446073729957899,-0.0008237134561940898,NaN,NaN,-95.54024183726962
obi_not1,4 板の偏り OBI,1s,427284,-0.14213104606696625,0.09788228812205323,0.24062594598819617,0.0006988308112816522,-0.1491903156154717,-0.13572937706635332,-93.85940726973432
obi_not1,4 板の偏り OBI,5s,427284,-0.1043642135558126,0.07936770861199481,0.1980558427400857,-0.0027291745641418643,NaN,NaN,-68.59414104222392
obi_not1,4 板の偏り OBI,10s,142362,-0.08775768463556852,0.06169249562677802,0.16625129470411104,-0.005572866650316691,-0.0961651841043355,-0.07948325128441376,-33.23976611294358
obi_not1,4 板の偏り OBI,30s,142362,-0.05494262844462577,0.04970703117019165,0.1187940299392865,-0.004777573120838307,NaN,NaN,-20.761556707100567
obi_not1,4 板の偏り OBI,60s,142362,-0.03966604135678097,0.042743781738743325,0.09231034930842831,-0.004582309507157288,NaN,NaN,-14.97803280437793
log_depth_ratio,4 板の偏り OBI,100ms,427284,-0.06529864984779973,0.07998786443735545,0.1477594146843455,-0.00010934203774569693,NaN,NaN,-42.774936867955674
log_depth_ratio,4 板の偏り OBI,500ms,427284,-0.14462390832703056,0.1005506629310838,0.24460759495694395,-0.0008237665355792586,NaN,NaN,-95.54048300409895
log_depth_ratio,4 板の偏り OBI,1s,427284,-0.14213039223090335,0.09788151970201384,0.24062622302821757,0.0006989690490223664,-0.1491895752832304,-0.13572928737286788,-93.85896659233693
log_depth_ratio,4 板の偏り OBI,5s,427284,-0.10436342657484739,0.07936795447721276,0.19805510568110363,-0.002729772306748216,NaN,NaN,-68.59361809744884
log_depth_ratio,4 板の偏り OBI,10s,142362,-0.08775606713131899,0.06169364353523391,0.16625126771932056,-0.005573906236846149,-0.09616459318564888,-0.07948107114816907,-33.23914869994834
log_depth_ratio,4 板の偏り OBI,30s,142362,-0.054941646498056704,0.04970762289988349,0.11879425276165212,-0.00477822866496633,NaN,NaN,-20.761184528594946
log_depth_ratio,4 板の偏り OBI,60s,142362,-0.03966477438031686,0.04274452443370606,0.09231011678018426,-0.00458347108040066,NaN,NaN,-14.977553635849084
d_obi,4 板の偏り OBI,100ms,427284,-0.06467148724165364,0.07436068636556425,0.175189998446565,-0.000473517342509307,NaN,NaN,-42.36236997043546
d_obi,4 板の偏り OBI,500ms,427284,-0.1265254953944745,0.0885502200579753,0.3316176450653416,-0.000343622702600129,NaN,NaN,-83.37574282172173
d_obi,4 板の偏り OBI,1s,427284,-0.1080748664242563,0.07734905107031903,0.5005339012891196,0.00010021601087378743,-0.12018956298578179,-0.09781037855114805,-71.06131716962628
d_obi,4 板の偏り OBI,5s,427284,-0.05512884441030582,0.04747180723831378,0.08533331774005257,-0.0007737848273755523,NaN,NaN,-36.09085281878082
d_obi,4 板の偏り OBI,10s,142362,-0.0390849449881795,0.025869982805616268,0.05410768219211774,-0.0009812381308743805,-0.04364900747273862,-0.03537745344945553,-14.758270617653864
d_obi,4 板の偏り OBI,30s,142362,-0.021799605927223988,0.016876540396499617,0.027296357413680777,-0.006204890615377135,NaN,NaN,-8.227082463158014
d_obi,4 板の偏り OBI,60s,142362,-0.019202056108512583,0.009425775405169173,0.01676315704834003,-0.0074606560420268885,NaN,NaN,-7.246391686727711
obi_streak,62 慣性,100ms,427284,-0.03147097943846725,0.03408524958211853,0.05372615240016529,0.0009280135174547078,NaN,NaN,-20.581770546520307
obi_streak,62 慣性,500ms,427284,-0.07237188547495788,0.04705507212715105,0.085733561572103,0.00010331304407410944,NaN,NaN,-47.43157271551841
obi_streak,62 慣性,1s,427284,-0.08067231410055013,0.052371104741332,0.05763968027608695,0.0015615069924108025,-0.08100329547985421,-0.08040419391973057,-52.90535483414106
obi_streak,62 慣性,5s,427284,-0.07145184777728394,0.05255659317285028,0.11395312940670425,-0.0013858280979511665,NaN,NaN,-46.825477967260106
obi_streak,62 慣性,10s,142362,-0.0670198200558402,0.04595868538157481,0.11307400163591015,-0.004520338448144553,-0.07136802040917112,-0.062147538077913435,-25.343978701155876
obi_streak,62 慣性,30s,142362,-0.04508129600926822,0.03969389422813194,0.09766779184021852,-0.002845372602231005,NaN,NaN,-17.026765111716152
obi_streak,62 慣性,60s,142362,-0.032242124971470755,0.037154199010224376,0.08219182294653377,-0.0028743836151240926,NaN,NaN,-12.171483102098254
ofi_100ms,10 注文フローの偏り OFI,100ms,427284,0.08448548111288906,0.07061136519266788,0.7159839675535111,0.00022501964116806745,NaN,NaN,55.423620382704314
ofi_100ms,10 注文フローの偏り OFI,500ms,427284,-0.011772630602731137,0.059979567686525445,0.27339915852126395,0.00285212044199409,NaN,NaN,-7.695926539846605
ofi_100ms,10 注文フローの偏り OFI,1s,427284,-0.0006738737230997835,0.0551288384606256,0.19747015548938127,0.002353446410463023,0.006584599291886184,-0.006311451774264636,-0.4404898639867564
ofi_100ms,10 注文フローの偏り OFI,5s,427284,0.007151155703453958,0.03231867856367852,0.10702570776478611,0.0011172634299375934,NaN,NaN,4.674601972591595
ofi_100ms,10 注文フローの偏り OFI,10s,142362,0.007002166110794079,0.022560482380251268,0.07549748735283257,-0.000510851690560959,0.009456485664649924,0.004945483945450169,2.6420257492750525
ofi_100ms,10 注文フローの偏り OFI,30s,142362,0.007332753609339774,0.015628903933277365,0.05286876654148756,-0.0017764146568901976,NaN,NaN,2.7667680899593456
ofi_100ms,10 注文フローの偏り OFI,60s,142362,0.0029635525309355897,0.008986923310993955,0.03846884361983411,-0.005343037291782741,NaN,NaN,1.1181717776894773
ofi_norm_100ms,10 注文フローの偏り OFI,100ms,427284,0.08252918396019761,0.06872033702865553,0.7089289509054839,-0.00007022855044856658,NaN,NaN,54.13135692327843
ofi_norm_100ms,10 注文フローの偏り OFI,500ms,427284,-0.008638917087926558,0.05939219239873928,0.26959956678010416,0.0028235567623316584,NaN,NaN,-5.6471953498580065
ofi_norm_100ms,10 注文フローの偏り OFI,1s,427284,0.0022155841177506183,0.055195991891212846,0.19485479472744713,0.0024527174749354288,0.009172707578284669,-0.0031797988544932077,1.4482602407567366
ofi_norm_100ms,10 注文フローの偏り OFI,5s,427284,0.00889058182305078,0.03259233779534599,0.10590916701620023,0.0010727117224335423,NaN,NaN,5.811719521264065
ofi_norm_100ms,10 注文フローの偏り OFI,10s,142362,0.008049079993030759,0.02266193884282448,0.07461441772546996,-0.0005422274831178641,0.010163804534253891,0.006319378220282598,3.0370665048913614
ofi_norm_100ms,10 注文フローの偏り OFI,30s,142362,0.00803741229436846,0.015724997853885345,0.0527177953336655,-0.0019195283912422886,NaN,NaN,3.032663782123679
ofi_norm_100ms,10 注文フローの偏り OFI,60s,142362,0.0032809072344630024,0.008841147877819656,0.03865349319700578,-0.005367502724821534,NaN,NaN,1.237913440575609
ofi_500ms,10 注文フローの偏り OFI,100ms,427284,0.009718772689772788,0.05259811246247005,0.25096857740294565,0.00027079775798132433,NaN,NaN,6.353151839392133
ofi_500ms,10 注文フローの偏り OFI,500ms,427284,-0.053295334162660475,0.0588381029205868,0.7006857254248776,0.0022435141552632925,NaN,NaN,-34.88704211598248
ofi_500ms,10 注文フローの偏り OFI,1s,427284,-0.029375731932999836,0.06254498986101546,0.395943464400787,0.0011042633775372825,-0.015135928489716278,-0.04127557989784124,-19.210269599459757
ofi_500ms,10 注文フローの偏り OFI,5s,427284,-0.004418294341498286,0.04212694246947409,0.19575328389968435,-0.0005459731574331954,NaN,NaN,-2.888126308449008
ofi_500ms,10 注文フローの偏り OFI,10s,142362,0.005070987552110351,0.03427512432922131,0.14035967008852598,-0.0031061550722983984,0.007321229237192272,0.0028326512774008833,1.913339855664801
ofi_500ms,10 注文フローの偏り OFI,30s,142362,0.0030648469075532482,0.019173218863763285,0.0873954221581147,-0.0016163772998232,NaN,NaN,1.1563912991402654
ofi_500ms,10 注文フローの偏り OFI,60s,142362,0.0035006221387491932,0.015962077479052605,0.06608481481541077,-0.00021276709859181054,NaN,NaN,1.3208146755546788
ofi_norm_500ms,10 注文フローの偏り OFI,100ms,427284,0.01378380149296568,0.0481449143039579,0.25282401312286834,0.00045193361491783574,NaN,NaN,9.010887535549886
ofi_norm_500ms,10 注文フローの偏り OFI,500ms,427284,-0.0392071226537588,0.059366716189596144,0.6836177945179417,0.0025145007456575256,NaN,NaN,-25.648166565420745
ofi_norm_500ms,10 注文フローの偏り OFI,1s,427284,-0.01601954881463806,0.0658927759611901,0.39283640432313044,0.0008313227104675596,-0.004415482925298801,-0.025634339403264386,-10.472812104716771
ofi_norm_500ms,10 注文フローの偏り OFI,5s,427284,0.004268667149961955,0.04582862123073651,0.19189159026101962,-0.0007114079320451838,NaN,NaN,2.7903170165873212
ofi_norm_500ms,10 注文フローの偏り OFI,10s,142362,0.010243224544161388,0.035982664649094914,0.13811416201212862,-0.0036731470392940093,0.01156134877823158,0.008970799275582123,3.8650353274209945
ofi_norm_500ms,10 注文フローの偏り OFI,30s,142362,0.007281382452478921,0.021329665703701216,0.08668983271309365,-0.002026775530455514,NaN,NaN,2.7473838793696728
ofi_norm_500ms,10 注文フローの偏り OFI,60s,142362,0.006479253136299085,0.0174443015553123,0.06577574261105465,-0.0011122187446428752,NaN,NaN,2.444713965624887
ofi_1s,10 注文フローの偏り OFI,100ms,427284,0.009761663000777207,0.048907222568288944,0.17768202514679246,0.002854453938482529,NaN,NaN,6.381191858212533
ofi_1s,10 注文フローの偏り OFI,500ms,427284,-0.04531276925380859,0.05799815382852561,0.3884697734465429,0.0036958715936064664,NaN,NaN,-29.649967300246786
ofi_1s,10 注文フローの偏り OFI,1s,427284,-0.022309489852816795,0.06455583427863477,0.6989335521829603,0.0014046549962748987,-0.008885131619831996,-0.03363444133910116,-14.586632533321456
ofi_1s,10 注文フローの偏り OFI,5s,427284,0.0006453944867408976,0.04761763215388105,0.2810843620044428,0.00037817194170669836,NaN,NaN,0.4218738831868216
ofi_1s,10 注文フローの偏り OFI,10s,142362,0.0067464061249038025,0.03640366436459639,0.20168288902024967,0.000054372414860059,0.01211358242678474,0.0018924770738114477,2.5455190687698495
ofi_1s,10 注文フローの偏り OFI,30s,142362,0.0034233832534428994,0.0202353395198424,0.11895540815062587,-0.0011590697703661912,NaN,NaN,1.2916714380663605
ofi_1s,10 注文フローの偏り OFI,60s,142362,0.005080132278596475,0.017843031089413822,0.08808097183897305,-0.00021367161917904833,NaN,NaN,1.9167903513794464
ofi_norm_1s,10 注文フローの偏り OFI,100ms,427284,0.01357577520639894,0.04481674874457041,0.17728143105679514,0.0027835647233931146,NaN,NaN,8.874869205702526
ofi_norm_1s,10 注文フローの偏り OFI,500ms,427284,-0.030896445884622304,0.06021156239025109,0.3923414672008181,0.0033240054341483302,NaN,NaN,-20.205667804220887
ofi_norm_1s,10 注文フローの偏り OFI,1s,427284,-0.009345892304588743,0.06935322177199085,0.6769803070569224,0.0008619004845156735,0.0007181162859443181,-0.017863525353410896,-6.1093785928907325
ofi_norm_1s,10 注文フローの偏り OFI,5s,427284,0.010057762186205172,0.05316349027771872,0.26820076381319785,0.00008782047558750239,NaN,NaN,6.57477096989321
ofi_norm_1s,10 注文フローの偏り OFI,10s,142362,0.014674636390185415,0.0412962968946001,0.19131592445550405,-0.0008118488119723439,0.018223880841383065,0.011453032924354239,5.537428164900231
ofi_norm_1s,10 注文フローの偏り OFI,30s,142362,0.009171404494298744,0.023963640258900302,0.1129469650332241,-0.001994199807906454,NaN,NaN,3.4605737060927657
ofi_norm_1s,10 注文フローの偏り OFI,60s,142362,0.010075825659989119,0.02130174451338776,0.0852903948584744,-0.0011651359313807758,NaN,NaN,3.801864903312867
ofi_5s,10 注文フローの偏り OFI,100ms,427284,0.006141581308389381,0.03366016139658842,0.08403577523213694,0.00028051022807683724,NaN,NaN,4.0146315702164435
ofi_5s,10 注文フローの偏り OFI,500ms,427284,-0.02262494874391401,0.041625892234082446,0.1661826076992614,-0.0002694865966496654,NaN,NaN,-14.792994183370956
ofi_5s,10 注文フローの偏り OFI,1s,427284,-0.012877762346322517,0.046005042852270445,0.24657680083750455,0.0016004632062126658,-0.0033894375606430415,-0.02087106486649717,-8.418480669080312
ofi_5s,10 注文フローの偏り OFI,5s,427284,0.002703133469405214,0.04147562085998399,0.6885002161576003,-0.001310407167943726,NaN,NaN,1.7669586056288427
ofi_5s,10 注文フローの偏り OFI,10s,142362,0.012731180252003519,0.03997720636910145,0.4532615729887717,-0.0029651395100186435,0.014177885607835118,0.011340613857146112,4.803943107267237
ofi_5s,10 注文フローの偏り OFI,30s,142362,0.008755889568245776,0.025523954318890468,0.25267676720642984,-0.00009340645076134004,NaN,NaN,3.303778430944677
ofi_5s,10 注文フローの偏り OFI,60s,142362,0.0132103793234155,0.026109336241257792,0.17526922585982185,0.0015637863090236966,NaN,NaN,4.984793550910873
ofi_norm_5s,10 注文フローの偏り OFI,100ms,427284,0.008042652592435782,0.03099334178763454,0.07835005738304575,0.0008120088855659569,NaN,NaN,5.257395569720056
ofi_norm_5s,10 注文フローの偏り OFI,500ms,427284,-0.01305157866287996,0.04460733640886253,0.1623669620788572,0.0005423195762765176,NaN,NaN,-8.532127504796128
ofi_norm_5s,10 注文フローの偏り OFI,1s,427284,-0.002976803049081747,0.05368563497241738,0.23942998439642896,0.0022870032406229705,0.003808565978478696,-0.009434156496384563,-1.9458498488725755
ofi_norm_5s,10 注文フローの偏り OFI,5s,427284,0.013259166791040465,0.053473181256983755,0.6475547323645662,-0.0012772190379241118,NaN,NaN,8.667856478373416
ofi_norm_5s,10 注文フローの偏り OFI,10s,142362,0.02147903435351757,0.04950465847070365,0.4185199198298179,-0.0013046981887351432,0.024253875225589482,0.018600016554080338,8.106043799514119
ofi_norm_5s,10 注文フローの偏り OFI,30s,142362,0.016668180629902832,0.033874088732349227,0.23108575814976307,0.000752640659615367,NaN,NaN,6.2898824030690035
ofi_norm_5s,10 注文フローの偏り OFI,60s,142362,0.018132874595571603,0.03100649923270912,0.1630305345453289,0.0016468378431334072,NaN,NaN,6.842771812330041
ofi_10s,10 注文フローの偏り OFI,100ms,427284,0.0026773293751090072,0.023135907282131073,0.05807165003313415,-0.0009044209869231843,NaN,NaN,1.7500911089262003
ofi_10s,10 注文フローの偏り OFI,500ms,427284,-0.016345889907669203,0.03211472226063836,0.11093356406491128,-0.0010602751326678247,NaN,NaN,-10.686214696997226
ofi_10s,10 注文フローの偏り OFI,1s,427284,-0.010039700939536282,0.0351306151879463,0.16423753130263455,0.0000195183376643467,-0.0023282339496512932,-0.016228153400495788,-6.5629631204544525
ofi_10s,10 注文フローの偏り OFI,5s,427284,0.002529095156647009,0.033324988893799076,0.42857245387046905,0.0012380004784802283,NaN,NaN,1.6531941420545113
ofi_10s,10 注文フローの偏り OFI,10s,142362,0.008475101027473021,0.03003143470530977,0.6682517690661959,0.003134045248330712,0.011162591698987243,0.006476151473535941,3.197823364045366
ofi_10s,10 注文フローの偏り OFI,30s,142362,0.010190795382271103,0.02407524936136929,0.35311508087415727,0.004593775332984209,NaN,NaN,3.8452503795228097
ofi_10s,10 注文フローの偏り OFI,60s,142362,0.014485139040061198,0.02555426945100749,0.241287849765739,0.0019623138956107026,NaN,NaN,5.465906827538511
ofi_norm_10s,10 注文フローの偏り OFI,100ms,427284,0.00463419184486945,0.021562688532639783,0.052268391631566255,0.0002370871852364092,NaN,NaN,3.029255959515283
ofi_norm_10s,10 注文フローの偏り OFI,500ms,427284,-0.008274798822853527,0.035184653705432535,0.10623185739217075,0.000036355795888012816,NaN,NaN,-5.409157311507134
ofi_norm_10s,10 注文フローの偏り OFI,1s,427284,-0.0020567071051011804,0.04202362278539044,0.1569163977137386,0.00005520381333810906,0.003996634979322948,-0.00810695709840443,-1.3444066927655605
ofi_norm_10s,10 注文フローの偏り OFI,5s,427284,0.01157035564078333,0.04577672862775527,0.40304345011735476,-0.00003683009542180871,NaN,NaN,7.563678824788889
ofi_norm_10s,10 注文フローの偏り OFI,10s,142362,0.020708998191321687,0.046144848687205725,0.6202227818023123,0.0024855670607760805,0.02466833151135763,0.01668142931725793,7.815310303119807
ofi_norm_10s,10 注文フローの偏り OFI,30s,142362,0.018767021683235532,0.0348009847597034,0.32618586330042326,0.004354698024854803,NaN,NaN,7.082161700976981
ofi_norm_10s,10 注文フローの偏り OFI,60s,142362,0.02083431784385657,0.03307149264884496,0.2259524323651499,0.0025609886344602085,NaN,NaN,7.862624808615339
ofi_30s,10 注文フローの偏り OFI,100ms,427284,0.006262893666928423,0.015451622593692746,0.032246437376799414,0.0004843550349512456,NaN,NaN,4.093934166515573
ofi_30s,10 注文フローの偏り OFI,500ms,427284,-0.00689010120537145,0.02045709916759789,0.05603131009488835,-0.0019208852712363938,NaN,NaN,-4.50394635330667
ofi_30s,10 注文フローの偏り OFI,1s,427284,-0.0033297074718262646,0.021714235227971335,0.08547250341344334,-0.0003567350828558451,0.00301265038369707,-0.008344070992498984,-2.176535660583024
ofi_30s,10 注文フローの偏り OFI,5s,427284,0.006307565408426303,0.023720289254923844,0.21842108534373486,0.0012194692329977413,NaN,NaN,4.123136389820156
ofi_30s,10 注文フローの偏り OFI,10s,142362,0.008734859710181399,0.024639077869018613,0.32514408199757416,0.002353911395934737,0.007127147334660633,0.010274229375543144,3.2958428238609865
ofi_30s,10 注文フローの偏り OFI,30s,142362,0.00970947363913882,0.02031522258534335,0.621180395138495,0.004422572923491727,NaN,NaN,3.6636177031321013
ofi_30s,10 注文フローの偏り OFI,60s,142362,0.015138462873682111,0.02383699690990691,0.4124498207603083,0.0030221682372525843,NaN,NaN,5.712491143506419
ofi_norm_30s,10 注文フローの偏り OFI,100ms,427284,0.00565914446027304,0.013298434780930702,0.028511332315230415,0.00038346978527939397,NaN,NaN,3.699261508680588
ofi_norm_30s,10 注文フローの偏り OFI,500ms,427284,-0.0019167205551969607,0.02231757326138652,0.052687449815694405,-0.00034893029535793473,NaN,NaN,-1.2529014070683808
ofi_norm_30s,10 注文フローの偏り OFI,1s,427284,0.002207382866928079,0.027234306252486098,0.07971047965284335,-0.00002132544230584653,0.007398503932739123,-0.0030768656956213837,1.4428993052918193
ofi_norm_30s,10 注文フローの偏り OFI,5s,427284,0.012486986235572529,0.03416227471212882,0.20679023122131793,0.0006604381734624673,NaN,NaN,8.162981141523616
ofi_norm_30s,10 注文フローの偏り OFI,10s,142362,0.021942743134011577,0.04204620982289011,0.30880060511868773,-0.0009494458159469975,0.022715478569210683,0.021545048578014234,8.281127798934229
ofi_norm_30s,10 注文フローの偏り OFI,30s,142362,0.020716619472925548,0.03505181476419462,0.5823090668367167,0.0037660654962611132,NaN,NaN,7.818187711740549
ofi_norm_30s,10 注文フローの偏り OFI,60s,142362,0.021273183398276403,0.033444295093988,0.38861090749284,0.001954034431068682,NaN,NaN,8.028321683636252
ofi_60s,10 注文フローの偏り OFI,100ms,427284,0.006328388272657908,0.011066438261249622,0.021397214183558003,0.0014888664766880434,NaN,NaN,4.13674844717648
ofi_60s,10 注文フローの偏り OFI,500ms,427284,-0.0022692569018784707,0.015019779125062969,0.03306701158094724,-0.0018911510880885603,NaN,NaN,-1.483344692839774
ofi_60s,10 注文フローの偏り OFI,1s,427284,0.000991861552191119,0.016280922089647168,0.05631013088646835,-0.002710452594120415,0.0073715353070011695,-0.004050948106089965,0.6483485866156068
ofi_60s,10 注文フローの偏り OFI,5s,427284,0.011098931323600618,0.023695397998185166,0.14524424318696869,0.0004303643483709553,NaN,NaN,7.255464378618392
ofi_60s,10 注文フローの偏り OFI,10s,142362,0.015382225309675316,0.025551218500212827,0.20530962159298796,0.0022815238291250526,0.006835586182325129,0.022204887556301005,5.804496369906941
ofi_60s,10 注文フローの偏り OFI,30s,142362,0.016740850456397727,0.024774141372433438,0.378422972615663,0.003598442265636182,NaN,NaN,6.317312662647451
ofi_60s,10 注文フローの偏り OFI,60s,142362,0.01675647325703741,0.02404729208882497,0.5818002745395529,0.006817088020595647,NaN,NaN,6.323209724012168
ofi_norm_60s,10 注文フローの偏り OFI,100ms,427284,0.006025182897469806,0.010849343457734856,0.018958804021486815,-0.00003713942006678252,NaN,NaN,3.9385414168146795
ofi_norm_60s,10 注文フローの偏り OFI,500ms,427284,0.0018044602254143828,0.01735723056896179,0.03255750104195736,-0.002030789832978203,NaN,NaN,1.179520028139965
ofi_norm_60s,10 注文フローの偏り OFI,1s,427284,0.00740519448912222,0.024222687352639657,0.05297639629216904,-0.0028814938890380616,0.013280829587085353,0.0015465208715342382,4.840672222602191
ofi_norm_60s,10 注文フローの偏り OFI,5s,427284,0.017507476062196776,0.033325400887236616,0.13936865118755348,-0.0004144334811297372,NaN,NaN,11.445833090234474
ofi_norm_60s,10 注文フローの偏り OFI,10s,142362,0.028860414022802806,0.043462908651704046,0.19895004066136854,-0.00026895981449653823,0.026219034177007647,0.031900366632442945,10.893752124026111
ofi_norm_60s,10 注文フローの偏り OFI,30s,142362,0.025134287992754658,0.03673865921342849,0.3649012824194393,0.0019035368121297722,NaN,NaN,9.48632062107729
ofi_norm_60s,10 注文フローの偏り OFI,60s,142362,0.02022166772548197,0.031005009086202715,0.5643786752597294,0.0036762075392152874,NaN,NaN,7.631321893478398
ofi_fast_slow,67 多尺度,100ms,427284,0.0035976119450512023,0.03970774772328412,0.1433354410926376,0.0014015690949325608,NaN,NaN,2.35165942464535
ofi_fast_slow,67 多尺度,500ms,427284,-0.04671608855991587,0.043171233702401744,0.306935082655902,0.004238171249121876,NaN,NaN,-30.570193693211742
ofi_fast_slow,67 多尺度,1s,427284,-0.027622464388426964,0.044580767007834275,0.5364321446461346,0.0021619859694967398,-0.018794317583313173,-0.035515465532152464,-18.062816416213334
ofi_fast_slow,67 多尺度,5s,427284,-0.011668429371819883,0.024397233026710718,0.15030859037650363,-0.00015154848300974566,NaN,NaN,-7.627799480404469
ofi_fast_slow,67 多尺度,10s,142362,-0.009681512714902243,0.009160853590875952,0.017577769459998775,-0.0011510835219838156,-0.0051405956673543345,-0.013941474338473543,-3.6530663841518924
ofi_fast_slow,67 多尺度,30s,142362,-0.009871213777160808,0.00034263267711916406,-0.21718187454375235,-0.0031504023164661507,NaN,NaN,-3.7246520420131293
ofi_fast_slow,67 多尺度,60s,142362,-0.007706654374232288,-0.0005236488008956892,-0.14000271005618758,-0.0010797274173235678,NaN,NaN,-2.907855151466398
bbo_chg_100ms,39 最良気配の入れ替わり,100ms,427284,0.0004538184904540309,0.0010951799308634026,-0.0015613178865088392,-0.0010999456283913105,NaN,NaN,0.29664670616902983
bbo_chg_100ms,39 最良気配の入れ替わり,500ms,427284,0.002041405584459819,-0.0020098628399608893,0.00019045032105967735,0.0005075427758891973,NaN,NaN,1.3344045136713207
bbo_chg_100ms,39 最良気配の入れ替わり,1s,427284,0.0006724995253689789,-0.0021019448809445093,-0.001041501272231767,-0.0014947555663295514,0.003080446403305892,-0.001400754248921768,0.439591594140608
bbo_chg_100ms,39 最良気配の入れ替わり,5s,427284,0.003322569555578294,0.0021754575136616818,-0.0025975404940561,-0.0027498954061020483,NaN,NaN,2.171869754919556
bbo_chg_100ms,39 最良気配の入れ替わり,10s,142362,0.0054412203458030165,0.003643894024177001,-0.0015230843619816786,0.0031353345066738535,0.003828749779693334,0.0070954000016237515,2.05303679098136
bbo_chg_100ms,39 最良気配の入れ替わり,30s,142362,0.0011346840325511074,0.0009731792853372266,0.0009517966275553433,-0.004571553060279916,NaN,NaN,0.4281236434064615
bbo_chg_100ms,39 最良気配の入れ替わり,60s,142362,0.0008598617631917306,0.0010937506961278467,-0.0025094288059670034,-0.005366250877025932,NaN,NaN,0.32443133015819453
bbo_chg_500ms,39 最良気配の入れ替わり,100ms,427284,0.001085822185765232,0.0009698006706573619,-0.002409798041341119,0.0017895956676704048,NaN,NaN,0.7097677560123256
bbo_chg_500ms,39 最良気配の入れ替わり,500ms,427284,0.0006326725924692901,-0.0017868333491633452,0.0014402330663825674,0.0016274076467075209,NaN,NaN,0.413557981489481
bbo_chg_500ms,39 最良気配の入れ替わり,1s,427284,0.0011061733826056006,-0.0026505398021755746,0.0013944274866891288,0.00030523716918572183,0.005739240187778074,-0.002796824609885866,0.7230707083880225
bbo_chg_500ms,39 最良気配の入れ替わり,5s,427284,0.0011530925248338317,0.0014884357385679318,-0.0008974509465319331,-0.0014196508495886106,NaN,NaN,0.7537403141951329
bbo_chg_500ms,39 最良気配の入れ替わり,10s,142362,0.004266245044860313,0.0030865455687382835,0.000932369504938769,0.0011772473681298352,0.0017982975763350241,0.007135573812942832,1.6096955328792872
bbo_chg_500ms,39 最良気配の入れ替わり,30s,142362,-0.0009663283863708599,-0.0010530816810992434,-0.000784280050561944,-0.007196797767269551,NaN,NaN,-0.3646019019075483
bbo_chg_500ms,39 最良気配の入れ替わり,60s,142362,-0.0007177566976651059,-0.0006400377708506779,-0.0038411460473265617,-0.0069676738746927425,NaN,NaN,-0.27081415178481005
bbo_chg_1s,39 最良気配の入れ替わり,100ms,427284,0.0014370574223413531,0.0014009959185242106,-0.0021283507908783066,0.0021971921176703354,NaN,NaN,0.939359581339972
bbo_chg_1s,39 最良気配の入れ替わり,500ms,427284,0.0006814306149884066,-0.0020895458708316598,0.000043729491959265684,0.0013200436509552122,NaN,NaN,0.4454295666390431
bbo_chg_1s,39 最良気配の入れ替わり,1s,427284,0.0008980292613172412,-0.002135432077764443,0.002064894534185303,-0.0011766154664796438,0.004606133145901464,-0.0023108606327911004,0.5870133280229132
bbo_chg_1s,39 最良気配の入れ替わり,5s,427284,0.0013206826324864305,0.0023230383043637945,-0.0014433579338445776,-0.0017070557234058238,NaN,NaN,0.8632888751520444
bbo_chg_1s,39 最良気配の入れ替わり,10s,142362,0.002836579997417096,0.002409102466900158,0.0008804742364595405,0.0008205588438770047,0.001531722004350092,0.0048248206295625675,1.0702636437888164
bbo_chg_1s,39 最良気配の入れ替わり,30s,142362,-0.0020882759870251865,-0.001986738829741902,0.0007871863617086895,-0.007628969504680039,NaN,NaN,-0.7879212822489847
bbo_chg_1s,39 最良気配の入れ替わり,60s,142362,-0.0019962414591372245,-0.002171071713393736,-0.004183690186784363,-0.005349379392550329,NaN,NaN,-0.7531958631413018
bbo_chg_5s,39 最良気配の入れ替わり,100ms,427284,0.0018369974021308242,0.0022667348997569324,-0.002403878585416782,0.00220059642065556,NaN,NaN,1.2007886487605897
bbo_chg_5s,39 最良気配の入れ替わり,500ms,427284,0.000177169655680064,-0.0016508875044015053,-0.0008042920164358402,0.0013652086415248488,NaN,NaN,0.11581015606216756
bbo_chg_5s,39 最良気配の入れ替わり,1s,427284,-0.00042346616244458773,-0.003074357228077804,0.00143029586533867,-0.0015471147369023538,0.002165072489696984,-0.002471429227350942,-0.27680635151086036
bbo_chg_5s,39 最良気配の入れ替わり,5s,427284,-0.0003666939595908993,0.002085422111386661,-0.002799862110836301,-0.002230209960387152,NaN,NaN,-0.23969616418179915
bbo_chg_5s,39 最良気配の入れ替わり,10s,142362,0.003415062756410828,0.0031565312311620996,-0.0008240231778721908,-0.004313687028495887,0.002492007588101749,0.005743363899491552,1.2885320075475035
bbo_chg_5s,39 最良気配の入れ替わり,30s,142362,-0.0006391249400703046,-0.0005130582185535273,-0.0001924314786542167,-0.011223114850093144,NaN,NaN,-0.2411458783445531
bbo_chg_5s,39 最良気配の入れ替わり,60s,142362,-0.001750227759898652,-0.0017052831835796959,-0.006751974383740733,-0.009890839091195003,NaN,NaN,-0.6603728696065393
bbo_chg_10s,39 最良気配の入れ替わり,100ms,427284,0.001541360878186589,0.002591084614017002,-0.002058695592974477,0.0024237024431396563,NaN,NaN,1.007539651247385
bbo_chg_10s,39 最良気配の入れ替わり,500ms,427284,-0.0004471065305209214,-0.0006900821346697076,0.000014669202096420609,0.0013680270297586655,NaN,NaN,-0.2922593106596124
bbo_chg_10s,39 最良気配の入れ替わり,1s,427284,-0.0010281440901039815,-0.0025600149459959155,0.0019887681124120824,-0.0011697946020795223,0.0009730441774623256,-0.0026061160951387006,-0.6720653609480759
bbo_chg_10s,39 最良気配の入れ替わり,5s,427284,-0.00009535093611377982,0.00308222618572524,-0.001715648115103696,-0.0017483506184199503,NaN,NaN,-0.06232786662317309
bbo_chg_10s,39 最良気配の入れ替わり,10s,142362,0.005336936768942471,0.005256129652452354,-0.000731382596155979,-0.0035095771590459147,0.004658704517285554,0.007633207691813674,2.0136882323364276
bbo_chg_10s,39 最良気配の入れ替わり,30s,142362,-0.00035259721712128787,-0.0003115083786919665,-0.0011720674263949265,-0.00947425189164271,NaN,NaN,-0.13303713908377465
bbo_chg_10s,39 最良気配の入れ替わり,60s,142362,-0.001411566642540628,-0.0012673639310833078,-0.007141865612003368,-0.008349285397461177,NaN,NaN,-0.5325934353597733
bbo_chg_30s,39 最良気配の入れ替わり,100ms,427284,0.002186081313499812,0.00254849885640133,-0.0018075476538092622,0.002346916869919471,NaN,NaN,1.4289750582996135
bbo_chg_30s,39 最良気配の入れ替わり,500ms,427284,0.0009093456277706158,-0.00010204322798333479,-0.0007645000858933238,0.0016129084224207535,NaN,NaN,0.5944104849730619
bbo_chg_30s,39 最良気配の入れ替わり,1s,427284,-0.001019559659346766,-0.002482868237903013,0.0022689942603585423,-0.001043889954798381,0.001254514420165537,-0.003047280918122549,-0.6664539834832219
bbo_chg_30s,39 最良気配の入れ替わり,5s,427284,0.00118975967296905,0.003292411012522964,-0.0012422064165967112,-0.0018628786445964182,NaN,NaN,0.7777085090101492
bbo_chg_30s,39 最良気配の入れ替わり,10s,142362,0.00409495179546177,0.0036276533851181993,-0.00041843033032571867,-0.004791192278659044,0.004918867677566825,0.005281431414964081,1.5450638261047371
bbo_chg_30s,39 最良気配の入れ替わり,30s,142362,-0.0016770228762862922,-0.002022388378923455,-0.0022418113188653723,-0.009566984249466106,NaN,NaN,-0.6327520884176395
bbo_chg_30s,39 最良気配の入れ替わり,60s,142362,-0.0008594692732369485,-0.0011400065484967535,-0.008037040110958663,-0.009778522249526935,NaN,NaN,-0.32428324108430195
bbo_chg_60s,39 最良気配の入れ替わり,100ms,427284,0.002363942916639384,0.0024212931140444884,-0.0017373285112078376,0.002482241053468949,NaN,NaN,1.545238419604852
bbo_chg_60s,39 最良気配の入れ替わり,500ms,427284,0.0011427953033157732,-0.00040748215106863387,-0.000975904318553255,0.0019116312307224,NaN,NaN,0.7470093355467029
bbo_chg_60s,39 最良気配の入れ替わり,1s,427284,-0.0009982208599720532,-0.0024880683749902476,0.0023051375338758017,-0.0008104955485895447,0.0012824914361475306,-0.0030648806055389227,-0.6525054694969142
bbo_chg_60s,39 最良気配の入れ替わり,5s,427284,0.0014224600228700877,0.0030825702359479528,-0.001080432160710707,-0.0011170821734873347,NaN,NaN,0.9298176975360286
bbo_chg_60s,39 最良気配の入れ替わり,10s,142362,0.003643967129255263,0.0030105734443256604,0.00018051319763184276,-0.004296280476365298,0.005234829481594074,0.004197985809627528,1.3749006706302895
bbo_chg_60s,39 最良気配の入れ替わり,30s,142362,-0.0030829671606021837,-0.0035736711285834313,0.0007113133158365183,-0.009143733375394992,NaN,NaN,-1.163228280619222
bbo_chg_60s,39 最良気配の入れ替わり,60s,142362,-0.0014454568921261032,-0.0017485802047569362,-0.00684823078344404,-0.008540281987652814,NaN,NaN,-0.5453804772025382
t_since_bbo,43 経過時間,100ms,427284,0.000012102385992922731,0.0001697128799583428,0.0037585129436348277,-0.0023249355147135433,NaN,NaN,0.00791094379729148
t_since_bbo,43 経過時間,500ms,427284,-0.0005759926697947434,0.00220323718854516,0.0005214344083807522,-0.0018403173149305725,NaN,NaN,-0.37650810316269984
t_since_bbo,43 経過時間,1s,427284,-0.00016270636430335843,0.003070871874151588,-0.0015610129888643301,0.0008728297181773161,-0.0026580529078568914,0.0021031541958559715,-0.1063559632920058
t_since_bbo,43 経過時間,5s,427284,-0.0003059404908537942,-0.001302881977158113,0.0010478102598596552,0.0026923095546935697,NaN,NaN,-0.19998355224884917
t_since_bbo,43 経過時間,10s,142362,-0.0012681943831050059,-0.0006053292699413865,0.001186048474422219,0.002820553439566078,-0.0042665949999372305,0.0007669617487052912,-0.4784980411794963
t_since_bbo,43 経過時間,30s,142362,0.002181454672248484,0.0023093829340211946,0.0024090680108580557,0.00920716775270312,NaN,NaN,0.8230784221627405
t_since_bbo,43 経過時間,60s,142362,0.0034837662026106944,0.0034959932471832346,0.007110980498177311,0.00818301645267963,NaN,NaN,1.3144547092969403
t_since_mid,43 経過時間,100ms,427284,-0.0000308939660718004,0.00008401336884012311,0.0037480234808185474,-0.0022603042117332987,NaN,NaN,-0.02019440046872559
t_since_mid,43 経過時間,500ms,427284,-0.0005281744914840357,0.002052258256541882,0.0004921235460469947,-0.00194494087104121,NaN,NaN,-0.34525087055111053
t_since_mid,43 経過時間,1s,427284,-0.00016471018561321464,0.003048378987160763,-0.0015835414236781914,0.0007676235071846971,-0.0028343759068883223,0.002264417819129196,-0.10766579743607206
t_since_mid,43 経過時間,5s,427284,-0.00029581492895504286,-0.0013299622995458997,0.0010479928193261041,0.00262343290478383,NaN,NaN,-0.19336479442570073
t_since_mid,43 経過時間,10s,142362,-0.0012130238819439089,-0.0004644742176064341,0.0012952410328594252,0.002951186876828119,-0.0042924219356988156,0.0008863656810483559,-0.4576818186699642
t_since_mid,43 経過時間,30s,142362,0.0021452424828337833,0.0022988221661771687,0.0024194000028843945,0.009140077946418381,NaN,NaN,0.8094152411529508
t_since_mid,43 経過時間,60s,142362,0.0034722599775377162,0.003486972744390264,0.007257506761442342,0.008237441664503112,NaN,NaN,1.310113259984059
t_since_sp,43 経過時間,100ms,427284,1.6420461782958192e-6,-0.00010220736948523754,0.0037850090380349283,-0.0023484406690751484,NaN,NaN,0.0010733532243739452
t_since_sp,43 経過時間,500ms,427284,-0.0005241408260924398,0.00215069221165382,0.00031074401623360274,-0.0018130751818984671,NaN,NaN,-0.342614191017218
t_since_sp,43 経過時間,1s,427284,-0.0004999624061613633,0.0026773344545779738,-0.001505514406104048,0.0009001215839515472,-0.00286337398542478,0.001695640701015307,-0.32680952270461283
t_since_sp,43 経過時間,5s,427284,-0.0005246341456407082,-0.0014481266264744811,0.0011437873931611161,0.0024674696380738294,NaN,NaN,-0.3429366584077129
t_since_sp,43 経過時間,10s,142362,-0.001956283262525478,-0.001470328344478389,0.0011740893369612628,0.002788720197241544,-0.0046373317582918076,-0.0002161249417397211,-0.738119297826214
t_since_sp,43 経過時間,30s,142362,0.002053601391687348,0.0020753488053340953,0.002329408184454925,0.009064646062097581,NaN,NaN,0.7748382568334399
t_since_sp,43 経過時間,60s,142362,0.0033755766588734843,0.003400994146876545,0.006963139104816544,0.008175770681068754,NaN,NaN,1.2736333988543567
msg_rate_10s,28 メッセージの流量,100ms,427284,0.002224679650527002,0.0019847598229945527,-0.001948697285122841,0.0019482422466573545,NaN,NaN,1.4542057444477776
msg_rate_10s,28 メッセージの流量,500ms,427284,0.0004048788677761578,-0.0009486341026026411,-0.00032519614258396496,0.0014939992391606739,NaN,NaN,0.2646564265801385
msg_rate_10s,28 メッセージの流量,1s,427284,-0.0008035652586378434,-0.003497545913369813,0.0009966663756993774,-0.0010645533981564347,-0.00009522279323186553,-0.0012371658316615124,-0.52526515467212
msg_rate_10s,28 メッセージの流量,5s,427284,-0.0009537074291855577,0.00141083755938013,-0.0022799283373963215,-0.0024155127067083193,NaN,NaN,-0.6234084176781745
msg_rate_10s,28 メッセージの流量,10s,142362,0.0023522700167913726,0.00148618057554464,-0.0021793293660830374,-0.003827468533186407,0.0019787210806385485,0.005316721414242563,0.8875286148474187
msg_rate_10s,28 メッセージの流量,30s,142362,-0.0018692356627552076,-0.0020843304919945563,-0.002569101155927542,-0.008819418487094876,NaN,NaN,-0.7052755148341182
msg_rate_10s,28 メッセージの流量,60s,142362,-0.0021132412542599318,-0.0019998946656291016,-0.00819137962100841,-0.009101556632472085,NaN,NaN,-0.7973408957579456
fano_10s,44 群発性,100ms,386399,-0.0013616153285712727,-0.0020331882202651867,0.001418148830912579,-0.001215502401595502,NaN,NaN,-0.8463923071815725
fano_10s,44 群発性,500ms,386399,0.00040553609040844995,-0.0000983647139696229,0.001059638334019704,-0.003102501054873367,NaN,NaN,0.25208466006744423
fano_10s,44 群発性,1s,386399,0.0003167627473881225,0.0023236633360280284,-0.0003885410944832672,-0.00022344917816357056,0.00041492033733859813,0.0001728445878880608,0.1969023937102127
fano_10s,44 群発性,5s,386399,-0.0006446359632404672,-0.002285067672529652,0.0025305247609494347,-0.0002660807945629526,NaN,NaN,-0.40071121142132127
fano_10s,44 群発性,10s,127660,-0.007377215436153438,-0.005799419134735905,0.0010310952558356015,-0.00003648398401292004,-0.005576819825587597,-0.01115697309283944,-2.6358961912140004
fano_10s,44 群発性,30s,127660,-0.001535837923197994,-0.0010244594294721056,0.0003940696634869181,0.007276421735156646,NaN,NaN,-0.5487441676164833
fano_10s,44 群発性,60s,127660,-0.000690368155508999,-0.0003136221316538666,0.0035002829573564116,0.006904363928240148,NaN,NaN,-0.2466634900734609
msg_rate_60s,28 メッセージの流量,100ms,427284,0.0025102050480864846,0.0019779703870608624,-0.0015684105556812856,0.0019436044469258787,NaN,NaN,1.6408461628759938
msg_rate_60s,28 メッセージの流量,500ms,427284,0.0014607469584115042,-0.000577209440765166,-0.0010521291474370335,0.0018408358738649536,NaN,NaN,0.9548447244088138
msg_rate_60s,28 メッセージの流量,1s,427284,-0.0008926743558285303,-0.0030413007054098623,0.0013024618989369793,-0.0007141249014386678,0.00013661726823905877,-0.001821897282670655,-0.5835129928557109
msg_rate_60s,28 メッセージの流量,5s,427284,0.000060876183536457596,0.0020232865995476906,-0.0015921127024138698,-0.0019427815291473544,NaN,NaN,0.03979282000171154
msg_rate_60s,28 メッセージの流量,10s,142362,0.0013360107152102043,0.00021618636211691696,0.00021671458309177052,-0.004907022926379042,0.0028805127291903483,0.002612170303511985,0.5040856316588818
msg_rate_60s,28 メッセージの流量,30s,142362,-0.004104668056428503,-0.0047530200010335475,-0.0007937456736626453,-0.009052605035059641,NaN,NaN,-1.5487299244448935
msg_rate_60s,28 メッセージの流量,60s,142362,-0.0026780955640330023,-0.002929285052690912,-0.007832780821533361,-0.00897651180721469,NaN,NaN,-1.0104657957230363
fano_60s,44 群発性,100ms,424063,-0.0012137221262880629,-0.0011847953964312563,0.001797136821782929,-0.002106405823407352,NaN,NaN,-0.7903760207575506
fano_60s,44 群発性,500ms,424063,-0.0004159568837176787,0.000700049942446137,0.0008431459120213754,-0.0016951459768126604,NaN,NaN,-0.2708710055840109
fano_60s,44 群発性,1s,424063,0.0008930966775760975,0.0034707159400917493,-0.0012889831570980458,-0.00005229710922046356,-0.0004667160769694259,0.0019331398334216138,0.5815844866578684
fano_60s,44 群発性,5s,424063,-0.00014045370127341295,-0.0017399408690234998,0.0014395662991223733,0.00047404888076477776,NaN,NaN,-0.0914634037208198
fano_60s,44 群発性,10s,141274,-0.005300958128107845,-0.0043904753516782625,-0.0005219359474183521,0.002304453950611677,-0.005868579048261797,-0.0070709173412139585,-1.992455004410312
fano_60s,44 群発性,30s,141274,0.0018574454819010717,0.0016546200958491289,-0.0014102952016536564,0.009399203970181397,NaN,NaN,0.6981437775124394
fano_60s,44 群発性,60s,141274,0.0007124620387442082,0.00074679052748557,0.0021474370457509606,0.009224259885679719,NaN,NaN,0.2677872444210761
rv_1s,47 ボラティリティ,100ms,427284,0.0017393249284151171,0.0016810243857703188,-0.001778252256702216,0.0025262382546558278,NaN,NaN,1.1369429610229902
rv_1s,47 ボラティリティ,500ms,427284,0.0016579741910931803,-0.0012028957848546332,0.00040709624828177407,0.0012485797656053765,NaN,NaN,1.0837663479897808
rv_1s,47 ボラティリティ,1s,427284,0.001428194126400546,-0.00197443967950618,0.002862794098867382,-0.001312772467723125,0.005214340538077334,-0.0019172478771194315,0.9335659095840347
rv_1s,47 ボラティリティ,5s,427284,0.0014364041810280145,0.0023860133389570306,-0.0009366420167111128,-0.0014649197571205569,NaN,NaN,0.9389325770021942
rv_1s,47 ボラティリティ,10s,142362,0.0028796149850664945,0.002251338608534486,0.00009763041696633143,-0.00009722461085127319,0.0017426977985203836,0.004848801986112537,1.0865012122025552
rv_1s,47 ボラティリティ,30s,142362,-0.0014282308071116505,-0.0015056314295859572,-0.0004450493470201819,-0.0076040896638848365,NaN,NaN,-0.5388809476792727
rv_1s,47 ボラティリティ,60s,142362,-0.0011884306410251291,-0.0014338789061289913,-0.005652430057257871,-0.0051225481856511275,NaN,NaN,-0.44840261530044173
bpv_1s,47 ボラティリティ,100ms,427284,0.0006353325671777364,0.0013421213512982378,0.00037596372924598217,0.0015279764375989162,NaN,NaN,0.41529672318216154
bpv_1s,47 ボラティリティ,500ms,427284,-0.0015641654212522748,-0.002550824993542372,-0.00296436515732902,0.0011238076907410294,NaN,NaN,-1.0224463077593933
bpv_1s,47 ボラティリティ,1s,427284,-0.00047124334670654817,-0.0024055776410575424,-0.0023393923121578057,-0.00254048699619786,0.001958821878918129,-0.0024081680948646027,-0.30803678270441226
bpv_1s,47 ボラティリティ,5s,427284,0.0016890150980435456,0.0024554095731933235,-0.0026399805665567014,-0.001376706302581152,NaN,NaN,1.1040568842558847
bpv_1s,47 ボラティリティ,10s,142362,0.005240543953139054,0.004784756680255557,-0.0018337390706569658,0.004472409785659169,-0.001742105470290337,0.01183900105857285,1.9773170952571593
bpv_1s,47 ボラティリティ,30s,142362,0.0022630521008148823,0.0024384982719194512,-0.0040381734022379425,-0.006455522405137144,NaN,NaN,0.8538658693516282
bpv_1s,47 ボラティリティ,60s,142362,0.003524930562981939,0.0033903135978554503,-0.004651541116783898,-0.0036459769360820296,NaN,NaN,1.3299865655090568
rsv_up_1s,47 ボラティリティ,100ms,427284,0.008856205598695852,0.006621267883138524,0.01669652480504186,0.0025468281588162354,NaN,NaN,5.789246225434446
rsv_up_1s,47 ボラティリティ,500ms,427284,-0.0019220434972747487,0.007728291551416646,0.12711549822025875,0.0012218765147403265,NaN,NaN,-1.2563808637916403
rsv_up_1s,47 ボラティリティ,1s,427284,0.006535602019722477,0.011978556211939752,0.24021266912210826,-0.002058460421896146,0.020661118869051462,-0.0059592419576098635,4.272205872463136
rsv_up_1s,47 ボラティリティ,5s,427284,0.010914055026833559,0.01495998464716167,0.1483155004954225,-0.001955835423108076,NaN,NaN,7.134594675238799
rsv_up_1s,47 ボラティリティ,10s,142362,0.014205201706783485,0.015442354602709025,0.11127861040879246,-0.000238798547455396,0.01681500652066854,0.01254330211260781,5.360252111998304
rsv_up_1s,47 ボラティリティ,30s,142362,0.004726316387174847,0.004776872467271533,0.0656253839624471,-0.008684515539181812,NaN,NaN,1.7832885906894818
rsv_up_1s,47 ボラティリティ,60s,142362,0.005190174727779867,0.005521381471626897,0.043615923333430846,-0.004165178865192267,NaN,NaN,1.9583116967210177
rsv_dn_1s,47 ボラティリティ,100ms,427284,-0.007659355805082505,-0.0034977997782886967,-0.021294113621747466,0.0020262825996838836,NaN,NaN,-5.006823511097399
rsv_dn_1s,47 ボラティリティ,500ms,427284,0.00424746640012568,-0.009512034933557244,-0.12691230932135603,9.47755961541897e-6,NaN,NaN,2.7764583855712437
rsv_dn_1s,47 ボラティリティ,1s,427284,-0.004589087144510118,-0.01431664489960607,-0.2365813841487813,-0.0011868839014516407,-0.011438427680736248,0.0015480539026554991,-2.999771514630638
rsv_dn_1s,47 ボラティリティ,5s,427284,-0.009024512751545873,-0.010832071862647358,-0.15143589017115358,-0.0012751599109467034,NaN,NaN,-5.89927643639283
rsv_dn_1s,47 ボラティリティ,10s,142362,-0.0077186900951040915,-0.010083023683187416,-0.11098669291239135,0.0011259093522562973,-0.014651569640486353,-0.0007778141644719467,-2.912396709302317
rsv_dn_1s,47 ボラティリティ,30s,142362,-0.008854608471818006,-0.009070014546924222,-0.06549303075197856,-0.005866985186207251,NaN,NaN,-3.341030021702737
rsv_dn_1s,47 ボラティリティ,60s,142362,-0.008498638505191393,-0.008943362766928564,-0.050901703437900514,-0.005009906773432475,NaN,NaN,-3.206705160878131
jump_1s,47 ボラティリティ,100ms,175250,0.0021055025197670853,0.0006010705078470181,-0.0008238150671358447,-0.0012368188309844587,NaN,NaN,0.881420735904377
jump_1s,47 ボラティリティ,500ms,175250,0.00399317111702166,0.0039467578719940355,0.002739096358021356,-0.0006583562034751488,NaN,NaN,1.671659877604824
jump_1s,47 ボラティリティ,1s,175250,0.002358293840956389,0.003343652629515288,0.00453686941461985,0.003532038463860861,0.000055290750427293006,0.003975539909315395,0.9872466292720596
jump_1s,47 ボラティリティ,5s,175250,0.00034369128105724933,-0.00030060198234456556,0.0019289579720980876,0.0016574830468682787,NaN,NaN,0.1438782264282288
jump_1s,47 ボラティリティ,10s,56683,-0.004709287506914954,-0.005075072163307717,0.00269093492979844,-0.006526444368011966,0.00398286415806702,-0.01176497095745693,-1.1211888575398299
jump_1s,47 ボラティリティ,30s,56683,-0.0017908263227881163,-0.0022504230896056,0.005482951994539797,0.0044464275447099,NaN,NaN,-0.42635652866131324
jump_1s,47 ボラティリティ,60s,56683,-0.004720219976032435,-0.005042483158647525,0.004439884895449854,0.001777197639529728,NaN,NaN,-1.1237917216316078
rv_5s,47 ボラティリティ,100ms,427284,0.0024149990204998415,0.0016009102036935615,-0.0015030948811108101,0.0025863012301587853,NaN,NaN,1.578612452433786
rv_5s,47 ボラティリティ,500ms,427284,0.00048031761597782936,-0.002096822904373469,0.0006616271986104277,0.0016060148444191145,NaN,NaN,0.3139683451763954
rv_5s,47 ボラティリティ,1s,427284,-0.00006302269617473947,-0.0029286879779349293,0.0029354965891206382,-0.0015387374208989653,0.0024117120809893445,-0.0020375632743704067,-0.04119592687237925
rv_5s,47 ボラティリティ,5s,427284,-0.00008705934637375247,0.0023365275861781786,-0.0026503472642391947,-0.002869795431688295,NaN,NaN,-0.05690791874875141
rv_5s,47 ボラティリティ,10s,142362,0.0038988123711556524,0.0031550478168887682,0.00006027682059268525,-0.00595206996893224,0.002952249645428406,0.006537614903622118,1.4710574233426716
rv_5s,47 ボラティリティ,30s,142362,-0.00025094997714247884,-0.0003706142649361755,-0.0006739247909700592,-0.010489244026573377,NaN,NaN,-0.09468499570319276
rv_5s,47 ボラティリティ,60s,142362,-0.0007412276954469623,-0.0009367073030914535,-0.0067137365493304185,-0.009419581292696383,NaN,NaN,-0.279669912815646
bpv_5s,47 ボラティリティ,100ms,427284,0.002786814840114584,0.002562272627430738,-0.0016607508328308077,0.0019217645789845292,NaN,NaN,1.8216590674777786
bpv_5s,47 ボラティリティ,500ms,427284,-0.0015044836567051707,-0.003521178883417561,-0.0014405592084555158,0.001873630046245189,NaN,NaN,-0.9834341036582696
bpv_5s,47 ボラティリティ,1s,427284,-0.0005582450175212779,-0.004070075903429151,-0.001044721519767195,-0.0013117674684867422,0.001716909224297356,-0.0021734814786877063,-0.36490702322020485
bpv_5s,47 ボラティリティ,5s,427284,0.0008661470231891428,0.0030019393704548564,-0.0050255272114496565,-0.0007340380382160619,NaN,NaN,0.5661729013092239
bpv_5s,47 ボラティリティ,10s,142362,0.006171604274338382,0.005060315752155956,-0.001826047537502724,-0.0030709361135015105,0.0029482903642976217,0.01036656696051383,2.3286291614497063
bpv_5s,47 ボラティリティ,30s,142362,0.001002345887675343,0.0007505119018482128,-0.0045245320904577935,-0.010277424837940996,NaN,NaN,0.3781915497120503
bpv_5s,47 ボラティリティ,60s,142362,0.0010872049292324458,0.0006203708698476693,-0.00705957181705033,-0.0076063627313632,NaN,NaN,0.41020944820610933
rsv_up_5s,47 ボラティリティ,100ms,427284,0.00655416628629713,0.005455870932679718,0.005890317005058808,0.002241420777080462,NaN,NaN,4.284341521283692
rsv_up_5s,47 ボラティリティ,500ms,427284,0.0032267187538644565,0.0061369507527696075,0.03931331334765643,0.0014132993053573323,NaN,NaN,2.1092141344956756
rsv_up_5s,47 ボラティリティ,1s,427284,0.006277942519351961,0.006649510042063639,0.07541944143374603,-0.000887089621152906,0.013763170365358058,-0.0006204716893505122,4.103771701644598
rsv_up_5s,47 ボラティリティ,5s,427284,0.008795462290980107,0.011890527213068703,0.2275460915010971,-0.0028785821098957333,NaN,NaN,5.749535622358615
rsv_up_5s,47 ボラティリティ,10s,142362,0.013393502301066876,0.012398199208634905,0.1732736571921619,-0.0053155877989183,0.01396184500042034,0.014285213972030522,5.053905335977449
rsv_up_5s,47 ボラティリティ,30s,142362,0.006013025392398695,0.0048376076253188105,0.09876009047986294,-0.00896432080354967,NaN,NaN,2.2687930279964412
rsv_up_5s,47 ボラティリティ,60s,142362,0.005584506028384029,0.005075538739960481,0.062249346841217267,-0.007578139276215101,NaN,NaN,2.1071018381704083
rsv_dn_5s,47 ボラティリティ,100ms,427284,-0.0027223478646136202,-0.0029883793586707634,-0.009173346339738719,0.0027100850468766533,NaN,NaN,-1.7795185817013575
rsv_dn_5s,47 ボラティリティ,500ms,427284,-0.0016360851325812262,-0.008663422950743672,-0.039038617484386015,0.0014637445447416918,NaN,NaN,-1.069458110227728
rsv_dn_5s,47 ボラティリティ,1s,427284,-0.006175391832916935,-0.011801804193904414,-0.07039845138492062,-0.0018013111334507883,-0.009228723608953614,-0.002916960175937158,-4.036733689323815
rsv_dn_5s,47 ボラティリティ,5s,427284,-0.00927516756376419,-0.007760886388165266,-0.23273683398209616,-0.002355431302050274,NaN,NaN,-6.063142073134375
rsv_dn_5s,47 ボラティリティ,10s,142362,-0.006426056568568454,-0.007326386645582722,-0.17342288029402675,-0.007096010062196054,-0.011478090766490683,-0.00034209555195966075,-2.4246413149508212
rsv_dn_5s,47 ボラティリティ,30s,142362,-0.008429865792155657,-0.007776364781539071,-0.09998339555679063,-0.010991410540242772,NaN,NaN,-3.1807539981773627
rsv_dn_5s,47 ボラティリティ,60s,142362,-0.00736022470746955,-0.007237015094209187,-0.07467763657686498,-0.009287092470742081,NaN,NaN,-2.7771339459206894
jump_5s,47 ボラティリティ,100ms,294316,-0.0030107177138293936,-0.003132761853437485,0.0016875962431415245,-0.0013479856134483706,NaN,NaN,-1.6333432674098072
jump_5s,47 ボラティリティ,500ms,294316,0.0020678074167052533,0.003188818690306304,0.002102474503896506,-0.001968696118805909,NaN,NaN,1.1218026918383128
jump_5s,47 ボラティリティ,1s,294316,-0.00002524296237165468,0.0030659477787305474,0.0034384635585432027,0.00044897778435447073,-0.0014911444874231578,0.000830607669984988,-0.013694487396672865
jump_5s,47 ボラティリティ,5s,294316,-0.00227272118679973,-0.0029873633228160836,0.0066039312773682095,-0.00221386445496243,NaN,NaN,-1.2329706617668608
jump_5s,47 ボラティリティ,10s,96429,-0.005578614354494347,-0.004376612234248248,0.0024122965522749254,0.0005011429097365295,-0.00135473444186316,-0.010289990547887444,-1.7323371765961693
jump_5s,47 ボラティリティ,30s,96429,-0.002159963872720537,-0.0021565210618334353,0.007242441902064893,0.006344588916960248,NaN,NaN,-0.670728604469767
jump_5s,47 ボラティリティ,60s,96429,-0.0027577274309235796,-0.0028017220462015963,0.005853001657646586,0.003997245962670491,NaN,NaN,-0.8563520035291975
rv_10s,47 ボラティリティ,100ms,427284,0.002386313827643564,0.0020275290623630064,-0.0023938208673406434,0.0022330399203995778,NaN,NaN,1.5598616944943569
rv_10s,47 ボラティリティ,500ms,427284,0.00016291091587508383,-0.0012202919040576723,0.0006137313997683343,0.001118397959675874,NaN,NaN,0.10648967213691744
rv_10s,47 ボラティリティ,1s,427284,-0.00039215356697510593,-0.00303505370306881,0.002453526711642084,-0.0014173699475162858,0.0019177820544164738,-0.0024321276053012497,-0.2563383012554323
rv_10s,47 ボラティリティ,5s,427284,0.0003167010970844373,0.0028696347044705056,-0.0018738578017386412,-0.0025037951355850263,NaN,NaN,0.2070174184249868
rv_10s,47 ボラティリティ,10s,142362,0.005650382497342417,0.004834713912735404,-0.0009394268079200064,-0.004781290519445962,0.005364548086008016,0.0073176435069469414,2.1319586176503886
rv_10s,47 ボラティリティ,30s,142362,0.0006815530272229932,0.00042886671630645986,-0.0023305633237547347,-0.00851413363267392,NaN,NaN,0.25715427092343685
rv_10s,47 ボラティリティ,60s,142362,-0.0004425604765519986,-0.0006255631973396947,-0.007572386070960052,-0.007746726451681602,NaN,NaN,-0.1669808464700933
bpv_10s,47 ボラティリティ,100ms,427284,0.0025459443295332714,0.0018949249965011972,-0.0020270093174879246,0.0026234102651761333,NaN,NaN,1.6642080154533374
bpv_10s,47 ボラティリティ,500ms,427284,-0.001399241514834836,-0.0023811983314492437,-5.635153206945217e-6,0.0008001927496716257,NaN,NaN,-0.9146404539201826
bpv_10s,47 ボラティリティ,1s,427284,-0.0014866518216585976,-0.004143533081016909,0.0009020209196056736,-0.0010506054352132318,0.0008518531796648042,-0.0033593350360291738,-0.9717779626109101
bpv_10s,47 ボラティリティ,5s,427284,0.0003811529503991342,0.003002667472598691,-0.002192605293073896,-0.0022974104806062438,NaN,NaN,0.24914754738017045
bpv_10s,47 ボラティリティ,10s,142362,0.00978800801033978,0.00830182197393049,-0.003579610691604952,-0.003225376476719472,0.006568842189665423,0.014209420863996456,3.693253436272886
bpv_10s,47 ボラティリティ,30s,142362,0.00283606025214534,0.0027319319861108166,-0.005097562117363932,-0.008699940410421736,NaN,NaN,1.0700675382872928
bpv_10s,47 ボラティリティ,60s,142362,0.00005197547319723933,0.000014657009648102604,-0.008146077735632409,-0.006153104744944169,NaN,NaN,0.019610670477342506
rsv_up_10s,47 ボラティリティ,100ms,427284,0.004275553235016596,0.004172625202973989,0.002476462114712059,0.0023025668994655878,NaN,NaN,2.7948183540304856
rsv_up_10s,47 ボラティリティ,500ms,427284,0.001993175472875352,0.004405697891095834,0.023514935512455527,0.0015420141817455196,NaN,NaN,1.3028778352603143
rsv_up_10s,47 ボラティリティ,1s,427284,0.0031261267827918412,0.0031776648391279613,0.04489758596069665,-0.0006745766855224076,0.009220003544088601,-0.002560158542186692,2.0434593754863952
rsv_up_10s,47 ボラティリティ,5s,427284,0.006708527783786468,0.009149775357458213,0.1379698592031192,-0.0023602847505389125,NaN,NaN,4.385249366162158
rsv_up_10s,47 ボラティリティ,10s,142362,0.013139042050244533,0.011269617798822896,0.21796588795980903,-0.0032616780265747702,0.015567607807722709,0.012577906128796576,4.957870543106169
rsv_up_10s,47 ボラティリティ,30s,142362,0.006883587269217506,0.005082925324426659,0.1243876019430649,-0.007151918123589386,NaN,NaN,2.5972819769669266
rsv_up_10s,47 ボラティリティ,60s,142362,0.005183005367321383,0.004098732978397514,0.07985061243817823,-0.006515378891225973,NaN,NaN,1.9556065431161416
rsv_dn_10s,47 ボラティリティ,100ms,427284,-0.000762216534564978,-0.0010676187992839272,-0.006915750992251864,0.002128628509164812,NaN,NaN,-0.4982367874391837
rsv_dn_10s,47 ボラティリティ,500ms,427284,-0.001985679196621492,-0.006210806190633625,-0.02224344143771882,0.0010462057376053428,NaN,NaN,-1.2979777294275063
rsv_dn_10s,47 ボラティリティ,1s,427284,-0.004044108969969023,-0.008374126952250732,-0.04001696472313573,-0.001623933488941761,-0.005627013840874176,-0.002484662457321189,-2.6435266904111736
rsv_dn_10s,47 ボラティリティ,5s,427284,-0.006276595721276813,-0.003963227634099748,-0.14118531585967373,-0.00232456460636852,NaN,NaN,-4.102891290653034
rsv_dn_10s,47 ボラティリティ,10s,142362,-0.0024437104086746527,-0.0022079163024621654,-0.2189723526599378,-0.006617760264188008,-0.005906261526331737,0.001676970966465939,-0.922029943073418
rsv_dn_10s,47 ボラティリティ,30s,142362,-0.0061201089065749895,-0.0050103663386822,-0.12777623737368035,-0.009446802720533881,NaN,NaN,-2.30919853689235
rsv_dn_10s,47 ボラティリティ,60s,142362,-0.006170345803868498,-0.005589959473270674,-0.09356579206637926,-0.008787428332023797,NaN,NaN,-2.328154305562292
jump_10s,47 ボラティリティ,100ms,342616,-0.0030212700746803335,-0.0012272113979591268,0.0018359904593990132,-0.002713503697266933,NaN,NaN,-1.7684552874549349
jump_10s,47 ボラティリティ,500ms,342616,0.0017632020230570003,0.0021039156502063246,-0.0004253149537327297,-0.0010950163891664103,NaN,NaN,1.0320608482709952
jump_10s,47 ボラティリティ,1s,342616,0.0005963822676107977,0.0026909892680578216,0.0002768764502833065,0.0002385785539219378,-0.0009209635655580664,0.0015655033252847362,0.34908191667797
jump_10s,47 ボラティリティ,5s,342616,-0.0008925291802731168,-0.0021949413414315087,0.0038775385924988645,0.0001895866577839747,NaN,NaN,-0.5224264411471473
jump_10s,47 ボラティリティ,10s,112745,-0.009801479473896393,-0.008213169964153898,0.007459340518355246,0.00003626315116378944,-0.00652929773575762,-0.013974658936555005,-3.2912228558349788
jump_10s,47 ボラティリティ,30s,112745,-0.003708162621353706,-0.004288887202913663,0.00740632981092505,0.0029912362776937347,NaN,NaN,-1.245106645798192
jump_10s,47 ボラティリティ,60s,112745,-0.0003850334156606274,-0.0011791832989884027,0.006889016760845947,0.001584819930491967,NaN,NaN,-0.1292835436658246
rv_30s,47 ボラティリティ,100ms,427284,0.002843978403648489,0.0021014078233021548,-0.002262610017086597,0.0020314770861115496,NaN,NaN,1.8590255103896485
rv_30s,47 ボラティリティ,500ms,427284,0.0020231282497336456,-0.0004878576719359516,-4.0737444259692795e-6,0.0019176276969382284,NaN,NaN,1.3224571287810754
rv_30s,47 ボラティリティ,1s,427284,-0.00041346102873962527,-0.0029584460869107767,0.0025822199638481,-0.0005860957571748671,0.0029546855124869915,-0.0036739713978488457,-0.27026631293863274
rv_30s,47 ボラティリティ,5s,427284,0.0018750611777476527,0.003168463588010459,-0.0010826769901630534,-0.001977637574468296,NaN,NaN,1.225669853657062
rv_30s,47 ボラティリティ,10s,142362,0.0051761206663267475,0.003320497781151673,-0.00014640139884141752,-0.004770800577219592,0.006697120517039969,0.004951074022623773,1.9530087979215809
rv_30s,47 ボラティリティ,30s,142362,-0.0004150815718674144,-0.0011904426834573162,-0.004216544321363743,-0.00859821608666779,NaN,NaN,-0.15661288135767226
rv_30s,47 ボラティリティ,60s,142362,-0.00019128886813555453,-0.0009657293675600048,-0.009302914944792955,-0.009285414998543701,NaN,NaN,-0.07217448522922208
bpv_30s,47 ボラティリティ,100ms,427284,0.0031911576795949663,0.0023387817501771564,-0.0016956655073471316,0.001931785294076645,NaN,NaN,2.085968635183779
bpv_30s,47 ボラティリティ,500ms,427284,0.0015318587247237095,-0.00004942356074622652,-0.0006442527726718087,0.001423831463532618,NaN,NaN,1.0013283745391885
bpv_30s,47 ボラティリティ,1s,427284,-0.0006401861429317748,-0.002499399700248999,0.0017823679500438522,-0.000833960184311963,0.00268123780485599,-0.003624965060813537,-0.4184693528150037
bpv_30s,47 ボラティリティ,5s,427284,0.001862018451204636,0.003343842794899111,-0.001477198327260187,-0.0017887513776665574,NaN,NaN,1.2171441945784012
bpv_30s,47 ボラティリティ,10s,142362,0.0050549757533411635,0.003655344884734715,-0.001895189112437703,-0.004781722945098634,0.004283484651266533,0.007294961547908561,1.9072982717472053
bpv_30s,47 ボラティリティ,30s,142362,0.0001484693090061002,-0.00023835598777405777,-0.006085138443918294,-0.008715094089446412,NaN,NaN,0.05601839760122625
bpv_30s,47 ボラティリティ,60s,142362,0.0006623900030396176,0.0002869631261164318,-0.009669973148919297,-0.009668629205116998,NaN,NaN,0.24992393739228524
rsv_up_30s,47 ボラティリティ,100ms,427284,0.0037965066785794668,0.0033744690022995704,0.0003480155086651124,0.0023623274288806836,NaN,NaN,2.4816732357245552
rsv_up_30s,47 ボラティリティ,500ms,427284,0.0032781054935586466,0.0019842220950147507,0.009246967254107695,0.001969640712439411,NaN,NaN,2.1428045405859883
rsv_up_30s,47 ボラティリティ,1s,427284,0.0011808065040872764,-0.0002572860123245086,0.019709182264506724,-0.0004642784330405493,0.0064487431783642555,-0.003876934297918474,0.7718560956821026
rsv_up_30s,47 ボラティリティ,5s,427284,0.0056809802442910505,0.00648058195640978,0.056981343485251204,-0.002231714120243902,NaN,NaN,3.7135355527355767
rsv_up_30s,47 ボラティリティ,10s,142362,0.010965459345259092,0.008305536481706191,0.09020479551295409,-0.005204744961596123,0.01381231096706091,0.009786118764518102,4.137585015475111
rsv_up_30s,47 ボラティリティ,30s,142362,0.004965601298728426,0.0034732628190716807,0.17030339159665356,-0.00853269161561946,NaN,NaN,1.8735754623355556
rsv_up_30s,47 ボラティリティ,60s,142362,0.00479204447454445,0.0037187308206607984,0.10926262890503508,-0.009864967289052985,NaN,NaN,1.8080890509035488
rsv_dn_30s,47 ボラティリティ,100ms,427284,0.0016049176582568188,0.0005256606380123375,-0.00473522045428397,0.0018213962161997236,NaN,NaN,1.0490848458922102
rsv_dn_30s,47 ボラティリティ,500ms,427284,0.00045457164529072864,-0.002910792017191989,-0.009216239561715658,0.001640097834899053,NaN,NaN,0.29713901962114714
rsv_dn_30s,47 ボラティリティ,1s,427284,-0.0022177853890243287,-0.0053194074682326115,-0.014606305914078875,-0.00029536138895352234,-0.0007248616828410361,-0.003681291566249641,-1.4496991521986733
rsv_dn_30s,47 ボラティリティ,5s,427284,-0.0024096479737635824,-0.0006467545532235718,-0.059066577154844965,-0.0017282236164791421,NaN,NaN,-1.575114613286659
rsv_dn_30s,47 ボラティリティ,10s,142362,-0.0006374976015587917,-0.0015794018617928441,-0.09045613597973474,-0.00429669228298861,-0.0012026280699612229,0.0009512083914422249,-0.24053187299159925
rsv_dn_30s,47 ボラティリティ,30s,142362,-0.005922028574437057,-0.006019861150936543,-0.17796127282953159,-0.008232858454161588,NaN,NaN,-2.234457526486769
rsv_dn_30s,47 ボラティリティ,60s,142362,-0.004868242816193736,-0.005216837598369938,-0.12684137010754049,-0.008661543903641098,NaN,NaN,-1.8368401669851229
jump_30s,47 ボラティリティ,100ms,397168,-0.003494212797457455,-0.002311525458122031,0.0005835295020513905,-0.0006161832705524219,NaN,NaN,-2.2021050493579413
jump_30s,47 ボラティリティ,500ms,397168,-0.0009942782178583162,-0.0005897562903071288,-0.00004824960007600231,-0.0005214224481487039,NaN,NaN,-0.6266054550006431
jump_30s,47 ボラティリティ,1s,397168,-0.00034815060661336455,0.0009226903384334516,0.00016499501584807876,0.001212771770812743,-0.0015032612712776992,0.000220489617148318,-0.2194083816145023
jump_30s,47 ボラティリティ,5s,397168,-0.0015731116816394988,-0.002226512544362217,0.0020259417873086535,0.0004069988029315402,NaN,NaN,-0.9913936318553862
jump_30s,47 ボラティリティ,10s,131329,-0.003235124263512565,-0.002438627252776777,0.004092683770123072,0.002856387197251845,-0.00005167739491300615,-0.008163678274105446,-1.172384994763945
jump_30s,47 ボラティリティ,30s,131329,0.00014253078124874843,0.00011062494966994059,0.009132162570247612,0.004747306958233167,NaN,NaN,0.05165182628871487
jump_30s,47 ボラティリティ,60s,131329,-0.0009008443244132444,-0.0009016509350353215,0.009141377026327632,0.006981511855536423,NaN,NaN,-0.3264577136083264
rv_60s,47 ボラティリティ,100ms,427284,0.002928252204930732,0.0017396543431629473,-0.002309566369030089,0.0019676351250143688,NaN,NaN,1.914113295264634
rv_60s,47 ボラティリティ,500ms,427284,0.0017066248215734474,-0.0008292948964885646,-0.000013239359989708368,0.0015133948732733926,NaN,NaN,1.115567848752363
rv_60s,47 ボラティリティ,1s,427284,-0.0010520228073569748,-0.00325751102792031,0.0033666266275348667,-0.0005374436510296303,0.0022781781584695258,-0.00420775339510095,-0.6876741422888857
rv_60s,47 ボラティリティ,5s,427284,0.0015295989917727946,0.0025466017649740267,-0.00006394844683634664,-0.0010753715887939267,NaN,NaN,0.9998512539770279
rv_60s,47 ボラティリティ,10s,142362,0.004740813620506204,0.002771789071254769,0.0004918343036021124,-0.004095702756523111,0.006662520915911537,0.004004637272472104,1.7887586711605692
rv_60s,47 ボラティリティ,30s,142362,-0.0012970852636946147,-0.002045711971765483,0.000024663361220946564,-0.008755587383701555,NaN,NaN,-0.4893987776545682
rv_60s,47 ボラティリティ,60s,142362,0.0005674254547014893,-0.00010400947286041445,-0.006945429358097668,-0.00909257328898146,NaN,NaN,0.21409320020492123
bpv_60s,47 ボラティリティ,100ms,427284,0.002786591607109975,0.001804863953305323,-0.0017927368728124188,0.0022323533997602113,NaN,NaN,1.8215131454814502
bpv_60s,47 ボラティリティ,500ms,427284,0.0014298054365751145,-0.0005472516341577228,-0.0005437143086852917,0.001555944289510853,NaN,NaN,0.9346191748891095
bpv_60s,47 ボラティリティ,1s,427284,-0.0009374556252455308,-0.0027151247661447325,0.002243273873183022,-0.000515753298112299,0.0020570339297415444,-0.00373421187532449,-0.6127851174399533
bpv_60s,47 ボラティリティ,5s,427284,0.0017870674882387244,0.0030028875268525283,0.00004757975055255902,-0.0012343650736784631,NaN,NaN,1.1681508954818245
bpv_60s,47 ボラティリティ,10s,142362,0.004047447103932153,0.0025738362938392805,-2.7563115729337694e-6,-0.004601141117376567,0.004517040469404805,0.005050968861560716,1.5271395638460301
bpv_60s,47 ボラティリティ,30s,142362,-0.001547821682081312,-0.0020801884071193375,-0.0013004669502694097,-0.00782542058968049,NaN,NaN,-0.5840034811991571
bpv_60s,47 ボラティリティ,60s,142362,0.00010472717710274337,-0.000321368046436711,-0.00880596832626938,-0.008361776523124342,NaN,NaN,0.0395142178096004
rsv_up_60s,47 ボラティリティ,100ms,427284,0.003532690927408355,0.0024740566499360734,-0.000612363980271372,0.0022128616607504648,NaN,NaN,2.3092218165335066
rsv_up_60s,47 ボラティリティ,500ms,427284,0.002880668271894057,0.0004971475799226924,0.004594305471581029,0.0016136771879620656,NaN,NaN,1.883008802019451
rsv_up_60s,47 ボラティリティ,1s,427284,0.00047297743389449663,-0.0009785116926748858,0.01230096711738153,-0.0007548327294419747,0.0051421480114936385,-0.003992417495733824,0.3091703005807176
rsv_up_60s,47 ボラティリティ,5s,427284,0.005019948795774503,0.005889309866365021,0.03188782899163225,-0.001071481435399645,NaN,NaN,3.2814217951793423
rsv_up_60s,47 ボラティリティ,10s,142362,0.009420239356426456,0.007093088487724508,0.04857259032041892,-0.003864704146161376,0.011747508371151127,0.00859910193033271,3.554472824240614
rsv_up_60s,47 ボラティリティ,30s,142362,0.0022791256962593305,0.0013574839566510848,0.0923174584119212,-0.008343727331163122,NaN,NaN,0.859930584160252
rsv_up_60s,47 ボラティリティ,60s,142362,0.0036784216836109216,0.0029688263555617605,0.1327155960863487,-0.00855923758365698,NaN,NaN,1.3879008504318804
rsv_dn_60s,47 ボラティリティ,100ms,427284,0.002190811432115194,0.0009480297639477688,-0.0038221335502322006,0.0017863101232983623,NaN,NaN,1.4320670082145144
rsv_dn_60s,47 ボラティリティ,500ms,427284,0.0005733394208528551,-0.0019436286246780588,-0.004652867615090943,0.001322950576319217,NaN,NaN,0.37477375807837066
rsv_dn_60s,47 ボラティリティ,1s,427284,-0.002624430062347222,-0.0053304880325867705,-0.006019579061910592,-0.00016651423502254416,-0.000776238468263215,-0.004389721961661236,-1.7155121505537962
rsv_dn_60s,47 ボラティリティ,5s,427284,-0.0021561425035518255,-0.0010678713553135466,-0.03214243049267584,-0.0010717783998006665,NaN,NaN,-1.4094048745653895
rsv_dn_60s,47 ボラティリティ,10s,142362,-0.00013920261833391982,-0.0017529952538037907,-0.04717987681791511,-0.004019151461216674,0.0011917018859944047,-0.0005128187098258226,-0.05252201726248466
rsv_dn_60s,47 ボラティリティ,30s,142362,-0.00524456919348116,-0.005804707809637101,-0.09190275791965194,-0.008846665831018972,NaN,NaN,-1.9788359061774228
rsv_dn_60s,47 ボラティリティ,60s,142362,-0.002589038052418528,-0.0031921844173321747,-0.1459751525412891,-0.0094551514354539,NaN,NaN,-0.9768634911090064
jump_60s,47 ボラティリティ,100ms,415056,-0.0029748057985172958,-0.0016872183921047622,0.00043926975138146296,-0.0014805278537351621,NaN,NaN,-1.9165177365349382
jump_60s,47 ボラティリティ,500ms,415056,-0.0011873309776512353,0.000351093888368131,0.0003247791928910954,-0.001665764580338182,NaN,NaN,-0.7649347780029907
jump_60s,47 ボラティリティ,1s,415056,-0.00027551972496200043,0.0010005100299037514,-0.0005671227222109556,0.0002441438849008655,-0.001742186609390654,0.000878586942449199,-0.17750272085820862
jump_60s,47 ボラティリティ,5s,415056,-0.0019396020761066088,-0.0026083248519929666,-0.00042569129803246504,-0.00005543005909582939,NaN,NaN,-1.249584872669348
jump_60s,47 ボラティリティ,10s,138238,-0.003807183003675526,-0.002860275241319087,0.001634149949306676,0.003633220022676016,-0.0019980400663385197,-0.0074114765737463015,-1.4155247907111514
jump_60s,47 ボラティリティ,30s,138238,0.0003769096882480332,0.0008501741619759875,0.003938369300012004,0.0031185731416109295,NaN,NaN,0.14013541726635403
jump_60s,47 ボラティリティ,60s,138238,0.00023554254536255214,0.0004286744150718042,0.009501789423063893,0.004903167238831177,NaN,NaN,0.08757496153221335
rv_micro_10s,47 ボラティリティ,100ms,427284,0.0017584768191817035,0.00206914956744103,-0.0029342090617603114,0.002088322924229246,NaN,NaN,1.1494619987297987
rv_micro_10s,47 ボラティリティ,500ms,427284,0.00029108840557870804,-0.0015245618189642046,0.00008949667463054332,0.0005842090413068967,NaN,NaN,0.1902752164172104
rv_micro_10s,47 ボラティリティ,1s,427284,-0.0011429425122228883,-0.003333605825744666,0.002280174632451014,-0.0017123085249563423,0.0008367445485931765,-0.0030407654985430467,-0.747105561503542
rv_micro_10s,47 ボラティリティ,5s,427284,0.00015174242603121024,0.0025160125662615205,-0.0017346844401251434,-0.0022055312427904468,NaN,NaN,0.09918918620113433
rv_micro_10s,47 ボラティリティ,10s,142362,0.004637776729893189,0.005105534493176842,-0.0010208044473305076,-0.004189714950704613,0.0029220722176499267,0.0071421329252651525,1.7498809268132776
rv_micro_10s,47 ボラティリティ,30s,142362,0.0006482071533083642,0.0010336794379498893,-0.0027993417870270723,-0.007665511452356861,NaN,NaN,0.24457265621705004
rv_micro_10s,47 ボラティリティ,60s,142362,-0.001065983757177052,-0.0008138343863467818,-0.008046858545222298,-0.007469529506153574,NaN,NaN,-0.40220255361304647
rv_spread_10s,47 ボラティリティ,100ms,427284,0.00195746569298061,0.0018064069026680195,-0.0034571268791655,0.0019186565641136932,NaN,NaN,1.279535354250892
rv_spread_10s,47 ボラティリティ,500ms,427284,0.0004122577299218955,-0.0011165429941407767,0.0005207584377370928,0.0009008414875581138,NaN,NaN,0.26947975467176294
rv_spread_10s,47 ボラティリティ,1s,427284,-0.00007824165274005982,-0.002147260486534647,0.0032085899094476873,-0.000650203376517657,0.001998603967303638,-0.0019446564079504205,-0.05114407354425968
rv_spread_10s,47 ボラティリティ,5s,427284,0.0008615602517182332,0.0028601313875666274,-0.0012700781914900205,-0.0016819629360399742,NaN,NaN,0.5631746717078048
rv_spread_10s,47 ボラティリティ,10s,142362,0.006881096573174323,0.00655219533230659,-0.00150203704864347,-0.002970528947931621,0.007026311237982147,0.006910267188257289,2.596342155030234
rv_spread_10s,47 ボラティリティ,30s,142362,0.001135013451387057,0.0009394422779087766,-0.003129702114058828,-0.006798679103370541,NaN,NaN,0.4282479354294975
rv_spread_10s,47 ボラティリティ,60s,142362,-0.0013870643324965196,-0.001520512638244746,-0.007138516614403467,-0.006608850873716934,NaN,NaN,-0.5233485336907804
rv_micro_60s,47 ボラティリティ,100ms,427284,0.00250013734735611,0.0018132425561771446,-0.002395519474422998,0.002420544736781768,NaN,NaN,1.6342651660000278
rv_micro_60s,47 ボラティリティ,500ms,427284,0.0013634587158749855,-0.0011116414077212762,-0.0004077817208575155,0.0012021631840551735,NaN,NaN,0.8912503123489006
rv_micro_60s,47 ボラティリティ,1s,427284,-0.0016189763386756353,-0.0033255139482296697,0.003017285144542252,-0.0014989600982918373,0.0014130692811974662,-0.004569843127634833,-1.058274592789637
rv_micro_60s,47 ボラティリティ,5s,427284,0.0014216508883712093,0.0026649767011908427,-0.00019466220439759565,-0.000920572157598032,NaN,NaN,0.9292887905118262
rv_micro_60s,47 ボラティリティ,10s,142362,0.005126376572334394,0.004879975869933501,-0.000675394549609658,-0.002794539279082288,0.0064159026921374145,0.004104799920171459,1.93423929368801
rv_micro_60s,47 ボラティリティ,30s,142362,-0.00035824481942260027,-0.0005273781345437097,-0.0006889701998049031,-0.007346204722514561,NaN,NaN,-0.13516801508628615
rv_micro_60s,47 ボラティリティ,60s,142362,-0.00002764501932992955,-0.0003683799882687482,-0.006685300257365527,-0.0089006956753378,NaN,NaN,-0.010430638348140963
rv_spread_60s,47 ボラティリティ,100ms,427284,0.0023498224573094764,0.0014961736993237852,-0.0031422155751488147,0.0018176963256315481,NaN,NaN,1.5360082487119897
rv_spread_60s,47 ボラティリティ,500ms,427284,0.0013387130094878522,-0.0007317339430957548,-0.00040515941711703426,0.0011343999665529142,NaN,NaN,0.8750747888947182
rv_spread_60s,47 ボラティリティ,1s,427284,-0.0004950697892178899,-0.001995421061210801,0.0036832509457584064,-0.00020430827441494286,0.00274505528507677,-0.003620115020638524,-0.3236113738394206
rv_spread_60s,47 ボラティリティ,5s,427284,0.0025988798841649887,0.0030307048744713243,0.00023005351513473085,-0.00040913007947095966,NaN,NaN,1.6988106429566951
rv_spread_60s,47 ボラティリティ,10s,142362,0.006698735046190599,0.005292293375221008,-0.0002391351946420339,-0.0020640205776370642,0.008084123560038866,0.004819284065705764,2.527531253849308
rv_spread_60s,47 ボラティリティ,30s,142362,0.00004970420803828337,-0.0006906949742976012,-0.0008179143123512186,-0.0066873134553716755,NaN,NaN,0.018753707953067245
rv_spread_60s,47 ボラティリティ,60s,142362,-0.0006640106666224617,-0.0013199680736227589,-0.005778034117373316,-0.008105799486743873,NaN,NaN,-0.2505354242811627
trd_rate_1s,51 約定の符号,100ms,427284,0.0034888199152024292,0.0019889714420909424,-0.001497661555535056,-0.0016580670321752447,NaN,NaN,2.2805442046350177
trd_rate_1s,51 約定の符号,500ms,427284,0.003526345048227035,0.0017334754183519192,0.0005524915007406491,0.0002340737559554074,NaN,NaN,2.305073640159584
trd_rate_1s,51 約定の符号,1s,427284,0.0028537637544300736,0.0006562082058673384,0.001450038093597963,-0.0013851325071813068,0.007684726742159365,-0.0016774057401707984,1.8654219600264057
trd_rate_1s,51 約定の符号,5s,427284,-0.0006554694269535506,0.00005980464948995398,-0.0021574610138636063,-0.0011043608595809064,NaN,NaN,-0.4284595545084652
trd_rate_1s,51 約定の符号,10s,142362,0.0028144018255194247,0.002828456987265706,-0.0067709541789708816,-0.001446830541154369,0.008525704780563007,-0.002721632880397891,1.0618955808943966
trd_rate_1s,51 約定の符号,30s,142362,0.0009242565353096422,-0.0006536313624234371,-0.007274876639651804,-0.004283824434563853,NaN,NaN,0.34872790862323505
trd_rate_1s,51 約定の符号,60s,142362,0.0016113715644365824,0.0009181523819789224,-0.0026652784514682795,-0.0016969087503062373,NaN,NaN,0.6079813382226226
trd_imb_1s,51 約定の符号,100ms,427284,0.008508550100307748,0.01814337567989171,0.020440943770729154,0.00030697642211512105,NaN,NaN,5.561969209929371
trd_imb_1s,51 約定の符号,500ms,427284,0.010290029711389705,0.02600824415881566,0.06232656380443007,-0.0015653867987366987,NaN,NaN,6.726620421344862
trd_imb_1s,51 約定の符号,1s,427284,0.011401379758400474,0.024662327318305578,0.12524261559112645,0.00009103329378171798,0.017450283080026243,0.005655576998960218,7.453202817341208
trd_imb_1s,51 約定の符号,5s,427284,0.014165805901952188,0.019568333375501817,0.13088326005332232,0.001938556164488893,NaN,NaN,9.260664807577072
trd_imb_1s,51 約定の符号,10s,142362,0.011106548144395554,0.013967647834610243,0.10686482764698271,-0.0017719516151268192,0.012691564209752924,0.009651422442949998,4.190828426897265
trd_imb_1s,51 約定の符号,30s,142362,0.003876169607107265,0.006516099182809433,0.06819594427911255,-0.0002811063959491025,NaN,NaN,1.4625139734683983
trd_imb_1s,51 約定の符号,60s,142362,0.00871723591433795,0.009990909625058539,0.04735081769916675,0.001871896987158853,NaN,NaN,3.2891924961286705
vol_imb_1s,51 約定の符号,100ms,427284,0.009542550821480457,0.017962355439182117,0.021163865543580584,0.0005809477785348622,NaN,NaN,6.2379451954005205
vol_imb_1s,51 約定の符号,500ms,427284,0.011078842564823855,0.02618890508594925,0.061695348718294483,-0.0009924464002443194,NaN,NaN,7.242330575214139
vol_imb_1s,51 約定の符号,1s,427284,0.011629650850587574,0.02442275785937751,0.1232288928240442,0.00022553450042334098,0.017463404121389577,0.006056494918772492,7.602446037135325
vol_imb_1s,51 約定の符号,5s,427284,0.014693905160392247,0.019587985796985907,0.12801808099750395,0.0024005953675590073,NaN,NaN,9.605974309859434
vol_imb_1s,51 約定の符号,10s,142362,0.010229347452957234,0.01273909927535739,0.10479303862004548,-0.0006436642447006421,0.012313331679255909,0.008298880946342438,3.8597985912449273
vol_imb_1s,51 約定の符号,30s,142362,0.0028921887626038394,0.005084969514336482,0.06658904428179749,0.00020209687496744328,NaN,NaN,1.0912454362165873
vol_imb_1s,51 約定の符号,60s,142362,0.009109703966413682,0.010243996544317619,0.047165105197200775,0.0016980970189236395,NaN,NaN,3.4372907939359263
sgn_vol_1s,51 約定の符号,100ms,427284,0.00955439821012642,0.01749481762834832,0.021111240453490374,0.0005753771010818509,NaN,NaN,6.245690514789252
sgn_vol_1s,51 約定の符号,500ms,427284,0.011430591688400306,0.025993729200383463,0.061901111523856085,-0.0010376528822866455,NaN,NaN,7.4723014578757985
sgn_vol_1s,51 約定の符号,1s,427284,0.011925927904635652,0.024367612209277894,0.1232747802799527,0.0001646327530212192,0.01782979320764104,0.006289160797685874,7.796153205785677
sgn_vol_1s,51 約定の符号,5s,427284,0.015024691337598815,0.0197348982195434,0.12796624620784003,0.002396606988994397,NaN,NaN,9.822270321464915
sgn_vol_1s,51 約定の符号,10s,142362,0.01052505126209977,0.012897182006294937,0.10514170636206908,-0.0007513668186771595,0.012777517023356492,0.008401056040577603,3.9713875097447957
sgn_vol_1s,51 約定の符号,30s,142362,0.003116100621079764,0.0051524209964414645,0.0668416028397374,0.00021002499265789594,NaN,NaN,1.1757299222236601
sgn_vol_1s,51 約定の符号,60s,142362,0.009516837907737444,0.010583315026695739,0.047456084099182526,0.0016479922083522912,NaN,NaN,3.590924962596368
vol_1s,51 約定の符号,100ms,427284,0.0035084034722434095,0.0019518206600045956,-0.001427681071543061,-0.001769687884846513,NaN,NaN,2.2933455864212813
vol_1s,51 約定の符号,500ms,427284,0.003566121246137191,0.0017840879185980442,0.000774770860205781,0.00013728224108642238,NaN,NaN,2.331074562806427
vol_1s,51 約定の符号,1s,427284,0.002890854211408399,0.0006277176899521005,0.0014293137707362955,-0.0016117367266383555,0.007769889563259048,-0.0015906234722756348,1.8896671090373756
vol_1s,51 約定の符号,5s,427284,-0.0005321373464445081,0.00023509678072086476,-0.002014759091488073,-0.001049005972936653,NaN,NaN,-0.34784126356140455
vol_1s,51 約定の符号,10s,142362,0.0028472396634137316,0.0028672013490062876,-0.006516328839960332,-0.0014355410559433689,0.008175132088952205,-0.0022913977256685688,1.0742856510286984
vol_1s,51 約定の符号,30s,142362,0.0009888507714554665,-0.0005970016835517865,-0.006899602017056356,-0.004500566233851278,NaN,NaN,0.3730997505595615
vol_1s,51 約定の符号,60s,142362,0.0016803239688830492,0.000990116735760138,-0.002219563140757883,-0.001917919495536399,NaN,NaN,0.6339976165234542
vpin_1s,49 毒性の代理,100ms,58318,0.0028982677749533215,0.0007371362426675597,0.003176943523772567,0.004574955624994397,NaN,NaN,0.6998971027400687
vpin_1s,49 毒性の代理,500ms,58318,-0.005786884858648961,0.004553251131235756,-0.004486976403547815,0.006718218942527344,NaN,NaN,-1.3974812089536957
vpin_1s,49 毒性の代理,1s,58318,0.000432870507281856,0.0027680912720140626,0.00005427125431256419,0.0008571311918928547,-0.0025161145695317636,0.003870078388996735,0.10453263582555598
vpin_1s,49 毒性の代理,5s,58318,-0.003956962631248861,-0.004415540880921304,-0.0035286946167457827,-0.0014836748936961732,NaN,NaN,-0.9555627520587873
vpin_1s,49 毒性の代理,10s,18862,-0.01480170373067675,-0.015044549501103148,-0.006530997163752409,-0.0017289596587582636,-0.020466498230893488,-0.008618947430303748,-2.032966075136725
vpin_1s,49 毒性の代理,30s,18862,0.008508311293985974,0.009960314062105593,0.009253946188040143,0.007692986654902523,NaN,NaN,1.1685032790024947
vpin_1s,49 毒性の代理,60s,18862,0.0010331094743317314,0.0027802455950979043,0.00402282416710359,0.006158162575222161,NaN,NaN,0.14187877181490152
trd_sz_1s,51 約定の符号,100ms,58318,0.00004047443006170876,-0.004086599703628891,-0.0014948552960639446,-0.001016071395350405,NaN,NaN,0.009774051116427351
trd_sz_1s,51 約定の符号,500ms,58318,0.004715003829609531,0.0017550582468149833,0.0023736168143063847,-0.006041657097091699,NaN,NaN,1.1386250678676784
trd_sz_1s,51 約定の符号,1s,58318,0.005166456225826845,0.0015764321576445899,-0.0017620882899026277,-0.011009848833593043,0.004874141814535976,0.007272852425068297,1.247648974419112
trd_sz_1s,51 約定の符号,5s,58318,0.0009354247274671793,0.0025246375746550676,0.008702463757107232,-0.0026221281635976845,NaN,NaN,0.2258930658322129
trd_sz_1s,51 約定の符号,10s,18862,0.0006687491146469184,0.0011625085422483368,0.016758036790526336,-0.008655785975720113,-0.007834769586575701,0.008803407315680592,0.09184048349019301
trd_sz_1s,51 約定の符号,30s,18862,-0.003129533753994504,-0.0036401700855011434,0.0056672759547899,-0.00727950784308536,NaN,NaN,-0.42978634287983875
trd_sz_1s,51 約定の符号,60s,18862,0.002641861325328305,0.001737792396081014,0.0069847430050071985,-0.004985930357836997,NaN,NaN,0.36281261324511277
trd_rate_5s,51 約定の符号,100ms,427284,0.0021686901897994067,-0.0003484156067761311,-0.0023232550327906614,0.0011434163155454847,NaN,NaN,1.417606954468647
trd_rate_5s,51 約定の符号,500ms,427284,0.0024040041297106627,-0.0003194660635748255,-0.0015381806353762465,0.0010156470820832312,NaN,NaN,1.5714253803464362
trd_rate_5s,51 約定の符号,1s,427284,0.0019129434571957514,-0.0017266568207661489,0.0005566873225411823,-0.0011317214829019797,0.003898062930673408,0.00006350410341163126,1.2504324249718781
trd_rate_5s,51 約定の符号,5s,427284,0.0003415774982770203,0.0014764271453246015,-0.006145303171290606,-0.001335196479146849,NaN,NaN,0.22327833125725172
trd_rate_5s,51 約定の符号,10s,142362,0.0031554965436284815,0.002169281592544986,-0.004524352175773409,-0.0027171262373237,0.0012023482658286909,0.004766550108736594,1.1905944689496413
trd_rate_5s,51 約定の符号,30s,142362,-0.0020506687226726785,-0.0035925435870592048,-0.006523471361971683,-0.004529996019041029,NaN,NaN,-0.7737317355197008
trd_rate_5s,51 約定の符号,60s,142362,-0.0018041192026494875,-0.0025994771505064955,-0.005191524643392461,-0.004414928700288505,NaN,NaN,-0.6807065436672671
trd_imb_5s,51 約定の符号,100ms,427284,0.005090678581079629,0.009662344516204424,0.012597329293272851,0.00012961152650816144,NaN,NaN,3.3276573727928302
trd_imb_5s,51 約定の符号,500ms,427284,0.010316887667440329,0.01904131852606248,0.030850578689307847,-0.0011005969138624151,NaN,NaN,6.744179406808817
trd_imb_5s,51 約定の符号,1s,427284,0.011136951932178075,0.019622051069951907,0.05839430382087968,-0.0006937638974881979,0.016929046314977207,0.0054956110407986545,7.280321846783829
trd_imb_5s,51 約定の符号,5s,427284,0.01634792594096219,0.020043098582812433,0.20904544469730965,0.0011267344178604052,NaN,NaN,10.687546120676508
trd_imb_5s,51 約定の符号,10s,142362,0.016467744072510313,0.018027461027182494,0.19525325901765664,0.0017702874085247155,0.01776615047059749,0.015022624730951527,6.21422528914531
trd_imb_5s,51 約定の符号,30s,142362,0.015317320892012147,0.017807589448950507,0.13228076515524062,0.0049720928105763985,NaN,NaN,5.779998870520928
trd_imb_5s,51 約定の符号,60s,142362,0.01462085271159539,0.0162805683248858,0.0998501196913411,0.0039474275683197575,NaN,NaN,5.517128714545452
vol_imb_5s,51 約定の符号,100ms,427284,0.0052793060233134,0.00905364226182308,0.01288349464530519,0.0003461128636967349,NaN,NaN,3.4509620896639244
vol_imb_5s,51 約定の符号,500ms,427284,0.011124043897410564,0.019466453300598104,0.030379264533765098,-0.0006047631881171753,NaN,NaN,7.271882707860633
vol_imb_5s,51 約定の符号,1s,427284,0.011203354020932506,0.020046133797586647,0.057318978346465724,-0.0004659052051777367,0.016639410512861833,0.005918441050591629,7.323734899631312
vol_imb_5s,51 約定の符号,5s,427284,0.017355698743629404,0.02046313887771658,0.20130980176020372,0.0009999381298749024,NaN,NaN,11.346575859698993
vol_imb_5s,51 約定の符号,10s,142362,0.018344260164876745,0.019746262978694248,0.18618376813799292,0.0012303859848349335,0.02118220381323704,0.015271860366233896,6.922568720266353
vol_imb_5s,51 約定の符号,30s,142362,0.015466223209911596,0.01762917317470047,0.1257895989940492,0.004810941336250805,NaN,NaN,5.836200615286268
vol_imb_5s,51 約定の符号,60s,142362,0.015415439249080948,0.0166593070489888,0.09619465994192325,0.0041824965445863,NaN,NaN,5.817032655274249
sgn_vol_5s,51 約定の符号,100ms,427284,0.0058566136381601975,0.008262947782019704,0.01221887041475764,0.0006669676927850232,NaN,NaN,3.8283472332485196
sgn_vol_5s,51 約定の符号,500ms,427284,0.012236595407201687,0.019280394872518137,0.03030439306572641,-0.00035883495596891133,NaN,NaN,7.99927111600937
sgn_vol_5s,51 約定の符号,1s,427284,0.011747482108252915,0.019849380077614838,0.05788811524465406,-0.00007427979341693874,0.017773533603234016,0.0060834918414268925,7.679484360166763
sgn_vol_5s,51 約定の符号,5s,427284,0.017536885616007237,0.020358102841948875,0.2012835541344187,0.0010078389755836833,NaN,NaN,11.465066034600829
sgn_vol_5s,51 約定の符号,10s,142362,0.01810539978788578,0.01910233668370358,0.18664337031447098,-0.00019904193585194667,0.020985060670254407,0.015096683403701901,6.832400288814368
sgn_vol_5s,51 約定の符号,30s,142362,0.015069868215235583,0.016770027050002887,0.1267390059427766,0.003992204385394579,NaN,NaN,5.686601091547461
sgn_vol_5s,51 約定の符号,60s,142362,0.015602893738113601,0.016626811886625906,0.0973009044565371,0.0039615842671680244,NaN,NaN,5.887785930669072
vol_5s,51 約定の符号,100ms,427284,0.002174637350923327,0.00043958321148919536,-0.0025322918556235792,0.0010587852613562945,NaN,NaN,1.4214944515502022
vol_5s,51 約定の符号,500ms,427284,0.002988981456580937,0.00024327847880618089,-0.0012241454360489958,0.0006235611273133837,NaN,NaN,1.953810591751445
vol_5s,51 約定の符号,1s,427284,0.002148326007794784,-0.0011739471806049837,0.0009832101909347602,-0.0015355555173282595,0.004074756207971825,0.0003592872163935373,1.4042954450441136
vol_5s,51 約定の符号,5s,427284,0.0012318710221021943,0.002396013322889303,-0.005438059083509318,-0.001043175052374274,NaN,NaN,0.8052354156117822
vol_5s,51 約定の符号,10s,142362,0.003154011848316681,0.0023051953097921736,-0.003932305288773397,-0.002943588530394832,0.00046118365598673617,0.005407679058258705,1.1900342757785858
vol_5s,51 約定の符号,30s,142362,-0.002706399306685942,-0.004235259966361056,-0.005057622062040333,-0.005699798099446366,NaN,NaN,-1.0211450905977908
vol_5s,51 約定の符号,60s,142362,-0.001293573333786642,-0.0020555468689967492,-0.003490016872714385,-0.0047701149881079225,NaN,NaN,-0.4880737012450217
vpin_5s,49 毒性の代理,100ms,178366,-0.0012852498946620994,0.0031050326618955225,0.0021012822949471994,0.0004920174823570876,NaN,NaN,-0.5428021226178525
vpin_5s,49 毒性の代理,500ms,178366,-0.0003686403701153054,0.003146518182100054,0.004258731301282784,0.0002645420830841447,NaN,NaN,-0.15568849648629648
vpin_5s,49 毒性の代理,1s,178366,0.002266045910939499,0.00628389955689741,0.003836729973842711,-0.0004366211184807086,0.001763299269293487,0.0027398951275513874,0.9570253050826383
vpin_5s,49 毒性の代理,5s,178366,0.002651773059496238,0.004795067031446756,0.02829544790387539,0.00011785848969062198,NaN,NaN,1.1199315583476321
vpin_5s,49 毒性の代理,10s,57059,-0.007386698086652559,-0.0049491110086268,0.020010836789138394,-0.0030562269738744373,-0.005456557913798924,-0.00922648956257754,-1.7644796901366258
vpin_5s,49 毒性の代理,30s,57059,-0.0017249555459722735,-0.0004325532487878712,0.013201305829624206,-0.00061751145205436,NaN,NaN,-0.41203396736562675
vpin_5s,49 毒性の代理,60s,57059,-0.003624582019023297,-0.0021232261147553807,0.01487945807757787,0.0005938287695523972,NaN,NaN,-0.8657953541028546
trd_sz_5s,51 約定の符号,100ms,178366,0.0008512564591960232,-0.0005051594024537743,-0.003723334805455638,0.0017804220017008318,NaN,NaN,0.35951265247555664
trd_sz_5s,51 約定の符号,500ms,178366,0.0007456288834498404,0.0006090333547760884,-0.0017336033242414286,-0.0035501795815390536,NaN,NaN,0.3149027442291821
trd_sz_5s,51 約定の符号,1s,178366,0.0010315694636730305,0.0004990551544309889,0.001487978424498449,-0.0057963120879304325,0.0045312182820387605,-0.0018010864199943476,0.4356646378950292
trd_sz_5s,51 約定の符号,5s,178366,0.0022140138855638266,0.0031773893963050227,-0.003961906544289306,-0.0024560040188575613,NaN,NaN,0.9350503699407628
trd_sz_5s,51 約定の符号,10s,57059,0.002126431853635453,0.0034669533387817024,0.0006017978560193337,-0.007235912549674385,-0.0026625570855555473,0.00688542078197684,0.5079335710497055
trd_sz_5s,51 約定の符号,30s,57059,-0.005061151325364353,-0.0058638068564259675,-0.000254454583608687,-0.007394053357037973,NaN,NaN,-1.2089528170658694
trd_sz_5s,51 約定の符号,60s,57059,0.001705483585150349,0.0014344009647468698,0.0004785646597820932,-0.000941237315288691,NaN,NaN,0.4073827560584834
trd_rate_10s,51 約定の符号,100ms,427284,0.0009120875060451275,0.0000161726935952707,-0.0019300647564933174,0.0005226153485912004,NaN,NaN,0.5962027655965318
trd_rate_10s,51 約定の符号,500ms,427284,0.0019032839217619452,0.0012256477127931872,-0.000241837632428134,0.0010553095591345847,NaN,NaN,1.2441182602029497
trd_rate_10s,51 約定の符号,1s,427284,0.0013514699996165763,-0.0014677804659660276,0.0019132319944197508,-0.0005143953755196468,0.0032920775739621226,-0.0004689579078074288,0.8834136491717122
trd_rate_10s,51 約定の符号,5s,427284,0.001371833099187977,0.002623360714975378,-0.006379161566765209,-0.0008562532272888815,NaN,NaN,0.8967243950327138
trd_rate_10s,51 約定の符号,10s,142362,0.0012069295203652383,0.0012924117575767188,-0.005023731466250396,-0.002123225501559241,0.002044370684557892,-0.000046983980638695166,0.45538237295762135
trd_rate_10s,51 約定の符号,30s,142362,-0.0022593458512540584,-0.0033861385475390748,-0.0061344766084389215,-0.005038376431125945,NaN,NaN,-0.8524674675340829
trd_rate_10s,51 約定の符号,60s,142362,-0.0019794617415007008,-0.002764410603842263,-0.007868249193662379,-0.005598660744139946,NaN,NaN,-0.7468647334167642
trd_imb_10s,51 約定の符号,100ms,427284,0.003755805869466099,0.005641751070817042,0.012489035717145441,0.00010266354434643497,NaN,NaN,2.455067845627566
trd_imb_10s,51 約定の符号,500ms,427284,0.007924430808254515,0.012887407807275222,0.024164067725700653,-0.0010534017456601112,NaN,NaN,5.180110370415135
trd_imb_10s,51 約定の符号,1s,427284,0.00741291566472658,0.013127499952067946,0.04250596821523871,0.0003962186853203269,0.011032355001165426,0.00383372725359434,4.8457197244895225
trd_imb_10s,51 約定の符号,5s,427284,0.01479258189299934,0.017144130857305172,0.1434638796531665,0.0016970030589762272,NaN,NaN,9.670497179596723
trd_imb_10s,51 約定の符号,10s,142362,0.013710068166425253,0.013970888069190213,0.23281314540142656,0.0014869786274248936,0.012390508173850385,0.015015758252939486,5.173380525448299
trd_imb_10s,51 約定の符号,30s,142362,0.014061031902742912,0.015705910177315992,0.1709753672576142,0.004359930917802807,NaN,NaN,5.305839642819473
trd_imb_10s,51 約定の符号,60s,142362,0.014420978148456672,0.01618823549333081,0.12760890212607526,0.004503671818651402,NaN,NaN,5.441690935329694
vol_imb_10s,51 約定の符号,100ms,427284,0.003521375773915474,0.005448812360410937,0.011010258897770481,0.0008869601018020364,NaN,NaN,2.30182532350056
vol_imb_10s,51 約定の符号,500ms,427284,0.007571413598709614,0.012057217732839668,0.02280526396042967,-0.0007730872296178101,NaN,NaN,4.949333494031534
vol_imb_10s,51 約定の符号,1s,427284,0.007308308557647254,0.012601621280807928,0.04128408384949639,0.00112035350824838,0.011635478263304846,0.0029468484879444875,4.777335836920543
vol_imb_10s,51 約定の符号,5s,427284,0.015502048464024072,0.017573780775174266,0.1372984935071012,0.0020672776402981177,NaN,NaN,10.134412535229291
vol_imb_10s,51 約定の符号,10s,142362,0.015906164268668574,0.015607351675722986,0.2211273156296429,0.0018978967597280347,0.015793642411244244,0.01600509520403903,6.0022544109389955
vol_imb_10s,51 約定の符号,30s,142362,0.015183909085229937,0.01620890955932276,0.16447789524868117,0.004904209488941355,NaN,NaN,5.729644196689389
vol_imb_10s,51 約定の符号,60s,142362,0.015954168786532018,0.01705706411903238,0.12548817705298998,0.0048835102768979245,NaN,NaN,6.02037371193277
sgn_vol_10s,51 約定の符号,100ms,427284,0.0027529072718004925,0.004649305599237815,0.00959784423505568,0.0008250030864318531,NaN,NaN,1.799494516255458
sgn_vol_10s,51 約定の符号,500ms,427284,0.008779010640355675,0.012669277534263692,0.02181657688985713,-0.0009227026636271001,NaN,NaN,5.738780457288896
sgn_vol_10s,51 約定の符号,1s,427284,0.007338639178102194,0.012104673249618234,0.04164517668649737,0.0011985958010183912,0.013484427317905136,0.0016396307963853606,4.797163591435978
sgn_vol_10s,51 約定の符号,5s,427284,0.01502236703050241,0.017173077779248973,0.13685894296383863,0.0016490990101667073,NaN,NaN,9.820750481507206
sgn_vol_10s,51 約定の符号,10s,142362,0.015395880628144828,0.014559094950858824,0.22172386354691134,0.0005017004361411116,0.014367673751170615,0.016460676712219346,5.809650437591419
sgn_vol_10s,51 約定の符号,30s,142362,0.014673145042312007,0.015060535061509313,0.16835081886320835,0.003869439631055556,NaN,NaN,5.536865288248394
sgn_vol_10s,51 約定の符号,60s,142362,0.015088205823760758,0.0157086434377915,0.1299945623397006,0.004722783901068086,NaN,NaN,5.693522346172213
vol_10s,51 約定の符号,100ms,427284,0.0011347169665397114,0.00025778401610123644,-0.0019246848854332457,0.00030052834743330423,NaN,NaN,0.7417287741306693
vol_10s,51 約定の符号,500ms,427284,0.0025201320276775317,0.0014868818759101318,-7.091364218096302e-6,0.00020978431812821336,NaN,NaN,1.6473351744531555
vol_10s,51 約定の符号,1s,427284,0.0017924224836298904,-0.0011340448096085884,0.0018810385812934429,-0.0013278793083100488,0.0031190834314766824,0.00047720165130337594,1.1716513020249768
vol_10s,51 約定の符号,5s,427284,0.0028905416497829453,0.0038739148064671266,-0.005993790947884069,-0.0006250309867694986,NaN,NaN,1.8894627949090268
vol_10s,51 約定の符号,10s,142362,0.0015537509878936384,0.001630950845209226,-0.0043708559576479365,-0.001793799936697298,0.001544601887828349,0.001312367699956976,0.5862406533612898
vol_10s,51 約定の符号,30s,142362,-0.0015452321460195794,-0.00284671771119684,-0.004468039505996374,-0.006028107159827444,NaN,NaN,-0.5830264295747597
vol_10s,51 約定の符号,60s,142362,-0.00111146204385402,-0.0020092644444168707,-0.006150111615042496,-0.006301562041907547,NaN,NaN,-0.41936182554974144
vpin_10s,49 毒性の代理,100ms,255097,-0.0004979470575486085,-0.001098387366905596,0.0012149409914795053,0.00039101648161919266,NaN,NaN,-0.2514978040559984
vpin_10s,49 毒性の代理,500ms,255097,-0.001482026824293783,-0.001520029694932999,0.003987495106466996,-0.0005033822541567471,NaN,NaN,-0.7485270759855641
vpin_10s,49 毒性の代理,1s,255097,0.002021211806032178,0.0034158545623425257,0.005599728732093555,-0.00014687279914769784,0.00041803268729212115,0.00336030163136882,1.0208541216698153
vpin_10s,49 毒性の代理,5s,255097,0.0010935269485041527,-0.00031843383571168217,0.02455701882718286,0.0008421455554154427,NaN,NaN,0.5523072230159611
vpin_10s,49 毒性の代理,10s,81294,-0.006440420736707567,-0.00632762803113006,0.027777330329337966,-0.0007750783392485836,-0.0024361678134127433,-0.010775134494115091,-1.83631487048897
vpin_10s,49 毒性の代理,30s,81294,0.0036097809539967943,0.0036006627457496766,0.0226971165568038,-0.00018449643513247766,NaN,NaN,1.0292184976586127
vpin_10s,49 毒性の代理,60s,81294,0.0012161446007740383,0.0018061353030332078,0.021015605975560465,0.0021521921483706108,NaN,NaN,0.3467443885030917
trd_sz_10s,51 約定の符号,100ms,255097,-0.00025553888698822005,-0.0004009379183794916,-0.0015489024168392916,-0.0004990945854290408,NaN,NaN,-0.12906485154380787
trd_sz_10s,51 約定の符号,500ms,255097,0.00034112440442040227,0.0015359702748644502,0.00024816488102516476,-0.0035769154709172375,NaN,NaN,0.17229147492005298
trd_sz_10s,51 約定の符号,1s,255097,0.0006924714775546353,-0.00015354813999042023,0.0008808542013633732,-0.003987480446452176,0.0024461319650777545,-0.00022292313871690077,0.34974616979950807
trd_sz_10s,51 約定の符号,5s,255097,0.00261402014540443,0.003347959695271043,-0.005438489667959201,-0.0009016716599573433,NaN,NaN,1.3202658414748323
trd_sz_10s,51 約定の符号,10s,81294,0.0033048644146807253,0.004620374743914199,-0.0018359181397437773,-0.001904654250381004,-0.00013946493907016934,0.00829008761350882,0.9422798904926476
trd_sz_10s,51 約定の符号,30s,81294,-0.0007499704949761964,-0.0016784244772730926,0.0007179511641116714,-0.004560237999227889,NaN,NaN,-0.21382978745824904
trd_sz_10s,51 約定の符号,60s,81294,0.0015610430072666907,0.0008922794524859172,0.002330603507301126,-0.0036619936441701275,NaN,NaN,0.4450812525673635
trd_rate_30s,51 約定の符号,100ms,427284,0.000861149147791085,-0.0008028120250657401,-0.001598498557868356,0.0010457443686783395,NaN,NaN,0.5629059458810487
trd_rate_30s,51 約定の符号,500ms,427284,0.0015660058537621518,0.00025782107866949506,-0.0007790989435953873,0.0010706078567947611,NaN,NaN,1.023649344222721
trd_rate_30s,51 約定の符号,1s,427284,0.0030682676112755995,0.0003253615708477552,0.0018368008123594275,0.0005024549807665915,0.005767999941320507,0.0006176408010993172,2.0056381358857784
trd_rate_30s,51 約定の符号,5s,427284,0.0021456784221184173,0.0032511585312202033,-0.003120169046778257,-0.0007706948334863039,NaN,NaN,1.4025647907485204
trd_rate_30s,51 約定の符号,10s,142362,0.003000247205743761,0.0027624412865426247,-0.0006129256597332534,-0.0033589798287146223,0.005177928882595858,0.0004716265916259826,1.1320170921955501
trd_rate_30s,51 約定の符号,30s,142362,-0.0039899200141535075,-0.005324823954854914,-0.00473622405627393,-0.00526266987308678,NaN,NaN,-1.5054337079824014
trd_rate_30s,51 約定の符号,60s,142362,-0.0009172793910142517,-0.00227633512970864,-0.008963425924283027,-0.00477054643074322,NaN,NaN,-0.3460953851837318
trd_imb_30s,51 約定の符号,100ms,427284,0.0014186004980561385,0.008850720607544913,0.0076756723202909835,-0.0004610654722104919,NaN,NaN,0.9272948416032524
trd_imb_30s,51 約定の符号,500ms,427284,0.006047676070732215,0.01272896324229032,0.01529004515800445,-0.0007375686387413441,NaN,NaN,3.953245290576743
trd_imb_30s,51 約定の符号,1s,427284,0.005609634546168303,0.011069055954770306,0.02460734922615105,0.00169862442543717,0.007611019118436425,0.003534632048481745,3.6668969154429094
trd_imb_30s,51 約定の符号,5s,427284,0.01486488067649468,0.01672689584034338,0.07691941129112395,0.005205635332035916,NaN,NaN,9.717772181082289
trd_imb_30s,51 約定の符号,10s,142362,0.017842564840581002,0.019337119108675062,0.11679253941934221,0.0027180492729912777,0.019938456435187855,0.015902793186655904,6.733182945360058
trd_imb_30s,51 約定の符号,30s,142362,0.019333307367799646,0.021526790324282105,0.2482907537287791,0.003769686003080632,NaN,NaN,7.295941196033377
trd_imb_30s,51 約定の符号,60s,142362,0.016107726081371246,0.018745394281454324,0.19896319168346374,0.0027259988798474053,NaN,NaN,6.0783341794661485
vol_imb_30s,51 約定の符号,100ms,427284,0.0008001218444434777,0.0085986114480759,0.006478429952535658,-0.0013602279712899225,NaN,NaN,0.523014302447764
vol_imb_30s,51 約定の符号,500ms,427284,0.005410533551553086,0.012147064247910924,0.014498434507874757,-0.0007081570557451505,NaN,NaN,3.5367450163759355
vol_imb_30s,51 約定の符号,1s,427284,0.005374455683116251,0.01033081039037306,0.023705116129538833,0.0021226540636472306,0.008078566818896385,0.0026840591127435622,3.5131610355535
vol_imb_30s,51 約定の符号,5s,427284,0.014751559550661408,0.016104369792889116,0.07203398124364505,0.005513491769242361,NaN,NaN,9.643673403036155
vol_imb_30s,51 約定の符号,10s,142362,0.018178196233339744,0.01841709932330474,0.1085996295280427,0.0025291445623845435,0.02102170606625041,0.015543777072944435,6.8598804075414455
vol_imb_30s,51 約定の符号,30s,142362,0.019634753859741925,0.020986762842714474,0.22989153189918798,0.003568600487819598,NaN,NaN,7.409743637911661
vol_imb_30s,51 約定の符号,60s,142362,0.01617465408289406,0.018043845367257477,0.18843527093665077,0.002233198656539648,NaN,NaN,6.103596404208928
sgn_vol_30s,51 約定の符号,100ms,427284,-0.0007716784643987208,0.007324472730014679,0.006129129560712037,-0.0018803375847071013,NaN,NaN,-0.5044217547019535
sgn_vol_30s,51 約定の符号,500ms,427284,0.0066547656923151175,0.011753479298178769,0.013317625006894653,-0.0014743926815724263,NaN,NaN,4.350104447837176
sgn_vol_30s,51 約定の符号,1s,427284,0.006081278347874259,0.009028995103189393,0.02209167177285207,0.003241911385240002,0.01120363147398495,0.0015159754832781299,3.975211239402118
sgn_vol_30s,51 約定の符号,5s,427284,0.012411707169136295,0.012785472401030031,0.0702954026627652,0.004029238350577782,NaN,NaN,8.113762174345277
sgn_vol_30s,51 約定の符号,10s,142362,0.014529748296062581,0.014533331152359353,0.10951166218853278,0.0030297071200014345,0.016385090549922817,0.01298082920714678,5.48274349330498
sgn_vol_30s,51 約定の符号,30s,142362,0.017121042088491734,0.017494984566632565,0.23879625330875637,0.0017151048559462306,NaN,NaN,6.460823044010072
sgn_vol_30s,51 約定の符号,60s,142362,0.012970702486124934,0.013908932785774696,0.2054101499253345,0.0024835080616611304,NaN,NaN,4.894338733751494
vol_30s,51 約定の符号,100ms,427284,0.0004304521062815366,0.00006461551896514477,-0.0022702313666663992,0.0010411247091172142,NaN,NaN,0.2813728414745408
vol_30s,51 約定の符号,500ms,427284,0.0019927170744678565,0.0009026209025032002,-0.0006350000817932124,0.000048237166050021964,NaN,NaN,1.3025781930537772
vol_30s,51 約定の符号,1s,427284,0.0026424458341026266,0.0005773577637142459,0.000808724214491613,-0.00032316856311816915,0.00503589901327434,0.0004195935951302153,1.7272886085592662
vol_30s,51 約定の符号,5s,427284,0.002525802503940081,0.0038462576696212947,-0.002753167227036902,-0.0014715686666609423,NaN,NaN,1.65104181935421
vol_30s,51 約定の符号,10s,142362,0.0027642919048378573,0.0027681548627561618,0.0003847706725225193,-0.0030688184659429544,0.00457771697315056,0.0012387003437695757,1.0429885743886593
vol_30s,51 約定の符号,30s,142362,-0.003652742933207913,-0.0051335566722880525,-0.0014150390595730647,-0.005069345784748727,NaN,NaN,-1.378211902348269
vol_30s,51 約定の符号,60s,142362,-0.00025596196474699336,-0.001448004399163205,-0.005302254378269392,-0.006580442093808935,NaN,NaN,-0.09657605009175563
vpin_30s,49 毒性の代理,100ms,362335,-0.0013500194037618348,0.0027345690698129203,-0.0008295844611511463,0.0006700834957418006,NaN,NaN,-0.8126328069195035
vpin_30s,49 毒性の代理,500ms,362335,-0.0024925114269932483,0.0008441679795501016,0.0035733175605846025,-0.0020994991319140312,NaN,NaN,-1.500349548755875
vpin_30s,49 毒性の代理,1s,362335,-0.0018401883405422044,0.001085530713800588,0.003622728462454107,-0.0003944577101824716,-0.0036121950491106495,-0.000030964683305228335,-1.1076867350786608
vpin_30s,49 毒性の代理,5s,362335,-0.00034980211266295624,0.00006276657139217957,0.015131807188057605,0.0015269534856950043,NaN,NaN,-0.21056025582946794
vpin_30s,49 毒性の代理,10s,119554,-0.001998999919764941,-0.0018762973452992745,0.013613277573866338,0.0006685430924552423,-0.001338789359020227,-0.00231160029995855,-0.6911814394344399
vpin_30s,49 毒性の代理,30s,119554,0.0028911090912102193,0.004610043138185639,0.03068947918095939,0.004673191874925544,NaN,NaN,0.9996425123682471
vpin_30s,49 毒性の代理,60s,119554,0.00042531582987247993,0.002114211567600239,0.030621930084176983,0.004250376031666595,NaN,NaN,0.14705845849916152
trd_sz_30s,51 約定の符号,100ms,362335,-0.0006846468640868202,0.0001947228249764983,-0.0017961648207910337,0.001118946624772892,NaN,NaN,-0.4121171330969947
trd_sz_30s,51 約定の符号,500ms,362335,0.0016554088270105652,0.0011157994157720995,-0.000435635603685378,-0.0012487340361344568,NaN,NaN,0.9964598547945694
trd_sz_30s,51 約定の符号,1s,362335,0.0009416467517989379,0.00018527314208464316,-0.0011096577071684787,-0.0012529274160351018,0.0035067989018331283,-0.0010786636048744317,0.5668160641577247
trd_sz_30s,51 約定の符号,5s,362335,0.001150173762862804,0.0024678497222988876,-0.0020293461419432393,-0.0021115668269506985,NaN,NaN,0.6923372340061488
trd_sz_30s,51 約定の符号,10s,119554,0.0042811056655938425,0.004582230600304134,0.0004104047223871902,-0.0013609476126102416,0.005405730445901604,0.0047677283764071396,1.4802611803605796
trd_sz_30s,51 約定の符号,30s,119554,-0.001544535412003694,-0.0030481311008073142,0.0016217324079705335,-0.002220150888066191,NaN,NaN,-0.5340437181452072
trd_sz_30s,51 約定の符号,60s,119554,0.001837174180764686,0.0012394022350385044,0.00018748856918923563,-0.006552116727088263,NaN,NaN,0.6352277896807363
trd_rate_60s,51 約定の符号,100ms,427284,0.0009609519377839591,0.00035455205104367894,-0.0015127994899216742,0.00009415960150502395,NaN,NaN,0.6281439284425133
trd_rate_60s,51 約定の符号,500ms,427284,0.0007236350020553276,0.0008427211616154828,0.0003886850579585576,0.0010015697414733444,NaN,NaN,0.47301724906043946
trd_rate_60s,51 約定の符号,1s,427284,0.0022519784093383197,0.0016113329763482963,0.0027953044623871067,0.0012986595676423096,0.003659640390078231,0.0008219508049382799,1.4720502066721888
trd_rate_60s,51 約定の符号,5s,427284,0.0028304722902390764,0.00425913816684709,-0.0018798602772011925,-0.00011412835640701415,NaN,NaN,1.8501968881399466
trd_rate_60s,51 約定の符号,10s,142362,0.004403817530892247,0.004177662746137577,0.0018593524810374062,-0.0033090075594538176,0.00770077427462437,0.0009471566590039688,1.6616039538897738
trd_rate_60s,51 約定の符号,30s,142362,-0.0037675847998828666,-0.004860492254009694,-0.0004389968933023623,-0.005811033499818689,NaN,NaN,-1.4215433502242498
trd_rate_60s,51 約定の符号,60s,142362,-0.00046196585075407217,-0.001133199575457655,-0.009976895172838018,-0.006653508354217813,NaN,NaN,-0.17430261752515563
trd_imb_60s,51 約定の符号,100ms,427284,0.0012017797354838791,0.006472446426869049,0.005334727559624744,-0.00018256746774948207,NaN,NaN,0.7855656574265337
trd_imb_60s,51 約定の符号,500ms,427284,0.005320528350437102,0.0085345105147501,0.011170467049753873,0.0008809871623160428,NaN,NaN,3.4779089457548142
trd_imb_60s,51 約定の符号,1s,427284,0.007247966931249139,0.010671819285745511,0.017449739916568948,0.002260999752877808,0.00937333360469474,0.005228765557382844,4.737889305670816
trd_imb_60s,51 約定の符号,5s,427284,0.014612623516285473,0.016465812246202877,0.05345877220408001,0.005268135047731407,NaN,NaN,9.552825974062054
trd_imb_60s,51 約定の符号,10s,142362,0.019272233514596632,0.020917466917520878,0.07751765037279626,0.005703591427391392,0.02005623107406559,0.018636425281549872,7.272884765073271
trd_imb_60s,51 約定の符号,30s,142362,0.0189873408919036,0.021200392479435344,0.16124093410930762,0.00437083421224017,NaN,NaN,7.165333967513904
trd_imb_60s,51 約定の符号,60s,142362,0.01630567375707539,0.01862014566487748,0.2598752899239348,0.006835056029414742,NaN,NaN,6.1530505086299065
vol_imb_60s,51 約定の符号,100ms,427284,0.0006901691924500561,0.006070636912181669,0.004521512239457654,-0.0014198275141303282,NaN,NaN,0.4511417000955126
vol_imb_60s,51 約定の符号,500ms,427284,0.004693358298081982,0.00814502620328328,0.008968951660091965,0.001337299655845051,NaN,NaN,3.067932445127933
vol_imb_60s,51 約定の符号,1s,427284,0.007110625866202333,0.009481773867509102,0.01683765062396031,0.0036087699562066256,0.01051300745928991,0.003921855918477044,4.648106889539227
vol_imb_60s,51 約定の符号,5s,427284,0.014112625557116945,0.015317395111235517,0.0490743574672499,0.004734187022873506,NaN,NaN,9.225892084998696
vol_imb_60s,51 約定の符号,10s,142362,0.018954671150826722,0.018691245463997752,0.07153053067860485,0.005350214885835386,0.020482342548857526,0.01778542069641578,7.153000812853104
vol_imb_60s,51 約定の符号,30s,142362,0.01920285156241435,0.020242346802694395,0.1488299253174603,0.003409253099533595,NaN,NaN,7.246691982528507
vol_imb_60s,51 約定の符号,60s,142362,0.01711623162401874,0.018640471450415773,0.2406567431222789,0.006045412842028951,NaN,NaN,6.4590072276162696
sgn_vol_60s,51 約定の符号,100ms,427284,-0.001089988464528258,0.0047545385542032735,0.0037779976107904477,-0.0004110151777862991,NaN,NaN,-0.7124911244181803
sgn_vol_60s,51 約定の符号,500ms,427284,0.004543326852122925,0.007877332243569119,0.00748411693599394,0.001894877169249837,NaN,NaN,2.969858535181493
sgn_vol_60s,51 約定の符号,1s,427284,0.005558591462386409,0.008051231787465982,0.016068476063886044,0.004848905954963373,0.009094359450770159,0.0023066842327952564,3.6335301185819406
sgn_vol_60s,51 約定の符号,5s,427284,0.010258741649892008,0.011269390595466264,0.045482702235341614,0.004703428784726209,NaN,NaN,6.706165174380064
sgn_vol_60s,51 約定の符号,10s,142362,0.015083440622193441,0.015373847416806847,0.0656849065997548,0.005313092677834419,0.012870619137342285,0.017321613932956705,5.691723791934973
sgn_vol_60s,51 約定の符号,30s,142362,0.017277349777439985,0.01721853367313998,0.14930531632538757,0.004054557633194221,NaN,NaN,6.519825089214484
sgn_vol_60s,51 約定の符号,60s,142362,0.011343268470254,0.012301653916060425,0.25093691310012767,0.006574307229488442,NaN,NaN,4.280161367200709
vol_60s,51 約定の符号,100ms,427284,0.0010711224209624531,0.0010418551220135635,-0.0018969434942164311,0.000312653586689094,NaN,NaN,0.7001589717498524
vol_60s,51 約定の符号,500ms,427284,0.0012381636131703925,0.0015441999695391553,0.00033227058506248654,-0.00006407726103066363,NaN,NaN,0.8093486911425983
vol_60s,51 約定の符号,1s,427284,0.001869549355609509,0.0015049471053872794,0.002119072439378458,9.643186262569646e-6,0.003408638037490061,0.0003656586748861312,1.2220669323438598
vol_60s,51 約定の符号,5s,427284,0.0023402441023164604,0.003996730492458752,-0.001424296468451617,-0.0006657874104775776,NaN,NaN,1.5297471318458455
vol_60s,51 約定の符号,10s,142362,0.0044634257138192425,0.004565090131026348,0.0021809656669518995,-0.0035823022143537642,0.008193242155703374,0.0011048476691269092,1.6840951565335984
vol_60s,51 約定の符号,30s,142362,-0.002622909439053198,-0.0038402119793099435,0.0012953176902942996,-0.006300746010141196,NaN,NaN,-0.9896435068872879
vol_60s,51 約定の符号,60s,142362,-0.000642903810052912,-0.001146102927758805,-0.0072585746895955094,-0.008763043467863938,NaN,NaN,-0.24257167045422273
vpin_60s,49 毒性の代理,100ms,391802,0.00092098858478311,0.0010347865632608845,-0.0004458214069521511,0.0006956197228351565,NaN,NaN,0.5764831892003685
vpin_60s,49 毒性の代理,500ms,391802,-0.0010477243196893359,0.0009359317924418453,-0.0005250472452320739,-0.0007593789390586633,NaN,NaN,-0.6558121811139935
vpin_60s,49 毒性の代理,1s,391802,0.00006078764451606185,0.0014142511068783701,0.00027207891789756913,0.0005701198426345609,-0.0014254413548180573,0.0014929537211068,0.03804937537361743
vpin_60s,49 毒性の代理,5s,391802,-0.0017706423358114245,-0.001317689185048399,0.00755573581249937,0.00042869827167798976,NaN,NaN,-1.108316351308893
vpin_60s,49 毒性の代理,10s,130558,-0.0017247815763780385,-0.000927633524894304,0.0057039610637780154,-0.0005992252046400619,-0.004458839213437718,0.0010804600685783176,-0.6232082133282947
vpin_60s,49 毒性の代理,30s,130558,0.004954424880341555,0.0063522166061134415,0.013609882288299508,0.0027283444308531164,NaN,NaN,1.7901812166227549
vpin_60s,49 毒性の代理,60s,130558,0.0016174515689747389,0.002783172202838234,0.02481641739840581,0.002646476464473186,NaN,NaN,0.584426999599916
trd_sz_60s,51 約定の符号,100ms,391802,0.000673423634386838,0.0008115443358649278,-0.0015762879563064778,0.0003766116374902648,NaN,NaN,0.42152240997309326
trd_sz_60s,51 約定の符号,500ms,391802,0.001183391815433162,0.0017234822623758232,0.0006248511579398175,-0.0016222939496211084,NaN,NaN,0.7407319563586799
trd_sz_60s,51 約定の符号,1s,391802,0.0007134219850737543,0.0007433698508075533,0.0009468352336532444,-0.0014688957416395727,0.0021292794513643985,-0.0003445806150511508,0.4465589674331636
trd_sz_60s,51 約定の符号,5s,391802,0.0003674434760234801,0.0018155037958169239,-0.0008703969936574561,-0.0008995597441797799,NaN,NaN,0.22999732556011798
trd_sz_60s,51 約定の符号,10s,130558,0.0047574995380150345,0.004903770607037288,0.0019233334689064718,-0.001591473951136669,0.007197901671332573,0.0034362524957258613,1.7190245835337579
trd_sz_60s,51 約定の符号,30s,130558,0.00011761533652358397,-0.0012306664337038652,0.002776818613349317,-0.004864965294199336,NaN,NaN,0.04249740153670694
trd_sz_60s,51 約定の符号,60s,130558,-0.0002354695488680651,-0.0004862600160983396,-0.0023501916151938036,-0.009587277551755822,NaN,NaN,-0.08508111673099673
cvd_60s,51 約定の符号,100ms,427284,-0.001089988464528258,0.0047545385542032735,0.0037779976107904477,-0.0004110151777862991,NaN,NaN,-0.7124911244181803
cvd_60s,51 約定の符号,500ms,427284,0.004543326852122925,0.007877332243569119,0.00748411693599394,0.001894877169249837,NaN,NaN,2.969858535181493
cvd_60s,51 約定の符号,1s,427284,0.005558591462386409,0.008051231787465982,0.016068476063886044,0.004848905954963373,0.009094359450770159,0.0023066842327952564,3.6335301185819406
cvd_60s,51 約定の符号,5s,427284,0.010258741649892008,0.011269390595466264,0.045482702235341614,0.004703428784726209,NaN,NaN,6.706165174380064
cvd_60s,51 約定の符号,10s,142362,0.015083440622193441,0.015373847416806847,0.0656849065997548,0.005313092677834419,0.012870619137342285,0.017321613932956705,5.691723791934973
cvd_60s,51 約定の符号,30s,142362,0.017277349777439985,0.01721853367313998,0.14930531632538757,0.004054557633194221,NaN,NaN,6.519825089214484
cvd_60s,51 約定の符号,60s,142362,0.011343268470254,0.012301653916060425,0.25093691310012767,0.006574307229488442,NaN,NaN,4.280161367200709
vol_over_depth_1s,52 板と約定,100ms,427284,0.0033335424203223578,0.0019487239617446408,-0.0013553585494405552,-0.0017704702850834583,NaN,NaN,2.1790424858616837
vol_over_depth_1s,52 板と約定,500ms,427284,0.0036142976319018597,0.0019767524539222613,0.0007620646248732657,0.0002792934719588048,NaN,NaN,2.362566538794225
vol_over_depth_1s,52 板と約定,1s,427284,0.003053884083660795,0.0009063848306590305,0.001674600375636036,-0.0013373994262752286,0.008021732644642716,-0.0016143451665629135,1.996235950402748
vol_over_depth_1s,52 板と約定,5s,427284,-0.0005920425793491113,0.0002872774871133343,-0.0020032237473052842,-0.0009664852569811829,NaN,NaN,-0.38699942259880027
vol_over_depth_1s,52 板と約定,10s,142362,0.002650706285027415,0.0026943414011908156,-0.0067178751119068994,-0.0013650972396996564,0.008151705015172152,-0.0027196573140615167,1.0001315397539021
vol_over_depth_1s,52 板と約定,30s,142362,0.0008357261035911836,-0.0006962637068083096,-0.00687103018953934,-0.004477267034059167,NaN,NaN,0.3153247853254689
vol_over_depth_1s,52 板と約定,60s,142362,0.0016176551256492976,0.000968109167352539,-0.0022875506899902084,-0.002060101083989016,NaN,NaN,0.6103521743579969
vol_over_depth_10s,52 板と約定,100ms,427284,0.000226153535908149,0.0005377360317217767,-0.0009492206087266846,0.00039957283296942694,NaN,NaN,0.14782935850791268
vol_over_depth_10s,52 板と約定,500ms,427284,0.0015252166011858086,0.001895622149061214,0.0013351273515776582,0.0006633304987204296,NaN,NaN,0.9969866149734543
vol_over_depth_10s,52 板と約定,1s,427284,0.001558002644197585,-0.0005373836180786263,0.002925890594100125,-0.0002509567871734129,0.002704326181602451,0.00032462289765047576,1.0184178821946015
vol_over_depth_10s,52 板と約定,5s,427284,0.002441652490548411,0.004004167453795355,-0.0043611543007555,0.00014080419616212606,NaN,NaN,1.5960351299730178
vol_over_depth_10s,52 板と約定,10s,142362,0.0012869317099829646,0.002079863913827559,-0.0035612267490324877,-0.0003419341945606996,0.0018567831149582609,0.00016078527721066565,0.4855677688714543
vol_over_depth_10s,52 板と約定,30s,142362,-0.000023091112061180213,-0.0004580679449032042,-0.003634857660367273,-0.004639793249697768,NaN,NaN,-0.008712420710011345
vol_over_depth_10s,52 板と約定,60s,142362,0.00008302962640900275,-0.0003300253569711223,-0.005877647656644518,-0.004788009499233395,NaN,NaN,0.031327596395284416
vol_over_depth_60s,52 板と約定,100ms,427284,-0.0010344001566411885,0.0017964456840146381,-0.00010100863905819603,0.00002849229132261335,NaN,NaN,-0.6761547586706749
vol_over_depth_60s,52 板と約定,500ms,427284,-0.0002504345154056226,0.003145246317650925,0.0034202427900547378,-0.0001949736919633916,NaN,NaN,-0.16370106187460434
vol_over_depth_60s,52 板と約定,1s,427284,0.002142330280431494,0.0038546790456063626,0.004124355199810009,0.0015286303247206022,0.0047095612200336295,-0.00038580894238945447,1.4003762022043817
vol_over_depth_60s,52 板と約定,5s,427284,0.0025241413362263694,0.005002684522020779,0.0024413087030617977,-0.000052310982004121464,NaN,NaN,1.64995595660756
vol_over_depth_60s,52 板と約定,10s,142362,0.0047780120839629224,0.0068335301225724565,0.004058732205640021,-0.0010467314916775162,0.00897208485843692,-0.00002944291482982345,1.8027943605077728
vol_over_depth_60s,52 板と約定,30s,142362,0.0013150028460833093,0.00205165773414504,0.0016362741382159906,-0.002449826126984003,NaN,NaN,0.49615921062307217
vol_over_depth_60s,52 板と約定,60s,142362,0.0030172904367097905,0.003549690181353984,-0.006653211771879823,-0.0037465885762525937,NaN,NaN,1.1384476969386264
obi1__d,61 加速と高次の動き,100ms,427284,-0.06467148724165364,0.07436068636556425,0.175189998446565,-0.000473517342509307,NaN,NaN,-42.36236997043546
obi1__d,61 加速と高次の動き,500ms,427284,-0.1265254953944745,0.0885502200579753,0.3316176450653416,-0.000343622702600129,NaN,NaN,-83.37574282172173
obi1__d,61 加速と高次の動き,1s,427284,-0.1080748664242563,0.07734905107031903,0.5005339012891196,0.00010021601087378743,-0.12018956298578179,-0.09781037855114805,-71.06131716962628
obi1__d,61 加速と高次の動き,5s,427284,-0.05512884441030582,0.04747180723831378,0.08533331774005257,-0.0007737848273755523,NaN,NaN,-36.09085281878082
obi1__d,61 加速と高次の動き,10s,142362,-0.0390849449881795,0.025869982805616268,0.05410768219211774,-0.0009812381308743805,-0.04364900747273862,-0.03537745344945553,-14.758270617653864
obi1__d,61 加速と高次の動き,30s,142362,-0.021799605927223988,0.016876540396499617,0.027296357413680777,-0.006204890615377135,NaN,NaN,-8.227082463158014
obi1__d,61 加速と高次の動き,60s,142362,-0.019202056108512583,0.009425775405169173,0.01676315704834003,-0.0074606560420268885,NaN,NaN,-7.246391686727711
obi1__dd,61 加速と高次の動き,100ms,427284,-0.034741315818216635,0.03669420914913575,0.10288310954990146,0.0006772887181953627,NaN,NaN,-22.72300731172126
obi1__dd,61 加速と高次の動き,500ms,427284,-0.0658507617364473,0.040022086119498805,0.20730240442857753,-0.0011052171570474572,NaN,NaN,-43.13817520739104
obi1__dd,61 加速と高次の動き,1s,427284,-0.053771361067373874,0.03233995546815396,0.3602164700715689,-0.00044113497073518677,-0.06071323255705092,-0.04757089728411209,-35.19954814858094
obi1__dd,61 加速と高次の動き,5s,427284,-0.02407440299825173,0.017330894121646834,0.0202697336520204,-0.0012086734510384485,NaN,NaN,-15.741231831663884
obi1__dd,61 加速と高次の動き,10s,142362,-0.018800837426118308,0.004903481938044399,0.01204480519487703,-0.00031131934435660097,-0.020776997461532016,-0.01720014028392358,-7.094927347508719
obi1__dd,61 加速と高次の動き,30s,142362,-0.011429751926170387,0.003133750514707521,0.0033404767406154836,-0.003827180964855995,NaN,NaN,-4.312798461970586
obi1__dd,61 加速と高次の動き,60s,142362,-0.011553679155415096,-0.0014947270621929216,-0.00015261771747659064,-0.003157338906204356,NaN,NaN,-4.359566243057449
obi1__z,60 衝撃(z 得点),100ms,426629,-0.0704551807921702,0.08070316331997628,0.14955704043892037,-0.00036969737241673265,NaN,NaN,-46.133636645246305
obi1__z,60 衝撃(z 得点),500ms,426629,-0.152744069512637,0.10243967643052487,0.2517109851957236,-0.0004379645414895225,NaN,NaN,-100.95196314639101
obi1__z,60 衝撃(z 得点),1s,426629,-0.14924236304147556,0.09889850606163468,0.2473552146808917,0.0015174530491532641,-0.15648124946314865,-0.14266438264861642,-98.58425165739723
obi1__z,60 衝撃(z 得点),5s,426629,-0.11184866396686906,0.0790413331776329,0.20251509225647996,-0.0019163325798581014,NaN,NaN,-73.51714674910983
obi1__z,60 衝撃(z 得点),10s,142141,-0.09297288565746506,0.06105937643256316,0.17243579108297263,-0.0026579595176891694,-0.10397658308917314,-0.08241261353730482,-35.20449423872563
obi1__z,60 衝撃(z 得点),30s,142141,-0.05829081707855506,0.04771675435631683,0.12019813040702403,-0.0035623646283635645,NaN,NaN,-22.013842466088857
obi1__z,60 衝撃(z 得点),60s,142141,-0.0429204899591448,0.039682950713547716,0.0897805238797321,-0.0034770259792890105,NaN,NaN,-16.196519177101987
obi1__dev,63 平均回帰,100ms,427284,-0.07245414065011034,0.08300896677581977,0.15446359332894324,-0.0003222560159725662,NaN,NaN,-47.48576599674492
obi1__dev,63 平均回帰,500ms,427284,-0.15667779176816743,0.10441064593567922,0.2592595121479423,-0.000348525107704541,NaN,NaN,-103.69594495760481
obi1__dev,63 平均回帰,1s,427284,-0.15275077874101126,0.10016670760344178,0.25380027756005175,0.0017354532064992705,-0.16037757607354342,-0.1458236461053797,-101.03397284389892
obi1__dev,63 平均回帰,5s,427284,-0.11317072570360638,0.07925614458617555,0.20604792213142475,-0.001918823902014879,NaN,NaN,-74.45442276700525
obi1__dev,63 平均回帰,10s,142362,-0.09312950283354789,0.06128886518911636,0.1746499103679516,-0.0032277360575415598,-0.10308276509739063,-0.08343225495378011,-35.291720377560345
obi1__dev,63 平均回帰,30s,142362,-0.05808084292301011,0.04783632134680224,0.12115567882375158,-0.0035894730710632145,NaN,NaN,-21.95132095473086
obi1__dev,63 平均回帰,60s,142362,-0.042502065755161966,0.03994865709150348,0.09018185105852626,-0.003793079796617806,NaN,NaN,-16.050798532734444
delta_bp__d,61 加速と高次の動き,100ms,427284,-0.08855039169518727,0.06626074931458048,0.17443824399081048,-0.001172267714315753,NaN,NaN,-58.11084424143279
delta_bp__d,61 加速と高次の動き,500ms,427284,-0.15341676335493867,0.07620461313697799,0.3379665212536978,-0.0020867610453944264,NaN,NaN,-101.48506944017348
delta_bp__d,61 加速と高次の動き,1s,427284,-0.13412708581193744,0.06319675320641105,0.5463047623597693,-0.0015656015211234803,-0.1488714050939753,-0.12125841177554846,-88.47403799088809
delta_bp__d,61 加速と高次の動き,5s,427284,-0.07096216759932579,0.040736071116892994,0.10443473152910276,-0.0016464985658853266,NaN,NaN,-46.50293963654364
delta_bp__d,61 加速と高次の動き,10s,142362,-0.04945744186839155,0.023540798497383,0.06883174378542369,-0.0010510184521700912,-0.0578517381011931,-0.04215161704480466,-18.68346574281121
delta_bp__d,61 加速と高次の動き,30s,142362,-0.02419440048771153,0.019360366661086106,0.033945300763691885,-0.0034166942569876842,NaN,NaN,-9.131371319524254
delta_bp__d,61 加速と高次の動き,60s,142362,-0.019543739234715914,0.012585751856299784,0.0225287656152371,-0.004890556999133573,NaN,NaN,-7.375383475688541
delta_bp__dd,61 加速と高次の動き,100ms,427284,-0.0531113587118793,0.03699165736519175,0.11095283927272373,-0.0007711294560897296,NaN,NaN,-34.76627081085768
delta_bp__dd,61 加速と高次の動き,500ms,427284,-0.08884883688297131,0.04004925717849569,0.2212269646198062,-0.0020813374320977638,NaN,NaN,-58.30825346929721
delta_bp__dd,61 加速と高次の動き,1s,427284,-0.07475813713962792,0.03004207367809526,0.39732394279659616,-0.0016459614535951192,-0.08515025127340747,-0.06544291561709101,-49.00413884018158
delta_bp__dd,61 加速と高次の動き,5s,427284,-0.03614540643310808,0.017055381721386067,0.03864859738959435,-0.0011915845477410724,NaN,NaN,-23.64254899225208
delta_bp__dd,61 加速と高次の動き,10s,142362,-0.025885801796062043,0.006861870438278536,0.028738020195550145,-0.00005621543210518478,-0.032227083175168855,-0.02025125453058682,-9.77014850154475
delta_bp__dd,61 加速と高次の動き,30s,142362,-0.01375013225671316,0.006332392750495579,0.011884258176467856,-0.0026473494843510647,NaN,NaN,-5.188501232316977
delta_bp__dd,61 加速と高次の動き,60s,142362,-0.013151163902318878,0.0010717690970733478,0.008579736203082429,-0.002321119551804956,NaN,NaN,-4.9624453792577485
delta_bp__z,60 衝撃(z 得点),100ms,426007,-0.09186785608280562,0.07520159287592572,0.14925138666968335,-0.000030169174734488948,NaN,NaN,-60.215925421118726
delta_bp__z,60 衝撃(z 得点),500ms,426007,-0.18163461312379392,0.09188008317683598,0.25216863152913926,-0.0012530161920441933,NaN,NaN,-120.5565283519832
delta_bp__z,60 衝撃(z 得点),1s,426007,-0.18029017569785707,0.0874440405314066,0.2513406758229892,0.0008008167930595517,-0.19277297026246182,-0.1687942009658127,-119.63408821016974
delta_bp__z,60 衝撃(z 得点),5s,426007,-0.13782160050488124,0.07032913798153667,0.21090540135672595,-0.0028383947658279043,NaN,NaN,-90.82156497228918
delta_bp__z,60 衝撃(z 得点),10s,141933,-0.11324263393933588,0.055227564552935225,0.18188923481652275,-0.00417256795550133,-0.12876446028330876,-0.09843646824128215,-42.93893573980946
delta_bp__z,60 衝撃(z 得点),30s,141933,-0.07040823446171048,0.04580469109011155,0.12876657613170073,-0.004089239531851559,NaN,NaN,-26.591401708703525
delta_bp__z,60 衝撃(z 得点),60s,141933,-0.05374330888637518,0.036616955396843884,0.09595711953081706,-0.0028986758763259,NaN,NaN,-20.276413363132395
delta_bp__dev,63 平均回帰,100ms,427284,-0.09515752970544016,0.07603092561131962,0.15495728834138736,-0.0005351506126256773,NaN,NaN,-62.484985444470865
delta_bp__dev,63 平均回帰,500ms,427284,-0.18797128729512724,0.09167240199001166,0.26095183806280736,-0.0008886979289676333,NaN,NaN,-125.10081804130905
delta_bp__dev,63 平均回帰,1s,427284,-0.18601311474122142,0.0867063890728076,0.25875236373394067,0.0010795240968793146,-0.19828097371366887,-0.1753827998538147,-123.75062878773664
delta_bp__dev,63 平均回帰,5s,427284,-0.14127704903036098,0.06966327233191505,0.215729846597196,-0.002514470238688951,NaN,NaN,-93.28393049713404
delta_bp__dev,63 平均回帰,10s,142362,-0.11617500014663527,0.054108835770063535,0.18591762381880395,-0.00536233653465481,-0.12988983536891796,-0.10302577758197018,-44.13238365010254
delta_bp__dev,63 平均回帰,30s,142362,-0.07219243729861598,0.0450724534992881,0.13228990996248982,-0.005064986188372364,NaN,NaN,-27.30991636236723
delta_bp__dev,63 平均回帰,60s,142362,-0.05514925125741539,0.036142309461925995,0.09967614760169294,-0.003790166037972202,NaN,NaN,-20.839872466330455
spread_bp__d,61 加速と高次の動き,100ms,427284,-0.002713050727597025,0.0022084971134347215,-0.014884437950118127,-0.0014493699970998927,NaN,NaN,-1.7734412723758624
spread_bp__d,61 加速と高次の動き,500ms,427284,0.00849657526504076,0.00133732405457492,-0.04388935603454033,0.0006106181613409743,NaN,NaN,5.5541407930736755
spread_bp__d,61 加速と高次の動き,1s,427284,0.0036297868575492285,-0.001282173118116112,-0.10786005047050255,-0.00007720495482651279,-0.004415736865697463,0.010637081470471571,2.37269155091942
spread_bp__d,61 加速と高次の動き,5s,427284,0.00035451118256557985,-0.0008093964525798358,-0.056864726254922546,0.004600767626330348,NaN,NaN,0.23173266977732043
spread_bp__d,61 加速と高次の動き,10s,142362,-0.004937978518048106,-0.005771926583884805,-0.03933747711934831,0.007014921252360295,-0.014650622819495088,0.003839713221157543,-1.8631528314262045
spread_bp__d,61 加速と高次の動き,30s,142362,-0.004313704996128402,-0.0045601219958869175,-0.022181441026865537,0.005393856654578573,NaN,NaN,-1.6276029630741087
spread_bp__d,61 加速と高次の動き,60s,142362,-0.004277714225909843,-0.004513370259295371,-0.009743871678140725,0.00453534975939937,NaN,NaN,-1.6140230449400106
spread_bp__dd,61 加速と高次の動き,100ms,427284,1.148193544906288e-7,0.0017120987255490577,-0.006978865791637337,-0.0029196719705277103,NaN,NaN,0.00007505375061424356
spread_bp__dd,61 加速と高次の動き,500ms,427284,0.007198428902361739,0.0021874053911632263,-0.01837504534328064,-0.0019276848878796334,NaN,NaN,4.705505341473383
spread_bp__dd,61 加速と高次の動き,1s,427284,0.0028383363556599038,-0.00005844941075048684,-0.045815809548032035,-0.002529735019418399,-0.002162089846568593,0.007366653090665811,1.855337438879859
spread_bp__dd,61 加速と高次の動き,5s,427284,0.0011009104093686448,-0.0005575672625898443,-0.0031632735905674,0.0012820106623441998,NaN,NaN,0.719630464326986
spread_bp__dd,61 加速と高次の動き,10s,142362,-0.0023433310984985922,-0.0046333182722615406,0.0030759999880463815,0.004217720539216896,-0.008445161081865129,0.00332611640000955,-0.8841558772951753
spread_bp__dd,61 加速と高次の動き,30s,142362,-0.00017856870757545522,-0.0003010610512462913,0.0020526561410878354,0.0015271905905325281,NaN,NaN,-0.06737508900860856
spread_bp__dd,61 加速と高次の動き,60s,142362,0.000993315268036619,0.0007225006609508144,0.005816359860258586,0.0028003396565312545,NaN,NaN,0.3747842354673964
spread_bp__z,60 衝撃(z 得点),100ms,426232,0.000558763132327098,0.0004457527579935758,0.001777638047560458,-0.0018242538569701245,NaN,NaN,0.36479579039741283
spread_bp__z,60 衝撃(z 得点),500ms,426232,0.001560127097103761,-0.001629922691390688,0.004008333289000021,-0.0005725977943009419,NaN,NaN,1.0185503809482757
spread_bp__z,60 衝撃(z 得点),1s,426232,0.002890936434989399,0.00047236195744220416,0.0009364778457201906,0.0002550069145318899,0.0027630312724499333,0.002830474059587745,1.887393106478663
spread_bp__z,60 衝撃(z 得点),5s,426232,0.004236401361976633,0.0028371400596473102,0.0013890000744876424,0.00004437328265856095,NaN,NaN,2.7658142076976886
spread_bp__z,60 衝撃(z 得点),10s,142009,0.002936265209566553,0.0017971150530161984,-0.00224336799597016,0.0028471480670106183,-0.0024282151994999904,0.008123431734310722,1.1065015533415001
spread_bp__z,60 衝撃(z 得点),30s,142009,0.0007648983990784892,-0.0005320978285211872,-0.0077318465128382655,0.0022299853798133673,NaN,NaN,0.28824299080199883
spread_bp__z,60 衝撃(z 得点),60s,142009,-0.001057255687084677,-0.002460445214760484,-0.00885382736227742,0.003008892447477132,NaN,NaN,-0.39841451208059203
spread_bp__dev,63 平均回帰,100ms,427284,0.000533042209859753,0.0002617607243058323,0.0022033750958357335,-0.001901544624870335,NaN,NaN,0.3484327441728806
spread_bp__dev,63 平均回帰,500ms,427284,0.0015964367208250393,-0.0015246195025094753,0.005088494517715581,-0.0009931471974868663,NaN,NaN,1.043541106231357
spread_bp__dev,63 平均回帰,1s,427284,0.002813520835144453,0.0001741325036306231,0.0016300510214158905,0.0003883703907555332,0.003085525198000966,0.002696997377141001,1.8391161301356684
spread_bp__dev,63 平均回帰,5s,427284,0.003985160482796774,0.0031770422217475593,0.002015376621716834,0.0004761682246037149,NaN,NaN,2.604993012524354
spread_bp__dev,63 平均回帰,10s,142362,0.0020050233412371343,0.0009968991305089373,-0.0015194731120253126,0.0037946877456776777,-0.002463746450863196,0.007037948558237259,0.756509341964631
spread_bp__dev,63 平均回帰,30s,142362,0.00010871411068030686,-0.0010860632915689304,-0.00770326843149461,0.0027464648560426505,NaN,NaN,0.041018512759224496
spread_bp__dev,63 平均回帰,60s,142362,-0.0017791905495224921,-0.0030714155593741647,-0.009239773933346893,0.0038990387877985977,NaN,NaN,-0.6713007619562121
ofi_1s__d,61 加速と高次の動き,100ms,427284,0.0042665755170434114,0.027150959732175975,0.11782582964138338,0.0030373588014517526,NaN,NaN,2.788949745495337
ofi_1s__d,61 加速と高次の動き,500ms,427284,-0.034874223438231405,0.028338596103605406,0.25960100245416473,0.002941489760979808,NaN,NaN,-22.81004291297244
ofi_1s__d,61 加速と高次の動き,1s,427284,-0.020883612849920036,0.03007583616863272,0.4691413670283458,0.0004728027398649952,-0.01589678159272677,-0.02522601019752866,-13.653929509688437
ofi_1s__d,61 加速と高次の動き,5s,427284,-0.004376544857472991,0.01871781069894733,0.02253912830827292,0.0004042902240605764,NaN,NaN,-2.860835210463529
ofi_1s__d,61 加速と高次の動き,10s,142362,-0.0027361056819485995,0.011043672634040666,0.01925725360473936,0.0022110964720800257,-0.002499507334759573,-0.003429727395293442,-1.032353615904977
ofi_1s__d,61 加速と高次の動き,30s,142362,-0.004051542994435937,0.004165949709427299,0.0072691850213793645,0.0009290779943737598,NaN,NaN,-1.528685006912349
ofi_1s__d,61 加速と高次の動き,60s,142362,-0.002401871379126518,0.0036108535090063508,0.008379226251144716,0.001567235313810573,NaN,NaN,-0.9062436770803385
ofi_1s__dd,61 加速と高次の動き,100ms,427284,0.0019208627979672287,0.018271292719836914,0.07875154405528804,0.0022829726015892227,NaN,NaN,1.2556090740308898
ofi_1s__dd,61 加速と高次の動き,500ms,427284,-0.02592954188368146,0.019139132920707888,0.17461850555777222,-0.00046538765551164285,NaN,NaN,-16.95501541091076
ofi_1s__dd,61 加速と高次の動き,1s,427284,-0.017760862347027628,0.021197116264791507,0.3135830882598289,-0.0002324841474201074,-0.011404026137651933,-0.02279591486753643,-11.611540913576334
ofi_1s__dd,61 加速と高次の動き,5s,427284,-0.003215493558846779,0.015573342831030797,0.07447290517721972,-0.0007732150511986923,NaN,NaN,-2.1018764682691553
ofi_1s__dd,61 加速と高次の動き,10s,142362,0.001587200829541275,0.013178706069566552,0.05327531455609005,-0.001351706846892478,0.0035692257301614123,-0.00037933983934931734,0.5988615340915211
ofi_1s__dd,61 加速と高次の動き,30s,142362,-0.0004027066465145893,0.006754091152583651,0.02661132324324964,-0.0018073837433499093,NaN,NaN,-0.1519437436108327
ofi_1s__dd,61 加速と高次の動き,60s,142362,0.0004500224789131576,0.00541314134869366,0.02114087130258674,0.0015361661538523448,NaN,NaN,0.1697963073774621
ofi_1s__z,60 衝撃(z 得点),100ms,425772,0.0060236214900783475,0.043262361235971894,0.15845166931491725,0.000939567141997477,NaN,NaN,3.9305477977160943
ofi_1s__z,60 衝撃(z 得点),500ms,425772,-0.044647987820355825,0.05283480976800519,0.34253015429034295,0.003981730561680264,NaN,NaN,-29.162363730401765
ofi_1s__z,60 衝撃(z 得点),1s,425772,-0.025972803915407197,0.05572020318728722,0.5987034881306058,0.001685406245339741,-0.015307557289628352,-0.03574932124836301,-16.953247393366247
ofi_1s__z,60 衝撃(z 得点),5s,425772,-0.005089843523077781,0.03800100662236372,0.24458136989879867,0.001757583544390147,NaN,NaN,-3.321219547872278
ofi_1s__z,60 衝撃(z 得点),10s,141856,-0.0026219509018552134,0.022956595062461976,0.1581546075855729,-0.0005552379291189361,0.000572854715990161,-0.005899420530039632,-0.9875221395842151
ofi_1s__z,60 衝撃(z 得点),30s,141856,-0.0029613040496090444,0.011073425128806205,0.0556729243812433,-0.0012606321762867207,NaN,NaN,-1.115335942927889
ofi_1s__z,60 衝撃(z 得点),60s,141856,0.0007577857955363035,0.011112635606330738,-0.008395629053895673,0.00031791183693869244,NaN,NaN,0.28540881228355713
ofi_1s__dev,63 平均回帰,100ms,427284,0.0062188627655705335,0.043574137892675384,0.15576613543072432,0.00033503675710447675,NaN,NaN,4.065150888785577
ofi_1s__dev,63 平均回帰,500ms,427284,-0.04549400534196789,0.05085133795300545,0.33518128998701274,0.0037806449037036767,NaN,NaN,-29.76880282615519
ofi_1s__dev,63 平均回帰,1s,427284,-0.027257999858975916,0.05396771159296361,0.5887125203387741,0.0022011877186177207,-0.014899374294648262,-0.037903257994311705,-17.824308239334698
ofi_1s__dev,63 平均回帰,5s,427284,-0.006539941233417009,0.03559627146817611,0.23560887654421944,0.0016255277591478885,NaN,NaN,-4.275042459946407
ofi_1s__dev,63 平均回帰,10s,142362,-0.0017371168979874222,0.02381892328888594,0.15229262210216377,-0.0012754973133852394,0.002153659392613048,-0.005761627605045848,-0.65542603701325
ofi_1s__dev,63 平均回帰,30s,142362,-0.0034991591862627526,0.010701258332132056,0.05464443268299796,-0.0004588301421763868,NaN,NaN,-1.3202626843081093
ofi_1s__dev,63 平均回帰,60s,142362,-0.00027220268323150293,0.010295251960546222,-0.0052499007911272,0.0001570490008158506,NaN,NaN,-0.10270377518631736
ofi_10s__d,61 加速と高次の動き,100ms,427284,0.0015926383237694628,0.03399452046364825,0.11576442611063399,-0.0005382466296682363,NaN,NaN,1.0410582057319415
ofi_10s__d,61 加速と高次の動き,500ms,427284,-0.03593503860129022,0.037072288173522566,0.24928161931612386,-0.0006218159112071694,NaN,NaN,-23.50476989390946
ofi_10s__d,61 加速と高次の動き,1s,427284,-0.02116926042944496,0.04101526200343275,0.4336360829975668,-0.0021717903028659956,-0.011662934465870725,-0.02916726222468263,-13.8407721195362
ofi_10s__d,61 加速と高次の動き,5s,427284,-0.00558822048896865,0.02735867613693312,0.18948930729647548,-0.0011548889184245482,NaN,NaN,-3.65289857088795
ofi_10s__d,61 加速と高次の動き,10s,142362,-0.003944500804206923,0.015617838078808566,0.14223245526595477,0.003906939714963353,-0.004269805393787438,-0.003926908399604685,-1.4882963519941377
ofi_10s__d,61 加速と高次の動き,30s,142362,0.0006599688409265408,0.011573155047217258,-0.006553787161995998,0.002950074689368938,NaN,NaN,0.24901041721590664
ofi_10s__d,61 加速と高次の動き,60s,142362,-0.00040941198008932685,0.007595715563119216,-0.003024012758964055,0.003866692389834137,NaN,NaN,-0.1544737084467736
ofi_10s__dd,61 加速と高次の動き,100ms,427284,0.00006208060245510596,0.018069613107732946,0.07685014740041893,0.00025859010613591814,NaN,NaN,0.04058011024619028
ofi_10s__dd,61 加速と高次の動き,500ms,427284,-0.027139210480722122,0.018951327701278546,0.16794961544196518,0.001090104250352194,NaN,NaN,-17.74657316817654
ofi_10s__dd,61 加速と高次の動き,1s,427284,-0.017730152510507465,0.01830292930699131,0.2990962275883639,-0.0017616041094384478,-0.014600656281798973,-0.020586216147470096,-11.591457386932833
ofi_10s__dd,61 加速と高次の動き,5s,427284,-0.005940381764539066,0.011813498784756567,0.015034878822109625,0.0020479612151559157,NaN,NaN,-3.8831066440529134
ofi_10s__dd,61 加速と高次の動き,10s,142362,-0.008617334240068032,0.002371568752245193,0.01897241030638997,0.005242589455921281,-0.01038318651459161,-0.007426957563321651,-3.251494723017907
ofi_10s__dd,61 加速と高次の動き,30s,142362,-0.004785742479219575,0.0009944950967615003,0.002026857759611582,0.0027185834622449477,NaN,NaN,-1.805711186933864
ofi_10s__dd,61 加速と高次の動き,60s,142362,-0.005827359121644314,-0.0020679771019590505,0.004716141605281562,0.002564938522948484,NaN,NaN,-2.1987363018110595
ofi_10s__z,60 衝撃(z 得点),100ms,425780,0.000736120993146605,0.01986901216908508,0.05507144788075917,-0.002345362213477521,NaN,NaN,0.4803313466942745
ofi_10s__z,60 衝撃(z 得点),500ms,425780,-0.01487904987483866,0.03233806156672699,0.10965720015277297,0.0004660007133725209,NaN,NaN,-9.70990290271361
ofi_10s__z,60 衝撃(z 得点),1s,425780,-0.009221514415224922,0.03510147940799794,0.1589834212188875,0.00035173392269141173,-0.004034669594322663,-0.013950931935843488,-6.017447702146351
ofi_10s__z,60 衝撃(z 得点),5s,425780,0.0012952321416524614,0.03180181624159177,0.4165421004788964,0.0023951587976679036,NaN,NaN,0.8451612682875836
ofi_10s__z,60 衝撃(z 得点),10s,141859,0.008325319158777681,0.029422075852572203,0.6331915823915316,0.002910131325522213,0.00984632763142503,0.006989039928601865,3.1357492591768095
ofi_10s__z,60 衝撃(z 得点),30s,141859,0.00876058194287062,0.021964787007949675,0.3191126406717944,0.0041830784180903096,NaN,NaN,3.299704187905545
ofi_10s__z,60 衝撃(z 得点),60s,141859,0.014231081005543255,0.025258673613296735,0.17587798068164792,0.0023328579275985403,NaN,NaN,5.360524165873804
ofi_10s__dev,63 平均回帰,100ms,427284,0.00008216978167230954,0.020560012368130598,0.053988360243998924,-0.002945103014787049,NaN,NaN,0.053711766189937706
ofi_10s__dev,63 平均回帰,500ms,427284,-0.01637128760611022,0.030350008462505254,0.10617703691347628,0.001081940051684819,NaN,NaN,-10.70282302879882
ofi_10s__dev,63 平均回帰,1s,427284,-0.009751178070639492,0.03239777138633501,0.15322935842317384,0.0014780606416584198,-0.003360441003190882,-0.01497173410175488,-6.37433721503633
ofi_10s__dev,63 平均回帰,5s,427284,-0.002032698051579134,0.02504316121501583,0.3981292371638308,0.003135070949474253,NaN,NaN,-1.3287126416689905
ofi_10s__dev,63 平均回帰,10s,142362,0.004591681456720804,0.022455675262035884,0.6083702025299987,0.004014065790336165,0.006698147323967496,0.0029366033223514384,1.7324883369506772
ofi_10s__dev,63 平均回帰,30s,142362,0.004956871397469164,0.01650158877704216,0.29766800461969484,0.004740385154411676,NaN,NaN,1.8702814944861015
ofi_10s__dev,63 平均回帰,60s,142362,0.011841927505408597,0.021335045459282533,0.16085295242830663,0.002622758881919132,NaN,NaN,4.468346473028515
rv_10s__d,61 加速と高次の動き,100ms,427284,0.0008609874329722528,0.0005982569901492986,-0.0007338317510998513,0.00017526011451773462,NaN,NaN,0.5628002379432562
rv_10s__d,61 加速と高次の動き,500ms,427284,0.0010856149050553594,-0.003168782236518306,-0.0017315331831227263,-0.002713696466418289,NaN,NaN,0.709632262982576
rv_10s__d,61 加速と高次の動き,1s,427284,0.00028095509526566796,-0.0018983119088804067,-0.002548712408911422,-0.0029918979808414314,0.0020964763050693425,-0.0012505712543749218,0.18365139378866793
rv_10s__d,61 加速と高次の動き,5s,427284,0.0010594151331248028,-0.00021808908289169763,-0.008087552005632971,0.0007001937216084147,NaN,NaN,0.6925062779916419
rv_10s__d,61 加速と高次の動き,10s,142362,-0.0021757709979767724,-0.003926182783311724,-0.014332074222327561,0.003539378232213852,0.0013845699637337007,-0.0053428124945926695,-0.8209339211165964
rv_10s__d,61 加速と高次の動き,30s,142362,0.0008031419711741926,0.000800399011067971,-0.007529911495615425,-0.0022116444928749826,NaN,NaN,0.3030305764008143
rv_10s__d,61 加速と高次の動き,60s,142362,0.0019237053987774073,0.0020093561984775876,-0.0048235164151789,0.000416712489643997,NaN,NaN,0.7258273971000715
rv_10s__dd,61 加速と高次の動き,100ms,427284,0.0012060850550982718,0.002280113441876371,-0.00020402937656105346,-0.0007029607191250192,NaN,NaN,0.7883799136870075
rv_10s__dd,61 加速と高次の動き,500ms,427284,0.0031951131174522414,0.000545212958267134,-0.0021098546019333504,-0.0012609890918291464,NaN,NaN,2.0885542183223778
rv_10s__dd,61 加速と高次の動き,1s,427284,0.0031618080572479064,0.00012193262037453391,-0.0018575570268870873,-0.0007579067694813973,0.005665166871094881,0.001086302691206651,2.0667834326001344
rv_10s__dd,61 加速と高次の動き,5s,427284,0.002710100069388401,0.0009716960363019547,0.0008177646153155358,0.003018692183871816,NaN,NaN,1.7715124999246104
rv_10s__dd,61 加速と高次の動き,10s,142362,0.0015508203597954975,-0.000016874799307209052,0.001229090040110801,0.004119245394575167,0.0034934199436108385,-0.00035063694370075213,0.5851349050912598
rv_10s__dd,61 加速と高次の動き,30s,142362,0.0025776427155603274,0.002841290586211481,0.0011096653991413499,0.004806170856166872,NaN,NaN,0.9725639163457548
rv_10s__dd,61 加速と高次の動き,60s,142362,0.0024361038100671564,0.002508493622709955,0.000616558304115024,0.005752942473103775,NaN,NaN,0.9191599003123019
rv_10s__z,60 衝撃(z 得点),100ms,425419,0.0015881525674848605,0.0018242539062499371,0.000025094816186578562,0.0011889464477900077,NaN,NaN,1.0358579155250667
rv_10s__z,60 衝撃(z 得点),500ms,425419,-0.0006421085542764613,-0.0003392591372571905,0.0021714512030758977,-0.00024355411387631562,NaN,NaN,-0.4188089611161594
rv_10s__z,60 衝撃(z 得点),1s,425419,0.0016158434881414284,-0.0004484601772460805,0.000399786283283733,-0.0006349913419499412,0.002846215560649707,0.0006180549874596731,1.0539191107705024
rv_10s__z,60 衝撃(z 得点),5s,425419,-0.00024680114650553394,0.0021008049983673293,0.00003550769158320712,-0.004232184816397971,NaN,NaN,-0.16097358136945208
rv_10s__z,60 衝撃(z 得点),10s,141735,0.006163335633410145,0.0063639609243487435,-0.0026985689844605423,-0.0020336120241846245,0.007057818450274134,0.00524279969371379,2.320382370856348
rv_10s__z,60 衝撃(z 得点),30s,141735,0.00574233808399585,0.006381745876365207,-0.008137743797019717,-0.0005609675314435759,NaN,NaN,2.1618791278385143
rv_10s__z,60 衝撃(z 得点),60s,141735,0.004342658579998981,0.004408134134133511,-0.007743615111601221,0.0003629559656915118,NaN,NaN,1.6349153503483769
rv_10s__dev,63 平均回帰,100ms,427284,0.0010795881123217307,0.002452256193802797,0.00030800109497357536,0.000681280116328329,NaN,NaN,0.7056927338320841
rv_10s__dev,63 平均回帰,500ms,427284,-0.0007802139286325016,-0.00037785708114034054,0.002329431202142113,-9.882098351766186e-6,NaN,NaN,-0.5100011205274687
rv_10s__dev,63 平均回帰,1s,427284,0.0011164181428198407,0.000010308342701025994,0.00009559612847501892,-0.00013824554464431622,0.0025405862408648208,-0.00009105038177980507,0.7297673938555735
rv_10s__dev,63 平均回帰,5s,427284,-0.00019808576655939593,0.00176039683870842,0.0005111108533075066,-0.002614062612602293,NaN,NaN,-0.1294823514834383
rv_10s__dev,63 平均回帰,10s,142362,0.0061098148250938915,0.006175271948418199,-0.001153066586089247,0.00006207944854722429,0.009041392447841088,0.0032064164592003654,2.3053142978356798
rv_10s__dev,63 平均回帰,30s,142362,0.005350740590033149,0.006388176006837493,-0.007489225427933781,0.003040535721125655,NaN,NaN,2.018896723296592
rv_10s__dev,63 平均回帰,60s,142362,0.003584519951910812,0.0036537594434253202,-0.007794954432118753,0.004089412406680344,NaN,NaN,1.3524704400593826
vol_imb_10s__d,61 加速と高次の動き,100ms,427284,0.005752648340222131,0.012812500853812279,0.014556930733732883,0.00040118710428786194,NaN,NaN,3.7603849983673645
vol_imb_10s__d,61 加速と高次の動き,500ms,427284,0.003974093151282734,0.014740378284613397,0.03706299085852124,-0.004298401387081143,NaN,NaN,2.5977584789701056
vol_imb_10s__d,61 加速と高次の動き,1s,427284,0.006244332258625403,0.015012530075574586,0.07462515435924366,0.0002493254790811948,0.00920091404787862,0.003399380368812974,4.081800454027752
vol_imb_10s__d,61 加速と高次の動き,5s,427284,0.006430819303807753,0.010583896264731803,0.07386519877415224,-0.0006856943714913011,NaN,NaN,4.203708433755408
vol_imb_10s__d,61 加速と高次の動き,10s,142362,0.006098932890532323,0.007762726939980848,0.060106958435425316,0.0000922366133974714,0.0073508982020831955,0.004873069090669837,2.30120824649825
vol_imb_10s__d,61 加速と高次の動き,30s,142362,-0.00012055651355743622,0.0015006560361925697,-0.00939117585748329,0.004189559326898126,NaN,NaN,-0.04548672536924209
vol_imb_10s__d,61 加速と高次の動き,60s,142362,0.005554550034266572,0.007122000771226914,-0.006923400675633044,-0.00035611878221627655,NaN,NaN,2.0957987286897746
vol_imb_10s__dd,61 加速と高次の動き,100ms,427284,0.0030250445577122945,0.006527945032141612,0.01100952593356111,0.0001821771625607317,NaN,NaN,1.9773842106996362
vol_imb_10s__dd,61 加速と高次の動き,500ms,427284,0.001959397574555584,0.004993763778947164,0.021497271373483246,-0.0035742306504083702,NaN,NaN,1.2807981708968659
vol_imb_10s__dd,61 加速と高次の動き,1s,427284,0.0011833267600159874,0.004975146099838031,0.04155846533163904,5.4174340381848565e-6,-0.0007192012809383183,0.003082730524748233,0.7735035100683878
vol_imb_10s__dd,61 加速と高次の動き,5s,427284,0.0011859821419609585,0.002297189803330145,-0.003074364838987438,-0.00034499036211872155,NaN,NaN,0.7752392522236117
vol_imb_10s__dd,61 加速と高次の動き,10s,142362,-0.0029508164711381005,-0.0020744426131197808,0.0016878279932129616,-0.0008469697832670463,-0.0006811708197521107,-0.005058475423645071,-1.1133663197985328
vol_imb_10s__dd,61 加速と高次の動き,30s,142362,-0.0008169710545740706,0.00030397283964803183,-0.002414327302367429,-0.00033943967736542956,NaN,NaN,-0.3082483810200486
vol_imb_10s__dd,61 加速と高次の動き,60s,142362,0.002450204094741754,0.0032073472476844027,-0.002041378996473402,-0.002785901683263727,NaN,NaN,0.9244800733635331
vol_imb_10s__z,60 衝撃(z 得点),100ms,422922,0.003000958218880288,0.0023679809883543255,0.009734162877974439,0.0021174854041823335,NaN,NaN,1.9516009296237051
vol_imb_10s__z,60 衝撃(z 得点),500ms,422922,0.007320108658588697,0.01091078440047982,0.021234574732888666,0.000012526470215735166,NaN,NaN,4.760562545493918
vol_imb_10s__z,60 衝撃(z 得点),1s,422922,0.0067443030358190935,0.010752642114286691,0.03935704290671997,0.0008201555790900003,0.010457492706385543,0.0032726595130389544,4.386075113530443
vol_imb_10s__z,60 衝撃(z 得点),5s,422922,0.013515806193404175,0.014732342194255819,0.13548991911753935,0.0004258042661418126,NaN,NaN,8.790442528709248
vol_imb_10s__z,60 衝撃(z 得点),10s,140908,0.012394593684693056,0.01069365293078273,0.21775101469545638,0.00007137831806114362,0.010910139286663963,0.013989852557146786,4.652971577642112
vol_imb_10s__z,60 衝撃(z 得点),30s,140908,0.01146878288695513,0.011819065547230162,0.1507111596632293,0.003905424832184342,NaN,NaN,4.305371567319142
vol_imb_10s__z,60 衝撃(z 得点),60s,140908,0.012776329898652856,0.013466769973640467,0.09880025580988515,0.0034665003371407124,NaN,NaN,4.7962996650299825
vol_imb_10s__dev,63 平均回帰,100ms,427284,0.0029020679370017977,0.002024644164383312,0.009859451316555216,0.00204891317049672,NaN,NaN,1.8969972561131399
vol_imb_10s__dev,63 平均回帰,500ms,427284,0.007133273742311811,0.010564651410210867,0.021476837560105825,-0.0002430176622034703,NaN,NaN,4.662912210368978
vol_imb_10s__dev,63 平均回帰,1s,427284,0.006526233511946184,0.010591300095096637,0.03996267417334072,0.0006377149906302866,0.010574879465677886,0.00275060550087653,4.266081585853731
vol_imb_10s__dev,63 平均回帰,5s,427284,0.013535533802079648,0.014839110194155852,0.13595930304835205,-0.00016783884384311885,NaN,NaN,8.848557430853996
vol_imb_10s__dev,63 平均回帰,10s,142362,0.01192968699719761,0.010443294424356292,0.2184712955597679,-0.0005524216148393342,0.010236195961880303,0.013671689715209039,4.501465695078633
vol_imb_10s__dev,63 平均回帰,30s,142362,0.011180110071468552,0.01176185998846426,0.150918214741422,0.003380337072570884,NaN,NaN,4.218588971686965
vol_imb_10s__dev,63 平均回帰,60s,142362,0.012734097679549796,0.013470856679986458,0.09862093895569143,0.003492538435024348,NaN,NaN,4.805044138628167
bbo_chg_10s__d,61 加速と高次の動き,100ms,427284,-0.0014557266629490226,0.0007426992941643881,-0.00004808068491977614,-0.000159267360969858,NaN,NaN,-0.95156310688733
bbo_chg_10s__d,61 加速と高次の動き,500ms,427284,0.0010322970776220554,-0.002965798430756997,-0.001494976375424482,-0.0017385258756653595,NaN,NaN,0.6747800407779849
bbo_chg_10s__d,61 加速と高次の動き,1s,427284,0.0005789126565554353,-0.0013655677072210743,-0.0019397420445375674,-0.0028602084366477726,0.004111745559645455,-0.0024593641458867405,0.3784168063488763
bbo_chg_10s__d,61 加速と高次の動き,5s,427284,0.00037510462297966836,-0.0009769502455029987,-0.0015001325269572389,-0.00017995482353853643,NaN,NaN,0.24519394777016273
bbo_chg_10s__d,61 加速と高次の動き,10s,142362,0.000014496272898578724,-0.0010662866133694965,-0.0004343693586817026,0.004764749741804401,0.001533802120221504,-0.0013013457207113489,0.005469534246099776
bbo_chg_10s__d,61 加速と高次の動き,30s,142362,0.0008452053830857177,0.0008908116433794008,0.00017416538918561632,-0.003039178115259806,NaN,NaN,0.31890138043495836
bbo_chg_10s__d,61 加速と高次の動き,60s,142362,-0.0002563047541264627,-0.0002959064742531899,-0.0009558811064885486,-0.0000179936894413434,NaN,NaN,-0.09670538667693375
bbo_chg_10s__dd,61 加速と高次の動き,100ms,427284,-0.00043003605038648384,-0.0007026730470273677,0.0019091994723941504,-0.0016401433775068489,NaN,NaN,-0.2811008789278262
bbo_chg_10s__dd,61 加速と高次の動き,500ms,427284,0.0006049750739139985,-0.0014701104907018632,-0.000720328958206711,-0.0024222561044796734,NaN,NaN,0.3954529864405322
bbo_chg_10s__dd,61 加速と高次の動き,1s,427284,0.0019430092864761972,0.0007493457853401971,-0.0005620504936422169,-0.0006513570301694053,0.005375638920707905,-0.0009790026978328586,1.2700856083996745
bbo_chg_10s__dd,61 加速と高次の動き,5s,427284,0.002273271864887933,0.000053758768115412295,0.00032129703207352587,0.003005426389238936,NaN,NaN,1.4859691664359944
bbo_chg_10s__dd,61 加速と高次の動き,10s,142362,0.0015059362364356166,0.000456280563137049,0.001451606964630775,0.002955422530778727,0.0023039504155042832,0.0007544544377972767,0.568199785852508
bbo_chg_10s__dd,61 加速と高次の動き,30s,142362,0.0012968811566874817,0.0014732199890538711,0.003395898979732812,0.0035904791785921378,NaN,NaN,0.4893217666124913
bbo_chg_10s__dd,61 加速と高次の動き,60s,142362,0.0005237482669195549,0.0004414905266028137,0.003926194895061215,0.004069463156500625,NaN,NaN,0.19761351727431942
bbo_chg_10s__z,60 衝撃(z 得点),100ms,425419,-0.0007467231520893674,0.0012423578389109111,-0.0018832922118341257,0.001473841507393253,NaN,NaN,-0.4870428344304624
bbo_chg_10s__z,60 衝撃(z 得点),500ms,425419,-0.0004935378732241412,0.000617793658669879,0.0008895079656470318,0.0003722146223723123,NaN,NaN,-0.321905174977692
bbo_chg_10s__z,60 衝撃(z 得点),1s,425419,0.0018373970888747816,0.0006710415626594449,0.0001295646980199053,-0.000708487207983375,0.0027890542178310414,0.0010881675198793662,1.1984258754189883
bbo_chg_10s__z,60 衝撃(z 得点),5s,425419,-0.0006757205359882995,0.002216913356394264,0.0002917435935248055,-0.0027705186740604524,NaN,NaN,-0.44073205389496195
bbo_chg_10s__z,60 衝撃(z 得点),10s,141735,0.006527569092301653,0.007337476140171759,-0.0014837469630034192,-0.002982332607210763,0.004039509516620156,0.00885221742507298,2.457515241025206
bbo_chg_10s__z,60 衝撃(z 得点),30s,141735,0.004884029561010746,0.005861967191315392,-0.005319931090453934,-0.0024974822773430132,NaN,NaN,1.83873419863083
bbo_chg_10s__z,60 衝撃(z 得点),60s,141735,0.0032095281164726823,0.003308510306015112,-0.009660466247590017,-0.0004953854950766752,NaN,NaN,1.208311506843793
bbo_chg_10s__dev,63 平均回帰,100ms,427284,-0.0012886455904268525,0.0010715946939100556,-0.002649922297712911,0.0009451360466962198,NaN,NaN,-0.8423472288993675
bbo_chg_10s__dev,63 平均回帰,500ms,427284,-0.00048618860189939906,0.0006167018554969666,0.00041510434528016076,0.0004594962161238513,NaN,NaN,-0.31780602280078324
bbo_chg_10s__dev,63 平均回帰,1s,427284,0.002174576666492491,0.00092401988998391,-0.00046638600010100645,-0.0004019190230391384,0.0036924985948330086,0.0009409054930731871,1.421454783791522
bbo_chg_10s__dev,63 平均回帰,5s,427284,-0.0009343539841280981,0.0017744259014925118,0.0003762976378131232,-0.0024560206696353404,NaN,NaN,-0.6107576708843345
bbo_chg_10s__dev,63 平均回帰,10s,142362,0.008206676111745043,0.008955551329599172,-0.0006632267214190255,-0.001657037555808877,0.006413591515936389,0.009791081073754968,3.0965343971195938
bbo_chg_10s__dev,63 平均回帰,30s,142362,0.005225609782672446,0.006439595220846982,-0.004274947733578468,-0.0007045192187356224,NaN,NaN,1.971682108055457
bbo_chg_10s__dev,63 平均回帰,60s,142362,0.004475473996764616,0.004593106165538733,-0.009026321065493894,0.0020600851134578535,NaN,NaN,1.6886411851067236
micro_bid__d,61 加速と高次の動き,100ms,427284,-0.06829989452083984,0.05888321530802801,0.1550858454611946,-0.001361778596343802,NaN,NaN,-44.74996157985155
micro_bid__d,61 加速と高次の動き,500ms,427284,-0.1234459702775439,0.06907589075652405,0.30142785945249234,-0.0020629124810115766,NaN,NaN,-81.31464601480737
micro_bid__d,61 加速と高次の動き,1s,427284,-0.10488621756495549,0.05952199484700351,0.49103881527053334,-0.0010744986767255748,-0.11692721290804836,-0.0943984103226358,-68.94103875361824
micro_bid__d,61 加速と高次の動き,5s,427284,-0.05473030509562226,0.03856311190751132,0.08616801899412624,0.0021737012165682313,NaN,NaN,-35.82915685977856
micro_bid__d,61 加速と高次の動き,10s,142362,-0.04011927712304345,0.020184286306538315,0.056386680384509225,0.0042481637801384245,-0.04816011186422951,-0.033012857416454044,-15.149450527007135
micro_bid__d,61 加速と高次の動き,30s,142362,-0.0209874239707989,0.014760879006212006,0.026372164570370737,-0.0014591530811476237,NaN,NaN,-7.920430616616211
micro_bid__d,61 加速と高次の動き,60s,142362,-0.016256934081498985,0.01000145924988794,0.018357433894534713,-0.00159119496345841,NaN,NaN,-6.134653410219555
micro_bid__dd,61 加速と高次の動き,100ms,427284,-0.03928799330598733,0.03256916308636479,0.09476940096274188,-0.001734972584854549,NaN,NaN,-25.701151509517565
micro_bid__dd,61 加速と高次の動き,500ms,427284,-0.06804407154361969,0.03398071574854992,0.1918000182627799,-0.0023100858104253197,NaN,NaN,-44.581565711712166
micro_bid__dd,61 加速と高次の動き,1s,427284,-0.05714673823250124,0.026762895914026832,0.3432077293606812,-0.002081868181334241,-0.06528059912630614,-0.04979808713951572,-37.416146305868004
micro_bid__dd,61 加速と高次の動き,5s,427284,-0.02745972919201214,0.014467753288752834,0.027233230466549935,0.001431411037502123,NaN,NaN,-17.956320462633133
micro_bid__dd,61 加速と高次の動き,10s,142362,-0.02123402843027166,0.0037403277930977397,0.01822460151607781,0.0033615950856146935,-0.029382475942188426,-0.01403864186081917,-8.013538254082006
micro_bid__dd,61 加速と高次の動き,30s,142362,-0.012044827742432424,0.0032665061070240625,0.006353074240878178,-0.0020494853365988354,NaN,NaN,-4.544918382519193
micro_bid__dd,61 加速と高次の動き,60s,142362,-0.01101320784626464,-0.00027467565842424806,0.003156305769278876,-0.0008105262967994537,NaN,NaN,-4.1556040869632715
micro_bid__z,60 衝撃(z 得点),100ms,426263,-0.07093154829703889,0.06527451451868342,0.1272563594074085,-0.000944310738610712,NaN,NaN,-46.42720366882087
micro_bid__z,60 衝撃(z 得点),500ms,426263,-0.14564448564306673,0.08015913243424984,0.21696805024523164,-0.0016325522463908673,NaN,NaN,-96.1142093849795
micro_bid__z,60 衝撃(z 得点),1s,426263,-0.14360158845328413,0.07749831216088152,0.21428502940334884,0.0010128785313287775,-0.15185178885904316,-0.13612117287961134,-94.737461180422
micro_bid__z,60 衝撃(z 得点),5s,426263,-0.10908106295012493,0.06358388115437685,0.17930917473497054,-0.002135806887708942,NaN,NaN,-71.64508807982699
micro_bid__z,60 衝撃(z 得点),10s,142018,-0.09120698712179331,0.04877593120069475,0.15261715668568177,-0.0011596551837937496,-0.10578089253403097,-0.07723329988532476,-34.515223429465934
micro_bid__z,60 衝撃(z 得点),30s,142018,-0.05796737001506151,0.038182082848876656,0.1053716339991347,-0.001876143754008917,NaN,NaN,-21.88180408024181
micro_bid__z,60 衝撃(z 得点),60s,142018,-0.04472971052094664,0.030116781435664947,0.0768285943328689,-0.0006266771095402343,NaN,NaN,-16.873284046846177
micro_bid__dev,63 平均回帰,100ms,427284,-0.0771376020180354,0.06366291172046014,0.1313670280518503,-0.0013657402995139243,NaN,NaN,-50.5730753233274
micro_bid__dev,63 平均回帰,500ms,427284,-0.15413345137160803,0.0763172002881179,0.22230755099797753,-0.001331023232527139,NaN,NaN,-101.97066759958251
micro_bid__dev,63 平均回帰,1s,427284,-0.1515972427118686,0.07252239025983268,0.2182911741674289,0.0012114934738429001,-0.15957610548250573,-0.14458120693143472,-100.25297228402252
micro_bid__dev,63 平均回帰,5s,427284,-0.1144502108003152,0.05946568834178987,0.18169886502655086,-0.0021665087502028353,NaN,NaN,-75.30729850514028
micro_bid__dev,63 平均回帰,10s,142362,-0.096357585530615,0.043731983205856965,0.15412683905076766,-0.002176470672826898,-0.10912211652354124,-0.08299658117215032,-36.526283224464294
micro_bid__dev,63 平均回帰,30s,142362,-0.06032571472437045,0.03572789368491301,0.10700967015245423,-0.0021896340407452117,NaN,NaN,-22.802798395649063
micro_bid__dev,63 平均回帰,60s,142362,-0.04713920012618677,0.02740162448493883,0.07781370018440441,0.0006135208501016364,NaN,NaN,-17.80570850670964
trd_imb_10s__d,61 加速と高次の動き,100ms,427284,0.005637933144023948,0.012646739229540405,0.014725433632742079,-0.00013264502040618827,NaN,NaN,3.6853956840456923
trd_imb_10s__d,61 加速と高次の動き,500ms,427284,0.0033848972897304254,0.013832395927974386,0.03868037553210971,-0.0031945425362116015,NaN,NaN,2.2126120945909897
trd_imb_10s__d,61 加速と高次の動き,1s,427284,0.00568511089695586,0.01526939197921872,0.07769099922524303,0.000442664699616033,0.007288080961260228,0.004136869845273442,3.716235759474113
trd_imb_10s__d,61 加速と高次の動き,5s,427284,0.005858839143539014,0.010313086512457948,0.07626714546396308,-0.000584189627712723,NaN,NaN,3.829802050024597
trd_imb_10s__d,61 加速と高次の動き,10s,142362,0.007444655436310902,0.00921074512176591,0.06155477930572941,0.00040424424999995206,0.00968965520339873,0.005233359269263294,2.8089928055062425
trd_imb_10s__d,61 加速と高次の動き,30s,142362,0.0013947177273703488,0.0030553732343039887,-0.009677197044434852,0.0022932942585728155,NaN,NaN,0.5262362157262952
trd_imb_10s__d,61 加速と高次の動き,60s,142362,0.005638780548436193,0.006998728230482172,-0.007572872323693357,-0.001307587933381233,NaN,NaN,2.1275809206954968
trd_imb_10s__dd,61 加速と高次の動き,100ms,427284,0.0018567272432874575,0.005933335590618108,0.010254746001231283,0.00019292336722931953,NaN,NaN,1.2136854827550587
trd_imb_10s__dd,61 加速と高次の動き,500ms,427284,0.0002902692920015011,0.0033304011543509324,0.02153489989785051,-0.0019917411323032395,NaN,NaN,0.18973978792422755
trd_imb_10s__dd,61 加速と高次の動き,1s,427284,0.00010318189735047965,0.0047707993924431345,0.04338360993952435,0.0007948555209093973,-0.002152038214905034,0.0023810749424810936,0.06744671634174401
trd_imb_10s__dd,61 加速と高次の動き,5s,427284,0.0016207520763268416,0.002757188671680026,-0.0024408839518263426,-0.00008285357623644577,NaN,NaN,1.059435340435262
trd_imb_10s__dd,61 加速と高次の動き,10s,142362,0.00006644641307325811,0.0004783430833094061,0.0005310927459623808,0.000025946645809689863,0.0029527596487946093,-0.0026424808246543877,0.025070646444191876
trd_imb_10s__dd,61 加速と高次の動き,30s,142362,0.0017115780762534598,0.0027737037844883868,-0.0031825398078162946,-0.0013308610464613302,NaN,NaN,0.6457900371903305
trd_imb_10s__dd,61 加速と高次の動き,60s,142362,0.003761952693408926,0.004499967818708923,-0.0030549134981741823,-0.004101699199742173,NaN,NaN,1.4194182761185021
trd_imb_10s__z,60 衝撃(z 得点),100ms,422921,0.0035714699750873107,0.0026587144256194164,0.011383288680369082,0.001566677227323441,NaN,NaN,2.3226211238252983
trd_imb_10s__z,60 衝撃(z 得点),500ms,422921,0.007092919410244306,0.011658373399480374,0.022515034126994092,-0.00016066397228853762,NaN,NaN,4.612799187918518
trd_imb_10s__z,60 衝撃(z 得点),1s,422921,0.006234102190071109,0.011172420286748084,0.041336098620458735,0.0003037878676556214,0.010045012735095022,0.0026454343410689017,4.05425400781047
trd_imb_10s__z,60 衝撃(z 得点),5s,422921,0.011987415215549795,0.013581414336933741,0.14381515699137856,0.0001604094072295216,NaN,NaN,7.7962427416605244
trd_imb_10s__z,60 衝撃(z 得点),10s,140908,0.009770616810910862,0.00858564414779971,0.231302511098701,-0.000589023390588655,0.00645241619761536,0.01329229088629793,3.6678152796979515
trd_imb_10s__z,60 衝撃(z 得点),30s,140908,0.009608181673663558,0.010514962819645582,0.15794630518787428,0.0034929740174334542,NaN,NaN,3.6068326865947564
trd_imb_10s__z,60 衝撃(z 得点),60s,140908,0.0107612259458267,0.012052878092119213,0.10007463935397498,0.002654762835899255,NaN,NaN,4.039723505014886
trd_imb_10s__dev,63 平均回帰,100ms,427284,0.0035027302441054593,0.0025696924744582047,0.01151042982492219,0.0014818101129569078,NaN,NaN,2.2896371097382
trd_imb_10s__dev,63 平均回帰,500ms,427284,0.00712922121954173,0.011482496693136938,0.022680973905255586,-0.00031497902501288484,NaN,NaN,4.6602630033786845
trd_imb_10s__dev,63 平均回帰,1s,427284,0.006309905563989998,0.011305128835844898,0.041613033050788784,0.0003205279885869912,0.010191239435598257,0.002656744533105865,4.12466616621518
trd_imb_10s__dev,63 平均回帰,5s,427284,0.01217849643463081,0.013840068603332244,0.14381950931824763,-0.0002498243561407086,NaN,NaN,7.961285179394401
trd_imb_10s__dev,63 平均回帰,10s,142362,0.009666160891063256,0.008735776933882305,0.23122112589064603,-0.00120365346724057,0.006138580978279184,0.013452625586635295,3.6472732320034775
trd_imb_10s__dev,63 平均回帰,30s,142362,0.009610026695886712,0.01076353094882536,0.1578705951252189,0.0029506659863250363,NaN,NaN,3.6260904982658544
trd_imb_10s__dev,63 平均回帰,60s,142362,0.01083491899053779,0.012158442166809608,0.09997536336804821,0.0025007910854116804,NaN,NaN,4.088322545389454
obi1__x__spread_bp,70 交互作用,100ms,427284,-0.09126653511112642,0.07359084994455074,0.1504940593311051,-0.00004757779439517344,NaN,NaN,-59.90804985174136
obi1__x__spread_bp,70 交互作用,500ms,427284,-0.18164294690227148,0.08843572718704364,0.2519940897630403,-0.0005210696805930912,NaN,NaN,-120.74281299757092
obi1__x__spread_bp,70 交互作用,1s,427284,-0.1814763757887127,0.08497919288791962,0.25077093142775464,0.00040166459794506654,-0.19352844574913652,-0.17089912118005846,-120.62831629836401
obi1__x__spread_bp,70 交互作用,5s,427284,-0.1377052721623815,0.06926065318703677,0.21019710821842316,-0.0027983360091547445,NaN,NaN,-90.87932989837155
obi1__x__spread_bp,70 交互作用,10s,142362,-0.11488401137078542,0.05395570189468697,0.17896120156950673,-0.006504016098114478,-0.12857019421230476,-0.10157869634106771,-43.63536814550058
obi1__x__spread_bp,70 交互作用,30s,142362,-0.07128826581666425,0.04651627477194527,0.13014718490847904,-0.005091795849970689,NaN,NaN,-26.96611605645521
obi1__x__spread_bp,70 交互作用,60s,142362,-0.05438269750826297,0.038052475748676054,0.10190472175284031,-0.0036962608465299276,NaN,NaN,-20.549340818595372
ofi_10s__x__rv_10s,70 交互作用,100ms,427284,0.0028878307229792885,0.02164281359075935,0.054654080176461436,-0.0012066254226829173,NaN,NaN,1.887690726316654
ofi_10s__x__rv_10s,70 交互作用,500ms,427284,-0.014717669385842217,0.029388152246502746,0.10522374891267777,-0.0008500712172236518,NaN,NaN,-9.621513266645657
ofi_10s__x__rv_10s,70 交互作用,1s,427284,-0.009114791568236207,0.030801382487601323,0.15707917527358536,0.0002820297452922643,-0.001054295095613592,-0.015662627163190442,-5.958296102229968
ofi_10s__x__rv_10s,70 交互作用,5s,427284,0.0019100123225334394,0.02739811299300906,0.41551571628085215,0.0015551197013695477,NaN,NaN,1.2485164252117325
ofi_10s__x__rv_10s,70 交互作用,10s,142362,0.006055125291488491,0.02296672245069707,0.6498740890551636,0.0034742759931647446,0.00864281530544682,0.004179263442474055,2.2846784502760378
ofi_10s__x__rv_10s,70 交互作用,30s,142362,0.008022775142423114,0.01864072710148401,0.3480253700274487,0.004668125442891923,NaN,NaN,3.0271405591168983
ofi_10s__x__rv_10s,70 交互作用,60s,142362,0.01256591643731677,0.021335430046649236,0.2376547099162411,0.002849272643637203,NaN,NaN,4.741573071372181
delta_bp__x__spread_bp,70 交互作用,100ms,427284,-0.09502393653187884,0.06967884542089084,0.1461860852880805,0.00002926633592773029,NaN,NaN,-62.3964618872298
delta_bp__x__spread_bp,70 交互作用,500ms,427284,-0.18514763722881108,0.08249309894112906,0.24538903088221448,-0.0004064745048067655,NaN,NaN,-123.15435696240647
delta_bp__x__spread_bp,70 交互作用,1s,427284,-0.1855190831198085,0.07910786811746054,0.2449478663364648,0.00043581379562246706,-0.1973746103204269,-0.17519483298699837,-123.41022863412194
delta_bp__x__spread_bp,70 交互作用,5s,427284,-0.14152228721956037,0.06438868565035256,0.20622627106538885,-0.002458716229368404,NaN,NaN,-93.44916556088762
delta_bp__x__spread_bp,70 交互作用,10s,142362,-0.11787018527285009,0.05037309425710206,0.17656623521044618,-0.006547636403924489,-0.13190854531897672,-0.1041876545036624,-44.78535476347355
delta_bp__x__spread_bp,70 交互作用,30s,142362,-0.0728656602818864,0.044257274443768084,0.12871393046422286,-0.005762347264922645,NaN,NaN,-27.565945196932415
delta_bp__x__spread_bp,70 交互作用,60s,142362,-0.056028593688052776,0.03573843184175464,0.10087110975854993,-0.003897948526223841,NaN,NaN,-21.173197719135892
obi1__x__rv_10s,70 交互作用,100ms,427284,-0.0828066194959451,0.08722843572653009,0.1736167976888478,-0.00024873674129339705,NaN,NaN,-54.314582717845376
obi1__x__rv_10s,70 交互作用,500ms,427284,-0.17111693880745713,0.10420639478992655,0.2848576152852503,-0.000043015322955755984,NaN,NaN,-113.52814392872446
obi1__x__rv_10s,70 交互作用,1s,427284,-0.1610336249133557,0.09531113434896724,0.2717244170867818,0.0012929690311795394,-0.1705491727191231,-0.15265343732219622,-106.65450187060594
obi1__x__rv_10s,70 交互作用,5s,427284,-0.10802983950372329,0.06688158129387275,0.19970453064906618,-0.0021858171491522613,NaN,NaN,-71.03136142785564
obi1__x__rv_10s,70 交互作用,10s,142362,-0.08536509019866693,0.04451094163607225,0.15784224477946143,-0.006476570918004929,-0.0924583202124286,-0.0788929519409899,-32.326782562677536
obi1__x__rv_10s,70 交互作用,30s,142362,-0.04936024391825316,0.03571851356900551,0.10317517008593297,-0.006074620637434413,NaN,NaN,-18.646657646044826
obi1__x__rv_10s,70 交互作用,60s,142362,-0.03310359186060053,0.03155524687877996,0.07585124140171771,-0.005224398377090902,NaN,NaN,-12.49704113500629
vol_imb_10s__x__rv_10s,70 交互作用,100ms,427284,0.002844944785845895,0.004136242965954826,0.009370856136224166,0.001072065580335167,NaN,NaN,1.8596572112822063
vol_imb_10s__x__rv_10s,70 交互作用,500ms,427284,0.006999608889093271,0.011005148418914047,0.021689503017590563,-0.0012519890166274338,NaN,NaN,4.575533213225417
vol_imb_10s__x__rv_10s,70 交互作用,1s,427284,0.004779237978160655,0.009709595174429923,0.04164760896126889,-0.00007251386433101568,0.011109473338755326,-0.0009924041130365039,3.124071142461558
vol_imb_10s__x__rv_10s,70 交互作用,5s,427284,0.012219232933831384,0.014024375171587871,0.13970170247592711,0.000640269480299219,NaN,NaN,7.987919274902054
vol_imb_10s__x__rv_10s,70 交互作用,10s,142362,0.011862023691421362,0.011541914227845338,0.22894098206242836,-0.0008585268715816964,0.009592045270745392,0.014053170943518916,4.475930487371144
vol_imb_10s__x__rv_10s,70 交互作用,30s,142362,0.011921372307202882,0.012674281853945046,0.17580997620843505,0.003189060883624621,NaN,NaN,4.49832784127973
vol_imb_10s__x__rv_10s,70 交互作用,60s,142362,0.013144189246188044,0.014332934221804178,0.13632008798729567,0.004397861975867498,NaN,NaN,4.95981311547039
